0.000000
0.000000
0.000000
0.000000
0.000000
0.000000
0.000000
0.000000
0.000000
0.000000
0.000000
0.000000
0.000000
0.000000
0.000000
0.000000
0.000001
0.000001
0.000001
0.000001
0.000001
0.000001
0.000001
0.000002
0.000002
0.000002
0.000002
0.000003
0.000003
0.000003
0.000004
0.000004
0.000005
0.000005
0.000005
0.000006
0.000006
0.000007
0.000008
0.000008
0.000009
0.000009
0.000010
0.000011
0.000012
0.000013
0.000013
0.000014
0.000015
0.000016
0.000017
0.000018
0.000019
0.000021
0.000022
0.000023
0.000024
0.000026
0.000027
0.000028
0.000030
0.000031
0.000033
0.000034
0.000036
0.000038
0.000040
0.000041
0.000043
0.000045
0.000047
0.000049
0.000051
0.000054
0.000056
0.000058
0.000060
0.000063
0.000065
0.000068
0.000071
0.000073
0.000076
0.000079
0.000082
0.000085
0.000088
0.000091
0.000094
0.000097
0.000100
0.000104
0.000107
0.000111
0.000114
0.000118
0.000122
0.000126
0.000130
0.000134
0.000138
0.000142
0.000146
0.000151
0.000155
0.000160
0.000164
0.000169
0.000174
0.000178
0.000183
0.000188
0.000194
0.000199
0.000204
0.000210
0.000215
0.000221
0.000226
0.000232
0.000238
0.000244
0.000250
0.000256
0.000263
0.000269
0.000276
0.000282
0.000289
0.000296
0.000303
0.000310
0.000317
0.000324
0.000332
0.000339
0.000347
0.000354
0.000362
0.000370
0.000378
0.000386
0.000395
0.000403
0.000411
0.000420
0.000429
0.000438
0.000447
0.000456
0.000465
0.000474
0.000484
0.000494
0.000503
0.000513
0.000523
0.000533
0.000544
0.000554
0.000564
0.000575
0.000586
0.000597
0.000608
0.000619
0.000630
0.000642
0.000653
0.000665
0.000677
0.000689
0.000701
0.000713
0.000726
0.000739
0.000751
0.000764
0.000777
0.000790
0.000804
0.000817
0.000831
0.000844
0.000858
0.000872
0.000887
0.000901
0.000916
0.000930
0.000945
0.000960
0.000975
0.000991
0.001006
0.001022
0.001038
0.001053
0.001070
0.001086
0.001102
0.001119
0.001136
0.001153
0.001170
0.001187
0.001205
0.001222
0.001240
0.001258
0.001276
0.001294
0.001313
0.001332
0.001350
0.001369
0.001389
0.001408
0.001428
0.001447
0.001467
0.001487
0.001508
0.001528
0.001549
0.001570
0.001591
0.001612
0.001633
0.001655
0.001676
0.001698
0.001721
0.001743
0.001765
0.001788
0.001811
0.001834
0.001858
0.001881
0.001905
0.001929
0.001953
0.001977
0.002002
0.002026
0.002051
0.002076
0.002102
0.002127
0.002153
0.002179
0.002205
0.002231
0.002258
0.002285
0.002312
0.002339
0.002366
0.002394
0.002422
0.002450
0.002478
0.002507
0.002535
0.002564
0.002593
0.002623
0.002652
0.002682
0.002712
0.002742
0.002773
0.002803
0.002834
0.002865
0.002897
0.002928
0.002960
0.002992
0.003025
0.003057
0.003090
0.003123
0.003156
0.003190
0.003223
0.003257
0.003291
0.003326
0.003360
0.003395
0.003430
0.003466
0.003501
0.003537
0.003573
0.003610
0.003646
0.003683
0.003720
0.003757
0.003795
0.003833
0.003871
0.003909
0.003948
0.003986
0.004026
0.004065
0.004104
0.004144
0.004184
0.004225
0.004265
0.004306
0.004347
0.004389
0.004430
0.004472
0.004515
0.004557
0.004600
0.004643
0.004686
0.004729
0.004773
0.004817
0.004862
0.004906
0.004951
0.004996
0.005042
0.005087
0.005133
0.005180
0.005226
0.005273
0.005320
0.005367
0.005415
0.005463
0.005511
0.005559
0.005608
0.005657
0.005707
0.005756
0.005806
0.005856
0.005907
0.005958
0.006009
0.006060
0.006112
0.006164
0.006216
0.006268
0.006321
0.006374
0.006428
0.006481
0.006535
0.006590
0.006644
0.006699
0.006754
0.006810
0.006866
0.006922
0.006978
0.007035
0.007092
0.007149
0.007207
0.007265
0.007323
0.007382
0.007441
0.007500
0.007559
0.007619
0.007679
0.007740
0.007800
0.007861
0.007923
0.007985
0.008047
0.008109
0.008172
0.008235
0.008298
0.008362
0.008426
0.008490
0.008555
0.008620
0.008685
0.008750
0.008816
0.008883
0.008949
0.009016
0.009083
0.009151
0.009219
0.009287
0.009356
0.009425
0.009494
0.009564
0.009634
0.009704
0.009775
0.009846
0.009917
0.009989
0.010061
0.010133
0.010206
0.010279
0.010352
0.010426
0.010500
0.010574
0.010649
0.010724
0.010800
0.010876
0.010952
0.011028
0.011105
0.011183
0.011260
0.011338
0.011417
0.011495
0.011574
0.011654
0.011734
0.011814
0.011894
0.011975
0.012056
0.012138
0.012220
0.012302
0.012385
0.012468
0.012552
0.012635
0.012720
0.012804
0.012889
0.012975
0.013060
0.013146
0.013233
0.013320
0.013407
0.013494
0.013582
0.013671
0.013759
0.013849
0.013938
0.014028
0.014118
0.014209
0.014300
0.014391
0.014483
0.014575
0.014668
0.014761
0.014854
0.014948
0.015042
0.015137
0.015232
0.015327
0.015423
0.015519
0.015616
0.015713
0.015810
0.015908
0.016006
0.016104
0.016203
0.016303
0.016403
0.016503
0.016603
0.016704
0.016806
0.016908
0.017010
0.017112
0.017215
0.017319
0.017423
0.017527
0.017632
0.017737
0.017842
0.017948
0.018055
0.018161
0.018269
0.018376
0.018484
0.018593
0.018702
0.018811
0.018921
0.019031
0.019141
0.019252
0.019364
0.019476
0.019588
0.019701
0.019814
0.019928
0.020042
0.020156
0.020271
0.020386
0.020502
0.020618
0.020735
0.020852
0.020969
0.021087
0.021206
0.021325
0.021444
0.021564
0.021684
0.021804
0.021926
0.022047
0.022169
0.022291
0.022414
0.022538
0.022661
0.022786
0.022910
0.023035
0.023161
0.023287
0.023413
0.023540
0.023668
0.023796
0.023924
0.024053
0.024182
0.024312
0.024442
0.024572
0.024703
0.024835
0.024967
0.025099
0.025232
0.025366
0.025500
0.025634
0.025769
0.025904
0.026040
0.026176
0.026313
0.026450
0.026588
0.026726
0.026864
0.027004
0.027143
0.027283
0.027424
0.027565
0.027706
0.027848
0.027991
0.028134
0.028277
0.028421
0.028565
0.028710
0.028856
0.029001
0.029148
0.029295
0.029442
0.029590
0.029738
0.029887
0.030036
0.030186
0.030336
0.030487
0.030638
0.030790
0.030943
0.031095
0.031249
0.031402
0.031557
0.031712
0.031867
0.032023
0.032179
0.032336
0.032493
0.032651
0.032809
0.032968
0.033128
0.033288
0.033448
0.033609
0.033770
0.033932
0.034095
0.034258
0.034421
0.034585
0.034750
0.034915
0.035080
0.035246
0.035413
0.035580
0.035748
0.035916
0.036085
0.036254
0.036424
0.036594
0.036765
0.036936
0.037108
0.037280
0.037453
0.037627
0.037801
0.037975
0.038150
0.038326
0.038502
0.038679
0.038856
0.039034
0.039212
0.039391
0.039570
0.039750
0.039931
0.040112
0.040293
0.040475
0.040658
0.040841
0.041025
0.041209
0.041394
0.041580
0.041766
0.041952
0.042139
0.042327
0.042515
0.042704
0.042893
0.043083
0.043273
0.043464
0.043656
0.043848
0.044040
0.044233
0.044427
0.044621
0.044816
0.045012
0.045208
0.045404
0.045601
0.045799
0.045997
0.046196
0.046396
0.046596
0.046796
0.046997
0.047199
0.047401
0.047604
0.047808
0.048012
0.048216
0.048421
0.048627
0.048833
0.049040
0.049248
0.049456
0.049664
0.049874
0.050083
0.050294
0.050505
0.050716
0.050929
0.051141
0.051355
0.051569
0.051783
0.051998
0.052214
0.052430
0.052647
0.052865
0.053083
0.053301
0.053521
0.053740
0.053961
0.054182
0.054404
0.054626
0.054849
0.055072
0.055296
0.055521
0.055746
0.055972
0.056199
0.056426
0.056653
0.056882
0.057111
0.057340
0.057570
0.057801
0.058032
0.058264
0.058497
0.058730
0.058964
0.059199
0.059434
0.059669
0.059906
0.060143
0.060380
0.060618
0.060857
0.061096
0.061336
0.061577
0.061818
0.062060
0.062303
0.062546
0.062790
0.063034
0.063279
0.063525
0.063771
0.064018
0.064266
0.064514
0.064763
0.065012
0.065262
0.065513
0.065764
0.066016
0.066269
0.066522
0.066776
0.067031
0.067286
0.067542
0.067799
0.068056
0.068314
0.068572
0.068831
0.069091
0.069351
0.069612
0.069874
0.070136
0.070399
0.070663
0.070927
0.071192
0.071458
0.071724
0.071991
0.072258
0.072527
0.072796
0.073065
0.073335
0.073606
0.073878
0.074150
0.074423
0.074696
0.074970
0.075245
0.075521
0.075797
0.076074
0.076351
0.076629
0.076908
0.077188
0.077468
0.077749
0.078030
0.078313
0.078595
0.078879
0.079163
0.079448
0.079734
0.080020
0.080307
0.080594
0.080883
0.081172
0.081461
0.081752
0.082043
0.082334
0.082627
0.082920
0.083214
0.083508
0.083803
0.084099
0.084395
0.084693
0.084990
0.085289
0.085588
0.085888
0.086189
0.086490
0.086792
0.087095
0.087398
0.087703
0.088007
0.088313
0.088619
0.088926
0.089234
0.089542
0.089851
0.090161
0.090471
0.090782
0.091094
0.091407
0.091720
0.092034
0.092348
0.092664
0.092980
0.093297
0.093614
0.093932
0.094251
0.094571
0.094891
0.095212
0.095534
0.095856
0.096180
0.096504
0.096828
0.097153
0.097480
0.097806
0.098134
0.098462
0.098791
0.099121
0.099451
0.099782
0.100114
0.100447
0.100780
0.101114
0.101449
0.101784
0.102120
0.102457
0.102795
0.103133
0.103472
0.103812
0.104153
0.104494
0.104836
0.105179
0.105522
0.105867
0.106212
0.106557
0.106904
0.107251
0.107599
0.107948
0.108297
0.108647
0.108998
0.109350
0.109702
0.110055
0.110409
0.110764
0.111119
0.111475
0.111832
0.112190
0.112548
0.112907
0.113267
0.113628
0.113989
0.114351
0.114714
0.115078
0.115442
0.115807
0.116173
0.116540
0.116907
0.117275
0.117644
0.118014
0.118385
0.118756
0.119128
0.119500
0.119874
0.120248
0.120623
0.120999
0.121375
0.121753
0.122131
0.122510
0.122889
0.123270
0.123651
0.124033
0.124415
0.124799
0.125183
0.125568
0.125954
0.126340
0.126728
0.127116
0.127504
0.127894
0.128284
0.128676
0.129068
0.129460
0.129854
0.130248
0.130643
0.131039
0.131436
0.131833
0.132231
0.132630
0.133030
0.133431
0.133832
0.134234
0.134637
0.135041
0.135445
0.135850
0.136256
0.136663
0.137071
0.137479
0.137888
0.138298
0.138709
0.139121
0.139533
0.139946
0.140360
0.140775
0.141191
0.141607
0.142024
0.142442
0.142861
0.143280
0.143701
0.144122
0.144544
0.144966
0.145390
0.145814
0.146239
0.146665
0.147092
0.147520
0.147948
0.148377
0.148807
0.149238
0.149669
0.150102
0.150535
0.150969
0.151404
0.151839
0.152276
0.152713
0.153151
0.153590
0.154030
0.154470
0.154911
0.155354
0.155796
0.156240
0.156685
0.157130
0.157576
0.158023
0.158471
0.158920
0.159369
0.159819
0.160271
0.160722
0.161175
0.161629
0.162083
0.162538
0.162994
0.163451
0.163909
0.164367
0.164827
0.165287
0.165748
0.166209
0.166672
0.167135
0.167600
0.168065
0.168531
0.168998
0.169465
0.169933
0.170403
0.170873
0.171344
0.171815
0.172288
0.172761
0.173236
0.173711
0.174187
0.174663
0.175141
0.175619
0.176098
0.176579
0.177059
0.177541
0.178024
0.178507
0.178991
0.179477
0.179962
0.180449
0.180937
0.181425
0.181915
0.182405
0.182896
0.183388
0.183880
0.184374
0.184868
0.185363
0.185859
0.186356
0.186854
0.187352
0.187852
0.188352
0.188853
0.189355
0.189858
0.190362
0.190866
0.191372
0.191878
0.192385
0.192893
0.193401
0.193911
0.194422
0.194933
0.195445
0.195958
0.196472
0.196987
0.197502
0.198019
0.198536
0.199054
0.199573
0.200093
0.200613
0.201135
0.201657
0.202181
0.202705
0.203230
0.203756
0.204282
0.204810
0.205338
0.205867
0.206398
0.206929
0.207460
0.207993
0.208527
0.209061
0.209596
0.210132
0.210669
0.211207
0.211746
0.212286
0.212826
0.213367
0.213910
0.214453
0.214997
0.215541
0.216087
0.216633
0.217181
0.217729
0.218278
0.218828
0.219379
0.219931
0.220483
0.221037
0.221591
0.222146
0.222702
0.223259
0.223817
0.224375
0.224935
0.225495
0.226056
0.226618
0.227181
0.227745
0.228310
0.228875
0.229442
0.230009
0.230577
0.231146
0.231716
0.232287
0.232859
0.233431
0.234005
0.234579
0.235154
0.235730
0.236307
0.236885
0.237464
0.238043
0.238623
0.239205
0.239787
0.240370
0.240954
0.241538
0.242124
0.242711
0.243298
0.243886
0.244475
0.245065
0.245656
0.246248
0.246841
0.247434
0.248028
0.248624
0.249220
0.249817
0.250415
0.251013
0.251613
0.252213
0.252815
0.253417
0.254020
0.254624
0.255229
0.255835
0.256441
0.257049
0.257657
0.258266
0.258877
0.259488
0.260099
0.260712
0.261326
0.261940
0.262556
0.263172
0.263789
0.264407
0.265026
0.265646
0.266266
0.266888
0.267510
0.268133
0.268758
0.269383
0.270009
0.270635
0.271263
0.271891
0.272521
0.273151
0.273782
0.274414
0.275047
0.275681
0.276316
0.276951
0.277587
0.278225
0.278863
0.279502
0.280142
0.280782
0.281424
0.282067
0.282710
0.283354
0.283999
0.284645
0.285292
0.285940
0.286589
0.287238
0.287889
0.288540
0.289192
0.289845
0.290499
0.291154
0.291809
0.292466
0.293123
0.293781
0.294440
0.295100
0.295761
0.296423
0.297085
0.297749
0.298413
0.299078
0.299744
0.300411
0.301079
0.301748
0.302417
0.303088
0.303759
0.304431
0.305104
0.305778
0.306453
0.307129
0.307805
0.308482
0.309161
0.309840
0.310520
0.311200
0.311882
0.312565
0.313248
0.313932
0.314617
0.315303
0.315990
0.316678
0.317367
0.318056
0.318746
0.319438
0.320130
0.320822
0.321516
0.322211
0.322906
0.323603
0.324300
0.324998
0.325697
0.326396
0.327097
0.327799
0.328501
0.329204
0.329908
0.330613
0.331319
0.332025
0.332733
0.333441
0.334150
0.334860
0.335571
0.336283
0.336995
0.337709
0.338423
0.339138
0.339854
0.340571
0.341289
0.342007
0.342726
0.343447
0.344168
0.344890
0.345612
0.346336
0.347060
0.347786
0.348512
0.349239
0.349966
0.350695
0.351424
0.352155
0.352886
0.353618
0.354351
0.355084
0.355819
0.356554
0.357290
0.358027
0.358765
0.359504
0.360243
0.360983
0.361724
0.362466
0.363209
0.363953
0.364697
0.365443
0.366189
0.366936
0.367683
0.368432
0.369181
0.369931
0.370682
0.371434
0.372187
0.372940
0.373695
0.374450
0.375206
0.375963
0.376720
0.377479
0.378238
0.378998
0.379759
0.380520
0.381283
0.382046
0.382810
0.383575
0.384340
0.385107
0.385874
0.386642
0.387411
0.388181
0.388951
0.389723
0.390495
0.391268
0.392041
0.392816
0.393591
0.394367
0.395144
0.395921
0.396700
0.397479
0.398259
0.399040
0.399822
0.400604
0.401387
0.402171
0.402956
0.403741
0.404527
0.405314
0.406102
0.406891
0.407680
0.408470
0.409261
0.410053
0.410846
0.411639
0.412433
0.413228
0.414023
0.414820
0.415617
0.416414
0.417213
0.418012
0.418813
0.419613
0.420415
0.421217
0.422021
0.422824
0.423629
0.424435
0.425241
0.426048
0.426855
0.427664
0.428473
0.429283
0.430093
0.430905
0.431717
0.432530
0.433343
0.434157
0.434972
0.435788
0.436605
0.437422
0.438240
0.439059
0.439878
0.440698
0.441519
0.442341
0.443163
0.443986
0.444810
0.445634
0.446459
0.447285
0.448112
0.448939
0.449767
0.450596
0.451425
0.452255
0.453086
0.453917
0.454750
0.455583
0.456416
0.457250
0.458085
0.458921
0.459757
0.460595
0.461432
0.462271
0.463110
0.463950
0.464790
0.465631
0.466473
0.467315
0.468159
0.469002
0.469847
0.470692
0.471538
0.472384
0.473231
0.474079
0.474928
0.475777
0.476627
0.477477
0.478328
0.479180
0.480032
0.480885
0.481739
0.482593
0.483448
0.484303
0.485160
0.486016
0.486874
0.487732
0.488591
0.489450
0.490310
0.491171
0.492032
0.492894
0.493756
0.494619
0.495483
0.496347
0.497212
0.498077
0.498943
0.499810
0.500677
0.501545
0.502414
0.503283
0.504153
0.505023
0.505894
0.506765
0.507637
0.508510
0.509383
0.510256
0.511131
0.512006
0.512881
0.513757
0.514634
0.515511
0.516388
0.517267
0.518145
0.519025
0.519905
0.520785
0.521666
0.522548
0.523430
0.524312
0.525196
0.526079
0.526963
0.527848
0.528733
0.529619
0.530506
0.531392
0.532280
0.533168
0.534056
0.534945
0.535834
0.536724
0.537615
0.538506
0.539397
0.540289
0.541181
0.542074
0.542967
0.543861
0.544756
0.545650
0.546546
0.547441
0.548338
0.549234
0.550131
0.551029
0.551927
0.552826
0.553725
0.554624
0.555524
0.556424
0.557325
0.558226
0.559128
0.560030
0.560932
0.561835
0.562739
0.563642
0.564547
0.565451
0.566356
0.567262
0.568168
0.569074
0.569981
0.570888
0.571795
0.572703
0.573611
0.574520
0.575429
0.576338
0.577248
0.578158
0.579069
0.579980
0.580891
0.581802
0.582714
0.583627
0.584539
0.585452
0.586366
0.587280
0.588194
0.589108
0.590023
0.590938
0.591853
0.592769
0.593685
0.594601
0.595518
0.596435
0.597352
0.598270
0.599188
0.600106
0.601025
0.601943
0.602862
0.603782
0.604701
0.605621
0.606541
0.607462
0.608383
0.609304
0.610225
0.611146
0.612068
0.612990
0.613912
0.614835
0.615758
0.616681
0.617604
0.618527
0.619451
0.620375
0.621299
0.622223
0.623148
0.624072
0.624997
0.625922
0.626848
0.627773
0.628699
0.629625
0.630551
0.631477
0.632403
0.633330
0.634257
0.635183
0.636111
0.637038
0.637965
0.638893
0.639820
0.640748
0.641676
0.642604
0.643532
0.644460
0.645389
0.646317
0.647246
0.648174
0.649103
0.650032
0.650961
0.651890
0.652819
0.653748
0.654678
0.655607
0.656537
0.657466
0.658396
0.659325
0.660255
0.661185
0.662114
0.663044
0.663974
0.664904
0.665834
0.666764
0.667694
0.668624
0.669553
0.670483
0.671413
0.672343
0.673273
0.674203
0.675133
0.676063
0.676992
0.677922
0.678852
0.679782
0.680711
0.681641
0.682570
0.683500
0.684429
0.685359
0.686288
0.687217
0.688146
0.689075
0.690004
0.690933
0.691862
0.692790
0.693719
0.694647
0.695575
0.696503
0.697431
0.698359
0.699287
0.700214
0.701142
0.702069
0.702996
0.703923
0.704850
0.705776
0.706703
0.707629
0.708555
0.709480
0.710406
0.711331
0.712257
0.713181
0.714106
0.715031
0.715955
0.716879
0.717803
0.718726
0.719649
0.720572
0.721495
0.722418
0.723340
0.724262
0.725183
0.726105
0.727026
0.727946
0.728867
0.729787
0.730707
0.731626
0.732545
0.733464
0.734382
0.735300
0.736218
0.737136
0.738053
0.738969
0.739885
0.740801
0.741717
0.742632
0.743547
0.744461
0.745375
0.746288
0.747201
0.748114
0.749026
0.749938
0.750849
0.751760
0.752671
0.753581
0.754490
0.755399
0.756308
0.757216
0.758123
0.759030
0.759937
0.760843
0.761748
0.762653
0.763558
0.764462
0.765365
0.766268
0.767171
0.768072
0.768974
0.769874
0.770774
0.771674
0.772573
0.773471
0.774369
0.775266
0.776162
0.777058
0.777953
0.778848
0.779742
0.780635
0.781528
0.782420
0.783311
0.784202
0.785092
0.785981
0.786870
0.787757
0.788645
0.789531
0.790417
0.791302
0.792186
0.793070
0.793953
0.794835
0.795716
0.796597
0.797477
0.798356
0.799234
0.800111
0.800988
0.801864
0.802739
0.803613
0.804487
0.805359
0.806231
0.807102
0.807972
0.808841
0.809710
0.810577
0.811444
0.812309
0.813174
0.814038
0.814901
0.815763
0.816624
0.817485
0.818344
0.819202
0.820060
0.820916
0.821772
0.822626
0.823480
0.824332
0.825184
0.826034
0.826884
0.827733
0.828580
0.829427
0.830272
0.831116
0.831960
0.832802
0.833643
0.834484
0.835323
0.836161
0.836998
0.837833
0.838668
0.839502
0.840334
0.841165
0.841996
0.842825
0.843652
0.844479
0.845305
0.846129
0.846952
0.847774
0.848595
0.849415
0.850233
0.851050
0.851866
0.852681
0.853494
0.854306
0.855117
0.855927
0.856735
0.857542
0.858348
0.859152
0.859955
0.860757
0.861557
0.862357
0.863154
0.863951
0.864746
0.865540
0.866332
0.867123
0.867912
0.868701
0.869487
0.870273
0.871057
0.871839
0.872620
0.873400
0.874178
0.874954
0.875730
0.876503
0.877275
0.878046
0.878815
0.879583
0.880349
0.881114
0.881877
0.882638
0.883398
0.884157
0.884914
0.885669
0.886422
0.887174
0.887925
0.888674
0.889421
0.890166
0.890910
0.891652
0.892393
0.893132
0.893869
0.894605
0.895339
0.896071
0.896801
0.897530
0.898257
0.898982
0.899705
0.900427
0.901147
0.901865
0.902582
0.903296
0.904009
0.904720
0.905429
0.906136
0.906842
0.907545
0.908247
0.908947
0.909645
0.910341
0.911035
0.911728
0.912418
0.913107
0.913793
0.914478
0.915161
0.915841
0.916520
0.917197
0.917872
0.918544
0.919215
0.919884
0.920551
0.921215
0.921878
0.922539
0.923197
0.923854
0.924508
0.925161
0.925811
0.926459
0.927105
0.927749
0.928390
0.929030
0.929667
0.930303
0.930936
0.931567
0.932195
0.932822
0.933446
0.934068
0.934688
0.935306
0.935921
0.936534
0.937145
0.937753
0.938360
0.938964
0.939565
0.940165
0.940762
0.941356
0.941948
0.942538
0.943126
0.943711
0.944294
0.944874
0.945452
0.946028
0.946601
0.947172
0.947740
0.948306
0.948869
0.949430
0.949988
0.950544
0.951097
0.951648
0.952196
0.952742
0.953285
0.953826
0.954364
0.954899
0.955432
0.955963
0.956490
0.957015
0.957538
0.958057
0.958575
0.959089
0.959601
0.960110
0.960616
0.961120
0.961621
0.962119
0.962615
0.963108
0.963598
0.964085
0.964569
0.965051
0.965530
0.966006
0.966479
0.966950
0.967418
0.967882
0.968344
0.968803
0.969259
0.969713
0.970163
0.970611
0.971055
0.971497
0.971935
0.972371
0.972804
0.973234
0.973660
0.974084
0.974505
0.974923
0.975337
0.975749
0.976158
0.976563
0.976966
0.977365
0.977761
0.978155
0.978545
0.978932
0.979316
0.979696
0.980074
0.980448
0.980819
0.981187
0.981552
0.981914
0.982272
0.982627
0.982979
0.983328
0.983673
0.984015
0.984354
0.984690
0.985022
0.985351
0.985676
0.985998
0.986317
0.986633
0.986945
0.987254
0.987559
0.987861
0.988159
0.988454
0.988746
0.989034
0.989319
0.989600
0.989878
0.990152
0.990423
0.990690
0.990954
0.991214
0.991471
0.991724
0.991973
0.992219
0.992461
0.992700
0.992935
0.993166
0.993394
0.993618
0.993839
0.994056
0.994269
0.994478
0.994684
0.994886
0.995084
0.995279
0.995470
0.995657
0.995840
0.996019
0.996195
0.996367
0.996535
0.996699
0.996860
0.997016
0.997169
0.997318
0.997463
0.997604
0.997741
0.997874
0.998003
0.998128
0.998250
0.998367
0.998481
0.998590
0.998696
0.998797
0.998894
0.998988
0.999077
0.999162
0.999244
0.999321
0.999394
0.999463
0.999528
0.999588
0.999645
0.999698
0.999746
0.999790
0.999830
0.999866
0.999897
0.999925
0.999948
0.999967
0.999982
0.999992
0.999998
1.000000
0.999998
0.999991
0.999980
0.999965
0.999945
0.999921
0.999893
0.999860
0.999823
0.999781
0.999735
0.999685
0.999630
0.999571
0.999508
0.999439
0.999367
0.999290
0.999208
0.999122
0.999032
0.998937
0.998837
0.998733
0.998625
0.998511
0.998394
0.998271
0.998144
0.998013
0.997877
0.997736
0.997590
0.997440
0.997285
0.997126
0.996962
0.996793
0.996619
0.996441
0.996258
0.996070
0.995878
0.995680
0.995478
0.995271
0.995060
0.994843
0.994622
0.994396
0.994165
0.993929
0.993689
0.993443
0.993193
0.992937
0.992677
0.992412
0.992142
0.991867
0.991587
0.991302
0.991012
0.990717
0.990418
0.990113
0.989803
0.989488
0.989168
0.988843
0.988513
0.988178
0.987838
0.987493
0.987142
0.986787
0.986426
0.986061
0.985690
0.985314
0.984933
0.984547
0.984155
0.983758
0.983357
0.982950
0.982537
0.982120
0.981697
0.981269
0.980836
0.980397
0.979953
0.979504
0.979050
0.978590
0.978125
0.977654
0.977179
0.976698
0.976211
0.975719
0.975222
0.974719
0.974211
0.973698
0.973179
0.972655
0.972125
0.971590
0.971049
0.970503
0.969951
0.969394
0.968831
0.968263
0.967690
0.967110
0.966526
0.965935
0.965339
0.964738
0.964131
0.963518
0.962900
0.962276
0.961647
0.961012
0.960371
0.959725
0.959073
0.958415
0.957752
0.957083
0.956408
0.955728
0.955042
0.954350
0.953652
0.952949
0.952240
0.951525
0.950804
0.950078
0.949346
0.948608
0.947864
0.947115
0.946359
0.945598
0.944831
0.944058
0.943279
0.942495
0.941704
0.940908
0.940106
0.939298
0.938483
0.937664
0.936838
0.936006
0.935168
0.934324
0.933475
0.932619
0.931757
0.930890
0.930016
0.929137
0.928251
0.927360
0.926462
0.925558
0.924649
0.923733
0.922811
0.921883
0.920949
0.920009
0.919063
0.918111
0.917153
0.916189
0.915218
0.914242
0.913259
0.912270
0.911275
0.910274
0.909267
0.908253
0.907233
0.906208
0.905176
0.904137
0.903093
0.902042
0.900986
0.899923
0.898853
0.897778
0.896696
0.895608
0.894514
0.893413
0.892306
0.891193
0.890074
0.888948
0.887817
0.886678
0.885534
0.884383
0.883226
0.882062
0.880893
0.879716
0.878534
0.877345
0.876150
0.874948
0.873740
0.872526
0.871306
0.870079
0.868845
0.867605
0.866359
0.865106
0.863847
0.862582
0.861310
0.860032
0.858747
0.857456
0.856158
0.854854
0.853544
0.852227
0.850904
0.849574
0.848237
0.846895
0.845545
0.844189
0.842827
0.841459
0.840083
0.838702
0.837313
0.835919
0.834517
0.833110
0.831695
0.830274
0.828847
0.827413
0.825973
0.824526
0.823072
0.821612
0.820146
0.818673
0.817193
0.815707
0.814214
0.812715
0.811209
0.809696
0.808177
0.806652
0.805119
0.803581
0.802035
0.800483
0.798925
0.797360
0.795788
0.794209
0.792625
0.791033
0.789435
0.787830
0.786219
0.784601
0.782976
0.781345
0.779707
0.778063
0.776412
0.774754
0.773090
0.771419
0.769742
0.768058
0.766367
0.764670
0.762966
0.761255
0.759538
0.757814
0.756084
0.754346
0.752603
0.750852
0.749095
0.747332
0.745562
0.743785
0.742001
0.740211
0.738414
0.736611
0.734801
0.732984
0.731161
0.729331
0.727495
0.725652
0.723802
0.721946
0.720083
0.718213
0.716337
0.714454
0.712564
0.710668
0.708766
0.706856
0.704940
0.703018
0.701089
0.699153
0.697211
0.695262
0.693306
0.691344
0.689376
0.687400
0.685418
0.683430
0.681435
0.679433
0.677425
0.675410
0.673389
0.671361
0.669327
0.667286
0.665238
0.663184
0.661123
0.659056
0.656982
0.654902
0.652815
0.650722
0.648622
0.646515
0.644403
0.642283
0.640157
0.638025
0.635886
0.633740
0.631589
0.629430
0.627265
0.625094
0.622916
0.620732
0.618541
0.616344
0.614141
0.611931
0.609714
0.607491
0.605262
0.603026
0.600784
0.598536
0.596281
0.594020
0.591752
0.589478
0.587198
0.584911
0.582618
0.580318
0.578013
0.575700
0.573382
0.571057
0.568726
0.566389
0.564045
0.561696
0.559339
0.556977
0.554608
0.552234
0.549852
0.547465
0.545072
0.542672
0.540266
0.537854
0.535435
0.533011
0.530580
0.528143
0.525700
0.523251
0.520796
0.518335
0.515868
0.513394
0.510914
0.508429
0.505937
0.503439
0.500936
0.498426
0.495910
0.493388
0.490860
0.488327
0.485787
0.483241
0.480690
0.478132
0.475569
0.472999
0.470424
0.467843
0.465256
0.462663
0.460064
0.457460
0.454849
0.452233
0.449611
0.446984
0.444350
0.441711
0.439066
0.436416
0.433759
0.431097
0.428429
0.425756
0.423077
0.420392
0.417702
0.415006
0.412305
0.409598
0.406885
0.404167
0.401443
0.398714
0.395980
0.393239
0.390494
0.387743
0.384986
0.382225
0.379457
0.376685
0.373907
0.371123
0.368335
0.365541
0.362741
0.359937
0.357127
0.354312
0.351492
0.348667
0.345836
0.343000
0.340159
0.337313
0.334462
0.331606
0.328744
0.325878
0.323007
0.320130
0.317249
0.314362
0.311471
0.308575
0.305674
0.302768
0.299857
0.296941
0.294020
0.291095
0.288165
0.285230
0.282290
0.279345
0.276396
0.273442
0.270484
0.267521
0.264553
0.261580
0.258604
0.255622
0.252636
0.249646
0.246651
0.243651
0.240647
0.237639
0.234626
0.231609
0.228588
0.225562
0.222532
0.219498
0.216459
0.213416
0.210369
0.207318
0.204263
0.201204
0.198140
0.195072
0.192001
0.188925
0.185846
0.182762
0.179674
0.176583
0.173488
0.170388
0.167285
0.164178
0.161068
0.157953
0.154835
0.151713
0.148588
0.145459
0.142326
0.139189
0.136049
0.132906
0.129759
0.126608
0.123454
0.120297
0.117136
0.113972
0.110804
0.107634
0.104460
0.101282
0.098102
0.094918
0.091731
0.088541
0.085348
0.082152
0.078952
0.075750
0.072545
0.069336
0.066125
0.062911
0.059694
0.056475
0.053252
0.050027
0.046799
0.043568
0.040335
0.037099
0.033860
0.030619
0.027376
0.024129
0.020881
0.017630
0.014376
0.011120
0.007862
0.004602
0.001339
-0.001926
-0.005193
-0.008463
-0.011734
-0.015008
-0.018283
-0.021561
-0.024841
-0.028122
-0.031406
-0.034691
-0.037979
-0.041268
-0.044559
-0.047851
-0.051146
-0.054442
-0.057739
-0.061039
-0.064339
-0.067642
-0.070946
-0.074251
-0.077558
-0.080866
-0.084175
-0.087486
-0.090798
-0.094111
-0.097425
-0.100741
-0.104058
-0.107375
-0.110694
-0.114014
-0.117334
-0.120656
-0.123979
-0.127302
-0.130626
-0.133951
-0.137277
-0.140603
-0.143930
-0.147257
-0.150585
-0.153914
-0.157243
-0.160573
-0.163903
-0.167233
-0.170563
-0.173894
-0.177225
-0.180557
-0.183888
-0.187220
-0.190551
-0.193883
-0.197215
-0.200546
-0.203878
-0.207209
-0.210540
-0.213871
-0.217202
-0.220532
-0.223862
-0.227191
-0.230520
-0.233849
-0.237177
-0.240505
-0.243832
-0.247158
-0.250483
-0.253808
-0.257132
-0.260455
-0.263777
-0.267098
-0.270419
-0.273738
-0.277056
-0.280373
-0.283689
-0.287004
-0.290317
-0.293630
-0.296940
-0.300250
-0.303558
-0.306864
-0.310169
-0.313473
-0.316774
-0.320075
-0.323373
-0.326670
-0.329964
-0.333257
-0.336548
-0.339838
-0.343125
-0.346410
-0.349693
-0.352974
-0.356252
-0.359529
-0.362803
-0.366074
-0.369344
-0.372611
-0.375875
-0.379137
-0.382397
-0.385653
-0.388907
-0.392159
-0.395407
-0.398653
-0.401896
-0.405136
-0.408373
-0.411606
-0.414837
-0.418065
-0.421290
-0.424511
-0.427729
-0.430944
-0.434155
-0.437363
-0.440567
-0.443768
-0.446965
-0.450159
-0.453349
-0.456535
-0.459717
-0.462896
-0.466071
-0.469242
-0.472408
-0.475571
-0.478730
-0.481884
-0.485034
-0.488180
-0.491322
-0.494459
-0.497592
-0.500721
-0.503845
-0.506964
-0.510079
-0.513189
-0.516294
-0.519395
-0.522490
-0.525581
-0.528667
-0.531748
-0.534824
-0.537894
-0.540960
-0.544020
-0.547075
-0.550125
-0.553169
-0.556208
-0.559242
-0.562270
-0.565292
-0.568309
-0.571320
-0.574325
-0.577324
-0.580318
-0.583306
-0.586287
-0.589263
-0.592232
-0.595196
-0.598153
-0.601104
-0.604049
-0.606987
-0.609919
-0.612844
-0.615763
-0.618675
-0.621581
-0.624480
-0.627372
-0.630258
-0.633136
-0.636008
-0.638873
-0.641730
-0.644581
-0.647424
-0.650261
-0.653090
-0.655911
-0.658726
-0.661533
-0.664332
-0.667124
-0.669908
-0.672685
-0.675454
-0.678215
-0.680969
-0.683714
-0.686452
-0.689182
-0.691903
-0.694617
-0.697322
-0.700019
-0.702708
-0.705389
-0.708061
-0.710725
-0.713380
-0.716027
-0.718665
-0.721294
-0.723915
-0.726527
-0.729130
-0.731725
-0.734310
-0.736886
-0.739453
-0.742012
-0.744561
-0.747100
-0.749631
-0.752152
-0.754664
-0.757166
-0.759659
-0.762142
-0.764615
-0.767079
-0.769534
-0.771978
-0.774412
-0.776837
-0.779252
-0.781656
-0.784051
-0.786435
-0.788809
-0.791173
-0.793527
-0.795870
-0.798203
-0.800525
-0.802837
-0.805139
-0.807429
-0.809709
-0.811978
-0.814237
-0.816484
-0.818721
-0.820946
-0.823161
-0.825364
-0.827557
-0.829738
-0.831907
-0.834066
-0.836213
-0.838349
-0.840473
-0.842586
-0.844687
-0.846776
-0.848854
-0.850920
-0.852974
-0.855016
-0.857046
-0.859065
-0.861071
-0.863065
-0.865047
-0.867017
-0.868975
-0.870920
-0.872853
-0.874773
-0.876681
-0.878577
-0.880459
-0.882330
-0.884187
-0.886032
-0.887864
-0.889683
-0.891489
-0.893282
-0.895062
-0.896829
-0.898583
-0.900324
-0.902052
-0.903766
-0.905467
-0.907154
-0.908828
-0.910489
-0.912136
-0.913769
-0.915389
-0.916995
-0.918587
-0.920166
-0.921730
-0.923281
-0.924818
-0.926340
-0.927849
-0.929343
-0.930823
-0.932289
-0.933741
-0.935179
-0.936602
-0.938010
-0.939404
-0.940784
-0.942149
-0.943499
-0.944835
-0.946156
-0.947462
-0.948753
-0.950029
-0.951291
-0.952537
-0.953769
-0.954985
-0.956186
-0.957373
-0.958543
-0.959699
-0.960839
-0.961964
-0.963073
-0.964167
-0.965246
-0.966309
-0.967356
-0.968388
-0.969404
-0.970404
-0.971388
-0.972357
-0.973310
-0.974246
-0.975167
-0.976072
-0.976961
-0.977833
-0.978690
-0.979530
-0.980354
-0.981162
-0.981953
-0.982728
-0.983487
-0.984229
-0.984955
-0.985664
-0.986356
-0.987032
-0.987691
-0.988334
-0.988959
-0.989568
-0.990161
-0.990736
-0.991294
-0.991835
-0.992360
-0.992867
-0.993357
-0.993830
-0.994286
-0.994725
-0.995147
-0.995551
-0.995938
-0.996307
-0.996659
-0.996994
-0.997311
-0.997611
-0.997894
-0.998158
-0.998405
-0.998635
-0.998846
-0.999041
-0.999217
-0.999375
-0.999516
-0.999639
-0.999744
-0.999831
-0.999900
-0.999951
-0.999984
-0.999999
-0.999996
-0.999975
-0.999935
-0.999878
-0.999802
-0.999708
-0.999596
-0.999465
-0.999317
-0.999149
-0.998964
-0.998760
-0.998537
-0.998296
-0.998037
-0.997759
-0.997462
-0.997147
-0.996813
-0.996461
-0.996090
-0.995700
-0.995292
-0.994865
-0.994419
-0.993954
-0.993470
-0.992968
-0.992447
-0.991907
-0.991348
-0.990770
-0.990173
-0.989557
-0.988922
-0.988268
-0.987595
-0.986903
-0.986192
-0.985462
-0.984713
-0.983945
-0.983157
-0.982351
-0.981525
-0.980680
-0.979816
-0.978933
-0.978030
-0.977108
-0.976167
-0.975206
-0.974227
-0.973227
-0.972209
-0.971171
-0.970114
-0.969038
-0.967942
-0.966827
-0.965692
-0.964538
-0.963364
-0.962172
-0.960959
-0.959727
-0.958476
-0.957205
-0.955915
-0.954606
-0.953276
-0.951928
-0.950560
-0.949172
-0.947765
-0.946338
-0.944892
-0.943426
-0.941941
-0.940436
-0.938912
-0.937368
-0.935805
-0.934222
-0.932619
-0.930997
-0.929356
-0.927695
-0.926014
-0.924314
-0.922595
-0.920855
-0.919097
-0.917319
-0.915521
-0.913704
-0.911867
-0.910011
-0.908135
-0.906240
-0.904325
-0.902391
-0.900437
-0.898464
-0.896471
-0.894459
-0.892428
-0.890377
-0.888307
-0.886217
-0.884108
-0.881980
-0.879832
-0.877665
-0.875478
-0.873272
-0.871047
-0.868803
-0.866539
-0.864256
-0.861954
-0.859633
-0.857292
-0.854932
-0.852553
-0.850155
-0.847738
-0.845301
-0.842846
-0.840371
-0.837878
-0.835365
-0.832833
-0.830283
-0.827713
-0.825125
-0.822517
-0.819891
-0.817246
-0.814582
-0.811899
-0.809197
-0.806477
-0.803738
-0.800980
-0.798204
-0.795409
-0.792595
-0.789763
-0.786912
-0.784043
-0.781155
-0.778249
-0.775324
-0.772381
-0.769420
-0.766441
-0.763443
-0.760427
-0.757392
-0.754340
-0.751270
-0.748181
-0.745074
-0.741950
-0.738807
-0.735647
-0.732468
-0.729272
-0.726058
-0.722827
-0.719577
-0.716310
-0.713026
-0.709723
-0.706404
-0.703067
-0.699712
-0.696340
-0.692951
-0.689544
-0.686120
-0.682679
-0.679221
-0.675746
-0.672254
-0.668745
-0.665219
-0.661676
-0.658116
-0.654540
-0.650946
-0.647337
-0.643710
-0.640067
-0.636408
-0.632732
-0.629040
-0.625332
-0.621607
-0.617866
-0.614109
-0.610336
-0.606547
-0.602742
-0.598921
-0.595085
-0.591233
-0.587365
-0.583481
-0.579582
-0.575668
-0.571738
-0.567792
-0.563832
-0.559856
-0.555865
-0.551859
-0.547838
-0.543803
-0.539752
-0.535687
-0.531607
-0.527512
-0.523403
-0.519279
-0.515141
-0.510989
-0.506822
-0.502641
-0.498446
-0.494237
-0.490015
-0.485778
-0.481528
-0.477264
-0.472986
-0.468695
-0.464390
-0.460072
-0.455741
-0.451397
-0.447039
-0.442669
-0.438285
-0.433889
-0.429480
-0.425058
-0.420624
-0.416177
-0.411718
-0.407247
-0.402763
-0.398267
-0.393759
-0.389240
-0.384708
-0.380165
-0.375610
-0.371043
-0.366465
-0.361876
-0.357275
-0.352663
-0.348040
-0.343406
-0.338762
-0.334106
-0.329440
-0.324763
-0.320076
-0.315378
-0.310670
-0.305952
-0.301224
-0.296485
-0.291737
-0.286979
-0.282212
-0.277435
-0.272649
-0.267853
-0.263048
-0.258234
-0.253411
-0.248578
-0.243738
-0.238888
-0.234030
-0.229164
-0.224289
-0.219406
-0.214514
-0.209615
-0.204708
-0.199793
-0.194871
-0.189940
-0.185003
-0.180058
-0.175106
-0.170147
-0.165181
-0.160208
-0.155228
-0.150242
-0.145249
-0.140250
-0.135245
-0.130233
-0.125216
-0.120192
-0.115163
-0.110128
-0.105088
-0.100042
-0.094992
-0.089936
-0.084874
-0.079809
-0.074738
-0.069663
-0.064583
-0.059499
-0.054410
-0.049318
-0.044221
-0.039121
-0.034017
-0.028909
-0.023798
-0.018684
-0.013566
-0.008446
-0.003322
0.001804
0.006934
0.012065
0.017199
0.022335
0.027474
0.032614
0.037756
0.042900
0.048045
0.053192
0.058340
0.063490
0.068640
0.073791
0.078943
0.084096
0.089249
0.094402
0.099556
0.104709
0.109863
0.115016
0.120169
0.125321
0.130473
0.135623
0.140773
0.145922
0.151069
0.156215
0.161360
0.166503
0.171644
0.176782
0.181919
0.187054
0.192186
0.197315
0.202442
0.207566
0.212687
0.217805
0.222919
0.228030
0.233138
0.238241
0.243341
0.248436
0.253528
0.258615
0.263697
0.268775
0.273848
0.278916
0.283979
0.289037
0.294089
0.299135
0.304176
0.309211
0.314240
0.319263
0.324279
0.329289
0.334292
0.339288
0.344278
0.349260
0.354235
0.359202
0.364162
0.369114
0.374058
0.378995
0.383923
0.388842
0.393753
0.398656
0.403549
0.408434
0.413309
0.418175
0.423032
0.427878
0.432716
0.437543
0.442360
0.447167
0.451963
0.456749
0.461524
0.466288
0.471041
0.475783
0.480514
0.485233
0.489940
0.494636
0.499319
0.503991
0.508650
0.513296
0.517930
0.522552
0.527160
0.531755
0.536337
0.540905
0.545460
0.550001
0.554528
0.559042
0.563541
0.568025
0.572495
0.576951
0.581391
0.585817
0.590227
0.594622
0.599002
0.603366
0.607714
0.612046
0.616362
0.620662
0.624945
0.629212
0.633462
0.637696
0.641912
0.646111
0.650293
0.654457
0.658603
0.662732
0.666843
0.670935
0.675010
0.679066
0.683103
0.687121
0.691121
0.695102
0.699063
0.703005
0.706928
0.710831
0.714714
0.718577
0.722420
0.726243
0.730045
0.733827
0.737588
0.741328
0.745047
0.748745
0.752422
0.756077
0.759711
0.763323
0.766913
0.770481
0.774026
0.777550
0.781050
0.784529
0.787984
0.791417
0.794826
0.798212
0.801575
0.804915
0.808230
0.811522
0.814790
0.818034
0.821254
0.824449
0.827620
0.830766
0.833888
0.836985
0.840056
0.843102
0.846123
0.849119
0.852089
0.855033
0.857952
0.860844
0.863710
0.866550
0.869364
0.872151
0.874912
0.877645
0.880352
0.883032
0.885684
0.888310
0.890907
0.893478
0.896020
0.898535
0.901022
0.903481
0.905911
0.908314
0.910688
0.913033
0.915350
0.917637
0.919896
0.922126
0.924327
0.926499
0.928641
0.930754
0.932837
0.934890
0.936914
0.938907
0.940871
0.942804
0.944707
0.946580
0.948422
0.950234
0.952015
0.953765
0.955484
0.957173
0.958830
0.960455
0.962050
0.963613
0.965145
0.966645
0.968113
0.969549
0.970954
0.972326
0.973666
0.974974
0.976250
0.977494
0.978705
0.979883
0.981029
0.982142
0.983222
0.984269
0.985284
0.986265
0.987213
0.988128
0.989009
0.989857
0.990672
0.991453
0.992200
0.992914
0.993593
0.994239
0.994851
0.995429
0.995973
0.996483
0.996959
0.997400
0.997807
0.998180
0.998518
0.998821
0.999090
0.999324
0.999524
0.999689
0.999819
0.999914
0.999974
0.999999
0.999989
0.999944
0.999864
0.999749
0.999598
0.999412
0.999191
0.998935
0.998643
0.998315
0.997952
0.997554
0.997120
0.996650
0.996145
0.995604
0.995027
0.994415
0.993766
0.993082
0.992362
0.991607
0.990815
0.989988
0.989124
0.988225
0.987290
0.986318
0.985311
0.984268
0.983189
0.982073
0.980922
0.979735
0.978511
0.977251
0.975956
0.974624
0.973256
0.971852
0.970412
0.968936
0.967424
0.965876
0.964292
0.962671
0.961015
0.959322
0.957594
0.955829
0.954029
0.952192
0.950320
0.948411
0.946467
0.944487
0.942471
0.940419
0.938331
0.936207
0.934047
0.931852
0.929621
0.927355
0.925052
0.922714
0.920341
0.917932
0.915487
0.913007
0.910492
0.907941
0.905355
0.902733
0.900077
0.897385
0.894658
0.891896
0.889099
0.886267
0.883400
0.880499
0.877562
0.874591
0.871585
0.868545
0.865470
0.862361
0.859217
0.856039
0.852827
0.849581
0.846300
0.842986
0.839638
0.836256
0.832840
0.829390
0.825907
0.822391
0.818841
0.815258
0.811641
0.807992
0.804309
0.800594
0.796846
0.793065
0.789251
0.785405
0.781527
0.777616
0.773673
0.769698
0.765691
0.761652
0.757582
0.753480
0.749346
0.745181
0.740985
0.736758
0.732500
0.728210
0.723890
0.719540
0.715159
0.710748
0.706306
0.701834
0.697333
0.692801
0.688240
0.683650
0.679030
0.674380
0.669702
0.664995
0.660259
0.655494
0.650701
0.645880
0.641030
0.636153
0.631247
0.626314
0.621354
0.616366
0.611350
0.606308
0.601239
0.596143
0.591021
0.585873
0.580698
0.575497
0.570270
0.565018
0.559741
0.554438
0.549110
0.543757
0.538379
0.532977
0.527551
0.522100
0.516625
0.511127
0.505605
0.500060
0.494492
0.488900
0.483286
0.477650
0.471991
0.466310
0.460606
0.454882
0.449135
0.443368
0.437579
0.431769
0.425939
0.420089
0.414218
0.408327
0.402416
0.396486
0.390536
0.384568
0.378580
0.372574
0.366549
0.360506
0.354446
0.348367
0.342271
0.336158
0.330028
0.323881
0.317717
0.311537
0.305342
0.299130
0.292903
0.286660
0.280403
0.274130
0.267843
0.261542
0.255227
0.248897
0.242555
0.236199
0.229830
0.223448
0.217054
0.210647
0.204228
0.197798
0.191356
0.184904
0.178440
0.171965
0.165480
0.158985
0.152480
0.145966
0.139442
0.132909
0.126368
0.119818
0.113259
0.106693
0.100119
0.093538
0.086950
0.080355
0.073753
0.067146
0.060532
0.053912
0.047288
0.040658
0.034023
0.027384
0.020741
0.014093
0.007442
0.000788
-0.005869
-0.012529
-0.019192
-0.025857
-0.032523
-0.039191
-0.045861
-0.052531
-0.059202
-0.065873
-0.072545
-0.079216
-0.085887
-0.092556
-0.099225
-0.105892
-0.112558
-0.119221
-0.125882
-0.132541
-0.139196
-0.145848
-0.152496
-0.159141
-0.165781
-0.172417
-0.179048
-0.185674
-0.192294
-0.198909
-0.205517
-0.212120
-0.218715
-0.225303
-0.231884
-0.238458
-0.245023
-0.251580
-0.258129
-0.264668
-0.271199
-0.277720
-0.284230
-0.290731
-0.297222
-0.303701
-0.310169
-0.316626
-0.323071
-0.329504
-0.335925
-0.342333
-0.348728
-0.355109
-0.361477
-0.367831
-0.374171
-0.380496
-0.386806
-0.393100
-0.399380
-0.405643
-0.411890
-0.418120
-0.424334
-0.430530
-0.436709
-0.442871
-0.449014
-0.455138
-0.461244
-0.467331
-0.473398
-0.479446
-0.485474
-0.491481
-0.497468
-0.503434
-0.509378
-0.515301
-0.521202
-0.527081
-0.532937
-0.538770
-0.544581
-0.550367
-0.556130
-0.561869
-0.567584
-0.573274
-0.578938
-0.584578
-0.590192
-0.595779
-0.601341
-0.606876
-0.612384
-0.617865
-0.623319
-0.628745
-0.634143
-0.639512
-0.644853
-0.650164
-0.655447
-0.660700
-0.665923
-0.671116
-0.676278
-0.681410
-0.686510
-0.691579
-0.696617
-0.701623
-0.706596
-0.711537
-0.716445
-0.721320
-0.726162
-0.730970
-0.735744
-0.740484
-0.745190
-0.749860
-0.754496
-0.759096
-0.763661
-0.768189
-0.772682
-0.777138
-0.781558
-0.785940
-0.790285
-0.794593
-0.798863
-0.803095
-0.807288
-0.811443
-0.815560
-0.819637
-0.823674
-0.827673
-0.831631
-0.835549
-0.839427
-0.843264
-0.847060
-0.850815
-0.854529
-0.858202
-0.861832
-0.865420
-0.868966
-0.872470
-0.875931
-0.879348
-0.882723
-0.886054
-0.889341
-0.892584
-0.895783
-0.898938
-0.902048
-0.905113
-0.908133
-0.911108
-0.914038
-0.916922
-0.919760
-0.922552
-0.925297
-0.927996
-0.930649
-0.933254
-0.935812
-0.938323
-0.940787
-0.943203
-0.945571
-0.947891
-0.950163
-0.952386
-0.954561
-0.956687
-0.958764
-0.960792
-0.962770
-0.964699
-0.966579
-0.968409
-0.970188
-0.971918
-0.973597
-0.975226
-0.976805
-0.978332
-0.979809
-0.981235
-0.982610
-0.983933
-0.985205
-0.986426
-0.987594
-0.988711
-0.989776
-0.990789
-0.991750
-0.992658
-0.993514
-0.994317
-0.995068
-0.995766
-0.996411
-0.997003
-0.997542
-0.998028
-0.998461
-0.998840
-0.999166
-0.999439
-0.999657
-0.999823
-0.999934
-0.999991
-0.999995
-0.999945
-0.999840
-0.999681
-0.999469
-0.999202
-0.998881
-0.998505
-0.998075
-0.997591
-0.997052
-0.996458
-0.995810
-0.995108
-0.994351
-0.993539
-0.992673
-0.991751
-0.990776
-0.989745
-0.988660
-0.987520
-0.986325
-0.985075
-0.983771
-0.982412
-0.980998
-0.979530
-0.978007
-0.976429
-0.974796
-0.973109
-0.971367
-0.969570
-0.967719
-0.965813
-0.963853
-0.961838
-0.959769
-0.957646
-0.955468
-0.953236
-0.950950
-0.948609
-0.946215
-0.943766
-0.941264
-0.938707
-0.936097
-0.933433
-0.930715
-0.927944
-0.925120
-0.922242
-0.919311
-0.916326
-0.913289
-0.910198
-0.907055
-0.903859
-0.900610
-0.897309
-0.893955
-0.890550
-0.887092
-0.883582
-0.880020
-0.876406
-0.872741
-0.869025
-0.865257
-0.861438
-0.857568
-0.853648
-0.849676
-0.845654
-0.841582
-0.837460
-0.833288
-0.829066
-0.824794
-0.820473
-0.816103
-0.811684
-0.807216
-0.802699
-0.798134
-0.793520
-0.788859
-0.784150
-0.779393
-0.774589
-0.769738
-0.764840
-0.759895
-0.754903
-0.749866
-0.744782
-0.739653
-0.734479
-0.729259
-0.723994
-0.718684
-0.713330
-0.707932
-0.702489
-0.697003
-0.691474
-0.685902
-0.680286
-0.674629
-0.668928
-0.663186
-0.657402
-0.651577
-0.645711
-0.639804
-0.633856
-0.627868
-0.621840
-0.615773
-0.609666
-0.603521
-0.597337
-0.591114
-0.584854
-0.578556
-0.572220
-0.565848
-0.559439
-0.552994
-0.546513
-0.539996
-0.533444
-0.526857
-0.520236
-0.513580
-0.506891
-0.500168
-0.493412
-0.486623
-0.479803
-0.472950
-0.466065
-0.459150
-0.452204
-0.445227
-0.438220
-0.431184
-0.424118
-0.417024
-0.409901
-0.402750
-0.395572
-0.388366
-0.381134
-0.373875
-0.366590
-0.359280
-0.351944
-0.344584
-0.337200
-0.329792
-0.322360
-0.314906
-0.307428
-0.299929
-0.292408
-0.284866
-0.277304
-0.269720
-0.262117
-0.254495
-0.246854
-0.239194
-0.231516
-0.223821
-0.216108
-0.208379
-0.200633
-0.192872
-0.185096
-0.177305
-0.169499
-0.161680
-0.153847
-0.146002
-0.138144
-0.130274
-0.122393
-0.114501
-0.106598
-0.098686
-0.090764
-0.082833
-0.074894
-0.066946
-0.058992
-0.051030
-0.043062
-0.035088
-0.027108
-0.019123
-0.011134
-0.003141
0.004855
0.012854
0.020856
0.028860
0.036865
0.044871
0.052877
0.060883
0.068888
0.076892
0.084895
0.092895
0.100892
0.108886
0.116877
0.124863
0.132844
0.140819
0.148789
0.156752
0.164708
0.172657
0.180598
0.188530
0.196453
0.204366
0.212270
0.220162
0.228043
0.235913
0.243770
0.251614
0.259445
0.267263
0.275065
0.282853
0.290625
0.298381
0.306121
0.313844
0.321549
0.329235
0.336903
0.344552
0.352181
0.359790
0.367378
0.374944
0.382489
0.390011
0.397511
0.404986
0.412438
0.419866
0.427268
0.434644
0.441995
0.449318
0.456615
0.463884
0.471125
0.478337
0.485519
0.492672
0.499795
0.506886
0.513947
0.520975
0.527972
0.534935
0.541865
0.548761
0.555622
0.562449
0.569240
0.575995
0.582714
0.589395
0.596040
0.602646
0.609214
0.615743
0.622232
0.628682
0.635091
0.641459
0.647786
0.654071
0.660313
0.666513
0.672669
0.678782
0.684850
0.690873
0.696852
0.702784
0.708670
0.714510
0.720303
0.726048
0.731745
0.737394
0.742993
0.748544
0.754044
0.759494
0.764894
0.770243
0.775539
0.780784
0.785977
0.791116
0.796203
0.801235
0.806214
0.811138
0.816007
0.820821
0.825579
0.830281
0.834926
0.839514
0.844045
0.848519
0.852934
0.857290
0.861588
0.865827
0.870006
0.874125
0.878183
0.882181
0.886118
0.889993
0.893807
0.897558
0.901247
0.904874
0.908437
0.911936
0.915372
0.918744
0.922051
0.925294
0.928472
0.931584
0.934630
0.937611
0.940525
0.943373
0.946154
0.948868
0.951515
0.954094
0.956605
0.959048
0.961422
0.963728
0.965965
0.968133
0.970231
0.972260
0.974218
0.976107
0.977925
0.979673
0.981350
0.982957
0.984492
0.985955
0.987348
0.988668
0.989917
0.991093
0.992197
0.993229
0.994188
0.995075
0.995889
0.996629
0.997297
0.997891
0.998412
0.998859
0.999233
0.999533
0.999759
0.999911
0.999989
0.999993
0.999922
0.999777
0.999558
0.999264
0.998896
0.998453
0.997936
0.997343
0.996676
0.995935
0.995118
0.994227
0.993260
0.992219
0.991103
0.989912
0.988646
0.987306
0.985890
0.984400
0.982835
0.981195
0.979481
0.977691
0.975827
0.973889
0.971876
0.969788
0.967627
0.965390
0.963080
0.960696
0.958237
0.955705
0.953099
0.950419
0.947665
0.944838
0.941938
0.938965
0.935918
0.932799
0.929607
0.926342
0.923005
0.919596
0.916115
0.912562
0.908937
0.905241
0.901474
0.897635
0.893726
0.889746
0.885696
0.881576
0.877385
0.873126
0.868796
0.864398
0.859931
0.855395
0.850791
0.846118
0.841379
0.836571
0.831697
0.826755
0.821747
0.816673
0.811533
0.806327
0.801057
0.795721
0.790321
0.784856
0.779328
0.773736
0.768082
0.762364
0.756584
0.750743
0.744839
0.738875
0.732850
0.726764
0.720619
0.714414
0.708150
0.701827
0.695446
0.689008
0.682512
0.675959
0.669350
0.662685
0.655965
0.649190
0.642360
0.635476
0.628539
0.621548
0.614505
0.607411
0.600264
0.593067
0.585819
0.578522
0.571175
0.563779
0.556335
0.548843
0.541304
0.533719
0.526087
0.518410
0.510688
0.502922
0.495112
0.487258
0.479363
0.471425
0.463446
0.455426
0.447366
0.439266
0.431128
0.422951
0.414737
0.406485
0.398197
0.389874
0.381515
0.373122
0.364695
0.356235
0.347743
0.339218
0.330663
0.322077
0.313461
0.304817
0.296144
0.287443
0.278715
0.269960
0.261181
0.252376
0.243547
0.234694
0.225819
0.216921
0.208003
0.199063
0.190104
0.181125
0.172128
0.163114
0.154082
0.145034
0.135970
0.126892
0.117800
0.108695
0.099577
0.090447
0.081306
0.072155
0.062995
0.053826
0.044649
0.035465
0.026274
0.017078
0.007877
-0.001328
-0.010536
-0.019747
-0.028960
-0.038173
-0.047387
-0.056600
-0.065811
-0.075021
-0.084227
-0.093429
-0.102627
-0.111820
-0.121006
-0.130186
-0.139357
-0.148520
-0.157674
-0.166817
-0.175950
-0.185070
-0.194178
-0.203273
-0.212354
-0.221419
-0.230469
-0.239502
-0.248518
-0.257516
-0.266494
-0.275453
-0.284391
-0.293308
-0.302203
-0.311074
-0.319922
-0.328745
-0.337543
-0.346315
-0.355060
-0.363777
-0.372465
-0.381124
-0.389753
-0.398350
-0.406916
-0.415450
-0.423950
-0.432416
-0.440848
-0.449243
-0.457602
-0.465924
-0.474208
-0.482453
-0.490659
-0.498824
-0.506948
-0.515030
-0.523070
-0.531066
-0.539018
-0.546925
-0.554787
-0.562602
-0.570370
-0.578090
-0.585762
-0.593384
-0.600956
-0.608477
-0.615947
-0.623364
-0.630728
-0.638039
-0.645295
-0.652496
-0.659641
-0.666730
-0.673761
-0.680734
-0.687649
-0.694504
-0.701299
-0.708034
-0.714707
-0.721318
-0.727866
-0.734351
-0.740772
-0.747128
-0.753419
-0.759644
-0.765802
-0.771893
-0.777916
-0.783871
-0.789756
-0.795572
-0.801317
-0.806992
-0.812595
-0.818126
-0.823584
-0.828968
-0.834279
-0.839516
-0.844677
-0.849763
-0.854773
-0.859706
-0.864562
-0.869340
-0.874040
-0.878661
-0.883203
-0.887665
-0.892047
-0.896349
-0.900568
-0.904707
-0.908763
-0.912736
-0.916626
-0.920433
-0.924155
-0.927793
-0.931346
-0.934814
-0.938196
-0.941492
-0.944702
-0.947825
-0.950860
-0.953807
-0.956667
-0.959438
-0.962120
-0.964713
-0.967217
-0.969631
-0.971955
-0.974188
-0.976331
-0.978382
-0.980342
-0.982211
-0.983988
-0.985672
-0.987264
-0.988764
-0.990170
-0.991484
-0.992704
-0.993830
-0.994863
-0.995802
-0.996646
-0.997396
-0.998052
-0.998613
-0.999079
-0.999450
-0.999726
-0.999907
-0.999993
-0.999982
-0.999877
-0.999675
-0.999378
-0.998985
-0.998497
-0.997912
-0.997231
-0.996454
-0.995582
-0.994613
-0.993548
-0.992387
-0.991129
-0.989776
-0.988327
-0.986782
-0.985141
-0.983404
-0.981571
-0.979642
-0.977618
-0.975498
-0.973283
-0.970973
-0.968567
-0.966066
-0.963471
-0.960780
-0.957995
-0.955116
-0.952142
-0.949074
-0.945912
-0.942657
-0.939308
-0.935866
-0.932331
-0.928704
-0.924984
-0.921171
-0.917267
-0.913271
-0.909184
-0.905006
-0.900738
-0.896378
-0.891929
-0.887390
-0.882762
-0.878045
-0.873240
-0.868346
-0.863364
-0.858295
-0.853139
-0.847896
-0.842568
-0.837153
-0.831654
-0.826069
-0.820400
-0.814648
-0.808812
-0.802893
-0.796892
-0.790809
-0.784645
-0.778400
-0.772075
-0.765670
-0.759186
-0.752624
-0.745984
-0.739266
-0.732471
-0.725601
-0.718655
-0.711634
-0.704538
-0.697369
-0.690127
-0.682813
-0.675427
-0.667970
-0.660443
-0.652846
-0.645180
-0.637446
-0.629644
-0.621776
-0.613842
-0.605842
-0.597778
-0.589650
-0.581459
-0.573206
-0.564892
-0.556517
-0.548082
-0.539587
-0.531035
-0.522425
-0.513759
-0.505037
-0.496260
-0.487428
-0.478544
-0.469607
-0.460619
-0.451580
-0.442492
-0.433354
-0.424169
-0.414937
-0.405658
-0.396334
-0.386966
-0.377555
-0.368101
-0.358606
-0.349070
-0.339495
-0.329881
-0.320229
-0.310541
-0.300817
-0.291058
-0.281265
-0.271440
-0.261583
-0.251695
-0.241777
-0.231831
-0.221857
-0.211856
-0.201830
-0.191779
-0.181704
-0.171607
-0.161488
-0.151349
-0.141190
-0.131013
-0.120819
-0.110608
-0.100382
-0.090142
-0.079889
-0.069624
-0.059349
-0.049063
-0.038769
-0.028467
-0.018158
-0.007844
0.002474
0.012796
0.023120
0.033445
0.043769
0.054093
0.064414
0.074732
0.085046
0.095354
0.105655
0.115948
0.126233
0.136507
0.146770
0.157021
0.167258
0.177481
0.187689
0.197879
0.208052
0.218205
0.228339
0.238451
0.248541
0.258607
0.268649
0.278665
0.288654
0.298616
0.308548
0.318450
0.328321
0.338159
0.347964
0.357734
0.367468
0.377166
0.386826
0.396446
0.406027
0.415566
0.425064
0.434517
0.443926
0.453290
0.462607
0.471877
0.481097
0.490268
0.499388
0.508456
0.517471
0.526432
0.535338
0.544187
0.552980
0.561714
0.570389
0.579003
0.587557
0.596048
0.604476
0.612839
0.621137
0.629369
0.637533
0.645630
0.653657
0.661613
0.669499
0.677313
0.685053
0.692719
0.700311
0.707826
0.715265
0.722626
0.729908
0.737111
0.744234
0.751275
0.758234
0.765110
0.771902
0.778609
0.785231
0.791766
0.798214
0.804574
0.810845
0.817026
0.823117
0.829117
0.835024
0.840839
0.846560
0.852187
0.857719
0.863155
0.868495
0.873737
0.878882
0.883928
0.888874
0.893721
0.898467
0.903112
0.907656
0.912096
0.916434
0.920668
0.924798
0.928822
0.932742
0.936555
0.940262
0.943862
0.947354
0.950738
0.954014
0.957180
0.960237
0.963184
0.966020
0.968746
0.971360
0.973862
0.976252
0.978530
0.980695
0.982746
0.984684
0.986508
0.988217
0.989812
0.991292
0.992657
0.993906
0.995040
0.996058
0.996959
0.997744
0.998412
0.998964
0.999398
0.999715
0.999915
0.999998
0.999962
0.999809
0.999539
0.999150
0.998643
0.998019
0.997276
0.996415
0.995436
0.994339
0.993124
0.991791
0.990339
0.988770
0.987083
0.985278
0.983355
0.981315
0.979157
0.976882
0.974490
0.971980
0.969354
0.966611
0.963752
0.960776
0.957685
0.954478
0.951156
0.947718
0.944165
0.940499
0.936717
0.932822
0.928814
0.924692
0.920458
0.916111
0.911653
0.907083
0.902402
0.897610
0.892708
0.887697
0.882576
0.877347
0.872010
0.866565
0.861014
0.855356
0.849592
0.843723
0.837749
0.831671
0.825490
0.819206
0.812821
0.806334
0.799746
0.793058
0.786271
0.779386
0.772403
0.765323
0.758147
0.750875
0.743509
0.736049
0.728497
0.720852
0.713115
0.705289
0.697373
0.689368
0.681276
0.673096
0.664831
0.656481
0.648047
0.639531
0.630932
0.622252
0.613492
0.604652
0.595735
0.586741
0.577671
0.568527
0.559308
0.550017
0.540654
0.531220
0.521718
0.512147
0.502508
0.492804
0.483035
0.473202
0.463307
0.453351
0.443334
0.433258
0.423125
0.412935
0.402690
0.392391
0.382039
0.371636
0.361182
0.350679
0.340129
0.329532
0.318890
0.308205
0.297477
0.286708
0.275898
0.265051
0.254166
0.243246
0.232291
0.221303
0.210283
0.199233
0.188154
0.177048
0.165915
0.154757
0.143577
0.132374
0.121151
0.109908
0.098648
0.087372
0.076081
0.064776
0.053460
0.042133
0.030797
0.019453
0.008104
-0.003251
-0.014608
-0.025968
-0.037327
-0.048685
-0.060041
-0.071393
-0.082739
-0.094077
-0.105408
-0.116728
-0.128036
-0.139332
-0.150613
-0.161878
-0.173125
-0.184354
-0.195562
-0.206748
-0.217911
-0.229049
-0.240161
-0.251244
-0.262298
-0.273322
-0.284313
-0.295270
-0.306193
-0.317078
-0.327925
-0.338733
-0.349499
-0.360223
-0.370903
-0.381538
-0.392125
-0.402664
-0.413154
-0.423592
-0.433977
-0.444308
-0.454584
-0.464803
-0.474964
-0.485064
-0.495104
-0.505081
-0.514994
-0.524842
-0.534623
-0.544337
-0.553980
-0.563553
-0.573054
-0.582482
-0.591834
-0.601111
-0.610310
-0.619430
-0.628471
-0.637430
-0.646306
-0.655099
-0.663806
-0.672428
-0.680961
-0.689406
-0.697761
-0.706024
-0.714195
-0.722272
-0.730254
-0.738141
-0.745930
-0.753621
-0.761212
-0.768703
-0.776092
-0.783379
-0.790561
-0.797639
-0.804611
-0.811475
-0.818232
-0.824879
-0.831416
-0.837842
-0.844156
-0.850357
-0.856444
-0.862416
-0.868272
-0.874012
-0.879633
-0.885137
-0.890520
-0.895784
-0.900926
-0.905946
-0.910844
-0.915618
-0.920268
-0.924792
-0.929191
-0.933464
-0.937609
-0.941626
-0.945515
-0.949274
-0.952904
-0.956403
-0.959771
-0.963007
-0.966111
-0.969082
-0.971920
-0.974623
-0.977193
-0.979627
-0.981926
-0.984090
-0.986117
-0.988007
-0.989761
-0.991377
-0.992855
-0.994196
-0.995398
-0.996461
-0.997385
-0.998170
-0.998816
-0.999322
-0.999688
-0.999913
-0.999999
-0.999944
-0.999749
-0.999413
-0.998937
-0.998320
-0.997562
-0.996663
-0.995623
-0.994443
-0.993122
-0.991660
-0.990057
-0.988314
-0.986431
-0.984407
-0.982243
-0.979939
-0.977496
-0.974913
-0.972190
-0.969329
-0.966329
-0.963190
-0.959913
-0.956499
-0.952947
-0.949258
-0.945432
-0.941470
-0.937372
-0.933139
-0.928771
-0.924269
-0.919633
-0.914864
-0.909962
-0.904928
-0.899762
-0.894466
-0.889039
-0.883482
-0.877797
-0.871984
-0.866043
-0.859975
-0.853781
-0.847462
-0.841019
-0.834452
-0.827762
-0.820950
-0.814018
-0.806965
-0.799793
-0.792503
-0.785095
-0.777571
-0.769932
-0.762178
-0.754311
-0.746332
-0.738241
-0.730041
-0.721731
-0.713313
-0.704789
-0.696159
-0.687424
-0.678587
-0.669647
-0.660606
-0.651466
-0.642227
-0.632891
-0.623459
-0.613933
-0.604313
-0.594602
-0.584800
-0.574909
-0.564931
-0.554865
-0.544715
-0.534481
-0.524166
-0.513769
-0.503293
-0.492740
-0.482111
-0.471406
-0.460629
-0.449780
-0.438860
-0.427873
-0.416818
-0.405698
-0.394514
-0.383268
-0.371961
-0.360596
-0.349173
-0.337695
-0.326163
-0.314578
-0.302943
-0.291259
-0.279528
-0.267751
-0.255931
-0.244069
-0.232166
-0.220225
-0.208248
-0.196235
-0.184189
-0.172112
-0.160005
-0.147871
-0.135710
-0.123526
-0.111319
-0.099091
-0.086845
-0.074582
-0.062304
-0.050013
-0.037711
-0.025399
-0.013080
-0.000755
0.011574
0.023905
0.036236
0.048565
0.060890
0.073210
0.085522
0.097825
0.110117
0.122396
0.134659
0.146906
0.159133
0.171341
0.183525
0.195685
0.207819
0.219924
0.231999
0.244042
0.256051
0.268025
0.279960
0.291856
0.303711
0.315522
0.327288
0.339007
0.350678
0.362297
0.373864
0.385376
0.396833
0.408231
0.419569
0.430845
0.442058
0.453205
0.464286
0.475297
0.486238
0.497106
0.507900
0.518618
0.529259
0.539819
0.550299
0.560696
0.571008
0.581234
0.591372
0.601420
0.611377
0.621241
0.631010
0.640683
0.650259
0.659735
0.669110
0.678382
0.687550
0.696613
0.705568
0.714415
0.723152
0.731777
0.740288
0.748686
0.756967
0.765131
0.773176
0.781100
0.788904
0.796584
0.804140
0.811570
0.818874
0.826049
0.833095
0.840011
0.846794
0.853445
0.859961
0.866342
0.872586
0.878693
0.884661
0.890489
0.896176
0.901721
0.907123
0.912382
0.917495
0.922462
0.927283
0.931956
0.936481
0.940856
0.945080
0.949154
0.953076
0.956845
0.960461
0.963922
0.967229
0.970380
0.973375
0.976214
0.978895
0.981418
0.983782
0.985988
0.988034
0.989920
0.991646
0.993210
0.994614
0.995856
0.996936
0.997854
0.998609
0.999201
0.999630
0.999896
0.999999
0.999938
0.999713
0.999324
0.998771
0.998054
0.997173
0.996128
0.994920
0.993547
0.992010
0.990310
0.988445
0.986418
0.984227
0.981873
0.979357
0.976677
0.973836
0.970833
0.967668
0.964342
0.960855
0.957208
0.953401
0.949435
0.945310
0.941027
0.936586
0.931988
0.927233
0.922323
0.917257
0.912037
0.906663
0.901137
0.895458
0.889628
0.883648
0.877518
0.871239
0.864812
0.858239
0.851520
0.844656
0.837648
0.830497
0.823205
0.815772
0.808200
0.800489
0.792642
0.784658
0.776540
0.768288
0.759904
0.751390
0.742746
0.733973
0.725074
0.716050
0.706901
0.697630
0.688239
0.678727
0.669098
0.659352
0.649491
0.639516
0.629430
0.619234
0.608929
0.598518
0.588001
0.577381
0.566660
0.555838
0.544918
0.533902
0.522791
0.511587
0.500293
0.488909
0.477439
0.465883
0.454243
0.442522
0.430722
0.418844
0.406891
0.394864
0.382766
0.370598
0.358362
0.346061
0.333697
0.321272
0.308788
0.296246
0.283650
0.271000
0.258301
0.245552
0.232758
0.219919
0.207039
0.194119
0.181161
0.168168
0.155142
0.142086
0.129001
0.115889
0.102754
0.089597
0.076420
0.063227
0.050018
0.036797
0.023566
0.010327
-0.002917
-0.016165
-0.029414
-0.042661
-0.055905
-0.069143
-0.082372
-0.095590
-0.108796
-0.121986
-0.135158
-0.148310
-0.161439
-0.174544
-0.187622
-0.200670
-0.213686
-0.226669
-0.239614
-0.252521
-0.265387
-0.278209
-0.290986
-0.303714
-0.316392
-0.329018
-0.341588
-0.354101
-0.366555
-0.378946
-0.391274
-0.403535
-0.415728
-0.427849
-0.439898
-0.451871
-0.463767
-0.475583
-0.487317
-0.498968
-0.510532
-0.522007
-0.533392
-0.544685
-0.555882
-0.566983
-0.577985
-0.588885
-0.599683
-0.610376
-0.620961
-0.631438
-0.641803
-0.652055
-0.662192
-0.672212
-0.682114
-0.691894
-0.701552
-0.711085
-0.720492
-0.729771
-0.738920
-0.747937
-0.756821
-0.765569
-0.774181
-0.782654
-0.790986
-0.799177
-0.807224
-0.815126
-0.822882
-0.830489
-0.837946
-0.845252
-0.852406
-0.859405
-0.866249
-0.872936
-0.879464
-0.885833
-0.892041
-0.898086
-0.903969
-0.909686
-0.915238
-0.920622
-0.925838
-0.930886
-0.935762
-0.940468
-0.945000
-0.949360
-0.953545
-0.957555
-0.961389
-0.965045
-0.968524
-0.971824
-0.974945
-0.977885
-0.980645
-0.983224
-0.985620
-0.987833
-0.989863
-0.991709
-0.993371
-0.994849
-0.996141
-0.997247
-0.998167
-0.998901
-0.999449
-0.999809
-0.999983
-0.999969
-0.999768
-0.999379
-0.998803
-0.998039
-0.997087
-0.995948
-0.994621
-0.993107
-0.991405
-0.989516
-0.987440
-0.985177
-0.982728
-0.980092
-0.977271
-0.974264
-0.971072
-0.967696
-0.964135
-0.960391
-0.956464
-0.952354
-0.948063
-0.943590
-0.938937
-0.934104
-0.929093
-0.923903
-0.918536
-0.912992
-0.907273
-0.901380
-0.895312
-0.889073
-0.882661
-0.876080
-0.869329
-0.862410
-0.855323
-0.848072
-0.840655
-0.833076
-0.825334
-0.817432
-0.809371
-0.801152
-0.792777
-0.784247
-0.775564
-0.766729
-0.757744
-0.748611
-0.739330
-0.729905
-0.720336
-0.710625
-0.700774
-0.690784
-0.680659
-0.670399
-0.660006
-0.649482
-0.638830
-0.628050
-0.617146
-0.606119
-0.594971
-0.583704
-0.572321
-0.560823
-0.549213
-0.537492
-0.525664
-0.513730
-0.501692
-0.489553
-0.477315
-0.464980
-0.452551
-0.440030
-0.427419
-0.414722
-0.401939
-0.389074
-0.376129
-0.363107
-0.350010
-0.336841
-0.323601
-0.310295
-0.296924
-0.283490
-0.269997
-0.256447
-0.242843
-0.229187
-0.215482
-0.201731
-0.187937
-0.174101
-0.160227
-0.146318
-0.132375
-0.118403
-0.104404
-0.090379
-0.076334
-0.062269
-0.048188
-0.034094
-0.019989
-0.005876
0.008242
0.022362
0.036481
0.050597
0.064707
0.078807
0.092896
0.106969
0.121025
0.135061
0.149074
0.163060
0.177017
0.190943
0.204834
0.218688
0.232501
0.246271
0.259996
0.273672
0.287296
0.300866
0.314380
0.327833
0.341224
0.354549
0.367807
0.380994
0.394107
0.407144
0.420101
0.432978
0.445770
0.458475
0.471090
0.483613
0.496041
0.508372
0.520602
0.532730
0.544753
0.556667
0.568472
0.580164
0.591740
0.603199
0.614538
0.625754
0.636845
0.647809
0.658643
0.669345
0.679913
0.690344
0.700636
0.710788
0.720796
0.730658
0.740373
0.749939
0.759352
0.768612
0.777716
0.786661
0.795447
0.804072
0.812532
0.820827
0.828954
0.836912
0.844699
0.852314
0.859753
0.867017
0.874103
0.881009
0.887734
0.894277
0.900635
0.906808
0.912794
0.918591
0.924199
0.929616
0.934840
0.939871
0.944707
0.949347
0.953790
0.958034
0.962080
0.965925
0.969569
0.973011
0.976250
0.979285
0.982115
0.984740
0.987159
0.989371
0.991375
0.993172
0.994760
0.996139
0.997308
0.998268
0.999017
0.999556
0.999883
1.000000
0.999905
0.999599
0.999081
0.998351
0.997410
0.996257
0.994893
0.993317
0.991530
0.989532
0.987323
0.984904
0.982274
0.979435
0.976387
0.973129
0.969664
0.965990
0.962110
0.958023
0.953731
0.949233
0.944531
0.939626
0.934519
0.929210
0.923701
0.917992
0.912084
0.905980
0.899679
0.893183
0.886494
0.879612
0.872539
0.865276
0.857825
0.850188
0.842365
0.834358
0.826169
0.817799
0.809250
0.800525
0.791623
0.782548
0.773302
0.763885
0.754300
0.744549
0.734634
0.724557
0.714320
0.703925
0.693375
0.682670
0.671814
0.660810
0.649658
0.638361
0.626923
0.615344
0.603629
0.591778
0.579795
0.567682
0.555441
0.543076
0.530589
0.517982
0.505258
0.492420
0.479471
0.466413
0.453249
0.439982
0.426615
0.413150
0.399591
0.385940
0.372201
0.358376
0.344469
0.330481
0.316418
0.302280
0.288072
0.273797
0.259457
0.245056
0.230598
0.216084
0.201519
0.186905
0.172245
0.157544
0.142804
0.128029
0.113221
0.098384
0.083521
0.068636
0.053731
0.038811
0.023879
0.008937
-0.006011
-0.020961
-0.035911
-0.050856
-0.065794
-0.080721
-0.095633
-0.110528
-0.125402
-0.140252
-0.155074
-0.169865
-0.184622
-0.199341
-0.214019
-0.228652
-0.243238
-0.257773
-0.272253
-0.286676
-0.301037
-0.315335
-0.329564
-0.343723
-0.357808
-0.371816
-0.385742
-0.399586
-0.413342
-0.427007
-0.440580
-0.454056
-0.467432
-0.480706
-0.493873
-0.506932
-0.519879
-0.532710
-0.545424
-0.558016
-0.570485
-0.582826
-0.595038
-0.607116
-0.619059
-0.630864
-0.642527
-0.654047
-0.665419
-0.676642
-0.687713
-0.698629
-0.709387
-0.719985
-0.730420
-0.740691
-0.750793
-0.760726
-0.770486
-0.780071
-0.789479
-0.798707
-0.807753
-0.816615
-0.825291
-0.833779
-0.842075
-0.850180
-0.858090
-0.865803
-0.873317
-0.880632
-0.887744
-0.894651
-0.901353
-0.907848
-0.914133
-0.920208
-0.926070
-0.931718
-0.937150
-0.942366
-0.947363
-0.952141
-0.956698
-0.961033
-0.965145
-0.969032
-0.972694
-0.976129
-0.979337
-0.982317
-0.985067
-0.987587
-0.989876
-0.991934
-0.993759
-0.995352
-0.996711
-0.997836
-0.998727
-0.999383
-0.999804
-0.999990
-0.999940
-0.999655
-0.999134
-0.998376
-0.997383
-0.996155
-0.994690
-0.992990
-0.991054
-0.988884
-0.986478
-0.983839
-0.980965
-0.977859
-0.974519
-0.970947
-0.967144
-0.963110
-0.958846
-0.954353
-0.949631
-0.944682
-0.939507
-0.934107
-0.928482
-0.922635
-0.916566
-0.910276
-0.903768
-0.897041
-0.890099
-0.882942
-0.875571
-0.867989
-0.860197
-0.852197
-0.843990
-0.835578
-0.826964
-0.818149
-0.809135
-0.799925
-0.790519
-0.780921
-0.771132
-0.761155
-0.750992
-0.740645
-0.730117
-0.719410
-0.708527
-0.697469
-0.686240
-0.674842
-0.663278
-0.651551
-0.639662
-0.627616
-0.615414
-0.603060
-0.590556
-0.577906
-0.565112
-0.552178
-0.539106
-0.525899
-0.512562
-0.499096
-0.485504
-0.471792
-0.457960
-0.444013
-0.429955
-0.415788
-0.401515
-0.387141
-0.372669
-0.358101
-0.343443
-0.328696
-0.313865
-0.298954
-0.283965
-0.268903
-0.253772
-0.238574
-0.223313
-0.207994
-0.192620
-0.177194
-0.161721
-0.146205
-0.130648
-0.115055
-0.099430
-0.083777
-0.068099
-0.052400
-0.036685
-0.020956
-0.005218
0.010524
0.026268
0.042010
0.057745
0.073469
0.089179
0.104871
0.120541
0.136184
0.151798
0.167377
0.182919
0.198419
0.213873
0.229278
0.244629
0.259923
0.275156
0.290324
0.305422
0.320449
0.335398
0.350267
0.365052
0.379750
0.394355
0.408865
0.423276
0.437585
0.451786
0.465878
0.479856
0.493716
0.507456
0.521071
0.534558
0.547913
0.561134
0.574216
0.587156
0.599951
0.612598
0.625092
0.637431
0.649612
0.661632
0.673486
0.685173
0.696689
0.708031
0.719195
0.730180
0.740982
0.751597
0.762025
0.772260
0.782302
0.792146
0.801791
0.811234
0.820472
0.829503
0.838324
0.846933
0.855328
0.863506
0.871464
0.879202
0.886716
0.894004
0.901066
0.907897
0.914497
0.920864
0.926996
0.932891
0.938548
0.943964
0.949138
0.954070
0.958756
0.963197
0.967390
0.971335
0.975029
0.978473
0.981665
0.984603
0.987287
0.989717
0.991891
0.993808
0.995468
0.996871
0.998015
0.998900
0.999526
0.999892
0.999999
0.999845
0.999432
0.998758
0.997823
0.996628
0.995174
0.993459
0.991484
0.989250
0.986758
0.984006
0.980997
0.977730
0.974207
0.970427
0.966393
0.962104
0.957561
0.952767
0.947721
0.942425
0.936880
0.931087
0.925049
0.918765
0.912238
0.905469
0.898459
0.891212
0.883727
0.876007
0.868055
0.859871
0.851457
0.842817
0.833951
0.824863
0.815554
0.806027
0.796284
0.786327
0.776160
0.765783
0.755202
0.744416
0.733431
0.722247
0.710869
0.699299
0.687540
0.675595
0.663467
0.651159
0.638674
0.626016
0.613187
0.600192
0.587033
0.573714
0.560238
0.546609
0.532831
0.518906
0.504839
0.490633
0.476292
0.461819
0.447219
0.432496
0.417652
0.402693
0.387622
0.372442
0.357159
0.341776
0.326297
0.310727
0.295068
0.279327
0.263506
0.247610
0.231643
0.215610
0.199515
0.183362
0.167155
0.150900
0.134599
0.118258
0.101881
0.085472
0.069037
0.052578
0.036102
0.019612
0.003112
-0.013392
-0.029897
-0.046397
-0.062889
-0.079367
-0.095828
-0.112266
-0.128677
-0.145058
-0.161402
-0.177706
-0.193966
-0.210176
-0.226332
-0.242430
-0.258465
-0.274434
-0.290330
-0.306151
-0.321891
-0.337547
-0.353113
-0.368586
-0.383961
-0.399234
-0.414400
-0.429456
-0.444397
-0.459218
-0.473917
-0.488488
-0.502927
-0.517231
-0.531395
-0.545415
-0.559287
-0.573008
-0.586573
-0.599979
-0.613222
-0.626297
-0.639201
-0.651931
-0.664483
-0.676853
-0.689038
-0.701033
-0.712836
-0.724444
-0.735852
-0.747057
-0.758057
-0.768848
-0.779427
-0.789790
-0.799935
-0.809859
-0.819558
-0.829030
-0.838273
-0.847282
-0.856056
-0.864592
-0.872888
-0.880941
-0.888748
-0.896307
-0.903615
-0.910672
-0.917474
-0.924019
-0.930306
-0.936331
-0.942095
-0.947594
-0.952827
-0.957792
-0.962488
-0.966912
-0.971065
-0.974944
-0.978548
-0.981876
-0.984926
-0.987699
-0.990191
-0.992404
-0.994335
-0.995985
-0.997352
-0.998436
-0.999237
-0.999754
-0.999986
-0.999933
-0.999596
-0.998974
-0.998067
-0.996875
-0.995399
-0.993637
-0.991592
-0.989263
-0.986651
-0.983755
-0.980578
-0.977119
-0.973380
-0.969361
-0.965063
-0.960487
-0.955634
-0.950506
-0.945104
-0.939429
-0.933483
-0.927267
-0.920783
-0.914032
-0.907016
-0.899738
-0.892198
-0.884399
-0.876344
-0.868033
-0.859470
-0.850657
-0.841595
-0.832288
-0.822739
-0.812948
-0.802921
-0.792658
-0.782163
-0.771439
-0.760488
-0.749315
-0.737921
-0.726310
-0.714485
-0.702450
-0.690208
-0.677762
-0.665115
-0.652272
-0.639236
-0.626011
-0.612600
-0.599007
-0.585236
-0.571290
-0.557175
-0.542894
-0.528450
-0.513848
-0.499093
-0.484188
-0.469137
-0.453946
-0.438618
-0.423158
-0.407570
-0.391858
-0.376028
-0.360084
-0.344030
-0.327871
-0.311612
-0.295257
-0.278812
-0.262281
-0.245668
-0.228979
-0.212219
-0.195393
-0.178504
-0.161559
-0.144563
-0.127519
-0.110434
-0.093313
-0.076160
-0.058980
-0.041779
-0.024562
-0.007333
0.009901
0.027137
0.044369
0.061591
0.078799
0.095987
0.113151
0.130284
0.147383
0.164442
0.181456
0.198419
0.215327
0.232175
0.248957
0.265668
0.282304
0.298859
0.315328
0.331707
0.347989
0.364171
0.380248
0.396214
0.412065
0.427795
0.443401
0.458877
0.474218
0.489420
0.504478
0.519388
0.534144
0.548743
0.563180
0.577450
0.591548
0.605472
0.619215
0.632775
0.646146
0.659324
0.672306
0.685088
0.697664
0.710032
0.722188
0.734127
0.745846
0.757341
0.768608
0.779645
0.790447
0.801011
0.811333
0.821411
0.831240
0.840819
0.850143
0.859211
0.868018
0.876562
0.884840
0.892849
0.900587
0.908052
0.915241
0.922150
0.928779
0.935125
0.941186
0.946959
0.952443
0.957636
0.962536
0.967141
0.971450
0.975461
0.979173
0.982584
0.985694
0.988501
0.991003
0.993201
0.995092
0.996677
0.997954
0.998924
0.999585
0.999937
0.999980
0.999713
0.999137
0.998251
0.997056
0.995551
0.993737
0.991614
0.989183
0.986444
0.983399
0.980046
0.976389
0.972426
0.968160
0.963592
0.958722
0.953552
0.948084
0.942319
0.936259
0.929904
0.923258
0.916322
0.909098
0.901588
0.893794
0.885718
0.877363
0.868732
0.859826
0.850648
0.841202
0.831489
0.821513
0.811277
0.800783
0.790035
0.779037
0.767790
0.756300
0.744568
0.732599
0.720397
0.707964
0.695306
0.682425
0.669325
0.656012
0.642488
0.628757
0.614825
0.600695
0.586371
0.571859
0.557162
0.542285
0.527232
0.512009
0.496621
0.481070
0.465364
0.449506
0.433502
0.417356
0.401073
0.384659
0.368120
0.351459
0.334682
0.317794
0.300802
0.283710
0.266523
0.249247
0.231888
0.214451
0.196941
0.179364
0.161726
0.144033
0.126289
0.108501
0.090674
0.072814
0.054926
0.037018
0.019093
0.001158
-0.016781
-0.034719
-0.052649
-0.070567
-0.088465
-0.106339
-0.124183
-0.141990
-0.159756
-0.177474
-0.195138
-0.212743
-0.230283
-0.247753
-0.265146
-0.282457
-0.299680
-0.316810
-0.333841
-0.350767
-0.367583
-0.384283
-0.400863
-0.417315
-0.433635
-0.449818
-0.465858
-0.481750
-0.497489
-0.513068
-0.528484
-0.543731
-0.558803
-0.573697
-0.588406
-0.602926
-0.617253
-0.631380
-0.645304
-0.659020
-0.672523
-0.685809
-0.698873
-0.711710
-0.724317
-0.736689
-0.748821
-0.760711
-0.772353
-0.783743
-0.794878
-0.805754
-0.816368
-0.826714
-0.836791
-0.846593
-0.856119
-0.865365
-0.874326
-0.883001
-0.891387
-0.899479
-0.907276
-0.914774
-0.921972
-0.928865
-0.935453
-0.941732
-0.947700
-0.953355
-0.958695
-0.963718
-0.968422
-0.972806
-0.976867
-0.980604
-0.984015
-0.987100
-0.989857
-0.992285
-0.994383
-0.996150
-0.997585
-0.998687
-0.999456
-0.999892
-0.999994
-0.999761
-0.999194
-0.998293
-0.997058
-0.995488
-0.993585
-0.991348
-0.988778
-0.985877
-0.982644
-0.979080
-0.975187
-0.970965
-0.966416
-0.961541
-0.956342
-0.950820
-0.944976
-0.938813
-0.932332
-0.925535
-0.918425
-0.911003
-0.903273
-0.895235
-0.886894
-0.878251
-0.869309
-0.860071
-0.850540
-0.840719
-0.830611
-0.820219
-0.809547
-0.798599
-0.787377
-0.775885
-0.764128
-0.752108
-0.739830
-0.727298
-0.714516
-0.701488
-0.688218
-0.674711
-0.660972
-0.647004
-0.632812
-0.618401
-0.603777
-0.588943
-0.573904
-0.558666
-0.543234
-0.527613
-0.511808
-0.495825
-0.479668
-0.463343
-0.446856
-0.430213
-0.413418
-0.396477
-0.379397
-0.362183
-0.344841
-0.327376
-0.309796
-0.292105
-0.274309
-0.256415
-0.238430
-0.220358
-0.202206
-0.183981
-0.165688
-0.147334
-0.128926
-0.110469
-0.091969
-0.073435
-0.054870
-0.036283
-0.017679
0.000934
0.019552
0.038166
0.056771
0.075361
0.093928
0.112467
0.130970
0.149432
0.167846
0.186205
0.204503
0.222734
0.240891
0.258968
0.276959
0.294857
0.312656
0.330349
0.347931
0.365395
0.382734
0.399944
0.417017
0.433948
0.450731
0.467359
0.483827
0.500129
0.516259
0.532211
0.547980
0.563559
0.578944
0.594128
0.609107
0.623875
0.638426
0.652756
0.666859
0.680729
0.694363
0.707755
0.720900
0.733793
0.746429
0.758805
0.770915
0.782755
0.794321
0.805608
0.816612
0.827330
0.837756
0.847888
0.857721
0.867252
0.876477
0.885393
0.893997
0.902284
0.910253
0.917899
0.925221
0.932214
0.938878
0.945208
0.951202
0.956859
0.962176
0.967150
0.971781
0.976065
0.980001
0.983588
0.986824
0.989708
0.992238
0.994413
0.996233
0.997696
0.998802
0.999549
0.999939
0.999969
0.999641
0.998953
0.997906
0.996500
0.994736
0.992613
0.990132
0.987295
0.984101
0.980552
0.976648
0.972392
0.967783
0.962825
0.957517
0.951862
0.945863
0.939520
0.932835
0.925812
0.918452
0.910758
0.902732
0.894378
0.885697
0.876693
0.867369
0.857728
0.847774
0.837509
0.826938
0.816064
0.804891
0.793422
0.781662
0.769615
0.757285
0.744676
0.731793
0.718640
0.705222
0.691544
0.677611
0.663426
0.648997
0.634326
0.619421
0.604286
0.588926
0.573348
0.557556
0.541556
0.525354
0.508956
0.492368
0.475596
0.458645
0.441522
0.424234
0.406785
0.389184
0.371435
0.353546
0.335523
0.317372
0.299101
0.280716
0.262223
0.243630
0.224942
0.206168
0.187314
0.168386
0.149393
0.130340
0.111235
0.092084
0.072896
0.053677
0.034434
0.015174
-0.004095
-0.023367
-0.042634
-0.061889
-0.081125
-0.100335
-0.119512
-0.138647
-0.157736
-0.176769
-0.195740
-0.214642
-0.233468
-0.252211
-0.270863
-0.289418
-0.307868
-0.326207
-0.344428
-0.362524
-0.380488
-0.398312
-0.415992
-0.433519
-0.450887
-0.468089
-0.485119
-0.501971
-0.518638
-0.535113
-0.551390
-0.567463
-0.583326
-0.598973
-0.614398
-0.629594
-0.644556
-0.659278
-0.673755
-0.687980
-0.701949
-0.715655
-0.729094
-0.742260
-0.755149
-0.767754
-0.780071
-0.792096
-0.803823
-0.815248
-0.826367
-0.837175
-0.847667
-0.857840
-0.867689
-0.877211
-0.886401
-0.895257
-0.903774
-0.911949
-0.919778
-0.927260
-0.934389
-0.941164
-0.947582
-0.953640
-0.959335
-0.964666
-0.969629
-0.974224
-0.978447
-0.982296
-0.985772
-0.988870
-0.991591
-0.993933
-0.995895
-0.997476
-0.998675
-0.999491
-0.999924
-0.999974
-0.999639
-0.998921
-0.997819
-0.996333
-0.994463
-0.992211
-0.989577
-0.986561
-0.983164
-0.979389
-0.975234
-0.970704
-0.965797
-0.960517
-0.954866
-0.948844
-0.942455
-0.935700
-0.928582
-0.921103
-0.913267
-0.905075
-0.896531
-0.887638
-0.878399
-0.868818
-0.858898
-0.848643
-0.838056
-0.827142
-0.815904
-0.804347
-0.792474
-0.780291
-0.767802
-0.755012
-0.741925
-0.728546
-0.714881
-0.700934
-0.686711
-0.672218
-0.657459
-0.642440
-0.627167
-0.611646
-0.595883
-0.579884
-0.563654
-0.547201
-0.530530
-0.513648
-0.496561
-0.479276
-0.461800
-0.444139
-0.426300
-0.408290
-0.390116
-0.371786
-0.353305
-0.334682
-0.315923
-0.297036
-0.278029
-0.258908
-0.239682
-0.220357
-0.200941
-0.181442
-0.161868
-0.142226
-0.122524
-0.102769
-0.082970
-0.063134
-0.043270
-0.023384
-0.003485
0.016420
0.036321
0.056213
0.076086
0.095932
0.115745
0.135515
0.155236
0.174898
0.194496
0.214019
0.233461
0.252815
0.272071
0.291223
0.310262
0.329182
0.347974
0.366631
0.385145
0.403509
0.421716
0.439757
0.457627
0.475317
0.492820
0.510129
0.527238
0.544138
0.560824
0.577289
0.593525
0.609526
0.625286
0.640798
0.656055
0.671052
0.685782
0.700239
0.714418
0.728311
0.741914
0.755221
0.768226
0.780924
0.793310
0.805378
0.817123
0.828541
0.839627
0.850375
0.860782
0.870842
0.880553
0.889909
0.898906
0.907542
0.915811
0.923711
0.931237
0.938388
0.945159
0.951547
0.957551
0.963167
0.968392
0.973225
0.977662
0.981703
0.985345
0.988586
0.991426
0.993862
0.995893
0.997518
0.998737
0.999548
0.999951
0.999946
0.999533
0.998710
0.997479
0.995840
0.993793
0.991338
0.988477
0.985210
0.981539
0.977465
0.972989
0.968112
0.962838
0.957166
0.951101
0.944643
0.937796
0.930561
0.922942
0.914942
0.906563
0.897810
0.888684
0.879191
0.869332
0.859114
0.848538
0.837610
0.826334
0.814715
0.802756
0.790463
0.777840
0.764894
0.751627
0.738047
0.724159
0.709967
0.695479
0.680699
0.665634
0.650289
0.634671
0.618787
0.602642
0.586244
0.569599
0.552713
0.535594
0.518249
0.500684
0.482907
0.464926
0.446747
0.428378
0.409827
0.391101
0.372208
0.353156
0.333953
0.314606
0.295124
0.275515
0.255786
0.235947
0.216005
0.195968
0.175846
0.155645
0.135376
0.115046
0.094664
0.074238
0.053776
0.033289
0.012783
-0.007732
-0.028247
-0.048755
-0.069246
-0.089712
-0.110144
-0.130533
-0.150871
-0.171149
-0.191359
-0.211492
-0.231540
-0.251493
-0.271344
-0.291084
-0.310704
-0.330197
-0.349553
-0.368765
-0.387825
-0.406723
-0.425453
-0.444006
-0.462373
-0.480548
-0.498522
-0.516288
-0.533837
-0.551163
-0.568258
-0.585114
-0.601724
-0.618081
-0.634177
-0.650006
-0.665561
-0.680835
-0.695822
-0.710514
-0.724905
-0.738990
-0.752761
-0.766213
-0.779339
-0.792135
-0.804594
-0.816711
-0.828480
-0.839896
-0.850954
-0.861650
-0.871977
-0.881933
-0.891511
-0.900709
-0.909521
-0.917943
-0.925973
-0.933606
-0.940838
-0.947667
-0.954088
-0.960100
-0.965699
-0.970883
-0.975649
-0.979995
-0.983918
-0.987418
-0.990491
-0.993137
-0.995354
-0.997141
-0.998497
-0.999421
-0.999913
-0.999971
-0.999596
-0.998788
-0.997546
-0.995872
-0.993765
-0.991226
-0.988256
-0.984856
-0.981027
-0.976772
-0.972090
-0.966985
-0.961458
-0.955511
-0.949146
-0.942367
-0.935176
-0.927576
-0.919569
-0.911160
-0.902351
-0.893147
-0.883550
-0.873566
-0.863197
-0.852449
-0.841327
-0.829833
-0.817975
-0.805755
-0.793180
-0.780255
-0.766986
-0.753377
-0.739436
-0.725167
-0.710577
-0.695672
-0.680458
-0.664942
-0.649131
-0.633031
-0.616650
-0.599994
-0.583070
-0.565887
-0.548450
-0.530769
-0.512850
-0.494701
-0.476331
-0.457746
-0.438956
-0.419969
-0.400792
-0.381434
-0.361904
-0.342210
-0.322361
-0.302366
-0.282232
-0.261970
-0.241588
-0.221094
-0.200499
-0.179811
-0.159040
-0.138193
-0.117282
-0.096314
-0.075300
-0.054248
-0.033168
-0.012070
0.009038
0.030146
0.051244
0.072323
0.093374
0.114387
0.135353
0.156262
0.177106
0.197874
0.218557
0.239147
0.259633
0.280007
0.300259
0.320381
0.340362
0.360195
0.379870
0.399378
0.418711
0.437859
0.456814
0.475567
0.494110
0.512434
0.530531
0.548393
0.566011
0.583377
0.600484
0.617323
0.633888
0.650169
0.666160
0.681854
0.697242
0.712318
0.727076
0.741507
0.755606
0.769366
0.782780
0.795842
0.808546
0.820887
0.832858
0.844453
0.855667
0.866496
0.876933
0.886974
0.896614
0.905849
0.914673
0.923083
0.931075
0.938645
0.945789
0.952504
0.958786
0.964633
0.970040
0.975007
0.979530
0.983606
0.987234
0.990412
0.993139
0.995412
0.997230
0.998592
0.999498
0.999947
0.999938
0.999471
0.998546
0.997164
0.995323
0.993026
0.990273
0.987065
0.983403
0.979289
0.974724
0.969710
0.964250
0.958345
0.951997
0.945211
0.937988
0.930331
0.922244
0.913731
0.904795
0.895440
0.885669
0.875489
0.864902
0.853913
0.842528
0.830751
0.818588
0.806044
0.793124
0.779835
0.766182
0.752172
0.737811
0.723105
0.708060
0.692685
0.676985
0.660968
0.644641
0.628012
0.611087
0.593876
0.576385
0.558622
0.540596
0.522316
0.503788
0.485023
0.466028
0.446812
0.427384
0.407753
0.387928
0.367919
0.347734
0.327383
0.306875
0.286220
0.265427
0.244506
0.223467
0.202320
0.181074
0.159739
0.138325
0.116843
0.095302
0.073712
0.052084
0.030428
0.008753
-0.012930
-0.034610
-0.056278
-0.077924
-0.099537
-0.121107
-0.142623
-0.164076
-0.185456
-0.206752
-0.227955
-0.249053
-0.270038
-0.290899
-0.311627
-0.332211
-0.352641
-0.372908
-0.393003
-0.412915
-0.432635
-0.452154
-0.471462
-0.490550
-0.509409
-0.528029
-0.546402
-0.564520
-0.582372
-0.599951
-0.617248
-0.634255
-0.650963
-0.667364
-0.683451
-0.699216
-0.714650
-0.729746
-0.744498
-0.758897
-0.772937
-0.786610
-0.799911
-0.812832
-0.825367
-0.837511
-0.849256
-0.860597
-0.871528
-0.882045
-0.892141
-0.901812
-0.911053
-0.919859
-0.928226
-0.936149
-0.943624
-0.950649
-0.957218
-0.963328
-0.968977
-0.974162
-0.978879
-0.983127
-0.986902
-0.990203
-0.993028
-0.995376
-0.997244
-0.998632
-0.999539
-0.999965
-0.999908
-0.999369
-0.998347
-0.996843
-0.994857
-0.992390
-0.989443
-0.986017
-0.982113
-0.977733
-0.972880
-0.967554
-0.961759
-0.955497
-0.948770
-0.941582
-0.933937
-0.925836
-0.917285
-0.908287
-0.898846
-0.888966
-0.878653
-0.867911
-0.856744
-0.845159
-0.833160
-0.820753
-0.807944
-0.794739
-0.781145
-0.767167
-0.752813
-0.738088
-0.723001
-0.707558
-0.691766
-0.675634
-0.659169
-0.642378
-0.625270
-0.607853
-0.590136
-0.572126
-0.553833
-0.535265
-0.516432
-0.497342
-0.478005
-0.458429
-0.438626
-0.418603
-0.398371
-0.377940
-0.357319
-0.336520
-0.315550
-0.294422
-0.273146
-0.251731
-0.230188
-0.208528
-0.186762
-0.164899
-0.142952
-0.120930
-0.098844
-0.076706
-0.054526
-0.032316
-0.010085
0.012155
0.034392
0.056616
0.078816
0.100981
0.123100
0.145162
0.167155
0.189069
0.210894
0.232617
0.254229
0.275719
0.297075
0.318287
0.339345
0.360237
0.380954
0.401485
0.421820
0.441948
0.461860
0.481545
0.500993
0.520195
0.539140
0.557820
0.576224
0.594344
0.612170
0.629694
0.646905
0.663796
0.680358
0.696583
0.712461
0.727985
0.743148
0.757940
0.772355
0.786386
0.800024
0.813263
0.826096
0.838517
0.850518
0.862095
0.873239
0.883947
0.894212
0.904028
0.913392
0.922296
0.930738
0.938712
0.946215
0.953241
0.959788
0.965852
0.971429
0.976517
0.981112
0.985213
0.988816
0.991919
0.994522
0.996621
0.998217
0.999307
0.999892
0.999970
0.999541
0.998605
0.997162
0.995213
0.992759
0.989800
0.986338
0.982375
0.977911
0.972949
0.967492
0.961541
0.955100
0.948172
0.940759
0.932866
0.924496
0.915654
0.906342
0.896567
0.886333
0.875644
0.864506
0.852925
0.840906
0.828455
0.815578
0.802281
0.788572
0.774457
0.759942
0.745036
0.729746
0.714078
0.698042
0.681646
0.664896
0.647802
0.630373
0.612617
0.594543
0.576161
0.557479
0.538507
0.519255
0.499732
0.479948
0.459914
0.439640
0.419136
0.398411
0.377478
0.356347
0.335028
0.313532
0.291871
0.270056
0.248097
0.226006
0.203794
0.181473
0.159055
0.136550
0.113971
0.091329
0.068636
0.045903
0.023143
0.000367
-0.022414
-0.045186
-0.067939
-0.090660
-0.113339
-0.135962
-0.158518
-0.180995
-0.203383
-0.225668
-0.247839
-0.269885
-0.291794
-0.313555
-0.335156
-0.356585
-0.377833
-0.398886
-0.419735
-0.440368
-0.460775
-0.480944
-0.500866
-0.520528
-0.539922
-0.559036
-0.577861
-0.596386
-0.614602
-0.632499
-0.650068
-0.667298
-0.684181
-0.700709
-0.716871
-0.732659
-0.748065
-0.763081
-0.777698
-0.791908
-0.805705
-0.819079
-0.832025
-0.844535
-0.856602
-0.868220
-0.879382
-0.890083
-0.900316
-0.910075
-0.919356
-0.928153
-0.936461
-0.944276
-0.951593
-0.958409
-0.964718
-0.970518
-0.975806
-0.980578
-0.984832
-0.988564
-0.991774
-0.994458
-0.996615
-0.998244
-0.999344
-0.999913
-0.999951
-0.999459
-0.998435
-0.996881
-0.994796
-0.992181
-0.989039
-0.985369
-0.981175
-0.976457
-0.971218
-0.965460
-0.959187
-0.952402
-0.945107
-0.937306
-0.929004
-0.920205
-0.910913
-0.901132
-0.890868
-0.880126
-0.868911
-0.857230
-0.845087
-0.832491
-0.819446
-0.805960
-0.792040
-0.777693
-0.762927
-0.747749
-0.732167
-0.716189
-0.699824
-0.683081
-0.665968
-0.648493
-0.630668
-0.612500
-0.593999
-0.575176
-0.556040
-0.536601
-0.516870
-0.496857
-0.476573
-0.456028
-0.435234
-0.414202
-0.392942
-0.371467
-0.349788
-0.327916
-0.305863
-0.283641
-0.261262
-0.238738
-0.216081
-0.193304
-0.170418
-0.147435
-0.124369
-0.101232
-0.078036
-0.054794
-0.031519
-0.008222
0.015083
0.038383
0.061667
0.084921
0.108132
0.131289
0.154377
0.177386
0.200302
0.223112
0.245805
0.268367
0.290787
0.313052
0.335149
0.357068
0.378795
0.400319
0.421627
0.442709
0.463552
0.484145
0.504476
0.524535
0.544310
0.563791
0.582965
0.601823
0.620355
0.638549
0.656397
0.673887
0.691010
0.707756
0.724117
0.740082
0.755644
0.770792
0.785519
0.799817
0.813676
0.827090
0.840051
0.852551
0.864584
0.876142
0.887219
0.897808
0.907904
0.917501
0.926592
0.935173
0.943239
0.950786
0.957807
0.964301
0.970262
0.975687
0.980573
0.984917
0.988716
0.991968
0.994671
0.996823
0.998422
0.999468
0.999959
0.999895
0.999276
0.998102
0.996373
0.994090
0.991254
0.987866
0.983928
0.979442
0.974410
0.968834
0.962717
0.956064
0.948876
0.941158
0.932913
0.924147
0.914863
0.905068
0.894765
0.883960
0.872660
0.860870
0.848597
0.835847
0.822627
0.808944
0.794807
0.780222
0.765197
0.749741
0.733862
0.717569
0.700871
0.683776
0.666295
0.648438
0.630212
0.611630
0.592701
0.573436
0.553845
0.533939
0.513730
0.493228
0.472445
0.451392
0.430082
0.408525
0.386735
0.364723
0.342502
0.320084
0.297482
0.274708
0.251775
0.228696
0.205484
0.182152
0.158714
0.135181
0.111569
0.087889
0.064156
0.040383
0.016583
-0.007230
-0.031043
-0.054842
-0.078613
-0.102344
-0.126021
-0.149629
-0.173157
-0.196590
-0.219914
-0.243118
-0.266186
-0.289107
-0.311867
-0.334453
-0.356852
-0.379051
-0.401038
-0.422799
-0.444322
-0.465596
-0.486607
-0.507344
-0.527794
-0.547945
-0.567787
-0.587307
-0.606495
-0.625338
-0.643827
-0.661950
-0.679697
-0.697057
-0.714021
-0.730578
-0.746719
-0.762434
-0.777714
-0.792550
-0.806933
-0.820856
-0.834309
-0.847284
-0.859775
-0.871773
-0.883272
-0.894264
-0.904743
-0.914703
-0.924138
-0.933042
-0.941409
-0.949236
-0.956516
-0.963245
-0.969420
-0.975036
-0.980090
-0.984578
-0.988499
-0.991849
-0.994626
-0.996828
-0.998454
-0.999502
-0.999972
-0.999863
-0.999175
-0.997907
-0.996062
-0.993638
-0.990638
-0.987063
-0.982914
-0.978194
-0.972905
-0.967050
-0.960633
-0.953656
-0.946123
-0.938039
-0.929408
-0.920235
-0.910525
-0.900283
-0.889515
-0.878227
-0.866425
-0.854116
-0.841307
-0.828005
-0.814218
-0.799954
-0.785220
-0.770025
-0.754378
-0.738287
-0.721762
-0.704812
-0.687448
-0.669678
-0.651513
-0.632964
-0.614042
-0.594756
-0.575119
-0.555142
-0.534836
-0.514213
-0.493285
-0.472064
-0.450562
-0.428793
-0.406768
-0.384500
-0.362003
-0.339290
-0.316373
-0.293267
-0.269984
-0.246539
-0.222945
-0.199215
-0.175365
-0.151408
-0.127357
-0.103228
-0.079034
-0.054789
-0.030508
-0.006206
0.018104
0.042407
0.066688
0.090934
0.115130
0.139262
0.163315
0.187275
0.211127
0.234859
0.258454
0.281900
0.305183
0.328288
0.351202
0.373910
0.396401
0.418659
0.440672
0.462426
0.483909
0.505107
0.526008
0.546599
0.566868
0.586803
0.606391
0.625621
0.644480
0.662959
0.681044
0.698726
0.715994
0.732837
0.749246
0.765209
0.780717
0.795761
0.810331
0.824419
0.838016
0.851113
0.863703
0.875778
0.887330
0.898352
0.908837
0.918779
0.928171
0.937008
0.945283
0.952993
0.960132
0.966695
0.972678
0.978077
0.982889
0.987110
0.990739
0.993772
0.996206
0.998042
0.999276
0.999909
0.999939
0.999366
0.998190
0.996412
0.994033
0.991052
0.987473
0.983297
0.978527
0.973164
0.967212
0.960674
0.953554
0.945856
0.937584
0.928743
0.919338
0.909375
0.898859
0.887796
0.876194
0.864058
0.851396
0.838215
0.824524
0.810329
0.795640
0.780465
0.764814
0.748695
0.732118
0.715093
0.697630
0.679740
0.661434
0.642721
0.623614
0.604124
0.584262
0.564042
0.543474
0.522571
0.501346
0.479811
0.457980
0.435866
0.413483
0.390843
0.367960
0.344849
0.321523
0.297997
0.274285
0.250402
0.226361
0.202178
0.177867
0.153444
0.128923
0.104318
0.079647
0.054922
0.030160
0.005376
-0.019415
-0.044198
-0.068958
-0.093679
-0.118346
-0.142944
-0.167458
-0.191872
-0.216172
-0.240342
-0.264367
-0.288234
-0.311926
-0.335429
-0.358728
-0.381810
-0.404659
-0.427262
-0.449605
-0.471672
-0.493452
-0.514929
-0.536091
-0.556925
-0.577416
-0.597554
-0.617324
-0.636715
-0.655714
-0.674309
-0.692489
-0.710242
-0.727557
-0.744423
-0.760829
-0.776765
-0.792221
-0.807187
-0.821654
-0.835611
-0.849051
-0.861965
-0.874344
-0.886181
-0.897467
-0.908196
-0.918361
-0.927955
-0.936971
-0.945405
-0.953250
-0.960501
-0.967154
-0.973204
-0.978646
-0.983479
-0.987697
-0.991298
-0.994280
-0.996640
-0.998377
-0.999489
-0.999976
-0.999836
-0.999070
-0.997678
-0.995660
-0.993018
-0.989752
-0.985865
-0.981358
-0.976235
-0.970497
-0.964150
-0.957195
-0.949638
-0.941482
-0.932733
-0.923396
-0.913477
-0.902981
-0.891915
-0.880286
-0.868100
-0.855365
-0.842089
-0.828280
-0.813947
-0.799097
-0.783742
-0.767889
-0.751549
-0.734731
-0.717447
-0.699707
-0.681522
-0.662903
-0.643861
-0.624410
-0.604560
-0.584325
-0.563716
-0.542748
-0.521432
-0.499782
-0.477812
-0.455536
-0.432968
-0.410121
-0.387011
-0.363652
-0.340058
-0.316244
-0.292226
-0.268018
-0.243637
-0.219097
-0.194414
-0.169603
-0.144681
-0.119663
-0.094565
-0.069403
-0.044193
-0.018951
0.006306
0.031564
0.056805
0.082013
0.107172
0.132267
0.157281
0.182198
0.207003
0.231678
0.256209
0.280579
0.304774
0.328777
0.352572
0.376146
0.399482
0.422565
0.445380
0.467913
0.490149
0.512074
0.533673
0.554933
0.575839
0.596378
0.616537
0.636302
0.655661
0.674601
0.693110
0.711175
0.728785
0.745927
0.762592
0.778768
0.794444
0.809610
0.824256
0.838373
0.851950
0.864979
0.877451
0.889359
0.900693
0.911447
0.921614
0.931185
0.940156
0.948519
0.956270
0.963403
0.969912
0.975795
0.981045
0.985661
0.989638
0.992974
0.995666
0.997712
0.999111
0.999861
0.999961
0.999412
0.998214
0.996366
0.993870
0.990727
0.986939
0.982508
0.977437
0.971728
0.965385
0.958413
0.950815
0.942595
0.933760
0.924314
0.914264
0.903616
0.892375
0.880551
0.868149
0.855178
0.841647
0.827563
0.812935
0.797774
0.782088
0.765889
0.749185
0.731988
0.714309
0.696159
0.677550
0.658494
0.639004
0.619091
0.598769
0.578052
0.556951
0.535482
0.513657
0.491492
0.469001
0.446198
0.423098
0.399716
0.376068
0.352169
0.328034
0.303680
0.279122
0.254377
0.229461
0.204389
0.179179
0.153848
0.128411
0.102885
0.077288
0.051637
0.025947
0.000237
-0.025477
-0.051178
-0.076849
-0.102473
-0.128032
-0.153510
-0.178890
-0.204156
-0.229289
-0.254275
-0.279095
-0.303733
-0.328174
-0.352400
-0.376395
-0.400145
-0.423631
-0.446840
-0.469755
-0.492360
-0.514642
-0.536584
-0.558172
-0.579392
-0.600229
-0.620670
-0.640700
-0.660305
-0.679474
-0.698192
-0.716447
-0.734226
-0.751518
-0.768311
-0.784594
-0.800354
-0.815582
-0.830268
-0.844400
-0.857970
-0.870967
-0.883384
-0.895212
-0.906442
-0.917066
-0.927078
-0.936470
-0.945236
-0.953369
-0.960864
-0.967716
-0.973920
-0.979471
-0.984365
-0.988598
-0.992169
-0.995073
-0.997309
-0.998874
-0.999768
-0.999990
-0.999539
-0.998416
-0.996620
-0.994152
-0.991015
-0.987209
-0.982738
-0.977603
-0.971809
-0.965358
-0.958255
-0.950504
-0.942110
-0.933079
-0.923416
-0.913128
-0.902222
-0.890704
-0.878582
-0.865864
-0.852558
-0.838674
-0.824220
-0.809205
-0.793641
-0.777536
-0.760902
-0.743750
-0.726091
-0.707937
-0.689301
-0.670193
-0.650629
-0.630619
-0.610179
-0.589321
-0.568059
-0.546408
-0.524383
-0.501998
-0.479268
-0.456209
-0.432836
-0.409165
-0.385212
-0.360993
-0.336525
-0.311824
-0.286907
-0.261790
-0.236492
-0.211028
-0.185417
-0.159676
-0.133822
-0.107873
-0.081847
-0.055761
-0.029633
-0.003482
0.022676
0.048822
0.074937
0.101006
0.127008
0.152927
0.178745
0.204445
0.230007
0.255415
0.280652
0.305699
0.330540
0.355157
0.379534
0.403654
0.427499
0.451054
0.474302
0.497227
0.519813
0.542044
0.563905
0.585381
0.606457
0.627118
0.647349
0.667137
0.686468
0.705328
0.723703
0.741582
0.758952
0.775799
0.792114
0.807883
0.823096
0.837742
0.851811
0.865293
0.878177
0.890456
0.902121
0.913162
0.923572
0.933344
0.942470
0.950944
0.958760
0.965912
0.972395
0.978205
0.983335
0.987784
0.991548
0.994623
0.997007
0.998699
0.999696
0.999999
0.999605
0.998516
0.996732
0.994254
0.991083
0.987221
0.982671
0.977435
0.971517
0.964920
0.957650
0.949710
0.941106
0.931844
0.921931
0.911371
0.900174
0.888346
0.875895
0.862830
0.849160
0.834893
0.820041
0.804612
0.788618
0.772069
0.754977
0.737353
0.719211
0.700561
0.681417
0.661793
0.641702
0.621158
0.600174
0.578766
0.556949
0.534737
0.512147
0.489193
0.465892
0.442260
0.418314
0.394070
0.369545
0.344756
0.319722
0.294459
0.268984
0.243317
0.217474
0.191475
0.165337
0.139079
0.112719
0.086276
0.059768
0.033215
0.006634
-0.019955
-0.046533
-0.073082
-0.099583
-0.126017
-0.152365
-0.178609
-0.204731
-0.230710
-0.256530
-0.282171
-0.307616
-0.332845
-0.357843
-0.382589
-0.407067
-0.431260
-0.455150
-0.478719
-0.501952
-0.524831
-0.547339
-0.569462
-0.591182
-0.612485
-0.633355
-0.653776
-0.673735
-0.693217
-0.712207
-0.730692
-0.748659
-0.766094
-0.782985
-0.799320
-0.815087
-0.830274
-0.844870
-0.858865
-0.872247
-0.885009
-0.897139
-0.908630
-0.919472
-0.929658
-0.939181
-0.948032
-0.956205
-0.963695
-0.970496
-0.976602
-0.982009
-0.986713
-0.990710
-0.993996
-0.996570
-0.998429
-0.999572
-0.999997
-0.999704
-0.998692
-0.996963
-0.994517
-0.991355
-0.987480
-0.982894
-0.977600
-0.971602
-0.964903
-0.957509
-0.949424
-0.940654
-0.931204
-0.921082
-0.910294
-0.898849
-0.886753
-0.874016
-0.860646
-0.846652
-0.832046
-0.816836
-0.801034
-0.784651
-0.767698
-0.750188
-0.732133
-0.713546
-0.694439
-0.674828
-0.654725
-0.634145
-0.613103
-0.591613
-0.569692
-0.547355
-0.524618
-0.501498
-0.478010
-0.454172
-0.430001
-0.405515
-0.380731
-0.355667
-0.330341
-0.304771
-0.278977
-0.252976
-0.226788
-0.200431
-0.173925
-0.147288
-0.120541
-0.093702
-0.066792
-0.039829
-0.012834
0.014174
0.041176
0.068151
0.095079
0.121942
0.148719
0.175392
0.201939
0.228343
0.254582
0.280640
0.306495
0.332129
0.357524
0.382661
0.407520
0.432084
0.456335
0.480255
0.503825
0.527030
0.549851
0.572271
0.594275
0.615845
0.636966
0.657621
0.677797
0.697477
0.716647
0.735293
0.753400
0.770956
0.787946
0.804359
0.820182
0.835403
0.850011
0.863995
0.877344
0.890048
0.902097
0.913482
0.924196
0.934228
0.943573
0.952222
0.960169
0.967408
0.973933
0.979739
0.984822
0.989177
0.992801
0.995692
0.997845
0.999261
0.999937
0.999872
0.999067
0.997522
0.995237
0.992214
0.988454
0.983961
0.978738
0.972787
0.966114
0.958723
0.950618
0.941807
0.932294
0.922087
0.911193
0.899621
0.887377
0.874472
0.860915
0.846715
0.831882
0.816428
0.800364
0.783701
0.766452
0.748629
0.730246
0.711316
0.691852
0.671870
0.651383
0.630408
0.608958
0.587052
0.564703
0.541930
0.518748
0.495176
0.471230
0.446928
0.422289
0.397331
0.372071
0.346530
0.320726
0.294678
0.268406
0.241929
0.215268
0.188441
0.161470
0.134374
0.107174
0.079889
0.052541
0.025151
-0.002263
-0.029678
-0.057074
-0.084431
-0.111727
-0.138944
-0.166059
-0.193052
-0.219904
-0.246593
-0.273100
-0.299405
-0.325487
-0.351328
-0.376906
-0.402203
-0.427201
-0.451879
-0.476218
-0.500202
-0.523810
-0.547026
-0.569831
-0.592209
-0.614141
-0.635612
-0.656605
-0.677103
-0.697092
-0.716555
-0.735478
-0.753846
-0.771646
-0.788863
-0.805484
-0.821497
-0.836888
-0.851646
-0.865760
-0.879219
-0.892012
-0.904129
-0.915561
-0.926298
-0.936333
-0.945657
-0.954264
-0.962146
-0.969296
-0.975710
-0.981382
-0.986308
-0.990483
-0.993904
-0.996569
-0.998474
-0.999618
-1.000000
-0.999619
-0.998476
-0.996571
-0.993904
-0.990479
-0.986297
-0.981360
-0.975674
-0.969241
-0.962066
-0.954154
-0.945512
-0.936145
-0.926061
-0.915267
-0.903771
-0.891581
-0.878706
-0.865157
-0.850943
-0.836074
-0.820563
-0.804421
-0.787659
-0.770291
-0.752329
-0.733788
-0.714681
-0.695022
-0.674827
-0.654111
-0.632889
-0.611178
-0.588994
-0.566355
-0.543277
-0.519777
-0.495875
-0.471588
-0.446934
-0.421933
-0.396604
-0.370966
-0.345038
-0.318842
-0.292396
-0.265721
-0.238837
-0.211766
-0.184528
-0.157144
-0.129636
-0.102023
-0.074329
-0.046573
-0.018778
0.009035
0.036845
0.064629
0.092367
0.120037
0.147617
0.175087
0.202424
0.229607
0.256617
0.283430
0.310027
0.336387
0.362489
0.388312
0.413838
0.439045
0.463915
0.488427
0.512562
0.536302
0.559628
0.582521
0.604964
0.626940
0.648430
0.669417
0.689886
0.709821
0.729204
0.748022
0.766259
0.783901
0.800933
0.817343
0.833117
0.848243
0.862709
0.876502
0.889613
0.902030
0.913744
0.924745
0.935025
0.944574
0.953386
0.961453
0.968769
0.975327
0.981122
0.986150
0.990405
0.993885
0.996587
0.998507
0.999645
0.999999
0.999568
0.998353
0.996354
0.993573
0.990011
0.985671
0.980556
0.974669
0.968016
0.960601
0.952429
0.943507
0.933842
0.923440
0.912310
0.900461
0.887901
0.874639
0.860687
0.846055
0.830753
0.814795
0.798192
0.780958
0.763105
0.744647
0.725599
0.705976
0.685792
0.665065
0.643809
0.622041
0.599779
0.577040
0.553842
0.530202
0.506140
0.481675
0.456825
0.431610
0.406050
0.380165
0.353976
0.327502
0.300766
0.273788
0.246590
0.219192
0.191617
0.163887
0.136023
0.108048
0.079983
0.051851
0.023675
-0.004523
-0.032722
-0.060898
-0.089028
-0.117091
-0.145065
-0.172926
-0.200653
-0.228224
-0.255615
-0.282807
-0.309776
-0.336502
-0.362962
-0.389136
-0.415003
-0.440541
-0.465731
-0.490551
-0.514983
-0.539007
-0.562602
-0.585751
-0.608434
-0.630633
-0.652330
-0.673508
-0.694149
-0.714238
-0.733756
-0.752689
-0.771022
-0.788739
-0.805825
-0.822268
-0.838053
-0.853168
-0.867601
-0.881338
-0.894370
-0.906686
-0.918274
-0.929127
-0.939234
-0.948588
-0.957180
-0.965003
-0.972052
-0.978319
-0.983800
-0.988489
-0.992384
-0.995479
-0.997774
-0.999265
-0.999950
-0.999830
-0.998904
-0.997172
-0.994636
-0.991297
-0.987157
-0.982221
-0.976490
-0.969971
-0.962667
-0.954585
-0.945730
-0.936109
-0.925731
-0.914603
-0.902733
-0.890132
-0.876809
-0.862774
-0.848039
-0.832616
-0.816517
-0.799753
-0.782340
-0.764291
-0.745619
-0.726341
-0.706471
-0.686025
-0.665021
-0.643474
-0.621401
-0.598822
-0.575753
-0.552214
-0.528223
-0.503800
-0.478964
-0.453736
-0.428136
-0.402184
-0.375902
-0.349311
-0.322432
-0.295287
-0.267898
-0.240288
-0.212479
-0.184493
-0.156354
-0.128083
-0.099705
-0.071242
-0.042717
-0.014155
0.014423
0.042992
0.071530
0.100012
0.128416
0.156719
0.184896
0.212926
0.240785
0.268450
0.295898
0.323108
0.350056
0.376721
0.403080
0.429111
0.454794
0.480108
0.505030
0.529541
0.553621
0.577249
0.600406
0.623073
0.645230
0.666860
0.687945
0.708467
0.728409
0.747754
0.766487
0.784591
0.802052
0.818855
0.834986
0.850431
0.865177
0.879213
0.892525
0.905104
0.916938
0.928017
0.938332
0.947875
0.956636
0.964609
0.971786
0.978162
0.983731
0.988488
0.992428
0.995549
0.997847
0.999320
0.999967
0.999787
0.998779
0.996945
0.994285
0.990802
0.986497
0.981375
0.975439
0.968694
0.961145
0.952798
0.943660
0.933739
0.923041
0.911576
0.899352
0.886381
0.872672
0.858236
0.843086
0.827233
0.810690
0.793472
0.775591
0.757063
0.737904
0.718127
0.697751
0.676791
0.655266
0.633191
0.610587
0.587471
0.563863
0.539782
0.515248
0.490281
0.464902
0.439133
0.412994
0.386506
0.359693
0.332577
0.305179
0.277524
0.249633
0.221530
0.193238
0.164782
0.136184
0.107470
0.078662
0.049784
0.020862
-0.008081
-0.037020
-0.065932
-0.094792
-0.123576
-0.152260
-0.180819
-0.209229
-0.237468
-0.265510
-0.293332
-0.320912
-0.348225
-0.375248
-0.401960
-0.428336
-0.454355
-0.479996
-0.505235
-0.530052
-0.554426
-0.578336
-0.601762
-0.624684
-0.647083
-0.668938
-0.690233
-0.710948
-0.731066
-0.750570
-0.769443
-0.787669
-0.805233
-0.822118
-0.838312
-0.853800
-0.868568
-0.882604
-0.895896
-0.908432
-0.920202
-0.931195
-0.941401
-0.950813
-0.959420
-0.967217
-0.974196
-0.980351
-0.985676
-0.990167
-0.993819
-0.996629
-0.998595
-0.999715
-0.999986
-0.999410
-0.997985
-0.995713
-0.992596
-0.988635
-0.983835
-0.978198
-0.971730
-0.964435
-0.956319
-0.947389
-0.937653
-0.927118
-0.915793
-0.903687
-0.890811
-0.877175
-0.862790
-0.847669
-0.831824
-0.815269
-0.798016
-0.780082
-0.761480
-0.742226
-0.722337
-0.701830
-0.680721
-0.659029
-0.636771
-0.613967
-0.590637
-0.566798
-0.542473
-0.517681
-0.492444
-0.466783
-0.440719
-0.414276
-0.387475
-0.360339
-0.332892
-0.305157
-0.277157
-0.248917
-0.220460
-0.191810
-0.162994
-0.134034
-0.104956
-0.075785
-0.046545
-0.017262
0.012039
0.041333
0.070595
0.099799
0.128921
0.157935
0.186817
0.215541
0.244083
0.272419
0.300523
0.328372
0.355941
0.383207
0.410145
0.436734
0.462949
0.488768
0.514169
0.539129
0.563627
0.587642
0.611152
0.634138
0.656579
0.678456
0.699749
0.720440
0.740511
0.759944
0.778723
0.796831
0.814251
0.830970
0.846971
0.862242
0.876768
0.890536
0.903535
0.915753
0.927179
0.937804
0.947616
0.956609
0.964773
0.972101
0.978587
0.984224
0.989009
0.992935
0.996000
0.998200
0.999534
0.999999
0.999596
0.998324
0.996184
0.993177
0.989307
0.984575
0.978987
0.972546
0.965257
0.957127
0.948163
0.938373
0.927763
0.916344
0.904125
0.891117
0.877330
0.862776
0.847468
0.831419
0.814643
0.797153
0.778966
0.760096
0.740561
0.720376
0.699560
0.678129
0.656104
0.633502
0.610344
0.586649
0.562439
0.537733
0.512554
0.486923
0.460863
0.434397
0.407547
0.380337
0.352791
0.324932
0.296785
0.268375
0.239726
0.210864
0.181814
0.152600
0.123250
0.093788
0.064241
0.034633
0.004993
-0.024656
-0.054286
-0.083871
-0.113386
-0.142805
-0.172101
-0.201248
-0.230222
-0.258996
-0.287545
-0.315844
-0.343867
-0.371591
-0.398990
-0.426040
-0.452718
-0.478999
-0.504860
-0.530278
-0.555231
-0.579697
-0.603653
-0.627079
-0.649953
-0.672255
-0.693966
-0.715065
-0.735535
-0.755356
-0.774511
-0.792983
-0.810755
-0.827811
-0.844137
-0.859716
-0.874535
-0.888582
-0.901842
-0.914305
-0.925958
-0.936792
-0.946795
-0.955960
-0.964278
-0.971741
-0.978342
-0.984075
-0.988935
-0.992917
-0.996017
-0.998232
-0.999560
-1.000000
-0.999551
-0.998212
-0.995986
-0.992872
-0.988875
-0.983998
-0.978243
-0.971617
-0.964125
-0.955772
-0.946567
-0.936518
-0.925632
-0.913920
-0.901392
-0.888058
-0.873930
-0.859021
-0.843343
-0.826911
-0.809738
-0.791841
-0.773234
-0.753933
-0.733957
-0.713323
-0.692049
-0.670153
-0.647656
-0.624576
-0.600936
-0.576754
-0.552054
-0.526857
-0.501185
-0.475062
-0.448509
-0.421553
-0.394215
-0.366521
-0.338495
-0.310162
-0.281549
-0.252679
-0.223580
-0.194277
-0.164796
-0.135164
-0.105408
-0.075553
-0.045628
-0.015658
0.014329
0.044306
0.074247
0.104124
0.133910
0.163579
0.193104
0.222458
0.251615
0.280548
0.309232
0.337639
0.365746
0.393526
0.420953
0.448004
0.474654
0.500878
0.526653
0.551955
0.576761
0.601049
0.624797
0.647982
0.670585
0.692583
0.713958
0.734690
0.754759
0.774147
0.792837
0.810811
0.828053
0.844547
0.860278
0.875231
0.889393
0.902751
0.915291
0.927003
0.937876
0.947899
0.957064
0.965361
0.972782
0.979322
0.984972
0.989729
0.993588
0.996544
0.998595
0.999739
0.999973
0.999299
0.997716
0.995225
0.991828
0.987528
0.982329
0.976235
0.969251
0.961384
0.952641
0.943028
0.932555
0.921230
0.909065
0.896069
0.882255
0.867634
0.852220
0.836027
0.819068
0.801360
0.782919
0.763760
0.743901
0.723361
0.702157
0.680309
0.657837
0.634761
0.611101
0.586880
0.562120
0.536842
0.511070
0.484828
0.458138
0.431027
0.403517
0.375635
0.347405
0.318854
0.290008
0.260893
0.231535
0.201962
0.172200
0.142278
0.112221
0.082058
0.051817
0.021525
-0.008790
-0.039099
-0.069376
-0.099593
-0.129721
-0.159732
-0.189600
-0.219297
-0.248794
-0.278066
-0.307084
-0.335823
-0.364255
-0.392355
-0.420096
-0.447452
-0.474399
-0.500911
-0.526964
-0.552533
-0.577595
-0.602126
-0.626104
-0.649507
-0.672312
-0.694498
-0.716045
-0.736932
-0.757141
-0.776651
-0.795446
-0.813506
-0.830816
-0.847359
-0.863120
-0.878083
-0.892235
-0.905562
-0.918052
-0.929692
-0.940472
-0.950382
-0.959412
-0.967553
-0.974798
-0.981140
-0.986572
-0.991089
-0.994686
-0.997361
-0.999110
-0.999931
-0.999824
-0.998788
-0.996823
-0.993932
-0.990117
-0.985380
-0.979727
-0.973162
-0.965691
-0.957321
-0.948058
-0.937912
-0.926892
-0.915007
-0.902269
-0.888689
-0.874280
-0.859054
-0.843026
-0.826210
-0.808621
-0.790277
-0.771194
-0.751389
-0.730880
-0.709687
-0.687830
-0.665327
-0.642201
-0.618473
-0.594164
-0.569297
-0.543896
-0.517984
-0.491584
-0.464722
-0.437422
-0.409710
-0.381612
-0.353154
-0.324363
-0.295264
-0.265886
-0.236256
-0.206402
-0.176351
-0.146131
-0.115772
-0.085301
-0.054747
-0.024139
0.006496
0.037127
0.067726
0.098265
0.128715
0.159047
0.189232
0.219243
0.249051
0.278627
0.307944
0.336975
0.365691
0.394067
0.422074
0.449687
0.476879
0.503625
0.529899
0.555677
0.580933
0.605645
0.629788
0.653340
0.676278
0.698580
0.720226
0.741194
0.761465
0.781019
0.799838
0.817903
0.835198
0.851705
0.867409
0.882295
0.896348
0.909555
0.921904
0.933382
0.943977
0.953681
0.962483
0.970375
0.977349
0.983398
0.988517
0.992699
0.995941
0.998240
0.999592
0.999997
0.999454
0.997963
0.995525
0.992142
0.987817
0.982554
0.976358
0.969234
0.961189
0.952230
0.942365
0.931603
0.919956
0.907432
0.894044
0.879804
0.864726
0.848824
0.832113
0.814608
0.796325
0.777283
0.757498
0.736990
0.715777
0.693881
0.671320
0.648118
0.624295
0.599875
0.574880
0.549334
0.523261
0.496686
0.469634
0.442132
0.414204
0.385878
0.357181
0.328139
0.298781
0.269134
0.239227
0.209089
0.178747
0.148232
0.117571
0.086796
0.055934
0.025015
-0.005930
-0.036873
-0.067784
-0.098633
-0.129390
-0.160026
-0.190511
-0.220817
-0.250914
-0.280774
-0.310367
-0.339664
-0.368639
-0.397263
-0.425507
-0.453346
-0.480752
-0.507699
-0.534161
-0.560111
-0.585526
-0.610380
-0.634650
-0.658311
-0.681341
-0.703718
-0.725420
-0.746425
-0.766714
-0.786266
-0.805062
-0.823085
-0.840317
-0.856740
-0.872339
-0.887098
-0.901003
-0.914041
-0.926197
-0.937462
-0.947822
-0.957269
-0.965792
-0.973383
-0.980035
-0.985741
-0.990495
-0.994292
-0.997128
-0.999001
-0.999907
-0.999847
-0.998819
-0.996825
-0.993866
-0.989945
-0.985065
-0.979230
-0.972447
-0.964721
-0.956059
-0.946470
-0.935963
-0.924548
-0.912235
-0.899036
-0.884964
-0.870031
-0.854254
-0.837645
-0.820222
-0.802001
-0.782999
-0.763235
-0.742727
-0.721496
-0.699561
-0.676945
-0.653668
-0.629753
-0.605224
-0.580103
-0.554415
-0.528186
-0.501440
-0.474203
-0.446502
-0.418363
-0.389815
-0.360883
-0.331597
-0.301986
-0.272077
-0.241899
-0.211484
-0.180858
-0.150054
-0.119100
-0.088027
-0.056865
-0.025645
0.005603
0.036849
0.068062
0.099211
0.130267
0.161197
0.191974
0.222565
0.252942
0.283074
0.312932
0.342487
0.371709
0.400570
0.429042
0.457096
0.484705
0.511842
0.538480
0.564593
0.590155
0.615141
0.639525
0.663285
0.686397
0.708837
0.730584
0.751615
0.771911
0.791451
0.810215
0.828185
0.845344
0.861673
0.877157
0.891780
0.905528
0.918386
0.930343
0.941385
0.951502
0.960684
0.968921
0.976205
0.982528
0.987885
0.992268
0.995675
0.998100
0.999542
0.999999
0.999470
0.997956
0.995457
0.991975
0.987515
0.982079
0.975674
0.968305
0.959979
0.950704
0.940489
0.929344
0.917279
0.904307
0.890439
0.875690
0.860074
0.843605
0.826301
0.808177
0.789251
0.769543
0.749071
0.727855
0.705916
0.683276
0.659957
0.635982
0.611374
0.586158
0.560358
0.534000
0.507111
0.479715
0.451841
0.423516
0.394768
0.365626
0.336117
0.306272
0.276120
0.245691
0.215015
0.184123
0.153044
0.121811
0.090453
0.059003
0.027491
-0.004052
-0.035593
-0.067101
-0.098546
-0.129896
-0.161119
-0.192184
-0.223061
-0.253719
-0.284126
-0.314253
-0.344069
-0.373545
-0.402652
-0.431359
-0.459638
-0.487462
-0.514801
-0.541629
-0.567919
-0.593643
-0.618778
-0.643296
-0.667174
-0.690387
-0.712912
-0.734727
-0.755809
-0.776136
-0.795690
-0.814449
-0.832395
-0.849509
-0.865774
-0.881174
-0.895693
-0.909316
-0.922030
-0.933820
-0.944676
-0.954586
-0.963540
-0.971529
-0.978544
-0.984578
-0.989625
-0.993679
-0.996736
-0.998793
-0.999848
-0.999898
-0.998945
-0.996987
-0.994028
-0.990070
-0.985116
-0.979171
-0.972241
-0.964333
-0.955455
-0.945614
-0.934821
-0.923086
-0.910420
-0.896838
-0.882350
-0.866973
-0.850722
-0.833611
-0.815659
-0.796884
-0.777303
-0.756937
-0.735806
-0.713931
-0.691333
-0.668037
-0.644063
-0.619438
-0.594185
-0.568330
-0.541898
-0.514917
-0.487414
-0.459415
-0.430949
-0.402046
-0.372733
-0.343041
-0.312999
-0.282638
-0.251988
-0.221080
-0.189946
-0.158617
-0.127124
-0.095500
-0.063776
-0.031985
-0.000159
0.031671
0.063471
0.095210
0.126855
0.158374
0.189735
0.220907
0.251858
0.282555
0.312969
0.343068
0.372821
0.402198
0.431169
0.459705
0.487776
0.515354
0.542411
0.568919
0.594850
0.620179
0.644880
0.668926
0.692295
0.714960
0.736900
0.758092
0.778514
0.798144
0.816964
0.834953
0.852092
0.868365
0.883754
0.898243
0.911818
0.924464
0.936169
0.946919
0.956704
0.965513
0.973337
0.980169
0.986000
0.990825
0.994638
0.997435
0.999213
0.999970
0.999705
0.998418
0.996110
0.992783
0.988440
0.983085
0.976724
0.969362
0.961008
0.951669
0.941354
0.930075
0.917841
0.904666
0.890563
0.875546
0.859631
0.842832
0.825167
0.806655
0.787314
0.767163
0.746223
0.724515
0.702061
0.678885
0.655010
0.630459
0.605259
0.579435
0.553013
0.526020
0.498484
0.470434
0.441897
0.412903
0.383481
0.353663
0.323478
0.292957
0.262132
0.231035
0.199697
0.168150
0.136427
0.104562
0.072585
0.040531
0.008432
-0.023678
-0.055766
-0.087800
-0.119746
-0.151571
-0.183243
-0.214728
-0.245994
-0.277009
-0.307741
-0.338158
-0.368227
-0.397919
-0.427203
-0.456047
-0.484422
-0.512299
-0.539649
-0.566443
-0.592653
-0.618252
-0.643214
-0.667512
-0.691121
-0.714017
-0.736175
-0.757573
-0.778187
-0.797997
-0.816982
-0.835122
-0.852398
-0.868791
-0.884285
-0.898863
-0.912510
-0.925211
-0.936953
-0.947724
-0.957512
-0.966306
-0.974098
-0.980879
-0.986642
-0.991379
-0.995087
-0.997762
-0.999399
-0.999997
-0.999555
-0.998074
-0.995555
-0.991999
-0.987411
-0.981795
-0.975156
-0.967502
-0.958839
-0.949177
-0.938525
-0.926895
-0.914298
-0.900747
-0.886256
-0.870840
-0.854514
-0.837295
-0.819202
-0.800253
-0.780467
-0.759865
-0.738467
-0.716298
-0.693378
-0.669732
-0.645384
-0.620361
-0.594687
-0.568389
-0.541495
-0.514032
-0.486030
-0.457517
-0.428523
-0.399078
-0.369214
-0.338960
-0.308349
-0.277413
-0.246183
-0.214693
-0.182976
-0.151064
-0.118991
-0.086791
-0.054497
-0.022143
0.010237
0.042609
0.074939
0.107193
0.139337
0.171338
0.203161
0.234775
0.266144
0.297236
0.328019
0.358460
0.388527
0.418189
0.447413
0.476170
0.504428
0.532158
0.559331
0.585918
0.611891
0.637222
0.661885
0.685853
0.709102
0.731605
0.753340
0.774284
0.794413
0.813708
0.832146
0.849709
0.866378
0.882134
0.896962
0.910845
0.923769
0.935718
0.946682
0.956647
0.965604
0.973542
0.980452
0.986328
0.991162
0.994950
0.997686
0.999369
0.999995
0.999565
0.998077
0.995534
0.991938
0.987292
0.981601
0.974871
0.967109
0.958322
0.948520
0.937712
0.925911
0.913128
0.899376
0.884671
0.869026
0.852459
0.834987
0.816629
0.797402
0.777328
0.756428
0.734724
0.712238
0.688994
0.665017
0.640332
0.614965
0.588943
0.562293
0.535043
0.507223
0.478861
0.449988
0.420634
0.390830
0.360608
0.330001
0.299039
0.267757
0.236187
0.204363
0.172320
0.140090
0.107708
0.075209
0.042627
0.009996
-0.022647
-0.055269
-0.087835
-0.120310
-0.152659
-0.184848
-0.216843
-0.248608
-0.280112
-0.311318
-0.342196
-0.372710
-0.402829
-0.432520
-0.461752
-0.490493
-0.518712
-0.546379
-0.573464
-0.599939
-0.625775
-0.650943
-0.675418
-0.699172
-0.722180
-0.744417
-0.765859
-0.786483
-0.806267
-0.825190
-0.843230
-0.860369
-0.876587
-0.891868
-0.906194
-0.919550
-0.931922
-0.943295
-0.953658
-0.962999
-0.971308
-0.978576
-0.984794
-0.989956
-0.994056
-0.997089
-0.999052
-0.999942
-0.999758
-0.998501
-0.996170
-0.992769
-0.988301
-0.982770
-0.976182
-0.968544
-0.959864
-0.950151
-0.939415
-0.927667
-0.914920
-0.901187
-0.886483
-0.870824
-0.854225
-0.836706
-0.818283
-0.798978
-0.778810
-0.757801
-0.735974
-0.713352
-0.689959
-0.665819
-0.640960
-0.615408
-0.589189
-0.562333
-0.534867
-0.506822
-0.478227
-0.449114
-0.419514
-0.389458
-0.358979
-0.328110
-0.296883
-0.265333
-0.233494
-0.201400
-0.169086
-0.136586
-0.103936
-0.071170
-0.038325
-0.005436
0.027461
0.060332
0.093139
0.125849
0.158425
0.190832
0.223034
0.254998
0.286687
0.318069
0.349108
0.379771
0.410025
0.439837
0.469174
0.498004
0.526296
0.554019
0.581143
0.607638
0.633475
0.658627
0.683065
0.706764
0.729696
0.751837
0.773162
0.793649
0.813275
0.832018
0.849858
0.866775
0.882750
0.897766
0.911806
0.924855
0.936898
0.947922
0.957915
0.966865
0.974763
0.981599
0.987367
0.992059
0.995670
0.998196
0.999634
0.999982
0.999240
0.997407
0.994486
0.990480
0.985393
0.979229
0.971996
0.963702
0.954354
0.943964
0.932541
0.920099
0.906650
0.892210
0.876793
0.860416
0.843098
0.824856
0.805710
0.785682
0.764792
0.743064
0.720522
0.697188
0.673090
0.648253
0.622704
0.596471
0.569582
0.542068
0.513957
0.485281
0.456071
0.426358
0.396176
0.365557
0.334534
0.303143
0.271416
0.239389
0.207096
0.174574
0.141858
0.108983
0.075986
0.042903
0.009771
-0.023375
-0.056498
-0.089561
-0.122529
-0.155364
-0.188031
-0.220494
-0.252716
-0.284664
-0.316300
-0.347591
-0.378502
-0.408999
-0.439047
-0.468615
-0.497669
-0.526177
-0.554107
-0.581429
-0.608113
-0.634128
-0.659447
-0.684041
-0.707882
-0.730944
-0.753202
-0.774631
-0.795207
-0.814907
-0.833709
-0.851593
-0.868538
-0.884525
-0.899536
-0.913556
-0.926567
-0.938556
-0.949508
-0.959412
-0.968256
-0.976031
-0.982727
-0.988337
-0.992854
-0.996273
-0.998591
-0.999803
-0.999910
-0.998909
-0.996803
-0.993593
-0.989283
-0.983876
-0.977380
-0.969800
-0.961145
-0.951424
-0.940648
-0.928829
-0.915979
-0.902112
-0.887244
-0.871390
-0.854569
-0.836798
-0.818097
-0.798487
-0.777989
-0.756625
-0.734420
-0.711398
-0.687584
-0.663004
-0.637686
-0.611657
-0.584946
-0.557584
-0.529599
-0.501023
-0.471888
-0.442226
-0.412070
-0.381453
-0.350409
-0.318973
-0.287180
-0.255065
-0.222663
-0.190010
-0.157144
-0.124100
-0.090916
-0.057627
-0.024272
0.009113
0.042490
0.075822
0.109072
0.142203
0.175178
0.207960
0.240512
0.272799
0.304783
0.336430
0.367703
0.398568
0.428991
0.458936
0.488371
0.517263
0.545579
0.573287
0.600356
0.626757
0.652458
0.677432
0.701650
0.725085
0.747711
0.769502
0.790433
0.810481
0.829623
0.847838
0.865105
0.881404
0.896718
0.911028
0.924318
0.936573
0.947780
0.957925
0.966997
0.974985
0.981881
0.987676
0.992363
0.995938
0.998395
0.999732
0.999947
0.999039
0.997010
0.993860
0.989595
0.984218
0.977734
0.970152
0.961478
0.951724
0.940899
0.929015
0.916086
0.902126
0.887150
0.871175
0.854219
0.836300
0.817439
0.797656
0.776974
0.755415
0.733005
0.709767
0.685728
0.660914
0.635355
0.609077
0.582111
0.554487
0.526235
0.497389
0.467979
0.438039
0.407603
0.376705
0.345379
0.313661
0.281587
0.249193
0.216515
0.183591
0.150456
0.117149
0.083707
0.050169
0.016571
-0.017048
-0.050650
-0.084198
-0.117652
-0.150976
-0.184132
-0.217082
-0.249789
-0.282215
-0.314324
-0.346080
-0.377447
-0.408388
-0.438869
-0.468856
-0.498313
-0.527208
-0.555508
-0.583181
-0.610194
-0.636518
-0.662122
-0.686978
-0.711056
-0.734329
-0.756771
-0.778356
-0.799060
-0.818858
-0.837729
-0.855649
-0.872600
-0.888561
-0.903515
-0.917443
-0.930330
-0.942160
-0.952922
-0.962601
-0.971186
-0.978668
-0.985039
-0.990289
-0.994414
-0.997408
-0.999267
-0.999990
-0.999574
-0.998022
-0.995333
-0.991510
-0.986559
-0.980484
-0.973292
-0.964990
-0.955589
-0.945098
-0.933530
-0.920896
-0.907213
-0.892493
-0.876756
-0.860017
-0.842296
-0.823613
-0.803990
-0.783447
-0.762009
-0.739700
-0.716544
-0.692569
-0.667802
-0.642270
-0.616003
-0.589030
-0.561382
-0.533091
-0.504189
-0.474708
-0.444683
-0.414147
-0.383136
-0.351684
-0.319827
-0.287603
-0.255047
-0.222197
-0.189090
-0.155765
-0.122259
-0.088610
-0.054858
-0.021041
0.012803
0.046635
0.080416
0.114107
0.147669
0.181065
0.214255
0.247202
0.279868
0.312215
0.344207
0.375806
0.406976
0.437681
0.467886
0.497556
0.526656
0.555155
0.583018
0.610213
0.636709
0.662475
0.687483
0.711702
0.735104
0.757664
0.779354
0.800149
0.820026
0.838961
0.856933
0.873920
0.889902
0.904862
0.918781
0.931644
0.943435
0.954141
0.963749
0.972247
0.979626
0.985878
0.990993
0.994968
0.997795
0.999473
0.999999
0.999372
0.997592
0.994662
0.990584
0.985363
0.979005
0.971517
0.962907
0.953186
0.942363
0.930451
0.917464
0.903417
0.888325
0.872206
0.855078
0.836960
0.817875
0.797842
0.776886
0.755031
0.732300
0.708722
0.684321
0.659128
0.633170
0.606478
0.579082
0.551014
0.522306
0.492992
0.463105
0.432679
0.401750
0.370354
0.338526
0.306304
0.273725
0.240826
0.207646
0.174222
0.140595
0.106802
0.072883
0.038877
0.004824
-0.029238
-0.063267
-0.097226
-0.131074
-0.164772
-0.198281
-0.231562
-0.264577
-0.297286
-0.329653
-0.361638
-0.393206
-0.424318
-0.454940
-0.485034
-0.514567
-0.543504
-0.571810
-0.599453
-0.626401
-0.652621
-0.678085
-0.702760
-0.726620
-0.749635
-0.771779
-0.793025
-0.813350
-0.832729
-0.851139
-0.868558
-0.884967
-0.900345
-0.914676
-0.927941
-0.940125
-0.951213
-0.961193
-0.970053
-0.977782
-0.984371
-0.989811
-0.994097
-0.997223
-0.999185
-0.999981
-0.999609
-0.998070
-0.995365
-0.991498
-0.986472
-0.980293
-0.972968
-0.964506
-0.954915
-0.944208
-0.932396
-0.919493
-0.905514
-0.890475
-0.874393
-0.857288
-0.839178
-0.820084
-0.800030
-0.779038
-0.757132
-0.734339
-0.710684
-0.686195
-0.660900
-0.634830
-0.608014
-0.580484
-0.552272
-0.523411
-0.493934
-0.463876
-0.433272
-0.402158
-0.370571
-0.338546
-0.306122
-0.273337
-0.240229
-0.206837
-0.173199
-0.139357
-0.105348
-0.071213
-0.036993
-0.002726
0.031545
0.065782
0.099944
0.133991
0.167882
0.201579
0.235040
0.268228
0.301102
0.333624
0.365756
0.397460
0.428698
0.459434
0.489631
0.519253
0.548267
0.576637
0.604329
0.631312
0.657553
0.683021
0.707686
0.731518
0.754490
0.776575
0.797745
0.817976
0.837245
0.855527
0.872801
0.889047
0.904245
0.918377
0.931427
0.943378
0.954216
0.963929
0.972504
0.979931
0.986202
0.991308
0.995244
0.998004
0.999585
0.999985
0.999203
0.997240
0.994097
0.989780
0.984292
0.977639
0.969829
0.960872
0.950777
0.939557
0.927224
0.913793
0.899279
0.883700
0.867073
0.849419
0.830757
0.811110
0.790501
0.768954
0.746495
0.723149
0.698945
0.673911
0.648076
0.621471
0.594128
0.566078
0.537354
0.507992
0.478025
0.447488
0.416419
0.384853
0.352829
0.320383
0.287555
0.254384
0.220908
0.187168
0.153203
0.119054
0.084761
0.050365
0.015907
-0.018571
-0.053030
-0.087428
-0.121725
-0.155879
-0.189849
-0.223596
-0.257079
-0.290258
-0.323094
-0.355547
-0.387579
-0.419152
-0.450228
-0.480769
-0.510740
-0.540105
-0.568827
-0.596874
-0.624212
-0.650807
-0.676628
-0.701644
-0.725825
-0.749143
-0.771568
-0.793075
-0.813637
-0.833229
-0.851829
-0.869413
-0.885961
-0.901452
-0.915868
-0.929192
-0.941407
-0.952499
-0.962453
-0.971259
-0.978905
-0.985381
-0.990681
-0.994797
-0.997724
-0.999459
-0.999999
-0.999343
-0.997492
-0.994448
-0.990214
-0.984795
-0.978198
-0.970430
-0.961500
-0.951418
-0.940197
-0.927850
-0.914391
-0.899836
-0.884203
-0.867509
-0.849775
-0.831022
-0.811272
-0.790548
-0.768876
-0.746281
-0.722789
-0.698429
-0.673231
-0.647223
-0.620438
-0.592906
-0.564662
-0.535738
-0.506169
-0.475991
-0.445240
-0.413952
-0.382166
-0.349918
-0.317249
-0.284196
-0.250800
-0.217100
-0.183138
-0.148953
-0.114587
-0.080082
-0.045478
-0.010817
0.023859
0.058509
0.093090
0.127562
0.161882
0.196009
0.229903
0.263522
0.296826
0.329774
0.362328
0.394448
0.426094
0.457229
0.487816
0.517816
0.547195
0.575916
0.603944
0.631247
0.657790
0.683542
0.708471
0.732548
0.755743
0.778027
0.799374
0.819759
0.839155
0.857540
0.874891
0.891187
0.906408
0.920536
0.933553
0.945444
0.956194
0.965789
0.974218
0.981470
0.987537
0.992411
0.996086
0.998556
0.999820
0.999875
0.998721
0.996359
0.992792
0.988023
0.982059
0.974906
0.966573
0.957070
0.946408
0.934599
0.921659
0.907601
0.892444
0.876204
0.858903
0.840559
0.821197
0.800838
0.779507
0.757230
0.734034
0.709947
0.684997
0.659216
0.632633
0.605282
0.577194
0.548405
0.518948
0.488860
0.458177
0.426936
0.395175
0.362932
0.330247
0.297158
0.263707
0.229933
0.195878
0.161583
0.127090
0.092440
0.057676
0.022839
-0.012027
-0.046881
-0.081680
-0.116381
-0.150944
-0.185324
-0.219481
-0.253374
-0.286959
-0.320198
-0.353049
-0.385472
-0.417428
-0.448877
-0.479782
-0.510104
-0.539807
-0.568854
-0.597210
-0.624839
-0.651709
-0.677786
-0.703039
-0.727436
-0.750948
-0.773546
-0.795201
-0.815888
-0.835582
-0.854257
-0.871891
-0.888462
-0.903950
-0.918336
-0.931601
-0.943730
-0.954708
-0.964521
-0.973156
-0.980604
-0.986854
-0.991899
-0.995733
-0.998350
-0.999747
-0.999922
-0.998876
-0.996608
-0.993121
-0.988421
-0.982511
-0.975399
-0.967093
-0.957605
-0.946944
-0.935123
-0.922158
-0.908063
-0.892857
-0.876556
-0.859181
-0.840753
-0.821294
-0.800829
-0.779381
-0.756977
-0.733645
-0.709412
-0.684309
-0.658366
-0.631614
-0.604086
-0.575816
-0.546838
-0.517188
-0.486902
-0.456017
-0.424571
-0.392602
-0.360150
-0.327254
-0.293954
-0.260291
-0.226308
-0.192044
-0.157542
-0.122845
-0.087995
-0.053036
-0.018008
0.017043
0.052075
0.087045
0.121911
0.156628
0.191155
0.225449
0.259468
0.293169
0.326512
0.359456
0.391959
0.423981
0.455484
0.486428
0.516776
0.546489
0.575531
0.603866
0.631459
0.658276
0.684284
0.709451
0.733745
0.757137
0.779597
0.801098
0.821613
0.841117
0.859584
0.876993
0.893322
0.908550
0.922659
0.935631
0.947449
0.958099
0.967568
0.975843
0.982914
0.988773
0.993412
0.996825
0.999007
0.999956
0.999670
0.998149
0.995395
0.991412
0.986204
0.979777
0.972138
0.963298
0.953267
0.942057
0.929681
0.916156
0.901497
0.885722
0.868850
0.850904
0.831903
0.811872
0.790835
0.768819
0.745850
0.721956
0.697167
0.671514
0.645027
0.617741
0.589688
0.560903
0.531421
0.501280
0.470516
0.439166
0.407271
0.374870
0.342002
0.308708
0.275029
0.241008
0.206685
0.172105
0.137309
0.102341
0.067244
0.032061
-0.003163
-0.038385
-0.073562
-0.108649
-0.143603
-0.178381
-0.212939
-0.247235
-0.281226
-0.314869
-0.348122
-0.380945
-0.413297
-0.445137
-0.476425
-0.507122
-0.537191
-0.566594
-0.595294
-0.623255
-0.650442
-0.676822
-0.702361
-0.727028
-0.750792
-0.773623
-0.795492
-0.816372
-0.836237
-0.855063
-0.872824
-0.889500
-0.905069
-0.919511
-0.932809
-0.944946
-0.955906
-0.965675
-0.974242
-0.981594
-0.987724
-0.992623
-0.996284
-0.998704
-0.999878
-0.999806
-0.998486
-0.995921
-0.992113
-0.987067
-0.980790
-0.973287
-0.964570
-0.954649
-0.943535
-0.931242
-0.917786
-0.903184
-0.887452
-0.870612
-0.852682
-0.833687
-0.813649
-0.792593
-0.770546
-0.747534
-0.723587
-0.698733
-0.673005
-0.646434
-0.619054
-0.590897
-0.562000
-0.532399
-0.502129
-0.471230
-0.439740
-0.407698
-0.375143
-0.342117
-0.308662
-0.274818
-0.240628
-0.206135
-0.171382
-0.136412
-0.101270
-0.065999
-0.030643
0.004753
0.040144
0.075488
0.110739
0.145852
0.180785
0.215493
0.249933
0.284060
0.317834
0.351210
0.384148
0.416606
0.448542
0.479918
0.510692
0.540827
0.570285
0.599029
0.627022
0.654229
0.680616
0.706149
0.730797
0.754528
0.777313
0.799121
0.819927
0.839704
0.858426
0.876069
0.892613
0.908035
0.922316
0.935438
0.947384
0.958139
0.967690
0.976023
0.983129
0.988998
0.993623
0.996997
0.999117
0.999979
0.999581
0.997926
0.995013
0.990848
0.985434
0.978778
0.970889
0.961776
0.951451
0.939927
0.927217
0.913338
0.898306
0.882142
0.864864
0.846495
0.827057
0.806575
0.785075
0.762583
0.739128
0.714739
0.689447
0.663284
0.636282
0.608475
0.579899
0.550589
0.520582
0.489917
0.458631
0.426764
0.394357
0.361449
0.328084
0.294302
0.260146
0.225660
0.190886
0.155870
0.120655
0.085285
0.049806
0.014262
-0.021302
-0.056840
-0.092309
-0.127663
-0.162857
-0.197847
-0.232588
-0.267036
-0.301148
-0.334881
-0.368192
-0.401038
-0.433377
-0.465170
-0.496375
-0.526953
-0.556865
-0.586073
-0.614539
-0.642229
-0.669106
-0.695136
-0.720286
-0.744525
-0.767820
-0.790144
-0.811466
-0.831761
-0.851001
-0.869163
-0.886223
-0.902160
-0.916952
-0.930582
-0.943031
-0.954284
-0.964327
-0.973145
-0.980728
-0.987067
-0.992152
-0.995977
-0.998538
-0.999830
-0.999852
-0.998604
-0.996086
-0.992303
-0.987258
-0.980959
-0.973411
-0.964626
-0.954614
-0.943388
-0.930962
-0.917350
-0.902572
-0.886644
-0.869587
-0.851424
-0.832176
-0.811868
-0.790525
-0.768176
-0.744847
-0.720569
-0.695372
-0.669289
-0.642352
-0.614595
-0.586054
-0.556766
-0.526766
-0.496094
-0.464788
-0.432889
-0.400436
-0.367471
-0.334036
-0.300173
-0.265926
-0.231339
-0.196454
-0.161318
-0.125973
-0.090467
-0.054843
-0.019147
0.016574
0.052277
0.087914
0.123441
0.158812
0.193982
0.228906
0.263540
0.297839
0.331759
0.365257
0.398290
0.430815
0.462792
0.494179
0.524937
0.555025
0.584404
0.613039
0.640891
0.667925
0.694106
0.719401
0.743777
0.767203
0.789649
0.811086
0.831486
0.850823
0.869072
0.886210
0.902215
0.917065
0.930743
0.943229
0.954508
0.964566
0.973389
0.980965
0.987286
0.992342
0.996127
0.998635
0.999865
0.999813
0.998479
0.995866
0.991976
0.986815
0.980387
0.972703
0.963770
0.953602
0.942209
0.929608
0.915813
0.900843
0.884716
0.867453
0.849076
0.829608
0.809075
0.787502
0.764916
0.741348
0.716827
0.691384
0.665051
0.637863
0.609855
0.581062
0.551520
0.521269
0.490346
0.458792
0.426647
0.393951
0.360748
0.327079
0.292988
0.258519
0.223716
0.188623
0.153286
0.117750
0.082061
0.046264
0.010407
-0.025466
-0.061308
-0.097072
-0.132713
-0.168185
-0.203442
-0.238439
-0.273130
-0.307471
-0.341418
-0.374927
-0.407954
-0.440457
-0.472394
-0.503724
-0.534407
-0.564402
-0.593671
-0.622176
-0.649880
-0.676747
-0.702744
-0.727835
-0.751989
-0.775174
-0.797360
-0.818518
-0.838622
-0.857644
-0.875561
-0.892348
-0.907985
-0.922450
-0.935725
-0.947793
-0.958638
-0.968245
-0.976602
-0.983699
-0.989525
-0.994074
-0.997338
-0.999314
-0.999999
-0.999392
-0.997494
-0.994306
-0.989832
-0.984079
-0.977054
-0.968765
-0.959222
-0.948440
-0.936429
-0.923208
-0.908791
-0.893198
-0.876449
-0.858565
-0.839570
-0.819487
-0.798342
-0.776163
-0.752979
-0.728818
-0.703713
-0.677696
-0.650800
-0.623060
-0.594511
-0.565191
-0.535138
-0.504390
-0.472987
-0.440970
-0.408380
-0.375259
-0.341651
-0.307598
-0.273144
-0.238335
-0.203216
-0.167831
-0.132227
-0.096450
-0.060546
-0.024562
0.011455
0.047459
0.083404
0.119241
0.154926
0.190411
0.225650
0.260599
0.295210
0.329440
0.363243
0.396576
0.429396
0.461660
0.493325
0.524351
0.554697
0.584324
0.613193
0.641266
0.668507
0.694881
0.720352
0.744888
0.768457
0.791027
0.812571
0.833058
0.852463
0.870760
0.887925
0.903936
0.918771
0.932412
0.944840
0.956039
0.965994
0.974692
0.982122
0.988274
0.993139
0.996711
0.998986
0.999960
0.999632
0.998001
0.995070
0.990843
0.985325
0.978523
0.970445
0.961102
0.950507
0.938672
0.925612
0.911346
0.895891
0.879266
0.861495
0.842599
0.822604
0.801534
0.779419
0.756285
0.732164
0.707086
0.681084
0.654193
0.626447
0.597881
0.568534
0.538444
0.507649
0.476190
0.444107
0.411444
0.378241
0.344544
0.310394
0.275838
0.240920
0.205685
0.170180
0.134451
0.098545
0.062509
0.026389
-0.009767
-0.045911
-0.081997
-0.117978
-0.153806
-0.189434
-0.224816
-0.259905
-0.294656
-0.329022
-0.362960
-0.396424
-0.429371
-0.461758
-0.493541
-0.524680
-0.555133
-0.584861
-0.613824
-0.641985
-0.669306
-0.695752
-0.721287
-0.745879
-0.769495
-0.792104
-0.813676
-0.834182
-0.853596
-0.871893
-0.889047
-0.905037
-0.919841
-0.933440
-0.945816
-0.956952
-0.966833
-0.975447
-0.982782
-0.988828
-0.993578
-0.997024
-0.999162
-0.999989
-0.999504
-0.997707
-0.994601
-0.990189
-0.984477
-0.977473
-0.969185
-0.959624
-0.948802
-0.936734
-0.923436
-0.908924
-0.893217
-0.876336
-0.858304
-0.839143
-0.818878
-0.797537
-0.775146
-0.751736
-0.727337
-0.701980
-0.675700
-0.648530
-0.620506
-0.591665
-0.562045
-0.531685
-0.500623
-0.468902
-0.436563
-0.403648
-0.370201
-0.336265
-0.301885
-0.267107
-0.231975
-0.196537
-0.160839
-0.124927
-0.088849
-0.052653
-0.016386
0.019904
0.056169
0.092362
0.128435
0.164340
0.200030
0.235457
0.270576
0.305340
0.339703
0.373620
0.407045
0.439935
0.472247
0.503937
0.534964
0.565287
0.594866
0.623661
0.651635
0.678751
0.704972
0.730264
0.754594
0.777929
0.800238
0.821492
0.841663
0.860723
0.878648
0.895414
0.910998
0.925380
0.938541
0.950463
0.961130
0.970528
0.978644
0.985468
0.990990
0.995203
0.998101
0.999680
0.999939
0.998875
0.996492
0.992791
0.987777
0.981457
0.973840
0.964934
0.954752
0.943306
0.930613
0.916688
0.901550
0.885219
0.867716
0.849064
0.829288
0.808413
0.786468
0.763481
0.739482
0.714504
0.688579
0.661740
0.634025
0.605469
0.576110
0.545987
0.515139
0.483608
0.451435
0.418663
0.385334
0.351494
0.317187
0.282457
0.247353
0.211918
0.176202
0.140251
0.104112
0.067834
0.031464
-0.004949
-0.041356
-0.077711
-0.113963
-0.150066
-0.185971
-0.221631
-0.256998
-0.292025
-0.326667
-0.360876
-0.394607
-0.427817
-0.460459
-0.492491
-0.523871
-0.554557
-0.584507
-0.613682
-0.642044
-0.669553
-0.696175
-0.721873
-0.746612
-0.770361
-0.793087
-0.814760
-0.835352
-0.854833
-0.873180
-0.890366
-0.906370
-0.921169
-0.934745
-0.947077
-0.958151
-0.967952
-0.976465
-0.983680
-0.989587
-0.994178
-0.997446
-0.999387
-0.999999
-0.999280
-0.997231
-0.993856
-0.989157
-0.983141
-0.975817
-0.967193
-0.957281
-0.946094
-0.933647
-0.919957
-0.905040
-0.888918
-0.871611
-0.853143
-0.833537
-0.812820
-0.791019
-0.768163
-0.744283
-0.719410
-0.693578
-0.666820
-0.639172
-0.610671
-0.581355
-0.551262
-0.520434
-0.488910
-0.456733
-0.423946
-0.390592
-0.356716
-0.322363
-0.287578
-0.252408
-0.216901
-0.181102
-0.145061
-0.108825
-0.072442
-0.035961
0.000570
0.037101
0.073584
0.109970
0.146210
0.182257
0.218061
0.253576
0.288753
0.323546
0.357908
0.391793
0.425156
0.457952
0.490137
0.521668
0.552504
0.582602
0.611922
0.640426
0.668074
0.694831
0.720659
0.745525
0.769394
0.792236
0.814019
0.834714
0.854293
0.872730
0.890000
0.906080
0.920948
0.934584
0.946971
0.958090
0.967927
0.976470
0.983705
0.989624
0.994218
0.997481
0.999408
0.999998
0.999248
0.997160
0.993736
0.988981
0.982901
0.975504
0.966799
0.956799
0.945517
0.932967
0.919166
0.904133
0.887888
0.870451
0.851848
0.832101
0.811238
0.789287
0.766276
0.742237
0.717202
0.691204
0.664278
0.636460
0.607787
0.578297
0.548031
0.517028
0.485331
0.452980
0.420021
0.386497
0.352453
0.317934
0.282988
0.247660
0.211998
0.176051
0.139866
0.103492
0.066977
0.030371
-0.006277
-0.042917
-0.079502
-0.115981
-0.152305
-0.188426
-0.224295
-0.259864
-0.295084
-0.329910
-0.364293
-0.398188
-0.431548
-0.464330
-0.496488
-0.527980
-0.558763
-0.588796
-0.618038
-0.646449
-0.673992
-0.700629
-0.726325
-0.751044
-0.774754
-0.797422
-0.819017
-0.839512
-0.858877
-0.877086
-0.894116
-0.909943
-0.924545
-0.937903
-0.949998
-0.960815
-0.970338
-0.978555
-0.985455
-0.991027
-0.995264
-0.998161
-0.999713
-0.999919
-0.998777
-0.996289
-0.992459
-0.987291
-0.980792
-0.972971
-0.963839
-0.953406
-0.941688
-0.928701
-0.914460
-0.898986
-0.882299
-0.864422
-0.845378
-0.825194
-0.803896
-0.781512
-0.758074
-0.733612
-0.708159
-0.681751
-0.654421
-0.626207
-0.597147
-0.567280
-0.536647
-0.505288
-0.473245
-0.440563
-0.407285
-0.373456
-0.339122
-0.304328
-0.269122
-0.233552
-0.197665
-0.161509
-0.125135
-0.088590
-0.051924
-0.015187
0.021572
0.058303
0.094957
0.131483
0.167833
0.203957
0.239807
0.275334
0.310490
0.345227
0.379498
0.413258
0.446459
0.479058
0.511010
0.542273
0.572802
0.602558
0.631500
0.659588
0.686784
0.713053
0.738357
0.762663
0.785937
0.808149
0.829267
0.849264
0.868111
0.885784
0.902259
0.917512
0.931523
0.944273
0.955745
0.965923
0.974793
0.982343
0.988562
0.993443
0.996977
0.999161
0.999991
0.999467
0.997587
0.994356
0.989777
0.983856
0.976602
0.968023
0.958132
0.946942
0.934467
0.920725
0.905733
0.889513
0.872087
0.853476
0.833708
0.812808
0.790805
0.767728
0.743609
0.718480
0.692376
0.665331
0.637383
0.608568
0.578927
0.548499
0.517325
0.485448
0.452911
0.419758
0.386034
0.351785
0.317057
0.281898
0.246354
0.210475
0.174309
0.137905
0.101312
0.064580
0.027760
-0.009099
-0.045947
-0.082734
-0.119409
-0.155924
-0.192227
-0.228271
-0.264005
-0.299382
-0.334352
-0.368869
-0.402886
-0.436356
-0.469234
-0.501474
-0.533034
-0.563869
-0.593939
-0.623202
-0.651617
-0.679148
-0.705755
-0.731403
-0.756056
-0.779681
-0.802246
-0.823720
-0.844074
-0.863279
-0.881310
-0.898141
-0.913751
-0.928117
-0.941220
-0.953041
-0.963566
-0.972778
-0.980666
-0.987219
-0.992427
-0.996284
-0.998784
-0.999923
-0.999700
-0.998115
-0.995170
-0.990869
-0.985217
-0.978223
-0.969896
-0.960246
-0.949287
-0.937034
-0.923503
-0.908713
-0.892683
-0.875436
-0.856995
-0.837384
-0.816632
-0.794764
-0.771812
-0.747807
-0.722781
-0.696769
-0.669805
-0.641926
-0.613171
-0.583579
-0.553189
-0.522044
-0.490185
-0.457656
-0.424502
-0.390767
-0.356498
-0.321741
-0.286544
-0.250955
-0.215022
-0.178794
-0.142321
-0.105653
-0.068839
-0.031931
0.005023
0.041971
0.078862
0.115647
0.152275
0.188696
0.224860
0.260718
0.296221
0.331320
0.365967
0.400116
0.433718
0.466728
0.499102
0.530794
0.561762
0.591962
0.621354
0.649897
0.677553
0.704282
0.730050
0.754819
0.778557
0.801231
0.822809
0.843263
0.862563
0.880684
0.897601
0.913289
0.927729
0.940899
0.952783
0.963362
0.972624
0.980554
0.987143
0.992380
0.996259
0.998774
0.999922
0.999700
0.998110
0.995153
0.990833
0.985156
0.978129
0.969763
0.960068
0.949057
0.936747
0.923152
0.908292
0.892188
0.874860
0.856333
0.836632
0.815784
0.793817
0.770762
0.746649
0.721513
0.695386
0.668305
0.640308
0.611432
0.581716
0.551202
0.519931
0.487947
0.455292
0.422012
0.388152
0.353759
0.318880
0.283562
0.247854
0.211805
0.175464
0.138882
0.102108
0.065193
0.028187
-0.008858
-0.045892
-0.082864
-0.119724
-0.156420
-0.192902
-0.229121
-0.265026
-0.300568
-0.335698
-0.370369
-0.404531
-0.438139
-0.471147
-0.503507
-0.535178
-0.566114
-0.596273
-0.625613
-0.654095
-0.681679
-0.708328
-0.734003
-0.758671
-0.782296
-0.804848
-0.826293
-0.846603
-0.865751
-0.883708
-0.900452
-0.915957
-0.930204
-0.943172
-0.954844
-0.965203
-0.974235
-0.981928
-0.988270
-0.993253
-0.996870
-0.999116
-0.999988
-0.999484
-0.997605
-0.994353
-0.989733
-0.983751
-0.976415
-0.967736
-0.957724
-0.946394
-0.933761
-0.919843
-0.904658
-0.888227
-0.870573
-0.851720
-0.831694
-0.810523
-0.788234
-0.764860
-0.740432
-0.714984
-0.688550
-0.661167
-0.632873
-0.603706
-0.573707
-0.542917
-0.511378
-0.479133
-0.446228
-0.412707
-0.378616
-0.344003
-0.308915
-0.273400
-0.237508
-0.201287
-0.164788
-0.128060
-0.091155
-0.054124
-0.017017
0.020114
0.057219
0.094246
0.131144
0.167861
0.204349
0.240555
0.276431
0.311926
0.346992
0.381580
0.415642
0.449132
0.482003
0.514210
0.545709
0.576455
0.606406
0.635522
0.663761
0.691085
0.717455
0.742836
0.767192
0.790490
0.812697
0.833783
0.853718
0.872475
0.890027
0.906351
0.921424
0.935225
0.947734
0.958935
0.968812
0.977351
0.984540
0.990369
0.994830
0.997917
0.999625
0.999952
0.998897
0.996463
0.992651
0.987467
0.980918
0.973014
0.963764
0.953182
0.941282
0.928081
0.913596
0.897848
0.880859
0.862651
0.843249
0.822681
0.800976
0.778161
0.754271
0.729336
0.703392
0.676475
0.648621
0.619869
0.590259
0.559832
0.528629
0.496694
0.464071
0.430806
0.396943
0.362530
0.327615
0.292245
0.256470
0.220340
0.183903
0.147211
0.110314
0.073264
0.036111
-0.001092
-0.038295
-0.075446
-0.112493
-0.149386
-0.186072
-0.222501
-0.258624
-0.294389
-0.329746
-0.364649
-0.399046
-0.432892
-0.466139
-0.498741
-0.530652
-0.561829
-0.592229
-0.621808
-0.650527
-0.678344
-0.705222
-0.731124
-0.756012
-0.779853
-0.802614
-0.824263
-0.844770
-0.864106
-0.882244
-0.899160
-0.914829
-0.929230
-0.942343
-0.954149
-0.964633
-0.973779
-0.981575
-0.988009
-0.993073
-0.996760
-0.999064
-0.999982
-0.999513
-0.997657
-0.994417
-0.989797
-0.983804
-0.976445
-0.967731
-0.957674
-0.946288
-0.933588
-0.919592
-0.904319
-0.887791
-0.870029
-0.851060
-0.830909
-0.809604
-0.787174
-0.763651
-0.739067
-0.713456
-0.686854
-0.659297
-0.630824
-0.601474
-0.571289
-0.540309
-0.508578
-0.476140
-0.443039
-0.409323
-0.375037
-0.340229
-0.304948
-0.269242
-0.233161
-0.196756
-0.160076
-0.123173
-0.086098
-0.048902
-0.011638
0.025643
0.062889
0.100049
0.137071
0.173903
0.210494
0.246793
0.282749
0.318314
0.353436
0.388068
0.422161
0.455667
0.488541
0.520736
0.552207
0.582911
0.612804
0.641846
0.669996
0.697214
0.723463
0.748706
0.772908
0.796034
0.818054
0.838936
0.858651
0.877171
0.894471
0.910526
0.925315
0.938815
0.951010
0.961880
0.971413
0.979592
0.986409
0.991852
0.995914
0.998590
0.999875
0.999768
0.998269
0.995380
0.991104
0.985448
0.978420
0.970028
0.960285
0.949204
0.936801
0.923093
0.908098
0.891838
0.874335
0.855613
0.835699
0.814620
0.792405
0.769086
0.744694
0.719264
0.692832
0.665432
0.637105
0.607890
0.577826
0.546956
0.515323
0.482971
0.449945
0.416291
0.382056
0.347287
0.312034
0.276345
0.240269
0.203858
0.167162
0.130232
0.093119
0.055876
0.018554
-0.018794
-0.056117
-0.093363
-0.130479
-0.167414
-0.204116
-0.240533
-0.276616
-0.312314
-0.347577
-0.382355
-0.416600
-0.450265
-0.483302
-0.515665
-0.547309
-0.578190
-0.608264
-0.637490
-0.665826
-0.693234
-0.719674
-0.745110
-0.769506
-0.792828
-0.815044
-0.836122
-0.856033
-0.874749
-0.892244
-0.908493
-0.923473
-0.937164
-0.949546
-0.960602
-0.970317
-0.978676
-0.985669
-0.991284
-0.995515
-0.998355
-0.999800
-0.999849
-0.998500
-0.995756
-0.991620
-0.986099
-0.979200
-0.970932
-0.961306
-0.950337
-0.938040
-0.924431
-0.909530
-0.893357
-0.875935
-0.857288
-0.837442
-0.816425
-0.794267
-0.770997
-0.746649
-0.721256
-0.694854
-0.667480
-0.639173
-0.609970
-0.579914
-0.549047
-0.517411
-0.485051
-0.452011
-0.418339
-0.384081
-0.349285
-0.314000
-0.278274
-0.242159
-0.205705
-0.168961
-0.131981
-0.094815
-0.057516
-0.020136
0.017273
0.054658
0.091968
0.129150
0.166151
0.202921
0.239408
0.275559
0.311326
0.346658
0.381505
0.415819
0.449551
0.482654
0.515082
0.546789
0.577731
0.607865
0.637149
0.665540
0.693000
0.719490
0.744973
0.769412
0.792775
0.815027
0.836138
0.856079
0.874820
0.892337
0.908603
0.923597
0.937297
0.949684
0.960741
0.970451
0.978802
0.985782
0.991380
0.995589
0.998403
0.999818
0.999831
0.998444
0.995656
0.991473
0.985900
0.978945
0.970618
0.960930
0.949894
0.937527
0.923845
0.908867
0.892615
0.875111
0.856379
0.836447
0.815341
0.793091
0.769729
0.745286
0.719798
0.693301
0.665830
0.637425
0.608125
0.577972
0.547007
0.515275
0.482819
0.449685
0.415920
0.381570
0.346685
0.311313
0.275503
0.239306
0.202773
0.165955
0.128903
0.091669
0.054307
0.016867
-0.020597
-0.058032
-0.095387
-0.132609
-0.169645
-0.206443
-0.242952
-0.279121
-0.314898
-0.350234
-0.385079
-0.419384
-0.453100
-0.486181
-0.518579
-0.550250
-0.581149
-0.611232
-0.640457
-0.668783
-0.696171
-0.722581
-0.747976
-0.772322
-0.795583
-0.817726
-0.838722
-0.858540
-0.877151
-0.894531
-0.910655
-0.925499
-0.939043
-0.951268
-0.962157
-0.971693
-0.979865
-0.986660
-0.992068
-0.996082
-0.998697
-0.999908
-0.999714
-0.998114
-0.995112
-0.990711
-0.984918
-0.977740
-0.969187
-0.959272
-0.948008
-0.935411
-0.921499
-0.906292
-0.889809
-0.872076
-0.853116
-0.832956
-0.811625
-0.789152
-0.765569
-0.740909
-0.715207
-0.688498
-0.660821
-0.632214
-0.602718
-0.572373
-0.541223
-0.509311
-0.476682
-0.443382
-0.409458
-0.374957
-0.339929
-0.304421
-0.268485
-0.232170
-0.195529
-0.158612
-0.121470
-0.084158
-0.046727
-0.009229
0.028283
0.065755
0.103135
0.140370
0.177409
0.214198
0.250686
0.286822
0.322555
0.357835
0.392611
0.426835
0.460458
0.493434
0.525716
0.557258
0.588016
0.617947
0.647008
0.675158
0.702358
0.728570
0.753756
0.777881
0.800911
0.822813
0.843557
0.863113
0.881454
0.898554
0.914388
0.928935
0.942174
0.954086
0.964653
0.973863
0.981700
0.988155
0.993218
0.996881
0.999141
0.999992
0.999435
0.997470
0.994099
0.989327
0.983162
0.975611
0.966685
0.956396
0.944760
0.931792
0.917511
0.901937
0.885091
0.866998
0.847682
0.827172
0.805495
0.782682
0.758766
0.733780
0.707760
0.680741
0.652762
0.623863
0.594084
0.563467
0.532055
0.499892
0.467024
0.433497
0.399359
0.364657
0.329440
0.293758
0.257662
0.221202
0.184429
0.147396
0.110154
0.072757
0.035256
-0.002294
-0.039842
-0.077335
-0.114718
-0.151941
-0.188949
-0.225691
-0.262116
-0.298171
-0.333806
-0.368971
-0.403615
-0.437690
-0.471149
-0.503943
-0.536026
-0.567353
-0.597880
-0.627564
-0.656363
-0.684236
-0.711144
-0.737048
-0.761912
-0.785702
-0.808383
-0.829923
-0.850293
-0.869462
-0.887404
-0.904095
-0.919509
-0.933625
-0.946424
-0.957887
-0.967997
-0.976742
-0.984107
-0.990083
-0.994662
-0.997836
-0.999602
-0.999956
-0.998899
-0.996431
-0.992555
-0.987279
-0.980608
-0.972553
-0.963124
-0.952334
-0.940200
-0.926738
-0.911967
-0.895908
-0.878583
-0.860017
-0.840236
-0.819268
-0.797143
-0.773892
-0.749547
-0.724143
-0.697716
-0.670303
-0.641943
-0.612675
-0.582542
-0.551586
-0.519849
-0.487378
-0.454218
-0.420416
-0.386020
-0.351077
-0.315639
-0.279753
-0.243473
-0.206847
-0.169929
-0.132771
-0.095424
-0.057942
-0.020378
0.017215
0.054785
0.092277
0.129640
0.166819
0.203764
0.240420
0.276737
0.312664
0.348149
0.383142
0.417594
0.451456
0.484680
0.517219
0.549027
0.580060
0.610273
0.639623
0.668069
0.695571
0.722090
0.747588
0.772030
0.795380
0.817605
0.838675
0.858559
0.877229
0.894658
0.910823
0.925700
0.939268
0.951507
0.962401
0.971934
0.980093
0.986865
0.992242
0.996215
0.998779
0.999930
0.999667
0.997990
0.994901
0.990405
0.984508
0.977218
0.968545
0.958502
0.947103
0.934364
0.920303
0.904939
0.888295
0.870395
0.851262
0.830925
0.809412
0.786753
0.762981
0.738129
0.712232
0.685327
0.657452
0.628647
0.598951
0.568408
0.537060
0.504951
0.472128
0.438636
0.404522
0.369836
0.334627
0.298943
0.262836
0.226356
0.189556
0.152487
0.115202
0.077753
0.040194
0.002578
-0.035043
-0.072614
-0.110082
-0.147395
-0.184500
-0.221344
-0.257874
-0.294040
-0.329790
-0.365074
-0.399841
-0.434042
-0.467628
-0.500553
-0.532769
-0.564232
-0.594895
-0.624716
-0.653653
-0.681665
-0.708711
-0.734754
-0.759757
-0.783684
-0.806501
-0.828176
-0.848678
-0.867979
-0.886050
-0.902867
-0.918405
-0.932642
-0.945558
-0.957135
-0.967356
-0.976207
-0.983676
-0.989751
-0.994424
-0.997688
-0.999539
-0.999974
-0.998992
-0.996595
-0.992786
-0.987570
-0.980956
-0.972951
-0.963568
-0.952820
-0.940721
-0.927290
-0.912544
-0.896505
-0.879196
-0.860641
-0.840866
-0.819900
-0.797772
-0.774512
-0.750156
-0.724736
-0.698288
-0.670851
-0.642463
-0.613164
-0.582996
-0.552002
-0.520225
-0.487710
-0.454504
-0.420654
-0.386207
-0.351212
-0.315719
-0.279779
-0.243441
-0.206759
-0.169783
-0.132566
-0.095161
-0.057620
-0.019998
0.017653
0.055279
0.092827
0.130244
0.167476
0.204471
0.241177
0.277541
0.313512
0.349038
0.384070
0.418557
0.452452
0.485705
0.518270
0.550100
0.581150
0.611376
0.640736
0.669188
0.696690
0.723205
0.748695
0.773123
0.796455
0.818658
0.839700
0.859551
0.878183
0.895570
0.911687
0.926512
0.940022
0.952199
0.963026
0.972488
0.980570
0.987261
0.992552
0.996435
0.998905
0.999958
0.999593
0.997810
0.994612
0.990003
0.983989
0.976580
0.967785
0.957617
0.946091
0.933223
0.919031
0.903535
0.886757
0.868721
0.849453
0.828979
0.807329
0.784534
0.760626
0.735638
0.709606
0.682568
0.654561
0.625625
0.595801
0.565131
0.533660
0.501431
0.468491
0.434886
0.400663
0.365872
0.330561
0.294781
0.258583
0.222017
0.185137
0.147993
0.110639
0.073128
0.035513
-0.002153
-0.039816
-0.077422
-0.114919
-0.152253
-0.189371
-0.226221
-0.262750
-0.298906
-0.334638
-0.369895
-0.404627
-0.438786
-0.472321
-0.505187
-0.537336
-0.568722
-0.599301
-0.629030
-0.657866
-0.685768
-0.712697
-0.738615
-0.763484
-0.787270
-0.809939
-0.831457
-0.851796
-0.870926
-0.888819
-0.905451
-0.920797
-0.934837
-0.947549
-0.958917
-0.968923
-0.977554
-0.984797
-0.990641
-0.995080
-0.998106
-0.999715
-0.999905
-0.998675
-0.996027
-0.991965
-0.986495
-0.979624
-0.971363
-0.961722
-0.950715
-0.938359
-0.924670
-0.909669
-0.893376
-0.875814
-0.857009
-0.836986
-0.815776
-0.793406
-0.769910
-0.745321
-0.719674
-0.693004
-0.665350
-0.636751
-0.607249
-0.576883
-0.545698
-0.513739
-0.481049
-0.447677
-0.413668
-0.379072
-0.343938
-0.308315
-0.272254
-0.235806
-0.199023
-0.161957
-0.124662
-0.087189
-0.049592
-0.011924
0.025760
0.063408
0.100966
0.138381
0.175600
0.212569
0.249237
0.285550
0.321458
0.356910
0.391855
0.426244
0.460027
0.493157
0.525586
0.557270
0.588161
0.618218
0.647396
0.675656
0.702955
0.729256
0.754521
0.778715
0.801803
0.823752
0.844530
0.864110
0.882462
0.899560
0.915381
0.929901
0.943101
0.954961
0.965464
0.974596
0.982344
0.988696
0.993644
0.997180
0.999300
1.000000
0.999280
0.997140
0.993583
0.988615
0.982243
0.974475
0.965323
0.954799
0.942919
0.929699
0.915159
0.899318
0.882200
0.863828
0.844230
0.823431
0.801463
0.778356
0.754144
0.728859
0.702540
0.675222
0.646944
0.617748
0.587674
0.556765
0.525064
0.492618
0.459472
0.425672
0.391268
0.356308
0.320842
0.284920
0.248593
0.211912
0.174931
0.137700
0.100275
0.062706
0.025048
-0.012645
-0.050320
-0.087924
-0.125403
-0.162704
-0.199774
-0.236560
-0.273010
-0.309072
-0.344695
-0.379829
-0.414422
-0.448427
-0.481795
-0.514478
-0.546431
-0.577607
-0.607962
-0.637453
-0.666039
-0.693678
-0.720332
-0.745962
-0.770532
-0.794008
-0.816355
-0.837542
-0.857539
-0.876318
-0.893851
-0.910114
-0.925085
-0.938740
-0.951062
-0.962032
-0.971635
-0.979858
-0.986688
-0.992116
-0.996135
-0.998738
-0.999921
-0.999684
-0.998026
-0.994950
-0.990460
-0.984563
-0.977267
-0.968582
-0.958520
-0.947097
-0.934327
-0.920230
-0.904825
-0.888135
-0.870182
-0.850993
-0.830595
-0.809016
-0.786287
-0.762441
-0.737512
-0.711535
-0.684546
-0.656585
-0.627691
-0.597904
-0.567268
-0.535826
-0.503623
-0.470704
-0.437116
-0.402906
-0.368124
-0.332819
-0.297042
-0.260841
-0.224271
-0.187381
-0.150226
-0.112856
-0.075327
-0.037690
-0.000000
0.037690
0.075327
0.112856
0.150226
0.187381
0.224271
0.260841
0.297042
0.332819
0.368124
0.402906
0.437116
0.470704
0.503623
0.535826
0.567268
0.597904
0.627691
0.656585
0.684546
0.711535
0.737512
0.762441
0.786287
0.809016
0.830595
0.850993
0.870182
0.888135
0.904825
0.920230
0.934327
0.947097
0.958520
0.968582
0.977267
0.984563
0.990460
0.994950
0.998026
0.999684
0.999921
0.998738
0.996135
0.992116
0.986688
0.979858
0.971635
0.962032
0.951062
0.938740
0.925085
0.910114
0.893851
0.876318
0.857539
0.837542
0.816355
0.794008
0.770532
0.745962
0.720332
0.693678
0.666039
0.637453
0.607962
0.577607
0.546431
0.514478
0.481795
0.448427
0.414422
0.379829
0.344695
0.309072
0.273010
0.236560
0.199774
0.162704
0.125403
0.087924
0.050320
0.012645
-0.025048
-0.062706
-0.100275
-0.137700
-0.174931
-0.211912
-0.248593
-0.284920
-0.320842
-0.356308
-0.391268
-0.425672
-0.459472
-0.492618
-0.525064
-0.556765
-0.587674
-0.617748
-0.646944
-0.675222
-0.702540
-0.728859
-0.754144
-0.778356
-0.801463
-0.823431
-0.844230
-0.863828
-0.882200
-0.899318
-0.915159
-0.929699
-0.942919
-0.954799
-0.965323
-0.974475
-0.982243
-0.988615
-0.993583
-0.997140
-0.999280
-1.000000
-0.999300
-0.997180
-0.993644
-0.988696
-0.982344
-0.974596
-0.965464
-0.954961
-0.943101
-0.929901
-0.915381
-0.899560
-0.882462
-0.864110
-0.844530
-0.823752
-0.801803
-0.778715
-0.754521
-0.729256
-0.702955
-0.675656
-0.647396
-0.618218
-0.588161
-0.557270
-0.525586
-0.493157
-0.460027
-0.426244
-0.391855
-0.356910
-0.321458
-0.285550
-0.249237
-0.212569
-0.175600
-0.138381
-0.100966
-0.063408
-0.025760
0.011924
0.049592
0.087189
0.124662
0.161957
0.199023
0.235806
0.272254
0.308315
0.343938
0.379072
0.413668
0.447677
0.481049
0.513739
0.545698
0.576883
0.607249
0.636751
0.665350
0.693004
0.719674
0.745321
0.769910
0.793406
0.815776
0.836986
0.857009
0.875814
0.893376
0.909669
0.924670
0.938359
0.950715
0.961722
0.971363
0.979624
0.986495
0.991965
0.996027
0.998675
0.999905
0.999715
0.998106
0.995080
0.990641
0.984797
0.977554
0.968923
0.958917
0.947549
0.934837
0.920797
0.905451
0.888819
0.870926
0.851796
0.831457
0.809939
0.787270
0.763484
0.738615
0.712697
0.685768
0.657866
0.629030
0.599301
0.568722
0.537336
0.505187
0.472321
0.438786
0.404627
0.369895
0.334638
0.298906
0.262750
0.226221
0.189371
0.152253
0.114919
0.077422
0.039816
0.002153
-0.035513
-0.073128
-0.110639
-0.147993
-0.185137
-0.222017
-0.258583
-0.294781
-0.330561
-0.365872
-0.400663
-0.434886
-0.468491
-0.501431
-0.533660
-0.565131
-0.595801
-0.625625
-0.654561
-0.682568
-0.709606
-0.735638
-0.760626
-0.784534
-0.807329
-0.828979
-0.849453
-0.868721
-0.886757
-0.903535
-0.919031
-0.933223
-0.946091
-0.957617
-0.967785
-0.976580
-0.983989
-0.990003
-0.994612
-0.997810
-0.999593
-0.999958
-0.998905
-0.996435
-0.992552
-0.987261
-0.980570
-0.972488
-0.963026
-0.952199
-0.940022
-0.926512
-0.911687
-0.895570
-0.878183
-0.859551
-0.839700
-0.818658
-0.796455
-0.773123
-0.748695
-0.723205
-0.696690
-0.669188
-0.640736
-0.611376
-0.581150
-0.550100
-0.518270
-0.485705
-0.452452
-0.418557
-0.384070
-0.349038
-0.313512
-0.277541
-0.241177
-0.204471
-0.167476
-0.130244
-0.092827
-0.055279
-0.017653
0.019998
0.057620
0.095161
0.132566
0.169783
0.206759
0.243441
0.279779
0.315719
0.351212
0.386207
0.420654
0.454504
0.487710
0.520225
0.552002
0.582996
0.613164
0.642463
0.670851
0.698288
0.724736
0.750156
0.774512
0.797772
0.819900
0.840866
0.860641
0.879196
0.896505
0.912544
0.927290
0.940721
0.952820
0.963568
0.972951
0.980956
0.987570
0.992786
0.996595
0.998992
0.999974
0.999539
0.997688
0.994424
0.989751
0.983676
0.976207
0.967356
0.957135
0.945558
0.932642
0.918405
0.902867
0.886050
0.867979
0.848678
0.828176
0.806501
0.783684
0.759757
0.734754
0.708711
0.681665
0.653653
0.624716
0.594895
0.564232
0.532769
0.500553
0.467628
0.434042
0.399841
0.365074
0.329790
0.294040
0.257874
0.221344
0.184500
0.147395
0.110082
0.072614
0.035043
-0.002578
-0.040194
-0.077753
-0.115202
-0.152487
-0.189556
-0.226356
-0.262836
-0.298943
-0.334627
-0.369836
-0.404522
-0.438636
-0.472128
-0.504951
-0.537060
-0.568408
-0.598951
-0.628647
-0.657452
-0.685327
-0.712232
-0.738129
-0.762981
-0.786753
-0.809412
-0.830925
-0.851262
-0.870395
-0.888295
-0.904939
-0.920303
-0.934364
-0.947103
-0.958502
-0.968545
-0.977218
-0.984508
-0.990405
-0.994901
-0.997990
-0.999667
-0.999930
-0.998779
-0.996215
-0.992242
-0.986865
-0.980093
-0.971934
-0.962401
-0.951507
-0.939268
-0.925700
-0.910823
-0.894658
-0.877229
-0.858559
-0.838675
-0.817605
-0.795380
-0.772030
-0.747588
-0.722090
-0.695571
-0.668069
-0.639623
-0.610273
-0.580060
-0.549027
-0.517219
-0.484680
-0.451456
-0.417594
-0.383142
-0.348149
-0.312664
-0.276737
-0.240420
-0.203764
-0.166819
-0.129640
-0.092277
-0.054785
-0.017215
0.020378
0.057942
0.095424
0.132771
0.169929
0.206847
0.243473
0.279753
0.315639
0.351077
0.386020
0.420416
0.454218
0.487378
0.519849
0.551586
0.582542
0.612675
0.641943
0.670303
0.697716
0.724143
0.749547
0.773892
0.797143
0.819268
0.840236
0.860017
0.878583
0.895908
0.911967
0.926738
0.940200
0.952334
0.963124
0.972553
0.980608
0.987279
0.992555
0.996431
0.998899
0.999956
0.999602
0.997836
0.994662
0.990083
0.984107
0.976742
0.967997
0.957887
0.946424
0.933625
0.919509
0.904095
0.887404
0.869462
0.850293
0.829923
0.808383
0.785702
0.761912
0.737048
0.711144
0.684236
0.656363
0.627564
0.597880
0.567353
0.536026
0.503943
0.471149
0.437690
0.403615
0.368971
0.333806
0.298171
0.262116
0.225691
0.188949
0.151941
0.114718
0.077335
0.039842
0.002294
-0.035256
-0.072757
-0.110154
-0.147396
-0.184429
-0.221202
-0.257662
-0.293758
-0.329440
-0.364657
-0.399359
-0.433497
-0.467024
-0.499892
-0.532055
-0.563467
-0.594084
-0.623863
-0.652762
-0.680741
-0.707760
-0.733780
-0.758766
-0.782682
-0.805495
-0.827172
-0.847682
-0.866998
-0.885091
-0.901937
-0.917511
-0.931792
-0.944760
-0.956396
-0.966685
-0.975611
-0.983162
-0.989327
-0.994099
-0.997470
-0.999435
-0.999992
-0.999141
-0.996881
-0.993218
-0.988155
-0.981700
-0.973863
-0.964653
-0.954086
-0.942174
-0.928935
-0.914388
-0.898554
-0.881454
-0.863113
-0.843557
-0.822813
-0.800911
-0.777881
-0.753756
-0.728570
-0.702358
-0.675158
-0.647008
-0.617947
-0.588016
-0.557258
-0.525716
-0.493434
-0.460458
-0.426835
-0.392611
-0.357835
-0.322555
-0.286822
-0.250686
-0.214198
-0.177409
-0.140370
-0.103135
-0.065755
-0.028283
0.009229
0.046727
0.084158
0.121470
0.158612
0.195529
0.232170
0.268485
0.304421
0.339929
0.374957
0.409458
0.443382
0.476682
0.509311
0.541223
0.572373
0.602718
0.632214
0.660821
0.688498
0.715207
0.740909
0.765569
0.789152
0.811625
0.832956
0.853116
0.872076
0.889809
0.906292
0.921499
0.935411
0.948008
0.959272
0.969187
0.977740
0.984918
0.990711
0.995112
0.998114
0.999714
0.999908
0.998697
0.996082
0.992068
0.986660
0.979865
0.971693
0.962157
0.951268
0.939043
0.925499
0.910655
0.894531
0.877151
0.858540
0.838722
0.817726
0.795583
0.772322
0.747976
0.722581
0.696171
0.668783
0.640457
0.611232
0.581149
0.550250
0.518579
0.486181
0.453100
0.419384
0.385079
0.350234
0.314898
0.279121
0.242952
0.206443
0.169645
0.132609
0.095387
0.058032
0.020597
-0.016867
-0.054307
-0.091669
-0.128903
-0.165955
-0.202773
-0.239306
-0.275503
-0.311313
-0.346685
-0.381570
-0.415920
-0.449685
-0.482819
-0.515275
-0.547007
-0.577972
-0.608125
-0.637425
-0.665830
-0.693301
-0.719798
-0.745286
-0.769729
-0.793091
-0.815341
-0.836447
-0.856379
-0.875111
-0.892615
-0.908867
-0.923845
-0.937527
-0.949894
-0.960930
-0.970618
-0.978945
-0.985900
-0.991473
-0.995656
-0.998444
-0.999831
-0.999818
-0.998403
-0.995589
-0.991380
-0.985782
-0.978802
-0.970451
-0.960741
-0.949684
-0.937297
-0.923597
-0.908603
-0.892337
-0.874820
-0.856079
-0.836138
-0.815027
-0.792775
-0.769412
-0.744973
-0.719490
-0.693000
-0.665540
-0.637149
-0.607865
-0.577731
-0.546789
-0.515082
-0.482654
-0.449551
-0.415819
-0.381505
-0.346658
-0.311326
-0.275559
-0.239408
-0.202921
-0.166151
-0.129150
-0.091968
-0.054658
-0.017273
0.020136
0.057516
0.094815
0.131981
0.168961
0.205705
0.242159
0.278274
0.314000
0.349285
0.384081
0.418339
0.452011
0.485051
0.517411
0.549047
0.579914
0.609970
0.639173
0.667480
0.694854
0.721256
0.746649
0.770997
0.794267
0.816425
0.837442
0.857288
0.875935
0.893357
0.909530
0.924431
0.938040
0.950337
0.961306
0.970932
0.979200
0.986099
0.991620
0.995756
0.998500
0.999849
0.999800
0.998355
0.995515
0.991284
0.985669
0.978676
0.970317
0.960602
0.949546
0.937164
0.923473
0.908493
0.892244
0.874749
0.856033
0.836122
0.815044
0.792828
0.769506
0.745110
0.719674
0.693234
0.665826
0.637490
0.608264
0.578190
0.547309
0.515665
0.483302
0.450265
0.416600
0.382355
0.347577
0.312314
0.276616
0.240533
0.204116
0.167414
0.130479
0.093363
0.056117
0.018794
-0.018554
-0.055876
-0.093119
-0.130232
-0.167162
-0.203858
-0.240269
-0.276345
-0.312034
-0.347287
-0.382056
-0.416291
-0.449945
-0.482971
-0.515323
-0.546956
-0.577826
-0.607890
-0.637105
-0.665432
-0.692832
-0.719264
-0.744694
-0.769086
-0.792405
-0.814620
-0.835699
-0.855613
-0.874335
-0.891838
-0.908098
-0.923093
-0.936801
-0.949204
-0.960285
-0.970028
-0.978420
-0.985448
-0.991104
-0.995380
-0.998269
-0.999768
-0.999875
-0.998590
-0.995914
-0.991852
-0.986409
-0.979592
-0.971413
-0.961880
-0.951010
-0.938815
-0.925315
-0.910526
-0.894471
-0.877171
-0.858651
-0.838936
-0.818054
-0.796034
-0.772908
-0.748706
-0.723463
-0.697214
-0.669996
-0.641846
-0.612804
-0.582911
-0.552207
-0.520736
-0.488541
-0.455667
-0.422161
-0.388068
-0.353436
-0.318314
-0.282749
-0.246793
-0.210494
-0.173903
-0.137071
-0.100049
-0.062889
-0.025643
0.011638
0.048902
0.086098
0.123173
0.160076
0.196756
0.233161
0.269242
0.304948
0.340229
0.375037
0.409323
0.443039
0.476140
0.508578
0.540309
0.571289
0.601474
0.630824
0.659297
0.686854
0.713456
0.739067
0.763651
0.787174
0.809604
0.830909
0.851060
0.870029
0.887791
0.904319
0.919592
0.933588
0.946288
0.957674
0.967731
0.976445
0.983804
0.989797
0.994417
0.997657
0.999513
0.999982
0.999064
0.996760
0.993073
0.988009
0.981575
0.973779
0.964633
0.954149
0.942343
0.929230
0.914829
0.899160
0.882244
0.864106
0.844770
0.824263
0.802614
0.779853
0.756012
0.731124
0.705222
0.678344
0.650527
0.621808
0.592229
0.561829
0.530652
0.498741
0.466139
0.432892
0.399046
0.364649
0.329746
0.294389
0.258624
0.222501
0.186072
0.149386
0.112493
0.075446
0.038295
0.001092
-0.036111
-0.073264
-0.110314
-0.147211
-0.183903
-0.220340
-0.256470
-0.292245
-0.327615
-0.362530
-0.396943
-0.430806
-0.464071
-0.496694
-0.528629
-0.559832
-0.590259
-0.619869
-0.648621
-0.676475
-0.703392
-0.729336
-0.754271
-0.778161
-0.800976
-0.822681
-0.843249
-0.862651
-0.880859
-0.897848
-0.913596
-0.928081
-0.941282
-0.953182
-0.963764
-0.973014
-0.980918
-0.987467
-0.992651
-0.996463
-0.998897
-0.999952
-0.999625
-0.997917
-0.994830
-0.990369
-0.984540
-0.977351
-0.968812
-0.958935
-0.947734
-0.935225
-0.921424
-0.906351
-0.890027
-0.872475
-0.853718
-0.833783
-0.812697
-0.790490
-0.767192
-0.742836
-0.717455
-0.691085
-0.663761
-0.635522
-0.606406
-0.576455
-0.545709
-0.514210
-0.482003
-0.449132
-0.415642
-0.381580
-0.346992
-0.311926
-0.276431
-0.240555
-0.204349
-0.167861
-0.131144
-0.094246
-0.057219
-0.020114
0.017017
0.054124
0.091155
0.128060
0.164788
0.201287
0.237508
0.273400
0.308915
0.344003
0.378616
0.412707
0.446228
0.479133
0.511378
0.542917
0.573707
0.603706
0.632873
0.661167
0.688550
0.714984
0.740432
0.764860
0.788234
0.810523
0.831694
0.851720
0.870573
0.888227
0.904658
0.919843
0.933761
0.946394
0.957724
0.967736
0.976415
0.983751
0.989733
0.994353
0.997605
0.999484
0.999988
0.999116
0.996870
0.993253
0.988270
0.981928
0.974235
0.965203
0.954844
0.943172
0.930204
0.915957
0.900452
0.883708
0.865751
0.846603
0.826293
0.804848
0.782296
0.758671
0.734003
0.708328
0.681679
0.654095
0.625613
0.596273
0.566114
0.535178
0.503507
0.471147
0.438139
0.404531
0.370369
0.335698
0.300568
0.265026
0.229121
0.192902
0.156420
0.119724
0.082864
0.045892
0.008858
-0.028187
-0.065193
-0.102108
-0.138882
-0.175464
-0.211805
-0.247854
-0.283562
-0.318880
-0.353759
-0.388152
-0.422012
-0.455292
-0.487947
-0.519931
-0.551202
-0.581716
-0.611432
-0.640308
-0.668305
-0.695386
-0.721513
-0.746649
-0.770762
-0.793817
-0.815784
-0.836632
-0.856333
-0.874860
-0.892188
-0.908292
-0.923152
-0.936747
-0.949057
-0.960068
-0.969763
-0.978129
-0.985156
-0.990833
-0.995153
-0.998110
-0.999700
-0.999922
-0.998774
-0.996259
-0.992380
-0.987143
-0.980554
-0.972624
-0.963362
-0.952783
-0.940899
-0.927729
-0.913289
-0.897601
-0.880684
-0.862563
-0.843263
-0.822809
-0.801231
-0.778557
-0.754819
-0.730050
-0.704282
-0.677553
-0.649897
-0.621354
-0.591962
-0.561762
-0.530794
-0.499102
-0.466728
-0.433718
-0.400116
-0.365967
-0.331320
-0.296221
-0.260718
-0.224860
-0.188696
-0.152275
-0.115647
-0.078862
-0.041971
-0.005023
0.031931
0.068839
0.105653
0.142321
0.178794
0.215022
0.250955
0.286544
0.321741
0.356498
0.390767
0.424502
0.457656
0.490185
0.522044
0.553189
0.583579
0.613171
0.641926
0.669805
0.696769
0.722781
0.747807
0.771812
0.794764
0.816632
0.837384
0.856995
0.875436
0.892683
0.908713
0.923503
0.937034
0.949287
0.960246
0.969896
0.978223
0.985217
0.990869
0.995170
0.998115
0.999700
0.999923
0.998784
0.996284
0.992427
0.987219
0.980666
0.972778
0.963566
0.953041
0.941220
0.928117
0.913751
0.898141
0.881310
0.863279
0.844074
0.823720
0.802246
0.779681
0.756056
0.731403
0.705755
0.679148
0.651617
0.623202
0.593939
0.563869
0.533034
0.501474
0.469234
0.436356
0.402886
0.368869
0.334352
0.299382
0.264005
0.228271
0.192227
0.155924
0.119409
0.082734
0.045947
0.009099
-0.027760
-0.064580
-0.101312
-0.137905
-0.174309
-0.210475
-0.246354
-0.281898
-0.317057
-0.351785
-0.386034
-0.419758
-0.452911
-0.485448
-0.517325
-0.548499
-0.578927
-0.608568
-0.637383
-0.665331
-0.692376
-0.718480
-0.743609
-0.767728
-0.790805
-0.812808
-0.833708
-0.853476
-0.872087
-0.889513
-0.905733
-0.920725
-0.934467
-0.946942
-0.958132
-0.968023
-0.976602
-0.983856
-0.989777
-0.994356
-0.997587
-0.999467
-0.999991
-0.999161
-0.996977
-0.993443
-0.988562
-0.982343
-0.974793
-0.965923
-0.955745
-0.944273
-0.931523
-0.917512
-0.902259
-0.885784
-0.868111
-0.849264
-0.829267
-0.808149
-0.785937
-0.762663
-0.738357
-0.713053
-0.686784
-0.659588
-0.631500
-0.602558
-0.572802
-0.542273
-0.511010
-0.479058
-0.446459
-0.413258
-0.379498
-0.345227
-0.310490
-0.275334
-0.239807
-0.203957
-0.167833
-0.131483
-0.094957
-0.058303
-0.021572
0.015187
0.051924
0.088590
0.125135
0.161509
0.197665
0.233552
0.269122
0.304328
0.339122
0.373456
0.407285
0.440563
0.473245
0.505288
0.536647
0.567280
0.597147
0.626207
0.654421
0.681751
0.708159
0.733612
0.758074
0.781512
0.803896
0.825194
0.845378
0.864422
0.882299
0.898986
0.914460
0.928701
0.941688
0.953406
0.963839
0.972971
0.980792
0.987291
0.992459
0.996289
0.998777
0.999919
0.999713
0.998161
0.995264
0.991027
0.985455
0.978555
0.970338
0.960815
0.949998
0.937903
0.924545
0.909943
0.894116
0.877086
0.858877
0.839512
0.819017
0.797422
0.774754
0.751044
0.726325
0.700629
0.673992
0.646449
0.618038
0.588796
0.558763
0.527980
0.496488
0.464330
0.431548
0.398188
0.364293
0.329910
0.295084
0.259864
0.224295
0.188426
0.152305
0.115981
0.079502
0.042917
0.006277
-0.030371
-0.066977
-0.103492
-0.139866
-0.176051
-0.211998
-0.247660
-0.282988
-0.317934
-0.352453
-0.386497
-0.420021
-0.452980
-0.485331
-0.517028
-0.548031
-0.578297
-0.607787
-0.636460
-0.664278
-0.691204
-0.717202
-0.742237
-0.766276
-0.789287
-0.811238
-0.832101
-0.851848
-0.870451
-0.887888
-0.904133
-0.919166
-0.932967
-0.945517
-0.956799
-0.966799
-0.975504
-0.982901
-0.988981
-0.993736
-0.997160
-0.999248
-0.999998
-0.999408
-0.997481
-0.994218
-0.989624
-0.983705
-0.976470
-0.967927
-0.958090
-0.946971
-0.934584
-0.920948
-0.906080
-0.890000
-0.872730
-0.854293
-0.834714
-0.814019
-0.792236
-0.769394
-0.745525
-0.720659
-0.694831
-0.668074
-0.640426
-0.611922
-0.582602
-0.552504
-0.521668
-0.490137
-0.457952
-0.425156
-0.391793
-0.357908
-0.323546
-0.288753
-0.253576
-0.218061
-0.182257
-0.146210
-0.109970
-0.073584
-0.037101
-0.000570
0.035961
0.072442
0.108825
0.145061
0.181102
0.216901
0.252408
0.287578
0.322363
0.356716
0.390592
0.423946
0.456733
0.488910
0.520434
0.551262
0.581355
0.610671
0.639172
0.666820
0.693578
0.719410
0.744283
0.768163
0.791019
0.812820
0.833537
0.853143
0.871611
0.888918
0.905040
0.919957
0.933647
0.946094
0.957281
0.967193
0.975817
0.983141
0.989157
0.993856
0.997231
0.999280
0.999999
0.999387
0.997446
0.994178
0.989587
0.983680
0.976465
0.967952
0.958151
0.947077
0.934745
0.921169
0.906370
0.890366
0.873180
0.854833
0.835352
0.814760
0.793087
0.770361
0.746612
0.721873
0.696175
0.669553
0.642044
0.613682
0.584507
0.554557
0.523871
0.492491
0.460459
0.427817
0.394607
0.360876
0.326667
0.292025
0.256998
0.221631
0.185971
0.150066
0.113963
0.077711
0.041356
0.004949
-0.031464
-0.067834
-0.104112
-0.140251
-0.176202
-0.211918
-0.247353
-0.282457
-0.317187
-0.351494
-0.385334
-0.418663
-0.451435
-0.483608
-0.515139
-0.545987
-0.576110
-0.605469
-0.634025
-0.661740
-0.688579
-0.714504
-0.739482
-0.763481
-0.786468
-0.808413
-0.829288
-0.849064
-0.867716
-0.885219
-0.901550
-0.916688
-0.930613
-0.943306
-0.954752
-0.964934
-0.973840
-0.981457
-0.987777
-0.992791
-0.996492
-0.998875
-0.999939
-0.999680
-0.998101
-0.995203
-0.990990
-0.985468
-0.978644
-0.970528
-0.961130
-0.950463
-0.938541
-0.925380
-0.910998
-0.895414
-0.878648
-0.860723
-0.841663
-0.821492
-0.800238
-0.777929
-0.754594
-0.730264
-0.704972
-0.678751
-0.651635
-0.623661
-0.594866
-0.565287
-0.534964
-0.503937
-0.472247
-0.439935
-0.407045
-0.373620
-0.339703
-0.305340
-0.270576
-0.235457
-0.200030
-0.164340
-0.128435
-0.092362
-0.056169
-0.019904
0.016386
0.052653
0.088849
0.124927
0.160839
0.196537
0.231975
0.267107
0.301885
0.336265
0.370201
0.403648
0.436563
0.468902
0.500623
0.531685
0.562045
0.591665
0.620506
0.648530
0.675700
0.701980
0.727337
0.751736
0.775146
0.797537
0.818878
0.839143
0.858304
0.876336
0.893217
0.908924
0.923436
0.936734
0.948802
0.959624
0.969185
0.977473
0.984477
0.990189
0.994601
0.997707
0.999504
0.999989
0.999162
0.997024
0.993578
0.988828
0.982782
0.975447
0.966833
0.956952
0.945816
0.933440
0.919841
0.905037
0.889047
0.871893
0.853596
0.834182
0.813676
0.792104
0.769495
0.745879
0.721287
0.695752
0.669306
0.641985
0.613824
0.584861
0.555133
0.524680
0.493541
0.461758
0.429371
0.396424
0.362960
0.329022
0.294656
0.259905
0.224816
0.189434
0.153806
0.117978
0.081997
0.045911
0.009767
-0.026389
-0.062509
-0.098545
-0.134451
-0.170180
-0.205685
-0.240920
-0.275838
-0.310394
-0.344544
-0.378241
-0.411444
-0.444107
-0.476190
-0.507649
-0.538444
-0.568534
-0.597881
-0.626447
-0.654193
-0.681084
-0.707086
-0.732164
-0.756285
-0.779419
-0.801534
-0.822604
-0.842599
-0.861495
-0.879266
-0.895891
-0.911346
-0.925612
-0.938672
-0.950507
-0.961102
-0.970445
-0.978523
-0.985325
-0.990843
-0.995070
-0.998001
-0.999632
-0.999960
-0.998986
-0.996711
-0.993139
-0.988274
-0.982122
-0.974692
-0.965994
-0.956039
-0.944840
-0.932412
-0.918771
-0.903936
-0.887925
-0.870760
-0.852463
-0.833058
-0.812571
-0.791027
-0.768457
-0.744888
-0.720352
-0.694881
-0.668507
-0.641266
-0.613193
-0.584324
-0.554697
-0.524351
-0.493325
-0.461660
-0.429396
-0.396576
-0.363243
-0.329440
-0.295210
-0.260599
-0.225650
-0.190411
-0.154926
-0.119241
-0.083404
-0.047459
-0.011455
0.024562
0.060546
0.096450
0.132227
0.167831
0.203216
0.238335
0.273144
0.307598
0.341651
0.375259
0.408380
0.440970
0.472987
0.504390
0.535138
0.565191
0.594511
0.623060
0.650800
0.677696
0.703713
0.728818
0.752979
0.776163
0.798342
0.819487
0.839570
0.858565
0.876449
0.893198
0.908791
0.923208
0.936429
0.948440
0.959222
0.968765
0.977054
0.984079
0.989832
0.994306
0.997494
0.999392
0.999999
0.999314
0.997338
0.994074
0.989525
0.983699
0.976602
0.968245
0.958638
0.947793
0.935725
0.922450
0.907985
0.892348
0.875561
0.857644
0.838622
0.818518
0.797360
0.775174
0.751989
0.727835
0.702744
0.676747
0.649880
0.622176
0.593671
0.564402
0.534407
0.503724
0.472394
0.440457
0.407954
0.374927
0.341418
0.307471
0.273130
0.238439
0.203442
0.168185
0.132713
0.097072
0.061308
0.025466
-0.010407
-0.046264
-0.082061
-0.117750
-0.153286
-0.188623
-0.223716
-0.258519
-0.292988
-0.327079
-0.360748
-0.393951
-0.426647
-0.458792
-0.490346
-0.521269
-0.551520
-0.581062
-0.609855
-0.637863
-0.665051
-0.691384
-0.716827
-0.741348
-0.764916
-0.787502
-0.809075
-0.829608
-0.849076
-0.867453
-0.884716
-0.900843
-0.915813
-0.929608
-0.942209
-0.953602
-0.963770
-0.972703
-0.980387
-0.986815
-0.991976
-0.995866
-0.998479
-0.999813
-0.999865
-0.998635
-0.996127
-0.992342
-0.987286
-0.980965
-0.973389
-0.964566
-0.954508
-0.943229
-0.930743
-0.917065
-0.902215
-0.886210
-0.869072
-0.850823
-0.831486
-0.811086
-0.789649
-0.767203
-0.743777
-0.719401
-0.694106
-0.667925
-0.640891
-0.613039
-0.584404
-0.555025
-0.524937
-0.494179
-0.462792
-0.430815
-0.398290
-0.365257
-0.331759
-0.297839
-0.263540
-0.228906
-0.193982
-0.158812
-0.123441
-0.087914
-0.052277
-0.016574
0.019147
0.054843
0.090467
0.125973
0.161318
0.196454
0.231339
0.265926
0.300173
0.334036
0.367471
0.400436
0.432889
0.464788
0.496094
0.526766
0.556766
0.586054
0.614595
0.642352
0.669289
0.695372
0.720569
0.744847
0.768176
0.790525
0.811868
0.832176
0.851424
0.869587
0.886644
0.902572
0.917350
0.930962
0.943388
0.954614
0.964626
0.973411
0.980959
0.987258
0.992303
0.996086
0.998604
0.999852
0.999830
0.998538
0.995977
0.992152
0.987067
0.980728
0.973145
0.964327
0.954284
0.943031
0.930582
0.916952
0.902160
0.886223
0.869163
0.851001
0.831761
0.811466
0.790144
0.767820
0.744525
0.720286
0.695136
0.669106
0.642229
0.614539
0.586073
0.556865
0.526953
0.496375
0.465170
0.433377
0.401038
0.368192
0.334881
0.301148
0.267036
0.232588
0.197847
0.162857
0.127663
0.092309
0.056840
0.021302
-0.014262
-0.049806
-0.085285
-0.120655
-0.155870
-0.190886
-0.225660
-0.260146
-0.294302
-0.328084
-0.361449
-0.394357
-0.426764
-0.458631
-0.489917
-0.520582
-0.550589
-0.579899
-0.608475
-0.636282
-0.663284
-0.689447
-0.714739
-0.739128
-0.762583
-0.785075
-0.806575
-0.827057
-0.846495
-0.864864
-0.882142
-0.898306
-0.913338
-0.927217
-0.939927
-0.951451
-0.961776
-0.970889
-0.978778
-0.985434
-0.990848
-0.995013
-0.997926
-0.999581
-0.999979
-0.999117
-0.996997
-0.993623
-0.988998
-0.983129
-0.976023
-0.967690
-0.958139
-0.947384
-0.935438
-0.922316
-0.908035
-0.892613
-0.876069
-0.858426
-0.839704
-0.819927
-0.799121
-0.777313
-0.754528
-0.730797
-0.706149
-0.680616
-0.654229
-0.627022
-0.599029
-0.570285
-0.540827
-0.510692
-0.479918
-0.448542
-0.416606
-0.384148
-0.351210
-0.317834
-0.284060
-0.249933
-0.215493
-0.180785
-0.145852
-0.110739
-0.075488
-0.040144
-0.004753
0.030643
0.065999
0.101270
0.136412
0.171382
0.206135
0.240628
0.274818
0.308662
0.342117
0.375143
0.407698
0.439740
0.471230
0.502129
0.532399
0.562000
0.590897
0.619054
0.646434
0.673005
0.698733
0.723587
0.747534
0.770546
0.792593
0.813649
0.833687
0.852682
0.870612
0.887452
0.903184
0.917786
0.931242
0.943535
0.954649
0.964570
0.973287
0.980790
0.987067
0.992113
0.995921
0.998486
0.999806
0.999878
0.998704
0.996284
0.992623
0.987724
0.981594
0.974242
0.965675
0.955906
0.944946
0.932809
0.919511
0.905069
0.889500
0.872824
0.855063
0.836237
0.816372
0.795492
0.773623
0.750792
0.727028
0.702361
0.676822
0.650442
0.623255
0.595294
0.566594
0.537191
0.507122
0.476425
0.445137
0.413297
0.380945
0.348122
0.314869
0.281226
0.247235
0.212939
0.178381
0.143603
0.108649
0.073562
0.038385
0.003163
-0.032061
-0.067244
-0.102341
-0.137309
-0.172105
-0.206685
-0.241008
-0.275029
-0.308708
-0.342002
-0.374870
-0.407271
-0.439166
-0.470516
-0.501280
-0.531421
-0.560903
-0.589688
-0.617741
-0.645027
-0.671514
-0.697167
-0.721956
-0.745850
-0.768819
-0.790835
-0.811872
-0.831903
-0.850904
-0.868850
-0.885722
-0.901497
-0.916156
-0.929681
-0.942057
-0.953267
-0.963298
-0.972138
-0.979777
-0.986204
-0.991412
-0.995395
-0.998149
-0.999670
-0.999956
-0.999007
-0.996825
-0.993412
-0.988773
-0.982914
-0.975843
-0.967568
-0.958099
-0.947449
-0.935631
-0.922659
-0.908550
-0.893322
-0.876993
-0.859584
-0.841117
-0.821613
-0.801098
-0.779597
-0.757137
-0.733745
-0.709451
-0.684284
-0.658276
-0.631459
-0.603866
-0.575531
-0.546489
-0.516776
-0.486428
-0.455484
-0.423981
-0.391959
-0.359456
-0.326512
-0.293169
-0.259468
-0.225449
-0.191155
-0.156628
-0.121911
-0.087045
-0.052075
-0.017043
0.018008
0.053036
0.087995
0.122845
0.157542
0.192044
0.226308
0.260291
0.293954
0.327254
0.360150
0.392602
0.424571
0.456017
0.486902
0.517188
0.546838
0.575816
0.604086
0.631614
0.658366
0.684309
0.709412
0.733645
0.756977
0.779381
0.800829
0.821294
0.840753
0.859181
0.876556
0.892857
0.908063
0.922158
0.935123
0.946944
0.957605
0.967093
0.975399
0.982511
0.988421
0.993121
0.996608
0.998876
0.999922
0.999747
0.998350
0.995733
0.991899
0.986854
0.980604
0.973156
0.964521
0.954708
0.943730
0.931601
0.918336
0.903950
0.888462
0.871891
0.854257
0.835582
0.815888
0.795201
0.773546
0.750948
0.727436
0.703039
0.677786
0.651709
0.624839
0.597210
0.568854
0.539807
0.510104
0.479782
0.448877
0.417428
0.385472
0.353049
0.320198
0.286959
0.253374
0.219481
0.185324
0.150944
0.116381
0.081680
0.046881
0.012027
-0.022839
-0.057676
-0.092440
-0.127090
-0.161583
-0.195878
-0.229933
-0.263707
-0.297158
-0.330247
-0.362932
-0.395175
-0.426936
-0.458177
-0.488860
-0.518948
-0.548405
-0.577194
-0.605282
-0.632633
-0.659216
-0.684997
-0.709947
-0.734034
-0.757230
-0.779507
-0.800838
-0.821197
-0.840559
-0.858903
-0.876204
-0.892444
-0.907601
-0.921659
-0.934599
-0.946408
-0.957070
-0.966573
-0.974906
-0.982059
-0.988023
-0.992792
-0.996359
-0.998721
-0.999875
-0.999820
-0.998556
-0.996086
-0.992411
-0.987537
-0.981470
-0.974218
-0.965789
-0.956194
-0.945444
-0.933553
-0.920536
-0.906408
-0.891187
-0.874891
-0.857540
-0.839155
-0.819759
-0.799374
-0.778027
-0.755743
-0.732548
-0.708471
-0.683542
-0.657790
-0.631247
-0.603944
-0.575916
-0.547195
-0.517816
-0.487816
-0.457229
-0.426094
-0.394448
-0.362328
-0.329774
-0.296826
-0.263522
-0.229903
-0.196009
-0.161882
-0.127562
-0.093090
-0.058509
-0.023859
0.010817
0.045478
0.080082
0.114587
0.148953
0.183138
0.217100
0.250800
0.284196
0.317249
0.349918
0.382166
0.413952
0.445240
0.475991
0.506169
0.535738
0.564662
0.592906
0.620438
0.647223
0.673231
0.698429
0.722789
0.746281
0.768876
0.790548
0.811272
0.831022
0.849775
0.867509
0.884203
0.899836
0.914391
0.927850
0.940197
0.951418
0.961500
0.970430
0.978198
0.984795
0.990214
0.994448
0.997492
0.999343
0.999999
0.999459
0.997724
0.994797
0.990681
0.985381
0.978905
0.971259
0.962453
0.952499
0.941407
0.929192
0.915868
0.901452
0.885961
0.869413
0.851829
0.833229
0.813637
0.793075
0.771568
0.749143
0.725825
0.701644
0.676628
0.650807
0.624212
0.596874
0.568827
0.540105
0.510740
0.480769
0.450228
0.419152
0.387579
0.355547
0.323094
0.290258
0.257079
0.223596
0.189849
0.155879
0.121725
0.087428
0.053030
0.018571
-0.015907
-0.050365
-0.084761
-0.119054
-0.153203
-0.187168
-0.220908
-0.254384
-0.287555
-0.320383
-0.352829
-0.384853
-0.416419
-0.447488
-0.478025
-0.507992
-0.537354
-0.566078
-0.594128
-0.621471
-0.648076
-0.673911
-0.698945
-0.723149
-0.746495
-0.768954
-0.790501
-0.811110
-0.830757
-0.849419
-0.867073
-0.883700
-0.899279
-0.913793
-0.927224
-0.939557
-0.950777
-0.960872
-0.969829
-0.977639
-0.984292
-0.989780
-0.994097
-0.997240
-0.999203
-0.999985
-0.999585
-0.998004
-0.995244
-0.991308
-0.986202
-0.979931
-0.972504
-0.963929
-0.954216
-0.943378
-0.931427
-0.918377
-0.904245
-0.889047
-0.872801
-0.855527
-0.837245
-0.817976
-0.797745
-0.776575
-0.754490
-0.731518
-0.707686
-0.683021
-0.657553
-0.631312
-0.604329
-0.576637
-0.548267
-0.519253
-0.489631
-0.459434
-0.428698
-0.397460
-0.365756
-0.333624
-0.301102
-0.268228
-0.235040
-0.201579
-0.167882
-0.133991
-0.099944
-0.065782
-0.031545
0.002726
0.036993
0.071213
0.105348
0.139357
0.173199
0.206837
0.240229
0.273337
0.306122
0.338546
0.370571
0.402158
0.433272
0.463876
0.493934
0.523411
0.552272
0.580484
0.608014
0.634830
0.660900
0.686195
0.710684
0.734339
0.757132
0.779038
0.800030
0.820084
0.839178
0.857288
0.874393
0.890475
0.905514
0.919493
0.932396
0.944208
0.954915
0.964506
0.972968
0.980293
0.986472
0.991498
0.995365
0.998070
0.999609
0.999981
0.999185
0.997223
0.994097
0.989811
0.984371
0.977782
0.970053
0.961193
0.951213
0.940125
0.927941
0.914676
0.900345
0.884967
0.868558
0.851139
0.832729
0.813350
0.793025
0.771779
0.749635
0.726620
0.702760
0.678085
0.652621
0.626401
0.599453
0.571810
0.543504
0.514567
0.485034
0.454940
0.424318
0.393206
0.361638
0.329653
0.297286
0.264577
0.231562
0.198281
0.164772
0.131074
0.097226
0.063267
0.029238
-0.004824
-0.038877
-0.072883
-0.106802
-0.140595
-0.174222
-0.207646
-0.240826
-0.273725
-0.306304
-0.338526
-0.370354
-0.401750
-0.432679
-0.463105
-0.492992
-0.522306
-0.551014
-0.579082
-0.606478
-0.633170
-0.659128
-0.684321
-0.708722
-0.732300
-0.755031
-0.776886
-0.797842
-0.817875
-0.836960
-0.855078
-0.872206
-0.888325
-0.903417
-0.917464
-0.930451
-0.942363
-0.953186
-0.962907
-0.971517
-0.979005
-0.985363
-0.990584
-0.994662
-0.997592
-0.999372
-0.999999
-0.999473
-0.997795
-0.994968
-0.990993
-0.985878
-0.979626
-0.972247
-0.963749
-0.954141
-0.943435
-0.931644
-0.918781
-0.904862
-0.889902
-0.873920
-0.856933
-0.838961
-0.820026
-0.800149
-0.779354
-0.757664
-0.735104
-0.711702
-0.687483
-0.662475
-0.636709
-0.610213
-0.583018
-0.555155
-0.526656
-0.497556
-0.467886
-0.437681
-0.406976
-0.375806
-0.344207
-0.312215
-0.279868
-0.247202
-0.214255
-0.181065
-0.147669
-0.114107
-0.080416
-0.046635
-0.012803
0.021041
0.054858
0.088610
0.122259
0.155765
0.189090
0.222197
0.255047
0.287603
0.319827
0.351684
0.383136
0.414147
0.444683
0.474708
0.504189
0.533091
0.561382
0.589030
0.616003
0.642270
0.667802
0.692569
0.716544
0.739700
0.762009
0.783447
0.803990
0.823613
0.842296
0.860017
0.876756
0.892493
0.907213
0.920896
0.933530
0.945098
0.955589
0.964990
0.973292
0.980484
0.986559
0.991510
0.995333
0.998022
0.999574
0.999990
0.999267
0.997408
0.994414
0.990289
0.985039
0.978668
0.971186
0.962601
0.952922
0.942160
0.930330
0.917443
0.903515
0.888561
0.872600
0.855649
0.837729
0.818858
0.799060
0.778356
0.756771
0.734329
0.711056
0.686978
0.662122
0.636518
0.610194
0.583181
0.555508
0.527208
0.498313
0.468856
0.438869
0.408388
0.377447
0.346080
0.314324
0.282215
0.249789
0.217082
0.184132
0.150976
0.117652
0.084198
0.050650
0.017048
-0.016571
-0.050169
-0.083707
-0.117149
-0.150456
-0.183591
-0.216515
-0.249193
-0.281587
-0.313661
-0.345379
-0.376705
-0.407603
-0.438039
-0.467979
-0.497389
-0.526235
-0.554487
-0.582111
-0.609077
-0.635355
-0.660914
-0.685728
-0.709767
-0.733005
-0.755415
-0.776974
-0.797656
-0.817439
-0.836300
-0.854219
-0.871175
-0.887150
-0.902126
-0.916086
-0.929015
-0.940899
-0.951724
-0.961478
-0.970152
-0.977734
-0.984218
-0.989595
-0.993860
-0.997010
-0.999039
-0.999947
-0.999732
-0.998395
-0.995938
-0.992363
-0.987676
-0.981881
-0.974985
-0.966997
-0.957925
-0.947780
-0.936573
-0.924318
-0.911028
-0.896718
-0.881404
-0.865105
-0.847838
-0.829623
-0.810481
-0.790433
-0.769502
-0.747711
-0.725085
-0.701650
-0.677432
-0.652458
-0.626757
-0.600356
-0.573287
-0.545579
-0.517263
-0.488371
-0.458936
-0.428991
-0.398568
-0.367703
-0.336430
-0.304783
-0.272799
-0.240512
-0.207960
-0.175178
-0.142203
-0.109072
-0.075822
-0.042490
-0.009113
0.024272
0.057627
0.090916
0.124100
0.157144
0.190010
0.222663
0.255065
0.287180
0.318973
0.350409
0.381453
0.412070
0.442226
0.471888
0.501023
0.529599
0.557584
0.584946
0.611657
0.637686
0.663004
0.687584
0.711398
0.734420
0.756625
0.777989
0.798487
0.818097
0.836798
0.854569
0.871390
0.887244
0.902112
0.915979
0.928829
0.940648
0.951424
0.961145
0.969800
0.977380
0.983876
0.989283
0.993593
0.996803
0.998909
0.999910
0.999803
0.998591
0.996273
0.992854
0.988337
0.982727
0.976031
0.968256
0.959412
0.949508
0.938556
0.926567
0.913556
0.899536
0.884525
0.868538
0.851593
0.833709
0.814907
0.795207
0.774631
0.753202
0.730944
0.707882
0.684041
0.659447
0.634128
0.608113
0.581429
0.554107
0.526177
0.497669
0.468615
0.439047
0.408999
0.378502
0.347591
0.316300
0.284664
0.252716
0.220494
0.188031
0.155364
0.122529
0.089561
0.056498
0.023375
-0.009771
-0.042903
-0.075986
-0.108983
-0.141858
-0.174574
-0.207096
-0.239389
-0.271416
-0.303143
-0.334534
-0.365557
-0.396176
-0.426358
-0.456071
-0.485281
-0.513957
-0.542068
-0.569582
-0.596471
-0.622704
-0.648253
-0.673090
-0.697188
-0.720522
-0.743064
-0.764792
-0.785682
-0.805710
-0.824856
-0.843098
-0.860416
-0.876793
-0.892210
-0.906650
-0.920099
-0.932541
-0.943964
-0.954354
-0.963702
-0.971996
-0.979229
-0.985393
-0.990480
-0.994486
-0.997407
-0.999240
-0.999982
-0.999634
-0.998196
-0.995670
-0.992059
-0.987367
-0.981599
-0.974763
-0.966865
-0.957915
-0.947922
-0.936898
-0.924855
-0.911806
-0.897766
-0.882750
-0.866775
-0.849858
-0.832018
-0.813275
-0.793649
-0.773162
-0.751837
-0.729696
-0.706764
-0.683065
-0.658627
-0.633475
-0.607638
-0.581143
-0.554019
-0.526296
-0.498004
-0.469174
-0.439837
-0.410025
-0.379771
-0.349108
-0.318069
-0.286687
-0.254998
-0.223034
-0.190832
-0.158425
-0.125849
-0.093139
-0.060332
-0.027461
0.005436
0.038325
0.071170
0.103936
0.136586
0.169086
0.201400
0.233494
0.265333
0.296883
0.328110
0.358979
0.389458
0.419514
0.449114
0.478227
0.506822
0.534867
0.562333
0.589189
0.615408
0.640960
0.665819
0.689959
0.713352
0.735974
0.757801
0.778810
0.798978
0.818283
0.836706
0.854225
0.870824
0.886483
0.901187
0.914920
0.927667
0.939415
0.950151
0.959864
0.968544
0.976182
0.982770
0.988301
0.992769
0.996170
0.998501
0.999758
0.999942
0.999052
0.997089
0.994056
0.989956
0.984794
0.978576
0.971308
0.962999
0.953658
0.943295
0.931922
0.919550
0.906194
0.891868
0.876587
0.860369
0.843230
0.825190
0.806267
0.786483
0.765859
0.744417
0.722180
0.699172
0.675418
0.650943
0.625775
0.599939
0.573464
0.546379
0.518712
0.490493
0.461752
0.432520
0.402829
0.372710
0.342196
0.311318
0.280112
0.248608
0.216843
0.184848
0.152659
0.120310
0.087835
0.055269
0.022647
-0.009996
-0.042627
-0.075209
-0.107708
-0.140090
-0.172320
-0.204363
-0.236187
-0.267757
-0.299039
-0.330001
-0.360608
-0.390830
-0.420634
-0.449988
-0.478861
-0.507223
-0.535043
-0.562293
-0.588943
-0.614965
-0.640332
-0.665017
-0.688994
-0.712238
-0.734724
-0.756428
-0.777328
-0.797402
-0.816629
-0.834987
-0.852459
-0.869026
-0.884671
-0.899376
-0.913128
-0.925911
-0.937712
-0.948520
-0.958322
-0.967109
-0.974871
-0.981601
-0.987292
-0.991938
-0.995534
-0.998077
-0.999565
-0.999995
-0.999369
-0.997686
-0.994950
-0.991162
-0.986328
-0.980452
-0.973542
-0.965604
-0.956647
-0.946682
-0.935718
-0.923769
-0.910845
-0.896962
-0.882134
-0.866378
-0.849709
-0.832146
-0.813708
-0.794413
-0.774284
-0.753340
-0.731605
-0.709102
-0.685853
-0.661885
-0.637222
-0.611891
-0.585918
-0.559331
-0.532158
-0.504428
-0.476170
-0.447413
-0.418189
-0.388527
-0.358460
-0.328019
-0.297236
-0.266144
-0.234775
-0.203161
-0.171338
-0.139337
-0.107193
-0.074939
-0.042609
-0.010237
0.022143
0.054497
0.086791
0.118991
0.151064
0.182976
0.214693
0.246183
0.277413
0.308349
0.338960
0.369214
0.399078
0.428523
0.457517
0.486030
0.514032
0.541495
0.568389
0.594687
0.620361
0.645384
0.669732
0.693378
0.716298
0.738467
0.759865
0.780467
0.800253
0.819202
0.837295
0.854514
0.870840
0.886256
0.900747
0.914298
0.926895
0.938525
0.949177
0.958839
0.967502
0.975156
0.981795
0.987411
0.991999
0.995555
0.998074
0.999555
0.999997
0.999399
0.997762
0.995087
0.991379
0.986642
0.980879
0.974098
0.966306
0.957512
0.947724
0.936953
0.925211
0.912510
0.898863
0.884285
0.868791
0.852398
0.835122
0.816982
0.797997
0.778187
0.757573
0.736175
0.714017
0.691121
0.667512
0.643214
0.618252
0.592653
0.566443
0.539649
0.512299
0.484422
0.456047
0.427203
0.397919
0.368227
0.338158
0.307741
0.277009
0.245994
0.214728
0.183243
0.151571
0.119746
0.087800
0.055766
0.023678
-0.008432
-0.040531
-0.072585
-0.104562
-0.136427
-0.168150
-0.199697
-0.231035
-0.262132
-0.292957
-0.323478
-0.353663
-0.383481
-0.412903
-0.441897
-0.470434
-0.498484
-0.526020
-0.553013
-0.579435
-0.605259
-0.630459
-0.655010
-0.678885
-0.702061
-0.724515
-0.746223
-0.767163
-0.787314
-0.806655
-0.825167
-0.842832
-0.859631
-0.875546
-0.890563
-0.904666
-0.917841
-0.930075
-0.941354
-0.951669
-0.961008
-0.969362
-0.976724
-0.983085
-0.988440
-0.992783
-0.996110
-0.998418
-0.999705
-0.999970
-0.999213
-0.997435
-0.994638
-0.990825
-0.986000
-0.980169
-0.973337
-0.965513
-0.956704
-0.946919
-0.936169
-0.924464
-0.911818
-0.898243
-0.883754
-0.868365
-0.852092
-0.834953
-0.816964
-0.798144
-0.778514
-0.758092
-0.736900
-0.714960
-0.692295
-0.668926
-0.644880
-0.620179
-0.594850
-0.568919
-0.542411
-0.515354
-0.487776
-0.459705
-0.431169
-0.402198
-0.372821
-0.343068
-0.312969
-0.282555
-0.251858
-0.220907
-0.189735
-0.158374
-0.126855
-0.095210
-0.063471
-0.031671
0.000159
0.031985
0.063776
0.095500
0.127124
0.158617
0.189946
0.221080
0.251988
0.282638
0.312999
0.343041
0.372733
0.402046
0.430949
0.459415
0.487414
0.514917
0.541898
0.568330
0.594185
0.619438
0.644063
0.668037
0.691333
0.713931
0.735806
0.756937
0.777303
0.796884
0.815659
0.833611
0.850722
0.866973
0.882350
0.896838
0.910420
0.923086
0.934821
0.945614
0.955455
0.964333
0.972241
0.979171
0.985116
0.990070
0.994028
0.996987
0.998945
0.999898
0.999848
0.998793
0.996736
0.993679
0.989625
0.984578
0.978544
0.971529
0.963540
0.954586
0.944676
0.933820
0.922030
0.909316
0.895693
0.881174
0.865774
0.849509
0.832395
0.814449
0.795690
0.776136
0.755809
0.734727
0.712912
0.690387
0.667174
0.643296
0.618778
0.593643
0.567919
0.541629
0.514801
0.487462
0.459638
0.431359
0.402652
0.373545
0.344069
0.314253
0.284126
0.253719
0.223061
0.192184
0.161119
0.129896
0.098546
0.067101
0.035593
0.004052
-0.027491
-0.059003
-0.090453
-0.121811
-0.153044
-0.184123
-0.215015
-0.245691
-0.276120
-0.306272
-0.336117
-0.365626
-0.394768
-0.423516
-0.451841
-0.479715
-0.507111
-0.534000
-0.560358
-0.586158
-0.611374
-0.635982
-0.659957
-0.683276
-0.705916
-0.727855
-0.749071
-0.769543
-0.789251
-0.808177
-0.826301
-0.843605
-0.860074
-0.875690
-0.890439
-0.904307
-0.917279
-0.929344
-0.940489
-0.950704
-0.959979
-0.968305
-0.975674
-0.982079
-0.987515
-0.991975
-0.995457
-0.997956
-0.999470
-0.999999
-0.999542
-0.998100
-0.995675
-0.992268
-0.987885
-0.982528
-0.976205
-0.968921
-0.960684
-0.951502
-0.941385
-0.930343
-0.918386
-0.905528
-0.891780
-0.877157
-0.861673
-0.845344
-0.828185
-0.810215
-0.791451
-0.771911
-0.751615
-0.730584
-0.708837
-0.686397
-0.663285
-0.639525
-0.615141
-0.590155
-0.564593
-0.538480
-0.511842
-0.484705
-0.457096
-0.429042
-0.400570
-0.371709
-0.342487
-0.312932
-0.283074
-0.252942
-0.222565
-0.191974
-0.161197
-0.130267
-0.099211
-0.068062
-0.036849
-0.005603
0.025645
0.056865
0.088027
0.119100
0.150054
0.180858
0.211484
0.241899
0.272077
0.301986
0.331597
0.360883
0.389815
0.418363
0.446502
0.474203
0.501440
0.528186
0.554415
0.580103
0.605224
0.629753
0.653668
0.676945
0.699561
0.721496
0.742727
0.763235
0.782999
0.802001
0.820222
0.837645
0.854254
0.870031
0.884964
0.899036
0.912235
0.924548
0.935963
0.946470
0.956059
0.964721
0.972447
0.979230
0.985065
0.989945
0.993866
0.996825
0.998819
0.999847
0.999907
0.999001
0.997128
0.994292
0.990495
0.985741
0.980035
0.973383
0.965792
0.957269
0.947822
0.937462
0.926197
0.914041
0.901003
0.887098
0.872339
0.856740
0.840317
0.823085
0.805062
0.786266
0.766714
0.746425
0.725420
0.703718
0.681341
0.658311
0.634650
0.610380
0.585526
0.560111
0.534161
0.507699
0.480752
0.453346
0.425507
0.397263
0.368639
0.339664
0.310367
0.280774
0.250914
0.220817
0.190511
0.160026
0.129390
0.098633
0.067784
0.036873
0.005930
-0.025015
-0.055934
-0.086796
-0.117571
-0.148232
-0.178747
-0.209089
-0.239227
-0.269134
-0.298781
-0.328139
-0.357181
-0.385878
-0.414204
-0.442132
-0.469634
-0.496686
-0.523261
-0.549334
-0.574880
-0.599875
-0.624295
-0.648118
-0.671320
-0.693881
-0.715777
-0.736990
-0.757498
-0.777283
-0.796325
-0.814608
-0.832113
-0.848824
-0.864726
-0.879804
-0.894044
-0.907432
-0.919956
-0.931603
-0.942365
-0.952230
-0.961189
-0.969234
-0.976358
-0.982554
-0.987817
-0.992142
-0.995525
-0.997963
-0.999454
-0.999997
-0.999592
-0.998240
-0.995941
-0.992699
-0.988517
-0.983398
-0.977349
-0.970375
-0.962483
-0.953681
-0.943977
-0.933382
-0.921904
-0.909555
-0.896348
-0.882295
-0.867409
-0.851705
-0.835198
-0.817903
-0.799838
-0.781019
-0.761465
-0.741194
-0.720226
-0.698580
-0.676278
-0.653340
-0.629788
-0.605645
-0.580933
-0.555677
-0.529899
-0.503625
-0.476879
-0.449687
-0.422074
-0.394067
-0.365691
-0.336975
-0.307944
-0.278627
-0.249051
-0.219243
-0.189232
-0.159047
-0.128715
-0.098265
-0.067726
-0.037127
-0.006496
0.024139
0.054747
0.085301
0.115772
0.146131
0.176351
0.206402
0.236256
0.265886
0.295264
0.324363
0.353154
0.381612
0.409710
0.437422
0.464722
0.491584
0.517984
0.543896
0.569297
0.594164
0.618473
0.642201
0.665327
0.687830
0.709687
0.730880
0.751389
0.771194
0.790277
0.808621
0.826210
0.843026
0.859054
0.874280
0.888689
0.902269
0.915007
0.926892
0.937912
0.948058
0.957321
0.965691
0.973162
0.979727
0.985380
0.990117
0.993932
0.996823
0.998788
0.999824
0.999931
0.999110
0.997361
0.994686
0.991089
0.986572
0.981140
0.974798
0.967553
0.959412
0.950382
0.940472
0.929692
0.918052
0.905562
0.892235
0.878083
0.863120
0.847359
0.830816
0.813506
0.795446
0.776651
0.757141
0.736932
0.716045
0.694498
0.672312
0.649507
0.626104
0.602126
0.577595
0.552533
0.526964
0.500911
0.474399
0.447452
0.420096
0.392355
0.364255
0.335823
0.307084
0.278066
0.248794
0.219297
0.189600
0.159732
0.129721
0.099593
0.069376
0.039099
0.008790
-0.021525
-0.051817
-0.082058
-0.112221
-0.142278
-0.172200
-0.201962
-0.231535
-0.260893
-0.290008
-0.318854
-0.347405
-0.375635
-0.403517
-0.431027
-0.458138
-0.484828
-0.511070
-0.536842
-0.562120
-0.586880
-0.611101
-0.634761
-0.657837
-0.680309
-0.702157
-0.723361
-0.743901
-0.763760
-0.782919
-0.801360
-0.819068
-0.836027
-0.852220
-0.867634
-0.882255
-0.896069
-0.909065
-0.921230
-0.932555
-0.943028
-0.952641
-0.961384
-0.969251
-0.976235
-0.982329
-0.987528
-0.991828
-0.995225
-0.997716
-0.999299
-0.999973
-0.999739
-0.998595
-0.996544
-0.993588
-0.989729
-0.984972
-0.979322
-0.972782
-0.965361
-0.957064
-0.947899
-0.937876
-0.927003
-0.915291
-0.902751
-0.889393
-0.875231
-0.860278
-0.844547
-0.828053
-0.810811
-0.792837
-0.774147
-0.754759
-0.734690
-0.713958
-0.692583
-0.670585
-0.647982
-0.624797
-0.601049
-0.576761
-0.551955
-0.526653
-0.500878
-0.474654
-0.448004
-0.420953
-0.393526
-0.365746
-0.337639
-0.309232
-0.280548
-0.251615
-0.222458
-0.193104
-0.163579
-0.133910
-0.104124
-0.074247
-0.044306
-0.014329
0.015658
0.045628
0.075553
0.105408
0.135164
0.164796
0.194277
0.223580
0.252679
0.281549
0.310162
0.338495
0.366521
0.394215
0.421553
0.448509
0.475062
0.501185
0.526857
0.552054
0.576754
0.600936
0.624576
0.647656
0.670153
0.692049
0.713323
0.733957
0.753933
0.773234
0.791841
0.809738
0.826911
0.843343
0.859021
0.873930
0.888058
0.901392
0.913920
0.925632
0.936518
0.946567
0.955772
0.964125
0.971617
0.978243
0.983998
0.988875
0.992872
0.995986
0.998212
0.999551
1.000000
0.999560
0.998232
0.996017
0.992917
0.988935
0.984075
0.978342
0.971741
0.964278
0.955960
0.946795
0.936792
0.925958
0.914305
0.901842
0.888582
0.874535
0.859716
0.844137
0.827811
0.810755
0.792983
0.774511
0.755356
0.735535
0.715065
0.693966
0.672255
0.649953
0.627079
0.603653
0.579697
0.555231
0.530278
0.504860
0.478999
0.452718
0.426040
0.398990
0.371591
0.343867
0.315844
0.287545
0.258996
0.230222
0.201248
0.172101
0.142805
0.113386
0.083871
0.054286
0.024656
-0.004993
-0.034633
-0.064241
-0.093788
-0.123250
-0.152600
-0.181814
-0.210864
-0.239726
-0.268375
-0.296785
-0.324932
-0.352791
-0.380337
-0.407547
-0.434397
-0.460863
-0.486923
-0.512554
-0.537733
-0.562439
-0.586649
-0.610344
-0.633502
-0.656104
-0.678129
-0.699560
-0.720376
-0.740561
-0.760096
-0.778966
-0.797153
-0.814643
-0.831419
-0.847468
-0.862776
-0.877330
-0.891117
-0.904125
-0.916344
-0.927763
-0.938373
-0.948163
-0.957127
-0.965257
-0.972546
-0.978987
-0.984575
-0.989307
-0.993177
-0.996184
-0.998324
-0.999596
-0.999999
-0.999534
-0.998200
-0.996000
-0.992935
-0.989009
-0.984224
-0.978587
-0.972101
-0.964773
-0.956609
-0.947616
-0.937804
-0.927179
-0.915753
-0.903535
-0.890536
-0.876768
-0.862242
-0.846971
-0.830970
-0.814251
-0.796831
-0.778723
-0.759944
-0.740511
-0.720440
-0.699749
-0.678456
-0.656579
-0.634138
-0.611152
-0.587642
-0.563627
-0.539129
-0.514169
-0.488768
-0.462949
-0.436734
-0.410145
-0.383207
-0.355941
-0.328372
-0.300523
-0.272419
-0.244083
-0.215541
-0.186817
-0.157935
-0.128921
-0.099799
-0.070595
-0.041333
-0.012039
0.017262
0.046545
0.075785
0.104956
0.134034
0.162994
0.191810
0.220460
0.248917
0.277157
0.305157
0.332892
0.360339
0.387475
0.414276
0.440719
0.466783
0.492444
0.517681
0.542473
0.566798
0.590637
0.613967
0.636771
0.659029
0.680721
0.701830
0.722337
0.742226
0.761480
0.780082
0.798016
0.815269
0.831824
0.847669
0.862790
0.877175
0.890811
0.903687
0.915793
0.927118
0.937653
0.947389
0.956319
0.964435
0.971730
0.978198
0.983835
0.988635
0.992596
0.995713
0.997985
0.999410
0.999986
0.999715
0.998595
0.996629
0.993819
0.990167
0.985676
0.980351
0.974196
0.967217
0.959420
0.950813
0.941401
0.931195
0.920202
0.908432
0.895896
0.882604
0.868568
0.853800
0.838312
0.822118
0.805233
0.787669
0.769443
0.750570
0.731066
0.710948
0.690233
0.668938
0.647083
0.624684
0.601762
0.578336
0.554426
0.530052
0.505235
0.479996
0.454355
0.428336
0.401960
0.375248
0.348225
0.320912
0.293332
0.265510
0.237468
0.209229
0.180819
0.152260
0.123576
0.094792
0.065932
0.037020
0.008081
-0.020862
-0.049784
-0.078662
-0.107470
-0.136184
-0.164782
-0.193238
-0.221530
-0.249633
-0.277524
-0.305179
-0.332577
-0.359693
-0.386506
-0.412994
-0.439133
-0.464902
-0.490281
-0.515248
-0.539782
-0.563863
-0.587471
-0.610587
-0.633191
-0.655266
-0.676791
-0.697751
-0.718127
-0.737904
-0.757063
-0.775591
-0.793472
-0.810690
-0.827233
-0.843086
-0.858236
-0.872672
-0.886381
-0.899352
-0.911576
-0.923041
-0.933739
-0.943660
-0.952798
-0.961145
-0.968694
-0.975439
-0.981375
-0.986497
-0.990802
-0.994285
-0.996945
-0.998779
-0.999787
-0.999967
-0.999320
-0.997847
-0.995549
-0.992428
-0.988488
-0.983731
-0.978162
-0.971786
-0.964609
-0.956636
-0.947875
-0.938332
-0.928017
-0.916938
-0.905104
-0.892525
-0.879213
-0.865177
-0.850431
-0.834986
-0.818855
-0.802052
-0.784591
-0.766487
-0.747754
-0.728409
-0.708467
-0.687945
-0.666860
-0.645230
-0.623073
-0.600406
-0.577249
-0.553621
-0.529541
-0.505030
-0.480108
-0.454794
-0.429111
-0.403080
-0.376721
-0.350056
-0.323108
-0.295898
-0.268450
-0.240785
-0.212926
-0.184896
-0.156719
-0.128416
-0.100012
-0.071530
-0.042992
-0.014423
0.014155
0.042717
0.071242
0.099705
0.128083
0.156354
0.184493
0.212479
0.240288
0.267898
0.295287
0.322432
0.349311
0.375902
0.402184
0.428136
0.453736
0.478964
0.503800
0.528223
0.552214
0.575753
0.598822
0.621401
0.643474
0.665021
0.686025
0.706471
0.726341
0.745619
0.764291
0.782340
0.799753
0.816517
0.832616
0.848039
0.862774
0.876809
0.890132
0.902733
0.914603
0.925731
0.936109
0.945730
0.954585
0.962667
0.969971
0.976490
0.982221
0.987157
0.991297
0.994636
0.997172
0.998904
0.999830
0.999950
0.999265
0.997774
0.995479
0.992384
0.988489
0.983800
0.978319
0.972052
0.965003
0.957180
0.948588
0.939234
0.929127
0.918274
0.906686
0.894370
0.881338
0.867601
0.853168
0.838053
0.822268
0.805825
0.788739
0.771022
0.752689
0.733756
0.714238
0.694149
0.673508
0.652330
0.630633
0.608434
0.585751
0.562602
0.539007
0.514983
0.490551
0.465731
0.440541
0.415003
0.389136
0.362962
0.336502
0.309776
0.282807
0.255615
0.228224
0.200653
0.172926
0.145065
0.117091
0.089028
0.060898
0.032722
0.004523
-0.023675
-0.051851
-0.079983
-0.108048
-0.136023
-0.163887
-0.191617
-0.219192
-0.246590
-0.273788
-0.300766
-0.327502
-0.353976
-0.380165
-0.406050
-0.431610
-0.456825
-0.481675
-0.506140
-0.530202
-0.553842
-0.577040
-0.599779
-0.622041
-0.643809
-0.665065
-0.685792
-0.705976
-0.725599
-0.744647
-0.763105
-0.780958
-0.798192
-0.814795
-0.830753
-0.846055
-0.860687
-0.874639
-0.887901
-0.900461
-0.912310
-0.923440
-0.933842
-0.943507
-0.952429
-0.960601
-0.968016
-0.974669
-0.980556
-0.985671
-0.990011
-0.993573
-0.996354
-0.998353
-0.999568
-0.999999
-0.999645
-0.998507
-0.996587
-0.993885
-0.990405
-0.986150
-0.981122
-0.975327
-0.968769
-0.961453
-0.953386
-0.944574
-0.935025
-0.924745
-0.913744
-0.902030
-0.889613
-0.876502
-0.862709
-0.848243
-0.833117
-0.817343
-0.800933
-0.783901
-0.766259
-0.748022
-0.729204
-0.709821
-0.689886
-0.669417
-0.648430
-0.626940
-0.604964
-0.582521
-0.559628
-0.536302
-0.512562
-0.488427
-0.463915
-0.439045
-0.413838
-0.388312
-0.362489
-0.336387
-0.310027
-0.283430
-0.256617
-0.229607
-0.202424
-0.175087
-0.147617
-0.120037
-0.092367
-0.064629
-0.036845
-0.009035
0.018778
0.046573
0.074329
0.102023
0.129636
0.157144
0.184528
0.211766
0.238837
0.265721
0.292396
0.318842
0.345038
0.370966
0.396604
0.421933
0.446934
0.471588
0.495875
0.519777
0.543277
0.566355
0.588994
0.611178
0.632889
0.654111
0.674827
0.695022
0.714681
0.733788
0.752329
0.770291
0.787659
0.804421
0.820563
0.836074
0.850943
0.865157
0.878706
0.891581
0.903771
0.915267
0.926061
0.936145
0.945512
0.954154
0.962066
0.969241
0.975674
0.981360
0.986297
0.990479
0.993904
0.996571
0.998476
0.999619
1.000000
0.999618
0.998474
0.996569
0.993904
0.990483
0.986308
0.981382
0.975710
0.969296
0.962146
0.954264
0.945657
0.936333
0.926298
0.915561
0.904129
0.892012
0.879219
0.865760
0.851646
0.836888
0.821497
0.805484
0.788863
0.771646
0.753846
0.735478
0.716555
0.697092
0.677103
0.656605
0.635612
0.614141
0.592209
0.569831
0.547026
0.523810
0.500202
0.476218
0.451879
0.427201
0.402203
0.376906
0.351328
0.325487
0.299405
0.273100
0.246593
0.219904
0.193052
0.166059
0.138944
0.111727
0.084431
0.057074
0.029678
0.002263
-0.025151
-0.052541
-0.079889
-0.107174
-0.134374
-0.161470
-0.188441
-0.215268
-0.241929
-0.268406
-0.294678
-0.320726
-0.346530
-0.372071
-0.397331
-0.422289
-0.446928
-0.471230
-0.495176
-0.518748
-0.541930
-0.564703
-0.587052
-0.608958
-0.630408
-0.651383
-0.671870
-0.691852
-0.711316
-0.730246
-0.748629
-0.766452
-0.783701
-0.800364
-0.816428
-0.831882
-0.846715
-0.860915
-0.874472
-0.887377
-0.899621
-0.911193
-0.922087
-0.932294
-0.941807
-0.950618
-0.958723
-0.966114
-0.972787
-0.978738
-0.983961
-0.988454
-0.992214
-0.995237
-0.997522
-0.999067
-0.999872
-0.999937
-0.999261
-0.997845
-0.995692
-0.992801
-0.989177
-0.984822
-0.979739
-0.973933
-0.967408
-0.960169
-0.952222
-0.943573
-0.934228
-0.924196
-0.913482
-0.902097
-0.890048
-0.877344
-0.863995
-0.850011
-0.835403
-0.820182
-0.804359
-0.787946
-0.770956
-0.753400
-0.735293
-0.716647
-0.697477
-0.677797
-0.657621
-0.636966
-0.615845
-0.594275
-0.572271
-0.549851
-0.527030
-0.503825
-0.480255
-0.456335
-0.432084
-0.407520
-0.382661
-0.357524
-0.332129
-0.306495
-0.280640
-0.254582
-0.228343
-0.201939
-0.175392
-0.148719
-0.121942
-0.095079
-0.068151
-0.041176
-0.014174
0.012834
0.039829
0.066792
0.093702
0.120541
0.147288
0.173925
0.200431
0.226788
0.252976
0.278977
0.304771
0.330341
0.355667
0.380731
0.405515
0.430001
0.454172
0.478010
0.501498
0.524618
0.547355
0.569692
0.591613
0.613103
0.634145
0.654725
0.674828
0.694439
0.713546
0.732133
0.750188
0.767698
0.784651
0.801034
0.816836
0.832046
0.846652
0.860646
0.874016
0.886753
0.898849
0.910294
0.921082
0.931204
0.940654
0.949424
0.957509
0.964903
0.971602
0.977600
0.982894
0.987480
0.991355
0.994517
0.996963
0.998692
0.999704
0.999997
0.999572
0.998429
0.996570
0.993996
0.990710
0.986713
0.982009
0.976602
0.970496
0.963695
0.956205
0.948032
0.939181
0.929658
0.919472
0.908630
0.897139
0.885009
0.872247
0.858865
0.844870
0.830274
0.815087
0.799320
0.782985
0.766094
0.748659
0.730692
0.712207
0.693217
0.673735
0.653776
0.633355
0.612485
0.591182
0.569462
0.547339
0.524831
0.501952
0.478719
0.455150
0.431260
0.407067
0.382589
0.357843
0.332845
0.307616
0.282171
0.256530
0.230710
0.204731
0.178609
0.152365
0.126017
0.099583
0.073082
0.046533
0.019955
-0.006634
-0.033215
-0.059768
-0.086276
-0.112719
-0.139079
-0.165337
-0.191475
-0.217474
-0.243317
-0.268984
-0.294459
-0.319722
-0.344756
-0.369545
-0.394070
-0.418314
-0.442260
-0.465892
-0.489193
-0.512147
-0.534737
-0.556949
-0.578766
-0.600174
-0.621158
-0.641702
-0.661793
-0.681417
-0.700561
-0.719211
-0.737353
-0.754977
-0.772069
-0.788618
-0.804612
-0.820041
-0.834893
-0.849160
-0.862830
-0.875895
-0.888346
-0.900174
-0.911371
-0.921931
-0.931844
-0.941106
-0.949710
-0.957650
-0.964920
-0.971517
-0.977435
-0.982671
-0.987221
-0.991083
-0.994254
-0.996732
-0.998516
-0.999605
-0.999999
-0.999696
-0.998699
-0.997007
-0.994623
-0.991548
-0.987784
-0.983335
-0.978205
-0.972395
-0.965912
-0.958760
-0.950944
-0.942470
-0.933344
-0.923572
-0.913162
-0.902121
-0.890456
-0.878177
-0.865293
-0.851811
-0.837742
-0.823096
-0.807883
-0.792114
-0.775799
-0.758952
-0.741582
-0.723703
-0.705328
-0.686468
-0.667137
-0.647349
-0.627118
-0.606457
-0.585381
-0.563905
-0.542044
-0.519813
-0.497227
-0.474302
-0.451054
-0.427499
-0.403654
-0.379534
-0.355157
-0.330540
-0.305699
-0.280652
-0.255415
-0.230007
-0.204445
-0.178745
-0.152927
-0.127008
-0.101006
-0.074937
-0.048822
-0.022676
0.003482
0.029633
0.055761
0.081847
0.107873
0.133822
0.159676
0.185417
0.211028
0.236492
0.261790
0.286907
0.311824
0.336525
0.360993
0.385212
0.409165
0.432836
0.456209
0.479268
0.501998
0.524383
0.546408
0.568059
0.589321
0.610179
0.630619
0.650629
0.670193
0.689301
0.707937
0.726091
0.743750
0.760902
0.777536
0.793641
0.809205
0.824220
0.838674
0.852558
0.865864
0.878582
0.890704
0.902222
0.913128
0.923416
0.933079
0.942110
0.950504
0.958255
0.965358
0.971809
0.977603
0.982738
0.987209
0.991015
0.994152
0.996620
0.998416
0.999539
0.999990
0.999768
0.998874
0.997309
0.995073
0.992169
0.988598
0.984365
0.979471
0.973920
0.967716
0.960864
0.953369
0.945236
0.936470
0.927078
0.917066
0.906442
0.895212
0.883384
0.870967
0.857970
0.844400
0.830268
0.815582
0.800354
0.784594
0.768311
0.751518
0.734226
0.716447
0.698192
0.679474
0.660305
0.640700
0.620670
0.600229
0.579392
0.558172
0.536584
0.514642
0.492360
0.469755
0.446840
0.423631
0.400145
0.376395
0.352400
0.328174
0.303733
0.279095
0.254275
0.229289
0.204156
0.178890
0.153510
0.128032
0.102473
0.076849
0.051178
0.025477
-0.000237
-0.025947
-0.051637
-0.077288
-0.102885
-0.128411
-0.153848
-0.179179
-0.204389
-0.229461
-0.254377
-0.279122
-0.303680
-0.328034
-0.352169
-0.376068
-0.399716
-0.423098
-0.446198
-0.469001
-0.491492
-0.513657
-0.535482
-0.556951
-0.578052
-0.598769
-0.619091
-0.639004
-0.658494
-0.677550
-0.696159
-0.714309
-0.731988
-0.749185
-0.765889
-0.782088
-0.797774
-0.812935
-0.827563
-0.841647
-0.855178
-0.868149
-0.880551
-0.892375
-0.903616
-0.914264
-0.924314
-0.933760
-0.942595
-0.950815
-0.958413
-0.965385
-0.971728
-0.977437
-0.982508
-0.986939
-0.990727
-0.993870
-0.996366
-0.998214
-0.999412
-0.999961
-0.999861
-0.999111
-0.997712
-0.995666
-0.992974
-0.989638
-0.985661
-0.981045
-0.975795
-0.969912
-0.963403
-0.956270
-0.948519
-0.940156
-0.931185
-0.921614
-0.911447
-0.900693
-0.889359
-0.877451
-0.864979
-0.851950
-0.838373
-0.824256
-0.809610
-0.794444
-0.778768
-0.762592
-0.745927
-0.728785
-0.711175
-0.693110
-0.674601
-0.655661
-0.636302
-0.616537
-0.596378
-0.575839
-0.554933
-0.533673
-0.512074
-0.490149
-0.467913
-0.445380
-0.422565
-0.399482
-0.376146
-0.352572
-0.328777
-0.304774
-0.280579
-0.256209
-0.231678
-0.207003
-0.182198
-0.157281
-0.132267
-0.107172
-0.082013
-0.056805
-0.031564
-0.006306
0.018951
0.044193
0.069403
0.094565
0.119663
0.144681
0.169603
0.194414
0.219097
0.243637
0.268018
0.292226
0.316244
0.340058
0.363652
0.387011
0.410121
0.432968
0.455536
0.477812
0.499782
0.521432
0.542748
0.563716
0.584325
0.604560
0.624410
0.643861
0.662903
0.681522
0.699707
0.717447
0.734731
0.751549
0.767889
0.783742
0.799097
0.813947
0.828280
0.842089
0.855365
0.868100
0.880286
0.891915
0.902981
0.913477
0.923396
0.932733
0.941482
0.949638
0.957195
0.964150
0.970497
0.976235
0.981358
0.985865
0.989752
0.993018
0.995660
0.997678
0.999070
0.999836
0.999976
0.999489
0.998377
0.996640
0.994280
0.991298
0.987697
0.983479
0.978646
0.973204
0.967154
0.960501
0.953250
0.945405
0.936971
0.927955
0.918361
0.908196
0.897467
0.886181
0.874344
0.861965
0.849051
0.835611
0.821654
0.807187
0.792221
0.776765
0.760829
0.744423
0.727557
0.710242
0.692489
0.674309
0.655714
0.636715
0.617324
0.597554
0.577416
0.556925
0.536091
0.514929
0.493452
0.471672
0.449605
0.427262
0.404659
0.381810
0.358728
0.335429
0.311926
0.288234
0.264367
0.240342
0.216172
0.191872
0.167458
0.142944
0.118346
0.093679
0.068958
0.044198
0.019415
-0.005376
-0.030160
-0.054922
-0.079647
-0.104318
-0.128923
-0.153444
-0.177867
-0.202178
-0.226361
-0.250402
-0.274285
-0.297997
-0.321523
-0.344849
-0.367960
-0.390843
-0.413483
-0.435866
-0.457980
-0.479811
-0.501346
-0.522571
-0.543474
-0.564042
-0.584262
-0.604124
-0.623614
-0.642721
-0.661434
-0.679740
-0.697630
-0.715093
-0.732118
-0.748695
-0.764814
-0.780465
-0.795640
-0.810329
-0.824524
-0.838215
-0.851396
-0.864058
-0.876194
-0.887796
-0.898859
-0.909375
-0.919338
-0.928743
-0.937584
-0.945856
-0.953554
-0.960674
-0.967212
-0.973164
-0.978527
-0.983297
-0.987473
-0.991052
-0.994033
-0.996412
-0.998190
-0.999366
-0.999939
-0.999909
-0.999276
-0.998042
-0.996206
-0.993772
-0.990739
-0.987110
-0.982889
-0.978077
-0.972678
-0.966695
-0.960132
-0.952993
-0.945283
-0.937008
-0.928171
-0.918779
-0.908837
-0.898352
-0.887330
-0.875778
-0.863703
-0.851113
-0.838016
-0.824419
-0.810331
-0.795761
-0.780717
-0.765209
-0.749246
-0.732837
-0.715994
-0.698726
-0.681044
-0.662959
-0.644480
-0.625621
-0.606391
-0.586803
-0.566868
-0.546599
-0.526008
-0.505107
-0.483909
-0.462426
-0.440672
-0.418659
-0.396401
-0.373910
-0.351202
-0.328288
-0.305183
-0.281900
-0.258454
-0.234859
-0.211127
-0.187275
-0.163315
-0.139262
-0.115130
-0.090934
-0.066688
-0.042407
-0.018104
0.006206
0.030508
0.054789
0.079034
0.103228
0.127357
0.151408
0.175365
0.199215
0.222945
0.246539
0.269984
0.293267
0.316373
0.339290
0.362003
0.384500
0.406768
0.428793
0.450562
0.472064
0.493285
0.514213
0.534836
0.555142
0.575119
0.594756
0.614042
0.632964
0.651513
0.669678
0.687448
0.704812
0.721762
0.738287
0.754378
0.770025
0.785220
0.799954
0.814218
0.828005
0.841307
0.854116
0.866425
0.878227
0.889515
0.900283
0.910525
0.920235
0.929408
0.938039
0.946123
0.953656
0.960633
0.967050
0.972905
0.978194
0.982914
0.987063
0.990638
0.993638
0.996062
0.997907
0.999175
0.999863
0.999972
0.999502
0.998454
0.996828
0.994626
0.991849
0.988499
0.984578
0.980090
0.975036
0.969420
0.963245
0.956516
0.949236
0.941409
0.933042
0.924138
0.914703
0.904743
0.894264
0.883272
0.871773
0.859775
0.847284
0.834309
0.820856
0.806933
0.792550
0.777714
0.762434
0.746719
0.730578
0.714021
0.697057
0.679697
0.661950
0.643827
0.625338
0.606495
0.587307
0.567787
0.547945
0.527794
0.507344
0.486607
0.465596
0.444322
0.422799
0.401038
0.379051
0.356852
0.334453
0.311867
0.289107
0.266186
0.243118
0.219914
0.196590
0.173157
0.149629
0.126021
0.102344
0.078613
0.054842
0.031043
0.007230
-0.016583
-0.040383
-0.064156
-0.087889
-0.111569
-0.135181
-0.158714
-0.182152
-0.205484
-0.228696
-0.251775
-0.274708
-0.297482
-0.320084
-0.342502
-0.364723
-0.386735
-0.408525
-0.430082
-0.451392
-0.472445
-0.493228
-0.513730
-0.533939
-0.553845
-0.573436
-0.592701
-0.611630
-0.630212
-0.648438
-0.666295
-0.683776
-0.700871
-0.717569
-0.733862
-0.749741
-0.765197
-0.780222
-0.794807
-0.808944
-0.822627
-0.835847
-0.848597
-0.860870
-0.872660
-0.883960
-0.894765
-0.905068
-0.914863
-0.924147
-0.932913
-0.941158
-0.948876
-0.956064
-0.962717
-0.968834
-0.974410
-0.979442
-0.983928
-0.987866
-0.991254
-0.994090
-0.996373
-0.998102
-0.999276
-0.999895
-0.999959
-0.999468
-0.998422
-0.996823
-0.994671
-0.991968
-0.988716
-0.984917
-0.980573
-0.975687
-0.970262
-0.964301
-0.957807
-0.950786
-0.943239
-0.935173
-0.926592
-0.917501
-0.907904
-0.897808
-0.887219
-0.876142
-0.864584
-0.852551
-0.840051
-0.827090
-0.813676
-0.799817
-0.785519
-0.770792
-0.755644
-0.740082
-0.724117
-0.707756
-0.691010
-0.673887
-0.656397
-0.638549
-0.620355
-0.601823
-0.582965
-0.563791
-0.544310
-0.524535
-0.504476
-0.484145
-0.463552
-0.442709
-0.421627
-0.400319
-0.378795
-0.357068
-0.335149
-0.313052
-0.290787
-0.268367
-0.245805
-0.223112
-0.200302
-0.177386
-0.154377
-0.131289
-0.108132
-0.084921
-0.061667
-0.038383
-0.015083
0.008222
0.031519
0.054794
0.078036
0.101232
0.124369
0.147435
0.170418
0.193304
0.216081
0.238738
0.261262
0.283641
0.305863
0.327916
0.349788
0.371467
0.392942
0.414202
0.435234
0.456028
0.476573
0.496857
0.516870
0.536601
0.556040
0.575176
0.593999
0.612500
0.630668
0.648493
0.665968
0.683081
0.699824
0.716189
0.732167
0.747749
0.762927
0.777693
0.792040
0.805960
0.819446
0.832491
0.845087
0.857230
0.868911
0.880126
0.890868
0.901132
0.910913
0.920205
0.929004
0.937306
0.945107
0.952402
0.959187
0.965460
0.971218
0.976457
0.981175
0.985369
0.989039
0.992181
0.994796
0.996881
0.998435
0.999459
0.999951
0.999913
0.999344
0.998244
0.996615
0.994458
0.991774
0.988564
0.984832
0.980578
0.975806
0.970518
0.964718
0.958409
0.951593
0.944276
0.936461
0.928153
0.919356
0.910075
0.900316
0.890083
0.879382
0.868220
0.856602
0.844535
0.832025
0.819079
0.805705
0.791908
0.777698
0.763081
0.748065
0.732659
0.716871
0.700709
0.684181
0.667298
0.650068
0.632499
0.614602
0.596386
0.577861
0.559036
0.539922
0.520528
0.500866
0.480944
0.460775
0.440368
0.419735
0.398886
0.377833
0.356585
0.335156
0.313555
0.291794
0.269885
0.247839
0.225668
0.203383
0.180995
0.158518
0.135962
0.113339
0.090660
0.067939
0.045186
0.022414
-0.000367
-0.023143
-0.045903
-0.068636
-0.091329
-0.113971
-0.136550
-0.159055
-0.181473
-0.203794
-0.226006
-0.248097
-0.270056
-0.291871
-0.313532
-0.335028
-0.356347
-0.377478
-0.398411
-0.419136
-0.439640
-0.459914
-0.479948
-0.499732
-0.519255
-0.538507
-0.557479
-0.576161
-0.594543
-0.612617
-0.630373
-0.647802
-0.664896
-0.681646
-0.698042
-0.714078
-0.729746
-0.745036
-0.759942
-0.774457
-0.788572
-0.802281
-0.815578
-0.828455
-0.840906
-0.852925
-0.864506
-0.875644
-0.886333
-0.896567
-0.906342
-0.915654
-0.924496
-0.932866
-0.940759
-0.948172
-0.955100
-0.961541
-0.967492
-0.972949
-0.977911
-0.982375
-0.986338
-0.989800
-0.992759
-0.995213
-0.997162
-0.998605
-0.999541
-0.999970
-0.999892
-0.999307
-0.998217
-0.996621
-0.994522
-0.991919
-0.988816
-0.985213
-0.981112
-0.976517
-0.971429
-0.965852
-0.959788
-0.953241
-0.946215
-0.938712
-0.930738
-0.922296
-0.913392
-0.904028
-0.894212
-0.883947
-0.873239
-0.862095
-0.850518
-0.838517
-0.826096
-0.813263
-0.800024
-0.786386
-0.772355
-0.757940
-0.743148
-0.727985
-0.712461
-0.696583
-0.680358
-0.663796
-0.646905
-0.629694
-0.612170
-0.594344
-0.576224
-0.557820
-0.539140
-0.520195
-0.500993
-0.481545
-0.461860
-0.441948
-0.421820
-0.401485
-0.380954
-0.360237
-0.339345
-0.318287
-0.297075
-0.275719
-0.254229
-0.232617
-0.210894
-0.189069
-0.167155
-0.145162
-0.123100
-0.100981
-0.078816
-0.056616
-0.034392
-0.012155
0.010085
0.032316
0.054526
0.076706
0.098844
0.120930
0.142952
0.164899
0.186762
0.208528
0.230188
0.251731
0.273146
0.294422
0.315550
0.336520
0.357319
0.377940
0.398371
0.418603
0.438626
0.458429
0.478005
0.497342
0.516432
0.535265
0.553833
0.572126
0.590136
0.607853
0.625270
0.642378
0.659169
0.675634
0.691766
0.707558
0.723001
0.738088
0.752813
0.767167
0.781145
0.794739
0.807944
0.820753
0.833160
0.845159
0.856744
0.867911
0.878653
0.888966
0.898846
0.908287
0.917285
0.925836
0.933937
0.941582
0.948770
0.955497
0.961759
0.967554
0.972880
0.977733
0.982113
0.986017
0.989443
0.992390
0.994857
0.996843
0.998347
0.999369
0.999908
0.999965
0.999539
0.998632
0.997244
0.995376
0.993028
0.990203
0.986902
0.983127
0.978879
0.974162
0.968977
0.963328
0.957218
0.950649
0.943624
0.936149
0.928226
0.919859
0.911053
0.901812
0.892141
0.882045
0.871528
0.860597
0.849256
0.837511
0.825367
0.812832
0.799911
0.786610
0.772937
0.758897
0.744498
0.729746
0.714650
0.699216
0.683451
0.667364
0.650963
0.634255
0.617248
0.599951
0.582372
0.564520
0.546402
0.528029
0.509409
0.490550
0.471462
0.452154
0.432635
0.412915
0.393003
0.372908
0.352641
0.332211
0.311627
0.290899
0.270038
0.249053
0.227955
0.206752
0.185456
0.164076
0.142623
0.121107
0.099537
0.077924
0.056278
0.034610
0.012930
-0.008753
-0.030428
-0.052084
-0.073712
-0.095302
-0.116843
-0.138325
-0.159739
-0.181074
-0.202320
-0.223467
-0.244506
-0.265427
-0.286220
-0.306875
-0.327383
-0.347734
-0.367919
-0.387928
-0.407753
-0.427384
-0.446812
-0.466028
-0.485023
-0.503788
-0.522316
-0.540596
-0.558622
-0.576385
-0.593876
-0.611087
-0.628012
-0.644641
-0.660968
-0.676985
-0.692685
-0.708060
-0.723105
-0.737811
-0.752172
-0.766182
-0.779835
-0.793124
-0.806044
-0.818588
-0.830751
-0.842528
-0.853913
-0.864902
-0.875489
-0.885669
-0.895440
-0.904795
-0.913731
-0.922244
-0.930331
-0.937988
-0.945211
-0.951997
-0.958345
-0.964250
-0.969710
-0.974724
-0.979289
-0.983403
-0.987065
-0.990273
-0.993026
-0.995323
-0.997164
-0.998546
-0.999471
-0.999938
-0.999947
-0.999498
-0.998592
-0.997230
-0.995412
-0.993139
-0.990412
-0.987234
-0.983606
-0.979530
-0.975007
-0.970040
-0.964633
-0.958786
-0.952504
-0.945789
-0.938645
-0.931075
-0.923083
-0.914673
-0.905849
-0.896614
-0.886974
-0.876933
-0.866496
-0.855667
-0.844453
-0.832858
-0.820887
-0.808546
-0.795842
-0.782780
-0.769366
-0.755606
-0.741507
-0.727076
-0.712318
-0.697242
-0.681854
-0.666160
-0.650169
-0.633888
-0.617323
-0.600484
-0.583377
-0.566011
-0.548393
-0.530531
-0.512434
-0.494110
-0.475567
-0.456814
-0.437859
-0.418711
-0.399378
-0.379870
-0.360195
-0.340362
-0.320381
-0.300259
-0.280007
-0.259633
-0.239147
-0.218557
-0.197874
-0.177106
-0.156262
-0.135353
-0.114387
-0.093374
-0.072323
-0.051244
-0.030146
-0.009038
0.012070
0.033168
0.054248
0.075300
0.096314
0.117282
0.138193
0.159040
0.179811
0.200499
0.221094
0.241588
0.261970
0.282232
0.302366
0.322361
0.342210
0.361904
0.381434
0.400792
0.419969
0.438956
0.457746
0.476331
0.494701
0.512850
0.530769
0.548450
0.565887
0.583070
0.599994
0.616650
0.633031
0.649131
0.664942
0.680458
0.695672
0.710577
0.725167
0.739436
0.753377
0.766986
0.780255
0.793180
0.805755
0.817975
0.829833
0.841327
0.852449
0.863197
0.873566
0.883550
0.893147
0.902351
0.911160
0.919569
0.927576
0.935176
0.942367
0.949146
0.955511
0.961458
0.966985
0.972090
0.976772
0.981027
0.984856
0.988256
0.991226
0.993765
0.995872
0.997546
0.998788
0.999596
0.999971
0.999913
0.999421
0.998497
0.997141
0.995354
0.993137
0.990491
0.987418
0.983918
0.979995
0.975649
0.970883
0.965699
0.960100
0.954088
0.947667
0.940838
0.933606
0.925973
0.917943
0.909521
0.900709
0.891511
0.881933
0.871977
0.861650
0.850954
0.839896
0.828480
0.816711
0.804594
0.792135
0.779339
0.766213
0.752761
0.738990
0.724905
0.710514
0.695822
0.680835
0.665561
0.650006
0.634177
0.618081
0.601724
0.585114
0.568258
0.551163
0.533837
0.516288
0.498522
0.480548
0.462373
0.444006
0.425453
0.406723
0.387825
0.368765
0.349553
0.330197
0.310704
0.291084
0.271344
0.251493
0.231540
0.211492
0.191359
0.171149
0.150871
0.130533
0.110144
0.089712
0.069246
0.048755
0.028247
0.007732
-0.012783
-0.033289
-0.053776
-0.074238
-0.094664
-0.115046
-0.135376
-0.155645
-0.175846
-0.195968
-0.216005
-0.235947
-0.255786
-0.275515
-0.295124
-0.314606
-0.333953
-0.353156
-0.372208
-0.391101
-0.409827
-0.428378
-0.446747
-0.464926
-0.482907
-0.500684
-0.518249
-0.535594
-0.552713
-0.569599
-0.586244
-0.602642
-0.618787
-0.634671
-0.650289
-0.665634
-0.680699
-0.695479
-0.709967
-0.724159
-0.738047
-0.751627
-0.764894
-0.777840
-0.790463
-0.802756
-0.814715
-0.826334
-0.837610
-0.848538
-0.859114
-0.869332
-0.879191
-0.888684
-0.897810
-0.906563
-0.914942
-0.922942
-0.930561
-0.937796
-0.944643
-0.951101
-0.957166
-0.962838
-0.968112
-0.972989
-0.977465
-0.981539
-0.985210
-0.988477
-0.991338
-0.993793
-0.995840
-0.997479
-0.998710
-0.999533
-0.999946
-0.999951
-0.999548
-0.998737
-0.997518
-0.995893
-0.993862
-0.991426
-0.988586
-0.985345
-0.981703
-0.977662
-0.973225
-0.968392
-0.963167
-0.957551
-0.951547
-0.945159
-0.938388
-0.931237
-0.923711
-0.915811
-0.907542
-0.898906
-0.889909
-0.880553
-0.870842
-0.860782
-0.850375
-0.839627
-0.828541
-0.817123
-0.805378
-0.793310
-0.780924
-0.768226
-0.755221
-0.741914
-0.728311
-0.714418
-0.700239
-0.685782
-0.671052
-0.656055
-0.640798
-0.625286
-0.609526
-0.593525
-0.577289
-0.560824
-0.544138
-0.527238
-0.510129
-0.492820
-0.475317
-0.457627
-0.439757
-0.421716
-0.403509
-0.385145
-0.366631
-0.347974
-0.329182
-0.310262
-0.291223
-0.272071
-0.252815
-0.233461
-0.214019
-0.194496
-0.174898
-0.155236
-0.135515
-0.115745
-0.095932
-0.076086
-0.056213
-0.036321
-0.016420
0.003485
0.023384
0.043270
0.063134
0.082970
0.102769
0.122524
0.142226
0.161868
0.181442
0.200941
0.220357
0.239682
0.258908
0.278029
0.297036
0.315923
0.334682
0.353305
0.371786
0.390116
0.408290
0.426300
0.444139
0.461800
0.479276
0.496561
0.513648
0.530530
0.547201
0.563654
0.579884
0.595883
0.611646
0.627167
0.642440
0.657459
0.672218
0.686711
0.700934
0.714881
0.728546
0.741925
0.755012
0.767802
0.780291
0.792474
0.804347
0.815904
0.827142
0.838056
0.848643
0.858898
0.868818
0.878399
0.887638
0.896531
0.905075
0.913267
0.921103
0.928582
0.935700
0.942455
0.948844
0.954866
0.960517
0.965797
0.970704
0.975234
0.979389
0.983164
0.986561
0.989577
0.992211
0.994463
0.996333
0.997819
0.998921
0.999639
0.999974
0.999924
0.999491
0.998675
0.997476
0.995895
0.993933
0.991591
0.988870
0.985772
0.982296
0.978447
0.974224
0.969629
0.964666
0.959335
0.953640
0.947582
0.941164
0.934389
0.927260
0.919778
0.911949
0.903774
0.895257
0.886401
0.877211
0.867689
0.857840
0.847667
0.837175
0.826367
0.815248
0.803823
0.792096
0.780071
0.767754
0.755149
0.742260
0.729094
0.715655
0.701949
0.687980
0.673755
0.659278
0.644556
0.629594
0.614398
0.598973
0.583326
0.567463
0.551390
0.535113
0.518638
0.501971
0.485119
0.468089
0.450887
0.433519
0.415992
0.398312
0.380488
0.362524
0.344428
0.326207
0.307868
0.289418
0.270863
0.252211
0.233468
0.214642
0.195740
0.176769
0.157736
0.138647
0.119512
0.100335
0.081125
0.061889
0.042634
0.023367
0.004095
-0.015174
-0.034434
-0.053677
-0.072896
-0.092084
-0.111235
-0.130340
-0.149393
-0.168386
-0.187314
-0.206168
-0.224942
-0.243630
-0.262223
-0.280716
-0.299101
-0.317372
-0.335523
-0.353546
-0.371435
-0.389184
-0.406785
-0.424234
-0.441522
-0.458645
-0.475596
-0.492368
-0.508956
-0.525354
-0.541556
-0.557556
-0.573348
-0.588926
-0.604286
-0.619421
-0.634326
-0.648997
-0.663426
-0.677611
-0.691544
-0.705222
-0.718640
-0.731793
-0.744676
-0.757285
-0.769615
-0.781662
-0.793422
-0.804891
-0.816064
-0.826938
-0.837509
-0.847774
-0.857728
-0.867369
-0.876693
-0.885697
-0.894378
-0.902732
-0.910758
-0.918452
-0.925812
-0.932835
-0.939520
-0.945863
-0.951862
-0.957517
-0.962825
-0.967783
-0.972392
-0.976648
-0.980552
-0.984101
-0.987295
-0.990132
-0.992613
-0.994736
-0.996500
-0.997906
-0.998953
-0.999641
-0.999969
-0.999939
-0.999549
-0.998802
-0.997696
-0.996233
-0.994413
-0.992238
-0.989708
-0.986824
-0.983588
-0.980001
-0.976065
-0.971781
-0.967150
-0.962176
-0.956859
-0.951202
-0.945208
-0.938878
-0.932214
-0.925221
-0.917899
-0.910253
-0.902284
-0.893997
-0.885393
-0.876477
-0.867252
-0.857721
-0.847888
-0.837756
-0.827330
-0.816612
-0.805608
-0.794321
-0.782755
-0.770915
-0.758805
-0.746429
-0.733793
-0.720900
-0.707755
-0.694363
-0.680729
-0.666859
-0.652756
-0.638426
-0.623875
-0.609107
-0.594128
-0.578944
-0.563559
-0.547980
-0.532211
-0.516259
-0.500129
-0.483827
-0.467359
-0.450731
-0.433948
-0.417017
-0.399944
-0.382734
-0.365395
-0.347931
-0.330349
-0.312656
-0.294857
-0.276959
-0.258968
-0.240891
-0.222734
-0.204503
-0.186205
-0.167846
-0.149432
-0.130970
-0.112467
-0.093928
-0.075361
-0.056771
-0.038166
-0.019552
-0.000934
0.017679
0.036283
0.054870
0.073435
0.091969
0.110469
0.128926
0.147334
0.165688
0.183981
0.202206
0.220358
0.238430
0.256415
0.274309
0.292105
0.309796
0.327376
0.344841
0.362183
0.379397
0.396477
0.413418
0.430213
0.446856
0.463343
0.479668
0.495825
0.511808
0.527613
0.543234
0.558666
0.573904
0.588943
0.603777
0.618401
0.632812
0.647004
0.660972
0.674711
0.688218
0.701488
0.714516
0.727298
0.739830
0.752108
0.764128
0.775885
0.787377
0.798599
0.809547
0.820219
0.830611
0.840719
0.850540
0.860071
0.869309
0.878251
0.886894
0.895235
0.903273
0.911003
0.918425
0.925535
0.932332
0.938813
0.944976
0.950820
0.956342
0.961541
0.966416
0.970965
0.975187
0.979080
0.982644
0.985877
0.988778
0.991348
0.993585
0.995488
0.997058
0.998293
0.999194
0.999761
0.999994
0.999892
0.999456
0.998687
0.997585
0.996150
0.994383
0.992285
0.989857
0.987100
0.984015
0.980604
0.976867
0.972806
0.968422
0.963718
0.958695
0.953355
0.947700
0.941732
0.935453
0.928865
0.921972
0.914774
0.907276
0.899479
0.891387
0.883001
0.874326
0.865365
0.856119
0.846593
0.836791
0.826714
0.816368
0.805754
0.794878
0.783743
0.772353
0.760711
0.748821
0.736689
0.724317
0.711710
0.698873
0.685809
0.672523
0.659020
0.645304
0.631380
0.617253
0.602926
0.588406
0.573697
0.558803
0.543731
0.528484
0.513068
0.497489
0.481750
0.465858
0.449818
0.433635
0.417315
0.400863
0.384283
0.367583
0.350767
0.333841
0.316810
0.299680
0.282457
0.265146
0.247753
0.230283
0.212743
0.195138
0.177474
0.159756
0.141990
0.124183
0.106339
0.088465
0.070567
0.052649
0.034719
0.016781
-0.001158
-0.019093
-0.037018
-0.054926
-0.072814
-0.090674
-0.108501
-0.126289
-0.144033
-0.161726
-0.179364
-0.196941
-0.214451
-0.231888
-0.249247
-0.266523
-0.283710
-0.300802
-0.317794
-0.334682
-0.351459
-0.368120
-0.384659
-0.401073
-0.417356
-0.433502
-0.449506
-0.465364
-0.481070
-0.496621
-0.512009
-0.527232
-0.542285
-0.557162
-0.571859
-0.586371
-0.600695
-0.614825
-0.628757
-0.642488
-0.656012
-0.669325
-0.682425
-0.695306
-0.707964
-0.720397
-0.732599
-0.744568
-0.756300
-0.767790
-0.779037
-0.790035
-0.800783
-0.811277
-0.821513
-0.831489
-0.841202
-0.850648
-0.859826
-0.868732
-0.877363
-0.885718
-0.893794
-0.901588
-0.909098
-0.916322
-0.923258
-0.929904
-0.936259
-0.942319
-0.948084
-0.953552
-0.958722
-0.963592
-0.968160
-0.972426
-0.976389
-0.980046
-0.983399
-0.986444
-0.989183
-0.991614
-0.993737
-0.995551
-0.997056
-0.998251
-0.999137
-0.999713
-0.999980
-0.999937
-0.999585
-0.998924
-0.997954
-0.996677
-0.995092
-0.993201
-0.991003
-0.988501
-0.985694
-0.982584
-0.979173
-0.975461
-0.971450
-0.967141
-0.962536
-0.957636
-0.952443
-0.946959
-0.941186
-0.935125
-0.928779
-0.922150
-0.915241
-0.908052
-0.900587
-0.892849
-0.884840
-0.876562
-0.868018
-0.859211
-0.850143
-0.840819
-0.831240
-0.821411
-0.811333
-0.801011
-0.790447
-0.779645
-0.768608
-0.757341
-0.745846
-0.734127
-0.722188
-0.710032
-0.697664
-0.685088
-0.672306
-0.659324
-0.646146
-0.632775
-0.619215
-0.605472
-0.591548
-0.577450
-0.563180
-0.548743
-0.534144
-0.519388
-0.504478
-0.489420
-0.474218
-0.458877
-0.443401
-0.427795
-0.412065
-0.396214
-0.380248
-0.364171
-0.347989
-0.331707
-0.315328
-0.298859
-0.282304
-0.265668
-0.248957
-0.232175
-0.215327
-0.198419
-0.181456
-0.164442
-0.147383
-0.130284
-0.113151
-0.095987
-0.078799
-0.061591
-0.044369
-0.027137
-0.009901
0.007333
0.024562
0.041779
0.058980
0.076160
0.093313
0.110434
0.127519
0.144563
0.161559
0.178504
0.195393
0.212219
0.228979
0.245668
0.262281
0.278812
0.295257
0.311612
0.327871
0.344030
0.360084
0.376028
0.391858
0.407570
0.423158
0.438618
0.453946
0.469137
0.484188
0.499093
0.513848
0.528450
0.542894
0.557175
0.571290
0.585236
0.599007
0.612600
0.626011
0.639236
0.652272
0.665115
0.677762
0.690208
0.702450
0.714485
0.726310
0.737921
0.749315
0.760488
0.771439
0.782163
0.792658
0.802921
0.812948
0.822739
0.832288
0.841595
0.850657
0.859470
0.868033
0.876344
0.884399
0.892198
0.899738
0.907016
0.914032
0.920783
0.927267
0.933483
0.939429
0.945104
0.950506
0.955634
0.960487
0.965063
0.969361
0.973380
0.977119
0.980578
0.983755
0.986651
0.989263
0.991592
0.993637
0.995399
0.996875
0.998067
0.998974
0.999596
0.999933
0.999986
0.999754
0.999237
0.998436
0.997352
0.995985
0.994335
0.992404
0.990191
0.987699
0.984926
0.981876
0.978548
0.974944
0.971065
0.966912
0.962488
0.957792
0.952827
0.947594
0.942095
0.936331
0.930306
0.924019
0.917474
0.910672
0.903615
0.896307
0.888748
0.880941
0.872888
0.864592
0.856056
0.847282
0.838273
0.829030
0.819558
0.809859
0.799935
0.789790
0.779427
0.768848
0.758057
0.747057
0.735852
0.724444
0.712836
0.701033
0.689038
0.676853
0.664483
0.651931
0.639201
0.626297
0.613222
0.599979
0.586573
0.573008
0.559287
0.545415
0.531395
0.517231
0.502927
0.488488
0.473917
0.459218
0.444397
0.429456
0.414400
0.399234
0.383961
0.368586
0.353113
0.337547
0.321891
0.306151
0.290330
0.274434
0.258465
0.242430
0.226332
0.210176
0.193966
0.177706
0.161402
0.145058
0.128677
0.112266
0.095828
0.079367
0.062889
0.046397
0.029897
0.013392
-0.003112
-0.019612
-0.036102
-0.052578
-0.069037
-0.085472
-0.101881
-0.118258
-0.134599
-0.150900
-0.167155
-0.183362
-0.199515
-0.215610
-0.231643
-0.247610
-0.263506
-0.279327
-0.295068
-0.310727
-0.326297
-0.341776
-0.357159
-0.372442
-0.387622
-0.402693
-0.417652
-0.432496
-0.447219
-0.461819
-0.476292
-0.490633
-0.504839
-0.518906
-0.532831
-0.546609
-0.560238
-0.573714
-0.587033
-0.600192
-0.613187
-0.626016
-0.638674
-0.651159
-0.663467
-0.675595
-0.687540
-0.699299
-0.710869
-0.722247
-0.733431
-0.744416
-0.755202
-0.765783
-0.776160
-0.786327
-0.796284
-0.806027
-0.815554
-0.824863
-0.833951
-0.842817
-0.851457
-0.859871
-0.868055
-0.876007
-0.883727
-0.891212
-0.898459
-0.905469
-0.912238
-0.918765
-0.925049
-0.931087
-0.936880
-0.942425
-0.947721
-0.952767
-0.957561
-0.962104
-0.966393
-0.970427
-0.974207
-0.977730
-0.980997
-0.984006
-0.986758
-0.989250
-0.991484
-0.993459
-0.995174
-0.996628
-0.997823
-0.998758
-0.999432
-0.999845
-0.999999
-0.999892
-0.999526
-0.998900
-0.998015
-0.996871
-0.995468
-0.993808
-0.991891
-0.989717
-0.987287
-0.984603
-0.981665
-0.978473
-0.975029
-0.971335
-0.967390
-0.963197
-0.958756
-0.954070
-0.949138
-0.943964
-0.938548
-0.932891
-0.926996
-0.920864
-0.914497
-0.907897
-0.901066
-0.894004
-0.886716
-0.879202
-0.871464
-0.863506
-0.855328
-0.846933
-0.838324
-0.829503
-0.820472
-0.811234
-0.801791
-0.792146
-0.782302
-0.772260
-0.762025
-0.751597
-0.740982
-0.730180
-0.719195
-0.708031
-0.696689
-0.685173
-0.673486
-0.661632
-0.649612
-0.637431
-0.625092
-0.612598
-0.599951
-0.587156
-0.574216
-0.561134
-0.547913
-0.534558
-0.521071
-0.507456
-0.493716
-0.479856
-0.465878
-0.451786
-0.437585
-0.423276
-0.408865
-0.394355
-0.379750
-0.365052
-0.350267
-0.335398
-0.320449
-0.305422
-0.290324
-0.275156
-0.259923
-0.244629
-0.229278
-0.213873
-0.198419
-0.182919
-0.167377
-0.151798
-0.136184
-0.120541
-0.104871
-0.089179
-0.073469
-0.057745
-0.042010
-0.026268
-0.010524
0.005218
0.020956
0.036685
0.052400
0.068099
0.083777
0.099430
0.115055
0.130648
0.146205
0.161721
0.177194
0.192620
0.207994
0.223313
0.238574
0.253772
0.268903
0.283965
0.298954
0.313865
0.328696
0.343443
0.358101
0.372669
0.387141
0.401515
0.415788
0.429955
0.444013
0.457960
0.471792
0.485504
0.499096
0.512562
0.525899
0.539106
0.552178
0.565112
0.577906
0.590556
0.603060
0.615414
0.627616
0.639662
0.651551
0.663278
0.674842
0.686240
0.697469
0.708527
0.719410
0.730117
0.740645
0.750992
0.761155
0.771132
0.780921
0.790519
0.799925
0.809135
0.818149
0.826964
0.835578
0.843990
0.852197
0.860197
0.867989
0.875571
0.882942
0.890099
0.897041
0.903768
0.910276
0.916566
0.922635
0.928482
0.934107
0.939507
0.944682
0.949631
0.954353
0.958846
0.963110
0.967144
0.970947
0.974519
0.977859
0.980965
0.983839
0.986478
0.988884
0.991054
0.992990
0.994690
0.996155
0.997383
0.998376
0.999134
0.999655
0.999940
0.999990
0.999804
0.999383
0.998727
0.997836
0.996711
0.995352
0.993759
0.991934
0.989876
0.987587
0.985067
0.982317
0.979337
0.976129
0.972694
0.969032
0.965145
0.961033
0.956698
0.952141
0.947363
0.942366
0.937150
0.931718
0.926070
0.920208
0.914133
0.907848
0.901353
0.894651
0.887744
0.880632
0.873317
0.865803
0.858090
0.850180
0.842075
0.833779
0.825291
0.816615
0.807753
0.798707
0.789479
0.780071
0.770486
0.760726
0.750793
0.740691
0.730420
0.719985
0.709387
0.698629
0.687713
0.676642
0.665419
0.654047
0.642527
0.630864
0.619059
0.607116
0.595038
0.582826
0.570485
0.558016
0.545424
0.532710
0.519879
0.506932
0.493873
0.480706
0.467432
0.454056
0.440580
0.427007
0.413342
0.399586
0.385742
0.371816
0.357808
0.343723
0.329564
0.315335
0.301037
0.286676
0.272253
0.257773
0.243238
0.228652
0.214019
0.199341
0.184622
0.169865
0.155074
0.140252
0.125402
0.110528
0.095633
0.080721
0.065794
0.050856
0.035911
0.020961
0.006011
-0.008937
-0.023879
-0.038811
-0.053731
-0.068636
-0.083521
-0.098384
-0.113221
-0.128029
-0.142804
-0.157544
-0.172245
-0.186905
-0.201519
-0.216084
-0.230598
-0.245056
-0.259457
-0.273797
-0.288072
-0.302280
-0.316418
-0.330481
-0.344469
-0.358376
-0.372201
-0.385940
-0.399591
-0.413150
-0.426615
-0.439982
-0.453249
-0.466413
-0.479471
-0.492420
-0.505258
-0.517982
-0.530589
-0.543076
-0.555441
-0.567682
-0.579795
-0.591778
-0.603629
-0.615344
-0.626923
-0.638361
-0.649658
-0.660810
-0.671814
-0.682670
-0.693375
-0.703925
-0.714320
-0.724557
-0.734634
-0.744549
-0.754300
-0.763885
-0.773302
-0.782548
-0.791623
-0.800525
-0.809250
-0.817799
-0.826169
-0.834358
-0.842365
-0.850188
-0.857825
-0.865276
-0.872539
-0.879612
-0.886494
-0.893183
-0.899679
-0.905980
-0.912084
-0.917992
-0.923701
-0.929210
-0.934519
-0.939626
-0.944531
-0.949233
-0.953731
-0.958023
-0.962110
-0.965990
-0.969664
-0.973129
-0.976387
-0.979435
-0.982274
-0.984904
-0.987323
-0.989532
-0.991530
-0.993317
-0.994893
-0.996257
-0.997410
-0.998351
-0.999081
-0.999599
-0.999905
-1.000000
-0.999883
-0.999556
-0.999017
-0.998268
-0.997308
-0.996139
-0.994760
-0.993172
-0.991375
-0.989371
-0.987159
-0.984740
-0.982115
-0.979285
-0.976250
-0.973011
-0.969569
-0.965925
-0.962080
-0.958034
-0.953790
-0.949347
-0.944707
-0.939871
-0.934840
-0.929616
-0.924199
-0.918591
-0.912794
-0.906808
-0.900635
-0.894277
-0.887734
-0.881009
-0.874103
-0.867017
-0.859753
-0.852314
-0.844699
-0.836912
-0.828954
-0.820827
-0.812532
-0.804072
-0.795447
-0.786661
-0.777716
-0.768612
-0.759352
-0.749939
-0.740373
-0.730658
-0.720796
-0.710788
-0.700636
-0.690344
-0.679913
-0.669345
-0.658643
-0.647809
-0.636845
-0.625754
-0.614538
-0.603199
-0.591740
-0.580164
-0.568472
-0.556667
-0.544753
-0.532730
-0.520602
-0.508372
-0.496041
-0.483613
-0.471090
-0.458475
-0.445770
-0.432978
-0.420101
-0.407144
-0.394107
-0.380994
-0.367807
-0.354549
-0.341224
-0.327833
-0.314380
-0.300866
-0.287296
-0.273672
-0.259996
-0.246271
-0.232501
-0.218688
-0.204834
-0.190943
-0.177017
-0.163060
-0.149074
-0.135061
-0.121025
-0.106969
-0.092896
-0.078807
-0.064707
-0.050597
-0.036481
-0.022362
-0.008242
0.005876
0.019989
0.034094
0.048188
0.062269
0.076334
0.090379
0.104404
0.118403
0.132375
0.146318
0.160227
0.174101
0.187937
0.201731
0.215482
0.229187
0.242843
0.256447
0.269997
0.283490
0.296924
0.310295
0.323601
0.336841
0.350010
0.363107
0.376129
0.389074
0.401939
0.414722
0.427419
0.440030
0.452551
0.464980
0.477315
0.489553
0.501692
0.513730
0.525664
0.537492
0.549213
0.560823
0.572321
0.583704
0.594971
0.606119
0.617146
0.628050
0.638830
0.649482
0.660006
0.670399
0.680659
0.690784
0.700774
0.710625
0.720336
0.729905
0.739330
0.748611
0.757744
0.766729
0.775564
0.784247
0.792777
0.801152
0.809371
0.817432
0.825334
0.833076
0.840655
0.848072
0.855323
0.862410
0.869329
0.876080
0.882661
0.889073
0.895312
0.901380
0.907273
0.912992
0.918536
0.923903
0.929093
0.934104
0.938937
0.943590
0.948063
0.952354
0.956464
0.960391
0.964135
0.967696
0.971072
0.974264
0.977271
0.980092
0.982728
0.985177
0.987440
0.989516
0.991405
0.993107
0.994621
0.995948
0.997087
0.998039
0.998803
0.999379
0.999768
0.999969
0.999983
0.999809
0.999449
0.998901
0.998167
0.997247
0.996141
0.994849
0.993371
0.991709
0.989863
0.987833
0.985620
0.983224
0.980645
0.977885
0.974945
0.971824
0.968524
0.965045
0.961389
0.957555
0.953545
0.949360
0.945000
0.940468
0.935762
0.930886
0.925838
0.920622
0.915238
0.909686
0.903969
0.898086
0.892041
0.885833
0.879464
0.872936
0.866249
0.859405
0.852406
0.845252
0.837946
0.830489
0.822882
0.815126
0.807224
0.799177
0.790986
0.782654
0.774181
0.765569
0.756821
0.747937
0.738920
0.729771
0.720492
0.711085
0.701552
0.691894
0.682114
0.672212
0.662192
0.652055
0.641803
0.631438
0.620961
0.610376
0.599683
0.588885
0.577985
0.566983
0.555882
0.544685
0.533392
0.522007
0.510532
0.498968
0.487317
0.475583
0.463767
0.451871
0.439898
0.427849
0.415728
0.403535
0.391274
0.378946
0.366555
0.354101
0.341588
0.329018
0.316392
0.303714
0.290986
0.278209
0.265387
0.252521
0.239614
0.226669
0.213686
0.200670
0.187622
0.174544
0.161439
0.148310
0.135158
0.121986
0.108796
0.095590
0.082372
0.069143
0.055905
0.042661
0.029414
0.016165
0.002917
-0.010327
-0.023566
-0.036797
-0.050018
-0.063227
-0.076420
-0.089597
-0.102754
-0.115889
-0.129001
-0.142086
-0.155142
-0.168168
-0.181161
-0.194119
-0.207039
-0.219919
-0.232758
-0.245552
-0.258301
-0.271000
-0.283650
-0.296246
-0.308788
-0.321272
-0.333697
-0.346061
-0.358362
-0.370598
-0.382766
-0.394864
-0.406891
-0.418844
-0.430722
-0.442522
-0.454243
-0.465883
-0.477439
-0.488909
-0.500293
-0.511587
-0.522791
-0.533902
-0.544918
-0.555838
-0.566660
-0.577381
-0.588001
-0.598518
-0.608929
-0.619234
-0.629430
-0.639516
-0.649491
-0.659352
-0.669098
-0.678727
-0.688239
-0.697630
-0.706901
-0.716050
-0.725074
-0.733973
-0.742746
-0.751390
-0.759904
-0.768288
-0.776540
-0.784658
-0.792642
-0.800489
-0.808200
-0.815772
-0.823205
-0.830497
-0.837648
-0.844656
-0.851520
-0.858239
-0.864812
-0.871239
-0.877518
-0.883648
-0.889628
-0.895458
-0.901137
-0.906663
-0.912037
-0.917257
-0.922323
-0.927233
-0.931988
-0.936586
-0.941027
-0.945310
-0.949435
-0.953401
-0.957208
-0.960855
-0.964342
-0.967668
-0.970833
-0.973836
-0.976677
-0.979357
-0.981873
-0.984227
-0.986418
-0.988445
-0.990310
-0.992010
-0.993547
-0.994920
-0.996128
-0.997173
-0.998054
-0.998771
-0.999324
-0.999713
-0.999938
-0.999999
-0.999896
-0.999630
-0.999201
-0.998609
-0.997854
-0.996936
-0.995856
-0.994614
-0.993210
-0.991646
-0.989920
-0.988034
-0.985988
-0.983782
-0.981418
-0.978895
-0.976214
-0.973375
-0.970380
-0.967229
-0.963922
-0.960461
-0.956845
-0.953076
-0.949154
-0.945080
-0.940856
-0.936481
-0.931956
-0.927283
-0.922462
-0.917495
-0.912382
-0.907123
-0.901721
-0.896176
-0.890489
-0.884661
-0.878693
-0.872586
-0.866342
-0.859961
-0.853445
-0.846794
-0.840011
-0.833095
-0.826049
-0.818874
-0.811570
-0.804140
-0.796584
-0.788904
-0.781100
-0.773176
-0.765131
-0.756967
-0.748686
-0.740288
-0.731777
-0.723152
-0.714415
-0.705568
-0.696613
-0.687550
-0.678382
-0.669110
-0.659735
-0.650259
-0.640683
-0.631010
-0.621241
-0.611377
-0.601420
-0.591372
-0.581234
-0.571008
-0.560696
-0.550299
-0.539819
-0.529259
-0.518618
-0.507900
-0.497106
-0.486238
-0.475297
-0.464286
-0.453205
-0.442058
-0.430845
-0.419569
-0.408231
-0.396833
-0.385376
-0.373864
-0.362297
-0.350678
-0.339007
-0.327288
-0.315522
-0.303711
-0.291856
-0.279960
-0.268025
-0.256051
-0.244042
-0.231999
-0.219924
-0.207819
-0.195685
-0.183525
-0.171341
-0.159133
-0.146906
-0.134659
-0.122396
-0.110117
-0.097825
-0.085522
-0.073210
-0.060890
-0.048565
-0.036236
-0.023905
-0.011574
0.000755
0.013080
0.025399
0.037711
0.050013
0.062304
0.074582
0.086845
0.099091
0.111319
0.123526
0.135710
0.147871
0.160005
0.172112
0.184189
0.196235
0.208248
0.220225
0.232166
0.244069
0.255931
0.267751
0.279528
0.291259
0.302943
0.314578
0.326163
0.337695
0.349173
0.360596
0.371961
0.383268
0.394514
0.405698
0.416818
0.427873
0.438860
0.449780
0.460629
0.471406
0.482111
0.492740
0.503293
0.513769
0.524166
0.534481
0.544715
0.554865
0.564931
0.574909
0.584800
0.594602
0.604313
0.613933
0.623459
0.632891
0.642227
0.651466
0.660606
0.669647
0.678587
0.687424
0.696159
0.704789
0.713313
0.721731
0.730041
0.738241
0.746332
0.754311
0.762178
0.769932
0.777571
0.785095
0.792503
0.799793
0.806965
0.814018
0.820950
0.827762
0.834452
0.841019
0.847462
0.853781
0.859975
0.866043
0.871984
0.877797
0.883482
0.889039
0.894466
0.899762
0.904928
0.909962
0.914864
0.919633
0.924269
0.928771
0.933139
0.937372
0.941470
0.945432
0.949258
0.952947
0.956499
0.959913
0.963190
0.966329
0.969329
0.972190
0.974913
0.977496
0.979939
0.982243
0.984407
0.986431
0.988314
0.990057
0.991660
0.993122
0.994443
0.995623
0.996663
0.997562
0.998320
0.998937
0.999413
0.999749
0.999944
0.999999
0.999913
0.999688
0.999322
0.998816
0.998170
0.997385
0.996461
0.995398
0.994196
0.992855
0.991377
0.989761
0.988007
0.986117
0.984090
0.981926
0.979627
0.977193
0.974623
0.971920
0.969082
0.966111
0.963007
0.959771
0.956403
0.952904
0.949274
0.945515
0.941626
0.937609
0.933464
0.929191
0.924792
0.920268
0.915618
0.910844
0.905946
0.900926
0.895784
0.890520
0.885137
0.879633
0.874012
0.868272
0.862416
0.856444
0.850357
0.844156
0.837842
0.831416
0.824879
0.818232
0.811475
0.804611
0.797639
0.790561
0.783379
0.776092
0.768703
0.761212
0.753621
0.745930
0.738141
0.730254
0.722272
0.714195
0.706024
0.697761
0.689406
0.680961
0.672428
0.663806
0.655099
0.646306
0.637430
0.628471
0.619430
0.610310
0.601111
0.591834
0.582482
0.573054
0.563553
0.553980
0.544337
0.534623
0.524842
0.514994
0.505081
0.495104
0.485064
0.474964
0.464803
0.454584
0.444308
0.433977
0.423592
0.413154
0.402664
0.392125
0.381538
0.370903
0.360223
0.349499
0.338733
0.327925
0.317078
0.306193
0.295270
0.284313
0.273322
0.262298
0.251244
0.240161
0.229049
0.217911
0.206748
0.195562
0.184354
0.173125
0.161878
0.150613
0.139332
0.128036
0.116728
0.105408
0.094077
0.082739
0.071393
0.060041
0.048685
0.037327
0.025968
0.014608
0.003251
-0.008104
-0.019453
-0.030797
-0.042133
-0.053460
-0.064776
-0.076081
-0.087372
-0.098648
-0.109908
-0.121151
-0.132374
-0.143577
-0.154757
-0.165915
-0.177048
-0.188154
-0.199233
-0.210283
-0.221303
-0.232291
-0.243246
-0.254166
-0.265051
-0.275898
-0.286708
-0.297477
-0.308205
-0.318890
-0.329532
-0.340129
-0.350679
-0.361182
-0.371636
-0.382039
-0.392391
-0.402690
-0.412935
-0.423125
-0.433258
-0.443334
-0.453351
-0.463307
-0.473202
-0.483035
-0.492804
-0.502508
-0.512147
-0.521718
-0.531220
-0.540654
-0.550017
-0.559308
-0.568527
-0.577671
-0.586741
-0.595735
-0.604652
-0.613492
-0.622252
-0.630932
-0.639531
-0.648047
-0.656481
-0.664831
-0.673096
-0.681276
-0.689368
-0.697373
-0.705289
-0.713115
-0.720852
-0.728497
-0.736049
-0.743509
-0.750875
-0.758147
-0.765323
-0.772403
-0.779386
-0.786271
-0.793058
-0.799746
-0.806334
-0.812821
-0.819206
-0.825490
-0.831671
-0.837749
-0.843723
-0.849592
-0.855356
-0.861014
-0.866565
-0.872010
-0.877347
-0.882576
-0.887697
-0.892708
-0.897610
-0.902402
-0.907083
-0.911653
-0.916111
-0.920458
-0.924692
-0.928814
-0.932822
-0.936717
-0.940499
-0.944165
-0.947718
-0.951156
-0.954478
-0.957685
-0.960776
-0.963752
-0.966611
-0.969354
-0.971980
-0.974490
-0.976882
-0.979157
-0.981315
-0.983355
-0.985278
-0.987083
-0.988770
-0.990339
-0.991791
-0.993124
-0.994339
-0.995436
-0.996415
-0.997276
-0.998019
-0.998643
-0.999150
-0.999539
-0.999809
-0.999962
-0.999998
-0.999915
-0.999715
-0.999398
-0.998964
-0.998412
-0.997744
-0.996959
-0.996058
-0.995040
-0.993906
-0.992657
-0.991292
-0.989812
-0.988217
-0.986508
-0.984684
-0.982746
-0.980695
-0.978530
-0.976252
-0.973862
-0.971360
-0.968746
-0.966020
-0.963184
-0.960237
-0.957180
-0.954014
-0.950738
-0.947354
-0.943862
-0.940262
-0.936555
-0.932742
-0.928822
-0.924798
-0.920668
-0.916434
-0.912096
-0.907656
-0.903112
-0.898467
-0.893721
-0.888874
-0.883928
-0.878882
-0.873737
-0.868495
-0.863155
-0.857719
-0.852187
-0.846560
-0.840839
-0.835024
-0.829117
-0.823117
-0.817026
-0.810845
-0.804574
-0.798214
-0.791766
-0.785231
-0.778609
-0.771902
-0.765110
-0.758234
-0.751275
-0.744234
-0.737111
-0.729908
-0.722626
-0.715265
-0.707826
-0.700311
-0.692719
-0.685053
-0.677313
-0.669499
-0.661613
-0.653657
-0.645630
-0.637533
-0.629369
-0.621137
-0.612839
-0.604476
-0.596048
-0.587557
-0.579003
-0.570389
-0.561714
-0.552980
-0.544187
-0.535338
-0.526432
-0.517471
-0.508456
-0.499388
-0.490268
-0.481097
-0.471877
-0.462607
-0.453290
-0.443926
-0.434517
-0.425064
-0.415566
-0.406027
-0.396446
-0.386826
-0.377166
-0.367468
-0.357734
-0.347964
-0.338159
-0.328321
-0.318450
-0.308548
-0.298616
-0.288654
-0.278665
-0.268649
-0.258607
-0.248541
-0.238451
-0.228339
-0.218205
-0.208052
-0.197879
-0.187689
-0.177481
-0.167258
-0.157021
-0.146770
-0.136507
-0.126233
-0.115948
-0.105655
-0.095354
-0.085046
-0.074732
-0.064414
-0.054093
-0.043769
-0.033445
-0.023120
-0.012796
-0.002474
0.007844
0.018158
0.028467
0.038769
0.049063
0.059349
0.069624
0.079889
0.090142
0.100382
0.110608
0.120819
0.131013
0.141190
0.151349
0.161488
0.171607
0.181704
0.191779
0.201830
0.211856
0.221857
0.231831
0.241777
0.251695
0.261583
0.271440
0.281265
0.291058
0.300817
0.310541
0.320229
0.329881
0.339495
0.349070
0.358606
0.368101
0.377555
0.386966
0.396334
0.405658
0.414937
0.424169
0.433354
0.442492
0.451580
0.460619
0.469607
0.478544
0.487428
0.496260
0.505037
0.513759
0.522425
0.531035
0.539587
0.548082
0.556517
0.564892
0.573206
0.581459
0.589650
0.597778
0.605842
0.613842
0.621776
0.629644
0.637446
0.645180
0.652846
0.660443
0.667970
0.675427
0.682813
0.690127
0.697369
0.704538
0.711634
0.718655
0.725601
0.732471
0.739266
0.745984
0.752624
0.759186
0.765670
0.772075
0.778400
0.784645
0.790809
0.796892
0.802893
0.808812
0.814648
0.820400
0.826069
0.831654
0.837153
0.842568
0.847896
0.853139
0.858295
0.863364
0.868346
0.873240
0.878045
0.882762
0.887390
0.891929
0.896378
0.900738
0.905006
0.909184
0.913271
0.917267
0.921171
0.924984
0.928704
0.932331
0.935866
0.939308
0.942657
0.945912
0.949074
0.952142
0.955116
0.957995
0.960780
0.963471
0.966066
0.968567
0.970973
0.973283
0.975498
0.977618
0.979642
0.981571
0.983404
0.985141
0.986782
0.988327
0.989776
0.991129
0.992387
0.993548
0.994613
0.995582
0.996454
0.997231
0.997912
0.998497
0.998985
0.999378
0.999675
0.999877
0.999982
0.999993
0.999907
0.999726
0.999450
0.999079
0.998613
0.998052
0.997396
0.996646
0.995802
0.994863
0.993830
0.992704
0.991484
0.990170
0.988764
0.987264
0.985672
0.983988
0.982211
0.980342
0.978382
0.976331
0.974188
0.971955
0.969631
0.967217
0.964713
0.962120
0.959438
0.956667
0.953807
0.950860
0.947825
0.944702
0.941492
0.938196
0.934814
0.931346
0.927793
0.924155
0.920433
0.916626
0.912736
0.908763
0.904707
0.900568
0.896349
0.892047
0.887665
0.883203
0.878661
0.874040
0.869340
0.864562
0.859706
0.854773
0.849763
0.844677
0.839516
0.834279
0.828968
0.823584
0.818126
0.812595
0.806992
0.801317
0.795572
0.789756
0.783871
0.777916
0.771893
0.765802
0.759644
0.753419
0.747128
0.740772
0.734351
0.727866
0.721318
0.714707
0.708034
0.701299
0.694504
0.687649
0.680734
0.673761
0.666730
0.659641
0.652496
0.645295
0.638039
0.630728
0.623364
0.615947
0.608477
0.600956
0.593384
0.585762
0.578090
0.570370
0.562602
0.554787
0.546925
0.539018
0.531066
0.523070
0.515030
0.506948
0.498824
0.490659
0.482453
0.474208
0.465924
0.457602
0.449243
0.440848
0.432416
0.423950
0.415450
0.406916
0.398350
0.389753
0.381124
0.372465
0.363777
0.355060
0.346315
0.337543
0.328745
0.319922
0.311074
0.302203
0.293308
0.284391
0.275453
0.266494
0.257516
0.248518
0.239502
0.230469
0.221419
0.212354
0.203273
0.194178
0.185070
0.175950
0.166817
0.157674
0.148520
0.139357
0.130186
0.121006
0.111820
0.102627
0.093429
0.084227
0.075021
0.065811
0.056600
0.047387
0.038173
0.028960
0.019747
0.010536
0.001328
-0.007877
-0.017078
-0.026274
-0.035465
-0.044649
-0.053826
-0.062995
-0.072155
-0.081306
-0.090447
-0.099577
-0.108695
-0.117800
-0.126892
-0.135970
-0.145034
-0.154082
-0.163114
-0.172128
-0.181125
-0.190104
-0.199063
-0.208003
-0.216921
-0.225819
-0.234694
-0.243547
-0.252376
-0.261181
-0.269960
-0.278715
-0.287443
-0.296144
-0.304817
-0.313461
-0.322077
-0.330663
-0.339218
-0.347743
-0.356235
-0.364695
-0.373122
-0.381515
-0.389874
-0.398197
-0.406485
-0.414737
-0.422951
-0.431128
-0.439266
-0.447366
-0.455426
-0.463446
-0.471425
-0.479363
-0.487258
-0.495112
-0.502922
-0.510688
-0.518410
-0.526087
-0.533719
-0.541304
-0.548843
-0.556335
-0.563779
-0.571175
-0.578522
-0.585819
-0.593067
-0.600264
-0.607411
-0.614505
-0.621548
-0.628539
-0.635476
-0.642360
-0.649190
-0.655965
-0.662685
-0.669350
-0.675959
-0.682512
-0.689008
-0.695446
-0.701827
-0.708150
-0.714414
-0.720619
-0.726764
-0.732850
-0.738875
-0.744839
-0.750743
-0.756584
-0.762364
-0.768082
-0.773736
-0.779328
-0.784856
-0.790321
-0.795721
-0.801057
-0.806327
-0.811533
-0.816673
-0.821747
-0.826755
-0.831697
-0.836571
-0.841379
-0.846118
-0.850791
-0.855395
-0.859931
-0.864398
-0.868796
-0.873126
-0.877385
-0.881576
-0.885696
-0.889746
-0.893726
-0.897635
-0.901474
-0.905241
-0.908937
-0.912562
-0.916115
-0.919596
-0.923005
-0.926342
-0.929607
-0.932799
-0.935918
-0.938965
-0.941938
-0.944838
-0.947665
-0.950419
-0.953099
-0.955705
-0.958237
-0.960696
-0.963080
-0.965390
-0.967627
-0.969788
-0.971876
-0.973889
-0.975827
-0.977691
-0.979481
-0.981195
-0.982835
-0.984400
-0.985890
-0.987306
-0.988646
-0.989912
-0.991103
-0.992219
-0.993260
-0.994227
-0.995118
-0.995935
-0.996676
-0.997343
-0.997936
-0.998453
-0.998896
-0.999264
-0.999558
-0.999777
-0.999922
-0.999993
-0.999989
-0.999911
-0.999759
-0.999533
-0.999233
-0.998859
-0.998412
-0.997891
-0.997297
-0.996629
-0.995889
-0.995075
-0.994188
-0.993229
-0.992197
-0.991093
-0.989917
-0.988668
-0.987348
-0.985955
-0.984492
-0.982957
-0.981350
-0.979673
-0.977925
-0.976107
-0.974218
-0.972260
-0.970231
-0.968133
-0.965965
-0.963728
-0.961422
-0.959048
-0.956605
-0.954094
-0.951515
-0.948868
-0.946154
-0.943373
-0.940525
-0.937611
-0.934630
-0.931584
-0.928472
-0.925294
-0.922051
-0.918744
-0.915372
-0.911936
-0.908437
-0.904874
-0.901247
-0.897558
-0.893807
-0.889993
-0.886118
-0.882181
-0.878183
-0.874125
-0.870006
-0.865827
-0.861588
-0.857290
-0.852934
-0.848519
-0.844045
-0.839514
-0.834926
-0.830281
-0.825579
-0.820821
-0.816007
-0.811138
-0.806214
-0.801235
-0.796203
-0.791116
-0.785977
-0.780784
-0.775539
-0.770243
-0.764894
-0.759494
-0.754044
-0.748544
-0.742993
-0.737394
-0.731745
-0.726048
-0.720303
-0.714510
-0.708670
-0.702784
-0.696852
-0.690873
-0.684850
-0.678782
-0.672669
-0.666513
-0.660313
-0.654071
-0.647786
-0.641459
-0.635091
-0.628682
-0.622232
-0.615743
-0.609214
-0.602646
-0.596040
-0.589395
-0.582714
-0.575995
-0.569240
-0.562449
-0.555622
-0.548761
-0.541865
-0.534935
-0.527972
-0.520975
-0.513947
-0.506886
-0.499795
-0.492672
-0.485519
-0.478337
-0.471125
-0.463884
-0.456615
-0.449318
-0.441995
-0.434644
-0.427268
-0.419866
-0.412438
-0.404986
-0.397511
-0.390011
-0.382489
-0.374944
-0.367378
-0.359790
-0.352181
-0.344552
-0.336903
-0.329235
-0.321549
-0.313844
-0.306121
-0.298381
-0.290625
-0.282853
-0.275065
-0.267263
-0.259445
-0.251614
-0.243770
-0.235913
-0.228043
-0.220162
-0.212270
-0.204366
-0.196453
-0.188530
-0.180598
-0.172657
-0.164708
-0.156752
-0.148789
-0.140819
-0.132844
-0.124863
-0.116877
-0.108886
-0.100892
-0.092895
-0.084895
-0.076892
-0.068888
-0.060883
-0.052877
-0.044871
-0.036865
-0.028860
-0.020856
-0.012854
-0.004855
0.003141
0.011134
0.019123
0.027108
0.035088
0.043062
0.051030
0.058992
0.066946
0.074894
0.082833
0.090764
0.098686
0.106598
0.114501
0.122393
0.130274
0.138144
0.146002
0.153847
0.161680
0.169499
0.177305
0.185096
0.192872
0.200633
0.208379
0.216108
0.223821
0.231516
0.239194
0.246854
0.254495
0.262117
0.269720
0.277304
0.284866
0.292408
0.299929
0.307428
0.314906
0.322360
0.329792
0.337200
0.344584
0.351944
0.359280
0.366590
0.373875
0.381134
0.388366
0.395572
0.402750
0.409901
0.417024
0.424118
0.431184
0.438220
0.445227
0.452204
0.459150
0.466065
0.472950
0.479803
0.486623
0.493412
0.500168
0.506891
0.513580
0.520236
0.526857
0.533444
0.539996
0.546513
0.552994
0.559439
0.565848
0.572220
0.578556
0.584854
0.591114
0.597337
0.603521
0.609666
0.615773
0.621840
0.627868
0.633856
0.639804
0.645711
0.651577
0.657402
0.663186
0.668928
0.674629
0.680286
0.685902
0.691474
0.697003
0.702489
0.707932
0.713330
0.718684
0.723994
0.729259
0.734479
0.739653
0.744782
0.749866
0.754903
0.759895
0.764840
0.769738
0.774589
0.779393
0.784150
0.788859
0.793520
0.798134
0.802699
0.807216
0.811684
0.816103
0.820473
0.824794
0.829066
0.833288
0.837460
0.841582
0.845654
0.849676
0.853648
0.857568
0.861438
0.865257
0.869025
0.872741
0.876406
0.880020
0.883582
0.887092
0.890550
0.893955
0.897309
0.900610
0.903859
0.907055
0.910198
0.913289
0.916326
0.919311
0.922242
0.925120
0.927944
0.930715
0.933433
0.936097
0.938707
0.941264
0.943766
0.946215
0.948609
0.950950
0.953236
0.955468
0.957646
0.959769
0.961838
0.963853
0.965813
0.967719
0.969570
0.971367
0.973109
0.974796
0.976429
0.978007
0.979530
0.980998
0.982412
0.983771
0.985075
0.986325
0.987520
0.988660
0.989745
0.990776
0.991751
0.992673
0.993539
0.994351
0.995108
0.995810
0.996458
0.997052
0.997591
0.998075
0.998505
0.998881
0.999202
0.999469
0.999681
0.999840
0.999945
0.999995
0.999991
0.999934
0.999823
0.999657
0.999439
0.999166
0.998840
0.998461
0.998028
0.997542
0.997003
0.996411
0.995766
0.995068
0.994317
0.993514
0.992658
0.991750
0.990789
0.989776
0.988711
0.987594
0.986426
0.985205
0.983933
0.982610
0.981235
0.979809
0.978332
0.976805
0.975226
0.973597
0.971918
0.970188
0.968409
0.966579
0.964699
0.962770
0.960792
0.958764
0.956687
0.954561
0.952386
0.950163
0.947891
0.945571
0.943203
0.940787
0.938323
0.935812
0.933254
0.930649
0.927996
0.925297
0.922552
0.919760
0.916922
0.914038
0.911108
0.908133
0.905113
0.902048
0.898938
0.895783
0.892584
0.889341
0.886054
0.882723
0.879348
0.875931
0.872470
0.868966
0.865420
0.861832
0.858202
0.854529
0.850815
0.847060
0.843264
0.839427
0.835549
0.831631
0.827673
0.823674
0.819637
0.815560
0.811443
0.807288
0.803095
0.798863
0.794593
0.790285
0.785940
0.781558
0.777138
0.772682
0.768189
0.763661
0.759096
0.754496
0.749860
0.745190
0.740484
0.735744
0.730970
0.726162
0.721320
0.716445
0.711537
0.706596
0.701623
0.696617
0.691579
0.686510
0.681410
0.676278
0.671116
0.665923
0.660700
0.655447
0.650164
0.644853
0.639512
0.634143
0.628745
0.623319
0.617865
0.612384
0.606876
0.601341
0.595779
0.590192
0.584578
0.578938
0.573274
0.567584
0.561869
0.556130
0.550367
0.544581
0.538770
0.532937
0.527081
0.521202
0.515301
0.509378
0.503434
0.497468
0.491481
0.485474
0.479446
0.473398
0.467331
0.461244
0.455138
0.449014
0.442871
0.436709
0.430530
0.424334
0.418120
0.411890
0.405643
0.399380
0.393100
0.386806
0.380496
0.374171
0.367831
0.361477
0.355109
0.348728
0.342333
0.335925
0.329504
0.323071
0.316626
0.310169
0.303701
0.297222
0.290731
0.284230
0.277720
0.271199
0.264668
0.258129
0.251580
0.245023
0.238458
0.231884
0.225303
0.218715
0.212120
0.205517
0.198909
0.192294
0.185674
0.179048
0.172417
0.165781
0.159141
0.152496
0.145848
0.139196
0.132541
0.125882
0.119221
0.112558
0.105892
0.099225
0.092556
0.085887
0.079216
0.072545
0.065873
0.059202
0.052531
0.045861
0.039191
0.032523
0.025857
0.019192
0.012529
0.005869
-0.000788
-0.007442
-0.014093
-0.020741
-0.027384
-0.034023
-0.040658
-0.047288
-0.053912
-0.060532
-0.067146
-0.073753
-0.080355
-0.086950
-0.093538
-0.100119
-0.106693
-0.113259
-0.119818
-0.126368
-0.132909
-0.139442
-0.145966
-0.152480
-0.158985
-0.165480
-0.171965
-0.178440
-0.184904
-0.191356
-0.197798
-0.204228
-0.210647
-0.217054
-0.223448
-0.229830
-0.236199
-0.242555
-0.248897
-0.255227
-0.261542
-0.267843
-0.274130
-0.280403
-0.286660
-0.292903
-0.299130
-0.305342
-0.311537
-0.317717
-0.323881
-0.330028
-0.336158
-0.342271
-0.348367
-0.354446
-0.360506
-0.366549
-0.372574
-0.378580
-0.384568
-0.390536
-0.396486
-0.402416
-0.408327
-0.414218
-0.420089
-0.425939
-0.431769
-0.437579
-0.443368
-0.449135
-0.454882
-0.460606
-0.466310
-0.471991
-0.477650
-0.483286
-0.488900
-0.494492
-0.500060
-0.505605
-0.511127
-0.516625
-0.522100
-0.527551
-0.532977
-0.538379
-0.543757
-0.549110
-0.554438
-0.559741
-0.565018
-0.570270
-0.575497
-0.580698
-0.585873
-0.591021
-0.596143
-0.601239
-0.606308
-0.611350
-0.616366
-0.621354
-0.626314
-0.631247
-0.636153
-0.641030
-0.645880
-0.650701
-0.655494
-0.660259
-0.664995
-0.669702
-0.674380
-0.679030
-0.683650
-0.688240
-0.692801
-0.697333
-0.701834
-0.706306
-0.710748
-0.715159
-0.719540
-0.723890
-0.728210
-0.732500
-0.736758
-0.740985
-0.745181
-0.749346
-0.753480
-0.757582
-0.761652
-0.765691
-0.769698
-0.773673
-0.777616
-0.781527
-0.785405
-0.789251
-0.793065
-0.796846
-0.800594
-0.804309
-0.807992
-0.811641
-0.815258
-0.818841
-0.822391
-0.825907
-0.829390
-0.832840
-0.836256
-0.839638
-0.842986
-0.846300
-0.849581
-0.852827
-0.856039
-0.859217
-0.862361
-0.865470
-0.868545
-0.871585
-0.874591
-0.877562
-0.880499
-0.883400
-0.886267
-0.889099
-0.891896
-0.894658
-0.897385
-0.900077
-0.902733
-0.905355
-0.907941
-0.910492
-0.913007
-0.915487
-0.917932
-0.920341
-0.922714
-0.925052
-0.927355
-0.929621
-0.931852
-0.934047
-0.936207
-0.938331
-0.940419
-0.942471
-0.944487
-0.946467
-0.948411
-0.950320
-0.952192
-0.954029
-0.955829
-0.957594
-0.959322
-0.961015
-0.962671
-0.964292
-0.965876
-0.967424
-0.968936
-0.970412
-0.971852
-0.973256
-0.974624
-0.975956
-0.977251
-0.978511
-0.979735
-0.980922
-0.982073
-0.983189
-0.984268
-0.985311
-0.986318
-0.987290
-0.988225
-0.989124
-0.989988
-0.990815
-0.991607
-0.992362
-0.993082
-0.993766
-0.994415
-0.995027
-0.995604
-0.996145
-0.996650
-0.997120
-0.997554
-0.997952
-0.998315
-0.998643
-0.998935
-0.999191
-0.999412
-0.999598
-0.999749
-0.999864
-0.999944
-0.999989
-0.999999
-0.999974
-0.999914
-0.999819
-0.999689
-0.999524
-0.999324
-0.999090
-0.998821
-0.998518
-0.998180
-0.997807
-0.997400
-0.996959
-0.996483
-0.995973
-0.995429
-0.994851
-0.994239
-0.993593
-0.992914
-0.992200
-0.991453
-0.990672
-0.989857
-0.989009
-0.988128
-0.987213
-0.986265
-0.985284
-0.984269
-0.983222
-0.982142
-0.981029
-0.979883
-0.978705
-0.977494
-0.976250
-0.974974
-0.973666
-0.972326
-0.970954
-0.969549
-0.968113
-0.966645
-0.965145
-0.963613
-0.962050
-0.960455
-0.958830
-0.957173
-0.955484
-0.953765
-0.952015
-0.950234
-0.948422
-0.946580
-0.944707
-0.942804
-0.940871
-0.938907
-0.936914
-0.934890
-0.932837
-0.930754
-0.928641
-0.926499
-0.924327
-0.922126
-0.919896
-0.917637
-0.915350
-0.913033
-0.910688
-0.908314
-0.905911
-0.903481
-0.901022
-0.898535
-0.896020
-0.893478
-0.890907
-0.888310
-0.885684
-0.883032
-0.880352
-0.877645
-0.874912
-0.872151
-0.869364
-0.866550
-0.863710
-0.860844
-0.857952
-0.855033
-0.852089
-0.849119
-0.846123
-0.843102
-0.840056
-0.836985
-0.833888
-0.830766
-0.827620
-0.824449
-0.821254
-0.818034
-0.814790
-0.811522
-0.808230
-0.804915
-0.801575
-0.798212
-0.794826
-0.791417
-0.787984
-0.784529
-0.781050
-0.777550
-0.774026
-0.770481
-0.766913
-0.763323
-0.759711
-0.756077
-0.752422
-0.748745
-0.745047
-0.741328
-0.737588
-0.733827
-0.730045
-0.726243
-0.722420
-0.718577
-0.714714
-0.710831
-0.706928
-0.703005
-0.699063
-0.695102
-0.691121
-0.687121
-0.683103
-0.679066
-0.675010
-0.670935
-0.666843
-0.662732
-0.658603
-0.654457
-0.650293
-0.646111
-0.641912
-0.637696
-0.633462
-0.629212
-0.624945
-0.620662
-0.616362
-0.612046
-0.607714
-0.603366
-0.599002
-0.594622
-0.590227
-0.585817
-0.581391
-0.576951
-0.572495
-0.568025
-0.563541
-0.559042
-0.554528
-0.550001
-0.545460
-0.540905
-0.536337
-0.531755
-0.527160
-0.522552
-0.517930
-0.513296
-0.508650
-0.503991
-0.499319
-0.494636
-0.489940
-0.485233
-0.480514
-0.475783
-0.471041
-0.466288
-0.461524
-0.456749
-0.451963
-0.447167
-0.442360
-0.437543
-0.432716
-0.427878
-0.423032
-0.418175
-0.413309
-0.408434
-0.403549
-0.398656
-0.393753
-0.388842
-0.383923
-0.378995
-0.374058
-0.369114
-0.364162
-0.359202
-0.354235
-0.349260
-0.344278
-0.339288
-0.334292
-0.329289
-0.324279
-0.319263
-0.314240
-0.309211
-0.304176
-0.299135
-0.294089
-0.289037
-0.283979
-0.278916
-0.273848
-0.268775
-0.263697
-0.258615
-0.253528
-0.248436
-0.243341
-0.238241
-0.233138
-0.228030
-0.222919
-0.217805
-0.212687
-0.207566
-0.202442
-0.197315
-0.192186
-0.187054
-0.181919
-0.176782
-0.171644
-0.166503
-0.161360
-0.156215
-0.151069
-0.145922
-0.140773
-0.135623
-0.130473
-0.125321
-0.120169
-0.115016
-0.109863
-0.104709
-0.099556
-0.094402
-0.089249
-0.084096
-0.078943
-0.073791
-0.068640
-0.063490
-0.058340
-0.053192
-0.048045
-0.042900
-0.037756
-0.032614
-0.027474
-0.022335
-0.017199
-0.012065
-0.006934
-0.001804
0.003322
0.008446
0.013566
0.018684
0.023798
0.028909
0.034017
0.039121
0.044221
0.049318
0.054410
0.059499
0.064583
0.069663
0.074738
0.079809
0.084874
0.089936
0.094992
0.100042
0.105088
0.110128
0.115163
0.120192
0.125216
0.130233
0.135245
0.140250
0.145249
0.150242
0.155228
0.160208
0.165181
0.170147
0.175106
0.180058
0.185003
0.189940
0.194871
0.199793
0.204708
0.209615
0.214514
0.219406
0.224289
0.229164
0.234030
0.238888
0.243738
0.248578
0.253411
0.258234
0.263048
0.267853
0.272649
0.277435
0.282212
0.286979
0.291737
0.296485
0.301224
0.305952
0.310670
0.315378
0.320076
0.324763
0.329440
0.334106
0.338762
0.343406
0.348040
0.352663
0.357275
0.361876
0.366465
0.371043
0.375610
0.380165
0.384708
0.389240
0.393759
0.398267
0.402763
0.407247
0.411718
0.416177
0.420624
0.425058
0.429480
0.433889
0.438285
0.442669
0.447039
0.451397
0.455741
0.460072
0.464390
0.468695
0.472986
0.477264
0.481528
0.485778
0.490015
0.494237
0.498446
0.502641
0.506822
0.510989
0.515141
0.519279
0.523403
0.527512
0.531607
0.535687
0.539752
0.543803
0.547838
0.551859
0.555865
0.559856
0.563832
0.567792
0.571738
0.575668
0.579582
0.583481
0.587365
0.591233
0.595085
0.598921
0.602742
0.606547
0.610336
0.614109
0.617866
0.621607
0.625332
0.629040
0.632732
0.636408
0.640067
0.643710
0.647337
0.650946
0.654540
0.658116
0.661676
0.665219
0.668745
0.672254
0.675746
0.679221
0.682679
0.686120
0.689544
0.692951
0.696340
0.699712
0.703067
0.706404
0.709723
0.713026
0.716310
0.719577
0.722827
0.726058
0.729272
0.732468
0.735647
0.738807
0.741950
0.745074
0.748181
0.751270
0.754340
0.757392
0.760427
0.763443
0.766441
0.769420
0.772381
0.775324
0.778249
0.781155
0.784043
0.786912
0.789763
0.792595
0.795409
0.798204
0.800980
0.803738
0.806477
0.809197
0.811899
0.814582
0.817246
0.819891
0.822517
0.825125
0.827713
0.830283
0.832833
0.835365
0.837878
0.840371
0.842846
0.845301
0.847738
0.850155
0.852553
0.854932
0.857292
0.859633
0.861954
0.864256
0.866539
0.868803
0.871047
0.873272
0.875478
0.877665
0.879832
0.881980
0.884108
0.886217
0.888307
0.890377
0.892428
0.894459
0.896471
0.898464
0.900437
0.902391
0.904325
0.906240
0.908135
0.910011
0.911867
0.913704
0.915521
0.917319
0.919097
0.920855
0.922595
0.924314
0.926014
0.927695
0.929356
0.930997
0.932619
0.934222
0.935805
0.937368
0.938912
0.940436
0.941941
0.943426
0.944892
0.946338
0.947765
0.949172
0.950560
0.951928
0.953276
0.954606
0.955915
0.957205
0.958476
0.959727
0.960959
0.962172
0.963364
0.964538
0.965692
0.966827
0.967942
0.969038
0.970114
0.971171
0.972209
0.973227
0.974227
0.975206
0.976167
0.977108
0.978030
0.978933
0.979816
0.980680
0.981525
0.982351
0.983157
0.983945
0.984713
0.985462
0.986192
0.986903
0.987595
0.988268
0.988922
0.989557
0.990173
0.990770
0.991348
0.991907
0.992447
0.992968
0.993470
0.993954
0.994419
0.994865
0.995292
0.995700
0.996090
0.996461
0.996813
0.997147
0.997462
0.997759
0.998037
0.998296
0.998537
0.998760
0.998964
0.999149
0.999317
0.999465
0.999596
0.999708
0.999802
0.999878
0.999935
0.999975
0.999996
0.999999
0.999984
0.999951
0.999900
0.999831
0.999744
0.999639
0.999516
0.999375
0.999217
0.999041
0.998846
0.998635
0.998405
0.998158
0.997894
0.997611
0.997311
0.996994
0.996659
0.996307
0.995938
0.995551
0.995147
0.994725
0.994286
0.993830
0.993357
0.992867
0.992360
0.991835
0.991294
0.990736
0.990161
0.989568
0.988959
0.988334
0.987691
0.987032
0.986356
0.985664
0.984955
0.984229
0.983487
0.982728
0.981953
0.981162
0.980354
0.979530
0.978690
0.977833
0.976961
0.976072
0.975167
0.974246
0.973310
0.972357
0.971388
0.970404
0.969404
0.968388
0.967356
0.966309
0.965246
0.964167
0.963073
0.961964
0.960839
0.959699
0.958543
0.957373
0.956186
0.954985
0.953769
0.952537
0.951291
0.950029
0.948753
0.947462
0.946156
0.944835
0.943499
0.942149
0.940784
0.939404
0.938010
0.936602
0.935179
0.933741
0.932289
0.930823
0.929343
0.927849
0.926340
0.924818
0.923281
0.921730
0.920166
0.918587
0.916995
0.915389
0.913769
0.912136
0.910489
0.908828
0.907154
0.905467
0.903766
0.902052
0.900324
0.898583
0.896829
0.895062
0.893282
0.891489
0.889683
0.887864
0.886032
0.884187
0.882330
0.880459
0.878577
0.876681
0.874773
0.872853
0.870920
0.868975
0.867017
0.865047
0.863065
0.861071
0.859065
0.857046
0.855016
0.852974
0.850920
0.848854
0.846776
0.844687
0.842586
0.840473
0.838349
0.836213
0.834066
0.831907
0.829738
0.827557
0.825364
0.823161
0.820946
0.818721
0.816484
0.814237
0.811978
0.809709
0.807429
0.805139
0.802837
0.800525
0.798203
0.795870
0.793527
0.791173
0.788809
0.786435
0.784051
0.781656
0.779252
0.776837
0.774412
0.771978
0.769534
0.767079
0.764615
0.762142
0.759659
0.757166
0.754664
0.752152
0.749631
0.747100
0.744561
0.742012
0.739453
0.736886
0.734310
0.731725
0.729130
0.726527
0.723915
0.721294
0.718665
0.716027
0.713380
0.710725
0.708061
0.705389
0.702708
0.700019
0.697322
0.694617
0.691903
0.689182
0.686452
0.683714
0.680969
0.678215
0.675454
0.672685
0.669908
0.667124
0.664332
0.661533
0.658726
0.655911
0.653090
0.650261
0.647424
0.644581
0.641730
0.638873
0.636008
0.633136
0.630258
0.627372
0.624480
0.621581
0.618675
0.615763
0.612844
0.609919
0.606987
0.604049
0.601104
0.598153
0.595196
0.592232
0.589263
0.586287
0.583306
0.580318
0.577324
0.574325
0.571320
0.568309
0.565292
0.562270
0.559242
0.556208
0.553169
0.550125
0.547075
0.544020
0.540960
0.537894
0.534824
0.531748
0.528667
0.525581
0.522490
0.519395
0.516294
0.513189
0.510079
0.506964
0.503845
0.500721
0.497592
0.494459
0.491322
0.488180
0.485034
0.481884
0.478730
0.475571
0.472408
0.469242
0.466071
0.462896
0.459717
0.456535
0.453349
0.450159
0.446965
0.443768
0.440567
0.437363
0.434155
0.430944
0.427729
0.424511
0.421290
0.418065
0.414837
0.411606
0.408373
0.405136
0.401896
0.398653
0.395407
0.392159
0.388907
0.385653
0.382397
0.379137
0.375875
0.372611
0.369344
0.366074
0.362803
0.359529
0.356252
0.352974
0.349693
0.346410
0.343125
0.339838
0.336548
0.333257
0.329964
0.326670
0.323373
0.320075
0.316774
0.313473
0.310169
0.306864
0.303558
0.300250
0.296940
0.293630
0.290317
0.287004
0.283689
0.280373
0.277056
0.273738
0.270419
0.267098
0.263777
0.260455
0.257132
0.253808
0.250483
0.247158
0.243832
0.240505
0.237177
0.233849
0.230520
0.227191
0.223862
0.220532
0.217202
0.213871
0.210540
0.207209
0.203878
0.200546
0.197215
0.193883
0.190551
0.187220
0.183888
0.180557
0.177225
0.173894
0.170563
0.167233
0.163903
0.160573
0.157243
0.153914
0.150585
0.147257
0.143930
0.140603
0.137277
0.133951
0.130626
0.127302
0.123979
0.120656
0.117334
0.114014
0.110694
0.107375
0.104058
0.100741
0.097425
0.094111
0.090798
0.087486
0.084175
0.080866
0.077558
0.074251
0.070946
0.067642
0.064339
0.061039
0.057739
0.054442
0.051146
0.047851
0.044559
0.041268
0.037979
0.034691
0.031406
0.028122
0.024841
0.021561
0.018283
0.015008
0.011734
0.008463
0.005193
0.001926
-0.001339
-0.004602
-0.007862
-0.011120
-0.014376
-0.017630
-0.020881
-0.024129
-0.027376
-0.030619
-0.033860
-0.037099
-0.040335
-0.043568
-0.046799
-0.050027
-0.053252
-0.056475
-0.059694
-0.062911
-0.066125
-0.069336
-0.072545
-0.075750
-0.078952
-0.082152
-0.085348
-0.088541
-0.091731
-0.094918
-0.098102
-0.101282
-0.104460
-0.107634
-0.110804
-0.113972
-0.117136
-0.120297
-0.123454
-0.126608
-0.129759
-0.132906
-0.136049
-0.139189
-0.142326
-0.145459
-0.148588
-0.151713
-0.154835
-0.157953
-0.161068
-0.164178
-0.167285
-0.170388
-0.173488
-0.176583
-0.179674
-0.182762
-0.185846
-0.188925
-0.192001
-0.195072
-0.198140
-0.201204
-0.204263
-0.207318
-0.210369
-0.213416
-0.216459
-0.219498
-0.222532
-0.225562
-0.228588
-0.231609
-0.234626
-0.237639
-0.240647
-0.243651
-0.246651
-0.249646
-0.252636
-0.255622
-0.258604
-0.261580
-0.264553
-0.267521
-0.270484
-0.273442
-0.276396
-0.279345
-0.282290
-0.285230
-0.288165
-0.291095
-0.294020
-0.296941
-0.299857
-0.302768
-0.305674
-0.308575
-0.311471
-0.314362
-0.317249
-0.320130
-0.323007
-0.325878
-0.328744
-0.331606
-0.334462
-0.337313
-0.340159
-0.343000
-0.345836
-0.348667
-0.351492
-0.354312
-0.357127
-0.359937
-0.362741
-0.365541
-0.368335
-0.371123
-0.373907
-0.376685
-0.379457
-0.382225
-0.384986
-0.387743
-0.390494
-0.393239
-0.395980
-0.398714
-0.401443
-0.404167
-0.406885
-0.409598
-0.412305
-0.415006
-0.417702
-0.420392
-0.423077
-0.425756
-0.428429
-0.431097
-0.433759
-0.436416
-0.439066
-0.441711
-0.444350
-0.446984
-0.449611
-0.452233
-0.454849
-0.457460
-0.460064
-0.462663
-0.465256
-0.467843
-0.470424
-0.472999
-0.475569
-0.478132
-0.480690
-0.483241
-0.485787
-0.488327
-0.490860
-0.493388
-0.495910
-0.498426
-0.500936
-0.503439
-0.505937
-0.508429
-0.510914
-0.513394
-0.515868
-0.518335
-0.520796
-0.523251
-0.525700
-0.528143
-0.530580
-0.533011
-0.535435
-0.537854
-0.540266
-0.542672
-0.545072
-0.547465
-0.549852
-0.552234
-0.554608
-0.556977
-0.559339
-0.561696
-0.564045
-0.566389
-0.568726
-0.571057
-0.573382
-0.575700
-0.578013
-0.580318
-0.582618
-0.584911
-0.587198
-0.589478
-0.591752
-0.594020
-0.596281
-0.598536
-0.600784
-0.603026
-0.605262
-0.607491
-0.609714
-0.611931
-0.614141
-0.616344
-0.618541
-0.620732
-0.622916
-0.625094
-0.627265
-0.629430
-0.631589
-0.633740
-0.635886
-0.638025
-0.640157
-0.642283
-0.644403
-0.646515
-0.648622
-0.650722
-0.652815
-0.654902
-0.656982
-0.659056
-0.661123
-0.663184
-0.665238
-0.667286
-0.669327
-0.671361
-0.673389
-0.675410
-0.677425
-0.679433
-0.681435
-0.683430
-0.685418
-0.687400
-0.689376
-0.691344
-0.693306
-0.695262
-0.697211
-0.699153
-0.701089
-0.703018
-0.704940
-0.706856
-0.708766
-0.710668
-0.712564
-0.714454
-0.716337
-0.718213
-0.720083
-0.721946
-0.723802
-0.725652
-0.727495
-0.729331
-0.731161
-0.732984
-0.734801
-0.736611
-0.738414
-0.740211
-0.742001
-0.743785
-0.745562
-0.747332
-0.749095
-0.750852
-0.752603
-0.754346
-0.756084
-0.757814
-0.759538
-0.761255
-0.762966
-0.764670
-0.766367
-0.768058
-0.769742
-0.771419
-0.773090
-0.774754
-0.776412
-0.778063
-0.779707
-0.781345
-0.782976
-0.784601
-0.786219
-0.787830
-0.789435
-0.791033
-0.792625
-0.794209
-0.795788
-0.797360
-0.798925
-0.800483
-0.802035
-0.803581
-0.805119
-0.806652
-0.808177
-0.809696
-0.811209
-0.812715
-0.814214
-0.815707
-0.817193
-0.818673
-0.820146
-0.821612
-0.823072
-0.824526
-0.825973
-0.827413
-0.828847
-0.830274
-0.831695
-0.833110
-0.834517
-0.835919
-0.837313
-0.838702
-0.840083
-0.841459
-0.842827
-0.844189
-0.845545
-0.846895
-0.848237
-0.849574
-0.850904
-0.852227
-0.853544
-0.854854
-0.856158
-0.857456
-0.858747
-0.860032
-0.861310
-0.862582
-0.863847
-0.865106
-0.866359
-0.867605
-0.868845
-0.870079
-0.871306
-0.872526
-0.873740
-0.874948
-0.876150
-0.877345
-0.878534
-0.879716
-0.880893
-0.882062
-0.883226
-0.884383
-0.885534
-0.886678
-0.887817
-0.888948
-0.890074
-0.891193
-0.892306
-0.893413
-0.894514
-0.895608
-0.896696
-0.897778
-0.898853
-0.899923
-0.900986
-0.902042
-0.903093
-0.904137
-0.905176
-0.906208
-0.907233
-0.908253
-0.909267
-0.910274
-0.911275
-0.912270
-0.913259
-0.914242
-0.915218
-0.916189
-0.917153
-0.918111
-0.919063
-0.920009
-0.920949
-0.921883
-0.922811
-0.923733
-0.924649
-0.925558
-0.926462
-0.927360
-0.928251
-0.929137
-0.930016
-0.930890
-0.931757
-0.932619
-0.933475
-0.934324
-0.935168
-0.936006
-0.936838
-0.937664
-0.938483
-0.939298
-0.940106
-0.940908
-0.941704
-0.942495
-0.943279
-0.944058
-0.944831
-0.945598
-0.946359
-0.947115
-0.947864
-0.948608
-0.949346
-0.950078
-0.950804
-0.951525
-0.952240
-0.952949
-0.953652
-0.954350
-0.955042
-0.955728
-0.956408
-0.957083
-0.957752
-0.958415
-0.959073
-0.959725
-0.960371
-0.961012
-0.961647
-0.962276
-0.962900
-0.963518
-0.964131
-0.964738
-0.965339
-0.965935
-0.966526
-0.967110
-0.967690
-0.968263
-0.968831
-0.969394
-0.969951
-0.970503
-0.971049
-0.971590
-0.972125
-0.972655
-0.973179
-0.973698
-0.974211
-0.974719
-0.975222
-0.975719
-0.976211
-0.976698
-0.977179
-0.977654
-0.978125
-0.978590
-0.979050
-0.979504
-0.979953
-0.980397
-0.980836
-0.981269
-0.981697
-0.982120
-0.982537
-0.982950
-0.983357
-0.983758
-0.984155
-0.984547
-0.984933
-0.985314
-0.985690
-0.986061
-0.986426
-0.986787
-0.987142
-0.987493
-0.987838
-0.988178
-0.988513
-0.988843
-0.989168
-0.989488
-0.989803
-0.990113
-0.990418
-0.990717
-0.991012
-0.991302
-0.991587
-0.991867
-0.992142
-0.992412
-0.992677
-0.992937
-0.993193
-0.993443
-0.993689
-0.993929
-0.994165
-0.994396
-0.994622
-0.994843
-0.995060
-0.995271
-0.995478
-0.995680
-0.995878
-0.996070
-0.996258
-0.996441
-0.996619
-0.996793
-0.996962
-0.997126
-0.997285
-0.997440
-0.997590
-0.997736
-0.997877
-0.998013
-0.998144
-0.998271
-0.998394
-0.998511
-0.998625
-0.998733
-0.998837
-0.998937
-0.999032
-0.999122
-0.999208
-0.999290
-0.999367
-0.999439
-0.999508
-0.999571
-0.999630
-0.999685
-0.999735
-0.999781
-0.999823
-0.999860
-0.999893
-0.999921
-0.999945
-0.999965
-0.999980
-0.999991
-0.999998
-1.000000
-0.999998
-0.999992
-0.999982
-0.999967
-0.999948
-0.999925
-0.999897
-0.999866
-0.999830
-0.999790
-0.999746
-0.999698
-0.999645
-0.999588
-0.999528
-0.999463
-0.999394
-0.999321
-0.999244
-0.999162
-0.999077
-0.998988
-0.998894
-0.998797
-0.998696
-0.998590
-0.998481
-0.998367
-0.998250
-0.998128
-0.998003
-0.997874
-0.997741
-0.997604
-0.997463
-0.997318
-0.997169
-0.997016
-0.996860
-0.996699
-0.996535
-0.996367
-0.996195
-0.996019
-0.995840
-0.995657
-0.995470
-0.995279
-0.995084
-0.994886
-0.994684
-0.994478
-0.994269
-0.994056
-0.993839
-0.993618
-0.993394
-0.993166
-0.992935
-0.992700
-0.992461
-0.992219
-0.991973
-0.991724
-0.991471
-0.991214
-0.990954
-0.990690
-0.990423
-0.990152
-0.989878
-0.989600
-0.989319
-0.989034
-0.988746
-0.988454
-0.988159
-0.987861
-0.987559
-0.987254
-0.986945
-0.986633
-0.986317
-0.985998
-0.985676
-0.985351
-0.985022
-0.984690
-0.984354
-0.984015
-0.983673
-0.983328
-0.982979
-0.982627
-0.982272
-0.981914
-0.981552
-0.981187
-0.980819
-0.980448
-0.980074
-0.979696
-0.979316
-0.978932
-0.978545
-0.978155
-0.977761
-0.977365
-0.976966
-0.976563
-0.976158
-0.975749
-0.975337
-0.974923
-0.974505
-0.974084
-0.973660
-0.973234
-0.972804
-0.972371
-0.971935
-0.971497
-0.971055
-0.970611
-0.970163
-0.969713
-0.969259
-0.968803
-0.968344
-0.967882
-0.967418
-0.966950
-0.966479
-0.966006
-0.965530
-0.965051
-0.964569
-0.964085
-0.963598
-0.963108
-0.962615
-0.962119
-0.961621
-0.961120
-0.960616
-0.960110
-0.959601
-0.959089
-0.958575
-0.958057
-0.957538
-0.957015
-0.956490
-0.955963
-0.955432
-0.954899
-0.954364
-0.953826
-0.953285
-0.952742
-0.952196
-0.951648
-0.951097
-0.950544
-0.949988
-0.949430
-0.948869
-0.948306
-0.947740
-0.947172
-0.946601
-0.946028
-0.945452
-0.944874
-0.944294
-0.943711
-0.943126
-0.942538
-0.941948
-0.941356
-0.940762
-0.940165
-0.939565
-0.938964
-0.938360
-0.937753
-0.937145
-0.936534
-0.935921
-0.935306
-0.934688
-0.934068
-0.933446
-0.932822
-0.932195
-0.931567
-0.930936
-0.930303
-0.929667
-0.929030
-0.928390
-0.927749
-0.927105
-0.926459
-0.925811
-0.925161
-0.924508
-0.923854
-0.923197
-0.922539
-0.921878
-0.921215
-0.920551
-0.919884
-0.919215
-0.918544
-0.917872
-0.917197
-0.916520
-0.915841
-0.915161
-0.914478
-0.913793
-0.913107
-0.912418
-0.911728
-0.911035
-0.910341
-0.909645
-0.908947
-0.908247
-0.907545
-0.906842
-0.906136
-0.905429
-0.904720
-0.904009
-0.903296
-0.902582
-0.901865
-0.901147
-0.900427
-0.899705
-0.898982
-0.898257
-0.897530
-0.896801
-0.896071
-0.895339
-0.894605
-0.893869
-0.893132
-0.892393
-0.891652
-0.890910
-0.890166
-0.889421
-0.888674
-0.887925
-0.887174
-0.886422
-0.885669
-0.884914
-0.884157
-0.883398
-0.882638
-0.881877
-0.881114
-0.880349
-0.879583
-0.878815
-0.878046
-0.877275
-0.876503
-0.875730
-0.874954
-0.874178
-0.873400
-0.872620
-0.871839
-0.871057
-0.870273
-0.869487
-0.868701
-0.867912
-0.867123
-0.866332
-0.865540
-0.864746
-0.863951
-0.863154
-0.862357
-0.861557
-0.860757
-0.859955
-0.859152
-0.858348
-0.857542
-0.856735
-0.855927
-0.855117
-0.854306
-0.853494
-0.852681
-0.851866
-0.851050
-0.850233
-0.849415
-0.848595
-0.847774
-0.846952
-0.846129
-0.845305
-0.844479
-0.843652
-0.842825
-0.841996
-0.841165
-0.840334
-0.839502
-0.838668
-0.837833
-0.836998
-0.836161
-0.835323
-0.834484
-0.833643
-0.832802
-0.831960
-0.831116
-0.830272
-0.829427
-0.828580
-0.827733
-0.826884
-0.826034
-0.825184
-0.824332
-0.823480
-0.822626
-0.821772
-0.820916
-0.820060
-0.819202
-0.818344
-0.817485
-0.816624
-0.815763
-0.814901
-0.814038
-0.813174
-0.812309
-0.811444
-0.810577
-0.809710
-0.808841
-0.807972
-0.807102
-0.806231
-0.805359
-0.804487
-0.803613
-0.802739
-0.801864
-0.800988
-0.800111
-0.799234
-0.798356
-0.797477
-0.796597
-0.795716
-0.794835
-0.793953
-0.793070
-0.792186
-0.791302
-0.790417
-0.789531
-0.788645
-0.787757
-0.786870
-0.785981
-0.785092
-0.784202
-0.783311
-0.782420
-0.781528
-0.780635
-0.779742
-0.778848
-0.777953
-0.777058
-0.776162
-0.775266
-0.774369
-0.773471
-0.772573
-0.771674
-0.770774
-0.769874
-0.768974
-0.768072
-0.767171
-0.766268
-0.765365
-0.764462
-0.763558
-0.762653
-0.761748
-0.760843
-0.759937
-0.759030
-0.758123
-0.757216
-0.756308
-0.755399
-0.754490
-0.753581
-0.752671
-0.751760
-0.750849
-0.749938
-0.749026
-0.748114
-0.747201
-0.746288
-0.745375
-0.744461
-0.743547
-0.742632
-0.741717
-0.740801
-0.739885
-0.738969
-0.738053
-0.737136
-0.736218
-0.735300
-0.734382
-0.733464
-0.732545
-0.731626
-0.730707
-0.729787
-0.728867
-0.727946
-0.727026
-0.726105
-0.725183
-0.724262
-0.723340
-0.722418
-0.721495
-0.720572
-0.719649
-0.718726
-0.717803
-0.716879
-0.715955
-0.715031
-0.714106
-0.713181
-0.712257
-0.711331
-0.710406
-0.709480
-0.708555
-0.707629
-0.706703
-0.705776
-0.704850
-0.703923
-0.702996
-0.702069
-0.701142
-0.700214
-0.699287
-0.698359
-0.697431
-0.696503
-0.695575
-0.694647
-0.693719
-0.692790
-0.691862
-0.690933
-0.690004
-0.689075
-0.688146
-0.687217
-0.686288
-0.685359
-0.684429
-0.683500
-0.682570
-0.681641
-0.680711
-0.679782
-0.678852
-0.677922
-0.676992
-0.676063
-0.675133
-0.674203
-0.673273
-0.672343
-0.671413
-0.670483
-0.669553
-0.668624
-0.667694
-0.666764
-0.665834
-0.664904
-0.663974
-0.663044
-0.662114
-0.661185
-0.660255
-0.659325
-0.658396
-0.657466
-0.656537
-0.655607
-0.654678
-0.653748
-0.652819
-0.651890
-0.650961
-0.650032
-0.649103
-0.648174
-0.647246
-0.646317
-0.645389
-0.644460
-0.643532
-0.642604
-0.641676
-0.640748
-0.639820
-0.638893
-0.637965
-0.637038
-0.636111
-0.635183
-0.634257
-0.633330
-0.632403
-0.631477
-0.630551
-0.629625
-0.628699
-0.627773
-0.626848
-0.625922
-0.624997
-0.624072
-0.623148
-0.622223
-0.621299
-0.620375
-0.619451
-0.618527
-0.617604
-0.616681
-0.615758
-0.614835
-0.613912
-0.612990
-0.612068
-0.611146
-0.610225
-0.609304
-0.608383
-0.607462
-0.606541
-0.605621
-0.604701
-0.603782
-0.602862
-0.601943
-0.601025
-0.600106
-0.599188
-0.598270
-0.597352
-0.596435
-0.595518
-0.594601
-0.593685
-0.592769
-0.591853
-0.590938
-0.590023
-0.589108
-0.588194
-0.587280
-0.586366
-0.585452
-0.584539
-0.583627
-0.582714
-0.581802
-0.580891
-0.579980
-0.579069
-0.578158
-0.577248
-0.576338
-0.575429
-0.574520
-0.573611
-0.572703
-0.571795
-0.570888
-0.569981
-0.569074
-0.568168
-0.567262
-0.566356
-0.565451
-0.564547
-0.563642
-0.562739
-0.561835
-0.560932
-0.560030
-0.559128
-0.558226
-0.557325
-0.556424
-0.555524
-0.554624
-0.553725
-0.552826
-0.551927
-0.551029
-0.550131
-0.549234
-0.548338
-0.547441
-0.546546
-0.545650
-0.544756
-0.543861
-0.542967
-0.542074
-0.541181
-0.540289
-0.539397
-0.538506
-0.537615
-0.536724
-0.535834
-0.534945
-0.534056
-0.533168
-0.532280
-0.531392
-0.530506
-0.529619
-0.528733
-0.527848
-0.526963
-0.526079
-0.525196
-0.524312
-0.523430
-0.522548
-0.521666
-0.520785
-0.519905
-0.519025
-0.518145
-0.517267
-0.516388
-0.515511
-0.514634
-0.513757
-0.512881
-0.512006
-0.511131
-0.510256
-0.509383
-0.508510
-0.507637
-0.506765
-0.505894
-0.505023
-0.504153
-0.503283
-0.502414
-0.501545
-0.500677
-0.499810
-0.498943
-0.498077
-0.497212
-0.496347
-0.495483
-0.494619
-0.493756
-0.492894
-0.492032
-0.491171
-0.490310
-0.489450
-0.488591
-0.487732
-0.486874
-0.486016
-0.485160
-0.484303
-0.483448
-0.482593
-0.481739
-0.480885
-0.480032
-0.479180
-0.478328
-0.477477
-0.476627
-0.475777
-0.474928
-0.474079
-0.473231
-0.472384
-0.471538
-0.470692
-0.469847
-0.469002
-0.468159
-0.467315
-0.466473
-0.465631
-0.464790
-0.463950
-0.463110
-0.462271
-0.461432
-0.460595
-0.459757
-0.458921
-0.458085
-0.457250
-0.456416
-0.455583
-0.454750
-0.453917
-0.453086
-0.452255
-0.451425
-0.450596
-0.449767
-0.448939
-0.448112
-0.447285
-0.446459
-0.445634
-0.444810
-0.443986
-0.443163
-0.442341
-0.441519
-0.440698
-0.439878
-0.439059
-0.438240
-0.437422
-0.436605
-0.435788
-0.434972
-0.434157
-0.433343
-0.432530
-0.431717
-0.430905
-0.430093
-0.429283
-0.428473
-0.427664
-0.426855
-0.426048
-0.425241
-0.424435
-0.423629
-0.422824
-0.422021
-0.421217
-0.420415
-0.419613
-0.418813
-0.418012
-0.417213
-0.416414
-0.415617
-0.414820
-0.414023
-0.413228
-0.412433
-0.411639
-0.410846
-0.410053
-0.409261
-0.408470
-0.407680
-0.406891
-0.406102
-0.405314
-0.404527
-0.403741
-0.402956
-0.402171
-0.401387
-0.400604
-0.399822
-0.399040
-0.398259
-0.397479
-0.396700
-0.395921
-0.395144
-0.394367
-0.393591
-0.392816
-0.392041
-0.391268
-0.390495
-0.389723
-0.388951
-0.388181
-0.387411
-0.386642
-0.385874
-0.385107
-0.384340
-0.383575
-0.382810
-0.382046
-0.381283
-0.380520
-0.379759
-0.378998
-0.378238
-0.377479
-0.376720
-0.375963
-0.375206
-0.374450
-0.373695
-0.372940
-0.372187
-0.371434
-0.370682
-0.369931
-0.369181
-0.368432
-0.367683
-0.366936
-0.366189
-0.365443
-0.364697
-0.363953
-0.363209
-0.362466
-0.361724
-0.360983
-0.360243
-0.359504
-0.358765
-0.358027
-0.357290
-0.356554
-0.355819
-0.355084
-0.354351
-0.353618
-0.352886
-0.352155
-0.351424
-0.350695
-0.349966
-0.349239
-0.348512
-0.347786
-0.347060
-0.346336
-0.345612
-0.344890
-0.344168
-0.343447
-0.342726
-0.342007
-0.341289
-0.340571
-0.339854
-0.339138
-0.338423
-0.337709
-0.336995
-0.336283
-0.335571
-0.334860
-0.334150
-0.333441
-0.332733
-0.332025
-0.331319
-0.330613
-0.329908
-0.329204
-0.328501
-0.327799
-0.327097
-0.326396
-0.325697
-0.324998
-0.324300
-0.323603
-0.322906
-0.322211
-0.321516
-0.320822
-0.320130
-0.319438
-0.318746
-0.318056
-0.317367
-0.316678
-0.315990
-0.315303
-0.314617
-0.313932
-0.313248
-0.312565
-0.311882
-0.311200
-0.310520
-0.309840
-0.309161
-0.308482
-0.307805
-0.307129
-0.306453
-0.305778
-0.305104
-0.304431
-0.303759
-0.303088
-0.302417
-0.301748
-0.301079
-0.300411
-0.299744
-0.299078
-0.298413
-0.297749
-0.297085
-0.296423
-0.295761
-0.295100
-0.294440
-0.293781
-0.293123
-0.292466
-0.291809
-0.291154
-0.290499
-0.289845
-0.289192
-0.288540
-0.287889
-0.287238
-0.286589
-0.285940
-0.285292
-0.284645
-0.283999
-0.283354
-0.282710
-0.282067
-0.281424
-0.280782
-0.280142
-0.279502
-0.278863
-0.278225
-0.277587
-0.276951
-0.276316
-0.275681
-0.275047
-0.274414
-0.273782
-0.273151
-0.272521
-0.271891
-0.271263
-0.270635
-0.270009
-0.269383
-0.268758
-0.268133
-0.267510
-0.266888
-0.266266
-0.265646
-0.265026
-0.264407
-0.263789
-0.263172
-0.262556
-0.261940
-0.261326
-0.260712
-0.260099
-0.259488
-0.258877
-0.258266
-0.257657
-0.257049
-0.256441
-0.255835
-0.255229
-0.254624
-0.254020
-0.253417
-0.252815
-0.252213
-0.251613
-0.251013
-0.250415
-0.249817
-0.249220
-0.248624
-0.248028
-0.247434
-0.246841
-0.246248
-0.245656
-0.245065
-0.244475
-0.243886
-0.243298
-0.242711
-0.242124
-0.241538
-0.240954
-0.240370
-0.239787
-0.239205
-0.238623
-0.238043
-0.237464
-0.236885
-0.236307
-0.235730
-0.235154
-0.234579
-0.234005
-0.233431
-0.232859
-0.232287
-0.231716
-0.231146
-0.230577
-0.230009
-0.229442
-0.228875
-0.228310
-0.227745
-0.227181
-0.226618
-0.226056
-0.225495
-0.224935
-0.224375
-0.223817
-0.223259
-0.222702
-0.222146
-0.221591
-0.221037
-0.220483
-0.219931
-0.219379
-0.218828
-0.218278
-0.217729
-0.217181
-0.216633
-0.216087
-0.215541
-0.214997
-0.214453
-0.213910
-0.213367
-0.212826
-0.212286
-0.211746
-0.211207
-0.210669
-0.210132
-0.209596
-0.209061
-0.208527
-0.207993
-0.207460
-0.206929
-0.206398
-0.205867
-0.205338
-0.204810
-0.204282
-0.203756
-0.203230
-0.202705
-0.202181
-0.201657
-0.201135
-0.200613
-0.200093
-0.199573
-0.199054
-0.198536
-0.198019
-0.197502
-0.196987
-0.196472
-0.195958
-0.195445
-0.194933
-0.194422
-0.193911
-0.193401
-0.192893
-0.192385
-0.191878
-0.191372
-0.190866
-0.190362
-0.189858
-0.189355
-0.188853
-0.188352
-0.187852
-0.187352
-0.186854
-0.186356
-0.185859
-0.185363
-0.184868
-0.184374
-0.183880
-0.183388
-0.182896
-0.182405
-0.181915
-0.181425
-0.180937
-0.180449
-0.179962
-0.179477
-0.178991
-0.178507
-0.178024
-0.177541
-0.177059
-0.176579
-0.176098
-0.175619
-0.175141
-0.174663
-0.174187
-0.173711
-0.173236
-0.172761
-0.172288
-0.171815
-0.171344
-0.170873
-0.170403
-0.169933
-0.169465
-0.168998
-0.168531
-0.168065
-0.167600
-0.167135
-0.166672
-0.166209
-0.165748
-0.165287
-0.164827
-0.164367
-0.163909
-0.163451
-0.162994
-0.162538
-0.162083
-0.161629
-0.161175
-0.160722
-0.160271
-0.159819
-0.159369
-0.158920
-0.158471
-0.158023
-0.157576
-0.157130
-0.156685
-0.156240
-0.155796
-0.155354
-0.154911
-0.154470
-0.154030
-0.153590
-0.153151
-0.152713
-0.152276
-0.151839
-0.151404
-0.150969
-0.150535
-0.150102
-0.149669
-0.149238
-0.148807
-0.148377
-0.147948
-0.147520
-0.147092
-0.146665
-0.146239
-0.145814
-0.145390
-0.144966
-0.144544
-0.144122
-0.143701
-0.143280
-0.142861
-0.142442
-0.142024
-0.141607
-0.141191
-0.140775
-0.140360
-0.139946
-0.139533
-0.139121
-0.138709
-0.138298
-0.137888
-0.137479
-0.137071
-0.136663
-0.136256
-0.135850
-0.135445
-0.135041
-0.134637
-0.134234
-0.133832
-0.133431
-0.133030
-0.132630
-0.132231
-0.131833
-0.131436
-0.131039
-0.130643
-0.130248
-0.129854
-0.129460
-0.129068
-0.128676
-0.128284
-0.127894
-0.127504
-0.127116
-0.126728
-0.126340
-0.125954
-0.125568
-0.125183
-0.124799
-0.124415
-0.124033
-0.123651
-0.123270
-0.122889
-0.122510
-0.122131
-0.121753
-0.121375
-0.120999
-0.120623
-0.120248
-0.119874
-0.119500
-0.119128
-0.118756
-0.118385
-0.118014
-0.117644
-0.117275
-0.116907
-0.116540
-0.116173
-0.115807
-0.115442
-0.115078
-0.114714
-0.114351
-0.113989
-0.113628
-0.113267
-0.112907
-0.112548
-0.112190
-0.111832
-0.111475
-0.111119
-0.110764
-0.110409
-0.110055
-0.109702
-0.109350
-0.108998
-0.108647
-0.108297
-0.107948
-0.107599
-0.107251
-0.106904
-0.106557
-0.106212
-0.105867
-0.105522
-0.105179
-0.104836
-0.104494
-0.104153
-0.103812
-0.103472
-0.103133
-0.102795
-0.102457
-0.102120
-0.101784
-0.101449
-0.101114
-0.100780
-0.100447
-0.100114
-0.099782
-0.099451
-0.099121
-0.098791
-0.098462
-0.098134
-0.097806
-0.097480
-0.097153
-0.096828
-0.096504
-0.096180
-0.095856
-0.095534
-0.095212
-0.094891
-0.094571
-0.094251
-0.093932
-0.093614
-0.093297
-0.092980
-0.092664
-0.092348
-0.092034
-0.091720
-0.091407
-0.091094
-0.090782
-0.090471
-0.090161
-0.089851
-0.089542
-0.089234
-0.088926
-0.088619
-0.088313
-0.088007
-0.087703
-0.087398
-0.087095
-0.086792
-0.086490
-0.086189
-0.085888
-0.085588
-0.085289
-0.084990
-0.084693
-0.084395
-0.084099
-0.083803
-0.083508
-0.083214
-0.082920
-0.082627
-0.082334
-0.082043
-0.081752
-0.081461
-0.081172
-0.080883
-0.080594
-0.080307
-0.080020
-0.079734
-0.079448
-0.079163
-0.078879
-0.078595
-0.078313
-0.078030
-0.077749
-0.077468
-0.077188
-0.076908
-0.076629
-0.076351
-0.076074
-0.075797
-0.075521
-0.075245
-0.074970
-0.074696
-0.074423
-0.074150
-0.073878
-0.073606
-0.073335
-0.073065
-0.072796
-0.072527
-0.072258
-0.071991
-0.071724
-0.071458
-0.071192
-0.070927
-0.070663
-0.070399
-0.070136
-0.069874
-0.069612
-0.069351
-0.069091
-0.068831
-0.068572
-0.068314
-0.068056
-0.067799
-0.067542
-0.067286
-0.067031
-0.066776
-0.066522
-0.066269
-0.066016
-0.065764
-0.065513
-0.065262
-0.065012
-0.064763
-0.064514
-0.064266
-0.064018
-0.063771
-0.063525
-0.063279
-0.063034
-0.062790
-0.062546
-0.062303
-0.062060
-0.061818
-0.061577
-0.061336
-0.061096
-0.060857
-0.060618
-0.060380
-0.060143
-0.059906
-0.059669
-0.059434
-0.059199
-0.058964
-0.058730
-0.058497
-0.058264
-0.058032
-0.057801
-0.057570
-0.057340
-0.057111
-0.056882
-0.056653
-0.056426
-0.056199
-0.055972
-0.055746
-0.055521
-0.055296
-0.055072
-0.054849
-0.054626
-0.054404
-0.054182
-0.053961
-0.053740
-0.053521
-0.053301
-0.053083
-0.052865
-0.052647
-0.052430
-0.052214
-0.051998
-0.051783
-0.051569
-0.051355
-0.051141
-0.050929
-0.050716
-0.050505
-0.050294
-0.050083
-0.049874
-0.049664
-0.049456
-0.049248
-0.049040
-0.048833
-0.048627
-0.048421
-0.048216
-0.048012
-0.047808
-0.047604
-0.047401
-0.047199
-0.046997
-0.046796
-0.046596
-0.046396
-0.046196
-0.045997
-0.045799
-0.045601
-0.045404
-0.045208
-0.045012
-0.044816
-0.044621
-0.044427
-0.044233
-0.044040
-0.043848
-0.043656
-0.043464
-0.043273
-0.043083
-0.042893
-0.042704
-0.042515
-0.042327
-0.042139
-0.041952
-0.041766
-0.041580
-0.041394
-0.041209
-0.041025
-0.040841
-0.040658
-0.040475
-0.040293
-0.040112
-0.039931
-0.039750
-0.039570
-0.039391
-0.039212
-0.039034
-0.038856
-0.038679
-0.038502
-0.038326
-0.038150
-0.037975
-0.037801
-0.037627
-0.037453
-0.037280
-0.037108
-0.036936
-0.036765
-0.036594
-0.036424
-0.036254
-0.036085
-0.035916
-0.035748
-0.035580
-0.035413
-0.035246
-0.035080
-0.034915
-0.034750
-0.034585
-0.034421
-0.034258
-0.034095
-0.033932
-0.033770
-0.033609
-0.033448
-0.033288
-0.033128
-0.032968
-0.032809
-0.032651
-0.032493
-0.032336
-0.032179
-0.032023
-0.031867
-0.031712
-0.031557
-0.031402
-0.031249
-0.031095
-0.030943
-0.030790
-0.030638
-0.030487
-0.030336
-0.030186
-0.030036
-0.029887
-0.029738
-0.029590
-0.029442
-0.029295
-0.029148
-0.029001
-0.028856
-0.028710
-0.028565
-0.028421
-0.028277
-0.028134
-0.027991
-0.027848
-0.027706
-0.027565
-0.027424
-0.027283
-0.027143
-0.027004
-0.026864
-0.026726
-0.026588
-0.026450
-0.026313
-0.026176
-0.026040
-0.025904
-0.025769
-0.025634
-0.025500
-0.025366
-0.025232
-0.025099
-0.024967
-0.024835
-0.024703
-0.024572
-0.024442
-0.024312
-0.024182
-0.024053
-0.023924
-0.023796
-0.023668
-0.023540
-0.023413
-0.023287
-0.023161
-0.023035
-0.022910
-0.022786
-0.022661
-0.022538
-0.022414
-0.022291
-0.022169
-0.022047
-0.021926
-0.021804
-0.021684
-0.021564
-0.021444
-0.021325
-0.021206
-0.021087
-0.020969
-0.020852
-0.020735
-0.020618
-0.020502
-0.020386
-0.020271
-0.020156
-0.020042
-0.019928
-0.019814
-0.019701
-0.019588
-0.019476
-0.019364
-0.019252
-0.019141
-0.019031
-0.018921
-0.018811
-0.018702
-0.018593
-0.018484
-0.018376
-0.018269
-0.018161
-0.018055
-0.017948
-0.017842
-0.017737
-0.017632
-0.017527
-0.017423
-0.017319
-0.017215
-0.017112
-0.017010
-0.016908
-0.016806
-0.016704
-0.016603
-0.016503
-0.016403
-0.016303
-0.016203
-0.016104
-0.016006
-0.015908
-0.015810
-0.015713
-0.015616
-0.015519
-0.015423
-0.015327
-0.015232
-0.015137
-0.015042
-0.014948
-0.014854
-0.014761
-0.014668
-0.014575
-0.014483
-0.014391
-0.014300
-0.014209
-0.014118
-0.014028
-0.013938
-0.013849
-0.013759
-0.013671
-0.013582
-0.013494
-0.013407
-0.013320
-0.013233
-0.013146
-0.013060
-0.012975
-0.012889
-0.012804
-0.012720
-0.012635
-0.012552
-0.012468
-0.012385
-0.012302
-0.012220
-0.012138
-0.012056
-0.011975
-0.011894
-0.011814
-0.011734
-0.011654
-0.011574
-0.011495
-0.011417
-0.011338
-0.011260
-0.011183
-0.011105
-0.011028
-0.010952
-0.010876
-0.010800
-0.010724
-0.010649
-0.010574
-0.010500
-0.010426
-0.010352
-0.010279
-0.010206
-0.010133
-0.010061
-0.009989
-0.009917
-0.009846
-0.009775
-0.009704
-0.009634
-0.009564
-0.009494
-0.009425
-0.009356
-0.009287
-0.009219
-0.009151
-0.009083
-0.009016
-0.008949
-0.008883
-0.008816
-0.008750
-0.008685
-0.008620
-0.008555
-0.008490
-0.008426
-0.008362
-0.008298
-0.008235
-0.008172
-0.008109
-0.008047
-0.007985
-0.007923
-0.007861
-0.007800
-0.007740
-0.007679
-0.007619
-0.007559
-0.007500
-0.007441
-0.007382
-0.007323
-0.007265
-0.007207
-0.007149
-0.007092
-0.007035
-0.006978
-0.006922
-0.006866
-0.006810
-0.006754
-0.006699
-0.006644
-0.006590
-0.006535
-0.006481
-0.006428
-0.006374
-0.006321
-0.006268
-0.006216
-0.006164
-0.006112
-0.006060
-0.006009
-0.005958
-0.005907
-0.005856
-0.005806
-0.005756
-0.005707
-0.005657
-0.005608
-0.005559
-0.005511
-0.005463
-0.005415
-0.005367
-0.005320
-0.005273
-0.005226
-0.005180
-0.005133
-0.005087
-0.005042
-0.004996
-0.004951
-0.004906
-0.004862
-0.004817
-0.004773
-0.004729
-0.004686
-0.004643
-0.004600
-0.004557
-0.004515
-0.004472
-0.004430
-0.004389
-0.004347
-0.004306
-0.004265
-0.004225
-0.004184
-0.004144
-0.004104
-0.004065
-0.004026
-0.003986
-0.003948
-0.003909
-0.003871
-0.003833
-0.003795
-0.003757
-0.003720
-0.003683
-0.003646
-0.003610
-0.003573
-0.003537
-0.003501
-0.003466
-0.003430
-0.003395
-0.003360
-0.003326
-0.003291
-0.003257
-0.003223
-0.003190
-0.003156
-0.003123
-0.003090
-0.003057
-0.003025
-0.002992
-0.002960
-0.002928
-0.002897
-0.002865
-0.002834
-0.002803
-0.002773
-0.002742
-0.002712
-0.002682
-0.002652
-0.002623
-0.002593
-0.002564
-0.002535
-0.002507
-0.002478
-0.002450
-0.002422
-0.002394
-0.002366
-0.002339
-0.002312
-0.002285
-0.002258
-0.002231
-0.002205
-0.002179
-0.002153
-0.002127
-0.002102
-0.002076
-0.002051
-0.002026
-0.002002
-0.001977
-0.001953
-0.001929
-0.001905
-0.001881
-0.001858
-0.001834
-0.001811
-0.001788
-0.001765
-0.001743
-0.001721
-0.001698
-0.001676
-0.001655
-0.001633
-0.001612
-0.001591
-0.001570
-0.001549
-0.001528
-0.001508
-0.001487
-0.001467
-0.001447
-0.001428
-0.001408
-0.001389
-0.001369
-0.001350
-0.001332
-0.001313
-0.001294
-0.001276
-0.001258
-0.001240
-0.001222
-0.001205
-0.001187
-0.001170
-0.001153
-0.001136
-0.001119
-0.001102
-0.001086
-0.001070
-0.001053
-0.001038
-0.001022
-0.001006
-0.000991
-0.000975
-0.000960
-0.000945
-0.000930
-0.000916
-0.000901
-0.000887
-0.000872
-0.000858
-0.000844
-0.000831
-0.000817
-0.000804
-0.000790
-0.000777
-0.000764
-0.000751
-0.000739
-0.000726
-0.000713
-0.000701
-0.000689
-0.000677
-0.000665
-0.000653
-0.000642
-0.000630
-0.000619
-0.000608
-0.000597
-0.000586
-0.000575
-0.000564
-0.000554
-0.000544
-0.000533
-0.000523
-0.000513
-0.000503
-0.000494
-0.000484
-0.000474
-0.000465
-0.000456
-0.000447
-0.000438
-0.000429
-0.000420
-0.000411
-0.000403
-0.000395
-0.000386
-0.000378
-0.000370
-0.000362
-0.000354
-0.000347
-0.000339
-0.000332
-0.000324
-0.000317
-0.000310
-0.000303
-0.000296
-0.000289
-0.000282
-0.000276
-0.000269
-0.000263
-0.000256
-0.000250
-0.000244
-0.000238
-0.000232
-0.000226
-0.000221
-0.000215
-0.000210
-0.000204
-0.000199
-0.000194
-0.000188
-0.000183
-0.000178
-0.000174
-0.000169
-0.000164
-0.000160
-0.000155
-0.000151
-0.000146
-0.000142
-0.000138
-0.000134
-0.000130
-0.000126
-0.000122
-0.000118
-0.000114
-0.000111
-0.000107
-0.000104
-0.000100
-0.000097
-0.000094
-0.000091
-0.000088
-0.000085
-0.000082
-0.000079
-0.000076
-0.000073
-0.000071
-0.000068
-0.000065
-0.000063
-0.000060
-0.000058
-0.000056
-0.000054
-0.000051
-0.000049
-0.000047
-0.000045
-0.000043
-0.000041
-0.000040
-0.000038
-0.000036
-0.000034
-0.000033
-0.000031
-0.000030
-0.000028
-0.000027
-0.000026
-0.000024
-0.000023
-0.000022
-0.000021
-0.000019
-0.000018
-0.000017
-0.000016
-0.000015
-0.000014
-0.000013
-0.000013
-0.000012
-0.000011
-0.000010
-0.000009
-0.000009
-0.000008
-0.000008
-0.000007
-0.000006
-0.000006
-0.000005
-0.000005
-0.000005
-0.000004
-0.000004
-0.000003
-0.000003
-0.000003
-0.000002
-0.000002
-0.000002
-0.000002
-0.000001
-0.000001
-0.000001
-0.000001
-0.000001
-0.000001
-0.000001
-0.000000
-0.000000
-0.000000
-0.000000
-0.000000
-0.000000
-0.000000
-0.000000
-0.000000
-0.000000
-0.000000
-0.000000
-0.000000
-0.000000
-0.000000
