0.000000
0.000000
0.000000
0.000000
0.000000
0.000000
0.000000
0.000000
0.000000
0.000000
0.000000
0.000000
0.000000
0.000000
0.000001
0.000001
0.000001
0.000001
0.000001
0.000001
0.000001
0.000002
0.000002
0.000002
0.000003
0.000003
0.000003
0.000004
0.000004
0.000004
0.000005
0.000005
0.000006
0.000007
0.000007
0.000008
0.000009
0.000009
0.000010
0.000011
0.000012
0.000013
0.000014
0.000015
0.000016
0.000017
0.000018
0.000019
0.000020
0.000022
0.000023
0.000024
0.000026
0.000027
0.000029
0.000031
0.000032
0.000034
0.000036
0.000038
0.000040
0.000042
0.000044
0.000046
0.000048
0.000050
0.000053
0.000055
0.000058
0.000060
0.000063
0.000066
0.000069
0.000071
0.000074
0.000078
0.000081
0.000084
0.000087
0.000091
0.000094
0.000098
0.000101
0.000105
0.000109
0.000113
0.000117
0.000121
0.000125
0.000130
0.000134
0.000138
0.000143
0.000148
0.000153
0.000158
0.000163
0.000168
0.000173
0.000178
0.000184
0.000189
0.000195
0.000201
0.000207
0.000213
0.000219
0.000225
0.000231
0.000238
0.000245
0.000251
0.000258
0.000265
0.000272
0.000279
0.000287
0.000294
0.000302
0.000310
0.000317
0.000325
0.000334
0.000342
0.000350
0.000359
0.000368
0.000376
0.000385
0.000394
0.000404
0.000413
0.000423
0.000432
0.000442
0.000452
0.000462
0.000472
0.000483
0.000493
0.000504
0.000515
0.000526
0.000537
0.000549
0.000560
0.000572
0.000584
0.000596
0.000608
0.000620
0.000633
0.000645
0.000658
0.000671
0.000684
0.000698
0.000711
0.000725
0.000739
0.000753
0.000767
0.000781
0.000796
0.000810
0.000825
0.000840
0.000856
0.000871
0.000887
0.000903
0.000919
0.000935
0.000951
0.000968
0.000985
0.001002
0.001019
0.001036
0.001054
0.001072
0.001089
0.001108
0.001126
0.001145
0.001163
0.001182
0.001201
0.001221
0.001240
0.001260
0.001280
0.001300
0.001321
0.001341
0.001362
0.001383
0.001405
0.001426
0.001448
0.001470
0.001492
0.001514
0.001537
0.001560
0.001583
0.001606
0.001630
0.001653
0.001677
0.001701
0.001726
0.001751
0.001775
0.001801
0.001826
0.001851
0.001877
0.001903
0.001930
0.001956
0.001983
0.002010
0.002037
0.002065
0.002093
0.002121
0.002149
0.002178
0.002206
0.002235
0.002265
0.002294
0.002324
0.002354
0.002384
0.002415
0.002446
0.002477
0.002508
0.002540
0.002572
0.002604
0.002636
0.002669
0.002702
0.002735
0.002768
0.002802
0.002836
0.002871
0.002905
0.002940
0.002975
0.003011
0.003046
0.003082
0.003118
0.003155
0.003192
0.003229
0.003266
0.003304
0.003342
0.003380
0.003419
0.003458
0.003497
0.003536
0.003576
0.003616
0.003656
0.003697
0.003738
0.003779
0.003821
0.003862
0.003905
0.003947
0.003990
0.004033
0.004076
0.004120
0.004164
0.004208
0.004253
0.004298
0.004343
0.004388
0.004434
0.004480
0.004527
0.004574
0.004621
0.004668
0.004716
0.004764
0.004813
0.004861
0.004911
0.004960
0.005010
0.005060
0.005110
0.005161
0.005212
0.005264
0.005315
0.005367
0.005420
0.005473
0.005526
0.005579
0.005633
0.005687
0.005742
0.005797
0.005852
0.005907
0.005963
0.006019
0.006076
0.006133
0.006190
0.006248
0.006306
0.006364
0.006423
0.006482
0.006542
0.006601
0.006662
0.006722
0.006783
0.006844
0.006906
0.006968
0.007030
0.007093
0.007156
0.007220
0.007284
0.007348
0.007413
0.007478
0.007543
0.007609
0.007675
0.007741
0.007808
0.007876
0.007943
0.008011
0.008080
0.008149
0.008218
0.008288
0.008358
0.008428
0.008499
0.008570
0.008642
0.008714
0.008786
0.008859
0.008932
0.009006
0.009080
0.009154
0.009229
0.009304
0.009380
0.009456
0.009532
0.009609
0.009686
0.009764
0.009842
0.009921
0.010000
0.010079
0.010159
0.010239
0.010319
0.010400
0.010482
0.010564
0.010646
0.010729
0.010812
0.010895
0.010979
0.011064
0.011149
0.011234
0.011320
0.011406
0.011493
0.011580
0.011667
0.011755
0.011843
0.011932
0.012021
0.012111
0.012201
0.012292
0.012383
0.012474
0.012566
0.012659
0.012751
0.012845
0.012938
0.013033
0.013127
0.013222
0.013318
0.013414
0.013510
0.013607
0.013705
0.013803
0.013901
0.014000
0.014099
0.014199
0.014299
0.014400
0.014501
0.014602
0.014704
0.014807
0.014910
0.015013
0.015117
0.015222
0.015327
0.015432
0.015538
0.015645
0.015751
0.015859
0.015967
0.016075
0.016184
0.016293
0.016403
0.016513
0.016624
0.016735
0.016847
0.016959
0.017072
0.017185
0.017299
0.017413
0.017528
0.017643
0.017759
0.017875
0.017992
0.018109
0.018227
0.018346
0.018464
0.018584
0.018704
0.018824
0.018945
0.019066
0.019188
0.019310
0.019433
0.019557
0.019681
0.019805
0.019930
0.020056
0.020182
0.020309
0.020436
0.020563
0.020692
0.020820
0.020950
0.021079
0.021210
0.021341
0.021472
0.021604
0.021736
0.021869
0.022003
0.022137
0.022272
0.022407
0.022543
0.022679
0.022816
0.022953
0.023091
0.023229
0.023368
0.023508
0.023648
0.023789
0.023930
0.024072
0.024214
0.024357
0.024501
0.024645
0.024789
0.024934
0.025080
0.025226
0.025373
0.025521
0.025669
0.025817
0.025966
0.026116
0.026266
0.026417
0.026569
0.026721
0.026873
0.027026
0.027180
0.027335
0.027489
0.027645
0.027801
0.027958
0.028115
0.028273
0.028431
0.028590
0.028750
0.028910
0.029071
0.029232
0.029394
0.029557
0.029720
0.029884
0.030048
0.030213
0.030379
0.030545
0.030712
0.030879
0.031047
0.031216
0.031385
0.031555
0.031725
0.031896
0.032068
0.032240
0.032413
0.032586
0.032761
0.032935
0.033111
0.033287
0.033463
0.033640
0.033818
0.033997
0.034176
0.034356
0.034536
0.034717
0.034898
0.035081
0.035264
0.035447
0.035631
0.035816
0.036001
0.036187
0.036374
0.036561
0.036749
0.036938
0.037127
0.037317
0.037508
0.037699
0.037891
0.038083
0.038276
0.038470
0.038664
0.038859
0.039055
0.039252
0.039449
0.039646
0.039845
0.040044
0.040243
0.040444
0.040645
0.040846
0.041049
0.041252
0.041455
0.041660
0.041865
0.042070
0.042277
0.042484
0.042691
0.042900
0.043109
0.043318
0.043529
0.043740
0.043951
0.044164
0.044377
0.044591
0.044805
0.045020
0.045236
0.045453
0.045670
0.045888
0.046106
0.046326
0.046546
0.046766
0.046988
0.047210
0.047432
0.047656
0.047880
0.048105
0.048330
0.048557
0.048783
0.049011
0.049239
0.049468
0.049698
0.049929
0.050160
0.050392
0.050624
0.050858
0.051092
0.051326
0.051562
0.051798
0.052035
0.052272
0.052511
0.052750
0.052990
0.053230
0.053471
0.053713
0.053956
0.054199
0.054443
0.054688
0.054934
0.055180
0.055427
0.055675
0.055923
0.056173
0.056423
0.056673
0.056925
0.057177
0.057430
0.057683
0.057938
0.058193
0.058449
0.058705
0.058963
0.059221
0.059480
0.059740
0.060000
0.060261
0.060523
0.060786
0.061049
0.061313
0.061578
0.061844
0.062110
0.062377
0.062645
0.062914
0.063183
0.063454
0.063725
0.063996
0.064269
0.064542
0.064816
0.065091
0.065367
0.065643
0.065920
0.066198
0.066477
0.066756
0.067036
0.067318
0.067599
0.067882
0.068165
0.068449
0.068734
0.069020
0.069307
0.069594
0.069882
0.070171
0.070460
0.070751
0.071042
0.071334
0.071627
0.071921
0.072215
0.072510
0.072806
0.073103
0.073401
0.073699
0.073998
0.074298
0.074599
0.074901
0.075203
0.075506
0.075810
0.076115
0.076421
0.076727
0.077035
0.077343
0.077652
0.077961
0.078272
0.078583
0.078895
0.079208
0.079522
0.079837
0.080152
0.080469
0.080786
0.081104
0.081422
0.081742
0.082062
0.082384
0.082706
0.083029
0.083352
0.083677
0.084002
0.084328
0.084655
0.084983
0.085312
0.085642
0.085972
0.086303
0.086635
0.086968
0.087302
0.087637
0.087972
0.088308
0.088646
0.088984
0.089322
0.089662
0.090003
0.090344
0.090686
0.091030
0.091373
0.091718
0.092064
0.092411
0.092758
0.093106
0.093455
0.093805
0.094156
0.094508
0.094860
0.095214
0.095568
0.095923
0.096279
0.096636
0.096994
0.097353
0.097712
0.098072
0.098434
0.098796
0.099159
0.099523
0.099888
0.100253
0.100620
0.100987
0.101355
0.101725
0.102095
0.102466
0.102837
0.103210
0.103584
0.103958
0.104333
0.104710
0.105087
0.105465
0.105844
0.106224
0.106604
0.106986
0.107369
0.107752
0.108136
0.108521
0.108908
0.109295
0.109682
0.110071
0.110461
0.110852
0.111243
0.111635
0.112029
0.112423
0.112818
0.113214
0.113611
0.114009
0.114408
0.114808
0.115208
0.115610
0.116012
0.116415
0.116820
0.117225
0.117631
0.118038
0.118446
0.118855
0.119265
0.119675
0.120087
0.120500
0.120913
0.121328
0.121743
0.122159
0.122576
0.122995
0.123414
0.123834
0.124255
0.124676
0.125099
0.125523
0.125948
0.126373
0.126800
0.127227
0.127656
0.128085
0.128515
0.128947
0.129379
0.129812
0.130246
0.130681
0.131117
0.131554
0.131992
0.132431
0.132871
0.133311
0.133753
0.134196
0.134639
0.135084
0.135529
0.135976
0.136423
0.136871
0.137321
0.137771
0.138222
0.138674
0.139128
0.139582
0.140037
0.140493
0.140950
0.141408
0.141867
0.142327
0.142787
0.143249
0.143712
0.144176
0.144641
0.145106
0.145573
0.146041
0.146509
0.146979
0.147449
0.147921
0.148393
0.148867
0.149341
0.149817
0.150293
0.150771
0.151249
0.151728
0.152209
0.152690
0.153173
0.153656
0.154140
0.154625
0.155112
0.155599
0.156087
0.156576
0.157067
0.157558
0.158050
0.158543
0.159037
0.159533
0.160029
0.160526
0.161024
0.161523
0.162023
0.162524
0.163027
0.163530
0.164034
0.164539
0.165045
0.165552
0.166060
0.166570
0.167080
0.167591
0.168103
0.168616
0.169130
0.169646
0.170162
0.170679
0.171197
0.171716
0.172236
0.172758
0.173280
0.173803
0.174327
0.174853
0.175379
0.175906
0.176435
0.176964
0.177494
0.178026
0.178558
0.179091
0.179626
0.180161
0.180698
0.181235
0.181773
0.182313
0.182853
0.183395
0.183938
0.184481
0.185026
0.185571
0.186118
0.186666
0.187214
0.187764
0.188315
0.188867
0.189420
0.189973
0.190528
0.191084
0.191641
0.192199
0.192758
0.193318
0.193879
0.194441
0.195004
0.195568
0.196134
0.196700
0.197267
0.197835
0.198405
0.198975
0.199546
0.200119
0.200692
0.201267
0.201842
0.202419
0.202997
0.203575
0.204155
0.204736
0.205318
0.205900
0.206484
0.207069
0.207655
0.208242
0.208830
0.209419
0.210009
0.210601
0.211193
0.211786
0.212380
0.212976
0.213572
0.214170
0.214768
0.215368
0.215968
0.216570
0.217173
0.217776
0.218381
0.218987
0.219594
0.220202
0.220811
0.221421
0.222032
0.222644
0.223257
0.223872
0.224487
0.225103
0.225721
0.226339
0.226959
0.227579
0.228201
0.228824
0.229448
0.230072
0.230698
0.231325
0.231953
0.232582
0.233212
0.233843
0.234476
0.235109
0.235743
0.236379
0.237015
0.237652
0.238291
0.238931
0.239571
0.240213
0.240856
0.241500
0.242145
0.242791
0.243438
0.244086
0.244735
0.245385
0.246036
0.246689
0.247342
0.247996
0.248652
0.249309
0.249966
0.250625
0.251285
0.251945
0.252607
0.253270
0.253934
0.254599
0.255266
0.255933
0.256601
0.257270
0.257941
0.258612
0.259285
0.259958
0.260633
0.261309
0.261985
0.262663
0.263342
0.264022
0.264703
0.265385
0.266068
0.266753
0.267438
0.268124
0.268812
0.269500
0.270190
0.270880
0.271572
0.272264
0.272958
0.273653
0.274349
0.275046
0.275744
0.276443
0.277143
0.277844
0.278547
0.279250
0.279954
0.280660
0.281366
0.282074
0.282783
0.283492
0.284203
0.284915
0.285628
0.286342
0.287057
0.287773
0.288490
0.289208
0.289927
0.290648
0.291369
0.292091
0.292815
0.293540
0.294265
0.294992
0.295719
0.296448
0.297178
0.297909
0.298641
0.299374
0.300108
0.300843
0.301579
0.302316
0.303055
0.303794
0.304534
0.305276
0.306018
0.306762
0.307506
0.308252
0.308999
0.309747
0.310495
0.311245
0.311996
0.312748
0.313501
0.314255
0.315010
0.315766
0.316523
0.317282
0.318041
0.318801
0.319563
0.320325
0.321089
0.321853
0.322619
0.323385
0.324153
0.324922
0.325691
0.326462
0.327234
0.328007
0.328781
0.329555
0.330331
0.331108
0.331886
0.332665
0.333446
0.334227
0.335009
0.335792
0.336576
0.337362
0.338148
0.338935
0.339724
0.340513
0.341303
0.342095
0.342887
0.343681
0.344475
0.345271
0.346067
0.346865
0.347664
0.348463
0.349264
0.350066
0.350868
0.351672
0.352477
0.353282
0.354089
0.354897
0.355706
0.356516
0.357326
0.358138
0.358951
0.359765
0.360580
0.361396
0.362213
0.363031
0.363849
0.364669
0.365490
0.366312
0.367135
0.367959
0.368784
0.369610
0.370437
0.371265
0.372093
0.372923
0.373754
0.374586
0.375419
0.376253
0.377088
0.377923
0.378760
0.379598
0.380437
0.381277
0.382117
0.382959
0.383802
0.384645
0.385490
0.386336
0.387182
0.388030
0.388879
0.389728
0.390579
0.391430
0.392282
0.393136
0.393990
0.394846
0.395702
0.396559
0.397417
0.398276
0.399137
0.399998
0.400860
0.401723
0.402587
0.403452
0.404317
0.405184
0.406052
0.406921
0.407790
0.408661
0.409532
0.410405
0.411278
0.412152
0.413028
0.413904
0.414781
0.415659
0.416538
0.417418
0.418298
0.419180
0.420063
0.420946
0.421831
0.422716
0.423602
0.424490
0.425378
0.426267
0.427157
0.428048
0.428939
0.429832
0.430726
0.431620
0.432515
0.433412
0.434309
0.435207
0.436106
0.437005
0.437906
0.438808
0.439710
0.440614
0.441518
0.442423
0.443329
0.444236
0.445143
0.446052
0.446961
0.447872
0.448783
0.449695
0.450608
0.451521
0.452436
0.453351
0.454268
0.455185
0.456103
0.457021
0.457941
0.458862
0.459783
0.460705
0.461628
0.462552
0.463477
0.464402
0.465328
0.466255
0.467183
0.468112
0.469042
0.469972
0.470903
0.471835
0.472768
0.473702
0.474636
0.475571
0.476507
0.477444
0.478382
0.479320
0.480259
0.481199
0.482140
0.483081
0.484024
0.484967
0.485910
0.486855
0.487800
0.488746
0.489693
0.490641
0.491589
0.492538
0.493488
0.494439
0.495390
0.496342
0.497295
0.498249
0.499203
0.500158
0.501114
0.502070
0.503028
0.503985
0.504944
0.505903
0.506864
0.507824
0.508786
0.509748
0.510711
0.511674
0.512639
0.513604
0.514569
0.515536
0.516503
0.517470
0.518439
0.519408
0.520377
0.521348
0.522319
0.523290
0.524263
0.525236
0.526209
0.527184
0.528158
0.529134
0.530110
0.531087
0.532065
0.533043
0.534021
0.535001
0.535981
0.536961
0.537942
0.538924
0.539906
0.540889
0.541873
0.542857
0.543842
0.544827
0.545813
0.546800
0.547787
0.548774
0.549762
0.550751
0.551741
0.552730
0.553721
0.554712
0.555703
0.556695
0.557688
0.558681
0.559675
0.560669
0.561664
0.562659
0.563655
0.564651
0.565648
0.566645
0.567643
0.568641
0.569640
0.570639
0.571639
0.572639
0.573640
0.574641
0.575642
0.576645
0.577647
0.578650
0.579654
0.580657
0.581662
0.582667
0.583672
0.584677
0.585683
0.586690
0.587697
0.588704
0.589712
0.590720
0.591729
0.592738
0.593747
0.594757
0.595767
0.596777
0.597788
0.598799
0.599811
0.600823
0.601835
0.602848
0.603861
0.604874
0.605888
0.606902
0.607916
0.608931
0.609946
0.610961
0.611976
0.612992
0.614009
0.615025
0.616042
0.617059
0.618076
0.619094
0.620112
0.621130
0.622148
0.623167
0.624186
0.625205
0.626225
0.627244
0.628264
0.629284
0.630304
0.631325
0.632346
0.633367
0.634388
0.635409
0.636431
0.637453
0.638474
0.639496
0.640519
0.641541
0.642564
0.643586
0.644609
0.645632
0.646655
0.647679
0.648702
0.649726
0.650749
0.651773
0.652797
0.653821
0.654845
0.655869
0.656893
0.657917
0.658942
0.659966
0.660991
0.662015
0.663040
0.664064
0.665089
0.666114
0.667138
0.668163
0.669188
0.670212
0.671237
0.672262
0.673287
0.674311
0.675336
0.676361
0.677385
0.678410
0.679434
0.680459
0.681483
0.682507
0.683532
0.684556
0.685580
0.686604
0.687628
0.688651
0.689675
0.690699
0.691722
0.692745
0.693769
0.694792
0.695814
0.696837
0.697860
0.698882
0.699904
0.700926
0.701948
0.702970
0.703991
0.705012
0.706033
0.707054
0.708075
0.709095
0.710115
0.711135
0.712155
0.713174
0.714193
0.715212
0.716230
0.717248
0.718266
0.719284
0.720301
0.721318
0.722335
0.723351
0.724367
0.725382
0.726398
0.727412
0.728427
0.729441
0.730455
0.731468
0.732481
0.733494
0.734506
0.735517
0.736529
0.737540
0.738550
0.739560
0.740569
0.741578
0.742587
0.743595
0.744603
0.745610
0.746616
0.747622
0.748628
0.749633
0.750637
0.751641
0.752645
0.753648
0.754650
0.755652
0.756653
0.757653
0.758653
0.759652
0.760651
0.761649
0.762647
0.763643
0.764640
0.765635
0.766630
0.767624
0.768618
0.769610
0.770603
0.771594
0.772585
0.773575
0.774564
0.775552
0.776540
0.777527
0.778513
0.779499
0.780484
0.781468
0.782451
0.783433
0.784414
0.785395
0.786375
0.787354
0.788332
0.789309
0.790286
0.791261
0.792236
0.793210
0.794183
0.795155
0.796126
0.797096
0.798065
0.799033
0.800000
0.800967
0.801932
0.802896
0.803860
0.804822
0.805784
0.806744
0.807703
0.808661
0.809619
0.810575
0.811530
0.812484
0.813437
0.814389
0.815339
0.816289
0.817238
0.818185
0.819131
0.820076
0.821020
0.821963
0.822905
0.823845
0.824784
0.825722
0.826659
0.827594
0.828529
0.829462
0.830393
0.831324
0.832253
0.833181
0.834108
0.835033
0.835957
0.836880
0.837801
0.838721
0.839640
0.840557
0.841473
0.842388
0.843301
0.844212
0.845123
0.846032
0.846939
0.847845
0.848750
0.849653
0.850554
0.851454
0.852353
0.853250
0.854145
0.855039
0.855932
0.856823
0.857712
0.858600
0.859486
0.860371
0.861254
0.862135
0.863015
0.863893
0.864769
0.865644
0.866517
0.867389
0.868258
0.869126
0.869993
0.870857
0.871720
0.872581
0.873441
0.874298
0.875154
0.876008
0.876860
0.877710
0.878559
0.879406
0.880250
0.881093
0.881935
0.882774
0.883611
0.884447
0.885280
0.886112
0.886941
0.887769
0.888595
0.889418
0.890240
0.891060
0.891878
0.892693
0.893507
0.894319
0.895128
0.895936
0.896741
0.897545
0.898346
0.899145
0.899942
0.900737
0.901529
0.902320
0.903108
0.903895
0.904678
0.905460
0.906240
0.907017
0.907792
0.908565
0.909335
0.910104
0.910870
0.911633
0.912395
0.913153
0.913910
0.914664
0.915416
0.916166
0.916913
0.917658
0.918400
0.919140
0.919877
0.920612
0.921345
0.922075
0.922802
0.923527
0.924250
0.924969
0.925687
0.926402
0.927114
0.927824
0.928531
0.929235
0.929937
0.930636
0.931333
0.932027
0.932718
0.933406
0.934092
0.934775
0.935456
0.936133
0.936808
0.937481
0.938150
0.938816
0.939480
0.940141
0.940799
0.941455
0.942107
0.942757
0.943403
0.944047
0.944688
0.945326
0.945961
0.946593
0.947222
0.947848
0.948471
0.949091
0.949708
0.950322
0.950933
0.951541
0.952146
0.952748
0.953347
0.953942
0.954535
0.955124
0.955710
0.956293
0.956873
0.957450
0.958023
0.958593
0.959160
0.959724
0.960284
0.960841
0.961395
0.961946
0.962493
0.963037
0.963578
0.964115
0.964649
0.965179
0.965706
0.966230
0.966750
0.967267
0.967780
0.968290
0.968796
0.969299
0.969798
0.970294
0.970787
0.971275
0.971760
0.972242
0.972720
0.973194
0.973665
0.974132
0.974595
0.975055
0.975511
0.975963
0.976412
0.976857
0.977298
0.977735
0.978169
0.978599
0.979025
0.979447
0.979866
0.980280
0.980691
0.981098
0.981500
0.981900
0.982295
0.982686
0.983073
0.983456
0.983836
0.984211
0.984582
0.984949
0.985313
0.985672
0.986027
0.986378
0.986725
0.987068
0.987407
0.987741
0.988072
0.988398
0.988720
0.989038
0.989352
0.989661
0.989966
0.990267
0.990564
0.990857
0.991145
0.991428
0.991708
0.991983
0.992254
0.992520
0.992782
0.993040
0.993293
0.993542
0.993786
0.994026
0.994261
0.994492
0.994719
0.994941
0.995158
0.995371
0.995579
0.995782
0.995981
0.996176
0.996366
0.996551
0.996731
0.996907
0.997078
0.997245
0.997406
0.997563
0.997715
0.997863
0.998006
0.998143
0.998277
0.998405
0.998528
0.998647
0.998761
0.998869
0.998973
0.999072
0.999166
0.999255
0.999340
0.999419
0.999493
0.999562
0.999627
0.999686
0.999740
0.999789
0.999833
0.999872
0.999905
0.999934
0.999958
0.999976
0.999989
0.999997
1.000000
0.999998
0.999990
0.999977
0.999959
0.999936
0.999907
0.999873
0.999834
0.999789
0.999739
0.999684
0.999623
0.999557
0.999485
0.999408
0.999326
0.999238
0.999145
0.999046
0.998941
0.998832
0.998716
0.998595
0.998469
0.998337
0.998199
0.998056
0.997907
0.997753
0.997593
0.997427
0.997255
0.997078
0.996896
0.996707
0.996513
0.996313
0.996107
0.995895
0.995678
0.995455
0.995226
0.994991
0.994750
0.994504
0.994251
0.993993
0.993728
0.993458
0.993182
0.992900
0.992612
0.992318
0.992018
0.991712
0.991400
0.991082
0.990758
0.990427
0.990091
0.989749
0.989400
0.989045
0.988685
0.988318
0.987945
0.987565
0.987180
0.986788
0.986390
0.985986
0.985575
0.985159
0.984736
0.984306
0.983871
0.983429
0.982981
0.982526
0.982065
0.981598
0.981124
0.980644
0.980157
0.979664
0.979165
0.978659
0.978146
0.977627
0.977102
0.976570
0.976032
0.975487
0.974935
0.974377
0.973812
0.973241
0.972663
0.972078
0.971487
0.970889
0.970285
0.969674
0.969056
0.968431
0.967800
0.967162
0.966517
0.965865
0.965207
0.964542
0.963870
0.963191
0.962506
0.961814
0.961114
0.960408
0.959695
0.958976
0.958249
0.957515
0.956775
0.956027
0.955273
0.954511
0.953743
0.952968
0.952185
0.951396
0.950600
0.949796
0.948986
0.948168
0.947344
0.946512
0.945673
0.944828
0.943975
0.943115
0.942247
0.941373
0.940491
0.939603
0.938707
0.937804
0.936893
0.935976
0.935051
0.934119
0.933180
0.932233
0.931280
0.930319
0.929350
0.928375
0.927392
0.926401
0.925404
0.924399
0.923386
0.922366
0.921339
0.920305
0.919263
0.918214
0.917157
0.916093
0.915021
0.913942
0.912855
0.911761
0.910660
0.909551
0.908434
0.907310
0.906179
0.905040
0.903893
0.902739
0.901577
0.900408
0.899231
0.898047
0.896854
0.895655
0.894448
0.893233
0.892010
0.890780
0.889542
0.888297
0.887043
0.885783
0.884514
0.883238
0.881954
0.880662
0.879363
0.878056
0.876741
0.875419
0.874088
0.872750
0.871405
0.870051
0.868690
0.867321
0.865944
0.864559
0.863166
0.861766
0.860358
0.858942
0.857518
0.856087
0.854647
0.853200
0.851744
0.850281
0.848810
0.847331
0.845845
0.844350
0.842848
0.841337
0.839819
0.838293
0.836758
0.835216
0.833666
0.832108
0.830542
0.828968
0.827387
0.825797
0.824199
0.822593
0.820980
0.819358
0.817728
0.816091
0.814445
0.812792
0.811130
0.809460
0.807783
0.806097
0.804404
0.802702
0.800992
0.799275
0.797549
0.795815
0.794073
0.792323
0.790566
0.788800
0.787026
0.785244
0.783454
0.781656
0.779850
0.778035
0.776213
0.774383
0.772544
0.770698
0.768843
0.766981
0.765110
0.763231
0.761345
0.759450
0.757547
0.755636
0.753717
0.751790
0.749855
0.747911
0.745960
0.744000
0.742033
0.740057
0.738074
0.736082
0.734082
0.732074
0.730058
0.728034
0.726002
0.723962
0.721914
0.719857
0.717793
0.715721
0.713640
0.711552
0.709455
0.707350
0.705238
0.703117
0.700988
0.698851
0.696706
0.694553
0.692392
0.690223
0.688046
0.685861
0.683668
0.681467
0.679258
0.677041
0.674815
0.672582
0.670341
0.668092
0.665835
0.663570
0.661297
0.659016
0.656727
0.654430
0.652125
0.649812
0.647491
0.645162
0.642825
0.640480
0.638128
0.635767
0.633399
0.631023
0.628638
0.626246
0.623846
0.621438
0.619023
0.616599
0.614168
0.611728
0.609281
0.606826
0.604363
0.601893
0.599415
0.596928
0.594434
0.591933
0.589423
0.586906
0.584381
0.581848
0.579308
0.576760
0.574204
0.571640
0.569069
0.566490
0.563903
0.561309
0.558707
0.556098
0.553481
0.550856
0.548223
0.545584
0.542936
0.540281
0.537618
0.534948
0.532271
0.529586
0.526893
0.524193
0.521485
0.518770
0.516048
0.513318
0.510581
0.507836
0.505084
0.502325
0.499558
0.496784
0.494002
0.491213
0.488417
0.485614
0.482804
0.479986
0.477161
0.474328
0.471489
0.468642
0.465789
0.462928
0.460060
0.457185
0.454302
0.451413
0.448517
0.445613
0.442703
0.439786
0.436861
0.433930
0.430992
0.428047
0.425094
0.422136
0.419170
0.416197
0.413218
0.410231
0.407238
0.404238
0.401232
0.398219
0.395199
0.392172
0.389139
0.386099
0.383052
0.379999
0.376939
0.373873
0.370801
0.367721
0.364636
0.361543
0.358445
0.355340
0.352229
0.349111
0.345987
0.342857
0.339720
0.336577
0.333428
0.330273
0.327111
0.323944
0.320770
0.317590
0.314404
0.311212
0.308015
0.304811
0.301601
0.298385
0.295163
0.291936
0.288702
0.285463
0.282218
0.278967
0.275710
0.272448
0.269180
0.265906
0.262627
0.259342
0.256052
0.252756
0.249455
0.246148
0.242835
0.239518
0.236194
0.232866
0.229532
0.226193
0.222849
0.219499
0.216145
0.212785
0.209420
0.206050
0.202675
0.199295
0.195910
0.192520
0.189125
0.185725
0.182320
0.178911
0.175496
0.172077
0.168653
0.165225
0.161792
0.158354
0.154912
0.151466
0.148014
0.144559
0.141099
0.137634
0.134165
0.130692
0.127215
0.123733
0.120248
0.116758
0.113264
0.109765
0.106263
0.102757
0.099247
0.095733
0.092215
0.088694
0.085168
0.081639
0.078106
0.074569
0.071029
0.067485
0.063938
0.060387
0.056833
0.053275
0.049714
0.046149
0.042582
0.039011
0.035436
0.031859
0.028278
0.024695
0.021108
0.017519
0.013926
0.010331
0.006733
0.003132
-0.000472
-0.004079
-0.007688
-0.011300
-0.014914
-0.018531
-0.022150
-0.025772
-0.029396
-0.033023
-0.036651
-0.040283
-0.043916
-0.047551
-0.051189
-0.054828
-0.058470
-0.062113
-0.065758
-0.069406
-0.073055
-0.076705
-0.080358
-0.084012
-0.087668
-0.091325
-0.094984
-0.098644
-0.102305
-0.105968
-0.109633
-0.113298
-0.116965
-0.120632
-0.124301
-0.127971
-0.131642
-0.135314
-0.138987
-0.142660
-0.146334
-0.150009
-0.153685
-0.157361
-0.161038
-0.164715
-0.168392
-0.172070
-0.175749
-0.179427
-0.183106
-0.186785
-0.190464
-0.194143
-0.197822
-0.201501
-0.205180
-0.208859
-0.212537
-0.216215
-0.219893
-0.223570
-0.227247
-0.230924
-0.234599
-0.238274
-0.241949
-0.245622
-0.249295
-0.252967
-0.256638
-0.260308
-0.263977
-0.267644
-0.271311
-0.274976
-0.278640
-0.282303
-0.285964
-0.289623
-0.293281
-0.296938
-0.300593
-0.304246
-0.307897
-0.311546
-0.315194
-0.318839
-0.322482
-0.326123
-0.329762
-0.333399
-0.337034
-0.340666
-0.344295
-0.347922
-0.351547
-0.355169
-0.358788
-0.362404
-0.366018
-0.369629
-0.373237
-0.376841
-0.380443
-0.384041
-0.387636
-0.391228
-0.394817
-0.398402
-0.401984
-0.405562
-0.409136
-0.412707
-0.416274
-0.419837
-0.423396
-0.426951
-0.430503
-0.434050
-0.437593
-0.441132
-0.444666
-0.448196
-0.451722
-0.455243
-0.458759
-0.462271
-0.465778
-0.469280
-0.472778
-0.476270
-0.479758
-0.483240
-0.486717
-0.490189
-0.493656
-0.497117
-0.500573
-0.504024
-0.507469
-0.510908
-0.514341
-0.517769
-0.521191
-0.524607
-0.528017
-0.531421
-0.534819
-0.538210
-0.541595
-0.544974
-0.548346
-0.551712
-0.555072
-0.558424
-0.561770
-0.565109
-0.568442
-0.571767
-0.575085
-0.578396
-0.581700
-0.584997
-0.588287
-0.591569
-0.594843
-0.598110
-0.601370
-0.604621
-0.607865
-0.611102
-0.614330
-0.617550
-0.620762
-0.623966
-0.627162
-0.630350
-0.633529
-0.636700
-0.639862
-0.643015
-0.646160
-0.649297
-0.652424
-0.655543
-0.658652
-0.661753
-0.664844
-0.667926
-0.670999
-0.674063
-0.677117
-0.680162
-0.683197
-0.686222
-0.689238
-0.692244
-0.695240
-0.698226
-0.701202
-0.704168
-0.707124
-0.710069
-0.713005
-0.715929
-0.718844
-0.721747
-0.724640
-0.727523
-0.730394
-0.733255
-0.736105
-0.738944
-0.741771
-0.744588
-0.747393
-0.750187
-0.752969
-0.755740
-0.758499
-0.761247
-0.763983
-0.766707
-0.769420
-0.772120
-0.774809
-0.777485
-0.780149
-0.782801
-0.785440
-0.788068
-0.790682
-0.793284
-0.795874
-0.798451
-0.801015
-0.803566
-0.806104
-0.808629
-0.811141
-0.813640
-0.816126
-0.818598
-0.821057
-0.823503
-0.825934
-0.828353
-0.830757
-0.833148
-0.835525
-0.837888
-0.840237
-0.842572
-0.844893
-0.847200
-0.849492
-0.851770
-0.854033
-0.856282
-0.858517
-0.860736
-0.862941
-0.865131
-0.867307
-0.869467
-0.871612
-0.873742
-0.875857
-0.877956
-0.880041
-0.882110
-0.884163
-0.886201
-0.888223
-0.890229
-0.892220
-0.894195
-0.896153
-0.898096
-0.900023
-0.901934
-0.903828
-0.905706
-0.907568
-0.909413
-0.911242
-0.913054
-0.914850
-0.916629
-0.918391
-0.920136
-0.921865
-0.923576
-0.925270
-0.926947
-0.928607
-0.930250
-0.931875
-0.933483
-0.935073
-0.936646
-0.938201
-0.939739
-0.941258
-0.942760
-0.944244
-0.945710
-0.947158
-0.948588
-0.950000
-0.951393
-0.952769
-0.954125
-0.955464
-0.956784
-0.958085
-0.959368
-0.960632
-0.961877
-0.963104
-0.964311
-0.965500
-0.966669
-0.967820
-0.968951
-0.970064
-0.971157
-0.972230
-0.973284
-0.974319
-0.975334
-0.976330
-0.977306
-0.978263
-0.979199
-0.980116
-0.981013
-0.981890
-0.982747
-0.983584
-0.984401
-0.985197
-0.985974
-0.986730
-0.987466
-0.988181
-0.988876
-0.989551
-0.990205
-0.990838
-0.991451
-0.992043
-0.992614
-0.993164
-0.993694
-0.994202
-0.994689
-0.995156
-0.995601
-0.996025
-0.996428
-0.996810
-0.997170
-0.997510
-0.997827
-0.998123
-0.998398
-0.998651
-0.998883
-0.999093
-0.999281
-0.999447
-0.999592
-0.999715
-0.999816
-0.999895
-0.999952
-0.999987
-1.000000
-0.999991
-0.999960
-0.999906
-0.999830
-0.999732
-0.999612
-0.999470
-0.999305
-0.999117
-0.998907
-0.998675
-0.998420
-0.998142
-0.997842
-0.997519
-0.997174
-0.996805
-0.996414
-0.996001
-0.995564
-0.995104
-0.994622
-0.994116
-0.993588
-0.993037
-0.992462
-0.991865
-0.991244
-0.990600
-0.989933
-0.989243
-0.988530
-0.987794
-0.987034
-0.986251
-0.985444
-0.984614
-0.983761
-0.982885
-0.981985
-0.981061
-0.980115
-0.979144
-0.978150
-0.977133
-0.976092
-0.975027
-0.973939
-0.972828
-0.971692
-0.970533
-0.969351
-0.968144
-0.966914
-0.965660
-0.964383
-0.963082
-0.961757
-0.960408
-0.959036
-0.957639
-0.956219
-0.954775
-0.953308
-0.951816
-0.950301
-0.948761
-0.947198
-0.945611
-0.944001
-0.942366
-0.940708
-0.939025
-0.937319
-0.935589
-0.933835
-0.932057
-0.930255
-0.928429
-0.926580
-0.924706
-0.922809
-0.920888
-0.918943
-0.916974
-0.914981
-0.912965
-0.910924
-0.908860
-0.906772
-0.904660
-0.902524
-0.900364
-0.898181
-0.895974
-0.893743
-0.891488
-0.889210
-0.886908
-0.884582
-0.882232
-0.879859
-0.877462
-0.875042
-0.872598
-0.870130
-0.867639
-0.865124
-0.862585
-0.860023
-0.857438
-0.854829
-0.852197
-0.849541
-0.846862
-0.844159
-0.841433
-0.838684
-0.835912
-0.833116
-0.830297
-0.827455
-0.824590
-0.821701
-0.818790
-0.815855
-0.812898
-0.809917
-0.806914
-0.803887
-0.800838
-0.797766
-0.794671
-0.791554
-0.788414
-0.785251
-0.782065
-0.778857
-0.775626
-0.772373
-0.769098
-0.765800
-0.762480
-0.759137
-0.755773
-0.752386
-0.748977
-0.745546
-0.742093
-0.738617
-0.735120
-0.731602
-0.728061
-0.724499
-0.720915
-0.717309
-0.713682
-0.710033
-0.706363
-0.702671
-0.698959
-0.695225
-0.691469
-0.687693
-0.683896
-0.680077
-0.676238
-0.672378
-0.668497
-0.664596
-0.660674
-0.656731
-0.652768
-0.648784
-0.644780
-0.640756
-0.636712
-0.632647
-0.628563
-0.624459
-0.620335
-0.616191
-0.612027
-0.607844
-0.603641
-0.599419
-0.595178
-0.590917
-0.586637
-0.582338
-0.578020
-0.573683
-0.569328
-0.564953
-0.560560
-0.556149
-0.551719
-0.547271
-0.542804
-0.538319
-0.533817
-0.529296
-0.524758
-0.520202
-0.515628
-0.511036
-0.506428
-0.501802
-0.497158
-0.492498
-0.487821
-0.483126
-0.478415
-0.473687
-0.468943
-0.464182
-0.459405
-0.454612
-0.449802
-0.444977
-0.440135
-0.435278
-0.430406
-0.425517
-0.420614
-0.415695
-0.410761
-0.405811
-0.400847
-0.395868
-0.390875
-0.385867
-0.380844
-0.375807
-0.370756
-0.365691
-0.360612
-0.355520
-0.350413
-0.345293
-0.340160
-0.335014
-0.329854
-0.324681
-0.319496
-0.314298
-0.309087
-0.303864
-0.298629
-0.293381
-0.288122
-0.282850
-0.277567
-0.272272
-0.266966
-0.261649
-0.256321
-0.250981
-0.245631
-0.240270
-0.234898
-0.229516
-0.224124
-0.218722
-0.213309
-0.207887
-0.202456
-0.197015
-0.191564
-0.186105
-0.180636
-0.175159
-0.169673
-0.164178
-0.158675
-0.153164
-0.147645
-0.142118
-0.136583
-0.131041
-0.125491
-0.119934
-0.114370
-0.108799
-0.103221
-0.097637
-0.092047
-0.086450
-0.080847
-0.075239
-0.069624
-0.064004
-0.058379
-0.052749
-0.047113
-0.041473
-0.035828
-0.030179
-0.024526
-0.018868
-0.013206
-0.007541
-0.001872
0.003800
0.009476
0.015155
0.020836
0.026520
0.032207
0.037895
0.043586
0.049279
0.054974
0.060670
0.066368
0.072066
0.077766
0.083466
0.089167
0.094869
0.100571
0.106272
0.111974
0.117675
0.123376
0.129075
0.134774
0.140472
0.146169
0.151864
0.157557
0.163248
0.168937
0.174624
0.180308
0.185990
0.191669
0.197344
0.203017
0.208685
0.214350
0.220011
0.225668
0.231321
0.236969
0.242613
0.248251
0.253884
0.259512
0.265135
0.270751
0.276362
0.281967
0.287565
0.293156
0.298741
0.304319
0.309890
0.315453
0.321008
0.326556
0.332096
0.337627
0.343150
0.348665
0.354170
0.359666
0.365153
0.370631
0.376099
0.381557
0.387004
0.392442
0.397868
0.403284
0.408689
0.414083
0.419466
0.424836
0.430195
0.435542
0.440877
0.446199
0.451508
0.456805
0.462088
0.467358
0.472615
0.477857
0.483086
0.488300
0.493500
0.498686
0.503856
0.509012
0.514152
0.519277
0.524386
0.529479
0.534556
0.539617
0.544661
0.549688
0.554699
0.559692
0.564668
0.569626
0.574566
0.579488
0.584392
0.589278
0.594144
0.598992
0.603821
0.608630
0.613420
0.618190
0.622940
0.627670
0.632380
0.637069
0.641737
0.646384
0.651009
0.655614
0.660196
0.664757
0.669296
0.673812
0.678306
0.682777
0.687225
0.691650
0.696052
0.700430
0.704785
0.709115
0.713421
0.717703
0.721961
0.726193
0.730401
0.734583
0.738740
0.742871
0.746977
0.751056
0.755110
0.759137
0.763137
0.767110
0.771057
0.774976
0.778868
0.782732
0.786568
0.790377
0.794157
0.797909
0.801632
0.805327
0.808992
0.812628
0.816235
0.819813
0.823360
0.826878
0.830366
0.833823
0.837250
0.840646
0.844011
0.847345
0.850648
0.853919
0.857159
0.860367
0.863543
0.866687
0.869799
0.872878
0.875924
0.878938
0.881918
0.884865
0.887779
0.890659
0.893506
0.896319
0.899097
0.901841
0.904551
0.907227
0.909867
0.912473
0.915043
0.917579
0.920078
0.922543
0.924971
0.927364
0.929721
0.932041
0.934325
0.936573
0.938783
0.940958
0.943095
0.945195
0.947257
0.949283
0.951270
0.953220
0.955133
0.957007
0.958843
0.960641
0.962400
0.964121
0.965803
0.967447
0.969051
0.970616
0.972143
0.973629
0.975077
0.976485
0.977853
0.979181
0.980469
0.981717
0.982925
0.984093
0.985220
0.986307
0.987353
0.988358
0.989323
0.990246
0.991128
0.991969
0.992769
0.993528
0.994245
0.994920
0.995553
0.996145
0.996695
0.997203
0.997669
0.998093
0.998474
0.998814
0.999110
0.999365
0.999576
0.999745
0.999872
0.999955
0.999996
0.999993
0.999948
0.999860
0.999728
0.999553
0.999335
0.999074
0.998769
0.998421
0.998029
0.997593
0.997115
0.996592
0.996026
0.995415
0.994762
0.994064
0.993322
0.992537
0.991707
0.990834
0.989916
0.988954
0.987949
0.986899
0.985805
0.984667
0.983485
0.982259
0.980988
0.979673
0.978314
0.976911
0.975463
0.973971
0.972435
0.970855
0.969230
0.967562
0.965848
0.964091
0.962290
0.960444
0.958554
0.956620
0.954641
0.952619
0.950552
0.948441
0.946286
0.944088
0.941845
0.939558
0.937227
0.934852
0.932433
0.929971
0.927465
0.924915
0.922321
0.919684
0.917003
0.914278
0.911510
0.908699
0.905844
0.902946
0.900005
0.897020
0.893993
0.890922
0.887809
0.884653
0.881454
0.878212
0.874928
0.871601
0.868232
0.864820
0.861366
0.857870
0.854332
0.850752
0.847130
0.843467
0.839762
0.836015
0.832227
0.828398
0.824527
0.820616
0.816663
0.812670
0.808636
0.804562
0.800447
0.796292
0.792097
0.787861
0.783586
0.779272
0.774917
0.770524
0.766091
0.761619
0.757108
0.752558
0.747970
0.743343
0.738678
0.733974
0.729233
0.724454
0.719638
0.714784
0.709892
0.704964
0.699999
0.694997
0.689959
0.684884
0.679773
0.674626
0.669444
0.664226
0.658973
0.653685
0.648361
0.643003
0.637611
0.632184
0.626724
0.621229
0.615701
0.610140
0.604545
0.598918
0.593258
0.587565
0.581840
0.576084
0.570295
0.564475
0.558624
0.552742
0.546829
0.540885
0.534912
0.528908
0.522875
0.516812
0.510720
0.504600
0.498450
0.492272
0.486066
0.479832
0.473571
0.467282
0.460967
0.454624
0.448256
0.441861
0.435440
0.428994
0.422522
0.416026
0.409505
0.402959
0.396390
0.389796
0.383180
0.376540
0.369877
0.363192
0.356484
0.349755
0.343004
0.336232
0.329439
0.322626
0.315792
0.308938
0.302065
0.295172
0.288261
0.281330
0.274382
0.267416
0.260432
0.253431
0.246413
0.239378
0.232327
0.225261
0.218179
0.211081
0.203970
0.196843
0.189703
0.182549
0.175381
0.168201
0.161008
0.153803
0.146585
0.139357
0.132117
0.124867
0.117606
0.110335
0.103055
0.095765
0.088467
0.081160
0.073845
0.066522
0.059193
0.051856
0.044512
0.037163
0.029808
0.022447
0.015082
0.007712
0.000337
-0.007040
-0.014422
-0.021806
-0.029193
-0.036581
-0.043972
-0.051364
-0.058757
-0.066150
-0.073543
-0.080937
-0.088329
-0.095720
-0.103110
-0.110498
-0.117883
-0.125265
-0.132645
-0.140020
-0.147392
-0.154759
-0.162121
-0.169478
-0.176829
-0.184174
-0.191512
-0.198843
-0.206167
-0.213483
-0.220791
-0.228090
-0.235380
-0.242660
-0.249930
-0.257190
-0.264439
-0.271677
-0.278903
-0.286116
-0.293317
-0.300506
-0.307680
-0.314841
-0.321988
-0.329119
-0.336236
-0.343337
-0.350422
-0.357490
-0.364542
-0.371576
-0.378592
-0.385590
-0.392570
-0.399530
-0.406471
-0.413392
-0.420292
-0.427172
-0.434031
-0.440867
-0.447682
-0.454474
-0.461244
-0.467989
-0.474711
-0.481409
-0.488082
-0.494730
-0.501352
-0.507949
-0.514518
-0.521062
-0.527577
-0.534065
-0.540525
-0.546957
-0.553359
-0.559732
-0.566076
-0.572389
-0.578671
-0.584922
-0.591142
-0.597330
-0.603486
-0.609608
-0.615698
-0.621754
-0.627776
-0.633764
-0.639717
-0.645634
-0.651516
-0.657362
-0.663172
-0.668944
-0.674680
-0.680377
-0.686037
-0.691658
-0.697240
-0.702783
-0.708287
-0.713750
-0.719173
-0.724555
-0.729896
-0.735195
-0.740452
-0.745667
-0.750839
-0.755968
-0.761054
-0.766095
-0.771092
-0.776045
-0.780953
-0.785815
-0.790631
-0.795402
-0.800125
-0.804802
-0.809432
-0.814014
-0.818549
-0.823035
-0.827472
-0.831861
-0.836200
-0.840489
-0.844729
-0.848918
-0.853057
-0.857144
-0.861180
-0.865165
-0.869097
-0.872978
-0.876805
-0.880580
-0.884301
-0.887969
-0.891583
-0.895143
-0.898648
-0.902098
-0.905494
-0.908834
-0.912118
-0.915346
-0.918518
-0.921633
-0.924692
-0.927694
-0.930638
-0.933524
-0.936353
-0.939123
-0.941835
-0.944488
-0.947082
-0.949617
-0.952093
-0.954508
-0.956864
-0.959160
-0.961395
-0.963570
-0.965683
-0.967736
-0.969727
-0.971656
-0.973524
-0.975330
-0.977074
-0.978755
-0.980374
-0.981930
-0.983423
-0.984852
-0.986219
-0.987521
-0.988761
-0.989936
-0.991047
-0.992094
-0.993077
-0.993995
-0.994848
-0.995636
-0.996360
-0.997018
-0.997611
-0.998139
-0.998601
-0.998998
-0.999329
-0.999593
-0.999792
-0.999925
-0.999992
-0.999992
-0.999926
-0.999793
-0.999594
-0.999328
-0.998995
-0.998596
-0.998129
-0.997596
-0.996996
-0.996328
-0.995594
-0.994792
-0.993923
-0.992987
-0.991984
-0.990913
-0.989775
-0.988570
-0.987297
-0.985957
-0.984550
-0.983075
-0.981533
-0.979923
-0.978247
-0.976502
-0.974691
-0.972812
-0.970867
-0.968853
-0.966773
-0.964626
-0.962411
-0.960130
-0.957782
-0.955367
-0.952885
-0.950336
-0.947721
-0.945039
-0.942291
-0.939476
-0.936595
-0.933648
-0.930636
-0.927557
-0.924412
-0.921202
-0.917926
-0.914585
-0.911178
-0.907706
-0.904170
-0.900569
-0.896903
-0.893172
-0.889378
-0.885519
-0.881596
-0.877610
-0.873560
-0.869446
-0.865270
-0.861030
-0.856728
-0.852364
-0.847937
-0.843448
-0.838897
-0.834285
-0.829611
-0.824876
-0.820080
-0.815224
-0.810308
-0.805331
-0.800295
-0.795199
-0.790044
-0.784830
-0.779557
-0.774227
-0.768838
-0.763391
-0.757887
-0.752326
-0.746708
-0.741034
-0.735303
-0.729517
-0.723676
-0.717779
-0.711828
-0.705822
-0.699762
-0.693649
-0.687483
-0.681263
-0.674991
-0.668667
-0.662292
-0.655865
-0.649387
-0.642858
-0.636280
-0.629652
-0.622974
-0.616248
-0.609474
-0.602651
-0.595781
-0.588864
-0.581900
-0.574890
-0.567834
-0.560734
-0.553588
-0.546398
-0.539164
-0.531887
-0.524567
-0.517204
-0.509800
-0.502354
-0.494867
-0.487340
-0.479774
-0.472167
-0.464522
-0.456839
-0.449118
-0.441359
-0.433564
-0.425733
-0.417866
-0.409964
-0.402027
-0.394056
-0.386052
-0.378015
-0.369946
-0.361845
-0.353713
-0.345551
-0.337358
-0.329136
-0.320886
-0.312607
-0.304300
-0.295966
-0.287606
-0.279221
-0.270810
-0.262374
-0.253915
-0.245432
-0.236926
-0.228398
-0.219849
-0.211279
-0.202689
-0.194079
-0.185451
-0.176804
-0.168139
-0.159458
-0.150760
-0.142047
-0.133318
-0.124576
-0.115819
-0.107050
-0.098268
-0.089475
-0.080671
-0.071856
-0.063032
-0.054199
-0.045357
-0.036508
-0.027653
-0.018791
-0.009923
-0.001051
0.007826
0.016705
0.025588
0.034472
0.043358
0.052244
0.061131
0.070016
0.078900
0.087782
0.096660
0.105535
0.114406
0.123271
0.132131
0.140984
0.149829
0.158667
0.167496
0.176316
0.185125
0.193924
0.202710
0.211485
0.220246
0.228994
0.237727
0.246445
0.255147
0.263832
0.272500
0.281149
0.289780
0.298390
0.306981
0.315550
0.324098
0.332623
0.341125
0.349602
0.358055
0.366483
0.374884
0.383258
0.391605
0.399923
0.408212
0.416472
0.424700
0.432898
0.441063
0.449196
0.457295
0.465360
0.473390
0.481385
0.489343
0.497264
0.505148
0.512993
0.520799
0.528565
0.536291
0.543975
0.551617
0.559217
0.566773
0.574285
0.581752
0.589174
0.596550
0.603879
0.611161
0.618394
0.625579
0.632714
0.639799
0.646833
0.653815
0.660746
0.667623
0.674447
0.681217
0.687932
0.694592
0.701195
0.707742
0.714231
0.720663
0.727035
0.733349
0.739602
0.745796
0.751928
0.757998
0.764006
0.769951
0.775832
0.781650
0.787403
0.793090
0.798712
0.804267
0.809755
0.815176
0.820528
0.825812
0.831026
0.836171
0.841245
0.846249
0.851181
0.856041
0.860829
0.865544
0.870185
0.874752
0.879245
0.883663
0.888006
0.892272
0.896462
0.900576
0.904612
0.908570
0.912450
0.916251
0.919973
0.923615
0.927178
0.930660
0.934061
0.937381
0.940619
0.943775
0.946849
0.949840
0.952748
0.955572
0.958312
0.960968
0.963540
0.966026
0.968427
0.970742
0.972972
0.975115
0.977172
0.979141
0.981024
0.982819
0.984527
0.986146
0.987677
0.989120
0.990474
0.991739
0.992914
0.994001
0.994997
0.995904
0.996720
0.997447
0.998083
0.998628
0.999082
0.999446
0.999718
0.999900
0.999989
0.999988
0.999894
0.999709
0.999432
0.999064
0.998603
0.998050
0.997405
0.996667
0.995838
0.994916
0.993902
0.992795
0.991596
0.990305
0.988921
0.987445
0.985876
0.984215
0.982462
0.980617
0.978679
0.976649
0.974527
0.972313
0.970008
0.967610
0.965121
0.962540
0.959868
0.957104
0.954249
0.951304
0.948267
0.945140
0.941922
0.938614
0.935215
0.931727
0.928149
0.924482
0.920725
0.916880
0.912946
0.908923
0.904812
0.900613
0.896326
0.891952
0.887492
0.882944
0.878310
0.873590
0.868784
0.863893
0.858917
0.853856
0.848711
0.843482
0.838170
0.832775
0.827297
0.821737
0.816095
0.810372
0.804568
0.798683
0.792719
0.786675
0.780552
0.774351
0.768072
0.761715
0.755281
0.748771
0.742186
0.735524
0.728789
0.721979
0.715095
0.708138
0.701109
0.694008
0.686836
0.679594
0.672281
0.664899
0.657448
0.649930
0.642344
0.634691
0.626972
0.619188
0.611339
0.603427
0.595451
0.587412
0.579312
0.571151
0.562929
0.554648
0.546308
0.537910
0.529454
0.520943
0.512375
0.503752
0.495076
0.486346
0.477563
0.468729
0.459844
0.450908
0.441924
0.432891
0.423811
0.414684
0.405512
0.396294
0.387033
0.377728
0.368381
0.358993
0.349565
0.340097
0.330590
0.321046
0.311465
0.301848
0.292196
0.282511
0.272792
0.263042
0.253260
0.243449
0.233608
0.223739
0.213843
0.203921
0.193974
0.184003
0.174009
0.163992
0.153954
0.143897
0.133820
0.123725
0.113613
0.103485
0.093342
0.083185
0.073016
0.062834
0.052642
0.042440
0.032229
0.022011
0.011786
0.001556
-0.008678
-0.018916
-0.029157
-0.039398
-0.049639
-0.059880
-0.070118
-0.080354
-0.090585
-0.100811
-0.111030
-0.121242
-0.131445
-0.141638
-0.151821
-0.161992
-0.172150
-0.182293
-0.192422
-0.202534
-0.212629
-0.222705
-0.232762
-0.242798
-0.252812
-0.262803
-0.272771
-0.282713
-0.292629
-0.302518
-0.312378
-0.322209
-0.332009
-0.341777
-0.351513
-0.361215
-0.370881
-0.380512
-0.390106
-0.399661
-0.409177
-0.418652
-0.428086
-0.437478
-0.446825
-0.456128
-0.465386
-0.474596
-0.483758
-0.492872
-0.501935
-0.510947
-0.519907
-0.528814
-0.537667
-0.546464
-0.555205
-0.563889
-0.572514
-0.581080
-0.589585
-0.598029
-0.606410
-0.614728
-0.622982
-0.631170
-0.639291
-0.647346
-0.655331
-0.663248
-0.671094
-0.678869
-0.686571
-0.694200
-0.701755
-0.709235
-0.716639
-0.723966
-0.731216
-0.738386
-0.745477
-0.752487
-0.759416
-0.766262
-0.773025
-0.779705
-0.786299
-0.792807
-0.799229
-0.805564
-0.811810
-0.817967
-0.824035
-0.830011
-0.835897
-0.841689
-0.847389
-0.852996
-0.858507
-0.863924
-0.869244
-0.874468
-0.879594
-0.884622
-0.889551
-0.894381
-0.899110
-0.903739
-0.908266
-0.912691
-0.917013
-0.921232
-0.925347
-0.929357
-0.933262
-0.937061
-0.940754
-0.944340
-0.947818
-0.951189
-0.954451
-0.957604
-0.960647
-0.963581
-0.966404
-0.969116
-0.971716
-0.974205
-0.976582
-0.978846
-0.980997
-0.983034
-0.984958
-0.986767
-0.988462
-0.990042
-0.991507
-0.992856
-0.994090
-0.995207
-0.996208
-0.997093
-0.997860
-0.998511
-0.999044
-0.999460
-0.999758
-0.999938
-1.000000
-0.999944
-0.999770
-0.999477
-0.999065
-0.998535
-0.997887
-0.997119
-0.996233
-0.995227
-0.994103
-0.992860
-0.991498
-0.990018
-0.988418
-0.986700
-0.984863
-0.982907
-0.980833
-0.978640
-0.976329
-0.973899
-0.971352
-0.968687
-0.965904
-0.963004
-0.959986
-0.956852
-0.953600
-0.950233
-0.946748
-0.943148
-0.939432
-0.935601
-0.931655
-0.927594
-0.923418
-0.919129
-0.914726
-0.910210
-0.905581
-0.900840
-0.895987
-0.891022
-0.885947
-0.880761
-0.875465
-0.870060
-0.864546
-0.858923
-0.853193
-0.847356
-0.841412
-0.835362
-0.829206
-0.822946
-0.816582
-0.810115
-0.803544
-0.796872
-0.790098
-0.783224
-0.776250
-0.769177
-0.762005
-0.754736
-0.747371
-0.739909
-0.732352
-0.724700
-0.716956
-0.709118
-0.701189
-0.693169
-0.685059
-0.676860
-0.668573
-0.660199
-0.651739
-0.643193
-0.634563
-0.625850
-0.617055
-0.608178
-0.599221
-0.590185
-0.581071
-0.571879
-0.562612
-0.553270
-0.543854
-0.534365
-0.524805
-0.515175
-0.505475
-0.495707
-0.485872
-0.475971
-0.466005
-0.455977
-0.445886
-0.435734
-0.425522
-0.415252
-0.404925
-0.394542
-0.384104
-0.373612
-0.363069
-0.352475
-0.341831
-0.331139
-0.320400
-0.309616
-0.298787
-0.287916
-0.277003
-0.266050
-0.255059
-0.244030
-0.232965
-0.221866
-0.210733
-0.199569
-0.188374
-0.177151
-0.165900
-0.154623
-0.143322
-0.131997
-0.120651
-0.109285
-0.097900
-0.086497
-0.075079
-0.063647
-0.052202
-0.040746
-0.029280
-0.017805
-0.006324
0.005162
0.016652
0.028145
0.039638
0.051130
0.062620
0.074106
0.085586
0.097060
0.108525
0.119980
0.131424
0.142854
0.154270
0.165669
0.177051
0.188414
0.199756
0.211075
0.222370
0.233640
0.244883
0.256098
0.267282
0.278435
0.289555
0.300639
0.311688
0.322699
0.333670
0.344601
0.355489
0.366333
0.377132
0.387884
0.398588
0.409242
0.419844
0.430393
0.440887
0.451326
0.461707
0.472030
0.482292
0.492492
0.502628
0.512700
0.522706
0.532643
0.542512
0.552310
0.562036
0.571689
0.581266
0.590768
0.600191
0.609536
0.618800
0.627983
0.637082
0.646097
0.655026
0.663867
0.672620
0.681284
0.689856
0.698336
0.706721
0.715012
0.723207
0.731304
0.739302
0.747201
0.754998
0.762692
0.770283
0.777770
0.785150
0.792423
0.799588
0.806643
0.813588
0.820421
0.827142
0.833749
0.840241
0.846617
0.852876
0.859017
0.865040
0.870942
0.876723
0.882383
0.887920
0.893333
0.898621
0.903784
0.908820
0.913730
0.918511
0.923163
0.927685
0.932077
0.936338
0.940466
0.944462
0.948324
0.952052
0.955645
0.959102
0.962423
0.965608
0.968654
0.971563
0.974333
0.976964
0.979455
0.981806
0.984016
0.986085
0.988012
0.989797
0.991439
0.992939
0.994295
0.995507
0.996576
0.997500
0.998280
0.998914
0.999404
0.999748
0.999946
0.999999
0.999905
0.999666
0.999280
0.998748
0.998069
0.997244
0.996273
0.995154
0.993890
0.992478
0.990920
0.989216
0.987366
0.985369
0.983226
0.980937
0.978502
0.975922
0.973196
0.970326
0.967310
0.964150
0.960846
0.957397
0.953806
0.950070
0.946193
0.942172
0.938010
0.933707
0.929262
0.924677
0.919952
0.915088
0.910085
0.904943
0.899664
0.894248
0.888696
0.883008
0.877186
0.871229
0.865139
0.858916
0.852561
0.846075
0.839459
0.832714
0.825840
0.818839
0.811711
0.804458
0.797079
0.789577
0.781952
0.774206
0.766339
0.758352
0.750247
0.742024
0.733685
0.725231
0.716663
0.707983
0.699191
0.690288
0.681276
0.672157
0.662931
0.653600
0.644165
0.634627
0.624988
0.615249
0.605412
0.595478
0.585448
0.575325
0.565108
0.554800
0.544403
0.533918
0.523345
0.512688
0.501947
0.491125
0.480222
0.469240
0.458181
0.447047
0.435838
0.424558
0.413208
0.401788
0.390302
0.378750
0.367135
0.355458
0.343721
0.331925
0.320074
0.308167
0.296208
0.284198
0.272138
0.260032
0.247880
0.235684
0.223447
0.211169
0.198854
0.186504
0.174119
0.161701
0.149254
0.136779
0.124277
0.111751
0.099203
0.086634
0.074047
0.061443
0.048826
0.036196
0.023555
0.010906
-0.001749
-0.014408
-0.027070
-0.039732
-0.052392
-0.065048
-0.077699
-0.090341
-0.102974
-0.115594
-0.128200
-0.140790
-0.153362
-0.165914
-0.178443
-0.190948
-0.203427
-0.215877
-0.228296
-0.240683
-0.253036
-0.265351
-0.277628
-0.289864
-0.302057
-0.314206
-0.326307
-0.338359
-0.350361
-0.362310
-0.374203
-0.386040
-0.397817
-0.409534
-0.421187
-0.432776
-0.444297
-0.455750
-0.467132
-0.478441
-0.489675
-0.500832
-0.511911
-0.522909
-0.533824
-0.544655
-0.555400
-0.566057
-0.576624
-0.587099
-0.597480
-0.607766
-0.617954
-0.628043
-0.638031
-0.647917
-0.657698
-0.667373
-0.676939
-0.686397
-0.695742
-0.704975
-0.714093
-0.723095
-0.731978
-0.740742
-0.749385
-0.757905
-0.766300
-0.774570
-0.782712
-0.790725
-0.798608
-0.806358
-0.813976
-0.821458
-0.828804
-0.836013
-0.843082
-0.850012
-0.856799
-0.863444
-0.869944
-0.876299
-0.882507
-0.888567
-0.894478
-0.900239
-0.905848
-0.911305
-0.916607
-0.921756
-0.926748
-0.931583
-0.936261
-0.940780
-0.945139
-0.949338
-0.953375
-0.957249
-0.960960
-0.964508
-0.967890
-0.971107
-0.974157
-0.977040
-0.979756
-0.982303
-0.984682
-0.986890
-0.988929
-0.990797
-0.992494
-0.994019
-0.995372
-0.996552
-0.997560
-0.998394
-0.999055
-0.999542
-0.999854
-0.999993
-0.999956
-0.999745
-0.999359
-0.998798
-0.998062
-0.997150
-0.996064
-0.994802
-0.993365
-0.991753
-0.989966
-0.988004
-0.985868
-0.983556
-0.981071
-0.978412
-0.975579
-0.972572
-0.969392
-0.966040
-0.962515
-0.958819
-0.954951
-0.950913
-0.946704
-0.942325
-0.937778
-0.933061
-0.928177
-0.923126
-0.917909
-0.912525
-0.906977
-0.901265
-0.895390
-0.889352
-0.883153
-0.876794
-0.870275
-0.863598
-0.856763
-0.849772
-0.842626
-0.835325
-0.827872
-0.820267
-0.812511
-0.804606
-0.796553
-0.788353
-0.780008
-0.771518
-0.762886
-0.754113
-0.745200
-0.736148
-0.726960
-0.717637
-0.708179
-0.698590
-0.688870
-0.679021
-0.669045
-0.658944
-0.648718
-0.638371
-0.627903
-0.617317
-0.606614
-0.595796
-0.584866
-0.573824
-0.562673
-0.551414
-0.540051
-0.528584
-0.517016
-0.505348
-0.493584
-0.481724
-0.469772
-0.457728
-0.445596
-0.433377
-0.421073
-0.408688
-0.396222
-0.383678
-0.371059
-0.358367
-0.345604
-0.332772
-0.319874
-0.306911
-0.293887
-0.280804
-0.267664
-0.254469
-0.241223
-0.227926
-0.214583
-0.201194
-0.187763
-0.174293
-0.160785
-0.147242
-0.133667
-0.120063
-0.106431
-0.092774
-0.079095
-0.065397
-0.051681
-0.037951
-0.024210
-0.010459
0.003299
0.017061
0.030824
0.044586
0.058345
0.072097
0.085839
0.099571
0.113288
0.126988
0.140668
0.154327
0.167960
0.181567
0.195143
0.208686
0.222194
0.235664
0.249094
0.262480
0.275821
0.289113
0.302354
0.315542
0.328673
0.341746
0.354757
0.367704
0.380584
0.393396
0.406136
0.418801
0.431390
0.443900
0.456328
0.468672
0.480929
0.493097
0.505173
0.517155
0.529041
0.540827
0.552513
0.564095
0.575570
0.586937
0.598194
0.609337
0.620365
0.631275
0.642066
0.652734
0.663278
0.673695
0.683984
0.694141
0.704166
0.714056
0.723808
0.733421
0.742893
0.752221
0.761404
0.770440
0.779327
0.788062
0.796644
0.805072
0.813343
0.821455
0.829407
0.837197
0.844823
0.852284
0.859578
0.866703
0.873658
0.880441
0.887051
0.893486
0.899744
0.905825
0.911726
0.917447
0.922986
0.928342
0.933514
0.938500
0.943299
0.947910
0.952333
0.956564
0.960605
0.964454
0.968109
0.971570
0.974837
0.977907
0.980780
0.983457
0.985935
0.988214
0.990293
0.992173
0.993851
0.995328
0.996604
0.997677
0.998547
0.999215
0.999678
0.999939
0.999995
0.999847
0.999495
0.998938
0.998176
0.997210
0.996040
0.994664
0.993085
0.991300
0.989312
0.987120
0.984723
0.982124
0.979321
0.976315
0.973107
0.969697
0.966086
0.962274
0.958261
0.954049
0.949638
0.945029
0.940222
0.935219
0.930020
0.924626
0.919037
0.913256
0.907283
0.901119
0.894765
0.888222
0.881492
0.874575
0.867474
0.860188
0.852720
0.845072
0.837243
0.829236
0.821053
0.812695
0.804163
0.795459
0.786586
0.777543
0.768334
0.758960
0.749423
0.739724
0.729866
0.719850
0.709679
0.699355
0.688879
0.678253
0.667481
0.656563
0.645502
0.634300
0.622960
0.611483
0.599873
0.588131
0.576260
0.564262
0.552140
0.539895
0.527532
0.515051
0.502457
0.489750
0.476935
0.464013
0.450987
0.437860
0.424635
0.411314
0.397901
0.384397
0.370806
0.357131
0.343374
0.329539
0.315628
0.301644
0.287591
0.273470
0.259286
0.245042
0.230739
0.216382
0.201973
0.187515
0.173012
0.158467
0.143882
0.129261
0.114608
0.099924
0.085215
0.070481
0.055728
0.040957
0.026173
0.011378
-0.003424
-0.018230
-0.033036
-0.047841
-0.062639
-0.077429
-0.092207
-0.106969
-0.121712
-0.136433
-0.151129
-0.165796
-0.180431
-0.195032
-0.209593
-0.224114
-0.238589
-0.253016
-0.267392
-0.281713
-0.295976
-0.310178
-0.324315
-0.338386
-0.352385
-0.366310
-0.380159
-0.393927
-0.407611
-0.421209
-0.434717
-0.448133
-0.461453
-0.474673
-0.487792
-0.500805
-0.513711
-0.526505
-0.539185
-0.551748
-0.564191
-0.576511
-0.588706
-0.600772
-0.612706
-0.624506
-0.636168
-0.647691
-0.659071
-0.670306
-0.681393
-0.692329
-0.703112
-0.713738
-0.724207
-0.734514
-0.744658
-0.754635
-0.764445
-0.774083
-0.783549
-0.792838
-0.801950
-0.810882
-0.819632
-0.828198
-0.836576
-0.844766
-0.852766
-0.860572
-0.868184
-0.875600
-0.882816
-0.889833
-0.896647
-0.903257
-0.909662
-0.915859
-0.921847
-0.927625
-0.933190
-0.938542
-0.943679
-0.948600
-0.953303
-0.957786
-0.962050
-0.966092
-0.969911
-0.973506
-0.976877
-0.980022
-0.982940
-0.985631
-0.988093
-0.990326
-0.992328
-0.994100
-0.995641
-0.996950
-0.998026
-0.998870
-0.999480
-0.999856
-0.999999
-0.999907
-0.999580
-0.999019
-0.998224
-0.997193
-0.995928
-0.994429
-0.992694
-0.990726
-0.988523
-0.986087
-0.983417
-0.980514
-0.977378
-0.974011
-0.970412
-0.966582
-0.962522
-0.958233
-0.953715
-0.948969
-0.943997
-0.938799
-0.933376
-0.927729
-0.921859
-0.915768
-0.909457
-0.902927
-0.896180
-0.889216
-0.882038
-0.874647
-0.867044
-0.859231
-0.851210
-0.842982
-0.834549
-0.825914
-0.817078
-0.808042
-0.798809
-0.789382
-0.779761
-0.769949
-0.759949
-0.749762
-0.739391
-0.728839
-0.718107
-0.707198
-0.696114
-0.684858
-0.673433
-0.661841
-0.650085
-0.638168
-0.626092
-0.613860
-0.601474
-0.588939
-0.576256
-0.563429
-0.550461
-0.537354
-0.524112
-0.510738
-0.497235
-0.483606
-0.469854
-0.455984
-0.441997
-0.427897
-0.413688
-0.399373
-0.384956
-0.370440
-0.355827
-0.341123
-0.326331
-0.311453
-0.296494
-0.281457
-0.266346
-0.251164
-0.235916
-0.220604
-0.205233
-0.189807
-0.174329
-0.158803
-0.143232
-0.127622
-0.111974
-0.096294
-0.080585
-0.064852
-0.049097
-0.033325
-0.017540
-0.001746
0.014054
0.029855
0.045653
0.061445
0.077226
0.092993
0.108742
0.124468
0.140168
0.155837
0.171472
0.187069
0.202624
0.218132
0.233590
0.248994
0.264341
0.279625
0.294843
0.309992
0.325067
0.340064
0.354980
0.369811
0.384552
0.399201
0.413753
0.428204
0.442551
0.456790
0.470918
0.484929
0.498822
0.512592
0.526235
0.539749
0.553128
0.566371
0.579473
0.592431
0.605241
0.617901
0.630405
0.642753
0.654939
0.666960
0.678815
0.690498
0.702008
0.713340
0.724492
0.735461
0.746244
0.756838
0.767240
0.777447
0.787456
0.797264
0.806870
0.816269
0.825460
0.834440
0.843206
0.851756
0.860088
0.868199
0.876086
0.883748
0.891183
0.898388
0.905360
0.912099
0.918602
0.924867
0.930893
0.936677
0.942218
0.947514
0.952563
0.957365
0.961917
0.966218
0.970266
0.974062
0.977602
0.980886
0.983914
0.986683
0.989193
0.991443
0.993432
0.995160
0.996626
0.997828
0.998767
0.999443
0.999853
1.000000
0.999881
0.999497
0.998848
0.997933
0.996753
0.995307
0.993597
0.991621
0.989381
0.986876
0.984108
0.981076
0.977781
0.974225
0.970406
0.966327
0.961989
0.957391
0.952535
0.947423
0.942055
0.936433
0.930557
0.924429
0.918051
0.911424
0.904550
0.897430
0.890066
0.882460
0.874613
0.866528
0.858206
0.849650
0.840861
0.831842
0.822595
0.813123
0.803427
0.793510
0.783374
0.773023
0.762459
0.751684
0.740701
0.729514
0.718124
0.706535
0.694750
0.682771
0.670603
0.658248
0.645709
0.632989
0.620093
0.607022
0.593782
0.580374
0.566804
0.553073
0.539187
0.525148
0.510961
0.496628
0.482155
0.467545
0.452801
0.437928
0.422929
0.407809
0.392572
0.377222
0.361763
0.346199
0.330535
0.314774
0.298921
0.282981
0.266957
0.250855
0.234677
0.218430
0.202117
0.185743
0.169312
0.152829
0.136299
0.119726
0.103114
0.086469
0.069794
0.053095
0.036376
0.019642
0.002898
-0.013853
-0.030604
-0.047352
-0.064091
-0.080817
-0.097526
-0.114212
-0.130870
-0.147497
-0.164087
-0.180636
-0.197139
-0.213590
-0.229987
-0.246323
-0.262594
-0.278795
-0.294923
-0.310971
-0.326936
-0.342813
-0.358597
-0.374284
-0.389869
-0.405348
-0.420716
-0.435969
-0.451101
-0.466110
-0.480990
-0.495737
-0.510347
-0.524815
-0.539137
-0.553309
-0.567327
-0.581187
-0.594884
-0.608414
-0.621773
-0.634958
-0.647964
-0.660788
-0.673425
-0.685873
-0.698126
-0.710181
-0.722036
-0.733685
-0.745126
-0.756355
-0.767369
-0.778164
-0.788736
-0.799084
-0.809203
-0.819090
-0.828743
-0.838158
-0.847332
-0.856262
-0.864947
-0.873382
-0.881565
-0.889494
-0.897166
-0.904578
-0.911729
-0.918615
-0.925236
-0.931587
-0.937668
-0.943477
-0.949010
-0.954268
-0.959247
-0.963946
-0.968364
-0.972498
-0.976348
-0.979912
-0.983189
-0.986177
-0.988875
-0.991283
-0.993400
-0.995223
-0.996754
-0.997990
-0.998932
-0.999579
-0.999930
-0.999985
-0.999744
-0.999207
-0.998373
-0.997242
-0.995815
-0.994092
-0.992073
-0.989757
-0.987147
-0.984242
-0.981043
-0.977550
-0.973765
-0.969688
-0.965320
-0.960662
-0.955716
-0.950483
-0.944963
-0.939159
-0.933071
-0.926702
-0.920053
-0.913126
-0.905923
-0.898445
-0.890695
-0.882675
-0.874386
-0.865832
-0.857014
-0.847935
-0.838598
-0.829004
-0.819158
-0.809061
-0.798716
-0.788127
-0.777296
-0.766226
-0.754921
-0.743383
-0.731617
-0.719625
-0.707410
-0.694977
-0.682330
-0.669470
-0.656404
-0.643133
-0.629663
-0.615996
-0.602138
-0.588091
-0.573861
-0.559451
-0.544866
-0.530110
-0.515188
-0.500103
-0.484860
-0.469464
-0.453920
-0.438232
-0.422405
-0.406443
-0.390351
-0.374135
-0.357799
-0.341348
-0.324787
-0.308120
-0.291354
-0.274494
-0.257543
-0.240508
-0.223394
-0.206205
-0.188948
-0.171627
-0.154249
-0.136817
-0.119338
-0.101816
-0.084259
-0.066669
-0.049055
-0.031419
-0.013769
0.003890
0.021553
0.039214
0.056869
0.074510
0.092133
0.109732
0.127302
0.144837
0.162332
0.179781
0.197178
0.214518
0.231796
0.249006
0.266143
0.283200
0.300174
0.317057
0.333845
0.350533
0.367115
0.383586
0.399940
0.416173
0.432278
0.448251
0.464087
0.479780
0.495326
0.510719
0.525954
0.541026
0.555931
0.570663
0.585218
0.599591
0.613777
0.627771
0.641570
0.655167
0.668559
0.681742
0.694710
0.707460
0.719988
0.732288
0.744357
0.756192
0.767787
0.779139
0.790244
0.801099
0.811699
0.822042
0.832123
0.841938
0.851486
0.860762
0.869763
0.878485
0.886927
0.895085
0.902956
0.910537
0.917826
0.924819
0.931515
0.937911
0.944005
0.949795
0.955277
0.960451
0.965315
0.969866
0.974102
0.978023
0.981627
0.984911
0.987875
0.990518
0.992839
0.994835
0.996508
0.997855
0.998876
0.999570
0.999937
0.999976
0.999688
0.999072
0.998127
0.996855
0.995255
0.993326
0.991071
0.988489
0.985581
0.982347
0.978788
0.974905
0.970700
0.966173
0.961325
0.956158
0.950673
0.944873
0.938757
0.932329
0.925590
0.918543
0.911188
0.903529
0.895567
0.887305
0.878746
0.869893
0.860747
0.851311
0.841590
0.831584
0.821299
0.810736
0.799900
0.788793
0.777420
0.765783
0.753886
0.741733
0.729329
0.716676
0.703780
0.690643
0.677271
0.663667
0.649837
0.635784
0.621513
0.607029
0.592336
0.577439
0.562343
0.547054
0.531575
0.515912
0.500070
0.484055
0.467872
0.451526
0.435022
0.418366
0.401563
0.384619
0.367541
0.350332
0.333000
0.315549
0.297987
0.280318
0.262548
0.244685
0.226733
0.208698
0.190587
0.172406
0.154162
0.135859
0.117505
0.099106
0.080667
0.062196
0.043699
0.025181
0.006650
-0.011889
-0.030428
-0.048963
-0.067485
-0.085989
-0.104469
-0.122918
-0.141329
-0.159697
-0.178015
-0.196276
-0.214474
-0.232603
-0.250656
-0.268628
-0.286511
-0.304300
-0.321988
-0.339570
-0.357038
-0.374387
-0.391611
-0.408703
-0.425657
-0.442468
-0.459129
-0.475635
-0.491980
-0.508157
-0.524161
-0.539987
-0.555628
-0.571079
-0.586335
-0.601389
-0.616237
-0.630873
-0.645291
-0.659487
-0.673456
-0.687192
-0.700690
-0.713945
-0.726953
-0.739708
-0.752207
-0.764443
-0.776414
-0.788114
-0.799539
-0.810684
-0.821547
-0.832121
-0.842405
-0.852393
-0.862082
-0.871468
-0.880547
-0.889317
-0.897774
-0.905914
-0.913735
-0.921233
-0.928405
-0.935249
-0.941762
-0.947941
-0.953784
-0.959288
-0.964452
-0.969273
-0.973748
-0.977878
-0.981658
-0.985089
-0.988167
-0.990893
-0.993264
-0.995280
-0.996940
-0.998242
-0.999186
-0.999771
-0.999997
-0.999863
-0.999370
-0.998516
-0.997303
-0.995730
-0.993797
-0.991505
-0.988855
-0.985847
-0.982481
-0.978759
-0.974683
-0.970252
-0.965469
-0.960334
-0.954850
-0.949018
-0.942840
-0.936318
-0.929454
-0.922251
-0.914710
-0.906834
-0.898625
-0.890087
-0.881223
-0.872034
-0.862525
-0.852698
-0.842557
-0.832106
-0.821347
-0.810285
-0.798924
-0.787267
-0.775318
-0.763082
-0.750562
-0.737764
-0.724691
-0.711348
-0.697740
-0.683872
-0.669749
-0.655375
-0.640756
-0.625897
-0.610803
-0.595480
-0.579932
-0.564167
-0.548188
-0.532003
-0.515616
-0.499034
-0.482263
-0.465309
-0.448177
-0.430875
-0.413408
-0.395783
-0.378007
-0.360085
-0.342024
-0.323831
-0.305513
-0.287077
-0.268528
-0.249874
-0.231122
-0.212279
-0.193351
-0.174346
-0.155271
-0.136133
-0.116939
-0.097696
-0.078411
-0.059091
-0.039745
-0.020378
-0.000999
0.018386
0.037769
0.057143
0.076501
0.095835
0.115138
0.134403
0.153622
0.172788
0.191894
0.210933
0.229896
0.248778
0.267571
0.286268
0.304860
0.323343
0.341707
0.359947
0.378055
0.396024
0.413848
0.431519
0.449030
0.466375
0.483547
0.500540
0.517346
0.533959
0.550373
0.566581
0.582577
0.598354
0.613907
0.629229
0.644314
0.659157
0.673751
0.688090
0.702169
0.715983
0.729525
0.742790
0.755774
0.768470
0.780874
0.792980
0.804785
0.816282
0.827467
0.838337
0.848885
0.859108
0.869003
0.878563
0.887787
0.896669
0.905207
0.913396
0.921233
0.928715
0.935839
0.942601
0.948999
0.955029
0.960690
0.965979
0.970893
0.975431
0.979589
0.983367
0.986762
0.989773
0.992399
0.994637
0.996488
0.997949
0.999020
0.999700
0.999989
0.999886
0.999391
0.998504
0.997225
0.995554
0.993492
0.991038
0.988194
0.984960
0.981338
0.977329
0.972933
0.968152
0.962988
0.957443
0.951518
0.945216
0.938539
0.931488
0.924067
0.916279
0.908125
0.899609
0.890735
0.881504
0.871922
0.861990
0.851714
0.841096
0.830141
0.818853
0.807235
0.795293
0.783032
0.770454
0.757566
0.744372
0.730878
0.717088
0.703007
0.688642
0.673998
0.659079
0.643893
0.628445
0.612741
0.596787
0.580589
0.564154
0.547488
0.530597
0.513489
0.496169
0.478645
0.460924
0.443013
0.424918
0.406647
0.388207
0.369606
0.350851
0.331949
0.312907
0.293734
0.274438
0.255025
0.235503
0.215882
0.196167
0.176368
0.156492
0.136548
0.116543
0.096485
0.076383
0.056244
0.036078
0.015892
-0.004306
-0.024508
-0.044704
-0.064887
-0.085049
-0.105182
-0.125276
-0.145325
-0.165319
-0.185250
-0.205110
-0.224891
-0.244586
-0.264184
-0.283679
-0.303063
-0.322327
-0.341463
-0.360463
-0.379320
-0.398025
-0.416571
-0.434949
-0.453153
-0.471175
-0.489006
-0.506639
-0.524068
-0.541284
-0.558281
-0.575050
-0.591586
-0.607880
-0.623927
-0.639718
-0.655248
-0.670510
-0.685496
-0.700202
-0.714620
-0.728744
-0.742568
-0.756086
-0.769292
-0.782181
-0.794746
-0.806983
-0.818886
-0.830449
-0.841668
-0.852538
-0.863054
-0.873210
-0.883004
-0.892430
-0.901483
-0.910161
-0.918459
-0.926373
-0.933899
-0.941035
-0.947776
-0.954121
-0.960065
-0.965606
-0.970741
-0.975468
-0.979785
-0.983689
-0.987178
-0.990251
-0.992906
-0.995142
-0.996957
-0.998350
-0.999320
-0.999868
-0.999991
-0.999689
-0.998964
-0.997814
-0.996239
-0.994240
-0.991818
-0.988973
-0.985707
-0.982019
-0.977912
-0.973387
-0.968445
-0.963088
-0.957319
-0.951140
-0.944552
-0.937558
-0.930161
-0.922364
-0.914170
-0.905582
-0.896604
-0.887239
-0.877490
-0.867362
-0.856859
-0.845985
-0.834744
-0.823141
-0.811181
-0.798868
-0.786208
-0.773206
-0.759867
-0.746197
-0.732201
-0.717885
-0.703255
-0.688317
-0.673078
-0.657544
-0.641721
-0.625615
-0.609235
-0.592586
-0.575676
-0.558512
-0.541100
-0.523450
-0.505567
-0.487459
-0.469135
-0.450603
-0.431869
-0.412942
-0.393830
-0.374542
-0.355086
-0.335469
-0.315701
-0.295790
-0.275745
-0.255574
-0.235286
-0.214890
-0.194395
-0.173809
-0.153143
-0.132403
-0.111601
-0.090744
-0.069842
-0.048904
-0.027940
-0.006958
0.014032
0.035021
0.056000
0.076960
0.097890
0.118783
0.139628
0.160417
0.181140
0.201788
0.222351
0.242821
0.263189
0.283445
0.303580
0.323585
0.343452
0.363171
0.382734
0.402131
0.421353
0.440394
0.459242
0.477891
0.496331
0.514555
0.532553
0.550318
0.567841
0.585115
0.602132
0.618883
0.635362
0.651560
0.667471
0.683086
0.698398
0.713401
0.728088
0.742451
0.756484
0.770180
0.783534
0.796538
0.809186
0.821474
0.833394
0.844941
0.856110
0.866896
0.877292
0.887295
0.896899
0.906101
0.914894
0.923275
0.931241
0.938786
0.945908
0.952603
0.958867
0.964697
0.970090
0.975044
0.979556
0.983624
0.987245
0.990417
0.993139
0.995409
0.997226
0.998588
0.999495
0.999946
0.999940
0.999477
0.998557
0.997179
0.995345
0.993055
0.990309
0.987109
0.983455
0.979349
0.974792
0.969787
0.964335
0.958438
0.952099
0.945320
0.938104
0.930454
0.922374
0.913867
0.904935
0.895584
0.885818
0.875639
0.865054
0.854066
0.842680
0.830901
0.818735
0.806186
0.793261
0.779965
0.766303
0.752283
0.737910
0.723190
0.708131
0.692739
0.677020
0.660983
0.644634
0.627980
0.611030
0.593791
0.576270
0.558476
0.540417
0.522101
0.503536
0.484732
0.465696
0.446437
0.426965
0.407287
0.387414
0.367355
0.347118
0.326713
0.306150
0.285438
0.264587
0.243606
0.222506
0.201296
0.179986
0.158585
0.137105
0.115555
0.093946
0.072286
0.050588
0.028860
0.007114
-0.014642
-0.036395
-0.058136
-0.079855
-0.101542
-0.123185
-0.144775
-0.166302
-0.187755
-0.209123
-0.230398
-0.251567
-0.272623
-0.293553
-0.314348
-0.334999
-0.355495
-0.375826
-0.395982
-0.415955
-0.435733
-0.455308
-0.474669
-0.493808
-0.512716
-0.531382
-0.549798
-0.567955
-0.585844
-0.603456
-0.620782
-0.637815
-0.654545
-0.670964
-0.687065
-0.702839
-0.718278
-0.733375
-0.748122
-0.762511
-0.776537
-0.790191
-0.803466
-0.816357
-0.828856
-0.840958
-0.852656
-0.863943
-0.874815
-0.885266
-0.895290
-0.904883
-0.914039
-0.922753
-0.931021
-0.938839
-0.946203
-0.953108
-0.959551
-0.965529
-0.971038
-0.976075
-0.980637
-0.984723
-0.988329
-0.991453
-0.994094
-0.996250
-0.997919
-0.999101
-0.999794
-0.999998
-0.999713
-0.998937
-0.997672
-0.995917
-0.993672
-0.990940
-0.987720
-0.984014
-0.979824
-0.975151
-0.969996
-0.964364
-0.958254
-0.951671
-0.944618
-0.937097
-0.929112
-0.920666
-0.911763
-0.902408
-0.892605
-0.882357
-0.871671
-0.860551
-0.849001
-0.837029
-0.824638
-0.811836
-0.798628
-0.785020
-0.771019
-0.756632
-0.741865
-0.726725
-0.711221
-0.695359
-0.679146
-0.662592
-0.645703
-0.628488
-0.610956
-0.593114
-0.574972
-0.556538
-0.537822
-0.518832
-0.499579
-0.480070
-0.460317
-0.440328
-0.420114
-0.399685
-0.379050
-0.358220
-0.337205
-0.316016
-0.294663
-0.273156
-0.251508
-0.229727
-0.207826
-0.185815
-0.163705
-0.141508
-0.119234
-0.096894
-0.074500
-0.052064
-0.029596
-0.007107
0.015390
0.037884
0.060365
0.082820
0.105239
0.127609
0.149920
0.172160
0.194317
0.216381
0.238340
0.260183
0.281899
0.303476
0.324903
0.346170
0.367265
0.388178
0.408898
0.429414
0.449715
0.469791
0.489631
0.509226
0.528564
0.547637
0.566433
0.584943
0.603158
0.621068
0.638663
0.655934
0.672872
0.689469
0.705714
0.721601
0.737120
0.752263
0.767022
0.781389
0.795357
0.808918
0.822064
0.834789
0.847086
0.858948
0.870368
0.881341
0.891861
0.901921
0.911517
0.920642
0.929292
0.937463
0.945148
0.952345
0.959049
0.965256
0.970963
0.976166
0.980862
0.985049
0.988724
0.991885
0.994529
0.996655
0.998262
0.999348
0.999912
0.999954
0.999473
0.998470
0.996944
0.994896
0.992326
0.989236
0.985627
0.981500
0.976857
0.971700
0.966032
0.959855
0.953172
0.945987
0.938302
0.930122
0.921450
0.912290
0.902648
0.892528
0.881934
0.870873
0.859349
0.847369
0.834938
0.822063
0.808750
0.795006
0.780838
0.766253
0.751259
0.735863
0.720074
0.703898
0.687346
0.670424
0.653142
0.635510
0.617535
0.599227
0.580597
0.561652
0.542405
0.522864
0.503039
0.482942
0.462582
0.441971
0.421118
0.400036
0.378736
0.357228
0.335523
0.313634
0.291573
0.269349
0.246977
0.224467
0.201831
0.179082
0.156231
0.133291
0.110275
0.087194
0.064061
0.040888
0.017687
-0.005528
-0.028745
-0.051952
-0.075136
-0.098285
-0.121386
-0.144427
-0.167394
-0.190277
-0.213062
-0.235736
-0.258288
-0.280705
-0.302975
-0.325085
-0.347025
-0.368781
-0.390341
-0.411694
-0.432828
-0.453732
-0.474394
-0.494802
-0.514945
-0.534812
-0.554392
-0.573674
-0.592648
-0.611303
-0.629628
-0.647613
-0.665248
-0.682523
-0.699430
-0.715957
-0.732096
-0.747837
-0.763172
-0.778093
-0.792590
-0.806655
-0.820281
-0.833459
-0.846182
-0.858443
-0.870235
-0.881550
-0.892383
-0.902727
-0.912576
-0.921924
-0.930766
-0.939096
-0.946910
-0.954203
-0.960971
-0.967209
-0.972913
-0.978081
-0.982708
-0.986793
-0.990332
-0.993323
-0.995764
-0.997653
-0.998989
-0.999771
-0.999998
-0.999669
-0.998784
-0.997344
-0.995349
-0.992799
-0.989696
-0.986041
-0.981835
-0.977082
-0.971781
-0.965938
-0.959554
-0.952632
-0.945177
-0.937191
-0.928680
-0.919647
-0.910097
-0.900035
-0.889467
-0.878398
-0.866833
-0.854780
-0.842244
-0.829233
-0.815753
-0.801811
-0.787416
-0.772574
-0.757294
-0.741584
-0.725453
-0.708910
-0.691964
-0.674623
-0.656898
-0.638798
-0.620333
-0.601513
-0.582350
-0.562853
-0.543033
-0.522901
-0.502469
-0.481747
-0.460748
-0.439483
-0.417964
-0.396203
-0.374213
-0.352004
-0.329591
-0.306986
-0.284201
-0.261249
-0.238143
-0.214897
-0.191523
-0.168035
-0.144446
-0.120769
-0.097018
-0.073207
-0.049348
-0.025456
-0.001544
0.022374
0.046285
0.070174
0.094028
0.117834
0.141577
0.165244
0.188822
0.212297
0.235654
0.258882
0.281965
0.304892
0.327648
0.350221
0.372597
0.394763
0.416706
0.438414
0.459874
0.481073
0.501999
0.522640
0.542983
0.563016
0.582729
0.602108
0.621144
0.639823
0.658136
0.676072
0.693619
0.710768
0.727508
0.743829
0.759722
0.775177
0.790184
0.804735
0.818821
0.832433
0.845563
0.858204
0.870347
0.881985
0.893111
0.903718
0.913800
0.923350
0.932362
0.940832
0.948752
0.956120
0.962929
0.969175
0.974855
0.979965
0.984501
0.988460
0.991840
0.994638
0.996853
0.998482
0.999524
0.999978
0.999844
0.999121
0.997810
0.995910
0.993423
0.990349
0.986691
0.982448
0.977625
0.972223
0.966246
0.959695
0.952576
0.944891
0.936645
0.927842
0.918488
0.908587
0.898145
0.887167
0.875661
0.863632
0.851087
0.838034
0.824480
0.810432
0.795899
0.780888
0.765410
0.749471
0.733083
0.716253
0.698993
0.681312
0.663220
0.644727
0.625846
0.606586
0.586959
0.566976
0.546650
0.525992
0.505014
0.483729
0.462149
0.440287
0.418156
0.395769
0.373140
0.350281
0.327207
0.303931
0.280468
0.256830
0.233032
0.209089
0.185015
0.160824
0.136531
0.112150
0.087696
0.063184
0.038629
0.014044
-0.010553
-0.035150
-0.059731
-0.084281
-0.108785
-0.133228
-0.157595
-0.181873
-0.206045
-0.230097
-0.254014
-0.277782
-0.301386
-0.324812
-0.348045
-0.371072
-0.393877
-0.416447
-0.438767
-0.460826
-0.482607
-0.504099
-0.525287
-0.546159
-0.566701
-0.586902
-0.606747
-0.626226
-0.645325
-0.664033
-0.682338
-0.700229
-0.717694
-0.734722
-0.751303
-0.767426
-0.783081
-0.798258
-0.812948
-0.827141
-0.840827
-0.853999
-0.866648
-0.878765
-0.890343
-0.901375
-0.911852
-0.921770
-0.931120
-0.939897
-0.948095
-0.955708
-0.962732
-0.969162
-0.974993
-0.980221
-0.984844
-0.988856
-0.992257
-0.995042
-0.997211
-0.998761
-0.999691
-1.000000
-0.999687
-0.998753
-0.997197
-0.995019
-0.992222
-0.988806
-0.984773
-0.980125
-0.974865
-0.968996
-0.962520
-0.955441
-0.947764
-0.939494
-0.930633
-0.921189
-0.911166
-0.900571
-0.889409
-0.877688
-0.865414
-0.852594
-0.839237
-0.825350
-0.810942
-0.796021
-0.780597
-0.764679
-0.748277
-0.731400
-0.714059
-0.696265
-0.678028
-0.659361
-0.640273
-0.620778
-0.600886
-0.580611
-0.559965
-0.538961
-0.517612
-0.495931
-0.473931
-0.451627
-0.429032
-0.406161
-0.383027
-0.359646
-0.336032
-0.312199
-0.288164
-0.263940
-0.239544
-0.214990
-0.190294
-0.165472
-0.140540
-0.115513
-0.090407
-0.065239
-0.040023
-0.014777
0.010484
0.035744
0.060986
0.086194
0.111352
0.136445
0.161455
0.186368
0.211166
0.235834
0.260356
0.284716
0.308899
0.332889
0.356670
0.380227
0.403544
0.426608
0.449401
0.471911
0.494121
0.516018
0.537588
0.558815
0.579687
0.600189
0.620309
0.640032
0.659346
0.678239
0.696697
0.714709
0.732262
0.749346
0.765948
0.782057
0.797664
0.812756
0.827325
0.841361
0.854854
0.867794
0.880174
0.891985
0.903218
0.913867
0.923924
0.933381
0.942233
0.950473
0.958096
0.965096
0.971469
0.977208
0.982312
0.986775
0.990595
0.993769
0.996293
0.998167
0.999388
0.999956
0.999869
0.999127
0.997730
0.995680
0.992975
0.989619
0.985613
0.980959
0.975660
0.969718
0.963138
0.955923
0.948078
0.939607
0.930516
0.920810
0.910495
0.899578
0.888065
0.875964
0.863282
0.850028
0.836210
0.821836
0.806916
0.791459
0.775475
0.758975
0.741968
0.724467
0.706482
0.688025
0.669108
0.649742
0.629942
0.609719
0.589087
0.568060
0.546650
0.524872
0.502741
0.480270
0.457475
0.434370
0.410972
0.387294
0.363353
0.339165
0.314746
0.290111
0.265277
0.240261
0.215080
0.189749
0.164286
0.138708
0.113032
0.087275
0.061454
0.035587
0.009691
-0.016218
-0.042120
-0.068000
-0.093839
-0.119620
-0.145326
-0.170939
-0.196443
-0.221819
-0.247052
-0.272122
-0.297015
-0.321712
-0.346197
-0.370453
-0.394464
-0.418214
-0.441686
-0.464863
-0.487732
-0.510274
-0.532476
-0.554322
-0.575796
-0.596885
-0.617573
-0.637847
-0.657692
-0.677094
-0.696041
-0.714518
-0.732514
-0.750015
-0.767010
-0.783486
-0.799432
-0.814836
-0.829689
-0.843979
-0.857697
-0.870832
-0.883376
-0.895319
-0.906654
-0.917371
-0.927463
-0.936923
-0.945744
-0.953920
-0.961444
-0.968311
-0.974516
-0.980055
-0.984922
-0.989115
-0.992630
-0.995465
-0.997616
-0.999082
-0.999862
-0.999954
-0.999359
-0.998075
-0.996104
-0.993447
-0.990105
-0.986080
-0.981374
-0.975990
-0.969931
-0.963202
-0.955806
-0.947748
-0.939033
-0.929667
-0.919657
-0.909008
-0.897727
-0.885822
-0.873302
-0.860173
-0.846445
-0.832128
-0.817230
-0.801762
-0.785734
-0.769156
-0.752041
-0.734399
-0.716243
-0.697585
-0.678438
-0.658814
-0.638727
-0.618192
-0.597220
-0.575829
-0.554031
-0.531842
-0.509277
-0.486351
-0.463081
-0.439483
-0.415573
-0.391367
-0.366882
-0.342136
-0.317145
-0.291926
-0.266498
-0.240878
-0.215084
-0.189133
-0.163045
-0.136837
-0.110528
-0.084135
-0.057679
-0.031176
-0.004646
0.021892
0.048420
0.074919
0.101371
0.127756
0.154057
0.180254
0.206329
0.232263
0.258038
0.283636
0.309038
0.334227
0.359183
0.383891
0.408331
0.432487
0.456341
0.479876
0.503075
0.525922
0.548400
0.570492
0.592183
0.613458
0.634300
0.654696
0.674629
0.694086
0.713052
0.731514
0.749457
0.766870
0.783739
0.800052
0.815797
0.830963
0.845537
0.859510
0.872871
0.885610
0.897717
0.909185
0.920003
0.930164
0.939660
0.948484
0.956630
0.964090
0.970860
0.976934
0.982307
0.986975
0.990934
0.994181
0.996713
0.998528
0.999624
1.000000
0.999655
0.998590
0.996804
0.994298
0.991074
0.987133
0.982479
0.977113
0.971040
0.964263
0.956787
0.948618
0.939759
0.930218
0.920001
0.909115
0.897567
0.885366
0.872520
0.859038
0.844929
0.830203
0.814871
0.798943
0.782430
0.765345
0.747700
0.729506
0.710777
0.691526
0.671768
0.651515
0.630783
0.609586
0.587940
0.565860
0.543362
0.520463
0.497178
0.473525
0.449520
0.425182
0.400528
0.375575
0.350342
0.324847
0.299108
0.273145
0.246977
0.220622
0.194100
0.167429
0.140631
0.113724
0.086728
0.059663
0.032548
0.005405
-0.021748
-0.048890
-0.076001
-0.103061
-0.130050
-0.156949
-0.183737
-0.210394
-0.236900
-0.263237
-0.289384
-0.315321
-0.341030
-0.366491
-0.391686
-0.416595
-0.441199
-0.465481
-0.489422
-0.513005
-0.536210
-0.559022
-0.581422
-0.603394
-0.624921
-0.645988
-0.666577
-0.686674
-0.706262
-0.725328
-0.743857
-0.761834
-0.779247
-0.796080
-0.812322
-0.827961
-0.842983
-0.857378
-0.871134
-0.884241
-0.896688
-0.908466
-0.919566
-0.929978
-0.939696
-0.948710
-0.957014
-0.964601
-0.971465
-0.977601
-0.983003
-0.987667
-0.991590
-0.994766
-0.997195
-0.998873
-0.999800
-0.999972
-0.999392
-0.998057
-0.995969
-0.993129
-0.989539
-0.985200
-0.980116
-0.974291
-0.967728
-0.960431
-0.952406
-0.943659
-0.934195
-0.924022
-0.913147
-0.901577
-0.889321
-0.876388
-0.862787
-0.848529
-0.833624
-0.818082
-0.801915
-0.785135
-0.767755
-0.749787
-0.731245
-0.712142
-0.692494
-0.672313
-0.651616
-0.630419
-0.608736
-0.586584
-0.563980
-0.540941
-0.517484
-0.493628
-0.469389
-0.444786
-0.419838
-0.394564
-0.368983
-0.343115
-0.316978
-0.290594
-0.263982
-0.237162
-0.210155
-0.182981
-0.155662
-0.128217
-0.100669
-0.073039
-0.045347
-0.017615
0.010136
0.037884
0.065609
0.093288
0.120900
0.148424
0.175839
0.203123
0.230256
0.257215
0.283981
0.310533
0.336849
0.362909
0.388694
0.414182
0.439354
0.464191
0.488672
0.512779
0.536492
0.559794
0.582665
0.605088
0.627045
0.648519
0.669492
0.689949
0.709872
0.729247
0.748057
0.766288
0.783925
0.800954
0.817362
0.833135
0.848261
0.862727
0.876522
0.889635
0.902055
0.913771
0.924775
0.935058
0.944610
0.953424
0.961493
0.968810
0.975368
0.981163
0.986189
0.990442
0.993918
0.996614
0.998527
0.999656
0.999998
0.999554
0.998324
0.996307
0.993505
0.989920
0.985554
0.980410
0.974492
0.967804
0.960351
0.952138
0.943171
0.933457
0.923004
0.911819
0.899910
0.887287
0.873960
0.859937
0.845231
0.829852
0.813812
0.797124
0.779800
0.761855
0.743300
0.724152
0.704425
0.684135
0.663296
0.641926
0.620042
0.597659
0.574797
0.551472
0.527704
0.503510
0.478910
0.453924
0.428571
0.402870
0.376844
0.350511
0.323894
0.297012
0.269888
0.242543
0.214998
0.187277
0.159400
0.131391
0.103271
0.075062
0.046789
0.018473
-0.009864
-0.038197
-0.066505
-0.094765
-0.122954
-0.151049
-0.179028
-0.206868
-0.234547
-0.262041
-0.289330
-0.316390
-0.343200
-0.369738
-0.395982
-0.421912
-0.447506
-0.472743
-0.497602
-0.522064
-0.546108
-0.569714
-0.592864
-0.615538
-0.637717
-0.659384
-0.680520
-0.701108
-0.721131
-0.740573
-0.759417
-0.777648
-0.795251
-0.812210
-0.828512
-0.844144
-0.859091
-0.873342
-0.886885
-0.899707
-0.911799
-0.923150
-0.933751
-0.943592
-0.952664
-0.960961
-0.968474
-0.975198
-0.981126
-0.986254
-0.990575
-0.994087
-0.996787
-0.998670
-0.999737
-0.999984
-0.999412
-0.998020
-0.995810
-0.992783
-0.988940
-0.984284
-0.978819
-0.972549
-0.965478
-0.957613
-0.948958
-0.939521
-0.929309
-0.918329
-0.906592
-0.894105
-0.880879
-0.866924
-0.852251
-0.836873
-0.820800
-0.804047
-0.786627
-0.768554
-0.749842
-0.730506
-0.710563
-0.690028
-0.668918
-0.647250
-0.625042
-0.602312
-0.579078
-0.555360
-0.531177
-0.506549
-0.481495
-0.456038
-0.430196
-0.403993
-0.377448
-0.350585
-0.323426
-0.295992
-0.268307
-0.240393
-0.212274
-0.183973
-0.155514
-0.126919
-0.098214
-0.069421
-0.040565
-0.011671
0.017239
0.046140
0.075007
0.103817
0.132545
0.161167
0.189659
0.217998
0.246159
0.274118
0.301853
0.329339
0.356554
0.383475
0.410078
0.436341
0.462243
0.487760
0.512872
0.537556
0.561793
0.585561
0.608839
0.631609
0.653851
0.675545
0.696674
0.717218
0.737160
0.756484
0.775172
0.793208
0.810577
0.827263
0.843253
0.858532
0.873087
0.886905
0.899974
0.912283
0.923820
0.934576
0.944542
0.953707
0.962064
0.969606
0.976325
0.982216
0.987273
0.991491
0.994866
0.997395
0.999075
0.999904
0.999882
0.999008
0.997281
0.994704
0.991277
0.987004
0.981888
0.975931
0.969140
0.961519
0.953075
0.943814
0.933744
0.922873
0.911209
0.898763
0.885545
0.871565
0.856836
0.841369
0.825177
0.808274
0.790673
0.772391
0.753442
0.733841
0.713606
0.692754
0.671302
0.649268
0.626671
0.603530
0.579865
0.555696
0.531044
0.505929
0.480373
0.454398
0.428026
0.401279
0.374181
0.346755
0.319024
0.291012
0.262744
0.234243
0.205534
0.176642
0.147591
0.118408
0.089117
0.059743
0.030313
0.000851
-0.028617
-0.058066
-0.087469
-0.116801
-0.146037
-0.175151
-0.204117
-0.232911
-0.261507
-0.289881
-0.318006
-0.345860
-0.373416
-0.400652
-0.427543
-0.454065
-0.480195
-0.505911
-0.531188
-0.556006
-0.580342
-0.604174
-0.627482
-0.650245
-0.672442
-0.694053
-0.715061
-0.735445
-0.755187
-0.774271
-0.792678
-0.810393
-0.827399
-0.843681
-0.859224
-0.874015
-0.888039
-0.901285
-0.913740
-0.925392
-0.936232
-0.946248
-0.955433
-0.963776
-0.971271
-0.977911
-0.983689
-0.988599
-0.992637
-0.995798
-0.998080
-0.999480
-0.999997
-0.999629
-0.998376
-0.996239
-0.993219
-0.989319
-0.984541
-0.978890
-0.972369
-0.964985
-0.956743
-0.947650
-0.937714
-0.926944
-0.915347
-0.902935
-0.889718
-0.875707
-0.860914
-0.845352
-0.829034
-0.811976
-0.794190
-0.775694
-0.756502
-0.736633
-0.716102
-0.694929
-0.673131
-0.650728
-0.627740
-0.604187
-0.580090
-0.555469
-0.530347
-0.504746
-0.478688
-0.452197
-0.425297
-0.398010
-0.370362
-0.342377
-0.314079
-0.285495
-0.256650
-0.227569
-0.198279
-0.168805
-0.139174
-0.109414
-0.079549
-0.049608
-0.019617
0.010397
0.040406
0.070385
0.100305
0.130139
0.159862
0.189445
0.218862
0.248087
0.277092
0.305852
0.334340
0.362531
0.390399
0.417918
0.445063
0.471810
0.498134
0.524011
0.549418
0.574330
0.598726
0.622582
0.645877
0.668590
0.690699
0.712184
0.733026
0.753204
0.772700
0.791497
0.809576
0.826921
0.843516
0.859344
0.874392
0.888645
0.902090
0.914714
0.926505
0.937452
0.947545
0.956773
0.965129
0.972603
0.979188
0.984879
0.989670
0.993554
0.996530
0.998593
0.999741
0.999972
0.999286
0.997683
0.995164
0.991731
0.987386
0.982134
0.975978
0.968923
0.960976
0.952144
0.942434
0.931854
0.920415
0.908125
0.894996
0.881041
0.866270
0.850697
0.834337
0.817204
0.799313
0.780681
0.761324
0.741260
0.720507
0.699084
0.677011
0.654307
0.630993
0.607091
0.582623
0.557610
0.532076
0.506044
0.479538
0.452583
0.425202
0.397423
0.369269
0.340767
0.311944
0.282826
0.253439
0.223812
0.193972
0.163945
0.133761
0.103448
0.073032
0.042544
0.012010
-0.018539
-0.049077
-0.079574
-0.110001
-0.140331
-0.170535
-0.200585
-0.230451
-0.260108
-0.289526
-0.318677
-0.347535
-0.376072
-0.404262
-0.432077
-0.459492
-0.486480
-0.513016
-0.539075
-0.564631
-0.589662
-0.614143
-0.638050
-0.661362
-0.684055
-0.706108
-0.727500
-0.748211
-0.768220
-0.787508
-0.806058
-0.823850
-0.840869
-0.857097
-0.872518
-0.887118
-0.900883
-0.913799
-0.925853
-0.937034
-0.947330
-0.956732
-0.965230
-0.972816
-0.979481
-0.985220
-0.990026
-0.993894
-0.996820
-0.998802
-0.999835
-0.999920
-0.999055
-0.997241
-0.994479
-0.990772
-0.986121
-0.980532
-0.974009
-0.966558
-0.958185
-0.948899
-0.938707
-0.927618
-0.915643
-0.902793
-0.889080
-0.874515
-0.859114
-0.842889
-0.825857
-0.808032
-0.789433
-0.770075
-0.749977
-0.729159
-0.707639
-0.685438
-0.662577
-0.639077
-0.614961
-0.590251
-0.564971
-0.539144
-0.512796
-0.485952
-0.458636
-0.430875
-0.402696
-0.374124
-0.345189
-0.315916
-0.286335
-0.256473
-0.226359
-0.196022
-0.165491
-0.134796
-0.103966
-0.073030
-0.042019
-0.010962
0.020110
0.051168
0.082182
0.113122
0.143957
0.174658
0.205195
0.235539
0.265659
0.295528
0.325115
0.354392
0.383330
0.411901
0.440078
0.467832
0.495136
0.521965
0.548290
0.574088
0.599332
0.623997
0.648060
0.671496
0.694282
0.716397
0.737817
0.758523
0.778492
0.797707
0.816146
0.833793
0.850629
0.866637
0.881802
0.896109
0.909542
0.922089
0.933736
0.944473
0.954287
0.963169
0.971109
0.978100
0.984135
0.989206
0.993308
0.996437
0.998589
0.999762
0.999955
0.999165
0.997394
0.994643
0.990915
0.986211
0.980537
0.973898
0.966299
0.957748
0.948253
0.937822
0.926466
0.914195
0.901020
0.886955
0.872012
0.856207
0.839554
0.822069
0.803769
0.784672
0.764796
0.744161
0.722787
0.700694
0.677904
0.654439
0.630322
0.605577
0.580228
0.554300
0.527817
0.500807
0.473296
0.445310
0.416878
0.388027
0.358786
0.329183
0.299249
0.269012
0.238502
0.207751
0.176787
0.145643
0.114348
0.082934
0.051433
0.019875
-0.011707
-0.043283
-0.074821
-0.106289
-0.137657
-0.168891
-0.199962
-0.230838
-0.261489
-0.291882
-0.321988
-0.351777
-0.381219
-0.410283
-0.438941
-0.467164
-0.494923
-0.522190
-0.548937
-0.575138
-0.600766
-0.625795
-0.650199
-0.673953
-0.697034
-0.719418
-0.741082
-0.762004
-0.782162
-0.801536
-0.820106
-0.837853
-0.854759
-0.870805
-0.885976
-0.900256
-0.913629
-0.926083
-0.937604
-0.948179
-0.957799
-0.966451
-0.974129
-0.980822
-0.986524
-0.991229
-0.994932
-0.997627
-0.999313
-0.999986
-0.999646
-0.998293
-0.995926
-0.992550
-0.988165
-0.982776
-0.976389
-0.969009
-0.960643
-0.951299
-0.940987
-0.929716
-0.917498
-0.904343
-0.890266
-0.875280
-0.859400
-0.842642
-0.825022
-0.806559
-0.787269
-0.767174
-0.746292
-0.724645
-0.702254
-0.679142
-0.655333
-0.630850
-0.605719
-0.579963
-0.553610
-0.526686
-0.499219
-0.471236
-0.442766
-0.413838
-0.384481
-0.354725
-0.324600
-0.294138
-0.263368
-0.232324
-0.201036
-0.169537
-0.137858
-0.106032
-0.074093
-0.042072
-0.010003
0.022081
0.054148
0.086164
0.118096
0.149912
0.181578
0.213062
0.244331
0.275353
0.306095
0.336526
0.366614
0.396329
0.425638
0.454512
0.482920
0.510833
0.538222
0.565058
0.591313
0.616959
0.641971
0.666320
0.689983
0.712934
0.735149
0.756604
0.777278
0.797147
0.816191
0.834390
0.851725
0.868177
0.883729
0.898363
0.912065
0.924819
0.936612
0.947432
0.957266
0.966103
0.973935
0.980752
0.986547
0.991313
0.995045
0.997738
0.999389
0.999997
0.999559
0.998076
0.995548
0.991979
0.987371
0.981728
0.975057
0.967363
0.958654
0.948938
0.938227
0.926529
0.913858
0.900225
0.885645
0.870133
0.853704
0.836376
0.818166
0.799092
0.779175
0.758436
0.736894
0.714574
0.691498
0.667689
0.643173
0.617976
0.592123
0.565641
0.538558
0.510903
0.482705
0.453992
0.424795
0.395144
0.365071
0.334608
0.303786
0.272638
0.241196
0.209494
0.177566
0.145444
0.113164
0.080758
0.048262
0.015709
-0.016865
-0.049426
-0.081940
-0.114372
-0.146687
-0.178852
-0.210831
-0.242591
-0.274098
-0.305318
-0.336218
-0.366765
-0.396926
-0.426668
-0.455961
-0.484772
-0.513071
-0.540827
-0.568010
-0.594591
-0.620541
-0.645833
-0.670439
-0.694332
-0.717487
-0.739878
-0.761481
-0.782273
-0.802231
-0.821333
-0.839558
-0.856887
-0.873301
-0.888781
-0.903311
-0.916874
-0.929455
-0.941041
-0.951618
-0.961176
-0.969702
-0.977188
-0.983625
-0.989005
-0.993322
-0.996572
-0.998749
-0.999852
-0.999878
-0.998828
-0.996701
-0.993500
-0.989227
-0.983886
-0.977484
-0.970026
-0.961519
-0.951973
-0.941398
-0.929804
-0.917203
-0.903609
-0.889036
-0.873499
-0.857014
-0.839599
-0.821273
-0.802054
-0.781963
-0.761023
-0.739254
-0.716680
-0.693325
-0.669214
-0.644374
-0.618830
-0.592610
-0.565743
-0.538257
-0.510181
-0.481547
-0.452384
-0.422725
-0.392602
-0.362046
-0.331092
-0.299772
-0.268121
-0.236172
-0.203962
-0.171524
-0.138894
-0.106108
-0.073201
-0.040209
-0.007168
0.025886
0.058916
0.091887
0.124763
0.157507
0.190084
0.222457
0.254592
0.286453
0.318004
0.349212
0.380042
0.410460
0.440433
0.469926
0.498908
0.527347
0.555211
0.582469
0.609092
0.635049
0.660311
0.684851
0.708642
0.731656
0.753868
0.775253
0.795788
0.815448
0.834213
0.852062
0.868973
0.884928
0.899909
0.913899
0.926882
0.938843
0.949769
0.959646
0.968465
0.976214
0.982884
0.988467
0.992958
0.996349
0.998638
0.999821
0.999897
0.998863
0.996723
0.993476
0.989127
0.983679
0.977139
0.969512
0.960808
0.951035
0.940203
0.928324
0.915411
0.901478
0.886540
0.870613
0.853714
0.835861
0.817075
0.797375
0.776784
0.755323
0.733017
0.709890
0.685966
0.661274
0.635839
0.609690
0.582856
0.555367
0.527252
0.498544
0.469274
0.439474
0.409178
0.378419
0.347232
0.315651
0.283711
0.251449
0.218900
0.186101
0.153088
0.119899
0.086569
0.053138
0.019642
-0.013881
-0.047393
-0.080857
-0.114235
-0.147490
-0.180583
-0.213478
-0.246138
-0.278525
-0.310603
-0.342335
-0.373687
-0.404621
-0.435104
-0.465100
-0.494576
-0.523498
-0.551833
-0.579548
-0.606613
-0.632996
-0.658667
-0.683597
-0.707757
-0.731120
-0.753658
-0.775347
-0.796160
-0.816075
-0.835067
-0.853115
-0.870199
-0.886298
-0.901394
-0.915469
-0.928506
-0.940491
-0.951409
-0.961248
-0.969995
-0.977641
-0.984176
-0.989592
-0.993883
-0.997043
-0.999068
-0.999956
-0.999704
-0.998313
-0.995783
-0.992118
-0.987320
-0.981395
-0.974349
-0.966190
-0.956926
-0.946567
-0.935126
-0.922613
-0.909044
-0.894434
-0.878797
-0.862153
-0.844520
-0.825917
-0.806365
-0.785887
-0.764505
-0.742243
-0.719127
-0.695183
-0.670437
-0.644919
-0.618656
-0.591679
-0.564019
-0.535706
-0.506774
-0.477254
-0.447182
-0.416590
-0.385515
-0.353992
-0.322056
-0.289745
-0.257095
-0.224145
-0.190931
-0.157492
-0.123867
-0.090094
-0.056212
-0.022260
0.011722
0.045696
0.079622
0.113461
0.147174
0.180721
0.214064
0.247164
0.279983
0.312482
0.344625
0.376372
0.407688
0.438537
0.468881
0.498685
0.527916
0.556538
0.584518
0.611824
0.638423
0.664284
0.689376
0.713671
0.737140
0.759755
0.781489
0.802316
0.822213
0.841155
0.859120
0.876086
0.892034
0.906945
0.920799
0.933582
0.945277
0.955871
0.965350
0.973703
0.980920
0.986992
0.991911
0.995671
0.998267
0.999696
0.999955
0.999043
0.996962
0.993713
0.989299
0.983725
0.976998
0.969123
0.960111
0.949972
0.938716
0.926356
0.912908
0.898384
0.882804
0.866183
0.848542
0.829901
0.810281
0.789704
0.768196
0.745780
0.722482
0.698331
0.673353
0.647577
0.621035
0.593757
0.565774
0.537120
0.507827
0.477931
0.447467
0.416469
0.384975
0.353021
0.320646
0.287886
0.254782
0.221371
0.187694
0.153789
0.119698
0.085460
0.051115
0.016706
-0.017729
-0.052147
-0.086508
-0.120772
-0.154897
-0.188843
-0.222569
-0.256036
-0.289203
-0.322031
-0.354481
-0.386514
-0.418092
-0.449177
-0.479731
-0.509718
-0.539103
-0.567849
-0.595923
-0.623291
-0.649919
-0.675775
-0.700830
-0.725051
-0.748410
-0.770879
-0.792430
-0.813038
-0.832677
-0.851323
-0.868954
-0.885548
-0.901084
-0.915545
-0.928912
-0.941168
-0.952299
-0.962290
-0.971129
-0.978806
-0.985310
-0.990633
-0.994768
-0.997710
-0.999454
-0.999999
-0.999342
-0.997485
-0.994429
-0.990176
-0.984733
-0.978104
-0.970298
-0.961322
-0.951188
-0.939908
-0.927493
-0.913959
-0.899322
-0.883599
-0.866808
-0.848969
-0.830103
-0.810233
-0.789382
-0.767574
-0.744837
-0.721196
-0.696680
-0.671319
-0.645142
-0.618182
-0.590469
-0.562039
-0.532923
-0.503159
-0.472780
-0.441825
-0.410330
-0.378333
-0.345873
-0.312989
-0.279720
-0.246107
-0.212191
-0.178012
-0.143613
-0.109034
-0.074318
-0.039507
-0.004642
0.030232
0.065075
0.099844
0.134495
0.168988
0.203280
0.237329
0.271093
0.304531
0.337603
0.370268
0.402485
0.434216
0.465421
0.496062
0.526101
0.555502
0.584228
0.612243
0.639514
0.666007
0.691688
0.716526
0.740491
0.763552
0.785681
0.806851
0.827035
0.846207
0.864345
0.881425
0.897427
0.912329
0.926113
0.938762
0.950259
0.960591
0.969744
0.977706
0.984467
0.990018
0.994352
0.997463
0.999346
0.999999
0.999421
0.997612
0.994572
0.990307
0.984820
0.978117
0.970207
0.961099
0.950803
0.939332
0.926699
0.912920
0.898010
0.881989
0.864875
0.846689
0.827453
0.807191
0.785927
0.763687
0.740498
0.716389
0.691388
0.665528
0.638838
0.611353
0.583106
0.554131
0.524465
0.494144
0.463205
0.431686
0.399626
0.367066
0.334045
0.300603
0.266784
0.232628
0.198177
0.163476
0.128566
0.093491
0.058295
0.023021
-0.012286
-0.047583
-0.082825
-0.117968
-0.152969
-0.187784
-0.222370
-0.256682
-0.290678
-0.324315
-0.357552
-0.390346
-0.422657
-0.454443
-0.485665
-0.516283
-0.546259
-0.575555
-0.604134
-0.631960
-0.658998
-0.685213
-0.710572
-0.735044
-0.758596
-0.781200
-0.802826
-0.823447
-0.843036
-0.861569
-0.879021
-0.895371
-0.910597
-0.924680
-0.937602
-0.949345
-0.959895
-0.969238
-0.977361
-0.984254
-0.989908
-0.994315
-0.997468
-0.999364
-1.000000
-0.999374
-0.997486
-0.994339
-0.989936
-0.984281
-0.977382
-0.969247
-0.959886
-0.949309
-0.937530
-0.924563
-0.910425
-0.895132
-0.878703
-0.861159
-0.842522
-0.822815
-0.802062
-0.780289
-0.757523
-0.733794
-0.709130
-0.683563
-0.657124
-0.629847
-0.601767
-0.572918
-0.543336
-0.513061
-0.482128
-0.450578
-0.418451
-0.385787
-0.352627
-0.319014
-0.284990
-0.250598
-0.215882
-0.180887
-0.145656
-0.110235
-0.074668
-0.039001
-0.003280
0.032451
0.068144
0.103756
0.139239
0.174549
0.209641
0.244470
0.278990
0.313158
0.346929
0.380261
0.413111
0.445435
0.477194
0.508345
0.538848
0.568664
0.597755
0.626083
0.653612
0.680305
0.706127
0.731047
0.755031
0.778047
0.800067
0.821060
0.841001
0.859863
0.877620
0.894250
0.909732
0.924043
0.937167
0.949085
0.959781
0.969241
0.977453
0.984405
0.990087
0.994493
0.997616
0.999451
0.999996
0.999249
0.997210
0.993883
0.989269
0.983376
0.976210
0.967780
0.958097
0.947172
0.935018
0.921652
0.907091
0.891351
0.874454
0.856422
0.837275
0.817041
0.795743
0.773410
0.750069
0.725752
0.700488
0.674311
0.647254
0.619352
0.590641
0.561158
0.530941
0.500029
0.468462
0.436280
0.403527
0.370243
0.336473
0.302259
0.267647
0.232682
0.197408
0.161872
0.126120
0.090199
0.054155
0.018036
-0.018112
-0.054240
-0.090302
-0.126251
-0.162040
-0.197621
-0.232948
-0.267975
-0.302656
-0.336945
-0.370797
-0.404167
-0.437012
-0.469289
-0.500954
-0.531967
-0.562285
-0.591869
-0.620681
-0.648681
-0.675833
-0.702100
-0.727448
-0.751844
-0.775254
-0.797647
-0.818995
-0.839267
-0.858437
-0.876480
-0.893371
-0.909088
-0.923608
-0.936914
-0.948986
-0.959809
-0.969367
-0.977647
-0.984639
-0.990331
-0.994717
-0.997790
-0.999546
-0.999981
-0.999094
-0.996887
-0.993361
-0.988521
-0.982372
-0.974923
-0.966182
-0.956160
-0.944872
-0.932330
-0.918551
-0.903553
-0.887355
-0.869978
-0.851445
-0.831780
-0.811009
-0.789158
-0.766257
-0.742336
-0.717424
-0.691557
-0.664767
-0.637089
-0.608561
-0.579220
-0.549104
-0.518254
-0.486710
-0.454513
-0.421707
-0.388336
-0.354442
-0.320071
-0.285270
-0.250083
-0.214559
-0.178743
-0.142684
-0.106431
-0.070030
-0.033531
0.003017
0.039566
0.076066
0.112470
0.148728
0.184791
0.220612
0.256142
0.291334
0.326141
0.360514
0.394410
0.427781
0.460583
0.492771
0.524303
0.555136
0.585227
0.614537
0.643026
0.670654
0.697386
0.723184
0.748013
0.771840
0.794632
0.816359
0.836990
0.856497
0.874854
0.892036
0.908018
0.922780
0.936300
0.948560
0.959543
0.969233
0.977618
0.984685
0.990424
0.994827
0.997887
0.999601
0.999964
0.998976
0.996638
0.992953
0.987925
0.981560
0.973866
0.964853
0.954534
0.942920
0.930029
0.915876
0.900480
0.883862
0.866044
0.847050
0.826904
0.805634
0.783268
0.759836
0.735370
0.709902
0.683466
0.656099
0.627836
0.598716
0.568779
0.538065
0.506614
0.474471
0.441677
0.408278
0.374319
0.339846
0.304905
0.269545
0.233812
0.197757
0.161427
0.124872
0.088142
0.051288
0.014359
-0.022595
-0.059522
-0.096372
-0.133096
-0.169642
-0.205961
-0.242003
-0.277718
-0.313057
-0.347973
-0.382417
-0.416341
-0.449700
-0.482446
-0.514536
-0.545924
-0.576568
-0.606425
-0.635454
-0.663614
-0.690868
-0.717176
-0.742503
-0.766814
-0.790074
-0.812251
-0.833315
-0.853236
-0.871986
-0.889539
-0.905870
-0.920957
-0.934778
-0.947314
-0.958546
-0.968460
-0.977040
-0.984275
-0.990154
-0.994669
-0.997812
-0.999579
-0.999967
-0.998975
-0.996603
-0.992855
-0.987735
-0.981249
-0.973407
-0.964219
-0.953695
-0.941852
-0.928704
-0.914270
-0.898568
-0.881621
-0.863451
-0.844082
-0.823542
-0.801857
-0.779059
-0.755178
-0.730246
-0.704299
-0.677371
-0.649500
-0.620724
-0.591082
-0.560615
-0.529367
-0.497378
-0.464695
-0.431361
-0.397423
-0.362929
-0.327925
-0.292461
-0.256585
-0.220347
-0.183798
-0.146989
-0.109970
-0.072794
-0.035511
0.001826
0.039164
0.076453
0.113640
0.150672
0.187499
0.224069
0.260330
0.296232
0.331724
0.366757
0.401281
0.435249
0.468612
0.501323
0.533337
0.564608
0.595092
0.624747
0.653530
0.681401
0.708320
0.734250
0.759153
0.782994
0.805740
0.827358
0.847817
0.867089
0.885145
0.901960
0.917510
0.931773
0.944727
0.956355
0.966639
0.975565
0.983119
0.989290
0.994069
0.997449
0.999425
0.999993
0.999152
0.996903
0.993248
0.988192
0.981742
0.973905
0.964693
0.954119
0.942196
0.928941
0.914373
0.898510
0.881376
0.862994
0.843389
0.822590
0.800624
0.777523
0.753318
0.728044
0.701736
0.674431
0.646167
0.616985
0.586924
0.556027
0.524338
0.491902
0.458764
0.424971
0.390570
0.355611
0.320143
0.284215
0.247880
0.211187
0.174190
0.136941
0.099493
0.061899
0.024212
-0.013514
-0.051225
-0.088868
-0.126389
-0.163734
-0.200851
-0.237686
-0.274186
-0.310300
-0.345975
-0.381161
-0.415808
-0.449865
-0.483284
-0.516017
-0.548017
-0.579238
-0.609634
-0.639163
-0.667782
-0.695449
-0.722125
-0.747771
-0.772349
-0.795825
-0.818165
-0.839335
-0.859305
-0.878047
-0.895533
-0.911737
-0.926635
-0.940206
-0.952431
-0.963290
-0.972767
-0.980850
-0.987525
-0.992782
-0.996614
-0.999014
-0.999979
-0.999506
-0.997596
-0.994251
-0.989475
-0.983274
-0.975658
-0.966635
-0.956220
-0.944427
-0.931271
-0.916771
-0.900949
-0.883826
-0.865426
-0.845775
-0.824902
-0.802836
-0.779608
-0.755252
-0.729803
-0.703296
-0.675770
-0.647264
-0.617819
-0.587477
-0.556282
-0.524279
-0.491513
-0.458032
-0.423884
-0.389118
-0.353785
-0.317935
-0.281619
-0.244892
-0.207805
-0.170412
-0.132768
-0.094927
-0.056943
-0.018873
0.019230
0.057309
0.095310
0.133176
0.170853
0.208287
0.245422
0.282205
0.318581
0.354499
0.389904
0.424747
0.458975
0.492539
0.525389
0.557478
0.588758
0.619184
0.648711
0.677295
0.704895
0.731469
0.756979
0.781388
0.804658
0.826756
0.847649
0.867306
0.885698
0.902798
0.918579
0.933020
0.946097
0.957791
0.968086
0.976964
0.984413
0.990421
0.994980
0.998081
0.999720
0.999893
0.998601
0.995844
0.991626
0.985953
0.978832
0.970273
0.960289
0.948894
0.936103
0.921935
0.906411
0.889553
0.871385
0.851934
0.831227
0.809294
0.786168
0.761882
0.736472
0.709974
0.682427
0.653871
0.624349
0.593903
0.562577
0.530418
0.497474
0.463791
0.429420
0.394411
0.358816
0.322686
0.286076
0.249039
0.211630
0.173903
0.135915
0.097722
0.059379
0.020944
-0.017526
-0.055975
-0.094345
-0.132580
-0.170623
-0.208418
-0.245908
-0.283038
-0.319753
-0.355997
-0.391718
-0.426862
-0.461377
-0.495210
-0.528312
-0.560634
-0.592127
-0.622743
-0.652438
-0.681166
-0.708885
-0.735552
-0.761129
-0.785577
-0.808858
-0.830938
-0.851783
-0.871362
-0.889646
-0.906606
-0.922218
-0.936456
-0.949300
-0.960730
-0.970729
-0.979280
-0.986371
-0.991990
-0.996130
-0.998782
-0.999943
-0.999610
-0.997783
-0.994465
-0.989659
-0.983374
-0.975616
-0.966399
-0.955734
-0.943638
-0.930127
-0.915222
-0.898945
-0.881320
-0.862371
-0.842128
-0.820621
-0.797880
-0.773940
-0.748837
-0.722607
-0.695289
-0.666925
-0.637556
-0.607226
-0.575981
-0.543866
-0.510931
-0.477224
-0.442795
-0.407697
-0.371981
-0.335701
-0.298913
-0.261670
-0.224029
-0.186046
-0.147779
-0.109285
-0.070621
-0.031847
0.006980
0.045800
0.084556
0.123189
0.161640
0.199851
0.237765
0.275325
0.312473
0.349153
0.385309
0.420887
0.455833
0.490094
0.523617
0.556352
0.588249
0.619259
0.649336
0.678432
0.706504
0.733509
0.759406
0.784155
0.807718
0.830059
0.851144
0.870939
0.889416
0.906545
0.922300
0.936656
0.949592
0.961087
0.971122
0.979683
0.986756
0.992330
0.996395
0.998945
0.999976
0.999485
0.997473
0.993942
0.988897
0.982346
0.974297
0.964763
0.953757
0.941296
0.927398
0.912085
0.895378
0.877304
0.857888
0.837161
0.815153
0.791898
0.767430
0.741788
0.715009
0.687134
0.658205
0.628266
0.597364
0.565543
0.532854
0.499346
0.465069
0.430077
0.394422
0.358158
0.321342
0.284029
0.246277
0.208143
0.169685
0.130962
0.092035
0.052962
0.013803
-0.025381
-0.064531
-0.103586
-0.142486
-0.181172
-0.219583
-0.257661
-0.295347
-0.332583
-0.369312
-0.405476
-0.441020
-0.475889
-0.510029
-0.543388
-0.575913
-0.607554
-0.638262
-0.667990
-0.696692
-0.724322
-0.750837
-0.776198
-0.800363
-0.823295
-0.844959
-0.865320
-0.884348
-0.902010
-0.918281
-0.933135
-0.946547
-0.958498
-0.968967
-0.977938
-0.985397
-0.991332
-0.995733
-0.998593
-0.999906
-0.999671
-0.997887
-0.994556
-0.989683
-0.983275
-0.975342
-0.965894
-0.954948
-0.942518
-0.928624
-0.913287
-0.896530
-0.878379
-0.858861
-0.838006
-0.815847
-0.792417
-0.767753
-0.741891
-0.714873
-0.686740
-0.657535
-0.627303
-0.596091
-0.563948
-0.530922
-0.497066
-0.462432
-0.427073
-0.391044
-0.354402
-0.317203
-0.279505
-0.241367
-0.202848
-0.164008
-0.124908
-0.085608
-0.046171
-0.006657
0.032872
0.072353
0.111726
0.150929
0.189899
0.228577
0.266901
0.304812
0.342250
0.379155
0.415472
0.451141
0.486107
0.520315
0.553712
0.586244
0.617860
0.648510
0.678147
0.706722
0.734192
0.760511
0.785640
0.809537
0.832166
0.853489
0.873473
0.892086
0.909299
0.925084
0.939415
0.952270
0.963628
0.973470
0.981781
0.988547
0.993756
0.997401
0.999475
0.999973
0.998896
0.996243
0.992019
0.986230
0.978884
0.969993
0.959570
0.947630
0.934193
0.919280
0.902912
0.885116
0.865919
0.845351
0.823445
0.800234
0.775754
0.750045
0.723146
0.695100
0.665950
0.635742
0.604524
0.572346
0.539257
0.505309
0.470557
0.435056
0.398860
0.362028
0.324618
0.286689
0.248300
0.209513
0.170390
0.130991
0.091380
0.051620
0.011774
-0.028096
-0.067925
-0.107650
-0.147208
-0.186537
-0.225573
-0.264253
-0.302518
-0.340304
-0.377553
-0.414204
-0.450199
-0.485481
-0.519992
-0.553678
-0.586485
-0.618360
-0.649251
-0.679110
-0.707888
-0.735540
-0.762019
-0.787285
-0.811295
-0.834012
-0.855398
-0.875420
-0.894044
-0.911240
-0.926980
-0.941240
-0.953994
-0.965223
-0.974909
-0.983034
-0.989586
-0.994553
-0.997928
-0.999703
-0.999877
-0.998448
-0.995417
-0.990789
-0.984572
-0.976774
-0.967408
-0.956488
-0.944031
-0.930057
-0.914587
-0.897646
-0.879261
-0.859461
-0.838278
-0.815744
-0.791896
-0.766771
-0.740410
-0.712855
-0.684149
-0.654339
-0.623473
-0.591598
-0.558768
-0.525033
-0.490449
-0.455071
-0.418955
-0.382160
-0.344744
-0.306768
-0.268294
-0.229382
-0.190096
-0.150499
-0.110654
-0.070627
-0.030481
0.009718
0.049906
0.090017
0.129986
0.169750
0.209243
0.248402
0.287163
0.325463
0.363240
0.400433
0.436981
0.472825
0.507907
0.542169
0.575555
0.608012
0.639486
0.669926
0.699283
0.727507
0.754554
0.780378
0.804938
0.828193
0.850105
0.870638
0.889759
0.907434
0.923637
0.938339
0.951516
0.963147
0.973211
0.981693
0.988578
0.993853
0.997511
0.999544
0.999948
0.998724
0.995871
0.991395
0.985301
0.977600
0.968303
0.957426
0.944984
0.930999
0.915493
0.898490
0.880018
0.860106
0.838787
0.816095
0.792066
0.766740
0.740158
0.712362
0.683397
0.653312
0.622154
0.589974
0.556825
0.522761
0.487837
0.452110
0.415639
0.378482
0.340702
0.302358
0.263515
0.224236
0.184585
0.144626
0.104426
0.064051
0.023566
-0.016961
-0.057465
-0.097879
-0.138135
-0.178169
-0.217914
-0.257305
-0.296277
-0.334765
-0.372706
-0.410038
-0.446699
-0.482628
-0.517766
-0.552054
-0.585437
-0.617858
-0.649264
-0.679604
-0.708825
-0.736881
-0.763724
-0.789310
-0.813596
-0.836542
-0.858109
-0.878261
-0.896965
-0.914189
-0.929905
-0.944085
-0.956707
-0.967748
-0.977190
-0.985017
-0.991215
-0.995774
-0.998685
-0.999944
-0.999547
-0.997495
-0.993791
-0.988441
-0.981451
-0.972835
-0.962606
-0.950779
-0.937375
-0.922414
-0.905922
-0.887925
-0.868452
-0.847537
-0.825211
-0.801514
-0.776482
-0.750158
-0.722585
-0.693809
-0.663876
-0.632836
-0.600741
-0.567643
-0.533598
-0.498661
-0.462891
-0.426347
-0.389089
-0.351180
-0.312681
-0.273658
-0.234176
-0.194298
-0.154093
-0.113627
-0.072968
-0.032182
0.008661
0.049494
0.090248
0.130856
0.171249
0.211361
0.251123
0.290470
0.329335
0.367654
0.405363
0.442397
0.478695
0.514196
0.548840
0.582569
0.615327
0.647058
0.677709
0.707228
0.735565
0.762672
0.788505
0.813018
0.836171
0.857924
0.878241
0.897086
0.914429
0.930238
0.944488
0.957154
0.968214
0.977649
0.985443
0.991582
0.996056
0.998856
0.999977
0.999416
0.997175
0.993257
0.987667
0.980414
0.971511
0.960971
0.948813
0.935055
0.919721
0.902836
0.884428
0.864527
0.843167
0.820384
0.796214
0.770700
0.743882
0.715807
0.686520
0.656072
0.624514
0.591897
0.558278
0.523712
0.488257
0.451974
0.414924
0.377168
0.338770
0.299796
0.260311
0.220382
0.180075
0.139460
0.098605
0.057578
0.016450
-0.024709
-0.065831
-0.106846
-0.147683
-0.188274
-0.228550
-0.268442
-0.307883
-0.346805
-0.385142
-0.422830
-0.459803
-0.495999
-0.531356
-0.565814
-0.599314
-0.631799
-0.663213
-0.693503
-0.722617
-0.750504
-0.777117
-0.802411
-0.826342
-0.848868
-0.869952
-0.889556
-0.907648
-0.924195
-0.939169
-0.952544
-0.964297
-0.974407
-0.982857
-0.989631
-0.994718
-0.998108
-0.999796
-0.999777
-0.998052
-0.994622
-0.989494
-0.982675
-0.974176
-0.964012
-0.952199
-0.938758
-0.923710
-0.907081
-0.888900
-0.869195
-0.848002
-0.825355
-0.801293
-0.775857
-0.749090
-0.721038
-0.691747
-0.661268
-0.629654
-0.596957
-0.563233
-0.528540
-0.492938
-0.456486
-0.419248
-0.381287
-0.342667
-0.303456
-0.263720
-0.223527
-0.182946
-0.142047
-0.100900
-0.059575
-0.018144
0.023322
0.064752
0.106074
0.147218
0.188113
0.228688
0.268873
0.308599
0.347797
0.386401
0.424342
0.461556
0.497978
0.533545
0.568196
0.601870
0.634509
0.666058
0.696459
0.725663
0.753616
0.780271
0.805581
0.829503
0.851994
0.873015
0.892530
0.910504
0.926905
0.941706
0.954880
0.966403
0.976256
0.984420
0.990882
0.995629
0.998652
0.999947
0.999510
0.997341
0.993445
0.987826
0.980494
0.971463
0.960745
0.948361
0.934330
0.918678
0.901429
0.882614
0.862266
0.840418
0.817109
0.792378
0.766269
0.738825
0.710095
0.680128
0.648976
0.616692
0.583333
0.548956
0.513620
0.477387
0.440320
0.402483
0.363941
0.324762
0.285014
0.244765
0.204086
0.163047
0.121721
0.080178
0.038491
-0.003266
-0.045022
-0.086704
-0.128237
-0.169551
-0.210573
-0.251231
-0.291454
-0.331172
-0.370315
-0.408814
-0.446603
-0.483615
-0.519784
-0.555048
-0.589344
-0.622612
-0.654795
-0.685834
-0.715676
-0.744267
-0.771558
-0.797500
-0.822048
-0.845157
-0.866788
-0.886902
-0.905462
-0.922437
-0.937796
-0.951511
-0.963558
-0.973916
-0.982565
-0.989491
-0.994680
-0.998122
-0.999812
-0.999746
-0.997923
-0.994347
-0.989022
-0.981958
-0.973167
-0.962664
-0.950466
-0.936595
-0.921075
-0.903933
-0.885197
-0.864902
-0.843081
-0.819774
-0.795020
-0.768863
-0.741349
-0.712525
-0.682443
-0.651155
-0.618716
-0.585182
-0.550612
-0.515068
-0.478612
-0.441307
-0.403220
-0.364417
-0.324967
-0.284939
-0.244405
-0.203434
-0.162100
-0.120476
-0.078635
-0.036651
0.005402
0.047449
0.089416
0.131229
0.172813
0.214095
0.255002
0.295461
0.335400
0.374749
0.413437
0.451397
0.488559
0.524859
0.560231
0.594613
0.627943
0.660162
0.691212
0.721038
0.749587
0.776808
0.802651
0.827072
0.850025
0.871469
0.891367
0.909682
0.926381
0.941435
0.954815
0.966499
0.976463
0.984691
0.991167
0.995879
0.998819
0.999979
0.999359
0.996959
0.992781
0.986834
0.979128
0.969675
0.958492
0.945599
0.931017
0.914774
0.896896
0.877416
0.856368
0.833790
0.809720
0.784202
0.757280
0.729003
0.699421
0.668586
0.636552
0.603378
0.569122
0.533844
0.497609
0.460479
0.422522
0.383806
0.344398
0.304371
0.263795
0.222742
0.181287
0.139503
0.097465
0.055249
0.012930
-0.029416
-0.071713
-0.113886
-0.155857
-0.197553
-0.238899
-0.279819
-0.320240
-0.360090
-0.399296
-0.437789
-0.475499
-0.512357
-0.548298
-0.583257
-0.617170
-0.649976
-0.681616
-0.712032
-0.741170
-0.768977
-0.795402
-0.820397
-0.843917
-0.865920
-0.886364
-0.905214
-0.922434
-0.937993
-0.951862
-0.964017
-0.974435
-0.983095
-0.989984
-0.995086
-0.998393
-0.999899
-0.999600
-0.997496
-0.993590
-0.987890
-0.980404
-0.971146
-0.960132
-0.947382
-0.932918
-0.916766
-0.898955
-0.879516
-0.858484
-0.835896
-0.811795
-0.786221
-0.759222
-0.730846
-0.701143
-0.670168
-0.637976
-0.604625
-0.570176
-0.534690
-0.498231
-0.460866
-0.422661
-0.383686
-0.344012
-0.303710
-0.262854
-0.221516
-0.179773
-0.137699
-0.095372
-0.052868
-0.010263
0.032363
0.074935
0.117374
0.159603
0.201546
0.243126
0.284268
0.324895
0.364936
0.404315
0.442962
0.480806
0.517778
0.553810
0.588836
0.622793
0.655618
0.687250
0.717633
0.746709
0.774427
0.800734
0.825584
0.848929
0.870726
0.890937
0.909523
0.926450
0.941686
0.955204
0.966978
0.976986
0.985210
0.991634
0.996245
0.999036
0.999999
0.999134
0.996441
0.991924
0.985592
0.977455
0.967528
0.955829
0.942378
0.927200
0.910323
0.891775
0.871592
0.849810
0.826468
0.801608
0.775276
0.747520
0.718390
0.687940
0.656224
0.623301
0.589231
0.554076
0.517901
0.480771
0.442755
0.403922
0.364343
0.324091
0.283240
0.241864
0.200041
0.157845
0.115356
0.072650
0.029808
-0.013094
-0.055975
-0.098756
-0.141360
-0.183706
-0.225719
-0.267318
-0.308429
-0.348975
-0.388881
-0.428073
-0.466480
-0.504029
-0.540652
-0.576281
-0.610849
-0.644292
-0.676550
-0.707561
-0.737267
-0.765615
-0.792551
-0.818025
-0.841990
-0.864400
-0.885214
-0.904394
-0.921903
-0.937708
-0.951780
-0.964093
-0.974622
-0.983348
-0.990255
-0.995330
-0.998561
-0.999944
-0.999474
-0.997153
-0.992983
-0.986973
-0.979133
-0.969477
-0.958023
-0.944791
-0.929805
-0.913093
-0.894685
-0.874616
-0.852921
-0.829641
-0.804818
-0.778499
-0.750731
-0.721566
-0.691058
-0.659263
-0.626241
-0.592051
-0.556757
-0.520425
-0.483122
-0.444917
-0.405881
-0.366086
-0.325607
-0.284518
-0.242896
-0.200818
-0.158362
-0.115608
-0.072634
-0.029522
0.013649
0.056798
0.099845
0.142710
0.185312
0.227572
0.269411
0.310750
0.351513
0.391624
0.431007
0.469588
0.507296
0.544059
0.579809
0.614478
0.648003
0.680318
0.711365
0.741084
0.769420
0.796319
0.821731
0.845607
0.867903
0.888576
0.907588
0.924902
0.940485
0.954308
0.966345
0.976572
0.984970
0.991523
0.996218
0.999046
1.000000
0.999079
0.996284
0.991619
0.985094
0.976719
0.966510
0.954486
0.940668
0.925083
0.907759
0.888729
0.868027
0.845692
0.821765
0.796292
0.769319
0.740898
0.711080
0.679923
0.647484
0.613823
0.579005
0.543094
0.506157
0.468264
0.429486
0.389896
0.349568
0.308578
0.267003
0.224922
0.182413
0.139556
0.096433
0.053124
0.009711
-0.033723
-0.077098
-0.120331
-0.163340
-0.206044
-0.248363
-0.290216
-0.331524
-0.372210
-0.412195
-0.451405
-0.489765
-0.527202
-0.563645
-0.599026
-0.633276
-0.666331
-0.698128
-0.728607
-0.757709
-0.785379
-0.811564
-0.836215
-0.859284
-0.880728
-0.900504
-0.918576
-0.934908
-0.949470
-0.962232
-0.973172
-0.982266
-0.989498
-0.994854
-0.998323
-0.999897
-0.999573
-0.997353
-0.993238
-0.987237
-0.979360
-0.969622
-0.958042
-0.944640
-0.929441
-0.912475
-0.893773
-0.873369
-0.851303
-0.827616
-0.802353
-0.775561
-0.747291
-0.717596
-0.686533
-0.654160
-0.620539
-0.585733
-0.549809
-0.512834
-0.474879
-0.436016
-0.396319
-0.355863
-0.314725
-0.272984
-0.230719
-0.188010
-0.144939
-0.101587
-0.058039
-0.014376
0.029318
0.072960
0.116465
0.159752
0.202737
0.245339
0.287474
0.329064
0.370028
0.410288
0.449767
0.488388
0.526078
0.562765
0.598378
0.632849
0.666111
0.698101
0.728756
0.758019
0.785831
0.812141
0.836897
0.860051
0.881558
0.901377
0.919470
0.935801
0.950339
0.963054
0.973924
0.982925
0.990041
0.995257
0.998563
0.999952
0.999421
0.996970
0.992604
0.986331
0.978162
0.968112
0.956200
0.942450
0.926886
0.909538
0.890440
0.869627
0.847139
0.823019
0.797314
0.770071
0.741344
0.711187
0.679658
0.646817
0.612728
0.577455
0.541067
0.503633
0.465225
0.425917
0.385784
0.344905
0.303357
0.261220
0.218576
0.175506
0.132095
0.088425
0.044581
0.000647
-0.043291
-0.087150
-0.130843
-0.174287
-0.217398
-0.260092
-0.302286
-0.343899
-0.384851
-0.425061
-0.464453
-0.502948
-0.540474
-0.576957
-0.612325
-0.646511
-0.679448
-0.711072
-0.741321
-0.770136
-0.797461
-0.823243
-0.847432
-0.869980
-0.890843
-0.909980
-0.927354
-0.942931
-0.956679
-0.968573
-0.978587
-0.986704
-0.992905
-0.997180
-0.999518
-0.999915
-0.998370
-0.994886
-0.989468
-0.982127
-0.972877
-0.961734
-0.948721
-0.933862
-0.917186
-0.898724
-0.878512
-0.856590
-0.832999
-0.807784
-0.780995
-0.752684
-0.722905
-0.691715
-0.659176
-0.625350
-0.590302
-0.554102
-0.516819
-0.478525
-0.439296
-0.399207
-0.358336
-0.316763
-0.274569
-0.231836
-0.188647
-0.145086
-0.101239
-0.057191
-0.013027
0.031165
0.075300
0.119291
0.163052
0.206498
0.249544
0.292105
0.334099
0.375442
0.416055
0.455857
0.494770
0.532718
0.569626
0.605422
0.640036
0.673399
0.705447
0.736115
0.765344
0.793075
0.819255
0.843831
0.866756
0.887982
0.907470
0.925180
0.941076
0.955128
0.967307
0.977589
0.985954
0.992384
0.996866
0.999392
0.999955
0.998555
0.995193
0.989876
0.982613
0.973419
0.962312
0.949311
0.934443
0.917737
0.899225
0.878942
0.856929
0.833228
0.807886
0.780951
0.752478
0.722521
0.691138
0.658393
0.624348
0.589071
0.552630
0.515097
0.476547
0.437054
0.396697
0.355554
0.313707
0.271239
0.228232
0.184771
0.140942
0.096832
0.052528
0.008116
-0.036315
-0.080677
-0.124884
-0.168847
-0.212480
-0.255697
-0.298411
-0.340539
-0.381997
-0.422702
-0.462575
-0.501536
-0.539508
-0.576416
-0.612186
-0.646747
-0.680031
-0.711971
-0.742503
-0.771568
-0.799107
-0.825066
-0.849392
-0.872037
-0.892955
-0.912105
-0.929449
-0.944952
-0.958582
-0.970312
-0.980118
-0.987981
-0.993884
-0.997816
-0.999768
-0.999735
-0.997718
-0.993720
-0.987748
-0.979814
-0.969933
-0.958125
-0.944411
-0.928820
-0.911382
-0.892131
-0.871105
-0.848345
-0.823896
-0.797806
-0.770128
-0.740915
-0.710225
-0.678120
-0.644663
-0.609920
-0.573959
-0.536853
-0.498675
-0.459501
-0.419409
-0.378477
-0.336789
-0.294426
-0.251473
-0.208016
-0.164140
-0.119934
-0.075485
-0.030883
0.013785
0.058428
0.102958
0.147286
0.191323
0.234981
0.278173
0.320813
0.362815
0.404095
0.444571
0.484162
0.522787
0.560370
0.596836
0.632111
0.666124
0.698808
0.730095
0.759925
0.788235
0.814970
0.840076
0.863502
0.885200
0.905128
0.923243
0.939511
0.953898
0.966374
0.976914
0.985497
0.992105
0.996725
0.999346
0.999963
0.998574
0.995182
0.989793
0.982417
0.973069
0.961767
0.948533
0.933393
0.916379
0.897522
0.876861
0.854437
0.830294
0.804481
0.777049
0.748053
0.717551
0.685603
0.652275
0.617632
0.581744
0.544683
0.506523
0.467341
0.427216
0.386227
0.344458
0.301992
0.258915
0.215313
0.171275
0.126888
0.082242
0.037427
-0.007467
-0.052349
-0.097128
-0.141715
-0.186019
-0.229952
-0.273423
-0.316346
-0.358633
-0.400200
-0.440962
-0.480836
-0.519743
-0.557602
-0.594338
-0.629876
-0.664143
-0.697072
-0.728593
-0.758644
-0.787164
-0.814094
-0.839380
-0.862970
-0.884816
-0.904873
-0.923101
-0.939463
-0.953924
-0.966455
-0.977030
-0.985628
-0.992230
-0.996823
-0.999397
-0.999947
-0.998470
-0.994970
-0.989453
-0.981930
-0.972415
-0.960928
-0.947492
-0.932132
-0.914881
-0.895772
-0.874844
-0.852139
-0.827703
-0.801585
-0.773838
-0.744517
-0.713682
-0.681395
-0.647722
-0.612730
-0.576491
-0.539077
-0.500565
-0.461033
-0.420560
-0.379230
-0.337125
-0.294332
-0.250936
-0.207027
-0.162694
-0.118026
-0.073115
-0.028052
0.017071
0.062163
0.107131
0.151884
0.196331
0.240381
0.283945
0.326932
0.369257
0.410831
0.451571
0.491393
0.530215
0.567959
0.604546
0.639902
0.673956
0.706636
0.737875
0.767611
0.795781
0.822329
0.847198
0.870339
0.891703
0.911247
0.928930
0.944715
0.958571
0.970468
0.980381
0.988290
0.994178
0.998034
0.999847
0.999615
0.997337
0.993018
0.986666
0.978293
0.967917
0.955557
0.941240
0.924994
0.906851
0.886850
0.865029
0.841434
0.816112
0.789116
0.760500
0.730322
0.698644
0.665531
0.631050
0.595272
0.558270
0.520120
0.480899
0.440688
0.399570
0.357628
0.314949
0.271620
0.227730
0.183369
0.138628
0.093600
0.048375
0.003048
-0.042288
-0.087540
-0.132616
-0.177422
-0.221866
-0.265856
-0.309303
-0.352115
-0.394206
-0.435489
-0.475877
-0.515289
-0.553642
-0.590857
-0.626857
-0.661569
-0.694919
-0.726840
-0.757265
-0.786130
-0.813377
-0.838949
-0.862792
-0.884857
-0.905098
-0.923473
-0.939944
-0.954477
-0.967040
-0.977608
-0.986158
-0.992672
-0.997137
-0.999543
-0.999884
-0.998160
-0.994372
-0.988530
-0.980644
-0.970731
-0.958810
-0.944905
-0.929046
-0.911264
-0.891596
-0.870082
-0.846766
-0.821697
-0.794925
-0.766506
-0.736498
-0.704963
-0.671967
-0.637576
-0.601862
-0.564900
-0.526764
-0.487534
-0.447291
-0.406119
-0.364101
-0.321326
-0.277882
-0.233858
-0.189347
-0.144440
-0.099230
-0.053811
-0.008277
0.037276
0.082756
0.128067
0.173115
0.217806
0.262048
0.305749
0.348817
0.391164
0.432701
0.473341
0.513000
0.551595
0.589046
0.625274
0.660205
0.693764
0.725883
0.756494
0.785532
0.812938
0.838653
0.862625
0.884802
0.905138
0.923591
0.940121
0.954694
0.967279
0.977850
0.986383
0.992862
0.997271
0.999602
0.999848
0.998010
0.994090
0.988096
0.980041
0.969940
0.957815
0.943690
0.927595
0.909562
0.889629
0.867837
0.844232
0.818861
0.791779
0.763040
0.732706
0.700838
0.667503
0.632771
0.596714
0.559407
0.520928
0.481356
0.440776
0.399270
0.356927
0.313834
0.270081
0.225760
0.180964
0.135785
0.090320
0.044662
-0.001092
-0.046847
-0.092506
-0.137975
-0.183158
-0.227960
-0.272287
-0.316046
-0.359145
-0.401494
-0.443004
-0.483587
-0.523159
-0.561636
-0.598936
-0.634983
-0.669699
-0.703011
-0.734850
-0.765148
-0.793842
-0.820870
-0.846176
-0.869705
-0.891410
-0.911242
-0.929161
-0.945128
-0.959110
-0.971076
-0.981001
-0.988863
-0.994647
-0.998339
-0.999931
-0.999419
-0.996804
-0.992091
-0.985290
-0.976414
-0.965482
-0.952517
-0.937544
-0.920597
-0.901708
-0.880920
-0.858273
-0.833817
-0.807602
-0.779683
-0.750118
-0.718971
-0.686305
-0.652189
-0.616696
-0.579900
-0.541879
-0.502711
-0.462480
-0.421270
-0.379169
-0.336264
-0.292647
-0.248409
-0.203643
-0.158445
-0.112909
-0.067132
-0.021209
0.024761
0.070681
0.116455
0.161986
0.207178
0.251934
0.296160
0.339763
0.382649
0.424729
0.465913
0.506113
0.545245
0.583226
0.619974
0.655412
0.689464
0.722058
0.753125
0.782599
0.810416
0.836518
0.860849
0.883358
0.903995
0.922717
0.939484
0.954260
0.967013
0.977715
0.986345
0.992883
0.997314
0.999629
0.999823
0.997894
0.993847
0.987690
0.979435
0.969099
0.956705
0.942278
0.925847
0.907449
0.887121
0.864906
0.840852
0.815008
0.787431
0.758177
0.727309
0.694892
0.660995
0.625689
0.589050
0.551155
0.512085
0.471923
0.430753
0.388664
0.345745
0.302086
0.257782
0.212925
0.167613
0.121940
0.076005
0.029904
-0.016263
-0.062398
-0.108403
-0.154179
-0.199630
-0.244658
-0.289166
-0.333061
-0.376248
-0.418634
-0.460130
-0.500647
-0.540097
-0.578396
-0.615463
-0.651218
-0.685585
-0.718489
-0.749861
-0.779632
-0.807739
-0.834122
-0.858724
-0.881492
-0.902377
-0.921334
-0.938322
-0.953304
-0.966248
-0.977127
-0.985915
-0.992594
-0.997150
-0.999572
-0.999855
-0.997998
-0.994003
-0.987880
-0.979641
-0.969304
-0.956889
-0.942424
-0.925939
-0.907469
-0.887053
-0.864735
-0.840561
-0.814584
-0.786859
-0.757445
-0.726405
-0.693804
-0.659714
-0.624206
-0.587356
-0.549244
-0.509950
-0.469560
-0.428159
-0.385837
-0.342683
-0.298791
-0.254255
-0.209169
-0.163632
-0.117740
-0.071592
-0.025288
0.021073
0.067392
0.113569
0.159505
0.205100
0.250257
0.294878
0.338868
0.382132
0.424575
0.466108
0.506640
0.546084
0.584355
0.621370
0.657049
0.691316
0.724095
0.755317
0.784914
0.812821
0.838979
0.863330
0.885822
0.906405
0.925036
0.941673
0.956281
0.968828
0.979285
0.987631
0.993847
0.997918
0.999837
0.999597
0.997200
0.992651
0.985958
0.977135
0.966203
0.953182
0.938102
0.920995
0.901897
0.880849
0.857896
0.833088
0.806477
0.778122
0.748082
0.716423
0.683213
0.648523
0.612429
0.575007
0.536339
0.496508
0.455601
0.413705
0.370911
0.327311
0.283000
0.238074
0.192629
0.146765
0.100580
0.054174
0.007648
-0.038897
-0.085361
-0.131642
-0.177641
-0.223257
-0.268392
-0.312948
-0.356827
-0.399935
-0.442179
-0.483465
-0.523705
-0.562810
-0.600697
-0.637282
-0.672486
-0.706232
-0.738446
-0.769059
-0.798003
-0.825216
-0.850638
-0.874213
-0.895890
-0.915622
-0.933365
-0.949080
-0.962733
-0.974293
-0.983736
-0.991040
-0.996190
-0.999173
-0.999982
-0.998616
-0.995077
-0.989373
-0.981515
-0.971520
-0.959410
-0.945210
-0.928951
-0.910669
-0.890402
-0.868195
-0.844095
-0.818154
-0.790430
-0.760981
-0.729872
-0.697171
-0.662948
-0.627278
-0.590238
-0.551908
-0.512373
-0.471718
-0.430032
-0.387404
-0.343930
-0.299702
-0.254818
-0.209374
-0.163472
-0.117209
-0.070688
-0.024010
0.022723
0.069409
0.115946
0.162233
0.208168
0.253650
0.298581
0.342862
0.386396
0.429087
0.470843
0.511572
0.551184
0.589593
0.626714
0.662467
0.696772
0.729555
0.760742
0.790267
0.818063
0.844070
0.868231
0.890492
0.910803
0.929122
0.945406
0.959620
0.971732
0.981716
0.989549
0.995213
0.998697
0.999991
0.999093
0.996004
0.990731
0.983285
0.973682
0.961942
0.948091
0.932159
0.914181
0.894195
0.872246
0.848380
0.822651
0.795114
0.765829
0.734861
0.702277
0.668149
0.632551
0.595561
0.557260
0.517732
0.477065
0.435346
0.392668
0.349124
0.304811
0.259824
0.214263
0.168229
0.121822
0.075144
0.028298
-0.018612
-0.065484
-0.112215
-0.158701
-0.204841
-0.250532
-0.295674
-0.340167
-0.383914
-0.426817
-0.468782
-0.509717
-0.549531
-0.588136
-0.625447
-0.661381
-0.695860
-0.728806
-0.760147
-0.789813
-0.817739
-0.843863
-0.868126
-0.890476
-0.910862
-0.929240
-0.945567
-0.959808
-0.971932
-0.981910
-0.989721
-0.995347
-0.998775
-0.999997
-0.999010
-0.995816
-0.990422
-0.982840
-0.973084
-0.961178
-0.947146
-0.931020
-0.912835
-0.892630
-0.870450
-0.846344
-0.820364
-0.792569
-0.763018
-0.731778
-0.698916
-0.664506
-0.628624
-0.591348
-0.552761
-0.512948
-0.471997
-0.429998
-0.387045
-0.343232
-0.298656
-0.253417
-0.207613
-0.161347
-0.114721
-0.067838
-0.020802
0.026283
0.073312
0.120181
0.166786
0.213023
0.258791
0.303987
0.348511
0.392264
0.435149
0.477071
0.517936
0.557653
0.596135
0.633295
0.669051
0.703323
0.736034
0.767113
0.796489
0.824097
0.849876
0.873767
0.895717
0.915678
0.933605
0.949457
0.963199
0.974799
0.984233
0.991478
0.996518
0.999341
0.999941
0.998316
0.994470
0.988410
0.980150
0.969707
0.957105
0.942372
0.925539
0.906644
0.885729
0.862840
0.838027
0.811346
0.782856
0.752620
0.720705
0.687181
0.652125
0.615612
0.577725
0.538548
0.498168
0.456674
0.414160
0.370719
0.326449
0.281449
0.235818
0.189658
0.143072
0.096165
0.049041
0.001804
-0.045439
-0.092583
-0.139523
-0.186153
-0.232370
-0.278071
-0.323152
-0.367514
-0.411057
-0.453684
-0.495298
-0.535808
-0.575121
-0.613151
-0.649812
-0.685021
-0.718701
-0.750774
-0.781169
-0.809818
-0.836657
-0.861624
-0.884665
-0.905726
-0.924762
-0.941727
-0.956586
-0.969303
-0.979849
-0.988202
-0.994342
-0.998255
-0.999931
-0.999367
-0.996563
-0.991526
-0.984266
-0.974800
-0.963148
-0.949335
-0.933394
-0.915358
-0.895268
-0.873170
-0.849111
-0.823147
-0.795334
-0.765735
-0.734416
-0.701447
-0.666902
-0.630858
-0.593396
-0.554600
-0.514556
-0.473355
-0.431089
-0.387852
-0.343741
-0.298856
-0.253297
-0.207166
-0.160568
-0.113606
-0.066387
-0.019016
0.028401
0.075756
0.122942
0.169855
0.216389
0.262438
0.307898
0.352669
0.396648
0.439737
0.481838
0.522857
0.562701
0.601280
0.638508
0.674299
0.708574
0.741255
0.772268
0.801542
0.829013
0.854617
0.878296
0.899997
0.919671
0.937273
0.952764
0.966106
0.977272
0.986234
0.992972
0.997471
0.999721
0.999715
0.997454
0.992942
0.986190
0.977211
0.966026
0.952661
0.937144
0.919510
0.899800
0.878056
0.854329
0.828670
0.801139
0.771796
0.740708
0.707945
0.673581
0.637693
0.600361
0.561671
0.521709
0.480565
0.438333
0.395107
0.350986
0.306069
0.260457
0.214253
0.167563
0.120491
0.073144
0.025630
-0.021946
-0.069473
-0.116846
-0.163957
-0.210699
-0.256966
-0.302653
-0.347657
-0.391876
-0.435210
-0.477559
-0.518828
-0.558924
-0.597755
-0.635234
-0.671274
-0.705794
-0.738716
-0.769965
-0.799469
-0.827161
-0.852979
-0.876863
-0.898759
-0.918618
-0.936393
-0.952044
-0.965535
-0.976835
-0.985919
-0.992765
-0.997358
-0.999686
-0.999745
-0.997533
-0.993055
-0.986321
-0.977347
-0.966152
-0.952761
-0.937205
-0.919517
-0.899740
-0.877916
-0.854095
-0.828332
-0.800684
-0.771214
-0.739989
-0.707080
-0.672560
-0.636509
-0.599009
-0.560143
-0.520001
-0.478674
-0.436256
-0.392842
-0.348532
-0.303427
-0.257629
-0.211241
-0.164371
-0.117124
-0.069608
-0.021931
0.025798
0.073471
0.120979
0.168213
0.215066
0.261431
0.307203
0.352276
0.396549
0.439919
0.482289
0.523560
0.563640
0.602436
0.639860
0.675825
0.710251
0.743057
0.774170
0.803517
0.831031
0.856650
0.880315
0.901971
0.921568
0.939062
0.954412
0.967584
0.978545
0.987272
0.993744
0.997946
0.999867
0.999504
0.996856
0.991930
0.984736
0.975290
0.963614
0.949735
0.933683
0.915494
0.895211
0.872880
0.848550
0.822278
0.794124
0.764150
0.732427
0.699026
0.664023
0.627499
0.589536
0.550222
0.509646
0.467901
0.425083
0.381289
0.336619
0.291177
0.245065
0.198389
0.151257
0.103775
0.056054
0.008202
-0.039671
-0.087456
-0.135042
-0.182320
-0.229183
-0.275522
-0.321232
-0.366207
-0.410344
-0.453541
-0.495700
-0.536723
-0.576517
-0.614989
-0.652051
-0.687618
-0.721608
-0.753943
-0.784549
-0.813354
-0.840292
-0.865302
-0.888325
-0.909309
-0.928204
-0.944968
-0.959561
-0.971949
-0.982104
-0.990003
-0.995625
-0.998960
-0.999997
-0.998736
-0.995177
-0.989330
-0.981207
-0.970827
-0.958212
-0.943393
-0.926403
-0.907280
-0.886068
-0.862816
-0.837577
-0.810409
-0.781374
-0.750539
-0.717974
-0.683754
-0.647958
-0.610668
-0.571970
-0.531953
-0.490708
-0.448331
-0.404918
-0.360571
-0.315391
-0.269482
-0.222949
-0.175901
-0.128444
-0.080690
-0.032747
0.015273
0.063261
0.111104
0.158694
0.205919
0.252672
0.298844
0.344328
0.389020
0.432815
0.475614
0.517317
0.557827
0.597052
0.634899
0.671282
0.706116
0.739322
0.770820
0.800540
0.828412
0.854371
0.878356
0.900314
0.920191
0.937942
0.953527
0.966907
0.978053
0.986938
0.993542
0.997848
0.999847
0.999533
0.996907
0.991974
0.984747
0.975241
0.963477
0.949484
0.933292
0.914940
0.894469
0.871926
0.847364
0.820838
0.792411
0.762148
0.730118
0.696395
0.661058
0.624188
0.585870
0.546193
0.505248
0.463131
0.419939
0.375771
0.330731
0.284922
0.238450
0.191423
0.143950
0.096142
0.048108
-0.000039
-0.048189
-0.096228
-0.144047
-0.191533
-0.238577
-0.285069
-0.330902
-0.375969
-0.420165
-0.463387
-0.505536
-0.546512
-0.586222
-0.624571
-0.661472
-0.696838
-0.730587
-0.762640
-0.792922
-0.821364
-0.847898
-0.872463
-0.895001
-0.915460
-0.933792
-0.949954
-0.963908
-0.975622
-0.985067
-0.992222
-0.997070
-0.999598
-0.999802
-0.997680
-0.993237
-0.986482
-0.977432
-0.966107
-0.952533
-0.936741
-0.918769
-0.898656
-0.876451
-0.852204
-0.825972
-0.797815
-0.767799
-0.735993
-0.702472
-0.667312
-0.630597
-0.592411
-0.552843
-0.511985
-0.469932
-0.426782
-0.382636
-0.337595
-0.291766
-0.245254
-0.198169
-0.150620
-0.102717
-0.054573
-0.006299
0.041991
0.090186
0.138172
0.185837
0.233071
0.279763
0.325805
0.371087
0.415506
0.458956
0.501336
0.542548
0.582495
0.621083
0.658222
0.693826
0.727810
0.760096
0.790607
0.819273
0.846025
0.870801
0.893544
0.914199
0.932718
0.949058
0.963179
0.975050
0.984641
0.991930
0.996899
0.999538
0.999839
0.997801
0.993428
0.986732
0.977727
0.966433
0.952878
0.937092
0.919112
0.898980
0.876742
0.852452
0.826165
0.797942
0.767849
0.735957
0.702341
0.667077
0.630250
0.591945
0.552252
0.511263
0.469074
0.425784
0.381495
0.336310
0.290335
0.243677
0.196446
0.148753
0.100709
0.052427
0.004019
-0.044399
-0.092715
-0.140816
-0.188589
-0.235921
-0.282701
-0.328820
-0.374169
-0.418642
-0.462134
-0.504543
-0.545770
-0.585717
-0.624291
-0.661400
-0.696958
-0.730880
-0.763088
-0.793504
-0.822058
-0.848682
-0.873313
-0.895894
-0.916370
-0.934694
-0.950822
-0.964716
-0.976344
-0.985676
-0.992692
-0.997375
-0.999712
-0.999700
-0.997336
-0.992627
-0.985583
-0.976220
-0.964561
-0.950633
-0.934467
-0.916102
-0.895581
-0.872951
-0.848266
-0.821584
-0.792967
-0.762482
-0.730201
-0.696199
-0.660557
-0.623358
-0.584690
-0.544643
-0.503311
-0.460793
-0.417188
-0.372598
-0.327128
-0.280886
-0.233980
-0.186521
-0.138620
-0.090391
-0.041947
0.006598
0.055130
0.103533
0.151694
0.199499
0.246836
0.293592
0.339657
0.384924
0.429284
0.472633
0.514868
0.555891
0.595603
0.633911
0.670725
0.705957
0.739524
0.771347
0.801350
0.829462
0.855616
0.879752
0.901810
0.921740
0.939493
0.955028
0.968307
0.979300
0.987979
0.994324
0.998320
0.999956
0.999230
0.996141
0.990698
0.982913
0.972804
0.960394
0.945713
0.928796
0.909681
0.888414
0.865045
0.839629
0.812226
0.782900
0.751721
0.718763
0.684102
0.647820
0.610005
0.570744
0.530131
0.488261
0.445234
0.401151
0.356116
0.310237
0.263621
0.216379
0.168623
0.120466
0.072021
0.023404
-0.025270
-0.073886
-0.122329
-0.170484
-0.218237
-0.265474
-0.312084
-0.357956
-0.402981
-0.447052
-0.490065
-0.531918
-0.572511
-0.611748
-0.649535
-0.685783
-0.720406
-0.753322
-0.784451
-0.813720
-0.841060
-0.866405
-0.889695
-0.910874
-0.929893
-0.946704
-0.961270
-0.973553
-0.983526
-0.991164
-0.996449
-0.999368
-0.999913
-0.998084
-0.993884
-0.987323
-0.978417
-0.967185
-0.953656
-0.937860
-0.919834
-0.899623
-0.877272
-0.852836
-0.826371
-0.797941
-0.767613
-0.735459
-0.701556
-0.665983
-0.628824
-0.590170
-0.550110
-0.508740
-0.466158
-0.422466
-0.377767
-0.332168
-0.285777
-0.238705
-0.191062
-0.142963
-0.094522
-0.045854
0.002925
0.051698
0.100350
0.148765
0.196828
0.244423
0.291439
0.337761
0.383281
0.427890
0.471481
0.513951
0.555197
0.595122
0.633631
0.670630
0.706033
0.739755
0.771715
0.801836
0.830046
0.856279
0.880472
0.902566
0.922508
0.940251
0.955753
0.968975
0.979887
0.988462
0.994679
0.998523
0.999985
0.999061
0.995753
0.990068
0.982021
0.971629
0.958918
0.943917
0.926662
0.907195
0.885560
0.861811
0.836002
0.808197
0.778460
0.746862
0.713480
0.678392
0.641682
0.603438
0.563751
0.522715
0.480429
0.436993
0.392511
0.347090
0.300837
0.253864
0.206282
0.158205
0.109748
0.061027
0.012158
-0.036741
-0.085554
-0.134164
-0.182455
-0.230311
-0.277618
-0.324263
-0.370133
-0.415119
-0.459113
-0.502010
-0.543708
-0.584105
-0.623105
-0.660616
-0.696546
-0.730809
-0.763324
-0.794013
-0.822801
-0.849620
-0.874405
-0.897096
-0.917640
-0.935986
-0.952090
-0.965914
-0.977424
-0.986592
-0.993397
-0.997821
-0.999854
-0.999491
-0.996732
-0.991584
-0.984058
-0.974173
-0.961952
-0.947425
-0.930624
-0.911592
-0.890372
-0.867017
-0.841581
-0.814126
-0.784716
-0.753423
-0.720322
-0.685491
-0.649013
-0.610978
-0.571474
-0.530598
-0.488447
-0.445122
-0.400727
-0.355369
-0.309156
-0.262199
-0.214611
-0.166506
-0.117999
-0.069208
-0.020248
0.028761
0.077703
0.126461
0.174915
0.222952
0.270454
0.317308
0.363401
0.408622
0.452863
0.496016
0.537979
0.578650
0.617931
0.655728
0.691950
0.726508
0.759322
0.790310
0.819398
0.846517
0.871600
0.894588
0.915424
0.934059
0.950447
0.964548
0.976330
0.985762
0.992822
0.997493
0.999763
0.999627
0.997085
0.992142
0.984810
0.975107
0.963056
0.948686
0.932030
0.913129
0.892029
0.868779
0.843436
0.816060
0.786717
0.755478
0.722418
0.687616
0.651155
0.613125
0.573616
0.532722
0.490544
0.447181
0.402740
0.357326
0.311049
0.264020
0.216354
0.168164
0.119567
0.070680
0.021621
-0.027492
-0.076540
-0.125404
-0.173968
-0.222114
-0.269725
-0.316687
-0.362886
-0.408211
-0.452553
-0.495803
-0.537858
-0.578616
-0.617979
-0.655850
-0.692140
-0.726760
-0.759625
-0.790658
-0.819782
-0.846927
-0.872028
-0.895023
-0.915856
-0.934478
-0.950843
-0.964911
-0.976649
-0.986026
-0.993022
-0.997618
-0.999802
-0.999571
-0.996924
-0.991866
-0.984411
-0.974576
-0.962384
-0.947865
-0.931053
-0.911990
-0.890720
-0.867296
-0.841773
-0.814214
-0.784684
-0.753255
-0.720003
-0.685008
-0.648355
-0.610131
-0.570430
-0.529348
-0.486983
-0.443438
-0.398819
-0.353232
-0.306790
-0.259603
-0.211786
-0.163455
-0.114727
-0.065720
-0.016552
0.032658
0.081790
0.130726
0.179346
0.227533
0.275171
0.322144
0.368337
0.413640
0.457941
0.501134
0.543114
0.583780
0.623031
0.660774
0.696916
0.731370
0.764051
0.794882
0.823786
0.850694
0.875539
0.898263
0.918808
0.937126
0.953172
0.966906
0.978295
0.987312
0.993933
0.998143
0.999932
0.999294
0.996232
0.990752
0.982867
0.972597
0.959965
0.945004
0.927748
0.908239
0.886525
0.862657
0.836695
0.808700
0.778741
0.746889
0.713223
0.677824
0.640777
0.602173
0.562104
0.520669
0.477968
0.434105
0.389185
0.343319
0.296616
0.249192
0.201161
0.152639
0.103745
0.054597
0.005315
-0.043981
-0.093172
-0.142137
-0.190759
-0.238918
-0.286497
-0.333381
-0.379456
-0.424609
-0.468731
-0.511714
-0.553453
-0.593847
-0.632798
-0.670210
-0.705992
-0.740058
-0.772324
-0.802711
-0.831146
-0.857558
-0.881884
-0.904065
-0.924045
-0.941776
-0.957215
-0.970324
-0.981071
-0.989429
-0.995378
-0.998904
-0.999997
-0.998654
-0.994879
-0.988681
-0.980074
-0.969080
-0.955724
-0.940040
-0.922065
-0.901842
-0.879422
-0.854857
-0.828209
-0.799542
-0.768925
-0.736433
-0.702145
-0.666145
-0.628519
-0.589361
-0.548764
-0.506828
-0.463655
-0.419350
-0.374022
-0.327780
-0.280737
-0.233008
-0.184710
-0.135959
-0.086876
-0.037579
0.011811
0.061173
0.110387
0.159334
0.207893
0.255945
0.303375
0.350066
0.395903
0.440775
0.484573
0.527188
0.568518
0.608461
0.646920
0.683800
0.719011
0.752467
0.784087
0.813792
0.841511
0.867175
0.890722
0.912093
0.931237
0.948106
0.962659
0.974861
0.984680
0.992094
0.997084
0.999637
0.999747
0.997414
0.992642
0.985444
0.975837
0.963844
0.949494
0.932823
0.913870
0.892682
0.869311
0.843813
0.816251
0.786692
0.755208
0.721876
0.686777
0.649997
0.611626
0.571758
0.530490
0.487923
0.444161
0.399311
0.353482
0.306787
0.259340
0.211257
0.162656
0.113655
0.064375
0.014936
-0.034541
-0.083935
-0.133124
-0.181989
-0.230409
-0.278267
-0.325444
-0.371826
-0.417298
-0.461749
-0.505070
-0.547155
-0.587901
-0.627208
-0.664979
-0.701121
-0.735547
-0.768172
-0.798914
-0.827700
-0.854458
-0.879123
-0.901633
-0.921935
-0.939976
-0.955714
-0.969110
-0.980130
-0.988747
-0.994940
-0.998694
-0.999999
-0.998851
-0.995255
-0.989217
-0.980753
-0.969883
-0.956634
-0.941037
-0.923132
-0.902962
-0.880576
-0.856029
-0.829381
-0.800698
-0.770048
-0.737509
-0.703158
-0.667081
-0.629366
-0.590105
-0.549395
-0.507334
-0.464028
-0.419581
-0.374103
-0.327705
-0.280502
-0.232608
-0.184143
-0.135223
-0.085971
-0.036506
0.013050
0.062575
0.111947
0.161046
0.209750
0.257941
0.305498
0.352307
0.398251
0.443217
0.487095
0.529778
0.571159
0.611138
0.649616
0.686498
0.721694
0.755116
0.786683
0.816317
0.843944
0.869497
0.892913
0.914134
0.933108
0.949787
0.964132
0.976105
0.985678
0.992827
0.997534
0.999787
0.999581
0.996916
0.991798
0.984240
0.974260
0.961883
0.947138
0.930063
0.910698
0.889091
0.865296
0.839371
0.811379
0.781389
0.749475
0.715715
0.680192
0.642994
0.604212
0.563941
0.522281
0.479334
0.435205
0.390004
0.343841
0.296830
0.249086
0.200729
0.151875
0.102646
0.053164
0.003549
-0.046076
-0.095588
-0.144866
-0.193789
-0.242235
-0.290085
-0.337221
-0.383527
-0.428889
-0.473196
-0.516336
-0.558205
-0.598699
-0.637718
-0.675166
-0.710950
-0.744982
-0.777178
-0.807458
-0.835748
-0.861978
-0.886082
-0.908002
-0.927683
-0.945076
-0.960138
-0.972833
-0.983128
-0.990997
-0.996423
-0.999390
-0.999891
-0.997926
-0.993498
-0.986618
-0.977303
-0.965577
-0.951467
-0.935009
-0.916243
-0.895214
-0.871976
-0.846584
-0.819102
-0.789598
-0.758143
-0.724816
-0.689698
-0.652877
-0.614443
-0.574490
-0.533118
-0.490429
-0.446527
-0.401522
-0.355524
-0.308646
-0.261005
-0.212719
-0.163906
-0.114687
-0.065183
-0.015517
0.034188
0.083810
0.133225
0.182313
0.230951
0.279020
0.326400
0.372974
0.418627
0.463247
0.506723
0.548947
0.589814
0.629225
0.667081
0.703288
0.737757
0.770403
0.801144
0.829905
0.856615
0.881206
0.903619
0.923797
0.941691
0.957255
0.970453
0.981250
0.989619
0.995541
0.999000
0.999987
0.998501
0.994543
0.988124
0.979261
0.967973
0.954290
0.938245
0.919877
0.899233
0.876362
0.851321
0.824172
0.794983
0.763825
0.730775
0.695916
0.659332
0.621116
0.581360
0.540164
0.497630
0.453862
0.408970
0.363064
0.316257
0.268666
0.220409
0.171605
0.122375
0.072840
0.023124
-0.026650
-0.076359
-0.125880
-0.175090
-0.223868
-0.272092
-0.319642
-0.366401
-0.412253
-0.457085
-0.500784
-0.543243
-0.584356
-0.624022
-0.662142
-0.698621
-0.733369
-0.766299
-0.797330
-0.826385
-0.853392
-0.878283
-0.900996
-0.921476
-0.939671
-0.955536
-0.969031
-0.980124
-0.988785
-0.994995
-0.998736
-1.000000
-0.998783
-0.995089
-0.988925
-0.980308
-0.969259
-0.955805
-0.939978
-0.921819
-0.901372
-0.878688
-0.853823
-0.826838
-0.797801
-0.766783
-0.733861
-0.699117
-0.662637
-0.624511
-0.584834
-0.543705
-0.501224
-0.457499
-0.412637
-0.366750
-0.319950
-0.272356
-0.224084
-0.175255
-0.125990
-0.076411
-0.026641
0.023196
0.072976
0.122576
0.171873
0.220743
0.269067
0.316722
0.363592
0.409559
0.454509
0.498331
0.540916
0.582157
0.621953
0.660204
0.696814
0.731694
0.764756
0.795918
0.825102
0.852235
0.877251
0.900087
0.920685
0.938995
0.954971
0.968574
0.979768
0.988526
0.994827
0.998654
0.999998
0.998855
0.995228
0.989126
0.980565
0.969564
0.956151
0.940360
0.922230
0.901805
0.879137
0.854281
0.827300
0.798259
0.767233
0.734297
0.699533
0.663028
0.624873
0.585162
0.543994
0.501472
0.457701
0.412790
0.366851
0.319998
0.272347
0.224018
0.175130
0.125806
0.076168
0.026339
-0.023557
-0.073395
-0.123050
-0.172401
-0.221323
-0.269695
-0.317396
-0.364307
-0.410312
-0.455297
-0.499148
-0.541756
-0.583017
-0.622825
-0.661083
-0.697696
-0.732571
-0.765621
-0.796765
-0.825925
-0.853027
-0.878005
-0.900796
-0.921342
-0.939594
-0.955504
-0.969034
-0.980149
-0.988822
-0.995031
-0.998760
-1.000000
-0.998748
-0.995006
-0.988784
-0.980098
-0.968968
-0.955423
-0.939496
-0.921226
-0.900660
-0.877847
-0.852846
-0.825718
-0.796531
-0.765357
-0.732274
-0.697364
-0.660715
-0.622417
-0.582567
-0.541263
-0.498609
-0.454710
-0.409676
-0.363620
-0.316656
-0.268901
-0.220475
-0.171498
-0.122092
-0.072381
-0.022488
0.027461
0.077343
0.127032
0.176406
0.225340
0.273713
0.321403
0.368292
0.414263
0.459200
0.502993
0.545530
0.586707
0.626420
0.664570
0.701062
0.735804
0.768710
0.799697
0.828689
0.855612
0.880400
0.902989
0.923325
0.941355
0.957036
0.970326
0.981194
0.989612
0.995558
0.999019
0.999984
0.998452
0.994426
0.987916
0.978939
0.967516
0.953677
0.937454
0.918890
0.898030
0.874926
0.849636
0.822223
0.792755
0.761306
0.727954
0.692783
0.655880
0.617337
0.577251
0.535722
0.492854
0.448753
0.403530
0.357298
0.310172
0.262270
0.213712
0.164619
0.115114
0.065320
0.015362
-0.034635
-0.084547
-0.134247
-0.183613
-0.232521
-0.280847
-0.328473
-0.375277
-0.421144
-0.465959
-0.509609
-0.551985
-0.592982
-0.632496
-0.670428
-0.706685
-0.741175
-0.773811
-0.804512
-0.833202
-0.859807
-0.884263
-0.906506
-0.926482
-0.944141
-0.959438
-0.972334
-0.982799
-0.990804
-0.996330
-0.999364
-0.999897
-0.997928
-0.993462
-0.986509
-0.977088
-0.965221
-0.950939
-0.934276
-0.915275
-0.893983
-0.870453
-0.844744
-0.816920
-0.787051
-0.755211
-0.721480
-0.685943
-0.648688
-0.609808
-0.569401
-0.527568
-0.484414
-0.440046
-0.394576
-0.348117
-0.300785
-0.252700
-0.203982
-0.154752
-0.105133
-0.055251
-0.005230
0.044805
0.094729
0.144416
0.193742
0.242583
0.290817
0.338324
0.384984
0.430680
0.475297
0.518725
0.560854
0.601578
0.640795
0.678408
0.714321
0.748445
0.780695
0.810988
0.839250
0.865409
0.889399
0.911162
0.930641
0.947788
0.962560
0.974920
0.984837
0.992285
0.997246
0.999708
0.999664
0.997115
0.992065
0.984529
0.974525
0.962078
0.947218
0.929984
0.910418
0.888569
0.864492
0.838247
0.809900
0.779522
0.747189
0.712982
0.676987
0.639293
0.599996
0.559194
0.516989
0.473486
0.428796
0.383030
0.336302
0.288731
0.240434
0.191534
0.142153
0.092415
0.042444
-0.007634
-0.057693
-0.107608
-0.157254
-0.206506
-0.255240
-0.303335
-0.350669
-0.397124
-0.442583
-0.486932
-0.530060
-0.571858
-0.612222
-0.651050
-0.688245
-0.723713
-0.757365
-0.789117
-0.818889
-0.846606
-0.872198
-0.895602
-0.916758
-0.935613
-0.952120
-0.966238
-0.977930
-0.987167
-0.993927
-0.998191
-0.999949
-0.999198
-0.995937
-0.990177
-0.981930
-0.971218
-0.958067
-0.942511
-0.924587
-0.904342
-0.881827
-0.857096
-0.830213
-0.801245
-0.770264
-0.737349
-0.702581
-0.666049
-0.627844
-0.588061
-0.546801
-0.504167
-0.460266
-0.415209
-0.369109
-0.322080
-0.274242
-0.225715
-0.176620
-0.127081
-0.077223
-0.027169
0.022953
0.073018
0.122900
0.172474
0.221615
0.270200
0.318107
0.365214
0.411405
0.456562
0.500573
0.543326
0.584714
0.624634
0.662984
0.699668
0.734595
0.767676
0.798827
0.827972
0.855036
0.879951
0.902654
0.923089
0.941205
0.956954
0.970298
0.981204
0.989643
0.995594
0.999042
0.999980
0.998403
0.994316
0.987730
0.978660
0.967130
0.953167
0.936809
0.918094
0.897072
0.873793
0.848317
0.820707
0.791034
0.759371
0.725798
0.690400
0.653266
0.614488
0.574164
0.532396
0.489288
0.444950
0.399492
0.353029
0.305678
0.257557
0.208788
0.159493
0.109797
0.059824
0.009700
-0.040449
-0.090497
-0.140317
-0.189785
-0.238776
-0.287167
-0.334835
-0.381662
-0.427529
-0.472321
-0.515925
-0.558231
-0.599133
-0.638528
-0.676317
-0.712404
-0.746699
-0.779116
-0.809572
-0.837991
-0.864302
-0.888438
-0.910338
-0.929948
-0.947218
-0.962104
-0.974568
-0.984581
-0.992115
-0.997152
-0.999680
-0.999691
-0.997186
-0.992172
-0.984660
-0.974669
-0.962225
-0.947358
-0.930107
-0.910514
-0.888629
-0.864507
-0.838208
-0.809799
-0.779351
-0.746941
-0.712650
-0.676564
-0.638775
-0.599377
-0.558469
-0.516156
-0.472542
-0.427738
-0.381857
-0.335013
-0.287326
-0.238915
-0.189902
-0.140410
-0.090564
-0.040490
0.009686
0.059839
0.109841
0.159567
0.208892
0.257691
0.305841
0.353222
0.399713
0.445198
0.489562
0.532693
0.574483
0.614826
0.653621
0.690769
0.726178
0.759758
0.791425
0.821098
0.848703
0.874170
0.897435
0.918440
0.937131
0.953461
0.967389
0.978880
0.987905
0.994441
0.998472
0.999987
0.998983
0.995461
0.989432
0.980909
0.969914
0.956476
0.940627
0.922408
0.901865
0.879049
0.854017
0.826834
0.797566
0.766289
0.733080
0.698023
0.661207
0.622724
0.582672
0.541151
0.498266
0.454124
0.408838
0.362521
0.315290
0.267264
0.218564
0.169313
0.119635
0.069655
0.019498
-0.030707
-0.080836
-0.130761
-0.180357
-0.229498
-0.278062
-0.325924
-0.372966
-0.419067
-0.464112
-0.507988
-0.550583
-0.591791
-0.631506
-0.669630
-0.706066
-0.740722
-0.773511
-0.804349
-0.833160
-0.859871
-0.884413
-0.906726
-0.926752
-0.944442
-0.959751
-0.972639
-0.983075
-0.991032
-0.996491
-0.999436
-0.999862
-0.997765
-0.993153
-0.986036
-0.976433
-0.964367
-0.949869
-0.932975
-0.913729
-0.892178
-0.868376
-0.842385
-0.814269
-0.784099
-0.751951
-0.717906
-0.682051
-0.644475
-0.605273
-0.564545
-0.522392
-0.478922
-0.434243
-0.388468
-0.341714
-0.294097
-0.245738
-0.196759
-0.147284
-0.097436
-0.047343
0.002871
0.053077
0.103149
0.152962
0.202389
0.251306
0.299589
0.347116
0.393768
0.439427
0.483978
0.527307
0.569307
0.609870
0.648895
0.686283
0.721940
0.755775
0.787704
0.817645
0.845524
0.871269
0.894816
0.916105
0.935083
0.951701
0.965918
0.977698
0.987011
0.993833
0.998148
0.999943
0.999216
0.995967
0.990205
0.981943
0.971204
0.958014
0.942406
0.924420
0.904101
0.881500
0.856675
0.829687
0.800606
0.769503
0.736459
0.701556
0.664882
0.626529
0.586596
0.545181
0.502391
0.458332
0.413116
0.366858
0.319673
0.271681
0.223003
0.173762
0.124083
0.074090
0.023910
-0.026331
-0.076506
-0.126487
-0.176150
-0.225368
-0.274017
-0.321975
-0.369121
-0.415334
-0.460500
-0.504503
-0.547233
-0.588582
-0.628445
-0.666721
-0.703315
-0.738133
-0.771088
-0.802097
-0.831081
-0.857967
-0.882687
-0.905178
-0.925385
-0.943255
-0.958744
-0.971813
-0.982428
-0.990563
-0.996197
-0.999316
-0.999912
-0.997984
-0.993535
-0.986579
-0.977131
-0.965216
-0.950865
-0.934112
-0.915001
-0.893580
-0.869902
-0.844028
-0.816022
-0.785956
-0.753906
-0.719952
-0.684179
-0.646680
-0.607547
-0.566880
-0.524781
-0.481357
-0.436718
-0.390976
-0.344246
-0.296647
-0.248299
-0.199323
-0.149845
-0.099987
-0.049877
0.000359
0.050594
0.100702
0.150555
0.200029
0.248997
0.297337
0.344926
0.391644
0.437374
0.481999
0.525406
0.567487
0.608135
0.647248
0.684725
0.720474
0.754403
0.786427
0.816466
0.844442
0.870286
0.893931
0.915320
0.934396
0.951113
0.965428
0.977305
0.986713
0.993630
0.998037
0.999923
0.999284
0.996121
0.990442
0.982262
0.971601
0.958486
0.942950
0.925033
0.904779
0.882240
0.857473
0.830539
0.801509
0.770453
0.737452
0.702588
0.665949
0.627629
0.587723
0.546332
0.503561
0.459519
0.414316
0.368066
0.320886
0.272896
0.224217
0.174971
0.125283
0.075279
0.025084
-0.025174
-0.075368
-0.125373
-0.175060
-0.224306
-0.272985
-0.320974
-0.368153
-0.414402
-0.459604
-0.503646
-0.546415
-0.587804
-0.627708
-0.666027
-0.702664
-0.737525
-0.770524
-0.801576
-0.830604
-0.857534
-0.882297
-0.904832
-0.925081
-0.942994
-0.958524
-0.971634
-0.982289
-0.990462
-0.996134
-0.999290
-0.999921
-0.998026
-0.993611
-0.986685
-0.977267
-0.965381
-0.951056
-0.934328
-0.915240
-0.893841
-0.870183
-0.844327
-0.816339
-0.786288
-0.754251
-0.720309
-0.684547
-0.647056
-0.607930
-0.567269
-0.525174
-0.481754
-0.437116
-0.391374
-0.344643
-0.297042
-0.248690
-0.199710
-0.150226
-0.100362
-0.050244
-0.000000
0.050244
0.100362
0.150226
0.199710
0.248690
0.297042
0.344643
0.391374
0.437116
0.481754
0.525174
0.567269
0.607930
0.647056
0.684547
0.720309
0.754251
0.786288
0.816339
0.844327
0.870183
0.893841
0.915240
0.934328
0.951056
0.965381
0.977267
0.986685
0.993611
0.998026
0.999921
0.999290
0.996134
0.990462
0.982289
0.971634
0.958524
0.942994
0.925081
0.904832
0.882297
0.857534
0.830604
0.801576
0.770524
0.737525
0.702664
0.666027
0.627708
0.587804
0.546415
0.503646
0.459604
0.414402
0.368153
0.320974
0.272985
0.224306
0.175060
0.125373
0.075368
0.025174
-0.025084
-0.075279
-0.125283
-0.174971
-0.224217
-0.272896
-0.320886
-0.368066
-0.414316
-0.459519
-0.503561
-0.546332
-0.587723
-0.627629
-0.665949
-0.702588
-0.737452
-0.770453
-0.801509
-0.830539
-0.857473
-0.882240
-0.904779
-0.925033
-0.942950
-0.958486
-0.971601
-0.982262
-0.990442
-0.996121
-0.999284
-0.999923
-0.998037
-0.993630
-0.986713
-0.977305
-0.965428
-0.951113
-0.934396
-0.915320
-0.893931
-0.870286
-0.844442
-0.816466
-0.786427
-0.754403
-0.720474
-0.684725
-0.647248
-0.608135
-0.567487
-0.525406
-0.481999
-0.437374
-0.391644
-0.344926
-0.297337
-0.248997
-0.200029
-0.150555
-0.100702
-0.050594
-0.000359
0.049877
0.099987
0.149845
0.199323
0.248299
0.296647
0.344246
0.390976
0.436718
0.481357
0.524781
0.566880
0.607547
0.646680
0.684179
0.719952
0.753906
0.785956
0.816022
0.844028
0.869902
0.893580
0.915001
0.934112
0.950865
0.965216
0.977131
0.986579
0.993535
0.997984
0.999912
0.999316
0.996197
0.990563
0.982428
0.971813
0.958744
0.943255
0.925385
0.905178
0.882687
0.857967
0.831081
0.802097
0.771088
0.738133
0.703315
0.666721
0.628445
0.588582
0.547233
0.504503
0.460500
0.415334
0.369121
0.321975
0.274017
0.225368
0.176150
0.126487
0.076506
0.026331
-0.023910
-0.074090
-0.124083
-0.173762
-0.223003
-0.271681
-0.319673
-0.366858
-0.413116
-0.458332
-0.502391
-0.545181
-0.586596
-0.626529
-0.664882
-0.701556
-0.736459
-0.769503
-0.800606
-0.829687
-0.856675
-0.881500
-0.904101
-0.924420
-0.942406
-0.958014
-0.971204
-0.981943
-0.990205
-0.995967
-0.999216
-0.999943
-0.998148
-0.993833
-0.987011
-0.977698
-0.965918
-0.951701
-0.935083
-0.916105
-0.894816
-0.871269
-0.845524
-0.817645
-0.787704
-0.755775
-0.721940
-0.686283
-0.648895
-0.609870
-0.569307
-0.527307
-0.483978
-0.439427
-0.393768
-0.347116
-0.299589
-0.251306
-0.202389
-0.152962
-0.103149
-0.053077
-0.002871
0.047343
0.097436
0.147284
0.196759
0.245738
0.294097
0.341714
0.388468
0.434243
0.478922
0.522392
0.564545
0.605273
0.644475
0.682051
0.717906
0.751951
0.784099
0.814269
0.842385
0.868376
0.892178
0.913729
0.932975
0.949869
0.964367
0.976433
0.986036
0.993153
0.997765
0.999862
0.999436
0.996491
0.991032
0.983075
0.972639
0.959751
0.944442
0.926752
0.906726
0.884413
0.859871
0.833160
0.804349
0.773511
0.740722
0.706066
0.669630
0.631506
0.591791
0.550583
0.507988
0.464112
0.419067
0.372966
0.325924
0.278062
0.229498
0.180357
0.130761
0.080836
0.030707
-0.019498
-0.069655
-0.119635
-0.169313
-0.218564
-0.267264
-0.315290
-0.362521
-0.408838
-0.454124
-0.498266
-0.541151
-0.582672
-0.622724
-0.661207
-0.698023
-0.733080
-0.766289
-0.797566
-0.826834
-0.854017
-0.879049
-0.901865
-0.922408
-0.940627
-0.956476
-0.969914
-0.980909
-0.989432
-0.995461
-0.998983
-0.999987
-0.998472
-0.994441
-0.987905
-0.978880
-0.967389
-0.953461
-0.937131
-0.918440
-0.897435
-0.874170
-0.848703
-0.821098
-0.791425
-0.759758
-0.726178
-0.690769
-0.653621
-0.614826
-0.574483
-0.532693
-0.489562
-0.445198
-0.399713
-0.353222
-0.305841
-0.257691
-0.208892
-0.159567
-0.109841
-0.059839
-0.009686
0.040490
0.090564
0.140410
0.189902
0.238915
0.287326
0.335013
0.381857
0.427738
0.472542
0.516156
0.558469
0.599377
0.638775
0.676564
0.712650
0.746941
0.779351
0.809799
0.838208
0.864507
0.888629
0.910514
0.930107
0.947358
0.962225
0.974669
0.984660
0.992172
0.997186
0.999691
0.999680
0.997152
0.992115
0.984581
0.974568
0.962104
0.947218
0.929948
0.910338
0.888438
0.864302
0.837991
0.809572
0.779116
0.746699
0.712404
0.676317
0.638528
0.599133
0.558231
0.515925
0.472321
0.427529
0.381662
0.334835
0.287167
0.238776
0.189785
0.140317
0.090497
0.040449
-0.009700
-0.059824
-0.109797
-0.159493
-0.208788
-0.257557
-0.305678
-0.353029
-0.399492
-0.444950
-0.489288
-0.532396
-0.574164
-0.614488
-0.653266
-0.690400
-0.725798
-0.759371
-0.791034
-0.820707
-0.848317
-0.873793
-0.897072
-0.918094
-0.936809
-0.953167
-0.967130
-0.978660
-0.987730
-0.994316
-0.998403
-0.999980
-0.999042
-0.995594
-0.989643
-0.981204
-0.970298
-0.956954
-0.941205
-0.923089
-0.902654
-0.879951
-0.855036
-0.827972
-0.798827
-0.767676
-0.734595
-0.699668
-0.662984
-0.624634
-0.584714
-0.543326
-0.500573
-0.456562
-0.411405
-0.365214
-0.318107
-0.270200
-0.221615
-0.172474
-0.122900
-0.073018
-0.022953
0.027169
0.077223
0.127081
0.176620
0.225715
0.274242
0.322080
0.369109
0.415209
0.460266
0.504167
0.546801
0.588061
0.627844
0.666049
0.702581
0.737349
0.770264
0.801245
0.830213
0.857096
0.881827
0.904342
0.924587
0.942511
0.958067
0.971218
0.981930
0.990177
0.995937
0.999198
0.999949
0.998191
0.993927
0.987167
0.977930
0.966238
0.952120
0.935613
0.916758
0.895602
0.872198
0.846606
0.818889
0.789117
0.757365
0.723713
0.688245
0.651050
0.612222
0.571858
0.530060
0.486932
0.442583
0.397124
0.350669
0.303335
0.255240
0.206506
0.157254
0.107608
0.057693
0.007634
-0.042444
-0.092415
-0.142153
-0.191534
-0.240434
-0.288731
-0.336302
-0.383030
-0.428796
-0.473486
-0.516989
-0.559194
-0.599996
-0.639293
-0.676987
-0.712982
-0.747189
-0.779522
-0.809900
-0.838247
-0.864492
-0.888569
-0.910418
-0.929984
-0.947218
-0.962078
-0.974525
-0.984529
-0.992065
-0.997115
-0.999664
-0.999708
-0.997246
-0.992285
-0.984837
-0.974920
-0.962560
-0.947788
-0.930641
-0.911162
-0.889399
-0.865409
-0.839250
-0.810988
-0.780695
-0.748445
-0.714321
-0.678408
-0.640795
-0.601578
-0.560854
-0.518725
-0.475297
-0.430680
-0.384984
-0.338324
-0.290817
-0.242583
-0.193742
-0.144416
-0.094729
-0.044805
0.005230
0.055251
0.105133
0.154752
0.203982
0.252700
0.300785
0.348117
0.394576
0.440046
0.484414
0.527568
0.569401
0.609808
0.648688
0.685943
0.721480
0.755211
0.787051
0.816920
0.844744
0.870453
0.893983
0.915275
0.934276
0.950939
0.965221
0.977088
0.986509
0.993462
0.997928
0.999897
0.999364
0.996330
0.990804
0.982799
0.972334
0.959438
0.944141
0.926482
0.906506
0.884263
0.859807
0.833202
0.804512
0.773811
0.741175
0.706685
0.670428
0.632496
0.592982
0.551985
0.509609
0.465959
0.421144
0.375277
0.328473
0.280847
0.232521
0.183613
0.134247
0.084547
0.034635
-0.015362
-0.065320
-0.115114
-0.164619
-0.213712
-0.262270
-0.310172
-0.357298
-0.403530
-0.448753
-0.492854
-0.535722
-0.577251
-0.617337
-0.655880
-0.692783
-0.727954
-0.761306
-0.792755
-0.822223
-0.849636
-0.874926
-0.898030
-0.918890
-0.937454
-0.953677
-0.967516
-0.978939
-0.987916
-0.994426
-0.998452
-0.999984
-0.999019
-0.995558
-0.989612
-0.981194
-0.970326
-0.957036
-0.941355
-0.923325
-0.902989
-0.880400
-0.855612
-0.828689
-0.799697
-0.768710
-0.735804
-0.701062
-0.664570
-0.626420
-0.586707
-0.545530
-0.502993
-0.459200
-0.414263
-0.368292
-0.321403
-0.273713
-0.225340
-0.176406
-0.127032
-0.077343
-0.027461
0.022488
0.072381
0.122092
0.171498
0.220475
0.268901
0.316656
0.363620
0.409676
0.454710
0.498609
0.541263
0.582567
0.622417
0.660715
0.697364
0.732274
0.765357
0.796531
0.825718
0.852846
0.877847
0.900660
0.921226
0.939496
0.955423
0.968968
0.980098
0.988784
0.995006
0.998748
1.000000
0.998760
0.995031
0.988822
0.980149
0.969034
0.955504
0.939594
0.921342
0.900796
0.878005
0.853027
0.825925
0.796765
0.765621
0.732571
0.697696
0.661083
0.622825
0.583017
0.541756
0.499148
0.455297
0.410312
0.364307
0.317396
0.269695
0.221323
0.172401
0.123050
0.073395
0.023557
-0.026339
-0.076168
-0.125806
-0.175130
-0.224018
-0.272347
-0.319998
-0.366851
-0.412790
-0.457701
-0.501472
-0.543994
-0.585162
-0.624873
-0.663028
-0.699533
-0.734297
-0.767233
-0.798259
-0.827300
-0.854281
-0.879137
-0.901805
-0.922230
-0.940360
-0.956151
-0.969564
-0.980565
-0.989126
-0.995228
-0.998855
-0.999998
-0.998654
-0.994827
-0.988526
-0.979768
-0.968574
-0.954971
-0.938995
-0.920685
-0.900087
-0.877251
-0.852235
-0.825102
-0.795918
-0.764756
-0.731694
-0.696814
-0.660204
-0.621953
-0.582157
-0.540916
-0.498331
-0.454509
-0.409559
-0.363592
-0.316722
-0.269067
-0.220743
-0.171873
-0.122576
-0.072976
-0.023196
0.026641
0.076411
0.125990
0.175255
0.224084
0.272356
0.319950
0.366750
0.412637
0.457499
0.501224
0.543705
0.584834
0.624511
0.662637
0.699117
0.733861
0.766783
0.797801
0.826838
0.853823
0.878688
0.901372
0.921819
0.939978
0.955805
0.969259
0.980308
0.988925
0.995089
0.998783
1.000000
0.998736
0.994995
0.988785
0.980124
0.969031
0.955536
0.939671
0.921476
0.900996
0.878283
0.853392
0.826385
0.797330
0.766299
0.733369
0.698621
0.662142
0.624022
0.584356
0.543243
0.500784
0.457085
0.412253
0.366401
0.319642
0.272092
0.223868
0.175090
0.125880
0.076359
0.026650
-0.023124
-0.072840
-0.122375
-0.171605
-0.220409
-0.268666
-0.316257
-0.363064
-0.408970
-0.453862
-0.497630
-0.540164
-0.581360
-0.621116
-0.659332
-0.695916
-0.730775
-0.763825
-0.794983
-0.824172
-0.851321
-0.876362
-0.899233
-0.919877
-0.938245
-0.954290
-0.967973
-0.979261
-0.988124
-0.994543
-0.998501
-0.999987
-0.999000
-0.995541
-0.989619
-0.981250
-0.970453
-0.957255
-0.941691
-0.923797
-0.903619
-0.881206
-0.856615
-0.829905
-0.801144
-0.770403
-0.737757
-0.703288
-0.667081
-0.629225
-0.589814
-0.548947
-0.506723
-0.463247
-0.418627
-0.372974
-0.326400
-0.279020
-0.230951
-0.182313
-0.133225
-0.083810
-0.034188
0.015517
0.065183
0.114687
0.163906
0.212719
0.261005
0.308646
0.355524
0.401522
0.446527
0.490429
0.533118
0.574490
0.614443
0.652877
0.689698
0.724816
0.758143
0.789598
0.819102
0.846584
0.871976
0.895214
0.916243
0.935009
0.951467
0.965577
0.977303
0.986618
0.993498
0.997926
0.999891
0.999390
0.996423
0.990997
0.983128
0.972833
0.960138
0.945076
0.927683
0.908002
0.886082
0.861978
0.835748
0.807458
0.777178
0.744982
0.710950
0.675166
0.637718
0.598699
0.558205
0.516336
0.473196
0.428889
0.383527
0.337221
0.290085
0.242235
0.193789
0.144866
0.095588
0.046076
-0.003549
-0.053164
-0.102646
-0.151875
-0.200729
-0.249086
-0.296830
-0.343841
-0.390004
-0.435205
-0.479334
-0.522281
-0.563941
-0.604212
-0.642994
-0.680192
-0.715715
-0.749475
-0.781389
-0.811379
-0.839371
-0.865296
-0.889091
-0.910698
-0.930063
-0.947138
-0.961883
-0.974260
-0.984240
-0.991798
-0.996916
-0.999581
-0.999787
-0.997534
-0.992827
-0.985678
-0.976105
-0.964132
-0.949787
-0.933108
-0.914134
-0.892913
-0.869497
-0.843944
-0.816317
-0.786683
-0.755116
-0.721694
-0.686498
-0.649616
-0.611138
-0.571159
-0.529778
-0.487095
-0.443217
-0.398251
-0.352307
-0.305498
-0.257941
-0.209750
-0.161046
-0.111947
-0.062575
-0.013050
0.036506
0.085971
0.135223
0.184143
0.232608
0.280502
0.327705
0.374103
0.419581
0.464028
0.507334
0.549395
0.590105
0.629366
0.667081
0.703158
0.737509
0.770048
0.800698
0.829381
0.856029
0.880576
0.902962
0.923132
0.941037
0.956634
0.969883
0.980753
0.989217
0.995255
0.998851
0.999999
0.998694
0.994940
0.988747
0.980130
0.969110
0.955714
0.939976
0.921935
0.901633
0.879123
0.854458
0.827700
0.798914
0.768172
0.735547
0.701121
0.664979
0.627208
0.587901
0.547155
0.505070
0.461749
0.417298
0.371826
0.325444
0.278267
0.230409
0.181989
0.133124
0.083935
0.034541
-0.014936
-0.064375
-0.113655
-0.162656
-0.211257
-0.259340
-0.306787
-0.353482
-0.399311
-0.444161
-0.487923
-0.530490
-0.571758
-0.611626
-0.649997
-0.686777
-0.721876
-0.755208
-0.786692
-0.816251
-0.843813
-0.869311
-0.892682
-0.913870
-0.932823
-0.949494
-0.963844
-0.975837
-0.985444
-0.992642
-0.997414
-0.999747
-0.999637
-0.997084
-0.992094
-0.984680
-0.974861
-0.962659
-0.948106
-0.931237
-0.912093
-0.890722
-0.867175
-0.841511
-0.813792
-0.784087
-0.752467
-0.719011
-0.683800
-0.646920
-0.608461
-0.568518
-0.527188
-0.484573
-0.440775
-0.395903
-0.350066
-0.303375
-0.255945
-0.207893
-0.159334
-0.110387
-0.061173
-0.011811
0.037579
0.086876
0.135959
0.184710
0.233008
0.280737
0.327780
0.374022
0.419350
0.463655
0.506828
0.548764
0.589361
0.628519
0.666145
0.702145
0.736433
0.768925
0.799542
0.828209
0.854857
0.879422
0.901842
0.922065
0.940040
0.955724
0.969080
0.980074
0.988681
0.994879
0.998654
0.999997
0.998904
0.995378
0.989429
0.981071
0.970324
0.957215
0.941776
0.924045
0.904065
0.881884
0.857558
0.831146
0.802711
0.772324
0.740058
0.705992
0.670210
0.632798
0.593847
0.553453
0.511714
0.468731
0.424609
0.379456
0.333381
0.286497
0.238918
0.190759
0.142137
0.093172
0.043981
-0.005315
-0.054597
-0.103745
-0.152639
-0.201161
-0.249192
-0.296616
-0.343319
-0.389185
-0.434105
-0.477968
-0.520669
-0.562104
-0.602173
-0.640777
-0.677824
-0.713223
-0.746889
-0.778741
-0.808700
-0.836695
-0.862657
-0.886525
-0.908239
-0.927748
-0.945004
-0.959965
-0.972597
-0.982867
-0.990752
-0.996232
-0.999294
-0.999932
-0.998143
-0.993933
-0.987312
-0.978295
-0.966906
-0.953172
-0.937126
-0.918808
-0.898263
-0.875539
-0.850694
-0.823786
-0.794882
-0.764051
-0.731370
-0.696916
-0.660774
-0.623031
-0.583780
-0.543114
-0.501134
-0.457941
-0.413640
-0.368337
-0.322144
-0.275171
-0.227533
-0.179346
-0.130726
-0.081790
-0.032658
0.016552
0.065720
0.114727
0.163455
0.211786
0.259603
0.306790
0.353232
0.398819
0.443438
0.486983
0.529348
0.570430
0.610131
0.648355
0.685008
0.720003
0.753255
0.784684
0.814214
0.841773
0.867296
0.890720
0.911990
0.931053
0.947865
0.962384
0.974576
0.984411
0.991866
0.996924
0.999571
0.999802
0.997618
0.993022
0.986026
0.976649
0.964911
0.950843
0.934478
0.915856
0.895023
0.872028
0.846927
0.819782
0.790658
0.759625
0.726760
0.692140
0.655850
0.617979
0.578616
0.537858
0.495803
0.452553
0.408211
0.362886
0.316687
0.269725
0.222114
0.173968
0.125404
0.076540
0.027492
-0.021621
-0.070680
-0.119567
-0.168164
-0.216354
-0.264020
-0.311049
-0.357326
-0.402740
-0.447181
-0.490544
-0.532722
-0.573616
-0.613125
-0.651155
-0.687616
-0.722418
-0.755478
-0.786717
-0.816060
-0.843436
-0.868779
-0.892029
-0.913129
-0.932030
-0.948686
-0.963056
-0.975107
-0.984810
-0.992142
-0.997085
-0.999627
-0.999763
-0.997493
-0.992822
-0.985762
-0.976330
-0.964548
-0.950447
-0.934059
-0.915424
-0.894588
-0.871600
-0.846517
-0.819398
-0.790310
-0.759322
-0.726508
-0.691950
-0.655728
-0.617931
-0.578650
-0.537979
-0.496016
-0.452863
-0.408622
-0.363401
-0.317308
-0.270454
-0.222952
-0.174915
-0.126461
-0.077703
-0.028761
0.020248
0.069208
0.117999
0.166506
0.214611
0.262199
0.309156
0.355369
0.400727
0.445122
0.488447
0.530598
0.571474
0.610978
0.649013
0.685491
0.720322
0.753423
0.784716
0.814126
0.841581
0.867017
0.890372
0.911592
0.930624
0.947425
0.961952
0.974173
0.984058
0.991584
0.996732
0.999491
0.999854
0.997821
0.993397
0.986592
0.977424
0.965914
0.952090
0.935986
0.917640
0.897096
0.874405
0.849620
0.822801
0.794013
0.763324
0.730809
0.696546
0.660616
0.623105
0.584105
0.543708
0.502010
0.459113
0.415119
0.370133
0.324263
0.277618
0.230311
0.182455
0.134164
0.085554
0.036741
-0.012158
-0.061027
-0.109748
-0.158205
-0.206282
-0.253864
-0.300837
-0.347090
-0.392511
-0.436993
-0.480429
-0.522715
-0.563751
-0.603438
-0.641682
-0.678392
-0.713480
-0.746862
-0.778460
-0.808197
-0.836002
-0.861811
-0.885560
-0.907195
-0.926662
-0.943917
-0.958918
-0.971629
-0.982021
-0.990068
-0.995753
-0.999061
-0.999985
-0.998523
-0.994679
-0.988462
-0.979887
-0.968975
-0.955753
-0.940251
-0.922508
-0.902566
-0.880472
-0.856279
-0.830046
-0.801836
-0.771715
-0.739755
-0.706033
-0.670630
-0.633631
-0.595122
-0.555197
-0.513951
-0.471481
-0.427890
-0.383281
-0.337761
-0.291439
-0.244423
-0.196828
-0.148765
-0.100350
-0.051698
-0.002925
0.045854
0.094522
0.142963
0.191062
0.238705
0.285777
0.332168
0.377767
0.422466
0.466158
0.508740
0.550110
0.590170
0.628824
0.665983
0.701556
0.735459
0.767613
0.797941
0.826371
0.852836
0.877272
0.899623
0.919834
0.937860
0.953656
0.967185
0.978417
0.987323
0.993884
0.998084
0.999913
0.999368
0.996449
0.991164
0.983526
0.973553
0.961270
0.946704
0.929893
0.910874
0.889695
0.866405
0.841060
0.813720
0.784451
0.753322
0.720406
0.685783
0.649535
0.611748
0.572511
0.531918
0.490065
0.447052
0.402981
0.357956
0.312084
0.265474
0.218237
0.170484
0.122329
0.073886
0.025270
-0.023404
-0.072021
-0.120466
-0.168623
-0.216379
-0.263621
-0.310237
-0.356116
-0.401151
-0.445234
-0.488261
-0.530131
-0.570744
-0.610005
-0.647820
-0.684102
-0.718763
-0.751721
-0.782900
-0.812226
-0.839629
-0.865045
-0.888414
-0.909681
-0.928796
-0.945713
-0.960394
-0.972804
-0.982913
-0.990698
-0.996141
-0.999230
-0.999956
-0.998320
-0.994324
-0.987979
-0.979300
-0.968307
-0.955028
-0.939493
-0.921740
-0.901810
-0.879752
-0.855616
-0.829462
-0.801350
-0.771347
-0.739524
-0.705957
-0.670725
-0.633911
-0.595603
-0.555891
-0.514868
-0.472633
-0.429284
-0.384924
-0.339657
-0.293592
-0.246836
-0.199499
-0.151694
-0.103533
-0.055130
-0.006598
0.041947
0.090391
0.138620
0.186521
0.233980
0.280886
0.327128
0.372598
0.417188
0.460793
0.503311
0.544643
0.584690
0.623358
0.660557
0.696199
0.730201
0.762482
0.792967
0.821584
0.848266
0.872951
0.895581
0.916102
0.934467
0.950633
0.964561
0.976220
0.985583
0.992627
0.997336
0.999700
0.999712
0.997375
0.992692
0.985676
0.976344
0.964716
0.950822
0.934694
0.916370
0.895894
0.873313
0.848682
0.822058
0.793504
0.763088
0.730880
0.696958
0.661400
0.624291
0.585717
0.545770
0.504543
0.462134
0.418642
0.374169
0.328820
0.282701
0.235921
0.188589
0.140816
0.092715
0.044399
-0.004019
-0.052427
-0.100709
-0.148753
-0.196446
-0.243677
-0.290335
-0.336310
-0.381495
-0.425784
-0.469074
-0.511263
-0.552252
-0.591945
-0.630250
-0.667077
-0.702341
-0.735957
-0.767849
-0.797942
-0.826165
-0.852452
-0.876742
-0.898980
-0.919112
-0.937092
-0.952878
-0.966433
-0.977727
-0.986732
-0.993428
-0.997801
-0.999839
-0.999538
-0.996899
-0.991930
-0.984641
-0.975050
-0.963179
-0.949058
-0.932718
-0.914199
-0.893544
-0.870801
-0.846025
-0.819273
-0.790607
-0.760096
-0.727810
-0.693826
-0.658222
-0.621083
-0.582495
-0.542548
-0.501336
-0.458956
-0.415506
-0.371087
-0.325805
-0.279763
-0.233071
-0.185837
-0.138172
-0.090186
-0.041991
0.006299
0.054573
0.102717
0.150620
0.198169
0.245254
0.291766
0.337595
0.382636
0.426782
0.469932
0.511985
0.552843
0.592411
0.630597
0.667312
0.702472
0.735993
0.767799
0.797815
0.825972
0.852204
0.876451
0.898656
0.918769
0.936741
0.952533
0.966107
0.977432
0.986482
0.993237
0.997680
0.999802
0.999598
0.997070
0.992222
0.985067
0.975622
0.963908
0.949954
0.933792
0.915460
0.895001
0.872463
0.847898
0.821364
0.792922
0.762640
0.730587
0.696838
0.661472
0.624571
0.586222
0.546512
0.505536
0.463387
0.420165
0.375969
0.330902
0.285069
0.238577
0.191533
0.144047
0.096228
0.048189
0.000039
-0.048108
-0.096142
-0.143950
-0.191423
-0.238450
-0.284922
-0.330731
-0.375771
-0.419939
-0.463131
-0.505248
-0.546193
-0.585870
-0.624188
-0.661058
-0.696395
-0.730118
-0.762148
-0.792411
-0.820838
-0.847364
-0.871926
-0.894469
-0.914940
-0.933292
-0.949484
-0.963477
-0.975241
-0.984747
-0.991974
-0.996907
-0.999533
-0.999847
-0.997848
-0.993542
-0.986938
-0.978053
-0.966907
-0.953527
-0.937942
-0.920191
-0.900314
-0.878356
-0.854371
-0.828412
-0.800540
-0.770820
-0.739322
-0.706116
-0.671282
-0.634899
-0.597052
-0.557827
-0.517317
-0.475614
-0.432815
-0.389020
-0.344328
-0.298844
-0.252672
-0.205919
-0.158694
-0.111104
-0.063261
-0.015273
0.032747
0.080690
0.128444
0.175901
0.222949
0.269482
0.315391
0.360571
0.404918
0.448331
0.490708
0.531953
0.571970
0.610668
0.647958
0.683754
0.717974
0.750539
0.781374
0.810409
0.837577
0.862816
0.886068
0.907280
0.926403
0.943393
0.958212
0.970827
0.981207
0.989330
0.995177
0.998736
0.999997
0.998960
0.995625
0.990003
0.982104
0.971949
0.959561
0.944968
0.928204
0.909309
0.888325
0.865302
0.840292
0.813354
0.784549
0.753943
0.721608
0.687618
0.652051
0.614989
0.576517
0.536723
0.495700
0.453541
0.410344
0.366207
0.321232
0.275522
0.229183
0.182320
0.135042
0.087456
0.039671
-0.008202
-0.056054
-0.103775
-0.151257
-0.198389
-0.245065
-0.291177
-0.336619
-0.381289
-0.425083
-0.467901
-0.509646
-0.550222
-0.589536
-0.627499
-0.664023
-0.699026
-0.732427
-0.764150
-0.794124
-0.822278
-0.848550
-0.872880
-0.895211
-0.915494
-0.933683
-0.949735
-0.963614
-0.975290
-0.984736
-0.991930
-0.996856
-0.999504
-0.999867
-0.997946
-0.993744
-0.987272
-0.978545
-0.967584
-0.954412
-0.939062
-0.921568
-0.901971
-0.880315
-0.856650
-0.831031
-0.803517
-0.774170
-0.743057
-0.710251
-0.675825
-0.639860
-0.602436
-0.563640
-0.523560
-0.482289
-0.439919
-0.396549
-0.352276
-0.307203
-0.261431
-0.215066
-0.168213
-0.120979
-0.073471
-0.025798
0.021931
0.069608
0.117124
0.164371
0.211241
0.257629
0.303427
0.348532
0.392842
0.436256
0.478674
0.520001
0.560143
0.599009
0.636509
0.672560
0.707080
0.739989
0.771214
0.800684
0.828332
0.854095
0.877916
0.899740
0.919517
0.937205
0.952761
0.966152
0.977347
0.986321
0.993055
0.997533
0.999745
0.999686
0.997358
0.992765
0.985919
0.976835
0.965535
0.952044
0.936393
0.918618
0.898759
0.876863
0.852979
0.827161
0.799469
0.769965
0.738716
0.705794
0.671274
0.635234
0.597755
0.558924
0.518828
0.477559
0.435210
0.391876
0.347657
0.302653
0.256966
0.210699
0.163957
0.116846
0.069473
0.021946
-0.025630
-0.073144
-0.120491
-0.167563
-0.214253
-0.260457
-0.306069
-0.350986
-0.395107
-0.438333
-0.480565
-0.521709
-0.561671
-0.600361
-0.637693
-0.673581
-0.707945
-0.740708
-0.771796
-0.801139
-0.828670
-0.854329
-0.878056
-0.899800
-0.919510
-0.937144
-0.952661
-0.966026
-0.977211
-0.986190
-0.992942
-0.997454
-0.999715
-0.999721
-0.997471
-0.992972
-0.986234
-0.977272
-0.966106
-0.952764
-0.937273
-0.919671
-0.899997
-0.878296
-0.854617
-0.829013
-0.801542
-0.772268
-0.741255
-0.708574
-0.674299
-0.638508
-0.601280
-0.562701
-0.522857
-0.481838
-0.439737
-0.396648
-0.352669
-0.307898
-0.262438
-0.216389
-0.169855
-0.122942
-0.075756
-0.028401
0.019016
0.066387
0.113606
0.160568
0.207166
0.253297
0.298856
0.343741
0.387852
0.431089
0.473355
0.514556
0.554600
0.593396
0.630858
0.666902
0.701447
0.734416
0.765735
0.795334
0.823147
0.849111
0.873170
0.895268
0.915358
0.933394
0.949335
0.963148
0.974800
0.984266
0.991526
0.996563
0.999367
0.999931
0.998255
0.994342
0.988202
0.979849
0.969303
0.956586
0.941727
0.924762
0.905726
0.884665
0.861624
0.836657
0.809818
0.781169
0.750774
0.718701
0.685021
0.649812
0.613151
0.575121
0.535808
0.495298
0.453684
0.411057
0.367514
0.323152
0.278071
0.232370
0.186153
0.139523
0.092583
0.045439
-0.001804
-0.049041
-0.096165
-0.143072
-0.189658
-0.235818
-0.281449
-0.326449
-0.370719
-0.414160
-0.456674
-0.498168
-0.538548
-0.577725
-0.615612
-0.652125
-0.687181
-0.720705
-0.752620
-0.782856
-0.811346
-0.838027
-0.862840
-0.885729
-0.906644
-0.925539
-0.942372
-0.957105
-0.969707
-0.980150
-0.988410
-0.994470
-0.998316
-0.999941
-0.999341
-0.996518
-0.991478
-0.984233
-0.974799
-0.963199
-0.949457
-0.933605
-0.915678
-0.895717
-0.873767
-0.849876
-0.824097
-0.796489
-0.767113
-0.736034
-0.703323
-0.669051
-0.633295
-0.596135
-0.557653
-0.517936
-0.477071
-0.435149
-0.392264
-0.348511
-0.303987
-0.258791
-0.213023
-0.166786
-0.120181
-0.073312
-0.026283
0.020802
0.067838
0.114721
0.161347
0.207613
0.253417
0.298656
0.343232
0.387045
0.429998
0.471997
0.512948
0.552761
0.591348
0.628624
0.664506
0.698916
0.731778
0.763018
0.792569
0.820364
0.846344
0.870450
0.892630
0.912835
0.931020
0.947146
0.961178
0.973084
0.982840
0.990422
0.995816
0.999010
0.999997
0.998775
0.995347
0.989721
0.981910
0.971932
0.959808
0.945567
0.929240
0.910862
0.890476
0.868126
0.843863
0.817739
0.789813
0.760147
0.728806
0.695860
0.661381
0.625447
0.588136
0.549531
0.509717
0.468782
0.426817
0.383914
0.340167
0.295674
0.250532
0.204841
0.158701
0.112215
0.065484
0.018612
-0.028298
-0.075144
-0.121822
-0.168229
-0.214263
-0.259824
-0.304811
-0.349124
-0.392668
-0.435346
-0.477065
-0.517732
-0.557260
-0.595561
-0.632551
-0.668149
-0.702277
-0.734861
-0.765829
-0.795114
-0.822651
-0.848380
-0.872246
-0.894195
-0.914181
-0.932159
-0.948091
-0.961942
-0.973682
-0.983285
-0.990731
-0.996004
-0.999093
-0.999991
-0.998697
-0.995213
-0.989549
-0.981716
-0.971732
-0.959620
-0.945406
-0.929122
-0.910803
-0.890492
-0.868231
-0.844070
-0.818063
-0.790267
-0.760742
-0.729555
-0.696772
-0.662467
-0.626714
-0.589593
-0.551184
-0.511572
-0.470843
-0.429087
-0.386396
-0.342862
-0.298581
-0.253650
-0.208168
-0.162233
-0.115946
-0.069409
-0.022723
0.024010
0.070688
0.117209
0.163472
0.209374
0.254818
0.299702
0.343930
0.387404
0.430032
0.471718
0.512373
0.551908
0.590238
0.627278
0.662948
0.697171
0.729872
0.760981
0.790430
0.818154
0.844095
0.868195
0.890402
0.910669
0.928951
0.945210
0.959410
0.971520
0.981515
0.989373
0.995077
0.998616
0.999982
0.999173
0.996190
0.991040
0.983736
0.974293
0.962733
0.949080
0.933365
0.915622
0.895890
0.874213
0.850638
0.825216
0.798003
0.769059
0.738446
0.706232
0.672486
0.637282
0.600697
0.562810
0.523705
0.483465
0.442179
0.399935
0.356827
0.312948
0.268392
0.223257
0.177641
0.131642
0.085361
0.038897
-0.007648
-0.054174
-0.100580
-0.146765
-0.192629
-0.238074
-0.283000
-0.327311
-0.370911
-0.413705
-0.455601
-0.496508
-0.536339
-0.575007
-0.612429
-0.648523
-0.683213
-0.716423
-0.748082
-0.778122
-0.806477
-0.833088
-0.857896
-0.880849
-0.901897
-0.920995
-0.938102
-0.953182
-0.966203
-0.977135
-0.985958
-0.992651
-0.997200
-0.999597
-0.999837
-0.997918
-0.993847
-0.987631
-0.979285
-0.968828
-0.956281
-0.941673
-0.925036
-0.906405
-0.885822
-0.863330
-0.838979
-0.812821
-0.784914
-0.755317
-0.724095
-0.691316
-0.657049
-0.621370
-0.584355
-0.546084
-0.506640
-0.466108
-0.424575
-0.382132
-0.338868
-0.294878
-0.250257
-0.205100
-0.159505
-0.113569
-0.067392
-0.021073
0.025288
0.071592
0.117740
0.163632
0.209169
0.254255
0.298791
0.342683
0.385837
0.428159
0.469560
0.509950
0.549244
0.587356
0.624206
0.659714
0.693804
0.726405
0.757445
0.786859
0.814584
0.840561
0.864735
0.887053
0.907469
0.925939
0.942424
0.956889
0.969304
0.979641
0.987880
0.994003
0.997998
0.999855
0.999572
0.997150
0.992594
0.985915
0.977127
0.966248
0.953304
0.938322
0.921334
0.902377
0.881492
0.858724
0.834122
0.807739
0.779632
0.749861
0.718489
0.685585
0.651218
0.615463
0.578396
0.540097
0.500647
0.460130
0.418634
0.376248
0.333061
0.289166
0.244658
0.199630
0.154179
0.108403
0.062398
0.016263
-0.029904
-0.076005
-0.121940
-0.167613
-0.212925
-0.257782
-0.302086
-0.345745
-0.388664
-0.430753
-0.471923
-0.512085
-0.551155
-0.589050
-0.625689
-0.660995
-0.694892
-0.727309
-0.758177
-0.787431
-0.815008
-0.840852
-0.864906
-0.887121
-0.907449
-0.925847
-0.942278
-0.956705
-0.969099
-0.979435
-0.987690
-0.993847
-0.997894
-0.999823
-0.999629
-0.997314
-0.992883
-0.986345
-0.977715
-0.967013
-0.954260
-0.939484
-0.922717
-0.903995
-0.883358
-0.860849
-0.836518
-0.810416
-0.782599
-0.753125
-0.722058
-0.689464
-0.655412
-0.619974
-0.583226
-0.545245
-0.506113
-0.465913
-0.424729
-0.382649
-0.339763
-0.296160
-0.251934
-0.207178
-0.161986
-0.116455
-0.070681
-0.024761
0.021209
0.067132
0.112909
0.158445
0.203643
0.248409
0.292647
0.336264
0.379169
0.421270
0.462480
0.502711
0.541879
0.579900
0.616696
0.652189
0.686305
0.718971
0.750118
0.779683
0.807602
0.833817
0.858273
0.880920
0.901708
0.920597
0.937544
0.952517
0.965482
0.976414
0.985290
0.992091
0.996804
0.999419
0.999931
0.998339
0.994647
0.988863
0.981001
0.971076
0.959110
0.945128
0.929161
0.911242
0.891410
0.869705
0.846176
0.820870
0.793842
0.765148
0.734850
0.703011
0.669699
0.634983
0.598936
0.561636
0.523159
0.483587
0.443004
0.401494
0.359145
0.316046
0.272287
0.227960
0.183158
0.137975
0.092506
0.046847
0.001092
-0.044662
-0.090320
-0.135785
-0.180964
-0.225760
-0.270081
-0.313834
-0.356927
-0.399270
-0.440776
-0.481356
-0.520928
-0.559407
-0.596714
-0.632771
-0.667503
-0.700838
-0.732706
-0.763040
-0.791779
-0.818861
-0.844232
-0.867837
-0.889629
-0.909562
-0.927595
-0.943690
-0.957815
-0.969940
-0.980041
-0.988096
-0.994090
-0.998010
-0.999848
-0.999602
-0.997271
-0.992862
-0.986383
-0.977850
-0.967279
-0.954694
-0.940121
-0.923591
-0.905138
-0.884802
-0.862625
-0.838653
-0.812938
-0.785532
-0.756494
-0.725883
-0.693764
-0.660205
-0.625274
-0.589046
-0.551595
-0.513000
-0.473341
-0.432701
-0.391164
-0.348817
-0.305749
-0.262048
-0.217806
-0.173115
-0.128067
-0.082756
-0.037276
0.008277
0.053811
0.099230
0.144440
0.189347
0.233858
0.277882
0.321326
0.364101
0.406119
0.447291
0.487534
0.526764
0.564900
0.601862
0.637576
0.671967
0.704963
0.736498
0.766506
0.794925
0.821697
0.846766
0.870082
0.891596
0.911264
0.929046
0.944905
0.958810
0.970731
0.980644
0.988530
0.994372
0.998160
0.999884
0.999543
0.997137
0.992672
0.986158
0.977608
0.967040
0.954477
0.939944
0.923473
0.905098
0.884857
0.862792
0.838949
0.813377
0.786130
0.757265
0.726840
0.694919
0.661569
0.626857
0.590857
0.553642
0.515289
0.475877
0.435489
0.394206
0.352115
0.309303
0.265856
0.221866
0.177422
0.132616
0.087540
0.042288
-0.003048
-0.048375
-0.093600
-0.138628
-0.183369
-0.227730
-0.271620
-0.314949
-0.357628
-0.399570
-0.440688
-0.480899
-0.520120
-0.558270
-0.595272
-0.631050
-0.665531
-0.698644
-0.730322
-0.760500
-0.789116
-0.816112
-0.841434
-0.865029
-0.886850
-0.906851
-0.924994
-0.941240
-0.955557
-0.967917
-0.978293
-0.986666
-0.993018
-0.997337
-0.999615
-0.999847
-0.998034
-0.994178
-0.988290
-0.980381
-0.970468
-0.958571
-0.944715
-0.928930
-0.911247
-0.891703
-0.870339
-0.847198
-0.822329
-0.795781
-0.767611
-0.737875
-0.706636
-0.673956
-0.639902
-0.604546
-0.567959
-0.530215
-0.491393
-0.451571
-0.410831
-0.369257
-0.326932
-0.283945
-0.240381
-0.196331
-0.151884
-0.107131
-0.062163
-0.017071
0.028052
0.073115
0.118026
0.162694
0.207027
0.250936
0.294332
0.337125
0.379230
0.420560
0.461033
0.500565
0.539077
0.576491
0.612730
0.647722
0.681395
0.713682
0.744517
0.773838
0.801585
0.827703
0.852139
0.874844
0.895772
0.914881
0.932132
0.947492
0.960928
0.972415
0.981930
0.989453
0.994970
0.998470
0.999947
0.999397
0.996823
0.992230
0.985628
0.977030
0.966455
0.953924
0.939463
0.923101
0.904873
0.884816
0.862970
0.839380
0.814094
0.787164
0.758644
0.728593
0.697072
0.664143
0.629876
0.594338
0.557602
0.519743
0.480836
0.440962
0.400200
0.358633
0.316346
0.273423
0.229952
0.186019
0.141715
0.097128
0.052349
0.007467
-0.037427
-0.082242
-0.126888
-0.171275
-0.215313
-0.258915
-0.301992
-0.344458
-0.386227
-0.427216
-0.467341
-0.506523
-0.544683
-0.581744
-0.617632
-0.652275
-0.685603
-0.717551
-0.748053
-0.777049
-0.804481
-0.830294
-0.854437
-0.876861
-0.897522
-0.916379
-0.933393
-0.948533
-0.961767
-0.973069
-0.982417
-0.989793
-0.995182
-0.998574
-0.999963
-0.999346
-0.996725
-0.992105
-0.985497
-0.976914
-0.966374
-0.953898
-0.939511
-0.923243
-0.905128
-0.885200
-0.863502
-0.840076
-0.814970
-0.788235
-0.759925
-0.730095
-0.698808
-0.666124
-0.632111
-0.596836
-0.560370
-0.522787
-0.484162
-0.444571
-0.404095
-0.362815
-0.320813
-0.278173
-0.234981
-0.191323
-0.147286
-0.102958
-0.058428
-0.013785
0.030883
0.075485
0.119934
0.164140
0.208016
0.251473
0.294426
0.336789
0.378477
0.419409
0.459501
0.498675
0.536853
0.573959
0.609920
0.644663
0.678120
0.710225
0.740915
0.770128
0.797806
0.823896
0.848345
0.871105
0.892131
0.911382
0.928820
0.944411
0.958125
0.969933
0.979814
0.987748
0.993720
0.997718
0.999735
0.999768
0.997816
0.993884
0.987981
0.980118
0.970312
0.958582
0.944952
0.929449
0.912105
0.892955
0.872037
0.849392
0.825066
0.799107
0.771568
0.742503
0.711971
0.680031
0.646747
0.612186
0.576416
0.539508
0.501536
0.462575
0.422702
0.381997
0.340539
0.298411
0.255697
0.212480
0.168847
0.124884
0.080677
0.036315
-0.008116
-0.052528
-0.096832
-0.140942
-0.184771
-0.228232
-0.271239
-0.313707
-0.355554
-0.396697
-0.437054
-0.476547
-0.515097
-0.552630
-0.589071
-0.624348
-0.658393
-0.691138
-0.722521
-0.752478
-0.780951
-0.807886
-0.833228
-0.856929
-0.878942
-0.899225
-0.917737
-0.934443
-0.949311
-0.962312
-0.973419
-0.982613
-0.989876
-0.995193
-0.998555
-0.999955
-0.999392
-0.996866
-0.992384
-0.985954
-0.977589
-0.967307
-0.955128
-0.941076
-0.925180
-0.907470
-0.887982
-0.866756
-0.843831
-0.819255
-0.793075
-0.765344
-0.736115
-0.705447
-0.673399
-0.640036
-0.605422
-0.569626
-0.532718
-0.494770
-0.455857
-0.416055
-0.375442
-0.334099
-0.292105
-0.249544
-0.206498
-0.163052
-0.119291
-0.075300
-0.031165
0.013027
0.057191
0.101239
0.145086
0.188647
0.231836
0.274569
0.316763
0.358336
0.399207
0.439296
0.478525
0.516819
0.554102
0.590302
0.625350
0.659176
0.691715
0.722905
0.752684
0.780995
0.807784
0.832999
0.856590
0.878512
0.898724
0.917186
0.933862
0.948721
0.961734
0.972877
0.982127
0.989468
0.994886
0.998370
0.999915
0.999518
0.997180
0.992905
0.986704
0.978587
0.968573
0.956679
0.942931
0.927354
0.909980
0.890843
0.869980
0.847432
0.823243
0.797461
0.770136
0.741321
0.711072
0.679448
0.646511
0.612325
0.576957
0.540474
0.502948
0.464453
0.425061
0.384851
0.343899
0.302286
0.260092
0.217398
0.174287
0.130843
0.087150
0.043291
-0.000647
-0.044581
-0.088425
-0.132095
-0.175506
-0.218576
-0.261220
-0.303357
-0.344905
-0.385784
-0.425917
-0.465225
-0.503633
-0.541067
-0.577455
-0.612728
-0.646817
-0.679658
-0.711187
-0.741344
-0.770071
-0.797314
-0.823019
-0.847139
-0.869627
-0.890440
-0.909538
-0.926886
-0.942450
-0.956200
-0.968112
-0.978162
-0.986331
-0.992604
-0.996970
-0.999421
-0.999952
-0.998563
-0.995257
-0.990041
-0.982925
-0.973924
-0.963054
-0.950339
-0.935801
-0.919470
-0.901377
-0.881558
-0.860051
-0.836897
-0.812141
-0.785831
-0.758019
-0.728756
-0.698101
-0.666111
-0.632849
-0.598378
-0.562765
-0.526078
-0.488388
-0.449767
-0.410288
-0.370028
-0.329064
-0.287474
-0.245339
-0.202737
-0.159752
-0.116465
-0.072960
-0.029318
0.014376
0.058039
0.101587
0.144939
0.188010
0.230719
0.272984
0.314725
0.355863
0.396319
0.436016
0.474879
0.512834
0.549809
0.585733
0.620539
0.654160
0.686533
0.717596
0.747291
0.775561
0.802353
0.827616
0.851303
0.873369
0.893773
0.912475
0.929441
0.944640
0.958042
0.969622
0.979360
0.987237
0.993238
0.997353
0.999573
0.999897
0.998323
0.994854
0.989498
0.982266
0.973172
0.962232
0.949470
0.934908
0.918576
0.900504
0.880728
0.859284
0.836215
0.811564
0.785379
0.757709
0.728607
0.698128
0.666331
0.633276
0.599026
0.563645
0.527202
0.489765
0.451405
0.412195
0.372210
0.331524
0.290216
0.248363
0.206044
0.163340
0.120331
0.077098
0.033723
-0.009711
-0.053124
-0.096433
-0.139556
-0.182413
-0.224922
-0.267003
-0.308578
-0.349568
-0.389896
-0.429486
-0.468264
-0.506157
-0.543094
-0.579005
-0.613823
-0.647484
-0.679923
-0.711080
-0.740898
-0.769319
-0.796292
-0.821765
-0.845692
-0.868027
-0.888729
-0.907759
-0.925083
-0.940668
-0.954486
-0.966510
-0.976719
-0.985094
-0.991619
-0.996284
-0.999079
-1.000000
-0.999046
-0.996218
-0.991523
-0.984970
-0.976572
-0.966345
-0.954308
-0.940485
-0.924902
-0.907588
-0.888576
-0.867903
-0.845607
-0.821731
-0.796319
-0.769420
-0.741084
-0.711365
-0.680318
-0.648003
-0.614478
-0.579809
-0.544059
-0.507296
-0.469588
-0.431007
-0.391624
-0.351513
-0.310750
-0.269411
-0.227572
-0.185312
-0.142710
-0.099845
-0.056798
-0.013649
0.029522
0.072634
0.115608
0.158362
0.200818
0.242896
0.284518
0.325607
0.366086
0.405881
0.444917
0.483122
0.520425
0.556757
0.592051
0.626241
0.659263
0.691058
0.721566
0.750731
0.778499
0.804818
0.829641
0.852921
0.874616
0.894685
0.913093
0.929805
0.944791
0.958023
0.969477
0.979133
0.986973
0.992983
0.997153
0.999474
0.999944
0.998561
0.995330
0.990255
0.983348
0.974622
0.964093
0.951780
0.937708
0.921903
0.904394
0.885214
0.864400
0.841990
0.818025
0.792551
0.765615
0.737267
0.707561
0.676550
0.644292
0.610849
0.576281
0.540652
0.504029
0.466480
0.428073
0.388881
0.348975
0.308429
0.267318
0.225719
0.183706
0.141360
0.098756
0.055975
0.013094
-0.029808
-0.072650
-0.115356
-0.157845
-0.200041
-0.241864
-0.283240
-0.324091
-0.364343
-0.403922
-0.442755
-0.480771
-0.517901
-0.554076
-0.589231
-0.623301
-0.656224
-0.687940
-0.718390
-0.747520
-0.775276
-0.801608
-0.826468
-0.849810
-0.871592
-0.891775
-0.910323
-0.927200
-0.942378
-0.955829
-0.967528
-0.977455
-0.985592
-0.991924
-0.996441
-0.999134
-0.999999
-0.999036
-0.996245
-0.991634
-0.985210
-0.976986
-0.966978
-0.955204
-0.941686
-0.926450
-0.909523
-0.890937
-0.870726
-0.848929
-0.825584
-0.800734
-0.774427
-0.746709
-0.717633
-0.687250
-0.655618
-0.622793
-0.588836
-0.553810
-0.517778
-0.480806
-0.442962
-0.404315
-0.364936
-0.324895
-0.284268
-0.243126
-0.201546
-0.159603
-0.117374
-0.074935
-0.032363
0.010263
0.052868
0.095372
0.137699
0.179773
0.221516
0.262854
0.303710
0.344012
0.383686
0.422661
0.460866
0.498231
0.534690
0.570176
0.604625
0.637976
0.670168
0.701143
0.730846
0.759222
0.786221
0.811795
0.835896
0.858484
0.879516
0.898955
0.916766
0.932918
0.947382
0.960132
0.971146
0.980404
0.987890
0.993590
0.997496
0.999600
0.999899
0.998393
0.995086
0.989984
0.983095
0.974435
0.964017
0.951862
0.937993
0.922434
0.905214
0.886364
0.865920
0.843917
0.820397
0.795402
0.768977
0.741170
0.712032
0.681616
0.649976
0.617170
0.583257
0.548298
0.512357
0.475499
0.437789
0.399296
0.360090
0.320240
0.279819
0.238899
0.197553
0.155857
0.113886
0.071713
0.029416
-0.012930
-0.055249
-0.097465
-0.139503
-0.181287
-0.222742
-0.263795
-0.304371
-0.344398
-0.383806
-0.422522
-0.460479
-0.497609
-0.533844
-0.569122
-0.603378
-0.636552
-0.668586
-0.699421
-0.729003
-0.757280
-0.784202
-0.809720
-0.833790
-0.856368
-0.877416
-0.896896
-0.914774
-0.931017
-0.945599
-0.958492
-0.969675
-0.979128
-0.986834
-0.992781
-0.996959
-0.999359
-0.999979
-0.998819
-0.995879
-0.991167
-0.984691
-0.976463
-0.966499
-0.954815
-0.941435
-0.926381
-0.909682
-0.891367
-0.871469
-0.850025
-0.827072
-0.802651
-0.776808
-0.749587
-0.721038
-0.691212
-0.660162
-0.627943
-0.594613
-0.560231
-0.524859
-0.488559
-0.451397
-0.413437
-0.374749
-0.335400
-0.295461
-0.255002
-0.214095
-0.172813
-0.131229
-0.089416
-0.047449
-0.005402
0.036651
0.078635
0.120476
0.162100
0.203434
0.244405
0.284939
0.324967
0.364417
0.403220
0.441307
0.478612
0.515068
0.550612
0.585182
0.618716
0.651155
0.682443
0.712525
0.741349
0.768863
0.795020
0.819774
0.843081
0.864902
0.885197
0.903933
0.921075
0.936595
0.950466
0.962664
0.973167
0.981958
0.989022
0.994347
0.997923
0.999746
0.999812
0.998122
0.994680
0.989491
0.982565
0.973916
0.963558
0.951511
0.937796
0.922437
0.905462
0.886902
0.866788
0.845157
0.822048
0.797500
0.771558
0.744267
0.715676
0.685834
0.654795
0.622612
0.589344
0.555048
0.519784
0.483615
0.446603
0.408814
0.370315
0.331172
0.291454
0.251231
0.210573
0.169551
0.128237
0.086704
0.045022
0.003266
-0.038491
-0.080178
-0.121721
-0.163047
-0.204086
-0.244765
-0.285014
-0.324762
-0.363941
-0.402483
-0.440320
-0.477387
-0.513620
-0.548956
-0.583333
-0.616692
-0.648976
-0.680128
-0.710095
-0.738825
-0.766269
-0.792378
-0.817109
-0.840418
-0.862266
-0.882614
-0.901429
-0.918678
-0.934330
-0.948361
-0.960745
-0.971463
-0.980494
-0.987826
-0.993445
-0.997341
-0.999510
-0.999947
-0.998652
-0.995629
-0.990882
-0.984420
-0.976256
-0.966403
-0.954880
-0.941706
-0.926905
-0.910504
-0.892530
-0.873015
-0.851994
-0.829503
-0.805581
-0.780271
-0.753616
-0.725663
-0.696459
-0.666058
-0.634509
-0.601870
-0.568196
-0.533545
-0.497978
-0.461556
-0.424342
-0.386401
-0.347797
-0.308599
-0.268873
-0.228688
-0.188113
-0.147218
-0.106074
-0.064752
-0.023322
0.018144
0.059575
0.100900
0.142047
0.182946
0.223527
0.263720
0.303456
0.342667
0.381287
0.419248
0.456486
0.492938
0.528540
0.563233
0.596957
0.629654
0.661268
0.691747
0.721038
0.749090
0.775857
0.801293
0.825355
0.848002
0.869195
0.888900
0.907081
0.923710
0.938758
0.952199
0.964012
0.974176
0.982675
0.989494
0.994622
0.998052
0.999777
0.999796
0.998108
0.994718
0.989631
0.982857
0.974407
0.964297
0.952544
0.939169
0.924195
0.907648
0.889556
0.869952
0.848868
0.826342
0.802411
0.777117
0.750504
0.722617
0.693503
0.663213
0.631799
0.599314
0.565814
0.531356
0.495999
0.459803
0.422830
0.385142
0.346805
0.307883
0.268442
0.228550
0.188274
0.147683
0.106846
0.065831
0.024709
-0.016450
-0.057578
-0.098605
-0.139460
-0.180075
-0.220382
-0.260311
-0.299796
-0.338770
-0.377168
-0.414924
-0.451974
-0.488257
-0.523712
-0.558278
-0.591897
-0.624514
-0.656072
-0.686520
-0.715807
-0.743882
-0.770700
-0.796214
-0.820384
-0.843167
-0.864527
-0.884428
-0.902836
-0.919721
-0.935055
-0.948813
-0.960971
-0.971511
-0.980414
-0.987667
-0.993257
-0.997175
-0.999416
-0.999977
-0.998856
-0.996056
-0.991582
-0.985443
-0.977649
-0.968214
-0.957154
-0.944488
-0.930238
-0.914429
-0.897086
-0.878241
-0.857924
-0.836171
-0.813018
-0.788505
-0.762672
-0.735565
-0.707228
-0.677709
-0.647058
-0.615327
-0.582569
-0.548840
-0.514196
-0.478695
-0.442397
-0.405363
-0.367654
-0.329335
-0.290470
-0.251123
-0.211361
-0.171249
-0.130856
-0.090248
-0.049494
-0.008661
0.032182
0.072968
0.113627
0.154093
0.194298
0.234176
0.273658
0.312681
0.351180
0.389089
0.426347
0.462891
0.498661
0.533598
0.567643
0.600741
0.632836
0.663876
0.693809
0.722585
0.750158
0.776482
0.801514
0.825211
0.847537
0.868452
0.887925
0.905922
0.922414
0.937375
0.950779
0.962606
0.972835
0.981451
0.988441
0.993791
0.997495
0.999547
0.999944
0.998685
0.995774
0.991215
0.985017
0.977190
0.967748
0.956707
0.944085
0.929905
0.914189
0.896965
0.878261
0.858109
0.836542
0.813596
0.789310
0.763724
0.736881
0.708825
0.679604
0.649264
0.617858
0.585437
0.552054
0.517766
0.482628
0.446699
0.410038
0.372706
0.334765
0.296277
0.257305
0.217914
0.178169
0.138135
0.097879
0.057465
0.016961
-0.023566
-0.064051
-0.104426
-0.144626
-0.184585
-0.224236
-0.263515
-0.302358
-0.340702
-0.378482
-0.415639
-0.452110
-0.487837
-0.522761
-0.556825
-0.589974
-0.622154
-0.653312
-0.683397
-0.712362
-0.740158
-0.766740
-0.792066
-0.816095
-0.838787
-0.860106
-0.880018
-0.898490
-0.915493
-0.930999
-0.944984
-0.957426
-0.968303
-0.977600
-0.985301
-0.991395
-0.995871
-0.998724
-0.999948
-0.999544
-0.997511
-0.993853
-0.988578
-0.981693
-0.973211
-0.963147
-0.951516
-0.938339
-0.923637
-0.907434
-0.889759
-0.870638
-0.850105
-0.828193
-0.804938
-0.780378
-0.754554
-0.727507
-0.699283
-0.669926
-0.639486
-0.608012
-0.575555
-0.542169
-0.507907
-0.472825
-0.436981
-0.400433
-0.363240
-0.325463
-0.287163
-0.248402
-0.209243
-0.169750
-0.129986
-0.090017
-0.049906
-0.009718
0.030481
0.070627
0.110654
0.150499
0.190096
0.229382
0.268294
0.306768
0.344744
0.382160
0.418955
0.455071
0.490449
0.525033
0.558768
0.591598
0.623473
0.654339
0.684149
0.712855
0.740410
0.766771
0.791896
0.815744
0.838278
0.859461
0.879261
0.897646
0.914587
0.930057
0.944031
0.956488
0.967408
0.976774
0.984572
0.990789
0.995417
0.998448
0.999877
0.999703
0.997928
0.994553
0.989586
0.983034
0.974909
0.965223
0.953994
0.941240
0.926980
0.911240
0.894044
0.875420
0.855398
0.834012
0.811295
0.787285
0.762019
0.735540
0.707888
0.679110
0.649251
0.618360
0.586485
0.553678
0.519992
0.485481
0.450199
0.414204
0.377553
0.340304
0.302518
0.264253
0.225573
0.186537
0.147208
0.107650
0.067925
0.028096
-0.011774
-0.051620
-0.091380
-0.130991
-0.170390
-0.209513
-0.248300
-0.286689
-0.324618
-0.362028
-0.398860
-0.435056
-0.470557
-0.505309
-0.539257
-0.572346
-0.604524
-0.635742
-0.665950
-0.695100
-0.723146
-0.750045
-0.775754
-0.800234
-0.823445
-0.845351
-0.865919
-0.885116
-0.902912
-0.919280
-0.934193
-0.947630
-0.959570
-0.969993
-0.978884
-0.986230
-0.992019
-0.996243
-0.998896
-0.999973
-0.999475
-0.997401
-0.993756
-0.988547
-0.981781
-0.973470
-0.963628
-0.952270
-0.939415
-0.925084
-0.909299
-0.892086
-0.873473
-0.853489
-0.832166
-0.809537
-0.785640
-0.760511
-0.734192
-0.706722
-0.678147
-0.648510
-0.617860
-0.586244
-0.553712
-0.520315
-0.486107
-0.451141
-0.415472
-0.379155
-0.342250
-0.304812
-0.266901
-0.228577
-0.189899
-0.150929
-0.111726
-0.072353
-0.032872
0.006657
0.046171
0.085608
0.124908
0.164008
0.202848
0.241367
0.279505
0.317203
0.354402
0.391044
0.427073
0.462432
0.497066
0.530922
0.563948
0.596091
0.627303
0.657535
0.686740
0.714873
0.741891
0.767753
0.792417
0.815847
0.838006
0.858861
0.878379
0.896530
0.913287
0.928624
0.942518
0.954948
0.965894
0.975342
0.983275
0.989683
0.994556
0.997887
0.999671
0.999906
0.998593
0.995733
0.991332
0.985397
0.977938
0.968967
0.958498
0.946547
0.933135
0.918281
0.902010
0.884348
0.865320
0.844959
0.823295
0.800363
0.776198
0.750837
0.724322
0.696692
0.667990
0.638262
0.607554
0.575913
0.543388
0.510029
0.475889
0.441020
0.405476
0.369312
0.332583
0.295347
0.257661
0.219583
0.181172
0.142486
0.103586
0.064531
0.025381
-0.013803
-0.052962
-0.092035
-0.130962
-0.169685
-0.208143
-0.246277
-0.284029
-0.321342
-0.358158
-0.394422
-0.430077
-0.465069
-0.499346
-0.532854
-0.565543
-0.597364
-0.628266
-0.658205
-0.687134
-0.715009
-0.741788
-0.767430
-0.791898
-0.815153
-0.837161
-0.857888
-0.877304
-0.895378
-0.912085
-0.927398
-0.941296
-0.953757
-0.964763
-0.974297
-0.982346
-0.988897
-0.993942
-0.997473
-0.999485
-0.999976
-0.998945
-0.996395
-0.992330
-0.986756
-0.979683
-0.971122
-0.961087
-0.949592
-0.936656
-0.922300
-0.906545
-0.889416
-0.870939
-0.851144
-0.830059
-0.807718
-0.784155
-0.759406
-0.733509
-0.706504
-0.678432
-0.649336
-0.619259
-0.588249
-0.556352
-0.523617
-0.490094
-0.455833
-0.420887
-0.385309
-0.349153
-0.312473
-0.275325
-0.237765
-0.199851
-0.161640
-0.123189
-0.084556
-0.045800
-0.006980
0.031847
0.070621
0.109285
0.147779
0.186046
0.224029
0.261670
0.298913
0.335701
0.371981
0.407697
0.442795
0.477224
0.510931
0.543866
0.575981
0.607226
0.637556
0.666925
0.695289
0.722607
0.748837
0.773940
0.797880
0.820621
0.842128
0.862371
0.881320
0.898945
0.915222
0.930127
0.943638
0.955734
0.966399
0.975616
0.983374
0.989659
0.994465
0.997783
0.999610
0.999943
0.998782
0.996130
0.991990
0.986371
0.979280
0.970729
0.960730
0.949300
0.936456
0.922218
0.906606
0.889646
0.871362
0.851783
0.830938
0.808858
0.785577
0.761129
0.735552
0.708885
0.681166
0.652438
0.622743
0.592127
0.560634
0.528312
0.495210
0.461377
0.426862
0.391718
0.355997
0.319753
0.283038
0.245908
0.208418
0.170623
0.132580
0.094345
0.055975
0.017526
-0.020944
-0.059379
-0.097722
-0.135915
-0.173903
-0.211630
-0.249039
-0.286076
-0.322686
-0.358816
-0.394411
-0.429420
-0.463791
-0.497474
-0.530418
-0.562577
-0.593903
-0.624349
-0.653871
-0.682427
-0.709974
-0.736472
-0.761882
-0.786168
-0.809294
-0.831227
-0.851934
-0.871385
-0.889553
-0.906411
-0.921935
-0.936103
-0.948894
-0.960289
-0.970273
-0.978832
-0.985953
-0.991626
-0.995844
-0.998601
-0.999893
-0.999720
-0.998081
-0.994980
-0.990421
-0.984413
-0.976964
-0.968086
-0.957791
-0.946097
-0.933020
-0.918579
-0.902798
-0.885698
-0.867306
-0.847649
-0.826756
-0.804658
-0.781388
-0.756979
-0.731469
-0.704895
-0.677295
-0.648711
-0.619184
-0.588758
-0.557478
-0.525389
-0.492539
-0.458975
-0.424747
-0.389904
-0.354499
-0.318581
-0.282205
-0.245422
-0.208287
-0.170853
-0.133176
-0.095310
-0.057309
-0.019230
0.018873
0.056943
0.094927
0.132768
0.170412
0.207805
0.244892
0.281619
0.317935
0.353785
0.389118
0.423884
0.458032
0.491513
0.524279
0.556282
0.587477
0.617819
0.647264
0.675770
0.703296
0.729803
0.755252
0.779608
0.802836
0.824902
0.845775
0.865426
0.883826
0.900949
0.916771
0.931271
0.944427
0.956220
0.966635
0.975658
0.983274
0.989475
0.994251
0.997596
0.999506
0.999979
0.999014
0.996614
0.992782
0.987525
0.980850
0.972767
0.963290
0.952431
0.940206
0.926635
0.911737
0.895533
0.878047
0.859305
0.839335
0.818165
0.795825
0.772349
0.747771
0.722125
0.695449
0.667782
0.639163
0.609634
0.579238
0.548017
0.516017
0.483284
0.449865
0.415808
0.381161
0.345975
0.310300
0.274186
0.237686
0.200851
0.163734
0.126389
0.088868
0.051225
0.013514
-0.024212
-0.061899
-0.099493
-0.136941
-0.174190
-0.211187
-0.247880
-0.284215
-0.320143
-0.355611
-0.390570
-0.424971
-0.458764
-0.491902
-0.524338
-0.556027
-0.586924
-0.616985
-0.646167
-0.674431
-0.701736
-0.728044
-0.753318
-0.777523
-0.800624
-0.822590
-0.843389
-0.862994
-0.881376
-0.898510
-0.914373
-0.928941
-0.942196
-0.954119
-0.964693
-0.973905
-0.981742
-0.988192
-0.993248
-0.996903
-0.999152
-0.999993
-0.999425
-0.997449
-0.994069
-0.989290
-0.983119
-0.975565
-0.966639
-0.956355
-0.944727
-0.931773
-0.917510
-0.901960
-0.885145
-0.867089
-0.847817
-0.827358
-0.805740
-0.782994
-0.759153
-0.734250
-0.708320
-0.681401
-0.653530
-0.624747
-0.595092
-0.564608
-0.533337
-0.501323
-0.468612
-0.435249
-0.401281
-0.366757
-0.331724
-0.296232
-0.260330
-0.224069
-0.187499
-0.150672
-0.113640
-0.076453
-0.039164
-0.001826
0.035511
0.072794
0.109970
0.146989
0.183798
0.220347
0.256585
0.292461
0.327925
0.362929
0.397423
0.431361
0.464695
0.497378
0.529367
0.560615
0.591082
0.620724
0.649500
0.677371
0.704299
0.730246
0.755178
0.779059
0.801857
0.823542
0.844082
0.863451
0.881621
0.898568
0.914270
0.928704
0.941852
0.953695
0.964219
0.973407
0.981249
0.987735
0.992855
0.996603
0.998975
0.999967
0.999579
0.997812
0.994669
0.990154
0.984275
0.977040
0.968460
0.958546
0.947314
0.934778
0.920957
0.905870
0.889539
0.871986
0.853236
0.833315
0.812251
0.790074
0.766814
0.742503
0.717176
0.690868
0.663614
0.635454
0.606425
0.576568
0.545924
0.514536
0.482446
0.449700
0.416341
0.382417
0.347973
0.313057
0.277718
0.242003
0.205961
0.169642
0.133096
0.096372
0.059522
0.022595
-0.014359
-0.051288
-0.088142
-0.124872
-0.161427
-0.197757
-0.233812
-0.269545
-0.304905
-0.339846
-0.374319
-0.408278
-0.441677
-0.474471
-0.506614
-0.538065
-0.568779
-0.598716
-0.627836
-0.656099
-0.683466
-0.709902
-0.735370
-0.759836
-0.783268
-0.805634
-0.826904
-0.847050
-0.866044
-0.883862
-0.900480
-0.915876
-0.930029
-0.942920
-0.954534
-0.964853
-0.973866
-0.981560
-0.987925
-0.992953
-0.996638
-0.998976
-0.999964
-0.999601
-0.997887
-0.994827
-0.990424
-0.984685
-0.977618
-0.969233
-0.959543
-0.948560
-0.936300
-0.922780
-0.908018
-0.892036
-0.874854
-0.856497
-0.836990
-0.816359
-0.794632
-0.771840
-0.748013
-0.723184
-0.697386
-0.670654
-0.643026
-0.614537
-0.585227
-0.555136
-0.524303
-0.492771
-0.460583
-0.427781
-0.394410
-0.360514
-0.326141
-0.291334
-0.256142
-0.220612
-0.184791
-0.148728
-0.112470
-0.076066
-0.039566
-0.003017
0.033531
0.070030
0.106431
0.142684
0.178743
0.214559
0.250083
0.285270
0.320071
0.354442
0.388336
0.421707
0.454513
0.486710
0.518254
0.549104
0.579220
0.608561
0.637089
0.664767
0.691557
0.717424
0.742336
0.766257
0.789158
0.811009
0.831780
0.851445
0.869978
0.887355
0.903553
0.918551
0.932330
0.944872
0.956160
0.966182
0.974923
0.982372
0.988521
0.993361
0.996887
0.999094
0.999981
0.999546
0.997790
0.994717
0.990331
0.984639
0.977647
0.969367
0.959809
0.948986
0.936914
0.923608
0.909088
0.893371
0.876480
0.858437
0.839267
0.818995
0.797647
0.775254
0.751844
0.727448
0.702100
0.675833
0.648681
0.620681
0.591869
0.562285
0.531967
0.500954
0.469289
0.437012
0.404167
0.370797
0.336945
0.302656
0.267975
0.232948
0.197621
0.162040
0.126251
0.090302
0.054240
0.018112
-0.018036
-0.054155
-0.090199
-0.126120
-0.161872
-0.197408
-0.232682
-0.267647
-0.302259
-0.336473
-0.370243
-0.403527
-0.436280
-0.468462
-0.500029
-0.530941
-0.561158
-0.590641
-0.619352
-0.647254
-0.674311
-0.700488
-0.725752
-0.750069
-0.773410
-0.795743
-0.817041
-0.837275
-0.856422
-0.874454
-0.891351
-0.907091
-0.921652
-0.935018
-0.947172
-0.958097
-0.967780
-0.976210
-0.983376
-0.989269
-0.993883
-0.997210
-0.999249
-0.999996
-0.999451
-0.997616
-0.994493
-0.990087
-0.984405
-0.977453
-0.969241
-0.959781
-0.949085
-0.937167
-0.924043
-0.909732
-0.894250
-0.877620
-0.859863
-0.841001
-0.821060
-0.800067
-0.778047
-0.755031
-0.731047
-0.706127
-0.680305
-0.653612
-0.626083
-0.597755
-0.568664
-0.538848
-0.508345
-0.477194
-0.445435
-0.413111
-0.380261
-0.346929
-0.313158
-0.278990
-0.244470
-0.209641
-0.174549
-0.139239
-0.103756
-0.068144
-0.032451
0.003280
0.039001
0.074668
0.110235
0.145656
0.180887
0.215882
0.250598
0.284990
0.319014
0.352627
0.385787
0.418451
0.450578
0.482128
0.513061
0.543336
0.572918
0.601767
0.629847
0.657124
0.683563
0.709130
0.733794
0.757523
0.780289
0.802062
0.822815
0.842522
0.861159
0.878703
0.895132
0.910425
0.924563
0.937530
0.949309
0.959886
0.969247
0.977382
0.984281
0.989936
0.994339
0.997486
0.999374
1.000000
0.999364
0.997468
0.994315
0.989908
0.984254
0.977361
0.969238
0.959895
0.949345
0.937602
0.924680
0.910597
0.895371
0.879021
0.861569
0.843036
0.823447
0.802826
0.781200
0.758596
0.735044
0.710572
0.685213
0.658998
0.631960
0.604134
0.575555
0.546259
0.516283
0.485665
0.454443
0.422657
0.390346
0.357552
0.324315
0.290678
0.256682
0.222370
0.187784
0.152969
0.117968
0.082825
0.047583
0.012286
-0.023021
-0.058295
-0.093491
-0.128566
-0.163476
-0.198177
-0.232628
-0.266784
-0.300603
-0.334045
-0.367066
-0.399626
-0.431686
-0.463205
-0.494144
-0.524465
-0.554131
-0.583106
-0.611353
-0.638838
-0.665528
-0.691388
-0.716389
-0.740498
-0.763687
-0.785927
-0.807191
-0.827453
-0.846689
-0.864875
-0.881989
-0.898010
-0.912920
-0.926699
-0.939332
-0.950803
-0.961099
-0.970207
-0.978117
-0.984820
-0.990307
-0.994572
-0.997612
-0.999421
-0.999999
-0.999346
-0.997463
-0.994352
-0.990018
-0.984467
-0.977706
-0.969744
-0.960591
-0.950259
-0.938762
-0.926113
-0.912329
-0.897427
-0.881425
-0.864345
-0.846207
-0.827035
-0.806851
-0.785681
-0.763552
-0.740491
-0.716526
-0.691688
-0.666007
-0.639514
-0.612243
-0.584228
-0.555502
-0.526101
-0.496062
-0.465421
-0.434216
-0.402485
-0.370268
-0.337603
-0.304531
-0.271093
-0.237329
-0.203280
-0.168988
-0.134495
-0.099844
-0.065075
-0.030232
0.004642
0.039507
0.074318
0.109034
0.143613
0.178012
0.212191
0.246107
0.279720
0.312989
0.345873
0.378333
0.410330
0.441825
0.472780
0.503159
0.532923
0.562039
0.590469
0.618182
0.645142
0.671319
0.696680
0.721196
0.744837
0.767574
0.789382
0.810233
0.830103
0.848969
0.866808
0.883599
0.899322
0.913959
0.927493
0.939908
0.951188
0.961322
0.970298
0.978104
0.984733
0.990176
0.994429
0.997485
0.999342
0.999999
0.999454
0.997710
0.994768
0.990633
0.985310
0.978806
0.971129
0.962290
0.952299
0.941168
0.928912
0.915545
0.901084
0.885548
0.868954
0.851323
0.832677
0.813038
0.792430
0.770879
0.748410
0.725051
0.700830
0.675775
0.649919
0.623291
0.595923
0.567849
0.539103
0.509718
0.479731
0.449177
0.418092
0.386514
0.354481
0.322031
0.289203
0.256036
0.222569
0.188843
0.154897
0.120772
0.086508
0.052147
0.017729
-0.016706
-0.051115
-0.085460
-0.119698
-0.153789
-0.187694
-0.221371
-0.254782
-0.287886
-0.320646
-0.353021
-0.384975
-0.416469
-0.447467
-0.477931
-0.507827
-0.537120
-0.565774
-0.593757
-0.621035
-0.647577
-0.673353
-0.698331
-0.722482
-0.745780
-0.768196
-0.789704
-0.810281
-0.829901
-0.848542
-0.866183
-0.882804
-0.898384
-0.912908
-0.926356
-0.938716
-0.949972
-0.960111
-0.969123
-0.976998
-0.983725
-0.989299
-0.993713
-0.996962
-0.999043
-0.999955
-0.999696
-0.998267
-0.995671
-0.991911
-0.986992
-0.980920
-0.973703
-0.965350
-0.955871
-0.945277
-0.933582
-0.920799
-0.906945
-0.892034
-0.876086
-0.859120
-0.841155
-0.822213
-0.802316
-0.781489
-0.759755
-0.737140
-0.713671
-0.689376
-0.664284
-0.638423
-0.611824
-0.584518
-0.556538
-0.527916
-0.498685
-0.468881
-0.438537
-0.407688
-0.376372
-0.344625
-0.312482
-0.279983
-0.247164
-0.214064
-0.180721
-0.147174
-0.113461
-0.079622
-0.045696
-0.011722
0.022260
0.056212
0.090094
0.123867
0.157492
0.190931
0.224145
0.257095
0.289745
0.322056
0.353992
0.385515
0.416590
0.447182
0.477254
0.506774
0.535706
0.564019
0.591679
0.618656
0.644919
0.670437
0.695183
0.719127
0.742243
0.764505
0.785887
0.806365
0.825917
0.844520
0.862153
0.878797
0.894434
0.909044
0.922613
0.935126
0.946567
0.956926
0.966190
0.974349
0.981395
0.987320
0.992118
0.995783
0.998313
0.999704
0.999956
0.999068
0.997043
0.993883
0.989592
0.984176
0.977641
0.969995
0.961248
0.951409
0.940491
0.928506
0.915469
0.901394
0.886298
0.870199
0.853115
0.835067
0.816075
0.796160
0.775347
0.753658
0.731120
0.707757
0.683597
0.658667
0.632996
0.606613
0.579548
0.551833
0.523498
0.494576
0.465100
0.435104
0.404621
0.373687
0.342335
0.310603
0.278525
0.246138
0.213478
0.180583
0.147490
0.114235
0.080857
0.047393
0.013881
-0.019642
-0.053138
-0.086569
-0.119899
-0.153088
-0.186101
-0.218900
-0.251449
-0.283711
-0.315651
-0.347232
-0.378419
-0.409178
-0.439474
-0.469274
-0.498544
-0.527252
-0.555367
-0.582856
-0.609690
-0.635839
-0.661274
-0.685966
-0.709890
-0.733017
-0.755323
-0.776784
-0.797375
-0.817075
-0.835861
-0.853714
-0.870613
-0.886540
-0.901478
-0.915411
-0.928324
-0.940203
-0.951035
-0.960808
-0.969512
-0.977139
-0.983679
-0.989127
-0.993476
-0.996723
-0.998863
-0.999897
-0.999821
-0.998638
-0.996349
-0.992958
-0.988467
-0.982884
-0.976214
-0.968465
-0.959646
-0.949769
-0.938843
-0.926882
-0.913899
-0.899909
-0.884928
-0.868973
-0.852062
-0.834213
-0.815448
-0.795788
-0.775253
-0.753868
-0.731656
-0.708642
-0.684851
-0.660311
-0.635049
-0.609092
-0.582469
-0.555211
-0.527347
-0.498908
-0.469926
-0.440433
-0.410460
-0.380042
-0.349212
-0.318004
-0.286453
-0.254592
-0.222457
-0.190084
-0.157507
-0.124763
-0.091887
-0.058916
-0.025886
0.007168
0.040209
0.073201
0.106108
0.138894
0.171524
0.203962
0.236172
0.268121
0.299772
0.331092
0.362046
0.392602
0.422725
0.452384
0.481547
0.510181
0.538257
0.565743
0.592610
0.618830
0.644374
0.669214
0.693325
0.716680
0.739254
0.761023
0.781963
0.802054
0.821273
0.839599
0.857014
0.873499
0.889036
0.903609
0.917203
0.929804
0.941398
0.951973
0.961519
0.970026
0.977484
0.983886
0.989227
0.993500
0.996701
0.998828
0.999878
0.999852
0.998749
0.996572
0.993322
0.989005
0.983625
0.977188
0.969702
0.961176
0.951618
0.941041
0.929455
0.916874
0.903311
0.888781
0.873301
0.856887
0.839558
0.821333
0.802231
0.782273
0.761481
0.739878
0.717487
0.694332
0.670439
0.645833
0.620541
0.594591
0.568010
0.540827
0.513071
0.484772
0.455961
0.426668
0.396926
0.366765
0.336218
0.305318
0.274098
0.242591
0.210831
0.178852
0.146687
0.114372
0.081940
0.049426
0.016865
-0.015709
-0.048262
-0.080758
-0.113164
-0.145444
-0.177566
-0.209494
-0.241196
-0.272638
-0.303786
-0.334608
-0.365071
-0.395144
-0.424795
-0.453992
-0.482705
-0.510903
-0.538558
-0.565641
-0.592123
-0.617976
-0.643173
-0.667689
-0.691498
-0.714574
-0.736894
-0.758436
-0.779175
-0.799092
-0.818166
-0.836376
-0.853704
-0.870133
-0.885645
-0.900225
-0.913858
-0.926529
-0.938227
-0.948938
-0.958654
-0.967363
-0.975057
-0.981728
-0.987371
-0.991979
-0.995548
-0.998076
-0.999559
-0.999997
-0.999389
-0.997738
-0.995045
-0.991313
-0.986547
-0.980752
-0.973935
-0.966103
-0.957266
-0.947432
-0.936612
-0.924819
-0.912065
-0.898363
-0.883729
-0.868177
-0.851725
-0.834390
-0.816191
-0.797147
-0.777278
-0.756604
-0.735149
-0.712934
-0.689983
-0.666320
-0.641971
-0.616959
-0.591313
-0.565058
-0.538222
-0.510833
-0.482920
-0.454512
-0.425638
-0.396329
-0.366614
-0.336526
-0.306095
-0.275353
-0.244331
-0.213062
-0.181578
-0.149912
-0.118096
-0.086164
-0.054148
-0.022081
0.010003
0.042072
0.074093
0.106032
0.137858
0.169537
0.201036
0.232324
0.263368
0.294138
0.324600
0.354725
0.384481
0.413838
0.442766
0.471236
0.499219
0.526686
0.553610
0.579963
0.605719
0.630850
0.655333
0.679142
0.702254
0.724645
0.746292
0.767174
0.787269
0.806559
0.825022
0.842642
0.859400
0.875280
0.890266
0.904343
0.917498
0.929716
0.940987
0.951299
0.960643
0.969009
0.976389
0.982776
0.988165
0.992550
0.995926
0.998293
0.999646
0.999986
0.999313
0.997627
0.994932
0.991229
0.986524
0.980822
0.974129
0.966451
0.957799
0.948179
0.937604
0.926083
0.913629
0.900256
0.885976
0.870805
0.854759
0.837853
0.820106
0.801536
0.782162
0.762004
0.741082
0.719418
0.697034
0.673953
0.650199
0.625795
0.600766
0.575138
0.548937
0.522190
0.494923
0.467164
0.438941
0.410283
0.381219
0.351777
0.321988
0.291882
0.261489
0.230838
0.199962
0.168891
0.137657
0.106289
0.074821
0.043283
0.011707
-0.019875
-0.051433
-0.082934
-0.114348
-0.145643
-0.176787
-0.207751
-0.238502
-0.269012
-0.299249
-0.329183
-0.358786
-0.388027
-0.416878
-0.445310
-0.473296
-0.500807
-0.527817
-0.554300
-0.580228
-0.605577
-0.630322
-0.654439
-0.677904
-0.700694
-0.722787
-0.744161
-0.764796
-0.784672
-0.803769
-0.822069
-0.839554
-0.856207
-0.872012
-0.886955
-0.901020
-0.914195
-0.926466
-0.937822
-0.948253
-0.957748
-0.966299
-0.973898
-0.980537
-0.986211
-0.990915
-0.994643
-0.997394
-0.999165
-0.999955
-0.999762
-0.998589
-0.996437
-0.993308
-0.989206
-0.984135
-0.978100
-0.971109
-0.963169
-0.954287
-0.944473
-0.933736
-0.922089
-0.909542
-0.896109
-0.881802
-0.866637
-0.850629
-0.833793
-0.816146
-0.797707
-0.778492
-0.758523
-0.737817
-0.716397
-0.694282
-0.671496
-0.648060
-0.623997
-0.599332
-0.574088
-0.548290
-0.521965
-0.495136
-0.467832
-0.440078
-0.411901
-0.383330
-0.354392
-0.325115
-0.295528
-0.265659
-0.235539
-0.205195
-0.174658
-0.143957
-0.113122
-0.082182
-0.051168
-0.020110
0.010962
0.042019
0.073030
0.103966
0.134796
0.165491
0.196022
0.226359
0.256473
0.286335
0.315916
0.345189
0.374124
0.402696
0.430875
0.458636
0.485952
0.512796
0.539144
0.564971
0.590251
0.614961
0.639077
0.662577
0.685438
0.707639
0.729159
0.749977
0.770075
0.789433
0.808032
0.825857
0.842889
0.859114
0.874515
0.889080
0.902793
0.915643
0.927618
0.938707
0.948899
0.958185
0.966558
0.974009
0.980532
0.986121
0.990772
0.994479
0.997241
0.999055
0.999920
0.999835
0.998802
0.996820
0.993894
0.990026
0.985220
0.979481
0.972816
0.965230
0.956732
0.947330
0.937034
0.925853
0.913799
0.900883
0.887118
0.872518
0.857097
0.840869
0.823850
0.806058
0.787508
0.768220
0.748211
0.727500
0.706108
0.684055
0.661362
0.638050
0.614143
0.589662
0.564631
0.539075
0.513016
0.486480
0.459492
0.432077
0.404262
0.376072
0.347535
0.318677
0.289526
0.260108
0.230451
0.200585
0.170535
0.140331
0.110001
0.079574
0.049077
0.018539
-0.012010
-0.042544
-0.073032
-0.103448
-0.133761
-0.163945
-0.193972
-0.223812
-0.253439
-0.282826
-0.311944
-0.340767
-0.369269
-0.397423
-0.425202
-0.452583
-0.479538
-0.506044
-0.532076
-0.557610
-0.582623
-0.607091
-0.630993
-0.654307
-0.677011
-0.699084
-0.720507
-0.741260
-0.761324
-0.780681
-0.799313
-0.817204
-0.834337
-0.850697
-0.866270
-0.881041
-0.894996
-0.908125
-0.920415
-0.931854
-0.942434
-0.952144
-0.960976
-0.968923
-0.975978
-0.982134
-0.987386
-0.991731
-0.995164
-0.997683
-0.999286
-0.999972
-0.999741
-0.998593
-0.996530
-0.993554
-0.989670
-0.984879
-0.979188
-0.972603
-0.965129
-0.956773
-0.947545
-0.937452
-0.926505
-0.914714
-0.902090
-0.888645
-0.874392
-0.859344
-0.843516
-0.826921
-0.809576
-0.791497
-0.772700
-0.753204
-0.733026
-0.712184
-0.690699
-0.668590
-0.645877
-0.622582
-0.598726
-0.574330
-0.549418
-0.524011
-0.498134
-0.471810
-0.445063
-0.417918
-0.390399
-0.362531
-0.334340
-0.305852
-0.277092
-0.248087
-0.218862
-0.189445
-0.159862
-0.130139
-0.100305
-0.070385
-0.040406
-0.010397
0.019617
0.049608
0.079549
0.109414
0.139174
0.168805
0.198279
0.227569
0.256650
0.285495
0.314079
0.342377
0.370362
0.398010
0.425297
0.452197
0.478688
0.504746
0.530347
0.555469
0.580090
0.604187
0.627740
0.650728
0.673131
0.694929
0.716102
0.736633
0.756502
0.775694
0.794190
0.811976
0.829034
0.845352
0.860914
0.875707
0.889718
0.902935
0.915347
0.926944
0.937714
0.947650
0.956743
0.964985
0.972369
0.978890
0.984541
0.989319
0.993219
0.996239
0.998376
0.999629
0.999997
0.999480
0.998080
0.995798
0.992637
0.988599
0.983689
0.977911
0.971271
0.963776
0.955433
0.946248
0.936232
0.925392
0.913740
0.901285
0.888039
0.874015
0.859224
0.843681
0.827399
0.810393
0.792678
0.774271
0.755187
0.735445
0.715061
0.694053
0.672442
0.650245
0.627482
0.604174
0.580342
0.556006
0.531188
0.505911
0.480195
0.454065
0.427543
0.400652
0.373416
0.345860
0.318006
0.289881
0.261507
0.232911
0.204117
0.175151
0.146037
0.116801
0.087469
0.058066
0.028617
-0.000851
-0.030313
-0.059743
-0.089117
-0.118408
-0.147591
-0.176642
-0.205534
-0.234243
-0.262744
-0.291012
-0.319024
-0.346755
-0.374181
-0.401279
-0.428026
-0.454398
-0.480373
-0.505929
-0.531044
-0.555696
-0.579865
-0.603530
-0.626671
-0.649268
-0.671302
-0.692754
-0.713606
-0.733841
-0.753442
-0.772391
-0.790673
-0.808274
-0.825177
-0.841369
-0.856836
-0.871565
-0.885545
-0.898763
-0.911209
-0.922873
-0.933744
-0.943814
-0.953075
-0.961519
-0.969140
-0.975931
-0.981888
-0.987004
-0.991277
-0.994704
-0.997281
-0.999008
-0.999882
-0.999904
-0.999075
-0.997395
-0.994866
-0.991491
-0.987273
-0.982216
-0.976325
-0.969606
-0.962064
-0.953707
-0.944542
-0.934576
-0.923820
-0.912283
-0.899974
-0.886905
-0.873087
-0.858532
-0.843253
-0.827263
-0.810577
-0.793208
-0.775172
-0.756484
-0.737160
-0.717218
-0.696674
-0.675545
-0.653851
-0.631609
-0.608839
-0.585561
-0.561793
-0.537556
-0.512872
-0.487760
-0.462243
-0.436341
-0.410078
-0.383475
-0.356554
-0.329339
-0.301853
-0.274118
-0.246159
-0.217998
-0.189659
-0.161167
-0.132545
-0.103817
-0.075007
-0.046140
-0.017239
0.011671
0.040565
0.069421
0.098214
0.126919
0.155514
0.183973
0.212274
0.240393
0.268307
0.295992
0.323426
0.350585
0.377448
0.403993
0.430196
0.456038
0.481495
0.506549
0.531177
0.555360
0.579078
0.602312
0.625042
0.647250
0.668918
0.690028
0.710563
0.730506
0.749842
0.768554
0.786627
0.804047
0.820800
0.836873
0.852251
0.866924
0.880879
0.894105
0.906592
0.918329
0.929309
0.939521
0.948958
0.957613
0.965478
0.972549
0.978819
0.984284
0.988940
0.992783
0.995810
0.998020
0.999412
0.999984
0.999737
0.998670
0.996787
0.994087
0.990575
0.986254
0.981126
0.975198
0.968474
0.960961
0.952664
0.943592
0.933751
0.923150
0.911799
0.899707
0.886885
0.873342
0.859091
0.844144
0.828512
0.812210
0.795251
0.777648
0.759417
0.740573
0.721131
0.701108
0.680520
0.659384
0.637717
0.615538
0.592864
0.569714
0.546108
0.522064
0.497602
0.472743
0.447506
0.421912
0.395982
0.369738
0.343200
0.316390
0.289330
0.262041
0.234547
0.206868
0.179028
0.151049
0.122954
0.094765
0.066505
0.038197
0.009864
-0.018473
-0.046789
-0.075062
-0.103271
-0.131391
-0.159400
-0.187277
-0.214998
-0.242543
-0.269888
-0.297012
-0.323894
-0.350511
-0.376844
-0.402870
-0.428571
-0.453924
-0.478910
-0.503510
-0.527704
-0.551472
-0.574797
-0.597659
-0.620042
-0.641926
-0.663296
-0.684135
-0.704425
-0.724152
-0.743300
-0.761855
-0.779800
-0.797124
-0.813812
-0.829852
-0.845231
-0.859937
-0.873960
-0.887287
-0.899910
-0.911819
-0.923004
-0.933457
-0.943171
-0.952138
-0.960351
-0.967804
-0.974492
-0.980410
-0.985554
-0.989920
-0.993505
-0.996307
-0.998324
-0.999554
-0.999998
-0.999656
-0.998527
-0.996614
-0.993918
-0.990442
-0.986189
-0.981163
-0.975368
-0.968810
-0.961493
-0.953424
-0.944610
-0.935058
-0.924775
-0.913771
-0.902055
-0.889635
-0.876522
-0.862727
-0.848261
-0.833135
-0.817362
-0.800954
-0.783925
-0.766288
-0.748057
-0.729247
-0.709872
-0.689949
-0.669492
-0.648519
-0.627045
-0.605088
-0.582665
-0.559794
-0.536492
-0.512779
-0.488672
-0.464191
-0.439354
-0.414182
-0.388694
-0.362909
-0.336849
-0.310533
-0.283981
-0.257215
-0.230256
-0.203123
-0.175839
-0.148424
-0.120900
-0.093288
-0.065609
-0.037884
-0.010136
0.017615
0.045347
0.073039
0.100669
0.128217
0.155662
0.182981
0.210155
0.237162
0.263982
0.290594
0.316978
0.343115
0.368983
0.394564
0.419838
0.444786
0.469389
0.493628
0.517484
0.540941
0.563980
0.586584
0.608736
0.630419
0.651616
0.672313
0.692494
0.712142
0.731245
0.749787
0.767755
0.785135
0.801915
0.818082
0.833624
0.848529
0.862787
0.876388
0.889321
0.901577
0.913147
0.924022
0.934195
0.943659
0.952406
0.960431
0.967728
0.974291
0.980116
0.985200
0.989539
0.993129
0.995969
0.998057
0.999392
0.999972
0.999800
0.998873
0.997195
0.994766
0.991590
0.987667
0.983003
0.977601
0.971465
0.964601
0.957014
0.948710
0.939696
0.929978
0.919566
0.908466
0.896688
0.884241
0.871134
0.857378
0.842983
0.827961
0.812322
0.796080
0.779247
0.761834
0.743857
0.725328
0.706262
0.686674
0.666577
0.645988
0.624921
0.603394
0.581422
0.559022
0.536210
0.513005
0.489422
0.465481
0.441199
0.416595
0.391686
0.366491
0.341030
0.315321
0.289384
0.263237
0.236900
0.210394
0.183737
0.156949
0.130050
0.103061
0.076001
0.048890
0.021748
-0.005405
-0.032548
-0.059663
-0.086728
-0.113724
-0.140631
-0.167429
-0.194100
-0.220622
-0.246977
-0.273145
-0.299108
-0.324847
-0.350342
-0.375575
-0.400528
-0.425182
-0.449520
-0.473525
-0.497178
-0.520463
-0.543362
-0.565860
-0.587940
-0.609586
-0.630783
-0.651515
-0.671768
-0.691526
-0.710777
-0.729506
-0.747700
-0.765345
-0.782430
-0.798943
-0.814871
-0.830203
-0.844929
-0.859038
-0.872520
-0.885366
-0.897567
-0.909115
-0.920001
-0.930218
-0.939759
-0.948618
-0.956787
-0.964263
-0.971040
-0.977113
-0.982479
-0.987133
-0.991074
-0.994298
-0.996804
-0.998590
-0.999655
-1.000000
-0.999624
-0.998528
-0.996713
-0.994181
-0.990934
-0.986975
-0.982307
-0.976934
-0.970860
-0.964090
-0.956630
-0.948484
-0.939660
-0.930164
-0.920003
-0.909185
-0.897717
-0.885610
-0.872871
-0.859510
-0.845537
-0.830963
-0.815797
-0.800052
-0.783739
-0.766870
-0.749457
-0.731514
-0.713052
-0.694086
-0.674629
-0.654696
-0.634300
-0.613458
-0.592183
-0.570492
-0.548400
-0.525922
-0.503075
-0.479876
-0.456341
-0.432487
-0.408331
-0.383891
-0.359183
-0.334227
-0.309038
-0.283636
-0.258038
-0.232263
-0.206329
-0.180254
-0.154057
-0.127756
-0.101371
-0.074919
-0.048420
-0.021892
0.004646
0.031176
0.057679
0.084135
0.110528
0.136837
0.163045
0.189133
0.215084
0.240878
0.266498
0.291926
0.317145
0.342136
0.366882
0.391367
0.415573
0.439483
0.463081
0.486351
0.509277
0.531842
0.554031
0.575829
0.597220
0.618192
0.638727
0.658814
0.678438
0.697585
0.716243
0.734399
0.752041
0.769156
0.785734
0.801762
0.817230
0.832128
0.846445
0.860173
0.873302
0.885822
0.897727
0.909008
0.919657
0.929667
0.939033
0.947748
0.955806
0.963202
0.969931
0.975990
0.981374
0.986080
0.990105
0.993447
0.996104
0.998075
0.999359
0.999954
0.999862
0.999082
0.997616
0.995465
0.992630
0.989115
0.984922
0.980055
0.974516
0.968311
0.961444
0.953920
0.945744
0.936923
0.927463
0.917371
0.906654
0.895319
0.883376
0.870832
0.857697
0.843979
0.829689
0.814836
0.799432
0.783486
0.767010
0.750015
0.732514
0.714518
0.696041
0.677094
0.657692
0.637847
0.617573
0.596885
0.575796
0.554322
0.532476
0.510274
0.487732
0.464863
0.441686
0.418214
0.394464
0.370453
0.346197
0.321712
0.297015
0.272122
0.247052
0.221819
0.196443
0.170939
0.145326
0.119620
0.093839
0.068000
0.042120
0.016218
-0.009691
-0.035587
-0.061454
-0.087275
-0.113032
-0.138708
-0.164286
-0.189749
-0.215080
-0.240261
-0.265277
-0.290111
-0.314746
-0.339165
-0.363353
-0.387294
-0.410972
-0.434370
-0.457475
-0.480270
-0.502741
-0.524872
-0.546650
-0.568060
-0.589087
-0.609719
-0.629942
-0.649742
-0.669108
-0.688025
-0.706482
-0.724467
-0.741968
-0.758975
-0.775475
-0.791459
-0.806916
-0.821836
-0.836210
-0.850028
-0.863282
-0.875964
-0.888065
-0.899578
-0.910495
-0.920810
-0.930516
-0.939607
-0.948078
-0.955923
-0.963138
-0.969718
-0.975660
-0.980959
-0.985613
-0.989619
-0.992975
-0.995680
-0.997730
-0.999127
-0.999869
-0.999956
-0.999388
-0.998167
-0.996293
-0.993769
-0.990595
-0.986775
-0.982312
-0.977208
-0.971469
-0.965096
-0.958096
-0.950473
-0.942233
-0.933381
-0.923924
-0.913867
-0.903218
-0.891985
-0.880174
-0.867794
-0.854854
-0.841361
-0.827325
-0.812756
-0.797664
-0.782057
-0.765948
-0.749346
-0.732262
-0.714709
-0.696697
-0.678239
-0.659346
-0.640032
-0.620309
-0.600189
-0.579687
-0.558815
-0.537588
-0.516018
-0.494121
-0.471911
-0.449401
-0.426608
-0.403544
-0.380227
-0.356670
-0.332889
-0.308899
-0.284716
-0.260356
-0.235834
-0.211166
-0.186368
-0.161455
-0.136445
-0.111352
-0.086194
-0.060986
-0.035744
-0.010484
0.014777
0.040023
0.065239
0.090407
0.115513
0.140540
0.165472
0.190294
0.214990
0.239544
0.263940
0.288164
0.312199
0.336032
0.359646
0.383027
0.406161
0.429032
0.451627
0.473931
0.495931
0.517612
0.538961
0.559965
0.580611
0.600886
0.620778
0.640273
0.659361
0.678028
0.696265
0.714059
0.731400
0.748277
0.764679
0.780597
0.796021
0.810942
0.825350
0.839237
0.852594
0.865414
0.877688
0.889409
0.900571
0.911166
0.921189
0.930633
0.939494
0.947764
0.955441
0.962520
0.968996
0.974865
0.980125
0.984773
0.988806
0.992222
0.995019
0.997197
0.998753
0.999687
1.000000
0.999691
0.998761
0.997211
0.995042
0.992257
0.988856
0.984844
0.980221
0.974993
0.969162
0.962732
0.955708
0.948095
0.939897
0.931120
0.921770
0.911852
0.901375
0.890343
0.878765
0.866648
0.853999
0.840827
0.827141
0.812948
0.798258
0.783081
0.767426
0.751303
0.734722
0.717694
0.700229
0.682338
0.664033
0.645325
0.626226
0.606747
0.586902
0.566701
0.546159
0.525287
0.504099
0.482607
0.460826
0.438767
0.416447
0.393877
0.371072
0.348045
0.324812
0.301386
0.277782
0.254014
0.230097
0.206045
0.181873
0.157595
0.133228
0.108785
0.084281
0.059731
0.035150
0.010553
-0.014044
-0.038629
-0.063184
-0.087696
-0.112150
-0.136531
-0.160824
-0.185015
-0.209089
-0.233032
-0.256830
-0.280468
-0.303931
-0.327207
-0.350281
-0.373140
-0.395769
-0.418156
-0.440287
-0.462149
-0.483729
-0.505014
-0.525992
-0.546650
-0.566976
-0.586959
-0.606586
-0.625846
-0.644727
-0.663220
-0.681312
-0.698993
-0.716253
-0.733083
-0.749471
-0.765410
-0.780888
-0.795899
-0.810432
-0.824480
-0.838034
-0.851087
-0.863632
-0.875661
-0.887167
-0.898145
-0.908587
-0.918488
-0.927842
-0.936645
-0.944891
-0.952576
-0.959695
-0.966246
-0.972223
-0.977625
-0.982448
-0.986691
-0.990349
-0.993423
-0.995910
-0.997810
-0.999121
-0.999844
-0.999978
-0.999524
-0.998482
-0.996853
-0.994638
-0.991840
-0.988460
-0.984501
-0.979965
-0.974855
-0.969175
-0.962929
-0.956120
-0.948752
-0.940832
-0.932362
-0.923350
-0.913800
-0.903718
-0.893111
-0.881985
-0.870347
-0.858204
-0.845563
-0.832433
-0.818821
-0.804735
-0.790184
-0.775177
-0.759722
-0.743829
-0.727508
-0.710768
-0.693619
-0.676072
-0.658136
-0.639823
-0.621144
-0.602108
-0.582729
-0.563016
-0.542983
-0.522640
-0.501999
-0.481073
-0.459874
-0.438414
-0.416706
-0.394763
-0.372597
-0.350221
-0.327648
-0.304892
-0.281965
-0.258882
-0.235654
-0.212297
-0.188822
-0.165244
-0.141577
-0.117834
-0.094028
-0.070174
-0.046285
-0.022374
0.001544
0.025456
0.049348
0.073207
0.097018
0.120769
0.144446
0.168035
0.191523
0.214897
0.238143
0.261249
0.284201
0.306986
0.329591
0.352004
0.374213
0.396203
0.417964
0.439483
0.460748
0.481747
0.502469
0.522901
0.543033
0.562853
0.582350
0.601513
0.620333
0.638798
0.656898
0.674623
0.691964
0.708910
0.725453
0.741584
0.757294
0.772574
0.787416
0.801811
0.815753
0.829233
0.842244
0.854780
0.866833
0.878398
0.889467
0.900035
0.910097
0.919647
0.928680
0.937191
0.945177
0.952632
0.959554
0.965938
0.971781
0.977082
0.981835
0.986041
0.989696
0.992799
0.995349
0.997344
0.998784
0.999669
0.999998
0.999771
0.998989
0.997653
0.995764
0.993323
0.990332
0.986793
0.982708
0.978081
0.972913
0.967209
0.960971
0.954203
0.946910
0.939096
0.930766
0.921924
0.912576
0.902727
0.892383
0.881550
0.870235
0.858443
0.846182
0.833459
0.820281
0.806655
0.792590
0.778093
0.763172
0.747837
0.732096
0.715957
0.699430
0.682523
0.665248
0.647613
0.629628
0.611303
0.592648
0.573674
0.554392
0.534812
0.514945
0.494802
0.474394
0.453732
0.432828
0.411694
0.390341
0.368781
0.347025
0.325085
0.302975
0.280705
0.258288
0.235736
0.213062
0.190277
0.167394
0.144427
0.121386
0.098285
0.075136
0.051952
0.028745
0.005528
-0.017687
-0.040888
-0.064061
-0.087194
-0.110275
-0.133291
-0.156231
-0.179082
-0.201831
-0.224467
-0.246977
-0.269349
-0.291573
-0.313634
-0.335523
-0.357228
-0.378736
-0.400036
-0.421118
-0.441971
-0.462582
-0.482942
-0.503039
-0.522864
-0.542405
-0.561652
-0.580597
-0.599227
-0.617535
-0.635510
-0.653142
-0.670424
-0.687346
-0.703898
-0.720074
-0.735863
-0.751259
-0.766253
-0.780838
-0.795006
-0.808750
-0.822063
-0.834938
-0.847369
-0.859349
-0.870873
-0.881934
-0.892528
-0.902648
-0.912290
-0.921450
-0.930122
-0.938302
-0.945987
-0.953172
-0.959855
-0.966032
-0.971700
-0.976857
-0.981500
-0.985627
-0.989236
-0.992326
-0.994896
-0.996944
-0.998470
-0.999473
-0.999954
-0.999912
-0.999348
-0.998262
-0.996655
-0.994529
-0.991885
-0.988724
-0.985049
-0.980862
-0.976166
-0.970963
-0.965256
-0.959049
-0.952345
-0.945148
-0.937463
-0.929292
-0.920642
-0.911517
-0.901921
-0.891861
-0.881341
-0.870368
-0.858948
-0.847086
-0.834789
-0.822064
-0.808918
-0.795357
-0.781389
-0.767022
-0.752263
-0.737120
-0.721601
-0.705714
-0.689469
-0.672872
-0.655934
-0.638663
-0.621068
-0.603158
-0.584943
-0.566433
-0.547637
-0.528564
-0.509226
-0.489631
-0.469791
-0.449715
-0.429414
-0.408898
-0.388178
-0.367265
-0.346170
-0.324903
-0.303476
-0.281899
-0.260183
-0.238340
-0.216381
-0.194317
-0.172160
-0.149920
-0.127609
-0.105239
-0.082820
-0.060365
-0.037884
-0.015390
0.007107
0.029596
0.052064
0.074500
0.096894
0.119234
0.141508
0.163705
0.185815
0.207826
0.229727
0.251508
0.273156
0.294663
0.316016
0.337205
0.358220
0.379050
0.399685
0.420114
0.440328
0.460317
0.480070
0.499579
0.518832
0.537822
0.556538
0.574972
0.593114
0.610956
0.628488
0.645703
0.662592
0.679146
0.695359
0.711221
0.726725
0.741865
0.756632
0.771019
0.785020
0.798628
0.811836
0.824638
0.837029
0.849001
0.860551
0.871671
0.882357
0.892605
0.902408
0.911763
0.920666
0.929112
0.937097
0.944618
0.951671
0.958254
0.964364
0.969996
0.975151
0.979824
0.984014
0.987720
0.990940
0.993672
0.995917
0.997672
0.998937
0.999713
0.999998
0.999794
0.999101
0.997919
0.996250
0.994094
0.991453
0.988329
0.984723
0.980637
0.976075
0.971038
0.965529
0.959551
0.953108
0.946203
0.938839
0.931021
0.922753
0.914039
0.904883
0.895290
0.885266
0.874815
0.863943
0.852656
0.840958
0.828856
0.816357
0.803466
0.790191
0.776537
0.762511
0.748122
0.733375
0.718278
0.702839
0.687065
0.670964
0.654545
0.637815
0.620782
0.603456
0.585844
0.567955
0.549798
0.531382
0.512716
0.493808
0.474669
0.455308
0.435733
0.415955
0.395982
0.375826
0.355495
0.334999
0.314348
0.293553
0.272623
0.251567
0.230398
0.209123
0.187755
0.166302
0.144775
0.123185
0.101542
0.079855
0.058136
0.036395
0.014642
-0.007114
-0.028860
-0.050588
-0.072286
-0.093946
-0.115555
-0.137105
-0.158585
-0.179986
-0.201296
-0.222506
-0.243606
-0.264587
-0.285438
-0.306150
-0.326713
-0.347118
-0.367355
-0.387414
-0.407287
-0.426965
-0.446437
-0.465696
-0.484732
-0.503536
-0.522101
-0.540417
-0.558476
-0.576270
-0.593791
-0.611030
-0.627980
-0.644634
-0.660983
-0.677020
-0.692739
-0.708131
-0.723190
-0.737910
-0.752283
-0.766303
-0.779965
-0.793261
-0.806186
-0.818735
-0.830901
-0.842680
-0.854066
-0.865054
-0.875639
-0.885818
-0.895584
-0.904935
-0.913867
-0.922374
-0.930454
-0.938104
-0.945320
-0.952099
-0.958438
-0.964335
-0.969787
-0.974792
-0.979349
-0.983455
-0.987109
-0.990309
-0.993055
-0.995345
-0.997179
-0.998557
-0.999477
-0.999940
-0.999946
-0.999495
-0.998588
-0.997226
-0.995409
-0.993139
-0.990417
-0.987245
-0.983624
-0.979556
-0.975044
-0.970090
-0.964697
-0.958867
-0.952603
-0.945908
-0.938786
-0.931241
-0.923275
-0.914894
-0.906101
-0.896899
-0.887295
-0.877292
-0.866896
-0.856110
-0.844941
-0.833394
-0.821474
-0.809186
-0.796538
-0.783534
-0.770180
-0.756484
-0.742451
-0.728088
-0.713401
-0.698398
-0.683086
-0.667471
-0.651560
-0.635362
-0.618883
-0.602132
-0.585115
-0.567841
-0.550318
-0.532553
-0.514555
-0.496331
-0.477891
-0.459242
-0.440394
-0.421353
-0.402131
-0.382734
-0.363171
-0.343452
-0.323585
-0.303580
-0.283445
-0.263189
-0.242821
-0.222351
-0.201788
-0.181140
-0.160417
-0.139628
-0.118783
-0.097890
-0.076960
-0.056000
-0.035021
-0.014032
0.006958
0.027940
0.048904
0.069842
0.090744
0.111601
0.132403
0.153143
0.173809
0.194395
0.214890
0.235286
0.255574
0.275745
0.295790
0.315701
0.335469
0.355086
0.374542
0.393830
0.412942
0.431869
0.450603
0.469135
0.487459
0.505567
0.523450
0.541100
0.558512
0.575676
0.592586
0.609235
0.625615
0.641721
0.657544
0.673078
0.688317
0.703255
0.717885
0.732201
0.746197
0.759867
0.773206
0.786208
0.798868
0.811181
0.823141
0.834744
0.845985
0.856859
0.867362
0.877490
0.887239
0.896604
0.905582
0.914170
0.922364
0.930161
0.937558
0.944552
0.951140
0.957319
0.963088
0.968445
0.973387
0.977912
0.982019
0.985707
0.988973
0.991818
0.994240
0.996239
0.997814
0.998964
0.999689
0.999991
0.999868
0.999320
0.998350
0.996957
0.995142
0.992906
0.990251
0.987178
0.983689
0.979785
0.975468
0.970741
0.965606
0.960065
0.954121
0.947776
0.941035
0.933899
0.926373
0.918459
0.910161
0.901483
0.892430
0.883004
0.873210
0.863054
0.852538
0.841668
0.830449
0.818886
0.806983
0.794746
0.782181
0.769292
0.756086
0.742568
0.728744
0.714620
0.700202
0.685496
0.670510
0.655248
0.639718
0.623927
0.607880
0.591586
0.575050
0.558281
0.541284
0.524068
0.506639
0.489006
0.471175
0.453153
0.434949
0.416571
0.398025
0.379320
0.360463
0.341463
0.322327
0.303063
0.283679
0.264184
0.244586
0.224891
0.205110
0.185250
0.165319
0.145325
0.125276
0.105182
0.085049
0.064887
0.044704
0.024508
0.004306
-0.015892
-0.036078
-0.056244
-0.076383
-0.096485
-0.116543
-0.136548
-0.156492
-0.176368
-0.196167
-0.215882
-0.235503
-0.255025
-0.274438
-0.293734
-0.312907
-0.331949
-0.350851
-0.369606
-0.388207
-0.406647
-0.424918
-0.443013
-0.460924
-0.478645
-0.496169
-0.513489
-0.530597
-0.547488
-0.564154
-0.580589
-0.596787
-0.612741
-0.628445
-0.643893
-0.659079
-0.673998
-0.688642
-0.703007
-0.717088
-0.730878
-0.744372
-0.757566
-0.770454
-0.783032
-0.795293
-0.807235
-0.818853
-0.830141
-0.841096
-0.851714
-0.861990
-0.871922
-0.881504
-0.890735
-0.899609
-0.908125
-0.916279
-0.924067
-0.931488
-0.938539
-0.945216
-0.951518
-0.957443
-0.962988
-0.968152
-0.972933
-0.977329
-0.981338
-0.984960
-0.988194
-0.991038
-0.993492
-0.995554
-0.997225
-0.998504
-0.999391
-0.999886
-0.999989
-0.999700
-0.999020
-0.997949
-0.996488
-0.994637
-0.992399
-0.989773
-0.986762
-0.983367
-0.979589
-0.975431
-0.970893
-0.965979
-0.960690
-0.955029
-0.948999
-0.942601
-0.935839
-0.928715
-0.921233
-0.913396
-0.905207
-0.896669
-0.887787
-0.878563
-0.869003
-0.859108
-0.848885
-0.838337
-0.827467
-0.816282
-0.804785
-0.792980
-0.780874
-0.768470
-0.755774
-0.742790
-0.729525
-0.715983
-0.702169
-0.688090
-0.673751
-0.659157
-0.644314
-0.629229
-0.613907
-0.598354
-0.582577
-0.566581
-0.550373
-0.533959
-0.517346
-0.500540
-0.483547
-0.466375
-0.449030
-0.431519
-0.413848
-0.396024
-0.378055
-0.359947
-0.341707
-0.323343
-0.304860
-0.286268
-0.267571
-0.248778
-0.229896
-0.210933
-0.191894
-0.172788
-0.153622
-0.134403
-0.115138
-0.095835
-0.076501
-0.057143
-0.037769
-0.018386
0.000999
0.020378
0.039745
0.059091
0.078411
0.097696
0.116939
0.136133
0.155271
0.174346
0.193351
0.212279
0.231122
0.249874
0.268528
0.287077
0.305513
0.323831
0.342024
0.360085
0.378007
0.395783
0.413408
0.430875
0.448177
0.465309
0.482263
0.499034
0.515616
0.532003
0.548188
0.564167
0.579932
0.595480
0.610803
0.625897
0.640756
0.655375
0.669749
0.683872
0.697740
0.711348
0.724691
0.737764
0.750562
0.763082
0.775318
0.787267
0.798924
0.810285
0.821347
0.832106
0.842557
0.852698
0.862525
0.872034
0.881223
0.890087
0.898625
0.906834
0.914710
0.922251
0.929454
0.936318
0.942840
0.949018
0.954850
0.960334
0.965469
0.970252
0.974683
0.978759
0.982481
0.985847
0.988855
0.991505
0.993797
0.995730
0.997303
0.998516
0.999370
0.999863
0.999997
0.999771
0.999186
0.998242
0.996940
0.995280
0.993264
0.990893
0.988167
0.985089
0.981658
0.977878
0.973748
0.969273
0.964452
0.959288
0.953784
0.947941
0.941762
0.935249
0.928405
0.921233
0.913735
0.905914
0.897774
0.889317
0.880547
0.871468
0.862082
0.852393
0.842405
0.832121
0.821547
0.810684
0.799539
0.788114
0.776414
0.764443
0.752207
0.739708
0.726953
0.713945
0.700690
0.687192
0.673456
0.659487
0.645291
0.630873
0.616237
0.601389
0.586335
0.571079
0.555628
0.539987
0.524161
0.508157
0.491980
0.475635
0.459129
0.442468
0.425657
0.408703
0.391611
0.374387
0.357038
0.339570
0.321988
0.304300
0.286511
0.268628
0.250656
0.232603
0.214474
0.196276
0.178015
0.159697
0.141329
0.122918
0.104469
0.085989
0.067485
0.048963
0.030428
0.011889
-0.006650
-0.025181
-0.043699
-0.062196
-0.080667
-0.099106
-0.117505
-0.135859
-0.154162
-0.172406
-0.190587
-0.208698
-0.226733
-0.244685
-0.262548
-0.280318
-0.297987
-0.315549
-0.333000
-0.350332
-0.367541
-0.384619
-0.401563
-0.418366
-0.435022
-0.451526
-0.467872
-0.484055
-0.500070
-0.515912
-0.531575
-0.547054
-0.562343
-0.577439
-0.592336
-0.607029
-0.621513
-0.635784
-0.649837
-0.663667
-0.677271
-0.690643
-0.703780
-0.716676
-0.729329
-0.741733
-0.753886
-0.765783
-0.777420
-0.788793
-0.799900
-0.810736
-0.821299
-0.831584
-0.841590
-0.851311
-0.860747
-0.869893
-0.878746
-0.887305
-0.895567
-0.903529
-0.911188
-0.918543
-0.925590
-0.932329
-0.938757
-0.944873
-0.950673
-0.956158
-0.961325
-0.966173
-0.970700
-0.974905
-0.978788
-0.982347
-0.985581
-0.988489
-0.991071
-0.993326
-0.995255
-0.996855
-0.998127
-0.999072
-0.999688
-0.999976
-0.999937
-0.999570
-0.998876
-0.997855
-0.996508
-0.994835
-0.992839
-0.990518
-0.987875
-0.984911
-0.981627
-0.978023
-0.974102
-0.969866
-0.965315
-0.960451
-0.955277
-0.949795
-0.944005
-0.937911
-0.931515
-0.924819
-0.917826
-0.910537
-0.902956
-0.895085
-0.886927
-0.878485
-0.869763
-0.860762
-0.851486
-0.841938
-0.832123
-0.822042
-0.811699
-0.801099
-0.790244
-0.779139
-0.767787
-0.756192
-0.744357
-0.732288
-0.719988
-0.707460
-0.694710
-0.681742
-0.668559
-0.655167
-0.641570
-0.627771
-0.613777
-0.599591
-0.585218
-0.570663
-0.555931
-0.541026
-0.525954
-0.510719
-0.495326
-0.479780
-0.464087
-0.448251
-0.432278
-0.416173
-0.399940
-0.383586
-0.367115
-0.350533
-0.333845
-0.317057
-0.300174
-0.283200
-0.266143
-0.249006
-0.231796
-0.214518
-0.197178
-0.179781
-0.162332
-0.144837
-0.127302
-0.109732
-0.092133
-0.074510
-0.056869
-0.039214
-0.021553
-0.003890
0.013769
0.031419
0.049055
0.066669
0.084259
0.101816
0.119338
0.136817
0.154249
0.171627
0.188948
0.206205
0.223394
0.240508
0.257543
0.274494
0.291354
0.308120
0.324787
0.341348
0.357799
0.374135
0.390351
0.406443
0.422405
0.438232
0.453920
0.469464
0.484860
0.500103
0.515188
0.530110
0.544866
0.559451
0.573861
0.588091
0.602138
0.615996
0.629663
0.643133
0.656404
0.669470
0.682330
0.694977
0.707410
0.719625
0.731617
0.743383
0.754921
0.766226
0.777296
0.788127
0.798716
0.809061
0.819158
0.829004
0.838598
0.847935
0.857014
0.865832
0.874386
0.882675
0.890695
0.898445
0.905923
0.913126
0.920053
0.926702
0.933071
0.939159
0.944963
0.950483
0.955716
0.960662
0.965320
0.969688
0.973765
0.977550
0.981043
0.984242
0.987147
0.989757
0.992073
0.994092
0.995815
0.997242
0.998373
0.999207
0.999744
0.999985
0.999930
0.999579
0.998932
0.997990
0.996754
0.995223
0.993400
0.991283
0.988875
0.986177
0.983189
0.979912
0.976348
0.972498
0.968364
0.963946
0.959247
0.954268
0.949010
0.943477
0.937668
0.931587
0.925236
0.918615
0.911729
0.904578
0.897166
0.889494
0.881565
0.873382
0.864947
0.856262
0.847332
0.838158
0.828743
0.819090
0.809203
0.799084
0.788736
0.778164
0.767369
0.756355
0.745126
0.733685
0.722036
0.710181
0.698126
0.685873
0.673425
0.660788
0.647964
0.634958
0.621773
0.608414
0.594884
0.581187
0.567327
0.553309
0.539137
0.524815
0.510347
0.495737
0.480990
0.466110
0.451101
0.435969
0.420716
0.405348
0.389869
0.374284
0.358597
0.342813
0.326936
0.310971
0.294923
0.278795
0.262594
0.246323
0.229987
0.213590
0.197139
0.180636
0.164087
0.147497
0.130870
0.114212
0.097526
0.080817
0.064091
0.047352
0.030604
0.013853
-0.002898
-0.019642
-0.036376
-0.053095
-0.069794
-0.086469
-0.103114
-0.119726
-0.136299
-0.152829
-0.169312
-0.185743
-0.202117
-0.218430
-0.234677
-0.250855
-0.266957
-0.282981
-0.298921
-0.314774
-0.330535
-0.346199
-0.361763
-0.377222
-0.392572
-0.407809
-0.422929
-0.437928
-0.452801
-0.467545
-0.482155
-0.496628
-0.510961
-0.525148
-0.539187
-0.553073
-0.566804
-0.580374
-0.593782
-0.607022
-0.620093
-0.632989
-0.645709
-0.658248
-0.670603
-0.682771
-0.694750
-0.706535
-0.718124
-0.729514
-0.740701
-0.751684
-0.762459
-0.773023
-0.783374
-0.793510
-0.803427
-0.813123
-0.822595
-0.831842
-0.840861
-0.849650
-0.858206
-0.866528
-0.874613
-0.882460
-0.890066
-0.897430
-0.904550
-0.911424
-0.918051
-0.924429
-0.930557
-0.936433
-0.942055
-0.947423
-0.952535
-0.957391
-0.961989
-0.966327
-0.970406
-0.974225
-0.977781
-0.981076
-0.984108
-0.986876
-0.989381
-0.991621
-0.993597
-0.995307
-0.996753
-0.997933
-0.998848
-0.999497
-0.999881
-1.000000
-0.999853
-0.999443
-0.998767
-0.997828
-0.996626
-0.995160
-0.993432
-0.991443
-0.989193
-0.986683
-0.983914
-0.980886
-0.977602
-0.974062
-0.970266
-0.966218
-0.961917
-0.957365
-0.952563
-0.947514
-0.942218
-0.936677
-0.930893
-0.924867
-0.918602
-0.912099
-0.905360
-0.898388
-0.891183
-0.883748
-0.876086
-0.868199
-0.860088
-0.851756
-0.843206
-0.834440
-0.825460
-0.816269
-0.806870
-0.797264
-0.787456
-0.777447
-0.767240
-0.756838
-0.746244
-0.735461
-0.724492
-0.713340
-0.702008
-0.690498
-0.678815
-0.666960
-0.654939
-0.642753
-0.630405
-0.617901
-0.605241
-0.592431
-0.579473
-0.566371
-0.553128
-0.539749
-0.526235
-0.512592
-0.498822
-0.484929
-0.470918
-0.456790
-0.442551
-0.428204
-0.413753
-0.399201
-0.384552
-0.369811
-0.354980
-0.340064
-0.325067
-0.309992
-0.294843
-0.279625
-0.264341
-0.248994
-0.233590
-0.218132
-0.202624
-0.187069
-0.171472
-0.155837
-0.140168
-0.124468
-0.108742
-0.092993
-0.077226
-0.061445
-0.045653
-0.029855
-0.014054
0.001746
0.017540
0.033325
0.049097
0.064852
0.080585
0.096294
0.111974
0.127622
0.143232
0.158803
0.174329
0.189807
0.205233
0.220604
0.235916
0.251164
0.266346
0.281457
0.296494
0.311453
0.326331
0.341123
0.355827
0.370440
0.384956
0.399373
0.413688
0.427897
0.441997
0.455984
0.469854
0.483606
0.497235
0.510738
0.524112
0.537354
0.550461
0.563429
0.576256
0.588939
0.601474
0.613860
0.626092
0.638168
0.650085
0.661841
0.673433
0.684858
0.696114
0.707198
0.718107
0.728839
0.739391
0.749762
0.759949
0.769949
0.779761
0.789382
0.798809
0.808042
0.817078
0.825914
0.834549
0.842982
0.851210
0.859231
0.867044
0.874647
0.882038
0.889216
0.896180
0.902927
0.909457
0.915768
0.921859
0.927729
0.933376
0.938799
0.943997
0.948969
0.953715
0.958233
0.962522
0.966582
0.970412
0.974011
0.977378
0.980514
0.983417
0.986087
0.988523
0.990726
0.992694
0.994429
0.995928
0.997193
0.998224
0.999019
0.999580
0.999907
0.999999
0.999856
0.999480
0.998870
0.998026
0.996950
0.995641
0.994100
0.992328
0.990326
0.988093
0.985631
0.982940
0.980022
0.976877
0.973506
0.969911
0.966092
0.962050
0.957786
0.953303
0.948600
0.943679
0.938542
0.933190
0.927625
0.921847
0.915859
0.909662
0.903257
0.896647
0.889833
0.882816
0.875600
0.868184
0.860572
0.852766
0.844766
0.836576
0.828198
0.819632
0.810882
0.801950
0.792838
0.783549
0.774083
0.764445
0.754635
0.744658
0.734514
0.724207
0.713738
0.703112
0.692329
0.681393
0.670306
0.659071
0.647691
0.636168
0.624506
0.612706
0.600772
0.588706
0.576511
0.564191
0.551748
0.539185
0.526505
0.513711
0.500805
0.487792
0.474673
0.461453
0.448133
0.434717
0.421209
0.407611
0.393927
0.380159
0.366310
0.352385
0.338386
0.324315
0.310178
0.295976
0.281713
0.267392
0.253016
0.238589
0.224114
0.209593
0.195032
0.180431
0.165796
0.151129
0.136433
0.121712
0.106969
0.092207
0.077429
0.062639
0.047841
0.033036
0.018230
0.003424
-0.011378
-0.026173
-0.040957
-0.055728
-0.070481
-0.085215
-0.099924
-0.114608
-0.129261
-0.143882
-0.158467
-0.173012
-0.187515
-0.201973
-0.216382
-0.230739
-0.245042
-0.259286
-0.273470
-0.287591
-0.301644
-0.315628
-0.329539
-0.343374
-0.357131
-0.370806
-0.384397
-0.397901
-0.411314
-0.424635
-0.437860
-0.450987
-0.464013
-0.476935
-0.489750
-0.502457
-0.515051
-0.527532
-0.539895
-0.552140
-0.564262
-0.576260
-0.588131
-0.599873
-0.611483
-0.622960
-0.634300
-0.645502
-0.656563
-0.667481
-0.678253
-0.688879
-0.699355
-0.709679
-0.719850
-0.729866
-0.739724
-0.749423
-0.758960
-0.768334
-0.777543
-0.786586
-0.795459
-0.804163
-0.812695
-0.821053
-0.829236
-0.837243
-0.845072
-0.852720
-0.860188
-0.867474
-0.874575
-0.881492
-0.888222
-0.894765
-0.901119
-0.907283
-0.913256
-0.919037
-0.924626
-0.930020
-0.935219
-0.940222
-0.945029
-0.949638
-0.954049
-0.958261
-0.962274
-0.966086
-0.969697
-0.973107
-0.976315
-0.979321
-0.982124
-0.984723
-0.987120
-0.989312
-0.991300
-0.993085
-0.994664
-0.996040
-0.997210
-0.998176
-0.998938
-0.999495
-0.999847
-0.999995
-0.999939
-0.999678
-0.999215
-0.998547
-0.997677
-0.996604
-0.995328
-0.993851
-0.992173
-0.990293
-0.988214
-0.985935
-0.983457
-0.980780
-0.977907
-0.974837
-0.971570
-0.968109
-0.964454
-0.960605
-0.956564
-0.952333
-0.947910
-0.943299
-0.938500
-0.933514
-0.928342
-0.922986
-0.917447
-0.911726
-0.905825
-0.899744
-0.893486
-0.887051
-0.880441
-0.873658
-0.866703
-0.859578
-0.852284
-0.844823
-0.837197
-0.829407
-0.821455
-0.813343
-0.805072
-0.796644
-0.788062
-0.779327
-0.770440
-0.761404
-0.752221
-0.742893
-0.733421
-0.723808
-0.714056
-0.704166
-0.694141
-0.683984
-0.673695
-0.663278
-0.652734
-0.642066
-0.631275
-0.620365
-0.609337
-0.598194
-0.586937
-0.575570
-0.564095
-0.552513
-0.540827
-0.529041
-0.517155
-0.505173
-0.493097
-0.480929
-0.468672
-0.456328
-0.443900
-0.431390
-0.418801
-0.406136
-0.393396
-0.380584
-0.367704
-0.354757
-0.341746
-0.328673
-0.315542
-0.302354
-0.289113
-0.275821
-0.262480
-0.249094
-0.235664
-0.222194
-0.208686
-0.195143
-0.181567
-0.167960
-0.154327
-0.140668
-0.126988
-0.113288
-0.099571
-0.085839
-0.072097
-0.058345
-0.044586
-0.030824
-0.017061
-0.003299
0.010459
0.024210
0.037951
0.051681
0.065397
0.079095
0.092774
0.106431
0.120063
0.133667
0.147242
0.160785
0.174293
0.187763
0.201194
0.214583
0.227926
0.241223
0.254469
0.267664
0.280804
0.293887
0.306911
0.319874
0.332772
0.345604
0.358367
0.371059
0.383678
0.396222
0.408688
0.421073
0.433377
0.445596
0.457728
0.469772
0.481724
0.493584
0.505348
0.517016
0.528584
0.540051
0.551414
0.562673
0.573824
0.584866
0.595796
0.606614
0.617317
0.627903
0.638371
0.648718
0.658944
0.669045
0.679021
0.688870
0.698590
0.708179
0.717637
0.726960
0.736148
0.745200
0.754113
0.762886
0.771518
0.780008
0.788353
0.796553
0.804606
0.812511
0.820267
0.827872
0.835325
0.842626
0.849772
0.856763
0.863598
0.870275
0.876794
0.883153
0.889352
0.895390
0.901265
0.906977
0.912525
0.917909
0.923126
0.928177
0.933061
0.937778
0.942325
0.946704
0.950913
0.954951
0.958819
0.962515
0.966040
0.969392
0.972572
0.975579
0.978412
0.981071
0.983556
0.985868
0.988004
0.989966
0.991753
0.993365
0.994802
0.996064
0.997150
0.998062
0.998798
0.999359
0.999745
0.999956
0.999993
0.999854
0.999542
0.999055
0.998394
0.997560
0.996552
0.995372
0.994019
0.992494
0.990797
0.988929
0.986890
0.984682
0.982303
0.979756
0.977040
0.974157
0.971107
0.967890
0.964508
0.960960
0.957249
0.953375
0.949338
0.945139
0.940780
0.936261
0.931583
0.926748
0.921756
0.916607
0.911305
0.905848
0.900239
0.894478
0.888567
0.882507
0.876299
0.869944
0.863444
0.856799
0.850012
0.843082
0.836013
0.828804
0.821458
0.813976
0.806358
0.798608
0.790725
0.782712
0.774570
0.766300
0.757905
0.749385
0.740742
0.731978
0.723095
0.714093
0.704975
0.695742
0.686397
0.676939
0.667373
0.657698
0.647917
0.638031
0.628043
0.617954
0.607766
0.597480
0.587099
0.576624
0.566057
0.555400
0.544655
0.533824
0.522909
0.511911
0.500832
0.489675
0.478441
0.467132
0.455750
0.444297
0.432776
0.421187
0.409534
0.397817
0.386040
0.374203
0.362310
0.350361
0.338359
0.326307
0.314206
0.302057
0.289864
0.277628
0.265351
0.253036
0.240683
0.228296
0.215877
0.203427
0.190948
0.178443
0.165914
0.153362
0.140790
0.128200
0.115594
0.102974
0.090341
0.077699
0.065048
0.052392
0.039732
0.027070
0.014408
0.001749
-0.010906
-0.023555
-0.036196
-0.048826
-0.061443
-0.074047
-0.086634
-0.099203
-0.111751
-0.124277
-0.136779
-0.149254
-0.161701
-0.174119
-0.186504
-0.198854
-0.211169
-0.223447
-0.235684
-0.247880
-0.260032
-0.272138
-0.284198
-0.296208
-0.308167
-0.320074
-0.331925
-0.343721
-0.355458
-0.367135
-0.378750
-0.390302
-0.401788
-0.413208
-0.424558
-0.435838
-0.447047
-0.458181
-0.469240
-0.480222
-0.491125
-0.501947
-0.512688
-0.523345
-0.533918
-0.544403
-0.554800
-0.565108
-0.575325
-0.585448
-0.595478
-0.605412
-0.615249
-0.624988
-0.634627
-0.644165
-0.653600
-0.662931
-0.672157
-0.681276
-0.690288
-0.699191
-0.707983
-0.716663
-0.725231
-0.733685
-0.742024
-0.750247
-0.758352
-0.766339
-0.774206
-0.781952
-0.789577
-0.797079
-0.804458
-0.811711
-0.818839
-0.825840
-0.832714
-0.839459
-0.846075
-0.852561
-0.858916
-0.865139
-0.871229
-0.877186
-0.883008
-0.888696
-0.894248
-0.899664
-0.904943
-0.910085
-0.915088
-0.919952
-0.924677
-0.929262
-0.933707
-0.938010
-0.942172
-0.946193
-0.950070
-0.953806
-0.957397
-0.960846
-0.964150
-0.967310
-0.970326
-0.973196
-0.975922
-0.978502
-0.980937
-0.983226
-0.985369
-0.987366
-0.989216
-0.990920
-0.992478
-0.993890
-0.995154
-0.996273
-0.997244
-0.998069
-0.998748
-0.999280
-0.999666
-0.999905
-0.999999
-0.999946
-0.999748
-0.999404
-0.998914
-0.998280
-0.997500
-0.996576
-0.995507
-0.994295
-0.992939
-0.991439
-0.989797
-0.988012
-0.986085
-0.984016
-0.981806
-0.979455
-0.976964
-0.974333
-0.971563
-0.968654
-0.965608
-0.962423
-0.959102
-0.955645
-0.952052
-0.948324
-0.944462
-0.940466
-0.936338
-0.932077
-0.927685
-0.923163
-0.918511
-0.913730
-0.908820
-0.903784
-0.898621
-0.893333
-0.887920
-0.882383
-0.876723
-0.870942
-0.865040
-0.859017
-0.852876
-0.846617
-0.840241
-0.833749
-0.827142
-0.820421
-0.813588
-0.806643
-0.799588
-0.792423
-0.785150
-0.777770
-0.770283
-0.762692
-0.754998
-0.747201
-0.739302
-0.731304
-0.723207
-0.715012
-0.706721
-0.698336
-0.689856
-0.681284
-0.672620
-0.663867
-0.655026
-0.646097
-0.637082
-0.627983
-0.618800
-0.609536
-0.600191
-0.590768
-0.581266
-0.571689
-0.562036
-0.552310
-0.542512
-0.532643
-0.522706
-0.512700
-0.502628
-0.492492
-0.482292
-0.472030
-0.461707
-0.451326
-0.440887
-0.430393
-0.419844
-0.409242
-0.398588
-0.387884
-0.377132
-0.366333
-0.355489
-0.344601
-0.333670
-0.322699
-0.311688
-0.300639
-0.289555
-0.278435
-0.267282
-0.256098
-0.244883
-0.233640
-0.222370
-0.211075
-0.199756
-0.188414
-0.177051
-0.165669
-0.154270
-0.142854
-0.131424
-0.119980
-0.108525
-0.097060
-0.085586
-0.074106
-0.062620
-0.051130
-0.039638
-0.028145
-0.016652
-0.005162
0.006324
0.017805
0.029280
0.040746
0.052202
0.063647
0.075079
0.086497
0.097900
0.109285
0.120651
0.131997
0.143322
0.154623
0.165900
0.177151
0.188374
0.199569
0.210733
0.221866
0.232965
0.244030
0.255059
0.266050
0.277003
0.287916
0.298787
0.309616
0.320400
0.331139
0.341831
0.352475
0.363069
0.373612
0.384104
0.394542
0.404925
0.415252
0.425522
0.435734
0.445886
0.455977
0.466005
0.475971
0.485872
0.495707
0.505475
0.515175
0.524805
0.534365
0.543854
0.553270
0.562612
0.571879
0.581071
0.590185
0.599221
0.608178
0.617055
0.625850
0.634563
0.643193
0.651739
0.660199
0.668573
0.676860
0.685059
0.693169
0.701189
0.709118
0.716956
0.724700
0.732352
0.739909
0.747371
0.754736
0.762005
0.769177
0.776250
0.783224
0.790098
0.796872
0.803544
0.810115
0.816582
0.822946
0.829206
0.835362
0.841412
0.847356
0.853193
0.858923
0.864546
0.870060
0.875465
0.880761
0.885947
0.891022
0.895987
0.900840
0.905581
0.910210
0.914726
0.919129
0.923418
0.927594
0.931655
0.935601
0.939432
0.943148
0.946748
0.950233
0.953600
0.956852
0.959986
0.963004
0.965904
0.968687
0.971352
0.973899
0.976329
0.978640
0.980833
0.982907
0.984863
0.986700
0.988418
0.990018
0.991498
0.992860
0.994103
0.995227
0.996233
0.997119
0.997887
0.998535
0.999065
0.999477
0.999770
0.999944
1.000000
0.999938
0.999758
0.999460
0.999044
0.998511
0.997860
0.997093
0.996208
0.995207
0.994090
0.992856
0.991507
0.990042
0.988462
0.986767
0.984958
0.983034
0.980997
0.978846
0.976582
0.974205
0.971716
0.969116
0.966404
0.963581
0.960647
0.957604
0.954451
0.951189
0.947818
0.944340
0.940754
0.937061
0.933262
0.929357
0.925347
0.921232
0.917013
0.912691
0.908266
0.903739
0.899110
0.894381
0.889551
0.884622
0.879594
0.874468
0.869244
0.863924
0.858507
0.852996
0.847389
0.841689
0.835897
0.830011
0.824035
0.817967
0.811810
0.805564
0.799229
0.792807
0.786299
0.779705
0.773025
0.766262
0.759416
0.752487
0.745477
0.738386
0.731216
0.723966
0.716639
0.709235
0.701755
0.694200
0.686571
0.678869
0.671094
0.663248
0.655331
0.647346
0.639291
0.631170
0.622982
0.614728
0.606410
0.598029
0.589585
0.581080
0.572514
0.563889
0.555205
0.546464
0.537667
0.528814
0.519907
0.510947
0.501935
0.492872
0.483758
0.474596
0.465386
0.456128
0.446825
0.437478
0.428086
0.418652
0.409177
0.399661
0.390106
0.380512
0.370881
0.361215
0.351513
0.341777
0.332009
0.322209
0.312378
0.302518
0.292629
0.282713
0.272771
0.262803
0.252812
0.242798
0.232762
0.222705
0.212629
0.202534
0.192422
0.182293
0.172150
0.161992
0.151821
0.141638
0.131445
0.121242
0.111030
0.100811
0.090585
0.080354
0.070118
0.059880
0.049639
0.039398
0.029157
0.018916
0.008678
-0.001556
-0.011786
-0.022011
-0.032229
-0.042440
-0.052642
-0.062834
-0.073016
-0.083185
-0.093342
-0.103485
-0.113613
-0.123725
-0.133820
-0.143897
-0.153954
-0.163992
-0.174009
-0.184003
-0.193974
-0.203921
-0.213843
-0.223739
-0.233608
-0.243449
-0.253260
-0.263042
-0.272792
-0.282511
-0.292196
-0.301848
-0.311465
-0.321046
-0.330590
-0.340097
-0.349565
-0.358993
-0.368381
-0.377728
-0.387033
-0.396294
-0.405512
-0.414684
-0.423811
-0.432891
-0.441924
-0.450908
-0.459844
-0.468729
-0.477563
-0.486346
-0.495076
-0.503752
-0.512375
-0.520943
-0.529454
-0.537910
-0.546308
-0.554648
-0.562929
-0.571151
-0.579312
-0.587412
-0.595451
-0.603427
-0.611339
-0.619188
-0.626972
-0.634691
-0.642344
-0.649930
-0.657448
-0.664899
-0.672281
-0.679594
-0.686836
-0.694008
-0.701109
-0.708138
-0.715095
-0.721979
-0.728789
-0.735524
-0.742186
-0.748771
-0.755281
-0.761715
-0.768072
-0.774351
-0.780552
-0.786675
-0.792719
-0.798683
-0.804568
-0.810372
-0.816095
-0.821737
-0.827297
-0.832775
-0.838170
-0.843482
-0.848711
-0.853856
-0.858917
-0.863893
-0.868784
-0.873590
-0.878310
-0.882944
-0.887492
-0.891952
-0.896326
-0.900613
-0.904812
-0.908923
-0.912946
-0.916880
-0.920725
-0.924482
-0.928149
-0.931727
-0.935215
-0.938614
-0.941922
-0.945140
-0.948267
-0.951304
-0.954249
-0.957104
-0.959868
-0.962540
-0.965121
-0.967610
-0.970008
-0.972313
-0.974527
-0.976649
-0.978679
-0.980617
-0.982462
-0.984215
-0.985876
-0.987445
-0.988921
-0.990305
-0.991596
-0.992795
-0.993902
-0.994916
-0.995838
-0.996667
-0.997405
-0.998050
-0.998603
-0.999064
-0.999432
-0.999709
-0.999894
-0.999988
-0.999989
-0.999900
-0.999718
-0.999446
-0.999082
-0.998628
-0.998083
-0.997447
-0.996720
-0.995904
-0.994997
-0.994001
-0.992914
-0.991739
-0.990474
-0.989120
-0.987677
-0.986146
-0.984527
-0.982819
-0.981024
-0.979141
-0.977172
-0.975115
-0.972972
-0.970742
-0.968427
-0.966026
-0.963540
-0.960968
-0.958312
-0.955572
-0.952748
-0.949840
-0.946849
-0.943775
-0.940619
-0.937381
-0.934061
-0.930660
-0.927178
-0.923615
-0.919973
-0.916251
-0.912450
-0.908570
-0.904612
-0.900576
-0.896462
-0.892272
-0.888006
-0.883663
-0.879245
-0.874752
-0.870185
-0.865544
-0.860829
-0.856041
-0.851181
-0.846249
-0.841245
-0.836171
-0.831026
-0.825812
-0.820528
-0.815176
-0.809755
-0.804267
-0.798712
-0.793090
-0.787403
-0.781650
-0.775832
-0.769951
-0.764006
-0.757998
-0.751928
-0.745796
-0.739602
-0.733349
-0.727035
-0.720663
-0.714231
-0.707742
-0.701195
-0.694592
-0.687932
-0.681217
-0.674447
-0.667623
-0.660746
-0.653815
-0.646833
-0.639799
-0.632714
-0.625579
-0.618394
-0.611161
-0.603879
-0.596550
-0.589174
-0.581752
-0.574285
-0.566773
-0.559217
-0.551617
-0.543975
-0.536291
-0.528565
-0.520799
-0.512993
-0.505148
-0.497264
-0.489343
-0.481385
-0.473390
-0.465360
-0.457295
-0.449196
-0.441063
-0.432898
-0.424700
-0.416472
-0.408212
-0.399923
-0.391605
-0.383258
-0.374884
-0.366483
-0.358055
-0.349602
-0.341125
-0.332623
-0.324098
-0.315550
-0.306981
-0.298390
-0.289780
-0.281149
-0.272500
-0.263832
-0.255147
-0.246445
-0.237727
-0.228994
-0.220246
-0.211485
-0.202710
-0.193924
-0.185125
-0.176316
-0.167496
-0.158667
-0.149829
-0.140984
-0.132131
-0.123271
-0.114406
-0.105535
-0.096660
-0.087782
-0.078900
-0.070016
-0.061131
-0.052244
-0.043358
-0.034472
-0.025588
-0.016705
-0.007826
0.001051
0.009923
0.018791
0.027653
0.036508
0.045357
0.054199
0.063032
0.071856
0.080671
0.089475
0.098268
0.107050
0.115819
0.124576
0.133318
0.142047
0.150760
0.159458
0.168139
0.176804
0.185451
0.194079
0.202689
0.211279
0.219849
0.228398
0.236926
0.245432
0.253915
0.262374
0.270810
0.279221
0.287606
0.295966
0.304300
0.312607
0.320886
0.329136
0.337358
0.345551
0.353713
0.361845
0.369946
0.378015
0.386052
0.394056
0.402027
0.409964
0.417866
0.425733
0.433564
0.441359
0.449118
0.456839
0.464522
0.472167
0.479774
0.487340
0.494867
0.502354
0.509800
0.517204
0.524567
0.531887
0.539164
0.546398
0.553588
0.560734
0.567834
0.574890
0.581900
0.588864
0.595781
0.602651
0.609474
0.616248
0.622974
0.629652
0.636280
0.642858
0.649387
0.655865
0.662292
0.668667
0.674991
0.681263
0.687483
0.693649
0.699762
0.705822
0.711828
0.717779
0.723676
0.729517
0.735303
0.741034
0.746708
0.752326
0.757887
0.763391
0.768838
0.774227
0.779557
0.784830
0.790044
0.795199
0.800295
0.805331
0.810308
0.815224
0.820080
0.824876
0.829611
0.834285
0.838897
0.843448
0.847937
0.852364
0.856728
0.861030
0.865270
0.869446
0.873560
0.877610
0.881596
0.885519
0.889378
0.893172
0.896903
0.900569
0.904170
0.907706
0.911178
0.914585
0.917926
0.921202
0.924412
0.927557
0.930636
0.933648
0.936595
0.939476
0.942291
0.945039
0.947721
0.950336
0.952885
0.955367
0.957782
0.960130
0.962411
0.964626
0.966773
0.968853
0.970867
0.972812
0.974691
0.976502
0.978247
0.979923
0.981533
0.983075
0.984550
0.985957
0.987297
0.988570
0.989775
0.990913
0.991984
0.992987
0.993923
0.994792
0.995594
0.996328
0.996996
0.997596
0.998129
0.998596
0.998995
0.999328
0.999594
0.999793
0.999926
0.999992
0.999992
0.999925
0.999792
0.999593
0.999329
0.998998
0.998601
0.998139
0.997611
0.997018
0.996360
0.995636
0.994848
0.993995
0.993077
0.992094
0.991047
0.989936
0.988761
0.987521
0.986219
0.984852
0.983423
0.981930
0.980374
0.978755
0.977074
0.975330
0.973524
0.971656
0.969727
0.967736
0.965683
0.963570
0.961395
0.959160
0.956864
0.954508
0.952093
0.949617
0.947082
0.944488
0.941835
0.939123
0.936353
0.933524
0.930638
0.927694
0.924692
0.921633
0.918518
0.915346
0.912118
0.908834
0.905494
0.902098
0.898648
0.895143
0.891583
0.887969
0.884301
0.880580
0.876805
0.872978
0.869097
0.865165
0.861180
0.857144
0.853057
0.848918
0.844729
0.840489
0.836200
0.831861
0.827472
0.823035
0.818549
0.814014
0.809432
0.804802
0.800125
0.795402
0.790631
0.785815
0.780953
0.776045
0.771092
0.766095
0.761054
0.755968
0.750839
0.745667
0.740452
0.735195
0.729896
0.724555
0.719173
0.713750
0.708287
0.702783
0.697240
0.691658
0.686037
0.680377
0.674680
0.668944
0.663172
0.657362
0.651516
0.645634
0.639717
0.633764
0.627776
0.621754
0.615698
0.609608
0.603486
0.597330
0.591142
0.584922
0.578671
0.572389
0.566076
0.559732
0.553359
0.546957
0.540525
0.534065
0.527577
0.521062
0.514518
0.507949
0.501352
0.494730
0.488082
0.481409
0.474711
0.467989
0.461244
0.454474
0.447682
0.440867
0.434031
0.427172
0.420292
0.413392
0.406471
0.399530
0.392570
0.385590
0.378592
0.371576
0.364542
0.357490
0.350422
0.343337
0.336236
0.329119
0.321988
0.314841
0.307680
0.300506
0.293317
0.286116
0.278903
0.271677
0.264439
0.257190
0.249930
0.242660
0.235380
0.228090
0.220791
0.213483
0.206167
0.198843
0.191512
0.184174
0.176829
0.169478
0.162121
0.154759
0.147392
0.140020
0.132645
0.125265
0.117883
0.110498
0.103110
0.095720
0.088329
0.080937
0.073543
0.066150
0.058757
0.051364
0.043972
0.036581
0.029193
0.021806
0.014422
0.007040
-0.000337
-0.007712
-0.015082
-0.022447
-0.029808
-0.037163
-0.044512
-0.051856
-0.059193
-0.066522
-0.073845
-0.081160
-0.088467
-0.095765
-0.103055
-0.110335
-0.117606
-0.124867
-0.132117
-0.139357
-0.146585
-0.153803
-0.161008
-0.168201
-0.175381
-0.182549
-0.189703
-0.196843
-0.203970
-0.211081
-0.218179
-0.225261
-0.232327
-0.239378
-0.246413
-0.253431
-0.260432
-0.267416
-0.274382
-0.281330
-0.288261
-0.295172
-0.302065
-0.308938
-0.315792
-0.322626
-0.329439
-0.336232
-0.343004
-0.349755
-0.356484
-0.363192
-0.369877
-0.376540
-0.383180
-0.389796
-0.396390
-0.402959
-0.409505
-0.416026
-0.422522
-0.428994
-0.435440
-0.441861
-0.448256
-0.454624
-0.460967
-0.467282
-0.473571
-0.479832
-0.486066
-0.492272
-0.498450
-0.504600
-0.510720
-0.516812
-0.522875
-0.528908
-0.534912
-0.540885
-0.546829
-0.552742
-0.558624
-0.564475
-0.570295
-0.576084
-0.581840
-0.587565
-0.593258
-0.598918
-0.604545
-0.610140
-0.615701
-0.621229
-0.626724
-0.632184
-0.637611
-0.643003
-0.648361
-0.653685
-0.658973
-0.664226
-0.669444
-0.674626
-0.679773
-0.684884
-0.689959
-0.694997
-0.699999
-0.704964
-0.709892
-0.714784
-0.719638
-0.724454
-0.729233
-0.733974
-0.738678
-0.743343
-0.747970
-0.752558
-0.757108
-0.761619
-0.766091
-0.770524
-0.774917
-0.779272
-0.783586
-0.787861
-0.792097
-0.796292
-0.800447
-0.804562
-0.808636
-0.812670
-0.816663
-0.820616
-0.824527
-0.828398
-0.832227
-0.836015
-0.839762
-0.843467
-0.847130
-0.850752
-0.854332
-0.857870
-0.861366
-0.864820
-0.868232
-0.871601
-0.874928
-0.878212
-0.881454
-0.884653
-0.887809
-0.890922
-0.893993
-0.897020
-0.900005
-0.902946
-0.905844
-0.908699
-0.911510
-0.914278
-0.917003
-0.919684
-0.922321
-0.924915
-0.927465
-0.929971
-0.932433
-0.934852
-0.937227
-0.939558
-0.941845
-0.944088
-0.946286
-0.948441
-0.950552
-0.952619
-0.954641
-0.956620
-0.958554
-0.960444
-0.962290
-0.964091
-0.965848
-0.967562
-0.969230
-0.970855
-0.972435
-0.973971
-0.975463
-0.976911
-0.978314
-0.979673
-0.980988
-0.982259
-0.983485
-0.984667
-0.985805
-0.986899
-0.987949
-0.988954
-0.989916
-0.990834
-0.991707
-0.992537
-0.993322
-0.994064
-0.994762
-0.995415
-0.996026
-0.996592
-0.997115
-0.997593
-0.998029
-0.998421
-0.998769
-0.999074
-0.999335
-0.999553
-0.999728
-0.999860
-0.999948
-0.999993
-0.999996
-0.999955
-0.999872
-0.999745
-0.999576
-0.999365
-0.999110
-0.998814
-0.998474
-0.998093
-0.997669
-0.997203
-0.996695
-0.996145
-0.995553
-0.994920
-0.994245
-0.993528
-0.992769
-0.991969
-0.991128
-0.990246
-0.989323
-0.988358
-0.987353
-0.986307
-0.985220
-0.984093
-0.982925
-0.981717
-0.980469
-0.979181
-0.977853
-0.976485
-0.975077
-0.973629
-0.972143
-0.970616
-0.969051
-0.967447
-0.965803
-0.964121
-0.962400
-0.960641
-0.958843
-0.957007
-0.955133
-0.953220
-0.951270
-0.949283
-0.947257
-0.945195
-0.943095
-0.940958
-0.938783
-0.936573
-0.934325
-0.932041
-0.929721
-0.927364
-0.924971
-0.922543
-0.920078
-0.917579
-0.915043
-0.912473
-0.909867
-0.907227
-0.904551
-0.901841
-0.899097
-0.896319
-0.893506
-0.890659
-0.887779
-0.884865
-0.881918
-0.878938
-0.875924
-0.872878
-0.869799
-0.866687
-0.863543
-0.860367
-0.857159
-0.853919
-0.850648
-0.847345
-0.844011
-0.840646
-0.837250
-0.833823
-0.830366
-0.826878
-0.823360
-0.819813
-0.816235
-0.812628
-0.808992
-0.805327
-0.801632
-0.797909
-0.794157
-0.790377
-0.786568
-0.782732
-0.778868
-0.774976
-0.771057
-0.767110
-0.763137
-0.759137
-0.755110
-0.751056
-0.746977
-0.742871
-0.738740
-0.734583
-0.730401
-0.726193
-0.721961
-0.717703
-0.713421
-0.709115
-0.704785
-0.700430
-0.696052
-0.691650
-0.687225
-0.682777
-0.678306
-0.673812
-0.669296
-0.664757
-0.660196
-0.655614
-0.651009
-0.646384
-0.641737
-0.637069
-0.632380
-0.627670
-0.622940
-0.618190
-0.613420
-0.608630
-0.603821
-0.598992
-0.594144
-0.589278
-0.584392
-0.579488
-0.574566
-0.569626
-0.564668
-0.559692
-0.554699
-0.549688
-0.544661
-0.539617
-0.534556
-0.529479
-0.524386
-0.519277
-0.514152
-0.509012
-0.503856
-0.498686
-0.493500
-0.488300
-0.483086
-0.477857
-0.472615
-0.467358
-0.462088
-0.456805
-0.451508
-0.446199
-0.440877
-0.435542
-0.430195
-0.424836
-0.419466
-0.414083
-0.408689
-0.403284
-0.397868
-0.392442
-0.387004
-0.381557
-0.376099
-0.370631
-0.365153
-0.359666
-0.354170
-0.348665
-0.343150
-0.337627
-0.332096
-0.326556
-0.321008
-0.315453
-0.309890
-0.304319
-0.298741
-0.293156
-0.287565
-0.281967
-0.276362
-0.270751
-0.265135
-0.259512
-0.253884
-0.248251
-0.242613
-0.236969
-0.231321
-0.225668
-0.220011
-0.214350
-0.208685
-0.203017
-0.197344
-0.191669
-0.185990
-0.180308
-0.174624
-0.168937
-0.163248
-0.157557
-0.151864
-0.146169
-0.140472
-0.134774
-0.129075
-0.123376
-0.117675
-0.111974
-0.106272
-0.100571
-0.094869
-0.089167
-0.083466
-0.077766
-0.072066
-0.066368
-0.060670
-0.054974
-0.049279
-0.043586
-0.037895
-0.032207
-0.026520
-0.020836
-0.015155
-0.009476
-0.003800
0.001872
0.007541
0.013206
0.018868
0.024526
0.030179
0.035828
0.041473
0.047113
0.052749
0.058379
0.064004
0.069624
0.075239
0.080847
0.086450
0.092047
0.097637
0.103221
0.108799
0.114370
0.119934
0.125491
0.131041
0.136583
0.142118
0.147645
0.153164
0.158675
0.164178
0.169673
0.175159
0.180636
0.186105
0.191564
0.197015
0.202456
0.207887
0.213309
0.218722
0.224124
0.229516
0.234898
0.240270
0.245631
0.250981
0.256321
0.261649
0.266966
0.272272
0.277567
0.282850
0.288122
0.293381
0.298629
0.303864
0.309087
0.314298
0.319496
0.324681
0.329854
0.335014
0.340160
0.345293
0.350413
0.355520
0.360612
0.365691
0.370756
0.375807
0.380844
0.385867
0.390875
0.395868
0.400847
0.405811
0.410761
0.415695
0.420614
0.425517
0.430406
0.435278
0.440135
0.444977
0.449802
0.454612
0.459405
0.464182
0.468943
0.473687
0.478415
0.483126
0.487821
0.492498
0.497158
0.501802
0.506428
0.511036
0.515628
0.520202
0.524758
0.529296
0.533817
0.538319
0.542804
0.547271
0.551719
0.556149
0.560560
0.564953
0.569328
0.573683
0.578020
0.582338
0.586637
0.590917
0.595178
0.599419
0.603641
0.607844
0.612027
0.616191
0.620335
0.624459
0.628563
0.632647
0.636712
0.640756
0.644780
0.648784
0.652768
0.656731
0.660674
0.664596
0.668497
0.672378
0.676238
0.680077
0.683896
0.687693
0.691469
0.695225
0.698959
0.702671
0.706363
0.710033
0.713682
0.717309
0.720915
0.724499
0.728061
0.731602
0.735120
0.738617
0.742093
0.745546
0.748977
0.752386
0.755773
0.759137
0.762480
0.765800
0.769098
0.772373
0.775626
0.778857
0.782065
0.785251
0.788414
0.791554
0.794671
0.797766
0.800838
0.803887
0.806914
0.809917
0.812898
0.815855
0.818790
0.821701
0.824590
0.827455
0.830297
0.833116
0.835912
0.838684
0.841433
0.844159
0.846862
0.849541
0.852197
0.854829
0.857438
0.860023
0.862585
0.865124
0.867639
0.870130
0.872598
0.875042
0.877462
0.879859
0.882232
0.884582
0.886908
0.889210
0.891488
0.893743
0.895974
0.898181
0.900364
0.902524
0.904660
0.906772
0.908860
0.910924
0.912965
0.914981
0.916974
0.918943
0.920888
0.922809
0.924706
0.926580
0.928429
0.930255
0.932057
0.933835
0.935589
0.937319
0.939025
0.940708
0.942366
0.944001
0.945611
0.947198
0.948761
0.950301
0.951816
0.953308
0.954775
0.956219
0.957639
0.959036
0.960408
0.961757
0.963082
0.964383
0.965660
0.966914
0.968144
0.969351
0.970533
0.971692
0.972828
0.973939
0.975027
0.976092
0.977133
0.978150
0.979144
0.980115
0.981061
0.981985
0.982885
0.983761
0.984614
0.985444
0.986251
0.987034
0.987794
0.988530
0.989243
0.989933
0.990600
0.991244
0.991865
0.992462
0.993037
0.993588
0.994116
0.994622
0.995104
0.995564
0.996001
0.996414
0.996805
0.997174
0.997519
0.997842
0.998142
0.998420
0.998675
0.998907
0.999117
0.999305
0.999470
0.999612
0.999732
0.999830
0.999906
0.999960
0.999991
1.000000
0.999987
0.999952
0.999895
0.999816
0.999715
0.999592
0.999447
0.999281
0.999093
0.998883
0.998651
0.998398
0.998123
0.997827
0.997510
0.997170
0.996810
0.996428
0.996025
0.995601
0.995156
0.994689
0.994202
0.993694
0.993164
0.992614
0.992043
0.991451
0.990838
0.990205
0.989551
0.988876
0.988181
0.987466
0.986730
0.985974
0.985197
0.984401
0.983584
0.982747
0.981890
0.981013
0.980116
0.979199
0.978263
0.977306
0.976330
0.975334
0.974319
0.973284
0.972230
0.971157
0.970064
0.968951
0.967820
0.966669
0.965500
0.964311
0.963104
0.961877
0.960632
0.959368
0.958085
0.956784
0.955464
0.954125
0.952769
0.951393
0.950000
0.948588
0.947158
0.945710
0.944244
0.942760
0.941258
0.939739
0.938201
0.936646
0.935073
0.933483
0.931875
0.930250
0.928607
0.926947
0.925270
0.923576
0.921865
0.920136
0.918391
0.916629
0.914850
0.913054
0.911242
0.909413
0.907568
0.905706
0.903828
0.901934
0.900023
0.898096
0.896153
0.894195
0.892220
0.890229
0.888223
0.886201
0.884163
0.882110
0.880041
0.877956
0.875857
0.873742
0.871612
0.869467
0.867307
0.865131
0.862941
0.860736
0.858517
0.856282
0.854033
0.851770
0.849492
0.847200
0.844893
0.842572
0.840237
0.837888
0.835525
0.833148
0.830757
0.828353
0.825934
0.823503
0.821057
0.818598
0.816126
0.813640
0.811141
0.808629
0.806104
0.803566
0.801015
0.798451
0.795874
0.793284
0.790682
0.788068
0.785440
0.782801
0.780149
0.777485
0.774809
0.772120
0.769420
0.766707
0.763983
0.761247
0.758499
0.755740
0.752969
0.750187
0.747393
0.744588
0.741771
0.738944
0.736105
0.733255
0.730394
0.727523
0.724640
0.721747
0.718844
0.715929
0.713005
0.710069
0.707124
0.704168
0.701202
0.698226
0.695240
0.692244
0.689238
0.686222
0.683197
0.680162
0.677117
0.674063
0.670999
0.667926
0.664844
0.661753
0.658652
0.655543
0.652424
0.649297
0.646160
0.643015
0.639862
0.636700
0.633529
0.630350
0.627162
0.623966
0.620762
0.617550
0.614330
0.611102
0.607865
0.604621
0.601370
0.598110
0.594843
0.591569
0.588287
0.584997
0.581700
0.578396
0.575085
0.571767
0.568442
0.565109
0.561770
0.558424
0.555072
0.551712
0.548346
0.544974
0.541595
0.538210
0.534819
0.531421
0.528017
0.524607
0.521191
0.517769
0.514341
0.510908
0.507469
0.504024
0.500573
0.497117
0.493656
0.490189
0.486717
0.483240
0.479758
0.476270
0.472778
0.469280
0.465778
0.462271
0.458759
0.455243
0.451722
0.448196
0.444666
0.441132
0.437593
0.434050
0.430503
0.426951
0.423396
0.419837
0.416274
0.412707
0.409136
0.405562
0.401984
0.398402
0.394817
0.391228
0.387636
0.384041
0.380443
0.376841
0.373237
0.369629
0.366018
0.362404
0.358788
0.355169
0.351547
0.347922
0.344295
0.340666
0.337034
0.333399
0.329762
0.326123
0.322482
0.318839
0.315194
0.311546
0.307897
0.304246
0.300593
0.296938
0.293281
0.289623
0.285964
0.282303
0.278640
0.274976
0.271311
0.267644
0.263977
0.260308
0.256638
0.252967
0.249295
0.245622
0.241949
0.238274
0.234599
0.230924
0.227247
0.223570
0.219893
0.216215
0.212537
0.208859
0.205180
0.201501
0.197822
0.194143
0.190464
0.186785
0.183106
0.179427
0.175749
0.172070
0.168392
0.164715
0.161038
0.157361
0.153685
0.150009
0.146334
0.142660
0.138987
0.135314
0.131642
0.127971
0.124301
0.120632
0.116965
0.113298
0.109633
0.105968
0.102305
0.098644
0.094984
0.091325
0.087668
0.084012
0.080358
0.076705
0.073055
0.069406
0.065758
0.062113
0.058470
0.054828
0.051189
0.047551
0.043916
0.040283
0.036651
0.033023
0.029396
0.025772
0.022150
0.018531
0.014914
0.011300
0.007688
0.004079
0.000472
-0.003132
-0.006733
-0.010331
-0.013926
-0.017519
-0.021108
-0.024695
-0.028278
-0.031859
-0.035436
-0.039011
-0.042582
-0.046149
-0.049714
-0.053275
-0.056833
-0.060387
-0.063938
-0.067485
-0.071029
-0.074569
-0.078106
-0.081639
-0.085168
-0.088694
-0.092215
-0.095733
-0.099247
-0.102757
-0.106263
-0.109765
-0.113264
-0.116758
-0.120248
-0.123733
-0.127215
-0.130692
-0.134165
-0.137634
-0.141099
-0.144559
-0.148014
-0.151466
-0.154912
-0.158354
-0.161792
-0.165225
-0.168653
-0.172077
-0.175496
-0.178911
-0.182320
-0.185725
-0.189125
-0.192520
-0.195910
-0.199295
-0.202675
-0.206050
-0.209420
-0.212785
-0.216145
-0.219499
-0.222849
-0.226193
-0.229532
-0.232866
-0.236194
-0.239518
-0.242835
-0.246148
-0.249455
-0.252756
-0.256052
-0.259342
-0.262627
-0.265906
-0.269180
-0.272448
-0.275710
-0.278967
-0.282218
-0.285463
-0.288702
-0.291936
-0.295163
-0.298385
-0.301601
-0.304811
-0.308015
-0.311212
-0.314404
-0.317590
-0.320770
-0.323944
-0.327111
-0.330273
-0.333428
-0.336577
-0.339720
-0.342857
-0.345987
-0.349111
-0.352229
-0.355340
-0.358445
-0.361543
-0.364636
-0.367721
-0.370801
-0.373873
-0.376939
-0.379999
-0.383052
-0.386099
-0.389139
-0.392172
-0.395199
-0.398219
-0.401232
-0.404238
-0.407238
-0.410231
-0.413218
-0.416197
-0.419170
-0.422136
-0.425094
-0.428047
-0.430992
-0.433930
-0.436861
-0.439786
-0.442703
-0.445613
-0.448517
-0.451413
-0.454302
-0.457185
-0.460060
-0.462928
-0.465789
-0.468642
-0.471489
-0.474328
-0.477161
-0.479986
-0.482804
-0.485614
-0.488417
-0.491213
-0.494002
-0.496784
-0.499558
-0.502325
-0.505084
-0.507836
-0.510581
-0.513318
-0.516048
-0.518770
-0.521485
-0.524193
-0.526893
-0.529586
-0.532271
-0.534948
-0.537618
-0.540281
-0.542936
-0.545584
-0.548223
-0.550856
-0.553481
-0.556098
-0.558707
-0.561309
-0.563903
-0.566490
-0.569069
-0.571640
-0.574204
-0.576760
-0.579308
-0.581848
-0.584381
-0.586906
-0.589423
-0.591933
-0.594434
-0.596928
-0.599415
-0.601893
-0.604363
-0.606826
-0.609281
-0.611728
-0.614168
-0.616599
-0.619023
-0.621438
-0.623846
-0.626246
-0.628638
-0.631023
-0.633399
-0.635767
-0.638128
-0.640480
-0.642825
-0.645162
-0.647491
-0.649812
-0.652125
-0.654430
-0.656727
-0.659016
-0.661297
-0.663570
-0.665835
-0.668092
-0.670341
-0.672582
-0.674815
-0.677041
-0.679258
-0.681467
-0.683668
-0.685861
-0.688046
-0.690223
-0.692392
-0.694553
-0.696706
-0.698851
-0.700988
-0.703117
-0.705238
-0.707350
-0.709455
-0.711552
-0.713640
-0.715721
-0.717793
-0.719857
-0.721914
-0.723962
-0.726002
-0.728034
-0.730058
-0.732074
-0.734082
-0.736082
-0.738074
-0.740057
-0.742033
-0.744000
-0.745960
-0.747911
-0.749855
-0.751790
-0.753717
-0.755636
-0.757547
-0.759450
-0.761345
-0.763231
-0.765110
-0.766981
-0.768843
-0.770698
-0.772544
-0.774383
-0.776213
-0.778035
-0.779850
-0.781656
-0.783454
-0.785244
-0.787026
-0.788800
-0.790566
-0.792323
-0.794073
-0.795815
-0.797549
-0.799275
-0.800992
-0.802702
-0.804404
-0.806097
-0.807783
-0.809460
-0.811130
-0.812792
-0.814445
-0.816091
-0.817728
-0.819358
-0.820980
-0.822593
-0.824199
-0.825797
-0.827387
-0.828968
-0.830542
-0.832108
-0.833666
-0.835216
-0.836758
-0.838293
-0.839819
-0.841337
-0.842848
-0.844350
-0.845845
-0.847331
-0.848810
-0.850281
-0.851744
-0.853200
-0.854647
-0.856087
-0.857518
-0.858942
-0.860358
-0.861766
-0.863166
-0.864559
-0.865944
-0.867321
-0.868690
-0.870051
-0.871405
-0.872750
-0.874088
-0.875419
-0.876741
-0.878056
-0.879363
-0.880662
-0.881954
-0.883238
-0.884514
-0.885783
-0.887043
-0.888297
-0.889542
-0.890780
-0.892010
-0.893233
-0.894448
-0.895655
-0.896854
-0.898047
-0.899231
-0.900408
-0.901577
-0.902739
-0.903893
-0.905040
-0.906179
-0.907310
-0.908434
-0.909551
-0.910660
-0.911761
-0.912855
-0.913942
-0.915021
-0.916093
-0.917157
-0.918214
-0.919263
-0.920305
-0.921339
-0.922366
-0.923386
-0.924399
-0.925404
-0.926401
-0.927392
-0.928375
-0.929350
-0.930319
-0.931280
-0.932233
-0.933180
-0.934119
-0.935051
-0.935976
-0.936893
-0.937804
-0.938707
-0.939603
-0.940491
-0.941373
-0.942247
-0.943115
-0.943975
-0.944828
-0.945673
-0.946512
-0.947344
-0.948168
-0.948986
-0.949796
-0.950600
-0.951396
-0.952185
-0.952968
-0.953743
-0.954511
-0.955273
-0.956027
-0.956775
-0.957515
-0.958249
-0.958976
-0.959695
-0.960408
-0.961114
-0.961814
-0.962506
-0.963191
-0.963870
-0.964542
-0.965207
-0.965865
-0.966517
-0.967162
-0.967800
-0.968431
-0.969056
-0.969674
-0.970285
-0.970889
-0.971487
-0.972078
-0.972663
-0.973241
-0.973812
-0.974377
-0.974935
-0.975487
-0.976032
-0.976570
-0.977102
-0.977627
-0.978146
-0.978659
-0.979165
-0.979664
-0.980157
-0.980644
-0.981124
-0.981598
-0.982065
-0.982526
-0.982981
-0.983429
-0.983871
-0.984306
-0.984736
-0.985159
-0.985575
-0.985986
-0.986390
-0.986788
-0.987180
-0.987565
-0.987945
-0.988318
-0.988685
-0.989045
-0.989400
-0.989749
-0.990091
-0.990427
-0.990758
-0.991082
-0.991400
-0.991712
-0.992018
-0.992318
-0.992612
-0.992900
-0.993182
-0.993458
-0.993728
-0.993993
-0.994251
-0.994504
-0.994750
-0.994991
-0.995226
-0.995455
-0.995678
-0.995895
-0.996107
-0.996313
-0.996513
-0.996707
-0.996896
-0.997078
-0.997255
-0.997427
-0.997593
-0.997753
-0.997907
-0.998056
-0.998199
-0.998337
-0.998469
-0.998595
-0.998716
-0.998832
-0.998941
-0.999046
-0.999145
-0.999238
-0.999326
-0.999408
-0.999485
-0.999557
-0.999623
-0.999684
-0.999739
-0.999789
-0.999834
-0.999873
-0.999907
-0.999936
-0.999959
-0.999977
-0.999990
-0.999998
-1.000000
-0.999997
-0.999989
-0.999976
-0.999958
-0.999934
-0.999905
-0.999872
-0.999833
-0.999789
-0.999740
-0.999686
-0.999627
-0.999562
-0.999493
-0.999419
-0.999340
-0.999255
-0.999166
-0.999072
-0.998973
-0.998869
-0.998761
-0.998647
-0.998528
-0.998405
-0.998277
-0.998143
-0.998006
-0.997863
-0.997715
-0.997563
-0.997406
-0.997245
-0.997078
-0.996907
-0.996731
-0.996551
-0.996366
-0.996176
-0.995981
-0.995782
-0.995579
-0.995371
-0.995158
-0.994941
-0.994719
-0.994492
-0.994261
-0.994026
-0.993786
-0.993542
-0.993293
-0.993040
-0.992782
-0.992520
-0.992254
-0.991983
-0.991708
-0.991428
-0.991145
-0.990857
-0.990564
-0.990267
-0.989966
-0.989661
-0.989352
-0.989038
-0.988720
-0.988398
-0.988072
-0.987741
-0.987407
-0.987068
-0.986725
-0.986378
-0.986027
-0.985672
-0.985313
-0.984949
-0.984582
-0.984211
-0.983836
-0.983456
-0.983073
-0.982686
-0.982295
-0.981900
-0.981500
-0.981098
-0.980691
-0.980280
-0.979866
-0.979447
-0.979025
-0.978599
-0.978169
-0.977735
-0.977298
-0.976857
-0.976412
-0.975963
-0.975511
-0.975055
-0.974595
-0.974132
-0.973665
-0.973194
-0.972720
-0.972242
-0.971760
-0.971275
-0.970787
-0.970294
-0.969798
-0.969299
-0.968796
-0.968290
-0.967780
-0.967267
-0.966750
-0.966230
-0.965706
-0.965179
-0.964649
-0.964115
-0.963578
-0.963037
-0.962493
-0.961946
-0.961395
-0.960841
-0.960284
-0.959724
-0.959160
-0.958593
-0.958023
-0.957450
-0.956873
-0.956293
-0.955710
-0.955124
-0.954535
-0.953942
-0.953347
-0.952748
-0.952146
-0.951541
-0.950933
-0.950322
-0.949708
-0.949091
-0.948471
-0.947848
-0.947222
-0.946593
-0.945961
-0.945326
-0.944688
-0.944047
-0.943403
-0.942757
-0.942107
-0.941455
-0.940799
-0.940141
-0.939480
-0.938816
-0.938150
-0.937481
-0.936808
-0.936133
-0.935456
-0.934775
-0.934092
-0.933406
-0.932718
-0.932027
-0.931333
-0.930636
-0.929937
-0.929235
-0.928531
-0.927824
-0.927114
-0.926402
-0.925687
-0.924969
-0.924250
-0.923527
-0.922802
-0.922075
-0.921345
-0.920612
-0.919877
-0.919140
-0.918400
-0.917658
-0.916913
-0.916166
-0.915416
-0.914664
-0.913910
-0.913153
-0.912395
-0.911633
-0.910870
-0.910104
-0.909335
-0.908565
-0.907792
-0.907017
-0.906240
-0.905460
-0.904678
-0.903895
-0.903108
-0.902320
-0.901529
-0.900737
-0.899942
-0.899145
-0.898346
-0.897545
-0.896741
-0.895936
-0.895128
-0.894319
-0.893507
-0.892693
-0.891878
-0.891060
-0.890240
-0.889418
-0.888595
-0.887769
-0.886941
-0.886112
-0.885280
-0.884447
-0.883611
-0.882774
-0.881935
-0.881093
-0.880250
-0.879406
-0.878559
-0.877710
-0.876860
-0.876008
-0.875154
-0.874298
-0.873441
-0.872581
-0.871720
-0.870857
-0.869993
-0.869126
-0.868258
-0.867389
-0.866517
-0.865644
-0.864769
-0.863893
-0.863015
-0.862135
-0.861254
-0.860371
-0.859486
-0.858600
-0.857712
-0.856823
-0.855932
-0.855039
-0.854145
-0.853250
-0.852353
-0.851454
-0.850554
-0.849653
-0.848750
-0.847845
-0.846939
-0.846032
-0.845123
-0.844212
-0.843301
-0.842388
-0.841473
-0.840557
-0.839640
-0.838721
-0.837801
-0.836880
-0.835957
-0.835033
-0.834108
-0.833181
-0.832253
-0.831324
-0.830393
-0.829462
-0.828529
-0.827594
-0.826659
-0.825722
-0.824784
-0.823845
-0.822905
-0.821963
-0.821020
-0.820076
-0.819131
-0.818185
-0.817238
-0.816289
-0.815339
-0.814389
-0.813437
-0.812484
-0.811530
-0.810575
-0.809619
-0.808661
-0.807703
-0.806744
-0.805784
-0.804822
-0.803860
-0.802896
-0.801932
-0.800967
-0.800000
-0.799033
-0.798065
-0.797096
-0.796126
-0.795155
-0.794183
-0.793210
-0.792236
-0.791261
-0.790286
-0.789309
-0.788332
-0.787354
-0.786375
-0.785395
-0.784414
-0.783433
-0.782451
-0.781468
-0.780484
-0.779499
-0.778513
-0.777527
-0.776540
-0.775552
-0.774564
-0.773575
-0.772585
-0.771594
-0.770603
-0.769610
-0.768618
-0.767624
-0.766630
-0.765635
-0.764640
-0.763643
-0.762647
-0.761649
-0.760651
-0.759652
-0.758653
-0.757653
-0.756653
-0.755652
-0.754650
-0.753648
-0.752645
-0.751641
-0.750637
-0.749633
-0.748628
-0.747622
-0.746616
-0.745610
-0.744603
-0.743595
-0.742587
-0.741578
-0.740569
-0.739560
-0.738550
-0.737540
-0.736529
-0.735517
-0.734506
-0.733494
-0.732481
-0.731468
-0.730455
-0.729441
-0.728427
-0.727412
-0.726398
-0.725382
-0.724367
-0.723351
-0.722335
-0.721318
-0.720301
-0.719284
-0.718266
-0.717248
-0.716230
-0.715212
-0.714193
-0.713174
-0.712155
-0.711135
-0.710115
-0.709095
-0.708075
-0.707054
-0.706033
-0.705012
-0.703991
-0.702970
-0.701948
-0.700926
-0.699904
-0.698882
-0.697860
-0.696837
-0.695814
-0.694792
-0.693769
-0.692745
-0.691722
-0.690699
-0.689675
-0.688651
-0.687628
-0.686604
-0.685580
-0.684556
-0.683532
-0.682507
-0.681483
-0.680459
-0.679434
-0.678410
-0.677385
-0.676361
-0.675336
-0.674311
-0.673287
-0.672262
-0.671237
-0.670212
-0.669188
-0.668163
-0.667138
-0.666114
-0.665089
-0.664064
-0.663040
-0.662015
-0.660991
-0.659966
-0.658942
-0.657917
-0.656893
-0.655869
-0.654845
-0.653821
-0.652797
-0.651773
-0.650749
-0.649726
-0.648702
-0.647679
-0.646655
-0.645632
-0.644609
-0.643586
-0.642564
-0.641541
-0.640519
-0.639496
-0.638474
-0.637453
-0.636431
-0.635409
-0.634388
-0.633367
-0.632346
-0.631325
-0.630304
-0.629284
-0.628264
-0.627244
-0.626225
-0.625205
-0.624186
-0.623167
-0.622148
-0.621130
-0.620112
-0.619094
-0.618076
-0.617059
-0.616042
-0.615025
-0.614009
-0.612992
-0.611976
-0.610961
-0.609946
-0.608931
-0.607916
-0.606902
-0.605888
-0.604874
-0.603861
-0.602848
-0.601835
-0.600823
-0.599811
-0.598799
-0.597788
-0.596777
-0.595767
-0.594757
-0.593747
-0.592738
-0.591729
-0.590720
-0.589712
-0.588704
-0.587697
-0.586690
-0.585683
-0.584677
-0.583672
-0.582667
-0.581662
-0.580657
-0.579654
-0.578650
-0.577647
-0.576645
-0.575642
-0.574641
-0.573640
-0.572639
-0.571639
-0.570639
-0.569640
-0.568641
-0.567643
-0.566645
-0.565648
-0.564651
-0.563655
-0.562659
-0.561664
-0.560669
-0.559675
-0.558681
-0.557688
-0.556695
-0.555703
-0.554712
-0.553721
-0.552730
-0.551741
-0.550751
-0.549762
-0.548774
-0.547787
-0.546800
-0.545813
-0.544827
-0.543842
-0.542857
-0.541873
-0.540889
-0.539906
-0.538924
-0.537942
-0.536961
-0.535981
-0.535001
-0.534021
-0.533043
-0.532065
-0.531087
-0.530110
-0.529134
-0.528158
-0.527184
-0.526209
-0.525236
-0.524263
-0.523290
-0.522319
-0.521348
-0.520377
-0.519408
-0.518439
-0.517470
-0.516503
-0.515536
-0.514569
-0.513604
-0.512639
-0.511674
-0.510711
-0.509748
-0.508786
-0.507824
-0.506864
-0.505903
-0.504944
-0.503985
-0.503028
-0.502070
-0.501114
-0.500158
-0.499203
-0.498249
-0.497295
-0.496342
-0.495390
-0.494439
-0.493488
-0.492538
-0.491589
-0.490641
-0.489693
-0.488746
-0.487800
-0.486855
-0.485910
-0.484967
-0.484024
-0.483081
-0.482140
-0.481199
-0.480259
-0.479320
-0.478382
-0.477444
-0.476507
-0.475571
-0.474636
-0.473702
-0.472768
-0.471835
-0.470903
-0.469972
-0.469042
-0.468112
-0.467183
-0.466255
-0.465328
-0.464402
-0.463477
-0.462552
-0.461628
-0.460705
-0.459783
-0.458862
-0.457941
-0.457021
-0.456103
-0.455185
-0.454268
-0.453351
-0.452436
-0.451521
-0.450608
-0.449695
-0.448783
-0.447872
-0.446961
-0.446052
-0.445143
-0.444236
-0.443329
-0.442423
-0.441518
-0.440614
-0.439710
-0.438808
-0.437906
-0.437005
-0.436106
-0.435207
-0.434309
-0.433412
-0.432515
-0.431620
-0.430726
-0.429832
-0.428939
-0.428048
-0.427157
-0.426267
-0.425378
-0.424490
-0.423602
-0.422716
-0.421831
-0.420946
-0.420063
-0.419180
-0.418298
-0.417418
-0.416538
-0.415659
-0.414781
-0.413904
-0.413028
-0.412152
-0.411278
-0.410405
-0.409532
-0.408661
-0.407790
-0.406921
-0.406052
-0.405184
-0.404317
-0.403452
-0.402587
-0.401723
-0.400860
-0.399998
-0.399137
-0.398276
-0.397417
-0.396559
-0.395702
-0.394846
-0.393990
-0.393136
-0.392282
-0.391430
-0.390579
-0.389728
-0.388879
-0.388030
-0.387182
-0.386336
-0.385490
-0.384645
-0.383802
-0.382959
-0.382117
-0.381277
-0.380437
-0.379598
-0.378760
-0.377923
-0.377088
-0.376253
-0.375419
-0.374586
-0.373754
-0.372923
-0.372093
-0.371265
-0.370437
-0.369610
-0.368784
-0.367959
-0.367135
-0.366312
-0.365490
-0.364669
-0.363849
-0.363031
-0.362213
-0.361396
-0.360580
-0.359765
-0.358951
-0.358138
-0.357326
-0.356516
-0.355706
-0.354897
-0.354089
-0.353282
-0.352477
-0.351672
-0.350868
-0.350066
-0.349264
-0.348463
-0.347664
-0.346865
-0.346067
-0.345271
-0.344475
-0.343681
-0.342887
-0.342095
-0.341303
-0.340513
-0.339724
-0.338935
-0.338148
-0.337362
-0.336576
-0.335792
-0.335009
-0.334227
-0.333446
-0.332665
-0.331886
-0.331108
-0.330331
-0.329555
-0.328781
-0.328007
-0.327234
-0.326462
-0.325691
-0.324922
-0.324153
-0.323385
-0.322619
-0.321853
-0.321089
-0.320325
-0.319563
-0.318801
-0.318041
-0.317282
-0.316523
-0.315766
-0.315010
-0.314255
-0.313501
-0.312748
-0.311996
-0.311245
-0.310495
-0.309747
-0.308999
-0.308252
-0.307506
-0.306762
-0.306018
-0.305276
-0.304534
-0.303794
-0.303055
-0.302316
-0.301579
-0.300843
-0.300108
-0.299374
-0.298641
-0.297909
-0.297178
-0.296448
-0.295719
-0.294992
-0.294265
-0.293540
-0.292815
-0.292091
-0.291369
-0.290648
-0.289927
-0.289208
-0.288490
-0.287773
-0.287057
-0.286342
-0.285628
-0.284915
-0.284203
-0.283492
-0.282783
-0.282074
-0.281366
-0.280660
-0.279954
-0.279250
-0.278547
-0.277844
-0.277143
-0.276443
-0.275744
-0.275046
-0.274349
-0.273653
-0.272958
-0.272264
-0.271572
-0.270880
-0.270190
-0.269500
-0.268812
-0.268124
-0.267438
-0.266753
-0.266068
-0.265385
-0.264703
-0.264022
-0.263342
-0.262663
-0.261985
-0.261309
-0.260633
-0.259958
-0.259285
-0.258612
-0.257941
-0.257270
-0.256601
-0.255933
-0.255266
-0.254599
-0.253934
-0.253270
-0.252607
-0.251945
-0.251285
-0.250625
-0.249966
-0.249309
-0.248652
-0.247996
-0.247342
-0.246689
-0.246036
-0.245385
-0.244735
-0.244086
-0.243438
-0.242791
-0.242145
-0.241500
-0.240856
-0.240213
-0.239571
-0.238931
-0.238291
-0.237652
-0.237015
-0.236379
-0.235743
-0.235109
-0.234476
-0.233843
-0.233212
-0.232582
-0.231953
-0.231325
-0.230698
-0.230072
-0.229448
-0.228824
-0.228201
-0.227579
-0.226959
-0.226339
-0.225721
-0.225103
-0.224487
-0.223872
-0.223257
-0.222644
-0.222032
-0.221421
-0.220811
-0.220202
-0.219594
-0.218987
-0.218381
-0.217776
-0.217173
-0.216570
-0.215968
-0.215368
-0.214768
-0.214170
-0.213572
-0.212976
-0.212380
-0.211786
-0.211193
-0.210601
-0.210009
-0.209419
-0.208830
-0.208242
-0.207655
-0.207069
-0.206484
-0.205900
-0.205318
-0.204736
-0.204155
-0.203575
-0.202997
-0.202419
-0.201842
-0.201267
-0.200692
-0.200119
-0.199546
-0.198975
-0.198405
-0.197835
-0.197267
-0.196700
-0.196134
-0.195568
-0.195004
-0.194441
-0.193879
-0.193318
-0.192758
-0.192199
-0.191641
-0.191084
-0.190528
-0.189973
-0.189420
-0.188867
-0.188315
-0.187764
-0.187214
-0.186666
-0.186118
-0.185571
-0.185026
-0.184481
-0.183938
-0.183395
-0.182853
-0.182313
-0.181773
-0.181235
-0.180698
-0.180161
-0.179626
-0.179091
-0.178558
-0.178026
-0.177494
-0.176964
-0.176435
-0.175906
-0.175379
-0.174853
-0.174327
-0.173803
-0.173280
-0.172758
-0.172236
-0.171716
-0.171197
-0.170679
-0.170162
-0.169646
-0.169130
-0.168616
-0.168103
-0.167591
-0.167080
-0.166570
-0.166060
-0.165552
-0.165045
-0.164539
-0.164034
-0.163530
-0.163027
-0.162524
-0.162023
-0.161523
-0.161024
-0.160526
-0.160029
-0.159533
-0.159037
-0.158543
-0.158050
-0.157558
-0.157067
-0.156576
-0.156087
-0.155599
-0.155112
-0.154625
-0.154140
-0.153656
-0.153173
-0.152690
-0.152209
-0.151728
-0.151249
-0.150771
-0.150293
-0.149817
-0.149341
-0.148867
-0.148393
-0.147921
-0.147449
-0.146979
-0.146509
-0.146041
-0.145573
-0.145106
-0.144641
-0.144176
-0.143712
-0.143249
-0.142787
-0.142327
-0.141867
-0.141408
-0.140950
-0.140493
-0.140037
-0.139582
-0.139128
-0.138674
-0.138222
-0.137771
-0.137321
-0.136871
-0.136423
-0.135976
-0.135529
-0.135084
-0.134639
-0.134196
-0.133753
-0.133311
-0.132871
-0.132431
-0.131992
-0.131554
-0.131117
-0.130681
-0.130246
-0.129812
-0.129379
-0.128947
-0.128515
-0.128085
-0.127656
-0.127227
-0.126800
-0.126373
-0.125948
-0.125523
-0.125099
-0.124676
-0.124255
-0.123834
-0.123414
-0.122995
-0.122576
-0.122159
-0.121743
-0.121328
-0.120913
-0.120500
-0.120087
-0.119675
-0.119265
-0.118855
-0.118446
-0.118038
-0.117631
-0.117225
-0.116820
-0.116415
-0.116012
-0.115610
-0.115208
-0.114808
-0.114408
-0.114009
-0.113611
-0.113214
-0.112818
-0.112423
-0.112029
-0.111635
-0.111243
-0.110852
-0.110461
-0.110071
-0.109682
-0.109295
-0.108908
-0.108521
-0.108136
-0.107752
-0.107369
-0.106986
-0.106604
-0.106224
-0.105844
-0.105465
-0.105087
-0.104710
-0.104333
-0.103958
-0.103584
-0.103210
-0.102837
-0.102466
-0.102095
-0.101725
-0.101355
-0.100987
-0.100620
-0.100253
-0.099888
-0.099523
-0.099159
-0.098796
-0.098434
-0.098072
-0.097712
-0.097353
-0.096994
-0.096636
-0.096279
-0.095923
-0.095568
-0.095214
-0.094860
-0.094508
-0.094156
-0.093805
-0.093455
-0.093106
-0.092758
-0.092411
-0.092064
-0.091718
-0.091373
-0.091030
-0.090686
-0.090344
-0.090003
-0.089662
-0.089322
-0.088984
-0.088646
-0.088308
-0.087972
-0.087637
-0.087302
-0.086968
-0.086635
-0.086303
-0.085972
-0.085642
-0.085312
-0.084983
-0.084655
-0.084328
-0.084002
-0.083677
-0.083352
-0.083029
-0.082706
-0.082384
-0.082062
-0.081742
-0.081422
-0.081104
-0.080786
-0.080469
-0.080152
-0.079837
-0.079522
-0.079208
-0.078895
-0.078583
-0.078272
-0.077961
-0.077652
-0.077343
-0.077035
-0.076727
-0.076421
-0.076115
-0.075810
-0.075506
-0.075203
-0.074901
-0.074599
-0.074298
-0.073998
-0.073699
-0.073401
-0.073103
-0.072806
-0.072510
-0.072215
-0.071921
-0.071627
-0.071334
-0.071042
-0.070751
-0.070460
-0.070171
-0.069882
-0.069594
-0.069307
-0.069020
-0.068734
-0.068449
-0.068165
-0.067882
-0.067599
-0.067318
-0.067036
-0.066756
-0.066477
-0.066198
-0.065920
-0.065643
-0.065367
-0.065091
-0.064816
-0.064542
-0.064269
-0.063996
-0.063725
-0.063454
-0.063183
-0.062914
-0.062645
-0.062377
-0.062110
-0.061844
-0.061578
-0.061313
-0.061049
-0.060786
-0.060523
-0.060261
-0.060000
-0.059740
-0.059480
-0.059221
-0.058963
-0.058705
-0.058449
-0.058193
-0.057938
-0.057683
-0.057430
-0.057177
-0.056925
-0.056673
-0.056423
-0.056173
-0.055923
-0.055675
-0.055427
-0.055180
-0.054934
-0.054688
-0.054443
-0.054199
-0.053956
-0.053713
-0.053471
-0.053230
-0.052990
-0.052750
-0.052511
-0.052272
-0.052035
-0.051798
-0.051562
-0.051326
-0.051092
-0.050858
-0.050624
-0.050392
-0.050160
-0.049929
-0.049698
-0.049468
-0.049239
-0.049011
-0.048783
-0.048557
-0.048330
-0.048105
-0.047880
-0.047656
-0.047432
-0.047210
-0.046988
-0.046766
-0.046546
-0.046326
-0.046106
-0.045888
-0.045670
-0.045453
-0.045236
-0.045020
-0.044805
-0.044591
-0.044377
-0.044164
-0.043951
-0.043740
-0.043529
-0.043318
-0.043109
-0.042900
-0.042691
-0.042484
-0.042277
-0.042070
-0.041865
-0.041660
-0.041455
-0.041252
-0.041049
-0.040846
-0.040645
-0.040444
-0.040243
-0.040044
-0.039845
-0.039646
-0.039449
-0.039252
-0.039055
-0.038859
-0.038664
-0.038470
-0.038276
-0.038083
-0.037891
-0.037699
-0.037508
-0.037317
-0.037127
-0.036938
-0.036749
-0.036561
-0.036374
-0.036187
-0.036001
-0.035816
-0.035631
-0.035447
-0.035264
-0.035081
-0.034898
-0.034717
-0.034536
-0.034356
-0.034176
-0.033997
-0.033818
-0.033640
-0.033463
-0.033287
-0.033111
-0.032935
-0.032761
-0.032586
-0.032413
-0.032240
-0.032068
-0.031896
-0.031725
-0.031555
-0.031385
-0.031216
-0.031047
-0.030879
-0.030712
-0.030545
-0.030379
-0.030213
-0.030048
-0.029884
-0.029720
-0.029557
-0.029394
-0.029232
-0.029071
-0.028910
-0.028750
-0.028590
-0.028431
-0.028273
-0.028115
-0.027958
-0.027801
-0.027645
-0.027489
-0.027335
-0.027180
-0.027026
-0.026873
-0.026721
-0.026569
-0.026417
-0.026266
-0.026116
-0.025966
-0.025817
-0.025669
-0.025521
-0.025373
-0.025226
-0.025080
-0.024934
-0.024789
-0.024645
-0.024501
-0.024357
-0.024214
-0.024072
-0.023930
-0.023789
-0.023648
-0.023508
-0.023368
-0.023229
-0.023091
-0.022953
-0.022816
-0.022679
-0.022543
-0.022407
-0.022272
-0.022137
-0.022003
-0.021869
-0.021736
-0.021604
-0.021472
-0.021341
-0.021210
-0.021079
-0.020950
-0.020820
-0.020692
-0.020563
-0.020436
-0.020309
-0.020182
-0.020056
-0.019930
-0.019805
-0.019681
-0.019557
-0.019433
-0.019310
-0.019188
-0.019066
-0.018945
-0.018824
-0.018704
-0.018584
-0.018464
-0.018346
-0.018227
-0.018109
-0.017992
-0.017875
-0.017759
-0.017643
-0.017528
-0.017413
-0.017299
-0.017185
-0.017072
-0.016959
-0.016847
-0.016735
-0.016624
-0.016513
-0.016403
-0.016293
-0.016184
-0.016075
-0.015967
-0.015859
-0.015751
-0.015645
-0.015538
-0.015432
-0.015327
-0.015222
-0.015117
-0.015013
-0.014910
-0.014807
-0.014704
-0.014602
-0.014501
-0.014400
-0.014299
-0.014199
-0.014099
-0.014000
-0.013901
-0.013803
-0.013705
-0.013607
-0.013510
-0.013414
-0.013318
-0.013222
-0.013127
-0.013033
-0.012938
-0.012845
-0.012751
-0.012659
-0.012566
-0.012474
-0.012383
-0.012292
-0.012201
-0.012111
-0.012021
-0.011932
-0.011843
-0.011755
-0.011667
-0.011580
-0.011493
-0.011406
-0.011320
-0.011234
-0.011149
-0.011064
-0.010979
-0.010895
-0.010812
-0.010729
-0.010646
-0.010564
-0.010482
-0.010400
-0.010319
-0.010239
-0.010159
-0.010079
-0.010000
-0.009921
-0.009842
-0.009764
-0.009686
-0.009609
-0.009532
-0.009456
-0.009380
-0.009304
-0.009229
-0.009154
-0.009080
-0.009006
-0.008932
-0.008859
-0.008786
-0.008714
-0.008642
-0.008570
-0.008499
-0.008428
-0.008358
-0.008288
-0.008218
-0.008149
-0.008080
-0.008011
-0.007943
-0.007876
-0.007808
-0.007741
-0.007675
-0.007609
-0.007543
-0.007478
-0.007413
-0.007348
-0.007284
-0.007220
-0.007156
-0.007093
-0.007030
-0.006968
-0.006906
-0.006844
-0.006783
-0.006722
-0.006662
-0.006601
-0.006542
-0.006482
-0.006423
-0.006364
-0.006306
-0.006248
-0.006190
-0.006133
-0.006076
-0.006019
-0.005963
-0.005907
-0.005852
-0.005797
-0.005742
-0.005687
-0.005633
-0.005579
-0.005526
-0.005473
-0.005420
-0.005367
-0.005315
-0.005264
-0.005212
-0.005161
-0.005110
-0.005060
-0.005010
-0.004960
-0.004911
-0.004861
-0.004813
-0.004764
-0.004716
-0.004668
-0.004621
-0.004574
-0.004527
-0.004480
-0.004434
-0.004388
-0.004343
-0.004298
-0.004253
-0.004208
-0.004164
-0.004120
-0.004076
-0.004033
-0.003990
-0.003947
-0.003905
-0.003862
-0.003821
-0.003779
-0.003738
-0.003697
-0.003656
-0.003616
-0.003576
-0.003536
-0.003497
-0.003458
-0.003419
-0.003380
-0.003342
-0.003304
-0.003266
-0.003229
-0.003192
-0.003155
-0.003118
-0.003082
-0.003046
-0.003011
-0.002975
-0.002940
-0.002905
-0.002871
-0.002836
-0.002802
-0.002768
-0.002735
-0.002702
-0.002669
-0.002636
-0.002604
-0.002572
-0.002540
-0.002508
-0.002477
-0.002446
-0.002415
-0.002384
-0.002354
-0.002324
-0.002294
-0.002265
-0.002235
-0.002206
-0.002178
-0.002149
-0.002121
-0.002093
-0.002065
-0.002037
-0.002010
-0.001983
-0.001956
-0.001930
-0.001903
-0.001877
-0.001851
-0.001826
-0.001801
-0.001775
-0.001751
-0.001726
-0.001701
-0.001677
-0.001653
-0.001630
-0.001606
-0.001583
-0.001560
-0.001537
-0.001514
-0.001492
-0.001470
-0.001448
-0.001426
-0.001405
-0.001383
-0.001362
-0.001341
-0.001321
-0.001300
-0.001280
-0.001260
-0.001240
-0.001221
-0.001201
-0.001182
-0.001163
-0.001145
-0.001126
-0.001108
-0.001089
-0.001072
-0.001054
-0.001036
-0.001019
-0.001002
-0.000985
-0.000968
-0.000951
-0.000935
-0.000919
-0.000903
-0.000887
-0.000871
-0.000856
-0.000840
-0.000825
-0.000810
-0.000796
-0.000781
-0.000767
-0.000753
-0.000739
-0.000725
-0.000711
-0.000698
-0.000684
-0.000671
-0.000658
-0.000645
-0.000633
-0.000620
-0.000608
-0.000596
-0.000584
-0.000572
-0.000560
-0.000549
-0.000537
-0.000526
-0.000515
-0.000504
-0.000493
-0.000483
-0.000472
-0.000462
-0.000452
-0.000442
-0.000432
-0.000423
-0.000413
-0.000404
-0.000394
-0.000385
-0.000376
-0.000368
-0.000359
-0.000350
-0.000342
-0.000334
-0.000325
-0.000317
-0.000310
-0.000302
-0.000294
-0.000287
-0.000279
-0.000272
-0.000265
-0.000258
-0.000251
-0.000245
-0.000238
-0.000231
-0.000225
-0.000219
-0.000213
-0.000207
-0.000201
-0.000195
-0.000189
-0.000184
-0.000178
-0.000173
-0.000168
-0.000163
-0.000158
-0.000153
-0.000148
-0.000143
-0.000138
-0.000134
-0.000130
-0.000125
-0.000121
-0.000117
-0.000113
-0.000109
-0.000105
-0.000101
-0.000098
-0.000094
-0.000091
-0.000087
-0.000084
-0.000081
-0.000078
-0.000074
-0.000071
-0.000069
-0.000066
-0.000063
-0.000060
-0.000058
-0.000055
-0.000053
-0.000050
-0.000048
-0.000046
-0.000044
-0.000042
-0.000040
-0.000038
-0.000036
-0.000034
-0.000032
-0.000031
-0.000029
-0.000027
-0.000026
-0.000024
-0.000023
-0.000022
-0.000020
-0.000019
-0.000018
-0.000017
-0.000016
-0.000015
-0.000014
-0.000013
-0.000012
-0.000011
-0.000010
-0.000009
-0.000009
-0.000008
-0.000007
-0.000007
-0.000006
-0.000005
-0.000005
-0.000004
-0.000004
-0.000004
-0.000003
-0.000003
-0.000003
-0.000002
-0.000002
-0.000002
-0.000001
-0.000001
-0.000001
-0.000001
-0.000001
-0.000001
-0.000001
-0.000000
-0.000000
-0.000000
-0.000000
-0.000000
-0.000000
-0.000000
-0.000000
-0.000000
-0.000000
-0.000000
-0.000000
-0.000000
