time (s),velocity (rpm)
0.0000000000,0.0143051147
0.0010000000,-0.0071525574
0.0020000000,0.0000000000
0.0030000000,0.0000000000
0.0040000000,-0.0071525574
0.0050000000,-0.0071525574
0.0060000000,0.0000000000
0.0070000000,0.0429153442
0.0080000000,-0.0143051147
0.0090000000,-0.0214576721
0.0100000000,0.0286102295
0.0110000000,-0.0071525574
0.0120000000,0.0071525574
0.0130000000,0.0286102295
0.0140000000,0.0143051147
0.0150000000,0.0643730164
0.0160000000,0.0357627869
0.0170000000,0.0572204590
0.0180000000,0.0572204590
0.0190000000,0.0858306885
0.0200000000,0.0929832458
0.0210000000,0.0786781311
0.0220000000,0.0858306885
0.0230000000,0.1215934753
0.0240000000,0.1358985901
0.0250000000,0.1215934753
0.0260000000,0.1788139343
0.0270000000,0.1358985901
0.0280000000,0.1645088196
0.0290000000,0.2145767212
0.0300000000,0.2145767212
0.0310000000,0.2217292786
0.0320000000,0.2217292786
0.0330000000,0.2789497375
0.0340000000,0.2861022949
0.0350000000,0.3147125244
0.0360000000,0.3719329834
0.0370000000,0.3361701965
0.0380000000,0.4076957703
0.0390000000,0.3862380981
0.0400000000,0.4148483276
0.0410000000,0.5149841309
0.0420000000,0.5006790161
0.0430000000,0.6079673767
0.0440000000,0.6079673767
0.0450000000,0.6723403931
0.0460000000,0.7510185242
0.0470000000,0.7796287537
0.0480000000,0.9012222290
0.0490000000,0.9655952454
0.0500000000,1.0728836060
0.0510000000,1.1587142944
0.0520000000,1.3089179993
0.0530000000,1.4162063599
0.0540000000,1.6093254089
0.0550000000,1.7666816711
0.0560000000,1.8668174744
0.0570000000,2.0384788513
0.0580000000,2.1743774414
0.0590000000,2.3603439331
0.0600000000,2.4747848511
0.0610000000,2.6178359985
0.0620000000,2.9110908508
0.0630000000,3.0469894409
0.0640000000,3.2472610474
0.0650000000,3.3760070801
0.0660000000,3.5977363586
0.0670000000,3.6191940308
0.0680000000,3.7765502930
0.0690000000,3.8480758667
0.0700000000,4.0268898010
0.0710000000,4.2486190796
0.0720000000,4.5633316040
0.0730000000,4.6920776367
0.0740000000,4.7636032104
0.0750000000,4.9853324890
0.0760000000,5.2428245544
0.0770000000,5.6576728821
0.0780000000,5.9008598328
0.0790000000,6.0081481934
0.0800000000,6.0939788818
0.0810000000,6.0081481934
0.0820000000,6.2584877014
0.0830000000,6.5732002258
0.0840000000,6.6375732422
0.0850000000,6.8879127502
0.0860000000,7.4601173401
0.0870000000,7.9894065857
0.0880000000,7.9107284546
0.0890000000,7.6031684875
0.0900000000,7.7462196350
0.0910000000,8.0394744873
0.0920000000,8.0466270447
0.0930000000,8.3613395691
0.0940000000,8.9335441589
0.0950000000,9.0408325195
0.0960000000,8.7761878967
0.0970000000,8.8477134705
0.0980000000,9.1981887817
0.0990000000,9.2554092407
0.1000000000,9.7918510437
0.1010000000,10.3998184204
0.1020000000,10.0350379944
0.1030000000,10.1423263550
0.1040000000,10.2710723877
0.1050000000,10.1780891418
0.1060000000,10.8718872070
0.1070000000,11.4655494690
0.1080000000,11.4011764526
0.1090000000,11.9018554688
0.1100000000,11.8160247803
0.1110000000,12.8245353699
0.1120000000,13.1678581238
0.1130000000,12.7530097961
0.1140000000,12.7458572388
0.1150000000,12.7601623535
0.1160000000,13.7615203857
0.1170000000,13.8902664185
0.1180000000,14.0047073364
0.1190000000,14.0833854675
0.1200000000,15.6354904175
0.1210000000,15.0275230408
0.1220000000,14.7557258606
0.1230000000,14.9273872375
0.1240000000,16.0503387451
0.1250000000,15.7499313354
0.1260000000,15.7928466797
0.1270000000,16.6654586792
0.1280000000,17.6310539246
0.1290000000,16.5867805481
0.1300000000,16.5295600891
0.1310000000,17.7454948425
0.1320000000,17.5380706787
0.1330000000,18.0029869080
0.1340000000,18.4893608093
0.1350000000,18.8112258911
0.1360000000,18.8612937927
0.1370000000,18.6395645142
0.1380000000,19.3691253662
0.1390000000,19.8125839233
0.1400000000,19.9627876282
0.1410000000,20.5349922180
0.1420000000,20.6136703491
0.1430000000,20.2560424805
0.1440000000,21.0571289063
0.1450000000,20.8568572998
0.1460000000,22.8023529053
0.1470000000,21.7795372009
0.1480000000,21.5077400208
0.1490000000,22.8095054626
0.1500000000,22.1943855286
0.1510000000,23.7822532654
0.1520000000,23.5033035278
0.1530000000,22.9239463806
0.1540000000,24.1613388062
0.1550000000,24.1398811340
0.1560000000,24.7764587402
0.1570000000,25.2485275269
0.1580000000,24.5976448059
0.1590000000,25.2771377563
0.1600000000,25.6347656250
0.1610000000,26.6218185425
0.1620000000,26.6504287720
0.1630000000,26.3142585754
0.1640000000,26.5431404114
0.1650000000,28.0380249023
0.1660000000,27.6660919189
0.1670000000,27.5874137878
0.1680000000,27.8234481812
0.1690000000,28.5959243774
0.1700000000,29.2968750000
0.1710000000,28.6817550659
0.1720000000,29.1609764099
0.1730000000,29.5472145081
0.1740000000,30.6129455566
0.1750000000,29.8047065735
0.1760000000,30.4055213928
0.1770000000,30.8418273926
0.1780000000,31.8074226379
0.1790000000,30.9562683105
0.1800000000,31.0206413269
0.1810000000,33.0376625061
0.1820000000,31.8217277527
0.1830000000,32.7014923096
0.1840000000,32.2365760803
0.1850000000,34.2392921448
0.1860000000,33.1807136536
0.1870000000,33.5812568665
0.1880000000,34.2965126038
0.1890000000,34.6040725708
0.1900000000,34.0890884399
0.1910000000,34.9617004395
0.1920000000,36.1776351929
0.1930000000,34.8901748657
0.1940000000,35.0189208984
0.1950000000,37.2576713562
0.1960000000,36.0703468323
0.1970000000,35.9058380127
0.1980000000,37.8727912903
0.1990000000,36.8356704712
0.2000000000,37.3291969299
0.2010000000,38.0229949951
0.2020000000,38.1660461426
0.2030000000,37.9371643066
0.2040000000,39.0028953552
0.2050000000,39.1602516174
0.2060000000,38.6667251587
0.2070000000,40.3118133545
0.2080000000,39.4392013550
0.2090000000,39.7968292236
0.2100000000,41.2559509277
0.2110000000,40.4119491577
0.2120000000,40.7838821411
0.2130000000,41.6922569275
0.2140000000,41.6207313538
0.2150000000,41.3632392883
0.2160000000,42.9725646973
0.2170000000,41.9282913208
0.2180000000,42.2859191895
0.2190000000,43.6806678772
0.2200000000,42.5434112549
0.2210000000,43.7021255493
0.2220000000,43.3874130249
0.2230000000,43.5161590576
0.2240000000,44.5604324341
0.2250000000,44.0454483032
0.2260000000,44.0526008606
0.2270000000,45.6762313843
0.2280000000,44.2171096802
0.2290000000,46.0124015808
0.2300000000,44.7893142700
0.2310000000,44.9180603027
0.2320000000,47.2283363342
0.2330000000,44.9895858765
0.2340000000,46.2198257446
0.2350000000,46.3485717773
0.2360000000,46.3628768921
0.2370000000,47.7290153503
0.2380000000,46.0124015808
0.2390000000,48.0079650879
0.2400000000,47.1854209900
0.2410000000,47.0352172852
0.2420000000,49.0379333496
0.2430000000,46.9207763672
0.2440000000,48.5014915466
0.2450000000,48.2439994812
0.2460000000,47.2211837769
0.2470000000,49.5958328247
0.2480000000,48.1295585632
0.2490000000,48.8233566284
0.2500000000,48.9091873169
0.2510000000,48.6016273499
0.2520000000,49.6888160706
0.2530000000,49.5314598083
0.2540000000,50.6043434143
0.2550000000,49.1309165955
0.2560000000,50.8260726929
0.2570000000,50.5971908569
0.2580000000,49.9463081360
0.2590000000,51.1121749878
0.2600000000,49.9606132507
0.2610000000,51.5985488892
0.2620000000,49.8247146606
0.2630000000,50.3325462341
0.2640000000,50.3826141357
0.2650000000,49.8175621033
0.2660000000,50.8332252502
0.2670000000,48.9878654480
0.2680000000,51.0907173157
0.2690000000,49.3812561035
0.2700000000,50.5328178406
0.2710000000,49.4527816772
0.2720000000,49.2095947266
0.2730000000,50.7974624634
0.2740000000,49.1094589233
0.2750000000,50.8975982666
0.2760000000,48.9878654480
0.2770000000,50.5042076111
0.2780000000,49.8390197754
0.2790000000,49.2739677429
0.2800000000,50.1108169556
0.2810000000,49.2095947266
0.2820000000,50.6472587585
0.2830000000,48.7303733826
0.2840000000,49.4599342346
0.2850000000,49.6101379395
0.2860000000,48.0723381042
0.2870000000,49.8819351196
0.2880000000,48.3655929565
0.2890000000,49.2596626282
0.2900000000,48.5944747925
0.2910000000,47.8219985962
0.2920000000,48.8734245300
0.2930000000,47.4143028259
0.2940000000,48.7446784973
0.2950000000,46.8850135803
0.2960000000,47.1282005310
0.2970000000,47.3427772522
0.2980000000,46.6704368591
0.2990000000,47.3928451538
0.3000000000,46.1769104004
0.3010000000,46.4916229248
0.3020000000,46.6418266296
0.3030000000,45.4187393188
0.3040000000,46.3700294495
0.3050000000,45.1970100403
0.3060000000,44.8322296143
0.3070000000,45.4616546631
0.3080000000,44.0740585327
0.3090000000,45.1970100403
0.3100000000,43.4374809265
0.3110000000,43.2729721069
0.3120000000,44.1455841064
0.3130000000,42.4218177795
0.3140000000,42.4647331238
0.3150000000,43.1370735168
0.3160000000,41.1915779114
0.3170000000,41.9640541077
0.3180000000,40.9913063049
0.3190000000,40.4620170593
0.3200000000,40.9412384033
0.3210000000,39.5178794861
0.3220000000,39.2389297485
0.3230000000,39.3605232239
0.3240000000,38.6595726013
0.3250000000,37.7726554871
0.3260000000,38.0086898804
0.3270000000,37.5294685364
0.3280000000,36.2992286682
0.3290000000,36.5209579468
0.3300000000,36.2277030945
0.3310000000,35.2334976196
0.3320000000,33.9603424072
0.3330000000,35.6125831604
0.3340000000,33.2736968994
0.3350000000,32.9375267029
0.3360000000,32.8731536865
0.3370000000,30.7703018188
0.3380000000,30.7202339172
0.3390000000,30.9133529663
0.3400000000,29.9406051636
0.3410000000,28.6889076233
0.3420000000,27.8234481812
0.3430000000,29.2468070984
0.3440000000,29.2468070984
0.3450000000,26.5145301819
0.3460000000,26.5145301819
0.3470000000,25.6776809692
0.3480000000,25.1841545105
0.3490000000,25.1841545105
0.3500000000,23.1957435608
0.3510000000,23.1242179871
0.3520000000,22.2373008728
0.3530000000,21.8653678894
0.3540000000,21.4147567749
0.3550000000,20.3847885132
0.3560000000,19.0544128418
0.3570000000,18.5751914978
0.3580000000,18.3320045471
0.3590000000,17.5309181213
0.3600000000,17.2805786133
0.3610000000,16.2148475647
0.3620000000,14.2121315002
0.3630000000,14.2121315002
0.3640000000,13.6256217957
0.3650000000,12.0878219604
0.3660000000,12.0878219604
0.3670000000,11.8160247803
0.3680000000,10.0207328796
0.3690000000,10.0207328796
0.3700000000,8.8262557983
0.3710000000,8.1253051758
0.3720000000,7.2169303894
0.3730000000,6.6518783569
0.3740000000,6.1154365540
0.3750000000,5.0425529480
0.3760000000,4.3272972107
0.3770000000,3.4475326538
0.3780000000,2.6321411133
0.3790000000,0.8511543274
0.3800000000,0.8511543274
0.3810000000,0.1645088196
0.3820000000,-0.3790855408
0.3830000000,-0.8010864258
0.3840000000,-0.9942054749
0.3850000000,-1.1157989502
0.3860000000,-1.6379356384
0.3870000000,-1.6379356384
0.3880000000,-2.1672248840
0.3890000000,-2.8181076050
0.3900000000,-3.6191940308
0.3910000000,-4.5132637024
0.3920000000,-5.5432319641
0.3930000000,-7.6031684875
0.3940000000,-9.0408325195
0.3950000000,-9.0408325195
0.3960000000,-11.6586685181
0.3970000000,-11.6586685181
0.3980000000,-12.4597549438
0.3990000000,-13.3323669434
0.4000000000,-14.7199630737
0.4010000000,-14.7199630737
0.4020000000,-16.3722038269
0.4030000000,-17.9886817932
0.4040000000,-19.4120407104
0.4050000000,-19.3047523499
0.4060000000,-19.3047523499
0.4070000000,-20.2274322510
0.4080000000,-22.0441818237
0.4090000000,-22.0441818237
0.4100000000,-23.7178802490
0.4110000000,-24.0898132324
0.4120000000,-24.4545936584
0.4130000000,-26.2928009033
0.4140000000,-27.9021263123
0.4150000000,-27.4085998535
0.4160000000,-28.1810760498
0.4170000000,-28.9463996887
0.4180000000,-30.7488441467
0.4190000000,-30.7488441467
0.4200000000,-30.3196907043
0.4210000000,-31.7144393921
0.4220000000,-31.7144393921
0.4230000000,-33.5240364075
0.4240000000,-33.3881378174
0.4250000000,-35.5839729309
0.4260000000,-35.5839729309
0.4270000000,-35.5553627014
0.4280000000,-36.9715690613
0.4290000000,-36.9715690613
0.4300000000,-37.9514694214
0.4310000000,-37.6367568970
0.4320000000,-38.2733345032
0.4330000000,-40.0400161743
0.4340000000,-40.1329994202
0.4350000000,-40.1329994202
0.4360000000,-41.4419174194
0.4370000000,-41.2130355835
0.4380000000,-42.6793098450
0.4390000000,-42.9153442383
0.4400000000,-45.2256202698
0.4410000000,-43.4517860413
0.4420000000,-44.6462631226
0.4430000000,-46.2341308594
0.4440000000,-45.3257560730
0.4450000000,-46.3128089905
0.4460000000,-46.3128089905
0.4470000000,-46.2412834167
0.4480000000,-46.6203689575
0.4490000000,-47.9507446289
0.4500000000,-47.0709800720
0.4510000000,-49.0307807922
0.4520000000,-47.4286079407
0.4530000000,-48.4514236450
0.4540000000,-49.6172904968
0.4550000000,-48.5301017761
0.4560000000,-50.0178337097
0.4570000000,-48.8877296448
0.4580000000,-50.1966476440
0.4590000000,-49.8175621033
0.4600000000,-49.6459007263
0.4610000000,-51.0907173157
0.4620000000,-49.7817993164
0.4630000000,-51.5913963318
0.4640000000,-49.5815277100
0.4650000000,-51.0764122009
0.4660000000,-51.0764122009
0.4670000000,-50.2181053162
0.4680000000,-51.0621070862
0.4690000000,-49.3311882019
0.4700000000,-51.6200065613
0.4710000000,-49.7889518738
0.4720000000,-49.7889518738
0.4730000000,-49.6530532837
0.4740000000,-49.6101379395
0.4750000000,-50.0106811523
0.4760000000,-48.1295585632
0.4770000000,-49.8175621033
0.4780000000,-48.5515594482
0.4790000000,-48.8018989563
0.4800000000,-48.8018989563
0.4810000000,-47.2211837769
0.4820000000,-46.4057922363
0.4830000000,-46.7419624329
0.4840000000,-47.1925735474
0.4850000000,-45.2899932861
0.4860000000,-45.2899932861
0.4870000000,-47.1210479736
0.4880000000,-44.8179244995
0.4890000000,-44.8179244995
0.4900000000,-45.0468063354
0.4910000000,-43.5090065002
0.4920000000,-43.9882278442
0.4930000000,-41.9640541077
0.4940000000,-42.0928001404
0.4950000000,-42.4146652222
0.4960000000,-39.5393371582
0.4970000000,-39.5393371582
0.4980000000,-39.9899482727
0.4990000000,-37.2433662415
0.5000000000,-37.2433662415
0.5010000000,-37.8870964050
0.5020000000,-35.5482101440
0.5030000000,-34.9330902100
0.5040000000,-33.5955619812
0.5050000000,-33.5955619812
0.5060000000,-32.7801704407
0.5070000000,-31.8074226379
0.5080000000,-31.7287445068
0.5090000000,-29.8976898193
0.5100000000,-28.7961959839
0.5110000000,-29.0322303772
0.5120000000,-28.2740592957
0.5130000000,-26.6361236572
0.5140000000,-25.9423255920
0.5150000000,-24.9910354614
0.5160000000,-25.0625610352
0.5170000000,-24.2185592651
0.5180000000,-22.2373008728
0.5190000000,-22.3016738892
0.5200000000,-20.6923484802
0.5210000000,-20.0915336609
0.5220000000,-20.2989578247
0.5230000000,-17.7025794983
0.5240000000,-16.2792205811
0.5250000000,-15.7284736633
0.5260000000,-14.7485733032
0.5270000000,-12.8889083862
0.5280000000,-12.2165679932
0.5290000000,-10.8790397644
0.5300000000,-10.0851058960
0.5310000000,-8.4757804871
0.5320000000,-6.8736076355
0.5330000000,-5.6648254395
0.5340000000,-4.6420097351
0.5350000000,-3.6549568176
0.5360000000,-2.4676322937
0.5370000000,-1.2087821960
0.5380000000,-0.1287460327
0.5390000000,0.6866455078
0.5400000000,1.3303756714
0.5410000000,1.8668174744
0.5420000000,2.1743774414
0.5430000000,2.9826164246
0.5440000000,3.8766860962
0.5450000000,5.0354003906
0.5460000000,6.4659118652
0.5470000000,7.8105926514
0.5480000000,9.2482566833
0.5490000000,10.1566314697
0.5500000000,11.7731094360
0.5510000000,12.6242637634
0.5520000000,13.7329101563
0.5530000000,15.4924392700
0.5540000000,16.8371200562
0.5550000000,17.8742408752
0.5560000000,19.8698043823
0.5570000000,20.8067893982
0.5580000000,21.2502479553
0.5590000000,22.8953361511
0.5600000000,23.8537788391
0.5610000000,26.4644622803
0.5620000000,26.7791748047
0.5630000000,27.6160240173
0.5640000000,28.7032127380
0.5650000000,30.5843353271
0.5660000000,31.7859649658
0.5670000000,32.0649147034
0.5680000000,33.0948829651
0.5690000000,34.9330902100
0.5700000000,35.5195999146
0.5710000000,36.0774993896
0.5720000000,37.2147560120
0.5730000000,38.3377075195
0.5740000000,38.2661819458
0.5750000000,39.8182868958
0.5760000000,39.7968292236
0.5770000000,40.6265258789
0.5780000000,42.0284271240
0.5790000000,41.7709350586
0.5800000000,42.4075126648
0.5810000000,43.8523292542
0.5820000000,43.6019897461
0.5830000000,43.9667701721
0.5840000000,45.8192825317
0.5850000000,44.6462631226
0.5860000000,46.8492507935
0.5870000000,46.1268424988
0.5880000000,45.8908081055
0.5890000000,48.5444068909
0.5900000000,47.2927093506
0.5910000000,49.2525100708
0.5920000000,47.9364395142
0.5930000000,49.1881370544
0.5940000000,49.5171546936
0.5950000000,49.1309165955
0.5960000000,50.9476661682
0.5970000000,49.1595268250
0.5980000000,51.1264801025
0.5990000000,49.7460365295
0.6000000000,49.5743751526
0.6010000000,51.4769554138
0.6020000000,49.2954254150
0.6030000000,51.8846511841
0.6040000000,49.3454933167
0.6050000000,50.3611564636
0.6060000000,50.1251220703
0.6070000000,49.1309165955
0.6080000000,50.1036643982
0.6090000000,48.7875938416
0.6100000000,49.9176979065
0.6110000000,47.7504730225
0.6120000000,48.2296943665
0.6130000000,47.8720664978
0.6140000000,46.7777252197
0.6150000000,47.8506088257
0.6160000000,46.1268424988
0.6170000000,45.9265708923
0.6180000000,45.5045700073
0.6190000000,44.6820259094
0.6200000000,44.8465347290
0.6210000000,43.0512428284
0.6220000000,42.5577163696
0.6230000000,43.1871414185
0.6240000000,40.4834747314
0.6250000000,40.4763221741
0.6260000000,40.0185585022
0.6270000000,38.6452674866
0.6280000000,37.6653671265
0.6290000000,37.5008583069
0.6300000000,35.7127189636
0.6310000000,34.6612930298
0.6320000000,34.8472595215
0.6330000000,32.3939323425
0.6340000000,31.6357612610
0.6350000000,31.0778617859
0.6360000000,30.4055213928
0.6370000000,27.6660919189
0.6380000000,26.9508361816
0.6390000000,26.1068344116
0.6400000000,25.9351730347
0.6410000000,22.7952003479
0.6420000000,22.5949287415
0.6430000000,20.6422805786
0.6440000000,19.4621086121
0.6450000000,19.6838378906
0.6460000000,16.9587135315
0.6470000000,15.2921676636
0.6480000000,14.3766403198
0.6490000000,13.1320953369
0.6500000000,11.3940238953
0.6510000000,10.4141235352
0.6520000000,8.8977813721
0.6530000000,7.3671340942
0.6540000000,6.1726570129
0.6550000000,4.9638748169
0.6560000000,3.2544136047
0.6570000000,1.6164779663
0.6580000000,0.3790855408
0.6590000000,-0.7438659668
0.6600000000,-1.5807151794
0.6610000000,-2.5177001953
0.6620000000,-3.0326843262
0.6630000000,-3.8051605225
0.6640000000,-4.8136711121
0.6650000000,-6.0725212097
0.6660000000,-7.7462196350
0.6670000000,-9.6130371094
0.6680000000,-11.2009048462
0.6690000000,-12.8674507141
0.6700000000,-14.4839286804
0.6710000000,-16.0145759583
0.6720000000,-18.2390213013
0.6730000000,-19.7052955627
0.6740000000,-20.2918052673
0.6750000000,-21.9154357910
0.6760000000,-23.2958793640
0.6770000000,-25.4201889038
0.6780000000,-27.6947021484
0.6790000000,-27.0009040833
0.6800000000,-29.0536880493
0.6810000000,-30.0979614258
0.6820000000,-33.1306457520
0.6830000000,-31.8360328674
0.6840000000,-33.9603424072
0.6850000000,-35.4480743408
0.6860000000,-36.5781784058
0.6870000000,-36.7927551270
0.6880000000,-38.5165214539
0.6890000000,-39.6895408630
0.6900000000,-39.7825241089
0.6910000000,-41.4705276489
0.6920000000,-42.3431396484
0.6930000000,-42.5791740417
0.6940000000,-44.7607040405
0.6950000000,-43.6162948608
0.6960000000,-45.1326370239
0.6970000000,-46.4200973511
0.6980000000,-45.9694862366
0.6990000000,-47.5645065308
0.7000000000,-47.1282005310
0.7010000000,-47.6861000061
0.7020000000,-49.3812561035
0.7030000000,-48.3727455139
0.7040000000,-50.2467155457
0.7050000000,-48.8519668579
0.7060000000,-50.0822067261
0.7070000000,-50.8403778076
0.7080000000,-49.7531890869
0.7090000000,-51.4411926270
0.7100000000,-49.7388839722
0.7110000000,-51.7916679382
0.7120000000,-49.7174263000
0.7130000000,-50.2681732178
0.7140000000,-50.3754615784
0.7150000000,-49.9320030212
0.7160000000,-50.3897666931
0.7170000000,-48.5301017761
0.7180000000,-50.2252578735
0.7190000000,-48.5515594482
0.7200000000,-48.0508804321
0.7210000000,-48.5730171204
0.7220000000,-47.0709800720
0.7230000000,-47.9006767273
0.7240000000,-45.6619262695
0.7250000000,-45.6976890564
0.7260000000,-45.3329086304
0.7270000000,-43.3444976807
0.7280000000,-44.5532798767
0.7290000000,-42.2143936157
0.7300000000,-41.2702560425
0.7310000000,-42.4289703369
0.7320000000,-38.8669967651
0.7330000000,-38.6953353882
0.7340000000,-39.0958786011
0.7350000000,-35.6340408325
0.7360000000,-35.4480743408
0.7370000000,-34.6827507019
0.7380000000,-33.0090522766
0.7390000000,-31.4426422119
0.7400000000,-29.5972824097
0.7410000000,-29.2110443115
0.7420000000,-26.9293785095
0.7430000000,-25.7420539856
0.7440000000,-23.6678123474
0.7450000000,-22.9954719543
0.7460000000,-22.0370292664
0.7470000000,-18.9971923828
0.7480000000,-17.7955627441
0.7490000000,-17.0373916626
0.7500000000,-14.8701667786
0.7510000000,-13.4897232056
0.7520000000,-11.9376182556
0.7530000000,-10.6215476990
0.7540000000,-8.8405609131
0.7550000000,-6.7162513733
0.7560000000,-4.8780441284
0.7570000000,-3.3760070801
0.7580000000,-2.0599365234
0.7590000000,-0.5865097046
0.7600000000,0.7796287537
0.7610000000,1.8596649170
0.7620000000,2.8538703918
0.7630000000,3.4976005554
0.7640000000,5.0139427185
0.7650000000,6.7305564880
0.7660000000,8.5258483887
0.7670000000,9.8776817322
0.7680000000,11.2080574036
0.7690000000,12.9961967468
0.7700000000,14.8344039917
0.7710000000,16.9944763184
0.7720000000,17.9529190063
0.7730000000,19.5908546448
0.7740000000,22.7451324463
0.7750000000,23.0741500854
0.7760000000,24.4832038879
0.7770000000,26.1998176575
0.7780000000,27.7447700500
0.7790000000,30.2410125732
0.7800000000,30.4985046387
0.7810000000,32.0577621460
0.7820000000,33.6170196533
0.7830000000,35.4766845703
0.7840000000,35.3908538818
0.7850000000,36.6210937500
0.7860000000,39.2889976501
0.7870000000,39.1674041748
0.7880000000,40.0114059448
0.7890000000,42.1929359436
0.7900000000,42.0212745667
0.7910000000,43.8737869263
0.7920000000,44.5890426636
0.7930000000,44.6748733521
0.7940000000,47.1425056458
0.7950000000,46.2198257446
0.7960000000,47.6646423340
0.7970000000,48.0866432190
0.7980000000,48.4442710876
0.7990000000,49.8604774475
0.8000000000,48.8448143005
0.8010000000,50.4899024963
0.8020000000,50.1036643982
0.8030000000,49.5243072510
0.8040000000,51.5055656433
0.8050000000,49.6244430542
0.8060000000,51.5627861023
0.8070000000,50.1751899719
0.8080000000,50.8046150208
0.8090000000,50.2181053162
0.8100000000,49.5958328247
0.8110000000,50.3611564636
0.8120000000,48.5444068909
0.8130000000,49.8247146606
0.8140000000,47.4357604980
0.8150000000,47.8863716125
0.8160000000,47.0566749573
0.8170000000,45.7692146301
0.8180000000,46.6060638428
0.8190000000,44.5389747620
0.8200000000,44.1813468933
0.8210000000,43.5590744019
0.8220000000,41.7351722717
0.8230000000,41.7566299438
0.8240000000,40.0471687317
0.8250000000,38.4378433228
0.8260000000,38.6810302734
0.8270000000,35.9416007996
0.8280000000,35.0260734558
0.8290000000,33.8387489319
0.8300000000,33.0591201782
0.8310000000,30.5914878845
0.8320000000,29.1180610657
0.8330000000,28.2096862793
0.8340000000,27.0080566406
0.8350000000,24.1971015930
0.8360000000,22.8238105774
0.8370000000,21.5148925781
0.8380000000,20.0915336609
0.8390000000,18.4106826782
0.8400000000,16.3936614990
0.8410000000,13.7901306152
0.8420000000,12.5527381897
0.8430000000,10.7431411743
0.8440000000,8.9263916016
0.8450000000,7.1525573730
0.8460000000,5.1355361938
0.8470000000,3.5190582275
0.8480000000,1.6593933105
0.8490000000,-0.0929832458
0.8500000000,-1.4019012451
0.8510000000,-2.7179718018
0.8520000000,-3.5548210144
0.8530000000,-4.4417381287
0.8540000000,-6.3014030457
0.8550000000,-7.9250335693
0.8560000000,-10.1494789124
0.8570000000,-12.6242637634
0.8580000000,-13.8330459595
0.8590000000,-16.2220001221
0.8600000000,-18.7754631042
0.8610000000,-20.5922126770
0.8620000000,-21.1715698242
0.8630000000,-23.8466262817
0.8640000000,-25.2556800842
0.8650000000,-28.2526016235
0.8660000000,-29.1109085083
0.8670000000,-30.4698944092
0.8680000000,-32.1650505066
0.8690000000,-34.9402427673
0.8700000000,-35.2406501770
0.8710000000,-36.1132621765
0.8720000000,-39.3605232239
0.8730000000,-39.1387939453
0.8740000000,-40.4477119446
0.8750000000,-43.0583953857
0.8760000000,-41.9211387634
0.8770000000,-43.9167022705
0.8780000000,-45.7262992859
0.8790000000,-45.3329086304
0.8800000000,-47.0709800720
0.8810000000,-47.3856925964
0.8820000000,-47.6789474487
0.8830000000,-49.4885444641
0.8840000000,-49.0522384644
0.8850000000,-50.3039360046
0.8860000000,-49.4313240051
0.8870000000,-50.5828857422
0.8880000000,-50.7903099060
0.8890000000,-49.8676300049
0.8900000000,-51.6343116760
0.8910000000,-49.7460365295
0.8920000000,-51.7630577087
0.8930000000,-49.6888160706
0.8940000000,-50.0392913818
0.8950000000,-50.0750541687
0.8960000000,-49.2167472839
0.8970000000,-49.4313240051
0.8980000000,-47.6503372192
0.8990000000,-48.3942031860
0.9000000000,-47.0924377441
0.9010000000,-45.8765029907
0.9020000000,-46.4987754822
0.9030000000,-44.0883636475
0.9040000000,-43.6162948608
0.9050000000,-43.0369377136
0.9060000000,-41.1486625671
0.9070000000,-41.3131713867
0.9080000000,-39.0887260437
0.9090000000,-37.0216369629
0.9100000000,-37.2648239136
0.9110000000,-34.9831581116
0.9120000000,-32.6728820801
0.9130000000,-31.5284729004
0.9140000000,-30.6057929993
0.9150000000,-27.3299217224
0.9160000000,-26.3357162476
0.9170000000,-24.1899490356
0.9180000000,-22.8238105774
0.9190000000,-20.7853317261
0.9200000000,-18.1245803833
0.9210000000,-16.5581703186
0.9220000000,-14.9774551392
0.9230000000,-12.5741958618
0.9240000000,-10.6716156006
0.9250000000,-8.9192390442
0.9260000000,-6.6232681274
0.9270000000,-4.5633316040
0.9280000000,-2.5606155396
0.9290000000,-0.5507469177
0.9300000000,1.1086463928
0.9310000000,2.4747848511
0.9320000000,3.7765502930
0.9330000000,4.9209594727
0.9340000000,7.1096420288
0.9350000000,8.9907646179
0.9360000000,10.4069709778
0.9370000000,12.6171112061
0.9380000000,14.8987770081
0.9390000000,17.0230865479
0.9400000000,18.7611579895
0.9410000000,21.5220451355
0.9420000000,23.3745574951
0.9430000000,24.0969657898
0.9440000000,26.3571739197
0.9450000000,28.3598899841
0.9460000000,31.3854217529
0.9470000000,31.5999984741
0.9480000000,33.0877304077
0.9490000000,36.4565849304
0.9500000000,36.4923477173
0.9510000000,37.9514694214
0.9520000000,40.3189659119
0.9530000000,41.1987304688
0.9540000000,42.0069694519
0.9550000000,44.3601608276
0.9560000000,44.4531440735
0.9570000000,45.3114509583
0.9580000000,47.7075576782
0.9590000000,47.0352172852
0.9600000000,48.5873222351
0.9610000000,48.6803054810
0.9620000000,49.0164756775
0.9630000000,50.6114959717
0.9640000000,49.3097305298
0.9650000000,52.0491600037
0.9660000000,49.6816635132
0.9670000000,51.6843795776
0.9680000000,50.5685806274
0.9690000000,50.3468513489
0.9700000000,50.8975982666
0.9710000000,49.9033927917
0.9720000000,50.8046150208
0.9730000000,48.5801696777
0.9740000000,49.4170188904
0.9750000000,47.8792190552
0.9760000000,46.7848777771
0.9770000000,47.4214553833
0.9780000000,45.1254844666
0.9790000000,45.1111793518
0.9800000000,43.4803962708
0.9810000000,42.2215461731
0.9820000000,41.8353080750
0.9830000000,39.8755073547
0.9840000000,38.3090972900
0.9850000000,37.8656387329
0.9860000000,35.3336334229
0.9870000000,33.7672233582
0.9880000000,32.8445434570
0.9890000000,30.6487083435
0.9900000000,28.4957885742
0.9910000000,26.1497497559
0.9920000000,25.7062911987
0.9930000000,23.3745574951
0.9940000000,20.2631950378
0.9950000000,19.2332267761
0.9960000000,16.4151191711
0.9970000000,14.3980979919
0.9980000000,12.5169754028
0.9990000000,11.0435485840
1.0000000000,8.4686279297
1.0010000000,5.7148933411
1.0020000000,3.5619735718
1.0030000000,1.4805793762
1.0040000000,-0.5507469177
1.0050000000,-2.0956993103
1.0060000000,-3.6478042603
1.0070000000,-4.5490264893
1.0080000000,-6.5445899963
1.0090000000,-9.0551376343
1.0100000000,-10.6430053711
1.0110000000,-12.7243995667
1.0120000000,-15.3422355652
1.0130000000,-17.9672241211
1.0140000000,-20.0200080872
1.0150000000,-22.6235389709
1.0160000000,-25.4130363464
1.0170000000,-25.9637832642
1.0180000000,-28.3384323120
1.0190000000,-30.3769111633
1.0200000000,-33.7243080139
1.0210000000,-33.5812568665
1.0220000000,-35.8343124390
1.0230000000,-38.8455390930
1.0240000000,-38.8026237488
1.0250000000,-40.3547286987
1.0260000000,-43.3731079102
1.0270000000,-42.6292419434
1.0280000000,-44.4245338440
1.0290000000,-46.5130805969
1.0300000000,-46.2770462036
1.0310000000,-48.4800338745
1.0320000000,-47.9078292847
1.0330000000,-49.0665435791
1.0340000000,-50.5328178406
1.0350000000,-49.3955612183
1.0360000000,-51.3768196106
1.0370000000,-50.1608848572
1.0380000000,-51.4841079712
1.0390000000,-50.4040718079
1.0400000000,-50.4970550537
1.0410000000,-51.2123107910
1.0420000000,-49.5457649231
1.0430000000,-51.3339042664
1.0440000000,-48.7589836121
1.0450000000,-49.3025779724
1.0460000000,-48.2726097107
1.0470000000,-47.5287437439
1.0480000000,-46.7848777771
1.0490000000,-45.5331802368
1.0500000000,-45.3829765320
1.0510000000,-43.5948371887
1.0520000000,-41.9211387634
1.0530000000,-42.4003601074
1.0540000000,-38.9242172241
1.0550000000,-37.8227233887
1.0560000000,-37.3291969299
1.0570000000,-34.1105461121
1.0580000000,-32.4082374573
1.0590000000,-31.2495231628
1.0600000000,-28.9750099182
1.0610000000,-26.4143943787
1.0620000000,-24.4259834290
1.0630000000,-22.6449966431
1.0640000000,-20.4348564148
1.0650000000,-18.3463096619
1.0660000000,-15.0346755981
1.0670000000,-13.1821632385
1.0680000000,-10.9362602234
1.0690000000,-8.9192390442
1.0700000000,-6.3014030457
1.0710000000,-3.9124488831
1.0720000000,-1.5807151794
1.0730000000,0.5793571472
1.0740000000,2.1815299988
1.0750000000,4.0411949158
1.0760000000,5.4788589478
1.0770000000,7.6961517334
1.0780000000,9.7560882568
1.0790000000,11.8303298950
1.0800000000,14.2693519592
1.0810000000,17.1804428101
1.0820000000,19.6552276611
1.0830000000,21.2574005127
1.0840000000,23.2100486755
1.0850000000,25.5846977234
1.0860000000,28.4457206726
1.0870000000,30.5056571960
1.0880000000,31.5928459167
1.0890000000,33.7100028992
1.0900000000,37.2290611267
1.0910000000,37.0216369629
1.0920000000,39.2246246338
1.0930000000,42.2000885010
1.0940000000,42.0641899109
1.0950000000,43.1299209595
1.0960000000,46.2555885315
1.0970000000,45.4473495483
1.0980000000,47.6574897766
1.0990000000,47.9793548584
1.1000000000,48.2654571533
1.1010000000,50.6758689880
1.1020000000,49.3025779724
1.1030000000,51.6986846924
1.1040000000,50.0893592834
1.1050000000,51.2766838074
1.1060000000,51.0263442993
1.1070000000,50.3253936768
1.1080000000,51.9919395447
1.1090000000,49.9176979065
1.1100000000,50.4398345947
1.1110000000,49.1881370544
1.1120000000,48.8090515137
1.1130000000,47.9865074158
1.1140000000,46.4200973511
1.1150000000,47.0566749573
1.1160000000,44.1813468933
1.1170000000,43.4660911560
1.1180000000,43.0297851563
1.1190000000,40.1830673218
1.1200000000,39.8325920105
1.1210000000,37.8155708313
1.1220000000,35.7699394226
1.1230000000,33.9245796204
1.1240000000,33.2951545715
1.1250000000,29.8619270325
1.1260000000,27.8162956238
1.1270000000,25.9208679199
1.1280000000,24.5690345764
1.1290000000,21.2788581848
1.1300000000,18.9471244812
1.1310000000,16.5367126465
1.1320000000,14.2979621887
1.1330000000,11.7802619934
1.1340000000,9.5915794373
1.1350000000,7.2956085205
1.1360000000,4.5490264893
1.1370000000,2.0241737366
1.1380000000,-0.5006790161
1.1390000000,-2.3245811462
1.1400000000,-4.3702125549
1.1410000000,-6.0582160950
1.1420000000,-7.9393386841
1.1430000000,-10.3855133057
1.1440000000,-12.9890441895
1.1450000000,-15.4781341553
1.1460000000,-18.1531906128
1.1470000000,-20.5850601196
1.1480000000,-23.8966941833
1.1490000000,-25.5703926086
1.1500000000,-27.4229049683
1.1510000000,-29.6044349670
1.1520000000,-32.7944755554
1.1530000000,-34.6899032593
1.1540000000,-35.9487533569
1.1550000000,-37.8298759460
1.1560000000,-40.8267974854
1.1570000000,-41.1128997803
1.1580000000,-43.0083274841
1.1590000000,-44.9252128601
1.1600000000,-44.9037551880
1.1610000000,-48.2726097107
1.1620000000,-47.4786758423
1.1630000000,-48.9377975464
1.1640000000,-49.7889518738
1.1650000000,-49.8461723328
1.1660000000,-51.7487525940
1.1670000000,-50.1251220703
1.1680000000,-51.7201423645
1.1690000000,-50.3253936768
1.1700000000,-51.0907173157
1.1710000000,-50.8475303650
1.1720000000,-49.7889518738
1.1730000000,-50.7616996765
1.1740000000,-49.1023063660
1.1750000000,-49.3311882019
1.1760000000,-47.3284721375
1.1770000000,-46.9493865967
1.1780000000,-46.3271141052
1.1790000000,-44.0168380737
1.1800000000,-44.8107719421
1.1810000000,-41.0127639771
1.1820000000,-40.1902198792
1.1830000000,-39.7753715515
1.1840000000,-35.8128547668
1.1850000000,-34.5754623413
1.1860000000,-32.9089164734
1.1870000000,-30.4484367371
1.1880000000,-27.6947021484
1.1890000000,-25.7635116577
1.1900000000,-23.9396095276
1.1910000000,-21.3861465454
1.1920000000,-18.0816650391
1.1930000000,-15.7856941223
1.1940000000,-13.0319595337
1.1950000000,-10.7145309448
1.1960000000,-7.8749656677
1.1970000000,-5.3215026855
1.1980000000,-2.8252601624
1.1990000000,-0.2431869507
1.2000000000,1.9240379333
1.2010000000,4.0340423584
1.2020000000,5.6719779968
1.2030000000,7.8964233398
1.2040000000,10.6859207153
1.2050000000,13.0176544189
1.2060000000,16.0002708435
1.2070000000,18.3892250061
1.2080000000,21.5506553650
1.2090000000,23.7321853638
1.2100000000,25.1770019531
1.2110000000,27.9808044434
1.2120000000,31.5284729004
1.2130000000,33.2593917847
1.2140000000,34.7614288330
1.2150000000,36.8356704712
1.2160000000,39.9041175842
1.2170000000,40.6980514526
1.2180000000,42.4575805664
1.2190000000,44.4245338440
1.2200000000,44.9967384338
1.2210000000,47.2998619080
1.2220000000,47.3427772522
1.2230000000,48.7518310547
1.2240000000,49.7388839722
1.2250000000,49.6959686279
1.2260000000,51.5985488892
1.2270000000,50.4469871521
1.2280000000,51.5270233154
1.2290000000,51.1693954468
1.2300000000,51.2766838074
1.2310000000,51.1550903320
1.2320000000,49.5886802673
1.2330000000,51.1908531189
1.2340000000,48.6087799072
1.2350000000,48.6016273499
1.2360000000,47.1210479736
1.2370000000,45.4330444336
1.2380000000,45.6762313843
1.2390000000,42.6363945007
1.2400000000,42.3574447632
1.2410000000,40.3976440430
1.2420000000,38.0802154541
1.2430000000,37.2004508972
1.2440000000,34.7328186035
1.2450000000,32.4797630310
1.2460000000,29.3827056885
1.2470000000,29.4113159180
1.2480000000,25.3415107727
1.2490000000,23.1027603149
1.2500000000,20.3204154968
1.2510000000,17.6811218262
1.2520000000,15.7213211060
1.2530000000,13.2036209106
1.2540000000,9.8848342896
1.2550000000,7.1668624878
1.2560000000,4.0698051453
1.2570000000,1.3160705566
1.2580000000,-1.1587142944
1.2590000000,-3.2973289490
1.2600000000,-5.7864189148
1.2610000000,-7.6103210449
1.2620000000,-10.2782249451
1.2630000000,-13.4038925171
1.2640000000,-15.1777267456
1.2650000000,-18.4535980225
1.2660000000,-20.8282470703
1.2670000000,-23.4246253967
1.2680000000,-27.2870063782
1.2690000000,-28.9607048035
1.2700000000,-30.9348106384
1.2710000000,-33.1735610962
1.2720000000,-37.1932983398
1.2730000000,-37.1074676514
1.2740000000,-39.6680831909
1.2750000000,-43.1013107300
1.2760000000,-42.3932075500
1.2770000000,-45.0611114502
1.2780000000,-47.0924377441
1.2790000000,-47.0209121704
1.2800000000,-49.8533248901
1.2810000000,-49.1094589233
1.2820000000,-50.1251220703
1.2830000000,-51.1050224304
1.2840000000,-50.9119033813
1.2850000000,-51.8417358398
1.2860000000,-50.7473945618
1.2870000000,-51.8345832825
1.2880000000,-50.1680374146
1.2890000000,-50.4469871521
1.2900000000,-50.1823425293
1.2910000000,-48.4228134155
1.2920000000,-48.9163398743
1.2930000000,-47.0638275146
1.2940000000,-46.4057922363
1.2950000000,-44.7034835815
1.2960000000,-43.2229042053
1.2970000000,-42.7436828613
1.2980000000,-38.4950637817
1.2990000000,-37.6653671265
1.3000000000,-36.7784500122
1.3010000000,-32.3581695557
1.3020000000,-30.5628776550
1.3030000000,-28.6602973938
1.3040000000,-26.8507003784
1.3050000000,-22.5663185120
1.3060000000,-20.3347206116
1.3070000000,-18.0673599243
1.3080000000,-14.8272514343
1.3090000000,-12.4812126160
1.3100000000,-9.1409683228
1.3110000000,-6.4587593079
1.3120000000,-3.4332275391
1.3130000000,-0.4720687866
1.3140000000,2.0527839661
1.3150000000,4.3201446533
1.3160000000,6.3800811768
1.3170000000,8.3756446838
1.3180000000,11.5585327148
1.3190000000,13.9474868774
1.3200000000,17.3020362854
1.3210000000,19.9198722839
1.3220000000,22.4018096924
1.3230000000,26.4930725098
1.3240000000,28.2382965088
1.3250000000,30.4770469666
1.3260000000,32.7301025391
1.3270000000,36.3922119141
1.3280000000,37.3363494873
1.3290000000,39.4678115845
1.3300000000,42.5291061401
1.3310000000,43.0297851563
1.3320000000,44.8465347290
1.3330000000,46.7848777771
1.3340000000,47.5001335144
1.3350000000,49.1809844971
1.3360000000,49.4599342346
1.3370000000,50.5185127258
1.3380000000,51.2051582336
1.3390000000,50.1680374146
1.3400000000,52.9217720032
1.3410000000,50.6114959717
1.3420000000,51.9275665283
1.3430000000,50.6186485291
1.3440000000,50.5399703979
1.3450000000,49.4456291199
1.3460000000,47.9364395142
1.3470000000,48.5372543335
1.3480000000,45.2613830566
1.3490000000,45.1683998108
1.3500000000,42.9725646973
1.3510000000,40.9913063049
1.3520000000,40.3261184692
1.3530000000,37.4937057495
1.3540000000,35.2621078491
1.3550000000,33.6599349976
1.3560000000,30.9777259827
1.3570000000,28.5243988037
1.3580000000,25.3844261169
1.3590000000,23.4103202820
1.3600000000,20.9641456604
1.3610000000,17.8313255310
1.3620000000,14.2264366150
1.3630000000,11.6014480591
1.3640000000,8.5330009460
1.3650000000,5.4144859314
1.3660000000,2.3245811462
1.3670000000,-0.6151199341
1.3680000000,-3.0970573425
1.3690000000,-5.6791305542
1.3700000000,-7.8678131104
1.3710000000,-10.7645988464
1.3720000000,-13.4825706482
1.3730000000,-16.8085098267
1.3740000000,-20.1129913330
1.3750000000,-22.5520133972
1.3760000000,-24.7907638550
1.3770000000,-27.6803970337
1.3780000000,-30.7774543762
1.3790000000,-34.1963768005
1.3800000000,-34.5396995544
1.3810000000,-37.7511978149
1.3820000000,-41.5849685669
1.3830000000,-41.0842895508
1.3840000000,-43.9167022705
1.3850000000,-46.1983680725
1.3860000000,-46.4558601379
1.3870000000,-49.6101379395
1.3880000000,-48.7875938416
1.3890000000,-49.9892234802
1.3900000000,-51.1336326599
1.3910000000,-51.1193275452
1.3920000000,-51.8989562988
1.3930000000,-50.9405136108
1.3940000000,-52.1492958069
1.3950000000,-50.3325462341
1.3960000000,-50.6401062012
1.3970000000,-49.9606132507
1.3980000000,-48.5444068909
1.3990000000,-48.5944747925
1.4000000000,-46.6704368591
1.4010000000,-45.7477569580
1.4020000000,-43.6806678772
1.4030000000,-41.9855117798
1.4040000000,-41.1343574524
1.4050000000,-36.5710258484
1.4060000000,-35.2978706360
1.4070000000,-34.1749191284
1.4080000000,-30.3483009338
1.4090000000,-26.9222259521
1.4100000000,-24.8622894287
1.4110000000,-22.7808952332
1.4120000000,-19.8841094971
1.4130000000,-15.4495239258
1.4140000000,-12.6957893372
1.4150000000,-9.6917152405
1.4160000000,-6.9451332092
1.4170000000,-3.5977363586
1.4180000000,-0.4076957703
1.4190000000,2.1386146545
1.4200000000,4.6992301941
1.4210000000,6.8736076355
1.4220000000,9.5844268799
1.4230000000,12.7243995667
1.4240000000,15.6569480896
1.4250000000,19.6552276611
1.4260000000,22.0012664795
1.4270000000,24.5547294617
1.4280000000,27.3728370667
1.4290000000,30.5557250977
1.4300000000,33.5311889648
1.4310000000,35.3336334229
1.4320000000,37.5723838806
1.4330000000,41.3346290588
1.4340000000,41.3560867310
1.4350000000,44.5032119751
1.4360000000,46.0553169250
1.4370000000,46.7419624329
1.4380000000,49.0236282349
1.4390000000,49.3383407593
1.4400000000,50.6043434143
1.4410000000,50.9119033813
1.4420000000,50.9476661682
1.4430000000,52.5999069214
1.4440000000,50.7616996765
1.4450000000,52.5426864624
1.4460000000,50.1966476440
1.4470000000,50.6687164307
1.4480000000,49.3955612183
1.4490000000,47.5716590881
1.4500000000,47.6145744324
1.4510000000,45.1040267944
1.4520000000,44.1813468933
1.4530000000,41.7923927307
1.4540000000,39.6466255188
1.4550000000,38.6524200439
1.4560000000,35.5052947998
1.4570000000,33.1377983093
1.4580000000,30.5628776550
1.4590000000,28.6531448364
1.4600000000,25.1698493958
1.4610000000,22.5734710693
1.4620000000,19.2975997925
1.4630000000,16.2506103516
1.4640000000,13.6470794678
1.4650000000,9.5057487488
1.4660000000,6.0725212097
1.4670000000,2.8109550476
1.4680000000,-0.5650520325
1.4690000000,-3.2830238342
1.4700000000,-5.9938430786
1.4710000000,-8.2969665527
1.4720000000,-11.7659568787
1.4730000000,-14.3980979919
1.4740000000,-17.1160697937
1.4750000000,-20.7924842834
1.4760000000,-23.9324569702
1.4770000000,-26.6933441162
1.4780000000,-30.2124023438
1.4790000000,-31.7144393921
1.4800000000,-35.0904464722
1.4810000000,-38.4020805359
1.4820000000,-39.4964218140
1.4830000000,-41.7137145996
1.4840000000,-45.2113151550
1.4850000000,-45.5546379089
1.4860000000,-47.6145744324
1.4870000000,-48.9377975464
1.4880000000,-49.5028495789
1.4890000000,-51.3124465942
1.4900000000,-50.7688522339
1.4910000000,-52.0849227905
1.4920000000,-50.9548187256
1.4930000000,-51.8274307251
1.4940000000,-51.7272949219
1.4950000000,-50.1036643982
1.4960000000,-50.8546829224
1.4970000000,-48.9950180054
1.4980000000,-48.8734245300
1.4990000000,-46.4630126953
1.5000000000,-45.4187393188
1.5010000000,-44.0526008606
1.5020000000,-40.9841537476
1.5030000000,-39.8254394531
1.5040000000,-37.0359420776
1.5050000000,-33.7743759155
1.5060000000,-31.7358970642
1.5070000000,-29.8333168030
1.5080000000,-25.2342224121
1.5090000000,-22.1586227417
1.5100000000,-19.9127197266
1.5110000000,-16.1933898926
1.5120000000,-13.1106376648
1.5130000000,-10.3211402893
1.5140000000,-6.6661834717
1.5150000000,-2.6679039001
1.5160000000,0.6651878357
1.5170000000,3.4260749817
1.5180000000,6.2656402588
1.5190000000,8.5330009460
1.5200000000,11.3153457642
1.5210000000,14.3766403198
1.5220000000,17.4736976624
1.5230000000,21.2860107422
1.5240000000,23.8323211670
1.5250000000,28.8748741150
1.5260000000,29.8261642456
1.5270000000,32.7444076538
1.5280000000,35.7198715210
1.5290000000,39.5393371582
1.5300000000,39.7682189941
1.5310000000,42.9868698120
1.5320000000,45.5260276794
1.5330000000,45.7763671875
1.5340000000,49.0379333496
1.5350000000,48.8519668579
1.5360000000,50.1966476440
1.5370000000,50.9834289551
1.5380000000,50.8904457092
1.5390000000,52.9575347900
1.5400000000,50.9262084961
1.5410000000,52.5426864624
1.5420000000,50.5113601685
1.5430000000,50.6830215454
1.5440000000,49.4313240051
1.5450000000,47.5645065308
1.5460000000,47.5716590881
1.5470000000,44.5461273193
1.5480000000,43.5304641724
1.5490000000,41.2702560425
1.5500000000,38.4306907654
1.5510000000,37.0717048645
1.5520000000,34.5253944397
1.5530000000,31.1565399170
1.5540000000,28.3741950989
1.5550000000,26.7076492310
1.5560000000,22.9740142822
1.5570000000,19.2332267761
1.5580000000,16.3364410400
1.5590000000,12.1378898621
1.5600000000,8.8047981262
1.5610000000,5.1641464233
1.5620000000,1.6736984253
1.5630000000,-1.3661384583
1.5640000000,-4.3058395386
1.5650000000,-7.4243545532
1.5660000000,-10.1208686829
1.5670000000,-13.7042999268
1.5680000000,-17.1089172363
1.5690000000,-19.9270248413
1.5700000000,-23.9539146423
1.5710000000,-26.3357162476
1.5720000000,-29.4041633606
1.5730000000,-32.6228141785
1.5740000000,-36.1919403076
1.5750000000,-37.7655029297
1.5760000000,-39.8826599121
1.5770000000,-44.1455841064
1.5780000000,-44.5103645325
1.5790000000,-46.5488433838
1.5800000000,-48.9020347595
1.5810000000,-48.8877296448
1.5820000000,-51.8703460693
1.5830000000,-50.3540039063
1.5840000000,-51.9347190857
1.5850000000,-51.3839721680
1.5860000000,-51.6486167908
1.5870000000,-52.0920753479
1.5880000000,-50.0679016113
1.5890000000,-51.1264801025
1.5900000000,-48.9878654480
1.5910000000,-48.5157966614
1.5920000000,-46.2412834167
1.5930000000,-44.9609756470
1.5940000000,-43.4517860413
1.5950000000,-39.6108627319
1.5960000000,-38.1159782410
1.5970000000,-36.0417366028
1.5980000000,-31.4283370972
1.5990000000,-29.2897224426
1.6000000000,-26.6361236572
1.6010000000,-24.3473052979
1.6020000000,-18.9399719238
1.6030000000,-15.6569480896
1.6040000000,-12.7744674683
1.6050000000,-9.2124938965
1.6060000000,-5.6076049805
1.6070000000,-1.9311904907
1.6080000000,1.3375282288
1.6090000000,4.0483474731
1.6100000000,7.2026252747
1.6110000000,10.1923942566
1.6120000000,13.4038925171
1.6130000000,16.5295600891
1.6140000000,20.4777717590
1.6150000000,24.8908996582
1.6160000000,26.1926651001
1.6170000000,30.0836563110
1.6180000000,32.6800346375
1.6190000000,37.0573997498
1.6200000000,37.9943847656
1.6210000000,41.0485267639
1.6220000000,44.3029403687
1.6230000000,44.2814826965
1.6240000000,48.0508804321
1.6250000000,48.3012199402
1.6260000000,49.2167472839
1.6270000000,51.4626502991
1.6280000000,51.1336326599
1.6290000000,52.5212287903
1.6300000000,51.2051582336
1.6310000000,52.4139404297
1.6320000000,51.2266159058
1.6330000000,50.3826141357
1.6340000000,50.1251220703
1.6350000000,47.8148460388
1.6360000000,47.5788116455
1.6370000000,44.8822975159
1.6380000000,42.3860549927
1.6390000000,41.5062904358
1.6400000000,37.8513336182
1.6410000000,35.9487533569
1.6420000000,34.1963768005
1.6430000000,29.9620628357
1.6440000000,27.4372100830
1.6450000000,24.2972373962
1.6460000000,21.8653678894
1.6470000000,17.0731544495
1.6480000000,12.9461288452
1.6490000000,9.6201896667
1.6500000000,5.9151649475
1.6510000000,2.0527839661
1.6520000000,-1.5521049500
1.6530000000,-4.5990943909
1.6540000000,-7.8821182251
1.6550000000,-10.4355812073
1.6560000000,-14.0404701233
1.6570000000,-18.1102752686
1.6580000000,-22.2086906433
1.6590000000,-23.7250328064
1.6600000000,-27.9951095581
1.6610000000,-30.8346748352
1.6620000000,-35.2334976196
1.6630000000,-36.5066528320
1.6640000000,-39.5393371582
1.6650000000,-43.1513786316
1.6660000000,-44.0669059753
1.6670000000,-46.6275215149
1.6680000000,-48.4442710876
1.6690000000,-49.2310523987
1.6700000000,-51.2695312500
1.6710000000,-50.9047508240
1.6720000000,-52.4210929871
1.6730000000,-51.1980056763
1.6740000000,-51.9990921021
1.6750000000,-51.8774986267
1.6760000000,-50.4183769226
1.6770000000,-50.8046150208
1.6780000000,-48.6874580383
1.6790000000,-48.4228134155
1.6800000000,-45.5403327942
1.6810000000,-43.9167022705
1.6820000000,-42.0856475830
1.6830000000,-38.3305549622
1.6840000000,-36.5924835205
1.6850000000,-34.0390205383
1.6860000000,-29.2110443115
1.6870000000,-26.9079208374
1.6880000000,-23.6463546753
1.6890000000,-20.5564498901
1.6900000000,-16.3578987122
1.6910000000,-12.2022628784
1.6920000000,-8.6474418640
1.6930000000,-4.7206878662
1.6940000000,-1.2660026550
1.6950000000,2.1028518677
1.6960000000,5.1641464233
1.6970000000,8.3827972412
1.6980000000,11.3582611084
1.6990000000,15.4852867126
1.7000000000,19.1116333008
1.7010000000,22.2301483154
1.7020000000,25.8564949036
1.7030000000,28.6889076233
1.7040000000,32.9732894897
1.7050000000,35.3193283081
1.7060000000,37.9729270935
1.7070000000,41.5420532227
1.7080000000,43.1942939758
1.7090000000,45.1183319092
1.7100000000,48.2153892517
1.7110000000,48.0937957764
1.7120000000,50.6114959717
1.7130000000,50.9548187256
1.7140000000,51.1837005615
1.7150000000,52.5712966919
1.7160000000,51.5770912170
1.7170000000,53.0076026917
1.7180000000,50.2324104309
1.7190000000,50.8832931519
1.7200000000,48.8519668579
1.7210000000,47.1210479736
1.7220000000,46.3557243347
1.7230000000,43.5161590576
1.7240000000,41.6135787964
1.7250000000,38.7883186340
1.7260000000,36.2062454224
1.7270000000,33.7672233582
1.7280000000,31.3067436218
1.7290000000,26.9436836243
1.7300000000,23.7822532654
1.7310000000,20.2631950378
1.7320000000,17.0159339905
1.7330000000,12.5741958618
1.7340000000,8.5830688477
1.7350000000,4.3129920959
1.7360000000,0.3218650818
1.7370000000,-3.0469894409
1.7380000000,-6.5374374390
1.7390000000,-9.4556808472
1.7400000000,-13.1678581238
1.7410000000,-16.7727470398
1.7420000000,-19.6766853333
1.7430000000,-23.8966941833
1.7440000000,-27.2727012634
1.7450000000,-31.9147109985
1.7460000000,-33.7314605713
1.7470000000,-36.5781784058
1.7480000000,-40.3404235840
1.7490000000,-42.7722930908
1.7500000000,-44.2028045654
1.7510000000,-48.2869148254
1.7520000000,-47.9078292847
1.7530000000,-50.0464439392
1.7540000000,-50.8046150208
1.7550000000,-51.6629219055
1.7560000000,-52.2565841675
1.7570000000,-51.4268875122
1.7580000000,-52.9289245605
1.7590000000,-50.6687164307
1.7600000000,-51.3339042664
1.7610000000,-49.0522384644
1.7620000000,-48.2439994812
1.7630000000,-46.9708442688
1.7640000000,-43.9953804016
1.7650000000,-42.5863265991
1.7660000000,-39.2746925354
1.7670000000,-35.9773635864
1.7680000000,-33.7958335876
1.7690000000,-30.6415557861
1.7700000000,-26.1855125427
1.7710000000,-23.0026245117
1.7720000000,-19.1831588745
1.7730000000,-15.9215927124
1.7740000000,-12.1092796326
1.7750000000,-7.7104568481
1.7760000000,-3.2758712769
1.7770000000,0.6008148193
1.7780000000,3.7908554077
1.7790000000,7.4744224548
1.7800000000,10.4784965515
1.7810000000,13.6470794678
1.7820000000,17.4093246460
1.7830000000,21.1429595947
1.7840000000,24.9338150024
1.7850000000,28.8391113281
1.7860000000,32.9232215881
1.7870000000,34.8472595215
1.7880000000,37.8441810608
1.7890000000,41.4848327637
1.7900000000,43.2801246643
1.7910000000,45.6690788269
1.7920000000,47.9364395142
1.7930000000,48.6087799072
1.7940000000,51.7344474792
1.7950000000,50.4612922668
1.7960000000,52.7644157410
1.7970000000,51.9275665283
1.7980000000,51.7916679382
1.7990000000,52.0062446594
1.8000000000,50.4040718079
1.8010000000,50.6258010864
1.8020000000,47.6932525635
1.8030000000,47.2855567932
1.8040000000,44.1241264343
1.8050000000,41.3918495178
1.8060000000,40.7052040100
1.8070000000,36.6640090942
1.8080000000,33.8673591614
1.8090000000,31.1493873596
1.8100000000,28.0094146729
1.8110000000,23.5676765442
1.8120000000,19.7482109070
1.8130000000,15.8429145813
1.8140000000,11.4941596985
1.8150000000,7.8535079956
1.8160000000,3.4546852112
1.8170000000,-0.8082389832
1.8180000000,-4.3916702271
1.8190000000,-7.8248977661
1.8200000000,-10.7860565186
1.8210000000,-15.0704383850
1.8220000000,-18.9113616943
1.8230000000,-22.3302841187
1.8240000000,-26.9079208374
1.8250000000,-30.1051139832
1.8260000000,-32.8445434570
1.8270000000,-36.4136695862
1.8280000000,-40.5192375183
1.8290000000,-41.5635108948
1.8300000000,-44.6176528931
1.8310000000,-47.6789474487
1.8320000000,-48.1152534485
1.8330000000,-50.8475303650
1.8340000000,-50.5542755127
1.8350000000,-51.9633293152
1.8360000000,-52.0491600037
1.8370000000,-51.9561767578
1.8380000000,-52.5569915771
1.8390000000,-50.3039360046
1.8400000000,-51.6915321350
1.8410000000,-48.5086441040
1.8420000000,-47.6574897766
1.8430000000,-45.8550453186
1.8440000000,-42.6506996155
1.8450000000,-41.2774085999
1.8460000000,-37.2934341431
1.8470000000,-33.9460372925
1.8480000000,-31.3711166382
1.8490000000,-27.8306007385
1.8500000000,-23.1313705444
1.8510000000,-19.5908546448
1.8520000000,-15.4924392700
1.8530000000,-11.8088722229
1.8540000000,-7.5602531433
1.8550000000,-3.1614303589
1.8560000000,0.9441375732
1.8570000000,4.2557716370
1.8580000000,7.8678131104
1.8590000000,11.0578536987
1.8600000000,14.7771835327
1.8610000000,19.1473960876
1.8620000000,22.6378440857
1.8630000000,27.6303291321
1.8640000000,30.7202339172
1.8650000000,33.3023071289
1.8660000000,36.7569923401
1.8670000000,40.5979156494
1.8680000000,42.4361228943
1.8690000000,45.2184677124
1.8700000000,47.5144386292
1.8710000000,48.4442710876
1.8720000000,51.6271591187
1.8730000000,50.4040718079
1.8740000000,52.8645515442
1.8750000000,51.9919395447
1.8760000000,51.9919395447
1.8770000000,52.0205497742
1.8780000000,50.3683090210
1.8790000000,50.6329536438
1.8800000000,47.4715232849
1.8810000000,46.9207763672
1.8820000000,43.6806678772
1.8830000000,40.8053398132
1.8840000000,39.7753715515
1.8850000000,35.5696678162
1.8860000000,32.7229499817
1.8870000000,29.3540954590
1.8880000000,26.1926651001
1.8890000000,21.2502479553
1.8900000000,17.3020362854
1.8910000000,12.9532814026
1.8920000000,8.8262557983
1.8930000000,4.3129920959
1.8940000000,0.0143051147
1.8950000000,-3.6263465881
1.8960000000,-7.5745582581
1.8970000000,-10.9362602234
1.8980000000,-14.8200988770
1.8990000000,-18.8899040222
1.9000000000,-23.2458114624
1.9010000000,-27.0867347717
1.9020000000,-30.0836563110
1.9030000000,-33.5597991943
1.9040000000,-37.8370285034
1.9050000000,-40.4548645020
1.9060000000,-42.5505638123
1.9070000000,-46.8492507935
1.9080000000,-46.8993186951
1.9090000000,-49.3597984314
1.9100000000,-50.9405136108
1.9110000000,-51.1980056763
1.9120000000,-52.5856018066
1.9130000000,-51.6629219055
1.9140000000,-53.2507896423
1.9150000000,-50.8475303650
1.9160000000,-50.8475303650
1.9170000000,-49.6745109558
1.9180000000,-47.8506088257
1.9190000000,-46.5703010559
1.9200000000,-43.3659553528
1.9210000000,-40.8625602722
1.9220000000,-37.8513336182
1.9230000000,-34.2965126038
1.9240000000,-30.8346748352
1.9250000000,-27.6017189026
1.9260000000,-22.9954719543
1.9270000000,-18.5537338257
1.9280000000,-14.8344039917
1.9290000000,-10.4570388794
1.9300000000,-5.9509277344
1.9310000000,-1.8596649170
1.9320000000,2.0956993103
1.9330000000,5.6004524231
1.9340000000,9.3913078308
1.9350000000,13.2179260254
1.9360000000,17.0230865479
1.9370000000,21.2860107422
1.9380000000,26.3929367065
1.9390000000,28.9320945740
1.9400000000,32.3224067688
1.9410000000,36.4208221436
1.9420000000,40.3261184692
1.9430000000,41.4848327637
1.9440000000,45.2399253845
1.9450000000,47.2354888916
1.9460000000,48.5157966614
1.9470000000,51.3052940369
1.9480000000,50.7760047913
1.9490000000,53.1578063965
1.9500000000,51.7845153809
1.9510000000,52.5212287903
1.9520000000,51.6772270203
1.9530000000,50.2324104309
1.9540000000,50.2038002014
1.9550000000,47.2855567932
1.9560000000,46.0195541382
1.9570000000,43.0870056152
1.9580000000,39.7467613220
1.9590000000,38.7239456177
1.9600000000,34.0104103088
1.9610000000,30.7917594910
1.9620000000,27.3370742798
1.9630000000,23.7679481506
1.9640000000,18.7683105469
1.9650000000,13.7758255005
1.9660000000,9.9205970764
1.9670000000,5.2714347839
1.9680000000,0.7653236389
1.9690000000,-3.1971931458
1.9700000000,-7.2169303894
1.9710000000,-10.9219551086
1.9720000000,-14.5339965820
1.9730000000,-19.7410583496
1.9740000000,-23.4603881836
1.9750000000,-26.7219543457
1.9760000000,-30.8990478516
1.9770000000,-34.6612930298
1.9780000000,-38.6953353882
1.9790000000,-40.5693054199
1.9800000000,-43.7307357788
1.9810000000,-47.0566749573
1.9820000000,-47.6145744324
1.9830000000,-50.9691238403
1.9840000000,-50.6472587585
1.9850000000,-52.4067878723
1.9860000000,-51.8846511841
1.9870000000,-52.1206855774
1.9880000000,-52.4210929871
1.9890000000,-50.5399703979
1.9900000000,-51.2695312500
1.9910000000,-48.0222702026
1.9920000000,-47.2211837769
1.9930000000,-44.0740585327
1.9940000000,-41.1128997803
1.9950000000,-38.8026237488
1.9960000000,-34.6183776855
1.9970000000,-30.6916236877
1.9980000000,-27.4443626404
1.9990000000,-23.8895416260
2.0000000000,-18.3606147766
2.0010000000,-14.0118598938
2.0020000000,-9.7203254700
2.0030000000,-5.4144859314
2.0040000000,-0.8082389832
2.0050000000,3.1542778015
2.0060000000,6.8950653076
2.0070000000,10.2853775024
2.0080000000,14.5697593689
2.0090000000,19.1974639893
2.0100000000,23.9610671997
2.0110000000,26.7577171326
2.0120000000,30.7345390320
2.0130000000,34.7900390625
2.0140000000,39.2246246338
2.0150000000,40.7195091248
2.0160000000,44.0526008606
2.0170000000,47.0066070557
2.0180000000,47.6288795471
2.0190000000,51.7630577087
2.0200000000,50.5042076111
2.0210000000,52.8573989868
2.0220000000,52.1278381348
2.0230000000,52.3924827576
2.0240000000,52.0348548889
2.0250000000,50.2610206604
2.0260000000,50.3969192505
2.0270000000,47.2426414490
2.0280000000,45.5904006958
2.0290000000,42.9725646973
2.0300000000,39.6037101746
2.0310000000,38.1374359131
2.0320000000,33.4095954895
2.0330000000,29.7188758850
2.0340000000,25.6419181824
2.0350000000,22.8023529053
2.0360000000,17.1518325806
2.0370000000,11.8303298950
2.0380000000,7.4172019958
2.0390000000,3.0112266541
2.0400000000,-1.3804435730
2.0410000000,-5.4359436035
2.0420000000,-9.3698501587
2.0430000000,-13.5970115662
2.0440000000,-18.3606147766
2.0450000000,-22.5305557251
2.0460000000,-25.5489349365
2.0470000000,-30.5271148682
2.0480000000,-34.0819358826
2.0490000000,-37.8441810608
2.0500000000,-40.9626960754
2.0510000000,-43.9739227295
2.0520000000,-46.4272499084
2.0530000000,-47.7433204651
2.0540000000,-51.0406494141
2.0550000000,-50.4755973816
2.0560000000,-53.1506538391
2.0570000000,-51.7916679382
2.0580000000,-52.4425506592
2.0590000000,-51.5770912170
2.0600000000,-51.2051582336
2.0610000000,-50.4398345947
2.0620000000,-47.1639633179
2.0630000000,-47.0852851868
2.0640000000,-42.8295135498
2.0650000000,-39.7396087646
2.0660000000,-37.7297401428
2.0670000000,-32.3653221130
2.0680000000,-29.0751457214
2.0690000000,-24.8408317566
2.0700000000,-21.1429595947
2.0710000000,-15.7356262207
2.0720000000,-10.8575820923
2.0730000000,-6.6232681274
2.0740000000,-1.7809867859
2.0750000000,2.2959709167
2.0760000000,6.2584877014
2.0770000000,10.1137161255
2.0780000000,14.0976905823
2.0790000000,19.5193290710
2.0800000000,22.9740142822
2.0810000000,26.9865989685
2.0820000000,31.0921669006
2.0830000000,35.6054306030
2.0840000000,38.3234024048
2.0850000000,41.5635108948
2.0860000000,45.2184677124
2.0870000000,46.6775894165
2.0880000000,48.9807128906
2.0890000000,51.2480735779
2.0900000000,50.9405136108
2.0910000000,53.2865524292
2.0920000000,52.1564483643
2.0930000000,52.8573989868
2.0940000000,51.1837005615
2.0950000000,50.6114959717
2.0960000000,48.6516952515
2.0970000000,45.9837913513
2.0980000000,45.4115867615
2.0990000000,40.7195091248
2.1000000000,37.9657745361
2.1010000000,35.9344482422
2.1020000000,30.8918952942
2.1030000000,26.7434120178
2.1040000000,21.9368934631
2.1050000000,18.7468528748
2.1060000000,12.9032135010
2.1070000000,8.0680847168
2.1080000000,3.0899047852
2.1090000000,-1.4305114746
2.1100000000,-5.5432319641
2.1110000000,-10.0421905518
2.1120000000,-14.0047073364
2.1130000000,-18.8541412354
2.1140000000,-22.1729278564
2.1150000000,-26.7648696899
2.1160000000,-31.2280654907
2.1170000000,-36.1776351929
2.1180000000,-37.7082824707
2.1190000000,-41.7566299438
2.1200000000,-45.3972816467
2.1210000000,-46.9422340393
2.1220000000,-49.7174263000
2.1230000000,-50.2395629883
2.1240000000,-51.6986846924
2.1250000000,-52.7501106262
2.1260000000,-51.6700744629
2.1270000000,-53.2793998718
2.1280000000,-50.6186485291
2.1290000000,-51.4054298401
2.1300000000,-48.5157966614
2.1310000000,-46.7705726624
2.1320000000,-44.4173812866
2.1330000000,-40.4262542725
2.1340000000,-37.7368927002
2.1350000000,-34.0819358826
2.1360000000,-29.2110443115
2.1370000000,-24.9767303467
2.1380000000,-21.1143493652
2.1390000000,-17.0016288757
2.1400000000,-11.1722946167
2.1410000000,-5.9866905212
2.1420000000,-1.3732910156
2.1430000000,2.7465820313
2.1440000000,6.6590309143
2.1450000000,11.3296508789
2.1460000000,15.5711174011
2.1470000000,19.7482109070
2.1480000000,23.5247612000
2.1490000000,28.2025337219
2.1500000000,33.2665443420
2.1510000000,36.7927551270
2.1520000000,39.4248962402
2.1530000000,43.1299209595
2.1540000000,46.1912155151
2.1550000000,47.5716590881
2.1560000000,51.0621070862
2.1570000000,50.6901741028
2.1580000000,53.0576705933
2.1590000000,52.2279739380
2.1600000000,52.6857376099
2.1610000000,51.9561767578
2.1620000000,50.2395629883
2.1630000000,50.1537322998
2.1640000000,46.7205047607
2.1650000000,44.8751449585
2.1660000000,41.9640541077
2.1670000000,38.4736061096
2.1680000000,36.3564491272
2.1690000000,31.0707092285
2.1700000000,26.8721580505
2.1710000000,22.0370292664
2.1720000000,17.7454948425
2.1730000000,13.5755538940
2.1740000000,7.4815750122
2.1750000000,2.4676322937
2.1760000000,-2.1600723267
2.1770000000,-6.5088272095
2.1780000000,-11.4727020264
2.1790000000,-15.0489807129
2.1800000000,-19.1473960876
2.1810000000,-23.8609313965
2.1820000000,-28.1524658203
2.1830000000,-34.0747833252
2.1840000000,-36.0488891602
2.1850000000,-39.4463539124
2.1860000000,-44.4960594177
2.1870000000,-45.4616546631
2.1880000000,-48.3798980713
2.1890000000,-50.1966476440
2.1900000000,-50.8975982666
2.1910000000,-53.3151626587
2.1920000000,-51.5985488892
2.1930000000,-53.1864166260
2.1940000000,-51.1980056763
2.1950000000,-50.8975982666
2.1960000000,-49.6387481689
2.1970000000,-46.8492507935
2.1980000000,-45.3042984009
2.1990000000,-41.4133071899
2.2000000000,-37.9443168640
2.2010000000,-34.8973274231
2.2020000000,-29.5042991638
2.2030000000,-25.1483917236
2.2040000000,-20.3633308411
2.2050000000,-16.3793563843
2.2060000000,-11.5656852722
2.2070000000,-6.1297416687
2.2080000000,-0.6794929504
2.2090000000,3.7693977356
2.2100000000,7.9822540283
2.2110000000,11.8732452393
2.2120000000,16.2005424500
2.2130000000,20.4849243164
2.2140000000,25.3486633301
2.2150000000,29.9334526062
2.2160000000,35.1977348328
2.2170000000,37.3721122742
2.2180000000,40.4691696167
2.2190000000,45.9408760071
2.2200000000,46.4487075806
2.2210000000,49.9463081360
2.2220000000,50.7044792175
2.2230000000,51.2695312500
2.2240000000,53.2579421997
2.2250000000,51.9347190857
2.2260000000,53.5011291504
2.2270000000,50.6687164307
2.2280000000,50.0607490540
2.2290000000,47.8434562683
2.2300000000,44.8894500732
2.2310000000,43.2658195496
2.2320000000,38.9027595520
2.2330000000,36.0631942749
2.2340000000,32.7444076538
2.2350000000,26.7291069031
2.2360000000,22.3374366760
2.2370000000,17.4736976624
2.2380000000,12.7887725830
2.2390000000,7.9035758972
2.2400000000,2.2959709167
2.2410000000,-2.7608871460
2.2420000000,-7.5244903564
2.2430000000,-11.4798545837
2.2440000000,-15.6855583191
2.2450000000,-20.7209587097
2.2460000000,-25.5060195923
2.2470000000,-30.4627418518
2.2480000000,-34.6112251282
2.2490000000,-37.4794006348
2.2500000000,-41.4776802063
2.2510000000,-45.0468063354
2.2520000000,-46.3843345642
2.2530000000,-50.6329536438
2.2540000000,-49.9677658081
2.2550000000,-52.2851943970
2.2560000000,-52.2708892822
2.2570000000,-52.1993637085
2.2580000000,-52.8073310852
2.2590000000,-50.4970550537
2.2600000000,-50.8546829224
2.2610000000,-47.5716590881
2.2620000000,-45.7477569580
2.2630000000,-42.3789024353
2.2640000000,-38.1374359131
2.2650000000,-35.2907180786
2.2660000000,-30.7559967041
2.2670000000,-25.4631042480
2.2680000000,-20.8854675293
2.2690000000,-16.1433219910
2.2700000000,-11.2295150757
2.2710000000,-5.8293342590
2.2720000000,-0.5793571472
2.2730000000,4.0411949158
2.2740000000,8.2826614380
2.2750000000,12.8173828125
2.2760000000,16.7512893677
2.2770000000,22.1872329712
2.2780000000,26.5502929688
2.2790000000,32.2365760803
2.2800000000,34.9760055542
2.2810000000,38.9385223389
2.2820000000,43.0941581726
2.2830000000,46.0267066956
2.2840000000,47.1425056458
2.2850000000,51.4197349548
2.2860000000,50.8403778076
2.2870000000,53.6584854126
2.2880000000,51.8560409546
2.2890000000,53.2436370850
2.2900000000,51.6057014465
2.2910000000,49.9248504639
2.2920000000,48.9306449890
2.2930000000,45.8979606628
2.2940000000,43.7378883362
2.2950000000,40.1830673218
2.2960000000,36.0274314880
2.2970000000,33.2880020142
2.2980000000,27.5731086731
2.2990000000,22.5591659546
2.3000000000,17.4450874329
2.3010000000,12.6385688782
2.3020000000,7.3313713074
2.3030000000,2.0599365234
2.3040000000,-2.7036666870
2.3050000000,-7.5387954712
2.3060000000,-12.3739242554
2.3070000000,-16.8371200562
2.3080000000,-22.0584869385
2.3090000000,-26.7505645752
2.3100000000,-31.9147109985
2.3110000000,-34.4824790955
2.3120000000,-38.7740135193
2.3130000000,-43.5662269592
2.3140000000,-45.2613830566
2.3150000000,-48.2010841370
2.3160000000,-50.0249862671
2.3170000000,-51.2337684631
2.3180000000,-53.0219078064
2.3190000000,-51.6986846924
2.3200000000,-53.5941123962
2.3210000000,-50.9834289551
2.3220000000,-51.2194633484
2.3230000000,-48.5658645630
2.3240000000,-46.3843345642
2.3250000000,-43.5519218445
2.3260000000,-39.6895408630
2.3270000000,-35.9058380127
2.3280000000,-32.2794914246
2.3290000000,-26.5145301819
2.3300000000,-21.7437744141
2.3310000000,-16.5367126465
2.3320000000,-11.8017196655
2.3330000000,-6.4301490784
2.3340000000,-0.9942054749
2.3350000000,3.7765502930
2.3360000000,8.4400177002
2.3370000000,12.4025344849
2.3380000000,17.3449516296
2.3390000000,22.3231315613
2.3400000000,27.3442268372
2.3410000000,32.6657295227
2.3420000000,35.4266166687
2.3430000000,38.9385223389
2.3440000000,44.7392463684
2.3450000000,45.9265708923
2.3460000000,48.4871864319
2.3470000000,50.8260726929
2.3480000000,51.0406494141
2.3490000000,53.8372993469
2.3500000000,51.9847869873
2.3510000000,53.6012649536
2.3520000000,50.7473945618
2.3530000000,49.9892234802
2.3540000000,47.7218627930
2.3550000000,44.5747375488
2.3560000000,43.0941581726
2.3570000000,38.2304191589
2.3580000000,34.0962409973
2.3590000000,31.0921669006
2.3600000000,24.7979164124
2.3610000000,19.9699401855
2.3620000000,14.3551826477
2.3630000000,9.2196464539
2.3640000000,3.8695335388
2.3650000000,-1.3160705566
2.3660000000,-6.2084197998
2.3670000000,-11.1007690430
2.3680000000,-15.9788131714
2.3690000000,-20.6565856934
2.3700000000,-26.2928009033
2.3710000000,-31.1136245728
2.3720000000,-34.1820716858
2.3730000000,-38.4736061096
2.3740000000,-43.0154800415
2.3750000000,-45.3042984009
2.3760000000,-48.2225418091
2.3770000000,-49.8890876770
2.3780000000,-51.3553619385
2.3790000000,-53.0505180359
2.3800000000,-51.7845153809
2.3810000000,-53.5297393799
2.3820000000,-50.8975982666
2.3830000000,-51.2194633484
2.3840000000,-48.1939315796
2.3850000000,-45.9408760071
2.3860000000,-42.7365303040
2.3870000000,-38.8526916504
2.3880000000,-34.9187850952
2.3890000000,-30.9205055237
2.3900000000,-25.0482559204
2.3910000000,-19.9055671692
2.3920000000,-14.8916244507
2.3930000000,-9.2983245850
2.3940000000,-4.0340423584
2.3950000000,1.1086463928
2.3960000000,5.5003166199
2.3970000000,10.3855133057
2.3980000000,15.3851509094
2.3990000000,20.1559066772
2.4000000000,25.4344940186
2.4010000000,30.8990478516
2.4020000000,34.0890884399
2.4030000000,38.0730628967
2.4040000000,43.1013107300
2.4050000000,45.5474853516
2.4060000000,47.2211837769
2.4070000000,51.1479377747
2.4080000000,51.0406494141
2.4090000000,53.4939765930
2.4100000000,52.5784492493
2.4110000000,53.0147552490
2.4120000000,51.4268875122
2.4130000000,49.9320030212
2.4140000000,48.0794906616
2.4150000000,44.9752807617
2.4160000000,43.0941581726
2.4170000000,38.1231307983
2.4180000000,34.0890884399
2.4190000000,30.6057929993
2.4200000000,24.7335433960
2.4210000000,18.7468528748
2.4220000000,13.8974189758
2.4230000000,8.0537796021
2.4240000000,2.6178359985
2.4250000000,-2.4461746216
2.4260000000,-7.2813034058
2.4270000000,-12.8102302551
2.4280000000,-17.2376632690
2.4290000000,-22.9239463806
2.4300000000,-28.5387039185
2.4310000000,-31.2495231628
2.4320000000,-36.1490249634
2.4330000000,-41.2416458130
2.4340000000,-43.4589385986
2.4350000000,-46.6704368591
2.4360000000,-49.3669509888
2.4370000000,-50.6472587585
2.4380000000,-53.1578063965
2.4390000000,-51.8059730530
2.4400000000,-52.8931617737
2.4410000000,-51.8560409546
2.4420000000,-51.0263442993
2.4430000000,-49.8032569885
2.4440000000,-46.1053848267
2.4450000000,-44.5461273193
2.4460000000,-39.7467613220
2.4470000000,-35.4194641113
2.4480000000,-31.7430496216
2.4490000000,-26.6790390015
2.4500000000,-20.7853317261
2.4510000000,-15.4495239258
2.4520000000,-9.9921226501
2.4530000000,-4.3487548828
2.4540000000,0.9298324585
2.4550000000,5.5932998657
2.4560000000,10.6787681580
2.4570000000,15.3493881226
2.4580000000,20.5349922180
2.4590000000,26.5073776245
2.4600000000,30.6987762451
2.4610000000,34.5039367676
2.4620000000,38.5451316833
2.4630000000,44.1813468933
2.4640000000,45.3615188599
2.4650000000,49.3025779724
2.4660000000,50.6687164307
2.4670000000,51.0549545288
2.4680000000,53.5655021667
2.4690000000,52.3495674133
2.4700000000,53.5655021667
2.4710000000,50.4398345947
2.4720000000,50.1179695129
2.4730000000,46.7562675476
2.4740000000,43.7164306641
2.4750000000,41.9282913208
2.4760000000,36.5424156189
2.4770000000,31.8646430969
2.4780000000,28.0237197876
2.4790000000,22.0084190369
2.4800000000,15.8858299255
2.4810000000,10.4856491089
2.4820000000,4.6133995056
2.4830000000,-0.7653236389
2.4840000000,-5.7935714722
2.4850000000,-11.1222267151
2.4860000000,-15.5997276306
2.4870000000,-21.3861465454
2.4880000000,-27.3656845093
2.4890000000,-30.1337242126
2.4900000000,-35.4623794556
2.4910000000,-40.5621528625
2.4920000000,-42.9010391235
2.4930000000,-46.1912155151
2.4940000000,-49.3168830872
2.4950000000,-50.4112243652
2.4960000000,-53.0648231506
2.4970000000,-51.8703460693
2.4980000000,-52.7930259705
2.4990000000,-52.1135330200
2.5000000000,-50.9405136108
2.5010000000,-49.8533248901
2.5020000000,-46.0839271545
2.5030000000,-44.1598892212
2.5040000000,-39.5321846008
2.5050000000,-34.8114967346
2.5060000000,-30.8990478516
2.5070000000,-26.0353088379
2.5080000000,-19.4406509399
2.5090000000,-14.2407417297
2.5100000000,-8.9550018311
2.5110000000,-2.8753280640
2.5120000000,2.6249885559
2.5130000000,7.6031684875
2.5140000000,12.3023986816
2.5150000000,16.9444084167
2.5160000000,22.8452682495
2.5170000000,28.3885002136
2.5180000000,32.1507453918
2.5190000000,36.7283821106
2.5200000000,41.7280197144
2.5210000000,44.7463989258
2.5220000000,46.5273857117
2.5230000000,50.9119033813
2.5240000000,51.1121749878
2.5250000000,53.4582138062
2.5260000000,52.3352622986
2.5270000000,53.5583496094
2.5280000000,51.3124465942
2.5290000000,49.9534606934
2.5300000000,48.0008125305
2.5310000000,44.6605682373
2.5320000000,42.1500205994
2.5330000000,37.6224517822
2.5340000000,32.8087806702
2.5350000000,28.1381607056
2.5360000000,22.7594375610
2.5370000000,16.6296958923
2.5380000000,10.7145309448
2.5390000000,5.1283836365
2.5400000000,-0.7367134094
2.5410000000,-5.9795379639
2.5420000000,-11.0578536987
2.5430000000,-16.4294242859
2.5440000000,-22.3159790039
2.5450000000,-27.0438194275
2.5460000000,-31.0850143433
2.5470000000,-36.1275672913
2.5480000000,-41.2487983704
2.5490000000,-43.5447692871
2.5500000000,-47.1782684326
2.5510000000,-49.5386123657
2.5520000000,-50.8761405945
2.5530000000,-53.1792640686
2.5540000000,-51.8703460693
2.5550000000,-53.8802146912
2.5560000000,-50.9834289551
2.5570000000,-50.7974624634
2.5580000000,-48.1867790222
2.5590000000,-45.2113151550
2.5600000000,-42.2000885010
2.5610000000,-37.4507904053
2.5620000000,-32.7944755554
2.5630000000,-28.4886360168
2.5640000000,-22.7808952332
2.5650000000,-16.6153907776
2.5660000000,-10.6287002563
2.5670000000,-5.1641464233
2.5680000000,0.6723403931
2.5690000000,5.6648254395
2.5700000000,10.6072425842
2.5710000000,15.9573554993
2.5720000000,21.6794013977
2.5730000000,27.1368026733
2.5740000000,30.7846069336
2.5750000000,35.8772277832
2.5760000000,41.2774085999
2.5770000000,43.6735153198
2.5780000000,46.4701652527
2.5790000000,50.8403778076
2.5800000000,50.9476661682
2.5810000000,53.4725189209
2.5820000000,52.3853302002
2.5830000000,53.5011291504
2.5840000000,51.5127182007
2.5850000000,49.7746467590
2.5860000000,48.0580329895
2.5870000000,44.7177886963
2.5880000000,41.8281555176
2.5890000000,37.3148918152
2.5900000000,32.2794914246
2.5910000000,26.9436836243
2.5920000000,22.0012664795
2.5930000000,15.9573554993
2.5940000000,9.2697143555
2.5950000000,3.5262107849
2.5960000000,-2.0456314087
2.5970000000,-7.2312355042
2.5980000000,-13.1821632385
2.5990000000,-18.3606147766
2.6000000000,-23.7607955933
2.6010000000,-28.4743309021
2.6020000000,-32.8302383423
2.6030000000,-39.1101837158
2.6040000000,-42.0784950256
2.6050000000,-44.7678565979
2.6060000000,-49.6387481689
2.6070000000,-49.9248504639
2.6080000000,-52.3924827576
2.6090000000,-52.1349906921
2.6100000000,-52.8788566589
2.6110000000,-52.7071952820
2.6120000000,-50.4827499390
2.6130000000,-50.1179695129
2.6140000000,-45.7835197449
2.6150000000,-43.6305999756
2.6160000000,-39.1459465027
2.6170000000,-34.3108177185
2.6180000000,-29.3111801147
2.6190000000,-24.5547294617
2.6200000000,-17.7597999573
2.6210000000,-11.9948387146
2.6220000000,-6.0367584229
2.6230000000,-0.1788139343
2.6240000000,4.9138069153
2.6250000000,10.2925300598
2.6260000000,15.4209136963
2.6270000000,21.4862823486
2.6280000000,26.5216827393
2.6290000000,31.2066078186
2.6300000000,35.7556343079
2.6310000000,41.1343574524
2.6320000000,44.0168380737
2.6330000000,46.9708442688
2.6340000000,50.8904457092
2.6350000000,50.4612922668
2.6360000000,54.3522834778
2.6370000000,52.3138046265
2.6380000000,53.1649589539
2.6390000000,51.3482093811
2.6400000000,49.6888160706
2.6410000000,47.2354888916
2.6420000000,43.7879562378
2.6430000000,41.3846969604
2.6440000000,35.5195999146
2.6450000000,30.5986404419
2.6460000000,25.3772735596
2.6470000000,20.0057029724
2.6480000000,13.7472152710
2.6490000000,6.9308280945
2.6500000000,0.9083747864
2.6510000000,-4.5490264893
2.6520000000,-10.3855133057
2.6530000000,-15.6712532043
2.6540000000,-21.4147567749
2.6550000000,-25.7706642151
2.6560000000,-31.1994552612
2.6570000000,-36.1633300781
2.6580000000,-41.2774085999
2.6590000000,-43.6449050903
2.6600000000,-48.1510162354
2.6610000000,-49.1452217102
2.6620000000,-51.2838363647
2.6630000000,-53.2436370850
2.6640000000,-52.2565841675
2.6650000000,-53.1077384949
2.6660000000,-50.9405136108
2.6670000000,-50.7402420044
2.6680000000,-46.7705726624
2.6690000000,-43.5876846313
2.6700000000,-40.3118133545
2.6710000000,-34.8114967346
2.6720000000,-29.7617912292
2.6730000000,-25.0196456909
2.6740000000,-19.0329551697
2.6750000000,-12.2666358948
2.6760000000,-6.2656402588
2.6770000000,-0.1144409180
2.6780000000,5.2356719971
2.6790000000,10.4069709778
2.6800000000,15.9072875977
2.6810000000,21.9655036926
2.6820000000,26.5288352966
2.6830000000,31.5141677856
2.6840000000,36.6210937500
2.6850000000,42.0498847961
2.6860000000,44.1241264343
2.6870000000,48.7732887268
2.6880000000,50.3039360046
2.6890000000,50.9047508240
2.6900000000,54.1162490845
2.6910000000,52.1636009216
2.6920000000,53.5440444946
2.6930000000,50.1966476440
2.6940000000,49.7817993164
2.6950000000,46.1196899414
2.6960000000,42.2501564026
2.6970000000,39.7968292236
2.6980000000,33.5383415222
2.6990000000,28.4600257874
2.7000000000,22.5162506104
2.7010000000,16.8943405151
2.7020000000,10.6787681580
2.7030000000,4.1413307190
2.7040000000,-2.1386146545
2.7050000000,-7.9894065857
2.7060000000,-13.2536888123
2.7070000000,-18.8755989075
2.7080000000,-24.1255760193
2.7090000000,-29.4327735901
2.7100000000,-34.7042083740
2.7110000000,-39.8683547974
2.7120000000,-42.6506996155
2.7130000000,-46.6918945313
2.7140000000,-49.2525100708
2.7150000000,-51.0263442993
2.7160000000,-52.9074668884
2.7170000000,-52.5283813477
2.7180000000,-53.3652305603
2.7190000000,-50.9548187256
2.7200000000,-50.9119033813
2.7210000000,-47.4071502686
2.7220000000,-43.7235832214
2.7230000000,-40.8625602722
2.7240000000,-35.1190567017
2.7250000000,-30.2767753601
2.7260000000,-24.6977806091
2.7270000000,-19.2117691040
2.7280000000,-12.1665000916
2.7290000000,-5.9938430786
2.7300000000,0.1788139343
2.7310000000,5.5432319641
2.7320000000,10.8289718628
2.7330000000,17.0516967773
2.7340000000,22.1443176270
2.7350000000,27.5015830994
2.7360000000,32.8302383423
2.7370000000,37.9586219788
2.7380000000,41.8782234192
2.7390000000,45.0754165649
2.7400000000,50.0464439392
2.7410000000,50.1537322998
2.7420000000,52.8573989868
2.7430000000,53.3008575439
2.7440000000,52.4783134460
2.7450000000,52.2923469543
2.7460000000,49.7460365295
2.7470000000,48.9592552185
2.7480000000,44.6748733521
2.7490000000,41.6636466980
2.7500000000,37.1789932251
2.7510000000,30.7416915894
2.7520000000,25.7492065430
2.7530000000,19.9413299561
2.7540000000,13.6256217957
2.7550000000,6.9808959961
2.7560000000,0.4363059998
2.7570000000,-5.4430961609
2.7580000000,-11.3725662231
2.7590000000,-17.0445442200
2.7600000000,-21.9225883484
2.7610000000,-27.8234481812
2.7620000000,-33.0662727356
2.7630000000,-39.0028953552
2.7640000000,-41.5420532227
2.7650000000,-45.4473495483
2.7660000000,-49.3812561035
2.7670000000,-50.1036643982
2.7680000000,-53.5726547241
2.7690000000,-52.0777702332
2.7700000000,-53.3652305603
2.7710000000,-51.4125823975
2.7720000000,-50.4469871521
2.7730000000,-48.3798980713
2.7740000000,-43.5948371887
2.7750000000,-41.6564941406
2.7760000000,-35.2835655212
2.7770000000,-30.5271148682
2.7780000000,-24.7836112976
2.7790000000,-19.0830230713
2.7800000000,-12.3381614685
2.7810000000,-5.4645538330
2.7820000000,0.5006790161
2.7830000000,5.8579444885
2.7840000000,11.9018554688
2.7850000000,17.6095962524
2.7860000000,22.7880477905
2.7870000000,28.4743309021
2.7880000000,33.4167480469
2.7890000000,39.2460823059
2.7900000000,42.7794456482
2.7910000000,45.6047058105
2.7920000000,50.6901741028
2.7930000000,50.3969192505
2.7940000000,54.1234016418
2.7950000000,52.4067878723
2.7960000000,53.0648231506
2.7970000000,51.6915321350
2.7980000000,49.2954254150
2.7990000000,47.0709800720
2.8000000000,43.4160232544
2.8010000000,40.1759147644
2.8020000000,34.4395637512
2.8030000000,28.3312797546
2.8040000000,22.8810310364
2.8050000000,17.0445442200
2.8060000000,10.3497505188
2.8070000000,3.3187866211
2.8080000000,-2.7465820313
2.8090000000,-8.7332725525
2.8100000000,-14.8630142212
2.8110000000,-19.7124481201
2.8120000000,-25.8994102478
2.8130000000,-31.0635566711
2.8140000000,-37.6868247986
2.8150000000,-40.4691696167
2.8160000000,-44.2528724670
2.8170000000,-49.0880012512
2.8180000000,-49.6816635132
2.8190000000,-52.9503822327
2.8200000000,-52.0062446594
2.8210000000,-52.8788566589
2.8220000000,-52.2494316101
2.8230000000,-50.6043434143
2.8240000000,-49.0665435791
2.8250000000,-44.0597534180
2.8260000000,-41.7780876160
2.8270000000,-36.2992286682
2.8280000000,-30.8632850647
2.8290000000,-24.9338150024
2.8300000000,-19.0258026123
2.8310000000,-12.9818916321
2.8320000000,-5.6219100952
2.8330000000,0.7224082947
2.8340000000,6.4659118652
2.8350000000,12.5098228455
2.8360000000,17.4736976624
2.8370000000,23.2172012329
2.8380000000,29.2682647705
2.8390000000,34.2321395874
2.8400000000,40.0543212891
2.8410000000,43.0297851563
2.8420000000,47.3999977112
2.8430000000,50.1108169556
2.8440000000,50.6830215454
2.8450000000,54.3093681335
2.8460000000,52.3781776428
2.8470000000,53.3151626587
2.8480000000,50.6830215454
2.8490000000,49.1595268250
2.8500000000,45.9408760071
2.8510000000,41.8353080750
2.8520000000,38.8669967651
2.8530000000,31.9218635559
2.8540000000,26.2069702148
2.8550000000,20.1416015625
2.8560000000,14.1406059265
2.8570000000,7.3671340942
2.8580000000,0.2574920654
2.8590000000,-5.8579444885
2.8600000000,-12.0806694031
2.8610000000,-17.1303749084
2.8620000000,-23.1814384460
2.8630000000,-28.9535522461
2.8640000000,-35.2835655212
2.8650000000,-39.4177436829
2.8660000000,-42.4790382385
2.8670000000,-48.2940673828
2.8680000000,-48.7875938416
2.8690000000,-51.3553619385
2.8700000000,-52.8216362000
2.8710000000,-52.7787208557
2.8720000000,-53.2937049866
2.8730000000,-50.1179695129
2.8740000000,-50.2395629883
2.8750000000,-45.2685356140
2.8760000000,-41.8066978455
2.8770000000,-38.0444526672
2.8780000000,-31.8789482117
2.8790000000,-26.3214111328
2.8800000000,-20.1487541199
2.8810000000,-13.5111808777
2.8820000000,-6.6447257996
2.8830000000,0.2574920654
2.8840000000,5.8293342590
2.8850000000,11.8517875671
2.8860000000,17.1661376953
2.8870000000,22.7737426758
2.8880000000,29.0608406067
2.8890000000,34.7471237183
2.8900000000,39.8683547974
2.8910000000,43.2801246643
2.8920000000,47.8076934814
2.8930000000,50.1036643982
2.8940000000,50.9405136108
2.8950000000,54.1448593140
2.8960000000,52.2279739380
2.8970000000,53.2436370850
2.8980000000,50.5828857422
2.8990000000,48.8591194153
2.9000000000,45.3901290894
2.9010000000,41.0985946655
2.9020000000,37.9586219788
2.9030000000,30.5843353271
2.9040000000,24.3902206421
2.9050000000,18.5823440552
2.9060000000,12.0663642883
2.9070000000,5.4860115051
2.9080000000,-1.6736984253
2.9090000000,-7.7676773071
2.9100000000,-13.5755538940
2.9110000000,-19.6123123169
2.9120000000,-25.4273414612
2.9130000000,-31.7144393921
2.9140000000,-37.0788574219
2.9150000000,-40.6193733215
2.9160000000,-44.8179244995
2.9170000000,-48.8305091858
2.9180000000,-50.0392913818
2.9190000000,-53.4367561340
2.9200000000,-52.1922111511
2.9210000000,-53.4296035767
2.9220000000,-51.2337684631
2.9230000000,-50.2681732178
2.9240000000,-47.7647781372
2.9250000000,-42.5148010254
2.9260000000,-40.2688980103
2.9270000000,-33.5812568665
2.9280000000,-28.2311439514
2.9290000000,-21.6794013977
2.9300000000,-15.2134895325
2.9310000000,-8.8262557983
2.9320000000,-1.6093254089
2.9330000000,4.7135353088
2.9340000000,10.4999542236
2.9350000000,16.4937973022
2.9360000000,21.8081474304
2.9370000000,28.4314155579
2.9380000000,33.8816642761
2.9390000000,39.2174720764
2.9400000000,42.7722930908
2.9410000000,47.5645065308
2.9420000000,50.0321388245
2.9430000000,50.7688522339
2.9440000000,54.1019439697
2.9450000000,52.3281097412
2.9460000000,53.2865524292
2.9470000000,50.4755973816
2.9480000000,48.7160682678
2.9490000000,45.2327728271
2.9500000000,40.8053398132
2.9510000000,37.4078750610
2.9520000000,29.9692153931
2.9530000000,23.9109992981
2.9540000000,17.7669525146
2.9550000000,10.7860565186
2.9560000000,3.9696693420
2.9570000000,-2.9182434082
2.9580000000,-8.7618827820
2.9590000000,-15.2420997620
2.9600000000,-21.0499763489
2.9610000000,-26.9579887390
2.9620000000,-33.8745117188
2.9630000000,-37.9729270935
2.9640000000,-41.7137145996
2.9650000000,-47.2855567932
2.9660000000,-48.5086441040
2.9670000000,-51.4197349548
2.9680000000,-52.7071952820
2.9690000000,-53.0505180359
2.9700000000,-53.0862808228
2.9710000000,-50.2038002014
2.9720000000,-50.4398345947
2.9730000000,-45.0897216797
2.9740000000,-41.3775444031
2.9750000000,-37.3148918152
2.9760000000,-30.6272506714
2.9770000000,-25.0339508057
2.9780000000,-18.2390213013
2.9790000000,-11.3081932068
2.9800000000,-4.2915344238
2.9810000000,2.6249885559
2.9820000000,8.2826614380
2.9830000000,14.7771835327
2.9840000000,20.6708908081
2.9850000000,26.7720222473
2.9860000000,32.4368476868
2.9870000000,38.4235382080
2.9880000000,42.0784950256
2.9890000000,46.5345382690
2.9900000000,49.7674942017
2.9910000000,50.4899024963
2.9920000000,54.4595718384
2.9930000000,52.3352622986
2.9940000000,53.2865524292
2.9950000000,50.4684448242
2.9960000000,49.0450859070
2.9970000000,45.5760955811
2.9980000000,41.1844253540
2.9990000000,37.4722480774
3.0000000000,30.4698944092
3.0010000000,23.7321853638
3.0020000000,17.3664093018
3.0030000000,10.3211402893
3.0040000000,3.4689903259
3.0050000000,-3.7264823914
3.0060000000,-9.4270706177
3.0070000000,-15.9502029419
3.0080000000,-21.5148925781
3.0090000000,-27.7447700500
3.0100000000,-35.0403785706
3.0110000000,-38.1302833557
3.0120000000,-42.6077842712
3.0130000000,-47.9793548584
3.0140000000,-49.4313240051
3.0150000000,-52.3424148560
3.0160000000,-52.1063804626
3.0170000000,-53.2150268555
3.0180000000,-52.7286529541
3.0190000000,-50.1966476440
3.0200000000,-49.0093231201
3.0210000000,-43.5733795166
3.0220000000,-40.0900840759
3.0230000000,-35.1047515869
3.0240000000,-28.3741950989
3.0250000000,-22.1443176270
3.0260000000,-15.4781341553
3.0270000000,-8.4829330444
3.0280000000,-1.1801719666
3.0290000000,4.9567222595
3.0300000000,11.2438201904
3.0310000000,17.0302391052
3.0320000000,23.7035751343
3.0330000000,29.4685363770
3.0340000000,35.7699394226
3.0350000000,39.9684906006
3.0360000000,43.8094139099
3.0370000000,49.6459007263
3.0380000000,49.7531890869
3.0390000000,53.2507896423
3.0400000000,53.0505180359
3.0410000000,53.0004501343
3.0420000000,51.7344474792
3.0430000000,48.9521026611
3.0440000000,47.6002693176
3.0450000000,42.7079200745
3.0460000000,38.7525558472
3.0470000000,33.1521034241
3.0480000000,25.4487991333
3.0490000000,19.2904472351
3.0500000000,12.4812126160
3.0510000000,5.3286552429
3.0520000000,-1.6236305237
3.0530000000,-7.9178810120
3.0540000000,-14.6842002869
3.0550000000,-20.6923484802
3.0560000000,-26.7219543457
3.0570000000,-34.2464447021
3.0580000000,-37.6868247986
3.0590000000,-41.8210029602
3.0600000000,-47.9292869568
3.0610000000,-48.8448143005
3.0620000000,-51.9490242004
3.0630000000,-52.4568557739
3.0640000000,-53.1435012817
3.0650000000,-52.9074668884
3.0660000000,-49.9105453491
3.0670000000,-49.2882728577
3.0680000000,-43.7450408936
3.0690000000,-39.7181510925
3.0700000000,-35.1548194885
3.0710000000,-28.0737876892
3.0720000000,-22.0298767090
3.0730000000,-14.7199630737
3.0740000000,-7.9536437988
3.0750000000,-0.5865097046
3.0760000000,5.8150291443
3.0770000000,12.0306015015
3.0780000000,18.2318687439
3.0790000000,24.4617462158
3.0800000000,30.6630134583
3.0810000000,36.9143486023
3.0820000000,40.8411026001
3.0830000000,45.1612472534
3.0840000000,49.4885444641
3.0850000000,50.2538681030
3.0860000000,54.2807579041
3.0870000000,52.4282455444
3.0880000000,53.2150268555
3.0890000000,50.9333610535
3.0900000000,48.8877296448
3.0910000000,45.5975532532
3.0920000000,41.1486625671
3.0930000000,37.0001792908
3.0940000000,30.2624702454
3.0950000000,22.9382514954
3.0960000000,16.2792205811
3.0970000000,9.3913078308
3.0980000000,2.0813941956
3.0990000000,-4.7993659973
3.1000000000,-11.5370750427
3.1010000000,-17.6239013672
3.1020000000,-23.6105918884
3.1030000000,-31.2280654907
3.1040000000,-36.1990928650
3.1050000000,-40.0471687317
3.1060000000,-45.5331802368
3.1070000000,-48.0294227600
3.1080000000,-50.9762763977
3.1090000000,-52.9289245605
3.1100000000,-52.3996353149
3.1110000000,-53.6227226257
3.1120000000,-50.6615638733
3.1130000000,-50.1036643982
3.1140000000,-45.3042984009
3.1150000000,-40.6265258789
3.1160000000,-37.0860099792
3.1170000000,-29.6688079834
3.1180000000,-23.4389305115
3.1190000000,-16.2363052368
3.1200000000,-9.3770027161
3.1210000000,-2.1028518677
3.1220000000,4.7850608826
3.1230000000,10.8575820923
3.1240000000,17.4593925476
3.1250000000,23.5962867737
3.1260000000,30.0836563110
3.1270000000,36.4708900452
3.1280000000,40.3547286987
3.1290000000,44.8393821716
3.1300000000,49.4384765625
3.1310000000,50.2324104309
3.1320000000,54.2593002319
3.1330000000,52.3710250854
3.1340000000,53.2937049866
3.1350000000,50.9691238403
3.1360000000,48.8018989563
3.1370000000,45.4759597778
3.1380000000,40.8983230591
3.1390000000,36.6568565369
3.1400000000,29.7975540161
3.1410000000,22.0727920532
3.1420000000,15.3851509094
3.1430000000,8.6259841919
3.1440000000,1.3446807861
3.1450000000,-5.8078765869
3.1460000000,-12.3667716980
3.1470000000,-18.9113616943
3.1480000000,-25.1483917236
3.1490000000,-32.9804420471
3.1500000000,-36.8571281433
3.1510000000,-40.8911705017
3.1520000000,-47.4643707275
3.1530000000,-48.5587120056
3.1540000000,-51.7344474792
3.1550000000,-52.5283813477
3.1560000000,-53.1506538391
3.1570000000,-53.0576705933
3.1580000000,-49.8032569885
3.1590000000,-49.1523742676
3.1600000000,-43.7021255493
3.1610000000,-39.3104553223
3.1620000000,-34.4896316528
3.1630000000,-26.7720222473
3.1640000000,-20.5779075623
3.1650000000,-13.0534172058
3.1660000000,-5.9652328491
3.1670000000,1.0228157043
3.1680000000,7.2884559631
3.1690000000,13.9403343201
3.1700000000,20.6995010376
3.1710000000,26.9651412964
3.1720000000,33.8673591614
3.1730000000,38.1159782410
3.1740000000,43.0011749268
3.1750000000,48.0365753174
3.1760000000,49.4098663330
3.1770000000,53.1077384949
3.1780000000,52.6714324951
3.1790000000,53.2364845276
3.1800000000,52.1063804626
3.1810000000,48.9735603333
3.1820000000,47.8076934814
3.1830000000,42.5720214844
3.1840000000,37.3864173889
3.1850000000,32.3724746704
3.1860000000,23.8108634949
3.1870000000,17.4880027771
3.1880000000,10.0636482239
3.1890000000,2.6893615723
3.1900000000,-4.4488906860
3.1910000000,-10.8718872070
3.1920000000,-17.8027153015
3.1930000000,-24.1112709045
3.1940000000,-31.9433212280
3.1950000000,-36.0918045044
3.1960000000,-40.2617454529
3.1970000000,-46.9923019409
3.1980000000,-48.2654571533
3.1990000000,-51.3339042664
3.2000000000,-52.7572631836
3.2010000000,-53.1435012817
3.2020000000,-53.2150268555
3.2030000000,-49.7817993164
3.2040000000,-49.3097305298
3.2050000000,-43.6234474182
3.2060000000,-39.0815734863
3.2070000000,-34.4038009644
3.2080000000,-26.6718864441
3.2090000000,-20.1773643494
3.2100000000,-12.7816200256
3.2110000000,-5.2928924561
3.2120000000,1.9097328186
3.2130000000,8.1896781921
3.2140000000,15.3207778931
3.2150000000,21.6937065125
3.2160000000,28.0308723450
3.2170000000,35.0761413574
3.2180000000,39.2889976501
3.2190000000,43.5233116150
3.2200000000,49.2453575134
3.2210000000,49.8890876770
3.2220000000,54.0518760681
3.2230000000,52.2780418396
3.2240000000,53.5798072815
3.2250000000,51.1550903320
3.2260000000,48.3584403992
3.2270000000,45.8192825317
3.2280000000,41.1057472229
3.2290000000,35.6197357178
3.2300000000,29.5257568359
3.2310000000,21.3003158569
3.2320000000,14.4195556641
3.2330000000,6.8807601929
3.2340000000,-0.5006790161
3.2350000000,-7.2455406189
3.2360000000,-14.3265724182
3.2370000000,-20.6136703491
3.2380000000,-28.3455848694
3.2390000000,-34.1534614563
3.2400000000,-38.4736061096
3.2410000000,-43.5876846313
3.2420000000,-48.0079650879
3.2430000000,-50.0893592834
3.2440000000,-52.9718399048
3.2450000000,-52.6070594788
3.2460000000,-53.5655021667
3.2470000000,-51.0764122009
3.2480000000,-49.6101379395
3.2490000000,-45.8908081055
3.2500000000,-40.0400161743
3.2510000000,-36.5138053894
3.2520000000,-29.1323661804
3.2530000000,-21.9511985779
3.2540000000,-14.9631500244
3.2550000000,-7.2813034058
3.2560000000,0.1358985901
3.2570000000,6.8235397339
3.2580000000,13.8258934021
3.2590000000,20.3204154968
3.2600000000,26.7577171326
3.2610000000,34.0104103088
3.2620000000,38.6738777161
3.2630000000,42.7579879761
3.2640000000,48.8877296448
3.2650000000,49.9534606934
3.2660000000,53.1792640686
3.2670000000,53.0791282654
3.2680000000,52.9718399048
3.2690000000,51.4984130859
3.2700000000,48.6016273499
3.2710000000,46.5703010559
3.2720000000,40.6122207642
3.2730000000,35.9058380127
3.2740000000,29.9191474915
3.2750000000,20.9999084473
3.2760000000,14.1477584839
3.2770000000,6.5875053406
3.2780000000,-0.8082389832
3.2790000000,-7.7748298645
3.2800000000,-14.9488449097
3.2810000000,-21.5291976929
3.2820000000,-28.8963317871
3.2830000000,-34.2750549316
3.2840000000,-39.3676757813
3.2850000000,-44.9681282043
3.2860000000,-47.7004051208
3.2870000000,-50.5185127258
3.2880000000,-53.4152984619
3.2890000000,-52.2851943970
3.2900000000,-53.4725189209
3.2910000000,-50.7760047913
3.2920000000,-49.3669509888
3.2930000000,-44.2028045654
3.2940000000,-39.3390655518
3.2950000000,-34.5182418823
3.2960000000,-27.1368026733
3.2970000000,-19.6123123169
3.2980000000,-12.3882293701
3.2990000000,-4.8136711121
3.3000000000,2.4104118347
3.3010000000,9.1481208801
3.3020000000,16.2148475647
3.3030000000,22.9454040527
3.3040000000,30.3983688354
3.3050000000,35.4838371277
3.3060000000,40.3118133545
3.3070000000,46.4200973511
3.3080000000,49.1666793823
3.3090000000,50.5971908569
3.3100000000,54.0447235107
3.3110000000,52.4854660034
3.3120000000,53.1864166260
3.3130000000,49.7817993164
3.3140000000,48.2439994812
3.3150000000,43.1513786316
3.3160000000,37.8012657166
3.3170000000,32.6085090637
3.3180000000,25.0339508057
3.3190000000,16.7012214661
3.3200000000,9.5772743225
3.3210000000,1.7380714417
3.3220000000,-5.5074691772
3.3230000000,-12.5384330750
3.3240000000,-19.2475318909
3.3250000000,-26.8435478210
3.3260000000,-32.6085090637
3.3270000000,-38.0373001099
3.3280000000,-43.1299209595
3.3290000000,-47.6574897766
3.3300000000,-49.3884086609
3.3310000000,-53.3938407898
3.3320000000,-52.2565841675
3.3330000000,-53.7514686584
3.3340000000,-51.2337684631
3.3350000000,-49.3955612183
3.3360000000,-45.4616546631
3.3370000000,-39.8397445679
3.3380000000,-35.3407859802
3.3390000000,-28.3169746399
3.3400000000,-20.4992294312
3.3410000000,-13.2751464844
3.3420000000,-5.5074691772
3.3430000000,1.8382072449
3.3440000000,8.8834762573
3.3450000000,15.7356262207
3.3460000000,22.7522850037
3.3470000000,30.3483009338
3.3480000000,35.2978706360
3.3490000000,40.3475761414
3.3500000000,46.4987754822
3.3510000000,49.2453575134
3.3520000000,50.8117675781
3.3530000000,53.8802146912
3.3540000000,52.4210929871
3.3550000000,53.0362129211
3.3560000000,49.6315956116
3.3570000000,47.9578971863
3.3580000000,42.5577163696
3.3590000000,37.0359420776
3.3600000000,31.6643714905
3.3610000000,23.9324569702
3.3620000000,15.3708457947
3.3630000000,8.1467628479
3.3640000000,0.3576278687
3.3650000000,-6.9022178650
3.3660000000,-13.9188766479
3.3670000000,-21.4147567749
3.3680000000,-28.2812118530
3.3690000000,-33.8602066040
3.3700000000,-39.1101837158
3.3710000000,-45.4545021057
3.3720000000,-47.5502014160
3.3730000000,-50.7402420044
3.3740000000,-53.2436370850
3.3750000000,-52.6428222656
3.3760000000,-53.2150268555
3.3770000000,-50.2967834473
3.3780000000,-48.8162040710
3.3790000000,-43.1942939758
3.3800000000,-38.1588935852
3.3810000000,-32.7658653259
3.3820000000,-24.8265266418
3.3830000000,-17.4164772034
3.3840000000,-9.9563598633
3.3850000000,-1.8811225891
3.3860000000,5.4645538330
3.3870000000,12.5098228455
3.3880000000,19.2832946777
3.3890000000,26.3571739197
3.3900000000,33.2736968994
3.3910000000,38.4521484375
3.3920000000,42.9654121399
3.3930000000,48.6516952515
3.3940000000,49.9033927917
3.3950000000,54.1162490845
3.3960000000,52.3495674133
3.3970000000,53.4653663635
3.3980000000,50.8403778076
3.3990000000,48.2082366943
3.4000000000,44.6605682373
3.4010000000,39.3891334534
3.4020000000,33.1521034241
3.4030000000,26.5789031982
3.4040000000,17.9600715637
3.4050000000,10.2424621582
3.4060000000,2.3388862610
3.4070000000,-5.0926208496
3.4080000000,-12.1808052063
3.4090000000,-19.8340415955
3.4100000000,-27.1439552307
3.4110000000,-32.7515602112
3.4120000000,-37.8155708313
3.4130000000,-44.4674491882
3.4140000000,-47.1711158752
3.4150000000,-50.5900382996
3.4160000000,-52.8359413147
3.4170000000,-52.7358055115
3.4180000000,-53.4796714783
3.4190000000,-50.3182411194
3.4200000000,-49.2238998413
3.4210000000,-43.7307357788
3.4220000000,-38.1016731262
3.4230000000,-33.4811210632
3.4240000000,-25.3129005432
3.4250000000,-17.6811218262
3.4260000000,-10.1208686829
3.4270000000,-2.0170211792
3.4280000000,5.5646896362
3.4290000000,12.3810768127
3.4300000000,19.6194648743
3.4310000000,26.9937515259
3.4320000000,33.3094596863
3.4330000000,38.7382507324
3.4340000000,44.0955162048
3.4350000000,48.1867790222
3.4360000000,50.6544113159
3.4370000000,53.6012649536
3.4380000000,52.8502464294
3.4390000000,53.0219078064
3.4400000000,50.1608848572
3.4410000000,48.5086441040
3.4420000000,43.5733795166
3.4430000000,38.0158424377
3.4440000000,32.3867797852
3.4450000000,24.8265266418
3.4460000000,15.9072875977
3.4470000000,8.3255767822
3.4480000000,0.5006790161
3.4490000000,-6.8593025208
3.4500000000,-14.1048431396
3.4510000000,-21.9297409058
3.4520000000,-29.0608406067
3.4530000000,-34.1606140137
3.4540000000,-40.2259826660
3.4550000000,-45.7906723022
3.4560000000,-48.4228134155
3.4570000000,-51.7773628235
3.4580000000,-52.5641441345
3.4590000000,-53.0147552490
3.4600000000,-52.7930259705
3.4610000000,-49.4670867920
3.4620000000,-47.5573539734
3.4630000000,-41.4919853210
3.4640000000,-36.0560417175
3.4650000000,-29.9263000488
3.4660000000,-21.7509269714
3.4670000000,-13.8401985168
3.4680000000,-6.1511993408
3.4690000000,1.7881393433
3.4700000000,8.8977813721
3.4710000000,16.2935256958
3.4720000000,23.4103202820
3.4730000000,30.8918952942
3.4740000000,36.4637374878
3.4750000000,41.3560867310
3.4760000000,47.5716590881
3.4770000000,49.3454933167
3.4780000000,52.9074668884
3.4790000000,52.8430938721
3.4800000000,53.2436370850
3.4810000000,51.5127182007
3.4820000000,48.4013557434
3.4830000000,46.1268424988
3.4840000000,39.9255752563
3.4850000000,33.5025787354
3.4860000000,27.3013114929
3.4870000000,18.7110900879
3.4880000000,10.3640556335
3.4890000000,2.3603439331
3.4900000000,-5.2213668823
3.4910000000,-12.4883651733
3.4920000000,-20.4062461853
3.4930000000,-27.6875495911
3.4940000000,-32.9017639160
3.4950000000,-38.9814376831
3.4960000000,-45.6690788269
3.4970000000,-47.5716590881
3.4980000000,-51.2623786926
3.4990000000,-52.7286529541
3.5000000000,-53.2007217407
3.5010000000,-52.7501106262
3.5020000000,-49.8890876770
3.5030000000,-48.1581687927
3.5040000000,-41.4991378784
3.5050000000,-36.3206863403
3.5060000000,-30.6773185730
3.5070000000,-22.1300125122
3.5080000000,-13.9617919922
3.5090000000,-6.0653686523
3.5100000000,1.7023086548
3.5110000000,8.7261199951
3.5120000000,16.5939331055
3.5130000000,24.1184234619
3.5140000000,31.2280654907
3.5150000000,36.3349914551
3.5160000000,41.7637825012
3.5170000000,48.0508804321
3.5180000000,49.4956970215
3.5190000000,53.2293319702
3.5200000000,52.5212287903
3.5210000000,53.4939765930
3.5220000000,51.0549545288
3.5230000000,48.0079650879
3.5240000000,45.2685356140
3.5250000000,38.9957427979
3.5260000000,32.2794914246
3.5270000000,25.8207321167
3.5280000000,16.9658660889
3.5290000000,8.5830688477
3.5300000000,0.5292892456
3.5310000000,-6.7591667175
3.5320000000,-14.7199630737
3.5330000000,-22.3875045776
3.5340000000,-29.0250778198
3.5350000000,-35.0832939148
3.5360000000,-40.8267974854
3.5370000000,-46.4272499084
3.5380000000,-48.6516952515
3.5390000000,-52.7215003967
3.5400000000,-52.5569915771
3.5410000000,-53.5297393799
3.5420000000,-51.4698028564
3.5430000000,-49.2095947266
3.5440000000,-46.0124015808
3.5450000000,-39.3390655518
3.5460000000,-33.7243080139
3.5470000000,-27.5802612305
3.5480000000,-18.6038017273
3.5490000000,-10.2925300598
3.5500000000,-2.2530555725
3.5510000000,5.1712989807
3.5520000000,12.6743316650
3.5530000000,20.2560424805
3.5540000000,28.2168388367
3.5550000000,33.6313247681
3.5560000000,39.4105911255
3.5570000000,45.9766387939
3.5580000000,48.6660003662
3.5590000000,51.3768196106
3.5600000000,53.2150268555
3.5610000000,52.7572631836
3.5620000000,52.7572631836
3.5630000000,49.0164756775
3.5640000000,47.2068786621
3.5650000000,40.8053398132
3.5660000000,34.4395637512
3.5670000000,28.7461280823
3.5680000000,19.8554992676
3.5690000000,11.0149383545
3.5700000000,2.7608871460
3.5710000000,-4.7993659973
3.5720000000,-12.5312805176
3.5730000000,-20.6065177917
3.5740000000,-27.1010398865
3.5750000000,-33.3881378174
3.5760000000,-39.7753715515
3.5770000000,-45.0897216797
3.5780000000,-48.1510162354
3.5790000000,-51.6915321350
3.5800000000,-52.3853302002
3.5810000000,-52.9861450195
3.5820000000,-52.4497032166
3.5830000000,-49.2811203003
3.5840000000,-46.8635559082
3.5850000000,-40.6837463379
3.5860000000,-34.8615646362
3.5870000000,-28.4457206726
3.5880000000,-19.7052955627
3.5890000000,-11.7802619934
3.5900000000,-3.3044815063
3.5910000000,4.8279762268
3.5920000000,12.4025344849
3.5930000000,19.4621086121
3.5940000000,27.3871421814
3.5950000000,33.4310531616
3.5960000000,39.4535064697
3.5970000000,45.2756881714
3.5980000000,48.6516952515
3.5990000000,51.5198707581
3.6000000000,53.1291961670
3.6010000000,52.5999069214
3.6020000000,52.9360771179
3.6030000000,49.0736961365
3.6040000000,46.6775894165
3.6050000000,40.9269332886
3.6060000000,33.7386131287
3.6070000000,27.8234481812
3.6080000000,18.8040733337
3.6090000000,10.5571746826
3.6100000000,2.0813941956
3.6110000000,-5.6791305542
3.6120000000,-13.5898590088
3.6130000000,-21.5864181519
3.6140000000,-27.9664993286
3.6150000000,-34.5325469971
3.6160000000,-40.5049324036
3.6170000000,-46.2198257446
3.6180000000,-48.5587120056
3.6190000000,-52.6499748230
3.6200000000,-52.5999069214
3.6210000000,-53.6012649536
3.6220000000,-51.3911247253
3.6230000000,-48.9020347595
3.6240000000,-45.4688072205
3.6250000000,-38.7239456177
3.6260000000,-32.6442718506
3.6270000000,-26.3142585754
3.6280000000,-16.8943405151
3.6290000000,-8.6402893066
3.6300000000,-0.3361701965
3.6310000000,7.2097778320
3.6320000000,15.0275230408
3.6330000000,23.3030319214
3.6340000000,29.7474861145
3.6350000000,35.8128547668
3.6360000000,41.5205955505
3.6370000000,47.6360321045
3.6380000000,49.7245788574
3.6390000000,53.0147552490
3.6400000000,52.8216362000
3.6410000000,53.0362129211
3.6420000000,50.8904457092
3.6430000000,47.7576255798
3.6440000000,44.3601608276
3.6450000000,37.2719764709
3.6460000000,30.4985046387
3.6470000000,23.8752365112
3.6480000000,14.4481658936
3.6490000000,5.3358078003
3.6500000000,-2.8109550476
3.6510000000,-10.5142593384
3.6520000000,-18.6610221863
3.6530000000,-25.9566307068
3.6540000000,-31.4426422119
3.6550000000,-38.5808944702
3.6560000000,-45.2756881714
3.6570000000,-47.4643707275
3.6580000000,-51.4054298401
3.6590000000,-52.5426864624
3.6600000000,-53.0219078064
3.6610000000,-52.8645515442
3.6620000000,-49.1881370544
3.6630000000,-47.0995903015
3.6640000000,-40.3690338135
3.6650000000,-34.4681739807
3.6660000000,-27.6303291321
3.6670000000,-18.8541412354
3.6680000000,-10.6501579285
3.6690000000,-2.0313262939
3.6700000000,5.8794021606
3.6710000000,13.6113166809
3.6720000000,21.8152999878
3.6730000000,28.6674499512
3.6740000000,35.3407859802
3.6750000000,40.6265258789
3.6760000000,47.0066070557
3.6770000000,49.3240356445
3.6780000000,53.0648231506
3.6790000000,52.6356697083
3.6800000000,53.3008575439
3.6810000000,50.8332252502
3.6820000000,47.5287437439
3.6830000000,44.5675849915
3.6840000000,37.6725196838
3.6850000000,29.7689437866
3.6860000000,23.1528282166
3.6870000000,13.8115882874
3.6880000000,4.8208236694
3.6890000000,-3.7050247192
3.6900000000,-11.1293792725
3.6910000000,-19.7052955627
3.6920000000,-25.6705284119
3.6930000000,-33.3094596863
3.6940000000,-39.5321846008
3.6950000000,-44.8894500732
3.6960000000,-48.5372543335
3.6970000000,-52.3638725281
3.6980000000,-52.1564483643
3.6990000000,-53.7800788879
3.7000000000,-51.4769554138
3.7010000000,-48.9377975464
3.7020000000,-45.5689430237
3.7030000000,-39.0315055847
3.7040000000,-32.4797630310
3.7050000000,-25.5632400513
3.7060000000,-16.3650512695
3.7070000000,-8.0752372742
3.7080000000,0.6008148193
3.7090000000,8.2898139954
3.7100000000,16.0861015320
3.7110000000,24.7263908386
3.7120000000,30.7703018188
3.7130000000,37.5652313232
3.7140000000,43.5519218445
3.7150000000,47.6932525635
3.7160000000,50.5113601685
3.7170000000,53.9088249207
3.7180000000,52.3638725281
3.7190000000,53.2937049866
3.7200000000,49.2310523987
3.7210000000,46.9636917114
3.7220000000,41.1558151245
3.7230000000,34.7614288330
3.7240000000,26.8650054932
3.7250000000,19.5693969727
3.7260000000,10.1709365845
3.7270000000,1.2159347534
3.7280000000,-6.9952011108
3.7290000000,-15.0632858276
3.7300000000,-22.9096412659
3.7310000000,-28.9678573608
3.7320000000,-36.6997718811
3.7330000000,-43.2157516479
3.7340000000,-46.1626052856
3.7350000000,-50.5685806274
3.7360000000,-52.6142120361
3.7370000000,-52.6428222656
3.7380000000,-53.4725189209
3.7390000000,-49.5672225952
3.7400000000,-48.3942031860
3.7410000000,-41.1629676819
3.7420000000,-35.5625152588
3.7430000000,-28.6245346069
3.7440000000,-20.1916694641
3.7450000000,-11.4369392395
3.7460000000,-2.6392936707
3.7470000000,5.5646896362
3.7480000000,13.1821632385
3.7490000000,22.0084190369
3.7500000000,28.5744667053
3.7510000000,35.6483459473
3.7520000000,41.0127639771
3.7530000000,47.0566749573
3.7540000000,49.7674942017
3.7550000000,53.3938407898
3.7560000000,52.3996353149
3.7570000000,53.2579421997
3.7580000000,50.5185127258
3.7590000000,47.1282005310
3.7600000000,43.5304641724
3.7610000000,36.3278388977
3.7620000000,28.4028053284
3.7630000000,21.4862823486
3.7640000000,12.0377540588
3.7650000000,2.9039382935
3.7660000000,-5.6576728821
3.7670000000,-13.6113166809
3.7680000000,-21.7866897583
3.7690000000,-27.9736518860
3.7700000000,-35.7913970947
3.7710000000,-42.4933433533
3.7720000000,-45.5331802368
3.7730000000,-50.4040718079
3.7740000000,-52.6428222656
3.7750000000,-52.2708892822
3.7760000000,-53.7014007568
3.7770000000,-49.8390197754
3.7780000000,-48.6087799072
3.7790000000,-41.4991378784
3.7800000000,-35.7341766357
3.7810000000,-28.8105010986
3.7820000000,-20.6422805786
3.7830000000,-11.4369392395
3.7840000000,-2.6178359985
3.7850000000,5.6719779968
3.7860000000,13.2536888123
3.7870000000,22.4661827087
3.7880000000,28.7532806396
3.7890000000,35.9344482422
3.7900000000,41.6994094849
3.7910000000,46.9994544983
3.7920000000,50.1108169556
3.7930000000,53.7943840027
3.7940000000,52.1850585938
3.7950000000,53.2579421997
3.7960000000,50.0965118408
3.7970000000,46.9279289246
3.7980000000,42.2930717468
3.7990000000,35.2549552917
3.8000000000,27.1654129028
3.8010000000,20.0343132019
3.8020000000,10.3640556335
3.8030000000,1.1515617371
3.8040000000,-7.1096420288
3.8050000000,-15.7785415649
3.8060000000,-22.8166580200
3.8070000000,-30.0836563110
3.8080000000,-37.3792648315
3.8090000000,-43.6162948608
3.8100000000,-46.9565391541
3.8110000000,-51.2552261353
3.8120000000,-52.3066520691
3.8130000000,-52.9432296753
3.8140000000,-52.9432296753
3.8150000000,-49.0164756775
3.8160000000,-46.9851493835
3.8170000000,-39.6180152893
3.8180000000,-33.3666801453
3.8190000000,-26.1640548706
3.8200000000,-17.1303749084
3.8210000000,-8.1467628479
3.8220000000,0.6294250488
3.8230000000,8.4686279297
3.8240000000,17.0731544495
3.8250000000,25.2270698547
3.8260000000,31.6143035889
3.8270000000,38.5594367981
3.8280000000,44.8966026306
3.8290000000,48.3655929565
3.8300000000,51.7058372498
3.8310000000,53.0290603638
3.8320000000,52.5426864624
3.8330000000,52.5498390198
3.8340000000,48.2439994812
3.8350000000,45.2470779419
3.8360000000,38.5236740112
3.8370000000,31.1923027039
3.8380000000,22.9597091675
3.8390000000,14.9846076965
3.8400000000,5.0425529480
3.8410000000,-3.8123130798
3.8420000000,-12.2594833374
3.8430000000,-20.2059745789
3.8440000000,-26.8721580505
3.8450000000,-34.7828865051
3.8460000000,-41.8996810913
3.8470000000,-45.0968742371
3.8480000000,-50.0535964966
3.8490000000,-52.5641441345
3.8500000000,-52.1135330200
3.8510000000,-54.0089607239
3.8520000000,-49.8962402344
3.8530000000,-48.3155250549
3.8540000000,-41.4705276489
3.8550000000,-35.3908538818
3.8560000000,-28.1381607056
3.8570000000,-20.0772285461
3.8580000000,-10.3783607483
3.8590000000,-1.5377998352
3.8600000000,6.3514709473
3.8610000000,14.6126747131
3.8620000000,23.6535072327
3.8630000000,30.1551818848
3.8640000000,37.4007225037
3.8650000000,43.6305999756
3.8660000000,47.3856925964
3.8670000000,50.7187843323
3.8680000000,53.7800788879
3.8690000000,52.4067878723
3.8700000000,52.9861450195
3.8710000000,48.5444068909
3.8720000000,45.9909439087
3.8730000000,39.5607948303
3.8740000000,32.5369834900
3.8750000000,23.8823890686
3.8760000000,16.3149833679
3.8770000000,6.4516067505
3.8780000000,-2.9683113098
3.8790000000,-11.9376182556
3.8800000000,-19.2475318909
3.8810000000,-26.2570381165
3.8820000000,-34.3036651611
3.8830000000,-41.9425964355
3.8840000000,-44.7678565979
3.8850000000,-49.8390197754
3.8860000000,-52.5569915771
3.8870000000,-52.0777702332
3.8880000000,-53.9016723633
3.8890000000,-49.9248504639
3.8900000000,-48.2511520386
3.8910000000,-41.5706634521
3.8920000000,-35.2191925049
3.8930000000,-27.8306007385
3.8940000000,-19.3977355957
3.8950000000,-10.0135803223
3.8960000000,-1.0371208191
3.8970000000,7.2669982910
3.8980000000,15.9430503845
3.8990000000,24.0254402161
3.9000000000,30.8704376221
3.9010000000,38.0229949951
3.9020000000,44.5604324341
3.9030000000,48.1081008911
3.9040000000,51.4841079712
3.9050000000,53.2293319702
3.9060000000,52.4854660034
3.9070000000,52.4926185608
3.9080000000,48.0866432190
3.9090000000,44.9609756470
3.9100000000,37.9800796509
3.9110000000,30.5342674255
3.9120000000,21.6794013977
3.9130000000,13.9474868774
3.9140000000,3.9768218994
3.9150000000,-5.4788589478
3.9160000000,-13.9760971069
3.9170000000,-21.0928916931
3.9180000000,-29.1395187378
3.9190000000,-36.4780426025
3.9200000000,-43.2157516479
3.9210000000,-46.6346740723
3.9220000000,-51.0835647583
3.9230000000,-52.2780418396
3.9240000000,-52.9503822327
3.9250000000,-52.8216362000
3.9260000000,-48.7089157104
3.9270000000,-46.4272499084
3.9280000000,-38.9742851257
3.9290000000,-32.1149826050
3.9300000000,-24.4116783142
3.9310000000,-15.6855583191
3.9320000000,-5.8436393738
3.9330000000,3.1042098999
3.9340000000,11.3511085510
3.9350000000,20.3347206116
3.9360000000,27.1797180176
3.9370000000,34.5754623413
3.9380000000,41.2416458130
3.9390000000,46.4701652527
3.9400000000,49.7889518738
3.9410000000,53.7300109863
3.9420000000,52.1492958069
3.9430000000,53.1148910522
3.9440000000,49.7603416443
3.9450000000,46.2198257446
3.9460000000,41.4776802063
3.9470000000,33.7600708008
3.9480000000,25.1269340515
3.9490000000,16.9730186462
3.9500000000,7.9607963562
3.9510000000,-1.8239021301
3.9520000000,-10.8003616333
3.9530000000,-18.4178352356
3.9540000000,-26.2355804443
3.9550000000,-34.1534614563
3.9560000000,-41.7137145996
3.9570000000,-44.9538230896
3.9580000000,-49.8819351196
3.9590000000,-52.6285171509
3.9600000000,-52.2208213806
3.9610000000,-53.6870956421
3.9620000000,-49.4885444641
3.9630000000,-47.7933883667
3.9640000000,-40.5478477478
3.9650000000,-34.0318679810
3.9660000000,-26.1855125427
3.9670000000,-18.0101394653
3.9680000000,-8.1253051758
3.9690000000,1.0657310486
3.9700000000,9.5629692078
3.9710000000,18.6109542847
3.9720000000,25.9494781494
3.9730000000,33.3881378174
3.9740000000,39.8612022400
3.9750000000,46.3128089905
3.9760000000,49.1523742676
3.9770000000,53.2937049866
3.9780000000,52.3352622986
3.9790000000,53.1721115112
3.9800000000,50.2681732178
3.9810000000,46.3199615479
3.9820000000,42.4933433533
3.9830000000,34.3966484070
3.9840000000,25.7992744446
3.9850000000,17.1875953674
3.9860000000,8.5902214050
3.9870000000,-1.3875961304
3.9880000000,-10.4427337646
3.9890000000,-18.1460380554
3.9900000000,-26.3500213623
3.9910000000,-34.0104103088
3.9920000000,-41.7566299438
3.9930000000,-45.0539588928
3.9940000000,-49.9033927917
3.9950000000,-52.6571273804
3.9960000000,-52.2780418396
3.9970000000,-53.5154342651
3.9980000000,-49.2882728577
3.9990000000,-47.5072860718
4.0000000000,-39.9684906006
4.0010000000,-33.4167480469
4.0020000000,-25.4631042480
4.0030000000,-17.0373916626
4.0040000000,-7.0452690125
4.0050000000,2.5105476379
4.0060000000,11.0292434692
4.0070000000,19.5908546448
4.0080000000,26.9865989685
4.0090000000,34.5754623413
4.0100000000,41.6278839111
4.0110000000,46.3128089905
4.0120000000,49.8676300049
4.0130000000,53.7586212158
4.0140000000,52.1779060364
4.0150000000,53.0505180359
4.0160000000,49.1881370544
4.0170000000,45.8765029907
4.0180000000,40.1973724365
4.0190000000,32.4511528015
4.0200000000,23.5533714294
4.0210000000,14.9846076965
4.0220000000,5.7721138000
4.0230000000,-4.3416023254
4.0240000000,-12.7816200256
4.0250000000,-20.6136703491
4.0260000000,-29.1180610657
4.0270000000,-36.3206863403
4.0280000000,-43.0512428284
4.0290000000,-46.8921661377
4.0300000000,-51.4912605286
4.0310000000,-52.1135330200
4.0320000000,-53.0433654785
4.0330000000,-52.1850585938
4.0340000000,-48.3798980713
4.0350000000,-45.1755523682
4.0360000000,-37.4794006348
4.0370000000,-30.0192832947
4.0380000000,-21.9583511353
4.0390000000,-13.0248069763
4.0400000000,-2.9397010803
4.0410000000,6.2727928162
4.0420000000,15.1205062866
4.0430000000,23.0526924133
4.0440000000,30.5485725403
4.0450000000,37.5652313232
4.0460000000,44.9895858765
4.0470000000,47.8792190552
4.0480000000,52.2637367249
4.0490000000,52.7644157410
4.0500000000,52.5999069214
4.0510000000,51.6271591187
4.0520000000,47.1353530884
4.0530000000,43.7235832214
4.0540000000,35.8414649963
4.0550000000,27.6374816895
4.0560000000,18.3534622192
4.0570000000,9.7918510437
4.0580000000,-0.0214576721
4.0590000000,-9.3412399292
4.0600000000,-17.3878669739
4.0610000000,-25.9995460510
4.0620000000,-33.6241722107
4.0630000000,-41.5992736816
4.0640000000,-45.0396537781
4.0650000000,-49.8318672180
4.0660000000,-52.6642799377
4.0670000000,-52.2923469543
4.0680000000,-53.4439086914
4.0690000000,-49.0236282349
4.0700000000,-47.0280647278
4.0710000000,-39.3247604370
4.0720000000,-32.4726104736
4.0730000000,-24.2185592651
4.0740000000,-15.5711174011
4.0750000000,-5.4931640625
4.0760000000,4.1770935059
4.0770000000,13.0677223206
4.0780000000,21.2144851685
4.0790000000,28.8820266724
4.0800000000,36.2706184387
4.0810000000,43.6663627625
4.0820000000,47.4643707275
4.0830000000,51.1622428894
4.0840000000,53.1435012817
4.0850000000,52.2923469543
4.0860000000,52.5212287903
4.0870000000,47.7647781372
4.0880000000,44.2028045654
4.0890000000,36.7999076843
4.0900000000,28.8033485413
4.0910000000,19.4692611694
4.0920000000,10.6215476990
4.0930000000,0.9727478027
4.0940000000,-8.3971023560
4.0950000000,-16.7012214661
4.0960000000,-25.4702568054
4.0970000000,-33.2236289978
4.0980000000,-41.2631034851
4.0990000000,-44.7320938110
4.1000000000,-49.6888160706
4.1010000000,-52.6499748230
4.1020000000,-52.1993637085
4.1030000000,-53.4224510193
4.1040000000,-49.1023063660
4.1050000000,-46.9636917114
4.1060000000,-39.2889976501
4.1070000000,-32.3224067688
4.1080000000,-23.9181518555
4.1090000000,-15.1491165161
4.1100000000,-5.1355361938
4.1110000000,4.7063827515
4.1120000000,13.5326385498
4.1130000000,22.1872329712
4.1140000000,29.5758247375
4.1150000000,36.7569923401
4.1160000000,44.4746017456
4.1170000000,47.5716590881
4.1180000000,51.9490242004
4.1190000000,52.8359413147
4.1200000000,52.4497032166
4.1210000000,51.8059730530
4.1220000000,47.1568107605
4.1230000000,43.5233116150
4.1240000000,35.5768203735
4.1250000000,27.1654129028
4.1260000000,17.7597999573
4.1270000000,8.7904930115
4.1280000000,-0.9155273438
4.1290000000,-9.9992752075
4.1300000000,-18.6610221863
4.1310000000,-27.5015830994
4.1320000000,-34.8901748657
4.1330000000,-42.3359870911
4.1340000000,-46.2484359741
4.1350000000,-50.8546829224
4.1360000000,-52.2494316101
4.1370000000,-52.7215003967
4.1380000000,-52.7286529541
4.1390000000,-48.0794906616
4.1400000000,-45.2542304993
4.1410000000,-37.1074676514
4.1420000000,-29.5114517212
4.1430000000,-21.0571289063
4.1440000000,-11.9519233704
4.1450000000,-1.8310546875
4.1460000000,7.8034400940
4.1470000000,16.2863731384
4.1480000000,24.7049331665
4.1490000000,32.6085090637
4.1500000000,40.0543212891
4.1510000000,45.6047058105
4.1520000000,49.1809844971
4.1530000000,53.6870956421
4.1540000000,51.9633293152
4.1550000000,52.9932975769
4.1560000000,49.6172904968
4.1570000000,45.2828407288
4.1580000000,40.4834747314
4.1590000000,31.8717956543
4.1600000000,22.6593017578
4.1610000000,13.4038925171
4.1620000000,3.9124488831
4.1630000000,-5.6576728821
4.1640000000,-14.2478942871
4.1650000000,-23.3387947083
4.1660000000,-31.4640998840
4.1670000000,-39.5894050598
4.1680000000,-43.8523292542
4.1690000000,-48.9306449890
4.1700000000,-52.4282455444
4.1710000000,-51.9061088562
4.1720000000,-53.7729263306
4.1730000000,-49.7746467590
4.1740000000,-46.7991828918
4.1750000000,-40.5550003052
4.1760000000,-32.9375267029
4.1770000000,-24.2471694946
4.1780000000,-15.2778625488
4.1790000000,-5.5718421936
4.1800000000,4.6133995056
4.1810000000,13.2036209106
4.1820000000,22.0656394958
4.1830000000,30.1694869995
4.1840000000,37.0144844055
4.1850000000,45.0181961060
4.1860000000,47.6861000061
4.1870000000,52.5212287903
4.1880000000,52.6857376099
4.1890000000,52.6785850525
4.1900000000,50.8832931519
4.1910000000,46.2913513184
4.1920000000,42.5148010254
4.1930000000,33.8959693909
4.1940000000,25.1126289368
4.1950000000,15.5711174011
4.1960000000,6.1011314392
4.1970000000,-3.7479400635
4.1980000000,-12.2666358948
4.1990000000,-21.5792655945
4.2000000000,-30.1766395569
4.2010000000,-37.7154350281
4.2020000000,-43.5590744019
4.2030000000,-47.8076934814
4.2040000000,-52.2637367249
4.2050000000,-52.0348548889
4.2060000000,-53.7228584290
4.2070000000,-50.3325462341
4.2080000000,-46.8635559082
4.2090000000,-41.8210029602
4.2100000000,-33.7672233582
4.2110000000,-25.1126289368
4.2120000000,-16.1647796631
4.2130000000,-6.4945220947
4.2140000000,3.8123130798
4.2150000000,12.4740600586
4.2160000000,21.5148925781
4.2170000000,29.8118591309
4.2180000000,36.5996360779
4.2190000000,44.8107719421
4.2200000000,47.5716590881
4.2210000000,52.3638725281
4.2220000000,52.7501106262
4.2230000000,52.5856018066
4.2240000000,50.8689880371
4.2250000000,46.3485717773
4.2260000000,42.2859191895
4.2270000000,33.7600708008
4.2280000000,24.8193740845
4.2290000000,15.2635574341
4.2300000000,5.5289268494
4.2310000000,-4.1627883911
4.2320000000,-12.8817558289
4.2330000000,-22.2945213318
4.2340000000,-30.6701660156
4.2350000000,-38.7310981750
4.2360000000,-43.5304641724
4.2370000000,-48.6230850220
4.2380000000,-52.2208213806
4.2390000000,-52.0277023315
4.2400000000,-53.6870956421
4.2410000000,-49.7961044312
4.2420000000,-46.5631484985
4.2430000000,-40.4691696167
4.2440000000,-32.5369834900
4.2450000000,-23.6105918884
4.2460000000,-14.4410133362
4.2470000000,-4.6706199646
4.2480000000,5.5217742920
4.2490000000,14.2049789429
4.2500000000,23.2100486755
4.2510000000,31.4569473267
4.2520000000,38.8312339783
4.2530000000,45.2971458435
4.2540000000,48.7232208252
4.2550000000,53.3437728882
4.2560000000,52.0563125610
4.2570000000,52.8216362000
4.2580000000,49.6888160706
4.2590000000,44.9895858765
4.2600000000,40.3332710266
4.2610000000,31.2209129333
4.2620000000,21.8081474304
4.2630000000,12.1951103210
4.2640000000,2.4104118347
4.2650000000,-6.8163871765
4.2660000000,-16.2076950073
4.2670000000,-25.5274772644
4.2680000000,-33.0948829651
4.2690000000,-41.1343574524
4.2700000000,-45.4688072205
4.2710000000,-50.0965118408
4.2720000000,-52.3495674133
4.2730000000,-52.5927543640
4.2740000000,-52.8573989868
4.2750000000,-48.0937957764
4.2760000000,-45.1970100403
4.2770000000,-36.4279747009
4.2780000000,-29.4113159180
4.2790000000,-20.2202796936
4.2800000000,-10.5357170105
4.2810000000,-0.5650520325
4.2820000000,8.8691711426
4.2830000000,18.6324119568
4.2840000000,26.9508361816
4.2850000000,34.6827507019
4.2860000000,42.5648689270
4.2870000000,46.8993186951
4.2880000000,50.5900382996
4.2890000000,53.1864166260
4.2900000000,52.1135330200
4.2910000000,52.2637367249
4.2920000000,47.2354888916
4.2930000000,43.1084632874
4.2940000000,35.3765487671
4.2950000000,26.7219543457
4.2960000000,16.8800354004
4.2970000000,6.8950653076
4.2980000000,-2.9468536377
4.2990000000,-11.8803977966
4.3000000000,-21.9011306763
4.3010000000,-29.9406051636
4.3020000000,-38.3019447327
4.3030000000,-43.1656837463
4.3040000000,-48.4228134155
4.3050000000,-52.1492958069
4.3060000000,-51.9990921021
4.3070000000,-53.6370277405
4.3080000000,-49.6172904968
4.3090000000,-46.3843345642
4.3100000000,-40.0900840759
4.3110000000,-31.9075584412
4.3120000000,-22.7665901184
4.3130000000,-13.4253501892
4.3140000000,-3.5405158997
4.3150000000,6.5088272095
4.3160000000,15.7356262207
4.3170000000,24.5404243469
4.3180000000,32.7086448669
4.3190000000,40.7981872559
4.3200000000,45.8335876465
4.3210000000,49.3597984314
4.3220000000,53.6727905273
4.3230000000,52.0920753479
4.3240000000,52.7000427246
4.3250000000,48.0580329895
4.3260000000,44.0168380737
4.3270000000,37.1861457825
4.3280000000,28.4457206726
4.3290000000,18.3606147766
4.3300000000,8.5616111755
4.3310000000,-1.1372566223
4.3320000000,-10.3211402893
4.3330000000,-20.5063819885
4.3340000000,-29.0465354919
4.3350000000,-36.9787216187
4.3360000000,-42.8581237793
4.3370000000,-47.7433204651
4.3380000000,-52.0992279053
4.3390000000,-51.9847869873
4.3400000000,-53.6370277405
4.3410000000,-49.9391555786
4.3420000000,-46.4344024658
4.3430000000,-40.7838821411
4.3440000000,-32.2294235229
4.3450000000,-23.1742858887
4.3460000000,-13.9617919922
4.3470000000,-3.7407875061
4.3480000000,6.2012672424
4.3490000000,15.6497955322
4.3500000000,24.4832038879
4.3510000000,32.7444076538
4.3520000000,40.9126281738
4.3530000000,45.9265708923
4.3540000000,49.4027137756
4.3550000000,53.5440444946
4.3560000000,52.1779060364
4.3570000000,52.6356697083
4.3580000000,47.7504730225
4.3590000000,43.6520576477
4.3600000000,36.5781784058
4.3610000000,27.8019905090
4.3620000000,17.5166130066
4.3630000000,7.5387954712
4.3640000000,-2.3961067200
4.3650000000,-11.5442276001
4.3660000000,-21.2860107422
4.3670000000,-29.8404693604
4.3680000000,-38.3448600769
4.3690000000,-43.1227684021
4.3700000000,-48.7089157104
4.3710000000,-52.2279739380
4.3720000000,-51.8703460693
4.3730000000,-53.2007217407
4.3740000000,-49.0808486938
4.3750000000,-45.8836555481
4.3760000000,-38.6738777161
4.3770000000,-29.9978256226
4.3780000000,-20.4420089722
4.3790000000,-11.0149383545
4.3800000000,-0.5865097046
4.3810000000,9.2983245850
4.3820000000,18.2032585144
4.3830000000,27.4872779846
4.3840000000,34.7256660461
4.3850000000,43.4589385986
4.3860000000,46.8850135803
4.3870000000,51.6057014465
4.3880000000,52.5712966919
4.3890000000,52.5498390198
4.3900000000,50.8689880371
4.3910000000,46.3485717773
4.3920000000,41.6350364685
4.3930000000,32.8302383423
4.3940000000,23.5891342163
4.3950000000,13.5612487793
4.3960000000,3.5905838013
4.3970000000,-6.2370300293
4.3980000000,-15.5925750732
4.3990000000,-25.3486633301
4.4000000000,-33.2093238831
4.4010000000,-41.0914421082
4.4020000000,-46.0338592529
4.4030000000,-50.6401062012
4.4040000000,-52.2351264954
4.4050000000,-52.6356697083
4.4060000000,-51.8274307251
4.4070000000,-47.0280647278
4.4080000000,-43.3158874512
4.4090000000,-33.8888168335
4.4100000000,-25.8564949036
4.4110000000,-16.0002708435
4.4120000000,-6.0796737671
4.4130000000,4.3845176697
4.4140000000,13.8473510742
4.4150000000,23.1099128723
4.4160000000,31.4140319824
4.4170000000,39.9327278137
4.4180000000,45.1683998108
4.4190000000,49.0951538086
4.4200000000,53.2364845276
4.4210000000,52.2279739380
4.4220000000,52.8788566589
4.4230000000,47.9507446289
4.4240000000,44.0382957458
4.4250000000,36.5924835205
4.4260000000,27.8592109680
4.4270000000,17.4880027771
4.4280000000,7.2455406189
4.4290000000,-2.7036666870
4.4300000000,-12.0735168457
4.4310000000,-21.8939781189
4.4320000000,-30.4055213928
4.4330000000,-39.1030311584
4.4340000000,-43.7021255493
4.4350000000,-49.1094589233
4.4360000000,-52.3996353149
4.4370000000,-52.0133972168
4.4380000000,-53.0290603638
4.4390000000,-48.4442710876
4.4400000000,-45.1183319092
4.4410000000,-37.1432304382
4.4420000000,-28.5673141479
4.4430000000,-18.7969207764
4.4440000000,-9.3340873718
4.4450000000,1.1014938354
4.4460000000,11.0006332397
4.4470000000,20.2417373657
4.4480000000,29.3970108032
4.4490000000,37.5580787659
4.4500000000,44.0382957458
4.4510000000,48.3441352844
4.4520000000,52.9932975769
4.4530000000,51.9561767578
4.4540000000,52.7358055115
4.4550000000,49.3097305298
4.4560000000,44.4674491882
4.4570000000,38.9671325684
4.4580000000,29.4113159180
4.4590000000,19.5479393005
4.4600000000,9.4699859619
4.4610000000,-0.7438659668
4.4620000000,-10.4141235352
4.4630000000,-20.1845169067
4.4640000000,-29.1180610657
4.4650000000,-37.8441810608
4.4660000000,-43.0011749268
4.4670000000,-48.5372543335
4.4680000000,-52.0992279053
4.4690000000,-51.8918037415
4.4700000000,-53.3294677734
4.4710000000,-48.8805770874
4.4720000000,-45.0682640076
4.4730000000,-38.2947921753
4.4740000000,-29.2825698853
4.4750000000,-19.5837020874
4.4760000000,-9.9563598633
4.4770000000,0.4577636719
4.4780000000,10.3926658630
4.4790000000,19.8411941528
4.4800000000,29.1252136230
4.4810000000,37.3220443726
4.4820000000,43.8022613525
4.4830000000,48.2511520386
4.4840000000,52.9932975769
4.4850000000,51.9347190857
4.4860000000,52.6499748230
4.4870000000,49.2596626282
4.4880000000,44.3673133850
4.4890000000,38.8097763062
4.4900000000,29.0894508362
4.4910000000,19.1760063171
4.4920000000,9.0122222900
4.4930000000,-1.2445449829
4.4940000000,-11.0507011414
4.4950000000,-20.8997726440
4.4960000000,-29.5901298523
4.4970000000,-38.5522842407
4.4980000000,-43.4160232544
4.4990000000,-48.9807128906
4.5000000000,-52.2279739380
4.5010000000,-51.9204139709
4.5020000000,-53.0433654785
4.5030000000,-48.3870506287
4.5040000000,-44.7320938110
4.5050000000,-36.8213653564
4.5060000000,-28.0666351318
4.5070000000,-18.0745124817
4.5080000000,-8.0323219299
4.5090000000,2.5463104248
4.5100000000,12.0377540588
4.5110000000,21.9583511353
4.5120000000,30.5414199829
4.5130000000,39.2246246338
4.5140000000,44.6820259094
4.5150000000,48.8448143005
4.5160000000,53.2436370850
4.5170000000,52.1349906921
4.5180000000,52.5283813477
4.5190000000,47.7504730225
4.5200000000,43.6449050903
4.5210000000,36.0560417175
4.5220000000,26.8578529358
4.5230000000,16.2649154663
4.5240000000,6.0653686523
4.5250000000,-4.2772293091
4.5260000000,-13.9474868774
4.5270000000,-24.0325927734
4.5280000000,-32.1078300476
4.5290000000,-40.2545928955
4.5300000000,-45.5045700073
4.5310000000,-50.2967834473
4.5320000000,-52.0706176758
4.5330000000,-52.4425506592
4.5340000000,-51.8918037415
4.5350000000,-46.6203689575
4.5360000000,-42.9010391235
4.5370000000,-32.9232215881
4.5380000000,-24.7263908386
4.5390000000,-14.2478942871
4.5400000000,-4.1770935059
4.5410000000,6.3443183899
4.5420000000,15.7713890076
4.5430000000,25.7492065430
4.5440000000,33.5812568665
4.5450000000,42.4647331238
4.5460000000,46.4487075806
4.5470000000,51.3911247253
4.5480000000,52.4210929871
4.5490000000,52.4926185608
4.5500000000,50.6186485291
4.5510000000,45.8264350891
4.5520000000,40.8339500427
4.5530000000,31.4784049988
4.5540000000,22.1157073975
4.5550000000,11.8875503540
4.5560000000,0.9298324585
4.5570000000,-9.0479850769
4.5580000000,-18.9828872681
4.5590000000,-27.8019905090
4.5600000000,-36.7069244385
4.5610000000,-42.4289703369
4.5620000000,-47.9292869568
4.5630000000,-51.9347190857
4.5640000000,-51.9132614136
4.5650000000,-53.2650947571
4.5660000000,-48.8877296448
4.5670000000,-44.7177886963
4.5680000000,-38.2375717163
4.5690000000,-28.6746025085
4.5700000000,-18.4535980225
4.5710000000,-8.5616111755
4.5720000000,1.8882751465
4.5730000000,11.9733810425
4.5740000000,21.9082832336
4.5750000000,30.3053855896
4.5760000000,39.2317771912
4.5770000000,44.8107719421
4.5780000000,49.0021705627
4.5790000000,52.8717041016
4.5800000000,52.2351264954
4.5810000000,52.2708892822
4.5820000000,47.1925735474
4.5830000000,43.4017181396
4.5840000000,34.8186492920
4.5850000000,25.3772735596
4.5860000000,14.8987770081
4.5870000000,4.4560432434
4.5880000000,-5.9866905212
4.5890000000,-16.2363052368
4.5900000000,-25.6633758545
4.5910000000,-33.9961051941
4.5920000000,-41.5849685669
4.5930000000,-46.5703010559
4.5940000000,-51.4698028564
4.5950000000,-51.8631935120
4.5960000000,-53.0004501343
4.5970000000,-50.0965118408
4.5980000000,-45.4831123352
4.5990000000,-40.1401519775
4.6000000000,-30.1837921143
4.6010000000,-21.2073326111
4.6020000000,-10.4355812073
4.6030000000,-0.2360343933
4.6040000000,9.7346305847
4.6050000000,20.0843811035
4.6060000000,29.0822982788
4.6070000000,38.4664535522
4.6080000000,44.2099571228
4.6090000000,48.5086441040
4.6100000000,52.8287887573
4.6110000000,52.4067878723
4.6120000000,51.9275665283
4.6130000000,48.0937957764
4.6140000000,43.4374809265
4.6150000000,36.1132621765
4.6160000000,26.1282920837
4.6170000000,15.6927108765
4.6180000000,5.3000450134
4.6190000000,-5.2428245544
4.6200000000,-14.9631500244
4.6210000000,-24.9624252319
4.6220000000,-33.9174270630
4.6230000000,-41.5492057800
4.6240000000,-45.8979606628
4.6250000000,-51.5198707581
4.6260000000,-52.0777702332
4.6270000000,-52.8931617737
4.6280000000,-50.0035285950
4.6290000000,-45.7620620728
4.6300000000,-39.8540496826
4.6310000000,-29.9692153931
4.6320000000,-20.9856033325
4.6330000000,-10.2210044861
4.6340000000,0.0929832458
4.6350000000,10.0350379944
4.6360000000,20.6780433655
4.6370000000,29.4041633606
4.6380000000,38.5165214539
4.6390000000,44.3243980408
4.6400000000,48.7732887268
4.6410000000,52.7501106262
4.6420000000,52.3710250854
4.6430000000,51.9204139709
4.6440000000,47.5430488586
4.6450000000,42.8867340088
4.6460000000,34.8830223083
4.6470000000,24.9695777893
4.6480000000,14.4338607788
4.6490000000,3.8194656372
4.6500000000,-6.5016746521
4.6510000000,-16.5581703186
4.6520000000,-26.1211395264
4.6530000000,-35.7699394226
4.6540000000,-41.9497489929
4.6550000000,-46.9279289246
4.6560000000,-51.7272949219
4.6570000000,-52.1850585938
4.6580000000,-52.9789924622
4.6590000000,-49.1881370544
4.6600000000,-44.5747375488
4.6610000000,-38.1445884705
4.6620000000,-28.0022621155
4.6630000000,-18.3749198914
4.6640000000,-7.6460838318
4.6650000000,2.7608871460
4.6660000000,12.5670433044
4.6670000000,22.9954719543
4.6680000000,31.7287445068
4.6690000000,41.1701202393
4.6700000000,45.2041625977
4.6710000000,50.4827499390
4.6720000000,52.4711608887
4.6730000000,51.0191917419
4.6740000000,51.0191917419
4.6750000000,46.3056564331
4.6760000000,40.8840179443
4.6770000000,31.5499305725
4.6780000000,21.8653678894
4.6790000000,10.8504295349
4.6800000000,0.3147125244
4.6810000000,-9.6631050110
4.6820000000,-20.3132629395
4.6830000000,-29.4327735901
4.6840000000,-38.6738777161
4.6850000000,-43.7092781067
4.6860000000,-49.0450859070
4.6870000000,-52.1349906921
4.6880000000,-52.5069236755
4.6890000000,-51.6629219055
4.6900000000,-47.2497940063
4.6910000000,-42.8080558777
4.6920000000,-33.5955619812
4.6930000000,-23.9539146423
4.6940000000,-13.8258934021
4.6950000000,-3.2258033752
4.6960000000,7.0095062256
4.6970000000,17.4450874329
4.6980000000,26.9937515259
4.6990000000,36.5781784058
4.7000000000,42.7651405334
4.7010000000,47.6789474487
4.7020000000,52.6499748230
4.7030000000,51.9132614136
4.7040000000,51.9061088562
4.7050000000,48.7947463989
4.7060000000,43.2443618774
4.7070000000,36.9358062744
4.7080000000,26.2427330017
4.7090000000,16.2220001221
4.7100000000,4.9638748169
4.7110000000,-5.5575370789
4.7120000000,-15.7284736633
4.7130000000,-25.4702568054
4.7140000000,-34.8043441772
4.7150000000,-41.3417816162
4.7160000000,-47.0852851868
4.7170000000,-51.5127182007
4.7180000000,-51.7129898071
4.7190000000,-53.2293319702
4.7200000000,-48.9020347595
4.7210000000,-44.2671775818
4.7220000000,-37.9514694214
4.7230000000,-27.6446342468
4.7240000000,-18.1317329407
4.7250000000,-6.8163871765
4.7260000000,3.7550926208
4.7270000000,13.8330459595
4.7280000000,24.0182876587
4.7290000000,32.7801704407
4.7300000000,41.4276123047
4.7310000000,46.2985038757
4.7320000000,50.8546829224
4.7330000000,52.6070594788
4.7340000000,52.1063804626
4.7350000000,49.9606132507
4.7360000000,44.9681282043
4.7370000000,39.3176078796
4.7380000000,29.1824340820
4.7390000000,19.1903114319
4.7400000000,7.8248977661
4.7410000000,-2.8967857361
4.7420000000,-12.8459930420
4.7430000000,-23.1742858887
4.7440000000,-32.6228141785
4.7450000000,-40.4477119446
4.7460000000,-45.4473495483
4.7470000000,-51.0621070862
4.7480000000,-51.9418716431
4.7490000000,-52.7358055115
4.7500000000,-49.8390197754
4.7510000000,-45.5832481384
4.7520000000,-39.5894050598
4.7530000000,-29.0465354919
4.7540000000,-19.6766853333
4.7550000000,-8.7547302246
4.7560000000,1.9240379333
4.7570000000,12.0663642883
4.7580000000,22.4375724792
4.7590000000,31.6143035889
4.7600000000,40.8411026001
4.7610000000,45.1397895813
4.7620000000,50.7473945618
4.7630000000,52.2708892822
4.7640000000,52.0062446594
4.7650000000,50.4970550537
4.7660000000,45.6333160400
4.7670000000,39.8683547974
4.7680000000,30.0192832947
4.7690000000,20.1201438904
4.7700000000,8.7261199951
4.7710000000,-2.2101402283
4.7720000000,-12.3167037964
4.7730000000,-22.5734710693
4.7740000000,-32.1364402771
4.7750000000,-40.1186943054
4.7760000000,-45.2470779419
4.7770000000,-50.9262084961
4.7780000000,-51.8488883972
4.7790000000,-52.6428222656
4.7800000000,-50.0106811523
4.7810000000,-45.5260276794
4.7820000000,-39.6037101746
4.7830000000,-29.0179252625
4.7840000000,-19.5336341858
4.7850000000,-8.6116790771
4.7860000000,2.2530555725
4.7870000000,12.4740600586
4.7880000000,22.7379798889
4.7890000000,32.1793556213
4.7900000000,40.9913063049
4.7910000000,45.3829765320
4.7920000000,51.0263442993
4.7930000000,52.2208213806
4.7940000000,52.0420074463
4.7950000000,49.9820709229
4.7960000000,45.1111793518
4.7970000000,39.1602516174
4.7980000000,29.0179252625
4.7990000000,18.9828872681
4.8000000000,7.4815750122
4.8010000000,-3.4260749817
4.8020000000,-13.7186050415
4.8030000000,-23.6749649048
4.8040000000,-33.7386131287
4.8050000000,-40.6765937805
4.8060000000,-45.9766387939
4.8070000000,-51.3267517090
4.8080000000,-52.0277023315
4.8090000000,-52.8216362000
4.8100000000,-49.0379333496
4.8110000000,-44.4817543030
4.8120000000,-37.9514694214
4.8130000000,-27.1368026733
4.8140000000,-17.5523757935
4.8150000000,-6.4158439636
4.8160000000,4.4631958008
4.8170000000,14.7199630737
4.8180000000,24.8765945435
4.8190000000,34.7542762756
4.8200000000,41.6278839111
4.8210000000,46.8778610229
4.8220000000,52.0849227905
4.8230000000,51.8345832825
4.8240000000,51.9418716431
4.8250000000,48.8233566284
4.8260000000,43.2872772217
4.8270000000,37.0001792908
4.8280000000,25.9137153625
4.8290000000,15.7713890076
4.8300000000,4.1699409485
4.8310000000,-6.4301490784
4.8320000000,-16.9515609741
4.8330000000,-26.8578529358
4.8340000000,-36.6926193237
4.8350000000,-42.0641899109
4.8360000000,-48.1152534485
4.8370000000,-51.7129898071
4.8380000000,-52.1421432495
4.8390000000,-51.9275665283
4.8400000000,-47.5072860718
4.8410000000,-42.4861907959
4.8420000000,-34.1105461121
4.8430000000,-23.4603881836
4.8440000000,-13.3895874023
4.8450000000,-2.2244453430
4.8460000000,8.4543228149
4.8470000000,18.9471244812
4.8480000000,28.6674499512
4.8490000000,38.5451316833
4.8500000000,43.8809394836
4.8510000000,49.0021705627
4.8520000000,52.4210929871
4.8530000000,51.9490242004
4.8540000000,51.3482093811
4.8550000000,46.3342666626
4.8560000000,40.9054756165
4.8570000000,31.8074226379
4.8580000000,21.1930274963
4.8590000000,10.4069709778
4.8600000000,-1.0013580322
4.8610000000,-11.4870071411
4.8620000000,-21.6436386108
4.8630000000,-32.0076942444
4.8640000000,-39.7467613220
4.8650000000,-45.1683998108
4.8660000000,-50.9405136108
4.8670000000,-51.7129898071
4.8680000000,-52.6499748230
4.8690000000,-49.5600700378
4.8700000000,-44.8751449585
4.8710000000,-38.7525558472
4.8720000000,-27.8234481812
4.8730000000,-17.9386138916
4.8740000000,-6.9236755371
4.8750000000,4.2057037354
4.8760000000,14.6269798279
4.8770000000,24.7907638550
4.8780000000,35.0403785706
4.8790000000,41.4776802063
4.8800000000,47.0423698425
4.8810000000,52.2637367249
4.8820000000,51.7416000366
4.8830000000,51.7272949219
4.8840000000,48.4085083008
4.8850000000,42.6006317139
4.8860000000,36.0345840454
4.8870000000,24.6047973633
4.8880000000,14.3194198608
4.8890000000,2.7036666870
4.8900000000,-8.1753730774
4.8910000000,-18.5251235962
4.8920000000,-28.7389755249
4.8930000000,-37.7869606018
4.8940000000,-43.4875488281
4.8950000000,-49.2811203003
4.8960000000,-51.5842437744
4.8970000000,-52.4997711182
4.8980000000,-50.9405136108
4.8990000000,-45.8264350891
4.9000000000,-40.9197807312
4.9010000000,-30.7989120483
4.9020000000,-20.3847885132
4.9030000000,-9.7918510437
4.9040000000,1.5950202942
4.9050000000,12.1164321899
4.9060000000,22.4089622498
4.9070000000,32.7515602112
4.9080000000,40.4047966003
4.9090000000,45.7620620728
4.9100000000,51.3553619385
4.9110000000,51.9633293152
4.9120000000,51.9490242004
4.9130000000,49.2596626282
4.9140000000,43.8165664673
4.9150000000,37.5437736511
4.9160000000,26.5860557556
4.9170000000,16.1862373352
4.9180000000,4.6634674072
4.9190000000,-6.6876411438
4.9200000000,-17.0588493347
4.9210000000,-27.2297859192
4.9220000000,-36.8571281433
4.9230000000,-42.4861907959
4.9240000000,-48.5873222351
4.9250000000,-51.6557693481
4.9260000000,-52.2565841675
4.9270000000,-51.2909889221
4.9280000000,-46.5488433838
4.9290000000,-41.3131713867
4.9300000000,-32.0076942444
4.9310000000,-21.2144851685
4.9320000000,-10.9076499939
4.9330000000,0.3719329834
4.9340000000,11.2009048462
4.9350000000,21.5721130371
4.9360000000,32.0506095886
4.9370000000,40.1329994202
4.9380000000,45.4831123352
4.9390000000,51.1693954468
4.9400000000,51.9490242004
4.9410000000,51.9061088562
4.9420000000,49.3383407593
4.9430000000,44.0096855164
4.9440000000,37.4436378479
4.9450000000,26.6361236572
4.9460000000,16.1933898926
4.9470000000,4.6133995056
4.9480000000,-6.8378448486
4.9490000000,-17.2233581543
4.9500000000,-27.4872779846
4.9510000000,-36.9644165039
4.9520000000,-42.8509712219
4.9530000000,-48.8448143005
4.9540000000,-51.5556335449
4.9550000000,-52.2923469543
4.9560000000,-51.0907173157
4.9570000000,-46.1840629578
4.9580000000,-40.8339500427
4.9590000000,-31.0277938843
4.9600000000,-20.3990936279
4.9610000000,-9.7131729126
4.9620000000,1.8811225891
4.9630000000,12.5384330750
4.9640000000,22.8524208069
4.9650000000,33.3380699158
4.9660000000,40.3976440430
4.9670000000,46.0910797119
4.9680000000,51.4411926270
4.9690000000,51.6200065613
4.9700000000,51.8989562988
4.9710000000,48.7017631531
4.9720000000,42.8152084351
4.9730000000,36.4923477173
4.9740000000,25.3701210022
4.9750000000,14.8272514343
4.9760000000,3.0827522278
4.9770000000,-8.1324577332
4.9780000000,-18.4392929077
4.9790000000,-29.0679931641
4.9800000000,-38.1946563721
4.9810000000,-43.9310073853
4.9820000000,-49.8676300049
4.9830000000,-51.3625144958
4.9840000000,-52.2637367249
4.9850000000,-50.2038002014
4.9860000000,-45.0968742371
4.9870000000,-39.5178794861
4.9880000000,-28.0165672302
4.9890000000,-18.4750556946
4.9900000000,-7.4958801270
4.9910000000,4.3416023254
4.9920000000,14.8272514343
4.9930000000,25.1197814941
4.9940000000,35.2764129639
4.9950000000,42.0427322388
4.9960000000,47.8076934814
4.9970000000,51.9990921021
4.9980000000,52.0420074463
4.9990000000,51.4197349548
