time (s),velocity (rpm)
0.0000000000,0.0000000000
0.0010000000,-0.0071525574
0.0020000000,0.0429153442
0.0030000000,-0.0286102295
0.0040000000,-0.0071525574
0.0050000000,-0.0071525574
0.0060000000,0.0143051147
0.0070000000,0.0286102295
0.0080000000,0.0357627869
0.0090000000,-0.0071525574
0.0100000000,0.0071525574
0.0110000000,-0.0143051147
0.0120000000,0.0000000000
0.0130000000,0.0357627869
0.0140000000,0.0500679016
0.0150000000,0.0214576721
0.0160000000,0.0286102295
0.0170000000,0.0214576721
0.0180000000,0.0643730164
0.0190000000,0.0786781311
0.0200000000,0.0643730164
0.0210000000,0.1001358032
0.0220000000,0.0715255737
0.0230000000,0.1215934753
0.0240000000,0.0572204590
0.0250000000,0.0858306885
0.0260000000,0.1001358032
0.0270000000,0.1716613770
0.0280000000,0.1430511475
0.0290000000,0.1716613770
0.0300000000,0.1573562622
0.0310000000,0.1859664917
0.0320000000,0.1859664917
0.0330000000,0.1931190491
0.0340000000,0.1931190491
0.0350000000,0.2074241638
0.0360000000,0.2288818359
0.0370000000,0.2431869507
0.0380000000,0.3147125244
0.0390000000,0.3433227539
0.0400000000,0.3218650818
0.0410000000,0.3647804260
0.0420000000,0.3504753113
0.0430000000,0.4363059998
0.0440000000,0.3862380981
0.0450000000,0.4577636719
0.0460000000,0.4506111145
0.0470000000,0.6008148193
0.0480000000,0.5292892456
0.0490000000,0.6365776062
0.0500000000,0.6580352783
0.0510000000,0.7081031799
0.0520000000,0.7867813110
0.0530000000,0.8440017700
0.0540000000,0.9512901306
0.0550000000,0.9727478027
0.0560000000,1.1086463928
0.0570000000,1.1873245239
0.0580000000,1.3804435730
0.0590000000,1.4877319336
0.0600000000,1.5521049500
0.0610000000,1.7094612122
0.0620000000,1.7952919006
0.0630000000,1.9168853760
0.0640000000,2.0313262939
0.0650000000,2.0956993103
0.0660000000,2.2459030151
0.0670000000,2.2602081299
0.0680000000,2.5105476379
0.0690000000,2.6321411133
0.0700000000,2.7537345886
0.0710000000,2.9468536377
0.0720000000,3.1042098999
0.0730000000,3.1542778015
0.0740000000,3.2758712769
0.0750000000,3.4189224243
0.0760000000,3.5619735718
0.0770000000,3.6907196045
0.0780000000,3.9839744568
0.0790000000,4.1198730469
0.0800000000,4.3845176697
0.0810000000,4.3916702271
0.0820000000,4.3988227844
0.0830000000,4.5633316040
0.0840000000,4.5990943909
0.0850000000,4.8851966858
0.0860000000,5.0926208496
0.0870000000,5.2070617676
0.0880000000,5.1712989807
0.0890000000,5.3715705872
0.0900000000,5.6576728821
0.0910000000,5.8722496033
0.0920000000,6.0868263245
0.0930000000,6.1297416687
0.0940000000,6.0725212097
0.0950000000,6.2084197998
0.0960000000,6.5445899963
0.0970000000,6.5803527832
0.0980000000,6.5660476685
0.0990000000,6.7448616028
0.1000000000,7.0810317993
0.1010000000,7.3170661926
0.1020000000,7.1167945862
0.1030000000,6.9379806519
0.1040000000,7.2169303894
0.1050000000,7.4601173401
0.1060000000,7.3885917664
0.1070000000,7.6103210449
0.1080000000,8.0895423889
0.1090000000,8.3899497986
0.1100000000,8.4614753723
0.1110000000,8.4400177002
0.1120000000,8.9120864868
0.1130000000,9.0408325195
0.1140000000,9.2267990112
0.1150000000,9.8490715027
0.1160000000,10.0493431091
0.1170000000,9.9349021912
0.1180000000,10.4141235352
0.1190000000,10.2066993713
0.1200000000,10.2925300598
0.1210000000,10.8289718628
0.1220000000,11.0650062561
0.1230000000,11.3511085510
0.1240000000,11.6014480591
0.1250000000,11.6086006165
0.1260000000,12.3739242554
0.1270000000,12.3524665833
0.1280000000,12.5813484192
0.1290000000,12.4955177307
0.1300000000,12.4025344849
0.1310000000,12.9032135010
0.1320000000,13.0105018616
0.1330000000,13.5326385498
0.1340000000,13.5183334351
0.1350000000,14.5769119263
0.1360000000,14.2478942871
0.1370000000,14.1406059265
0.1380000000,13.7972831726
0.1390000000,14.4338607788
0.1400000000,14.7485733032
0.1410000000,14.8057937622
0.1420000000,14.9559974670
0.1430000000,16.1218643188
0.1440000000,15.7928466797
0.1450000000,15.6354904175
0.1460000000,15.2564048767
0.1470000000,16.1719322205
0.1480000000,16.1433219910
0.1490000000,16.4937973022
0.1500000000,16.7012214661
0.1510000000,17.3592567444
0.1520000000,17.6024436951
0.1530000000,16.8228149414
0.1540000000,17.3735618591
0.1550000000,17.7597999573
0.1560000000,17.8670883179
0.1570000000,18.4822082520
0.1580000000,18.7540054321
0.1590000000,18.7611579895
0.1600000000,18.3820724487
0.1610000000,18.9399719238
0.1620000000,19.4406509399
0.1630000000,20.0915336609
0.1640000000,20.3704833984
0.1650000000,19.7124481201
0.1660000000,19.9341773987
0.1670000000,20.3990936279
0.1680000000,20.5349922180
0.1690000000,21.9440460205
0.1700000000,21.5291976929
0.1710000000,20.7281112671
0.1720000000,21.7938423157
0.1730000000,21.9154357910
0.1740000000,22.0727920532
0.1750000000,23.0526924133
0.1760000000,22.8023529053
0.1770000000,22.8166580200
0.1780000000,23.3817100525
0.1790000000,23.3674049377
0.1800000000,24.5189666748
0.1810000000,24.1971015930
0.1820000000,24.1541862488
0.1830000000,24.5618820190
0.1840000000,25.3772735596
0.1850000000,25.8708000183
0.1860000000,24.7120857239
0.1870000000,25.4845619202
0.1880000000,25.5060195923
0.1890000000,27.2655487061
0.1900000000,26.2928009033
0.1910000000,26.2570381165
0.1920000000,26.7076492310
0.1930000000,27.1224975586
0.1940000000,28.0809402466
0.1950000000,27.0724296570
0.1960000000,27.6875495911
0.1970000000,27.9450416565
0.1980000000,29.0107727051
0.1990000000,28.3384323120
0.2000000000,28.2382965088
0.2010000000,29.0536880493
0.2020000000,30.3912162781
0.2030000000,28.9893150330
0.2040000000,29.3898582458
0.2050000000,29.9763679504
0.2060000000,31.3854217529
0.2070000000,29.8690795898
0.2080000000,30.6057929993
0.2090000000,31.2352180481
0.2100000000,31.6858291626
0.2110000000,31.0206413269
0.2120000000,31.9075584412
0.2130000000,32.7086448669
0.2140000000,31.7931175232
0.2150000000,32.7372550964
0.2160000000,32.4583053589
0.2170000000,34.0104103088
0.2180000000,33.1091880798
0.2190000000,33.5311889648
0.2200000000,34.2750549316
0.2210000000,34.0533256531
0.2220000000,34.4610214233
0.2230000000,34.3251228333
0.2240000000,35.5625152588
0.2250000000,35.0761413574
0.2260000000,35.1262092590
0.2270000000,35.9272956848
0.2280000000,36.1061096191
0.2290000000,35.5267524719
0.2300000000,37.2362136841
0.2310000000,36.3063812256
0.2320000000,36.3349914551
0.2330000000,37.4078750610
0.2340000000,37.7011299133
0.2350000000,36.6854667664
0.2360000000,37.7368927002
0.2370000000,39.1745567322
0.2380000000,37.0073318481
0.2390000000,38.4950637817
0.2400000000,39.9899482727
0.2410000000,37.8584861755
0.2420000000,39.2603874207
0.2430000000,40.3332710266
0.2440000000,39.1530990601
0.2450000000,39.8826599121
0.2460000000,40.8053398132
0.2470000000,39.8898124695
0.2480000000,40.6765937805
0.2490000000,41.4991378784
0.2500000000,40.4477119446
0.2510000000,41.6707992554
0.2520000000,41.5563583374
0.2530000000,41.4633750916
0.2540000000,42.6435470581
0.2550000000,42.3359870911
0.2560000000,41.6564941406
0.2570000000,44.0168380737
0.2580000000,42.9582595825
0.2590000000,41.7423248291
0.2600000000,44.6176528931
0.2610000000,43.1513786316
0.2620000000,44.1598892212
0.2630000000,43.8165664673
0.2640000000,43.4088706970
0.2650000000,45.3042984009
0.2660000000,44.0883636475
0.2670000000,44.0025329590
0.2680000000,45.5474853516
0.2690000000,44.5246696472
0.2700000000,45.7906723022
0.2710000000,44.9395179749
0.2720000000,44.7535514832
0.2730000000,46.9994544983
0.2740000000,45.0468063354
0.2750000000,46.4701652527
0.2760000000,45.7906723022
0.2770000000,46.0124015808
0.2780000000,47.7147102356
0.2790000000,46.0553169250
0.2800000000,46.8206405640
0.2810000000,47.0423698425
0.2820000000,46.7061996460
0.2830000000,48.3298301697
0.2840000000,46.4415550232
0.2850000000,47.9435920715
0.2860000000,47.5358963013
0.2870000000,47.0352172852
0.2880000000,48.7589836121
0.2890000000,47.3785400391
0.2900000000,48.7017631531
0.2910000000,47.8649139404
0.2920000000,47.5287437439
0.2930000000,49.3454933167
0.2940000000,48.1581687927
0.2950000000,49.4384765625
0.2960000000,48.3298301697
0.2970000000,48.8662719727
0.2980000000,49.5386123657
0.2990000000,48.8162040710
0.3000000000,50.5828857422
0.3010000000,48.8805770874
0.3020000000,50.4612922668
0.3030000000,49.4599342346
0.3040000000,49.3168830872
0.3050000000,50.3611564636
0.3060000000,49.4027137756
0.3070000000,50.8975982666
0.3080000000,49.1595268250
0.3090000000,50.1394271851
0.3100000000,49.8032569885
0.3110000000,49.2882728577
0.3120000000,50.5328178406
0.3130000000,49.3741035461
0.3140000000,51.1121749878
0.3150000000,49.5529174805
0.3160000000,50.6615638733
0.3170000000,50.3039360046
0.3180000000,50.0321388245
0.3190000000,51.4054298401
0.3200000000,49.7674942017
0.3210000000,51.4841079712
0.3220000000,49.8247146606
0.3230000000,50.7044792175
0.3240000000,49.8533248901
0.3250000000,49.2024421692
0.3260000000,50.4541397095
0.3270000000,49.4885444641
0.3280000000,50.5542755127
0.3290000000,48.8305091858
0.3300000000,50.0392913818
0.3310000000,49.5100021362
0.3320000000,48.6373901367
0.3330000000,50.2538681030
0.3340000000,48.6159324646
0.3350000000,50.0965118408
0.3360000000,48.7804412842
0.3370000000,48.6087799072
0.3380000000,49.1380691528
0.3390000000,48.1510162354
0.3400000000,50.0178337097
0.3410000000,47.6217269897
0.3420000000,49.3526458740
0.3430000000,48.3226776123
0.3440000000,47.6646423340
0.3450000000,49.3240356445
0.3460000000,47.3141670227
0.3470000000,48.8090515137
0.3480000000,47.0924377441
0.3490000000,47.0852851868
0.3500000000,48.0508804321
0.3510000000,46.7920303345
0.3520000000,47.8935241699
0.3530000000,46.4844703674
0.3540000000,46.1840629578
0.3550000000,46.9636917114
0.3560000000,46.2985038757
0.3570000000,46.4272499084
0.3580000000,45.5260276794
0.3590000000,45.5975532532
0.3600000000,46.2055206299
0.3610000000,44.5461273193
0.3620000000,45.5617904663
0.3630000000,44.1384315491
0.3640000000,43.9167022705
0.3650000000,45.0611114502
0.3660000000,43.4303283691
0.3670000000,43.3588027954
0.3680000000,43.9381599426
0.3690000000,42.4861907959
0.3700000000,42.9511070251
0.3710000000,42.4575805664
0.3720000000,41.6421890259
0.3730000000,42.6506996155
0.3740000000,41.2130355835
0.3750000000,40.1759147644
0.3760000000,41.9354438782
0.3770000000,40.1973724365
0.3780000000,39.3891334534
0.3790000000,40.5550003052
0.3800000000,38.9170646667
0.3810000000,38.5594367981
0.3820000000,39.4749641418
0.3830000000,37.8084182739
0.3840000000,36.8928909302
0.3850000000,38.6452674866
0.3860000000,36.6783142090
0.3870000000,35.7699394226
0.3880000000,37.0216369629
0.3890000000,35.3908538818
0.3900000000,35.2334976196
0.3910000000,34.7971916199
0.3920000000,35.0117683411
0.3930000000,33.3094596863
0.3940000000,33.3023071289
0.3950000000,33.7600708008
0.3960000000,32.1722030640
0.3970000000,31.8074226379
0.3980000000,31.9147109985
0.3990000000,31.2280654907
0.4000000000,30.3697586060
0.4010000000,29.3326377869
0.4020000000,30.3912162781
0.4030000000,28.8963317871
0.4040000000,28.2597541809
0.4050000000,27.8091430664
0.4060000000,27.6160240173
0.4070000000,27.3728370667
0.4080000000,25.8564949036
0.4090000000,25.5346298218
0.4100000000,25.2985954285
0.4110000000,25.2771377563
0.4120000000,24.5618820190
0.4130000000,23.2458114624
0.4140000000,22.7880477905
0.4150000000,22.1943855286
0.4160000000,23.1599807739
0.4170000000,21.0785865784
0.4180000000,20.3990936279
0.4190000000,20.1988220215
0.4200000000,18.9614295959
0.4210000000,19.4263458252
0.4220000000,19.2618370056
0.4230000000,17.3735618591
0.4240000000,16.7441368103
0.4250000000,16.8657302856
0.4260000000,15.6354904175
0.4270000000,15.1920318604
0.4280000000,14.6770477295
0.4290000000,14.5554542542
0.4300000000,13.3466720581
0.4310000000,12.7029418945
0.4320000000,11.5942955017
0.4330000000,11.2867355347
0.4340000000,10.7502937317
0.4350000000,9.7990036011
0.4360000000,9.5558166504
0.4370000000,8.7404251099
0.4380000000,7.9894065857
0.4390000000,7.4815750122
0.4400000000,6.9451332092
0.4410000000,6.0296058655
0.4420000000,5.1927566528
0.4430000000,4.4989585876
0.4440000000,3.8623809814
0.4450000000,3.3259391785
0.4460000000,2.5534629822
0.4470000000,1.7952919006
0.4480000000,1.1301040649
0.4490000000,0.5149841309
0.4500000000,-0.0715255737
0.4510000000,-0.3862380981
0.4520000000,-0.7295608521
0.4530000000,-0.9584426880
0.4540000000,-1.1372566223
0.4550000000,-1.2803077698
0.4560000000,-1.6736984253
0.4570000000,-2.1386146545
0.4580000000,-2.6464462280
0.4590000000,-3.1542778015
0.4600000000,-3.8623809814
0.4610000000,-4.8351287842
0.4620000000,-5.8722496033
0.4630000000,-6.9880485535
0.4640000000,-7.7176094055
0.4650000000,-8.2254409790
0.4660000000,-9.1981887817
0.4670000000,-10.3139877319
0.4680000000,-11.1436843872
0.4690000000,-12.3810768127
0.4700000000,-12.8173828125
0.4710000000,-13.6971473694
0.4720000000,-14.6698951721
0.4730000000,-15.9144401550
0.4740000000,-16.0288810730
0.4750000000,-16.4008140564
0.4760000000,-17.3377990723
0.4770000000,-18.5751914978
0.4780000000,-19.0472602844
0.4790000000,-20.2059745789
0.4800000000,-21.5578079224
0.4810000000,-20.8926200867
0.4820000000,-21.9011306763
0.4830000000,-22.7737426758
0.4840000000,-23.7965583801
0.4850000000,-25.0911712646
0.4860000000,-24.4474411011
0.4870000000,-25.2771377563
0.4880000000,-26.0066986084
0.4890000000,-27.6088714600
0.4900000000,-27.5945663452
0.4910000000,-27.6446342468
0.4920000000,-28.6746025085
0.4930000000,-29.8905372620
0.4940000000,-30.5414199829
0.4950000000,-30.2910804749
0.4960000000,-31.1207771301
0.4970000000,-32.9518318176
0.4980000000,-32.4940681458
0.4990000000,-32.7372550964
0.5000000000,-33.7600708008
0.5010000000,-35.0260734558
0.5020000000,-34.2535972595
0.5030000000,-35.0975990295
0.5040000000,-36.9358062744
0.5050000000,-35.7913970947
0.5060000000,-36.5924835205
0.5070000000,-38.1588935852
0.5080000000,-37.7297401428
0.5090000000,-38.2304191589
0.5100000000,-39.6108627319
0.5110000000,-39.4821166992
0.5120000000,-39.7539138794
0.5130000000,-41.4848327637
0.5140000000,-40.7052040100
0.5150000000,-41.2845611572
0.5160000000,-43.1084632874
0.5170000000,-41.8996810913
0.5180000000,-43.0011749268
0.5190000000,-43.9095497131
0.5200000000,-43.5447692871
0.5210000000,-44.1455841064
0.5220000000,-45.0325012207
0.5230000000,-44.4960594177
0.5240000000,-46.4272499084
0.5250000000,-45.1397895813
0.5260000000,-46.0767745972
0.5270000000,-46.5989112854
0.5280000000,-46.3628768921
0.5290000000,-48.0294227600
0.5300000000,-46.7491149902
0.5310000000,-47.3070144653
0.5320000000,-48.5730171204
0.5330000000,-47.7576255798
0.5340000000,-49.3741035461
0.5350000000,-48.1796264648
0.5360000000,-48.8448143005
0.5370000000,-49.1666793823
0.5380000000,-48.9163398743
0.5390000000,-49.9677658081
0.5400000000,-49.2095947266
0.5410000000,-50.4755973816
0.5420000000,-49.2739677429
0.5430000000,-49.6959686279
0.5440000000,-50.3540039063
0.5450000000,-49.7674942017
0.5460000000,-50.8761405945
0.5470000000,-49.8962402344
0.5480000000,-51.2337684631
0.5490000000,-49.9820709229
0.5500000000,-50.2896308899
0.5510000000,-50.7259368896
0.5520000000,-50.0965118408
0.5530000000,-50.9333610535
0.5540000000,-49.9320030212
0.5550000000,-50.9262084961
0.5560000000,-49.6387481689
0.5570000000,-50.2467155457
0.5580000000,-50.2824783325
0.5590000000,-49.6959686279
0.5600000000,-50.5971908569
0.5610000000,-48.9163398743
0.5620000000,-49.9033927917
0.5630000000,-48.2082366943
0.5640000000,-48.8233566284
0.5650000000,-49.1809844971
0.5660000000,-47.3713874817
0.5670000000,-49.1738319397
0.5680000000,-47.2140312195
0.5690000000,-47.6574897766
0.5700000000,-47.4357604980
0.5710000000,-46.2913513184
0.5720000000,-47.7504730225
0.5730000000,-45.4258918762
0.5740000000,-45.5689430237
0.5750000000,-45.6762313843
0.5760000000,-43.8094139099
0.5770000000,-45.5403327942
0.5780000000,-43.3874130249
0.5790000000,-42.9940223694
0.5800000000,-43.8737869263
0.5810000000,-42.0212745667
0.5820000000,-41.7494773865
0.5830000000,-42.1643257141
0.5840000000,-41.1987304688
0.5850000000,-41.2487983704
0.5860000000,-40.6694412231
0.5870000000,-39.1817092896
0.5880000000,-40.2903556824
0.5890000000,-38.9385223389
0.5900000000,-37.3578071594
0.5910000000,-37.8942489624
0.5920000000,-36.9000434875
0.5930000000,-36.0131263733
0.5940000000,-35.0260734558
0.5950000000,-35.5195999146
0.5960000000,-33.2164764404
0.5970000000,-33.1020355225
0.5980000000,-33.4095954895
0.5990000000,-31.4140319824
0.6000000000,-30.5700302124
0.6010000000,-30.4412841797
0.6020000000,-30.3125381470
0.6030000000,-28.4314155579
0.6040000000,-27.6303291321
0.6050000000,-27.2655487061
0.6060000000,-27.5945663452
0.6070000000,-25.5703926086
0.6080000000,-24.5332717896
0.6090000000,-24.5690345764
0.6100000000,-23.4103202820
0.6110000000,-23.9324569702
0.6120000000,-21.4576721191
0.6130000000,-20.5707550049
0.6140000000,-20.6065177917
0.6150000000,-18.8469886780
0.6160000000,-18.6538696289
0.6170000000,-18.2461738586
0.6180000000,-16.2863731384
0.6190000000,-15.5210494995
0.6200000000,-14.4624710083
0.6210000000,-13.6041641235
0.6220000000,-12.6028060913
0.6230000000,-12.2308731079
0.6240000000,-10.9004974365
0.6250000000,-10.0207328796
0.6260000000,-8.9120864868
0.6270000000,-7.4386596680
0.6280000000,-6.3514709473
0.6290000000,-5.6004524231
0.6300000000,-4.8351287842
0.6310000000,-3.7765502930
0.6320000000,-2.7823448181
0.6330000000,-1.7952919006
0.6340000000,-0.8511543274
0.6350000000,0.0357627869
0.6360000000,0.6580352783
0.6370000000,1.1086463928
0.6380000000,1.4233589172
0.6390000000,1.7881393433
0.6400000000,2.4747848511
0.6410000000,3.1614303589
0.6420000000,4.0125846863
0.6430000000,4.9924850464
0.6440000000,6.0582160950
0.6450000000,7.4386596680
0.6460000000,8.8262557983
0.6470000000,9.7346305847
0.6480000000,10.6716156006
0.6490000000,11.9304656982
0.6500000000,12.3596191406
0.6510000000,13.8330459595
0.6520000000,14.9703025818
0.6530000000,16.4079666138
0.6540000000,17.0874595642
0.6550000000,18.9685821533
0.6560000000,19.5908546448
0.6570000000,19.8340415955
0.6580000000,21.2502479553
0.6590000000,21.9583511353
0.6600000000,24.0468978882
0.6610000000,25.1841545105
0.6620000000,24.6548652649
0.6630000000,26.5574455261
0.6640000000,26.6003608704
0.6650000000,29.9334526062
0.6660000000,28.6531448364
0.6670000000,30.2910804749
0.6680000000,30.7345390320
0.6690000000,32.8087806702
0.6700000000,32.5584411621
0.6710000000,33.2021713257
0.6720000000,34.6326828003
0.6730000000,35.6554985046
0.6740000000,35.2835655212
0.6750000000,36.0560417175
0.6760000000,38.4449958801
0.6770000000,37.8012657166
0.6780000000,37.6510620117
0.6790000000,40.6193733215
0.6800000000,39.5679473877
0.6810000000,40.0829315186
0.6820000000,42.2143936157
0.6830000000,40.7052040100
0.6840000000,42.2930717468
0.6850000000,43.4231758118
0.6860000000,42.7651405334
0.6870000000,44.7320938110
0.6880000000,44.2528724670
0.6890000000,44.5389747620
0.6900000000,47.2068786621
0.6910000000,45.7549095154
0.6920000000,47.2426414490
0.6930000000,47.2283363342
0.6940000000,47.2426414490
0.6950000000,49.2024421692
0.6960000000,47.3642349243
0.6970000000,49.2668151855
0.6980000000,48.2869148254
0.6990000000,48.3155250549
0.7000000000,49.6315956116
0.7010000000,48.8734245300
0.7020000000,50.2538681030
0.7030000000,48.8734245300
0.7040000000,50.0893592834
0.7050000000,50.0249862671
0.7060000000,49.1881370544
0.7070000000,51.0406494141
0.7080000000,49.4456291199
0.7090000000,51.2981414795
0.7100000000,49.4813919067
0.7110000000,50.3110885620
0.7120000000,50.0822067261
0.7130000000,49.4170188904
0.7140000000,51.2051582336
0.7150000000,48.9735603333
0.7160000000,50.8117675781
0.7170000000,49.2882728577
0.7180000000,49.6029853821
0.7190000000,49.1452217102
0.7200000000,48.4585762024
0.7210000000,50.0321388245
0.7220000000,47.2998619080
0.7230000000,48.6588478088
0.7240000000,47.3785400391
0.7250000000,46.8850135803
0.7260000000,48.1152534485
0.7270000000,45.9194183350
0.7280000000,47.2712516785
0.7290000000,45.0611114502
0.7300000000,44.8894500732
0.7310000000,45.8550453186
0.7320000000,43.0798530579
0.7330000000,44.2385673523
0.7340000000,43.0727005005
0.7350000000,41.7494773865
0.7360000000,42.7293777466
0.7370000000,40.2045249939
0.7380000000,39.8468971252
0.7390000000,40.6980514526
0.7400000000,38.1946563721
0.7410000000,37.7583503723
0.7420000000,37.9228591919
0.7430000000,36.4708900452
0.7440000000,35.1762771606
0.7450000000,35.3980064392
0.7460000000,34.5253944397
0.7470000000,32.3438644409
0.7480000000,31.9433212280
0.7490000000,32.2437286377
0.7500000000,30.0979614258
0.7510000000,29.1824340820
0.7520000000,28.0737876892
0.7530000000,28.3813476563
0.7540000000,26.2498855591
0.7550000000,25.5703926086
0.7560000000,23.8037109375
0.7570000000,23.4246253967
0.7580000000,22.8667259216
0.7590000000,20.9712982178
0.7600000000,19.8984146118
0.7610000000,18.7754631042
0.7620000000,17.6739692688
0.7630000000,16.9229507446
0.7640000000,16.1361694336
0.7650000000,14.4553184509
0.7660000000,12.8173828125
0.7670000000,11.7874145508
0.7680000000,10.9004974365
0.7690000000,9.5558166504
0.7700000000,8.4972381592
0.7710000000,7.3957443237
0.7720000000,6.0081481934
0.7730000000,4.8279762268
0.7740000000,3.5762786865
0.7750000000,2.5677680969
0.7760000000,1.4019012451
0.7770000000,0.2002716064
0.7780000000,-0.6580352783
0.7790000000,-1.3303756714
0.7800000000,-1.9598007202
0.7810000000,-2.2315979004
0.7820000000,-2.8538703918
0.7830000000,-3.5905838013
0.7840000000,-4.6634674072
0.7850000000,-6.1368942261
0.7860000000,-7.5531005859
0.7870000000,-8.8763237000
0.7880000000,-10.7002258301
0.7890000000,-12.0162963867
0.7900000000,-13.0319595337
0.7910000000,-15.0847434998
0.7920000000,-16.3006782532
0.7930000000,-17.5309181213
0.7940000000,-18.1102752686
0.7950000000,-19.7267532349
0.7960000000,-21.2287902832
0.7970000000,-22.6378440857
0.7980000000,-24.1184234619
0.7990000000,-24.3544578552
0.8000000000,-25.7706642151
0.8010000000,-27.0581245422
0.8020000000,-28.7532806396
0.8030000000,-29.6974182129
0.8040000000,-29.9119949341
0.8050000000,-31.2638282776
0.8060000000,-33.2522392273
0.8070000000,-33.3809852600
0.8080000000,-34.2106819153
0.8090000000,-35.1548194885
0.8100000000,-36.8213653564
0.8110000000,-36.7641448975
0.8120000000,-38.0301475525
0.8130000000,-39.3319129944
0.8140000000,-39.2460823059
0.8150000000,-40.3261184692
0.8160000000,-41.7494773865
0.8170000000,-41.8567657471
0.8180000000,-42.3145294189
0.8190000000,-43.9667701721
0.8200000000,-43.5948371887
0.8210000000,-45.3114509583
0.8220000000,-44.6605682373
0.8230000000,-45.5904006958
0.8240000000,-46.6847419739
0.8250000000,-46.5416908264
0.8260000000,-47.8076934814
0.8270000000,-47.2784042358
0.8280000000,-47.8935241699
0.8290000000,-49.2310523987
0.8300000000,-48.6159324646
0.8310000000,-50.0750541687
0.8320000000,-49.0522384644
0.8330000000,-50.0965118408
0.8340000000,-50.1036643982
0.8350000000,-50.1608848572
0.8360000000,-50.8689880371
0.8370000000,-50.2324104309
0.8380000000,-51.5341758728
0.8390000000,-49.9963760376
0.8400000000,-50.7402420044
0.8410000000,-50.4827499390
0.8420000000,-50.8904457092
0.8430000000,-50.6687164307
0.8440000000,-49.8962402344
0.8450000000,-51.1622428894
0.8460000000,-49.2882728577
0.8470000000,-49.5672225952
0.8480000000,-49.1452217102
0.8490000000,-48.7589836121
0.8500000000,-49.4241714478
0.8510000000,-47.5287437439
0.8520000000,-48.1295585632
0.8530000000,-46.8921661377
0.8540000000,-46.5917587280
0.8550000000,-46.4916229248
0.8560000000,-44.9252128601
0.8570000000,-45.5975532532
0.8580000000,-43.9524650574
0.8590000000,-43.3373451233
0.8600000000,-44.0382957458
0.8610000000,-41.0842895508
0.8620000000,-41.0056114197
0.8630000000,-40.7052040100
0.8640000000,-39.0887260437
0.8650000000,-38.3949279785
0.8660000000,-38.1660461426
0.8670000000,-36.4923477173
0.8680000000,-35.3693962097
0.8690000000,-36.3993644714
0.8700000000,-33.3309173584
0.8710000000,-33.1664085388
0.8720000000,-32.2794914246
0.8730000000,-31.9504737854
0.8740000000,-29.8118591309
0.8750000000,-29.0679931641
0.8760000000,-28.6245346069
0.8770000000,-27.2727012634
0.8780000000,-25.6061553955
0.8790000000,-24.2042541504
0.8800000000,-23.2529640198
0.8810000000,-22.2587585449
0.8820000000,-20.3132629395
0.8830000000,-18.8040733337
0.8840000000,-17.2877311707
0.8850000000,-16.0074234009
0.8860000000,-14.7700309753
0.8870000000,-13.9546394348
0.8880000000,-12.3953819275
0.8890000000,-11.2581253052
0.8900000000,-9.1695785522
0.8910000000,-7.4172019958
0.8920000000,-6.2870979309
0.8930000000,-5.2142143250
0.8940000000,-3.8623809814
0.8950000000,-2.5677680969
0.8960000000,-1.1873245239
0.8970000000,0.1001358032
0.8980000000,0.9727478027
0.8990000000,1.8525123596
0.9000000000,2.3031234741
0.9010000000,3.0970573425
0.9020000000,4.1556358337
0.9030000000,5.3501129150
0.9040000000,6.7949295044
0.9050000000,8.5473060608
0.9060000000,10.5714797974
0.9070000000,11.8589401245
0.9080000000,12.6028060913
0.9090000000,13.9975547791
0.9100000000,15.7928466797
0.9110000000,17.7741050720
0.9120000000,18.4178352356
0.9130000000,20.2918052673
0.9140000000,22.8023529053
0.9150000000,22.6950645447
0.9160000000,24.3258476257
0.9170000000,25.5918502808
0.9180000000,27.0724296570
0.9190000000,29.1395187378
0.9200000000,28.9320945740
0.9210000000,30.5771827698
0.9220000000,31.9647789001
0.9230000000,33.9460372925
0.9240000000,33.5597991943
0.9250000000,34.7757339478
0.9260000000,37.9872322083
0.9270000000,37.1932983398
0.9280000000,38.0730628967
0.9290000000,41.1200523376
0.9300000000,40.2975082397
0.9310000000,41.2917137146
0.9320000000,43.5590744019
0.9330000000,42.3789024353
0.9340000000,44.3172454834
0.9350000000,45.0468063354
0.9360000000,44.6462631226
0.9370000000,46.7419624329
0.9380000000,46.0267066956
0.9390000000,46.2698936462
0.9400000000,47.6789474487
0.9410000000,47.4929809570
0.9420000000,48.7947463989
0.9430000000,48.0365753174
0.9440000000,49.0522384644
0.9450000000,49.6172904968
0.9460000000,48.6302375793
0.9470000000,50.9333610535
0.9480000000,49.3311882019
0.9490000000,51.0835647583
0.9500000000,49.8247146606
0.9510000000,50.0106811523
0.9520000000,50.5900382996
0.9530000000,49.7031211853
0.9540000000,51.4626502991
0.9550000000,49.2024421692
0.9560000000,50.9405136108
0.9570000000,49.5886802673
0.9580000000,49.2954254150
0.9590000000,49.4170188904
0.9600000000,48.4871864319
0.9610000000,49.5100021362
0.9620000000,47.3713874817
0.9630000000,47.6861000061
0.9640000000,46.7133522034
0.9650000000,46.1769104004
0.9660000000,46.9064712524
0.9670000000,44.4674491882
0.9680000000,44.6105003357
0.9690000000,43.7450408936
0.9700000000,42.8295135498
0.9710000000,42.5434112549
0.9720000000,40.6980514526
0.9730000000,40.2259826660
0.9740000000,39.9684906006
0.9750000000,37.8584861755
0.9760000000,37.0430946350
0.9770000000,36.7355346680
0.9780000000,34.6970558167
0.9790000000,33.6456298828
0.9800000000,32.4583053589
0.9810000000,32.2294235229
0.9820000000,29.8333168030
0.9830000000,28.7675857544
0.9840000000,27.4443626404
0.9850000000,27.1081924438
0.9860000000,24.6262550354
0.9870000000,23.5605239868
0.9880000000,21.8868255615
0.9890000000,20.9569931030
0.9900000000,19.9985504150
0.9910000000,17.7884101868
0.9920000000,15.8500671387
0.9930000000,14.9345397949
0.9940000000,13.3395195007
0.9950000000,11.9733810425
0.9960000000,9.9706649780
0.9970000000,8.9406967163
0.9980000000,7.7247619629
0.9990000000,5.7077407837
1.0000000000,3.8480758667
1.0010000000,2.2959709167
1.0020000000,0.8726119995
1.0030000000,-0.4935264587
1.0040000000,-1.4591217041
1.0050000000,-2.4175643921
1.0060000000,-2.9754638672
1.0070000000,-3.7980079651
1.0080000000,-5.1856040955
1.0090000000,-6.5445899963
1.0100000000,-8.0680847168
1.0110000000,-9.5772743225
1.0120000000,-11.8303298950
1.0130000000,-13.6256217957
1.0140000000,-15.5496597290
1.0150000000,-16.7155265808
1.0160000000,-19.0615653992
1.0170000000,-21.0499763489
1.0180000000,-21.4862823486
1.0190000000,-23.1313705444
1.0200000000,-25.1054763794
1.0210000000,-26.9865989685
1.0220000000,-28.6245346069
1.0230000000,-28.8820266724
1.0240000000,-30.8418273926
1.0250000000,-32.2651863098
1.0260000000,-34.1534614563
1.0270000000,-34.4824790955
1.0280000000,-35.7127189636
1.0290000000,-38.2947921753
1.0300000000,-37.6796722412
1.0310000000,-39.0100479126
1.0320000000,-41.2058830261
1.0330000000,-40.8840179443
1.0340000000,-42.1285629272
1.0350000000,-43.4446334839
1.0360000000,-43.7164306641
1.0370000000,-44.8107719421
1.0380000000,-45.6976890564
1.0390000000,-45.6619262695
1.0400000000,-47.8434562683
1.0410000000,-47.2068786621
1.0420000000,-47.9292869568
1.0430000000,-48.4728813171
1.0440000000,-48.9163398743
1.0450000000,-50.0607490540
1.0460000000,-49.4742393494
1.0470000000,-50.9548187256
1.0480000000,-49.8032569885
1.0490000000,-50.5614280701
1.0500000000,-50.8546829224
1.0510000000,-50.6401062012
1.0520000000,-51.2409210205
1.0530000000,-50.5685806274
1.0540000000,-51.5413284302
1.0550000000,-49.9677658081
1.0560000000,-50.6043434143
1.0570000000,-49.9892234802
1.0580000000,-49.6602058411
1.0590000000,-49.9391555786
1.0600000000,-48.2082366943
1.0610000000,-49.2238998413
1.0620000000,-46.9493865967
1.0630000000,-47.0495223999
1.0640000000,-47.1210479736
1.0650000000,-44.9323654175
1.0660000000,-46.0624694824
1.0670000000,-43.8308715820
1.0680000000,-42.8867340088
1.0690000000,-43.4446334839
1.0700000000,-40.7910346985
1.0710000000,-39.8969650269
1.0720000000,-40.0614738464
1.0730000000,-37.5652313232
1.0740000000,-36.4494323730
1.0750000000,-36.0560417175
1.0760000000,-33.9317321777
1.0770000000,-32.3081016541
1.0780000000,-32.5584411621
1.0790000000,-30.2553176880
1.0800000000,-28.9893150330
1.0810000000,-27.1868705750
1.0820000000,-27.1081924438
1.0830000000,-25.6061553955
1.0840000000,-22.8524208069
1.0850000000,-22.3517417908
1.0860000000,-20.1416015625
1.0870000000,-19.2546844482
1.0880000000,-18.4249877930
1.0890000000,-15.3994560242
1.0900000000,-13.3252143860
1.0910000000,-11.9090080261
1.0920000000,-10.7645988464
1.0930000000,-9.0479850769
1.0940000000,-6.9379806519
1.0950000000,-5.0425529480
1.0960000000,-3.4189224243
1.0970000000,-1.8596649170
1.0980000000,-0.2145767212
1.0990000000,1.0943412781
1.1000000000,2.1815299988
1.1010000000,3.1185150146
1.1020000000,4.0841102600
1.1030000000,5.8293342590
1.1040000000,7.4958801270
1.1050000000,9.2554092407
1.1060000000,10.5714797974
1.1070000000,12.4311447144
1.1080000000,14.2836570740
1.1090000000,17.0445442200
1.1100000000,18.3749198914
1.1110000000,19.6194648743
1.1120000000,21.0571289063
1.1130000000,23.2529640198
1.1140000000,24.7764587402
1.1150000000,27.6875495911
1.1160000000,28.0380249023
1.1170000000,29.6115875244
1.1180000000,31.4068794250
1.1190000000,34.2392921448
1.1200000000,33.9388847351
1.1210000000,35.5410575867
1.1220000000,37.9228591919
1.1230000000,38.0015373230
1.1240000000,39.1745567322
1.1250000000,41.4347648621
1.1260000000,41.1915779114
1.1270000000,41.9068336487
1.1280000000,44.5318222046
1.1290000000,43.4231758118
1.1300000000,45.2041625977
1.1310000000,45.8693504333
1.1320000000,46.0267066956
1.1330000000,47.8863716125
1.1340000000,47.4143028259
1.1350000000,48.0008125305
1.1360000000,48.9878654480
1.1370000000,48.6087799072
1.1380000000,50.7044792175
1.1390000000,48.9163398743
1.1400000000,50.9548187256
1.1410000000,50.1322746277
1.1420000000,50.0679016113
1.1430000000,50.7760047913
1.1440000000,49.7817993164
1.1450000000,51.7487525940
1.1460000000,49.5672225952
1.1470000000,50.7616996765
1.1480000000,49.4813919067
1.1490000000,49.5171546936
1.1500000000,49.7388839722
1.1510000000,47.9507446289
1.1520000000,49.3812561035
1.1530000000,46.6561317444
1.1540000000,47.0423698425
1.1550000000,45.8335876465
1.1560000000,44.8250770569
1.1570000000,45.7477569580
1.1580000000,42.6721572876
1.1590000000,42.3002243042
1.1600000000,42.6363945007
1.1610000000,39.6680831909
1.1620000000,39.2675399780
1.1630000000,38.6738777161
1.1640000000,36.3421440125
1.1650000000,34.9688529968
1.1660000000,35.2907180786
1.1670000000,31.8789482117
1.1680000000,30.9276580811
1.1690000000,30.1837921143
1.1700000000,28.9177894592
1.1710000000,25.7062911987
1.1720000000,24.5904922485
1.1730000000,23.2815742493
1.1740000000,22.6807594299
1.1750000000,19.9842453003
1.1760000000,17.3950195313
1.1770000000,16.3149833679
1.1780000000,14.5769119263
1.1790000000,12.8316879272
1.1800000000,10.8432769775
1.1810000000,9.3340873718
1.1820000000,7.8535079956
1.1830000000,5.4931640625
1.1840000000,3.4546852112
1.1850000000,1.6307830811
1.1860000000,-0.1358985901
1.1870000000,-1.4448165894
1.1880000000,-2.7251243591
1.1890000000,-3.5333633423
1.1900000000,-4.5418739319
1.1910000000,-6.1297416687
1.1920000000,-7.7104568481
1.1930000000,-9.5915794373
1.1940000000,-11.9304656982
1.1950000000,-13.8258934021
1.1960000000,-16.3364410400
1.1970000000,-17.7741050720
1.1980000000,-20.3847885132
1.1990000000,-22.8810310364
1.2000000000,-23.1742858887
1.2010000000,-25.1770019531
1.2020000000,-26.6504287720
1.2030000000,-29.9406051636
1.2040000000,-30.9133529663
1.2050000000,-31.9719314575
1.2060000000,-33.3237648010
1.2070000000,-36.4637374878
1.2080000000,-36.0918045044
1.2090000000,-37.3864173889
1.2100000000,-40.5979156494
1.2110000000,-39.8969650269
1.2120000000,-41.2058830261
1.2130000000,-44.0096855164
1.2140000000,-43.1299209595
1.2150000000,-44.6105003357
1.2160000000,-46.1697578430
1.2170000000,-45.6905364990
1.2180000000,-48.5873222351
1.2190000000,-47.2855567932
1.2200000000,-48.3870506287
1.2210000000,-49.4885444641
1.2220000000,-49.4313240051
1.2230000000,-50.7545471191
1.2240000000,-49.9320030212
1.2250000000,-51.1264801025
1.2260000000,-50.0607490540
1.2270000000,-50.8332252502
1.2280000000,-51.3839721680
1.2290000000,-50.4398345947
1.2300000000,-51.7988204956
1.2310000000,-49.9391555786
1.2320000000,-51.5627861023
1.2330000000,-49.1881370544
1.2340000000,-49.6101379395
1.2350000000,-49.0450859070
1.2360000000,-47.8649139404
1.2370000000,-48.5086441040
1.2380000000,-46.2198257446
1.2390000000,-46.2913513184
1.2400000000,-45.4187393188
1.2410000000,-43.7450408936
1.2420000000,-44.4173812866
1.2430000000,-41.7065620422
1.2440000000,-41.1272048950
1.2450000000,-40.6265258789
1.2460000000,-38.2590293884
1.2470000000,-37.1360778809
1.2480000000,-36.8070602417
1.2490000000,-33.5025787354
1.2500000000,-32.1292877197
1.2510000000,-31.2709808350
1.2520000000,-29.5758247375
1.2530000000,-27.0581245422
1.2540000000,-25.3486633301
1.2550000000,-24.1398811340
1.2560000000,-23.0598449707
1.2570000000,-19.7839736938
1.2580000000,-18.1746482849
1.2590000000,-16.6440010071
1.2600000000,-14.4481658936
1.2610000000,-12.8602981567
1.2620000000,-11.4655494690
1.2630000000,-9.1052055359
1.2640000000,-7.1382522583
1.2650000000,-5.1140785217
1.2660000000,-2.9683113098
1.2670000000,-0.9369850159
1.2680000000,0.7510185242
1.2690000000,2.1100044250
1.2700000000,3.3545494080
1.2710000000,4.6348571777
1.2720000000,6.1440467834
1.2730000000,7.8821182251
1.2740000000,9.9349021912
1.2750000000,11.8231773376
1.2760000000,13.6399269104
1.2770000000,16.4651870728
1.2780000000,18.1317329407
1.2790000000,20.0271606445
1.2800000000,23.2672691345
1.2810000000,24.3973731995
1.2820000000,25.4058837891
1.2830000000,27.9307365417
1.2840000000,30.1837921143
1.2850000000,32.1006774902
1.2860000000,32.6228141785
1.2870000000,34.2249870300
1.2880000000,37.3435020447
1.2890000000,37.3578071594
1.2900000000,38.5308265686
1.2910000000,41.1486625671
1.2920000000,41.0985946655
1.2930000000,41.9998168945
1.2940000000,44.6891784668
1.2950000000,43.7164306641
1.2960000000,46.0553169250
1.2970000000,46.3700294495
1.2980000000,46.5846061707
1.2990000000,48.9163398743
1.3000000000,48.0365753174
1.3010000000,49.5171546936
1.3020000000,49.2954254150
1.3030000000,49.3025779724
1.3040000000,51.3124465942
1.3050000000,49.6530532837
1.3060000000,51.4197349548
1.3070000000,49.9248504639
1.3080000000,51.1193275452
1.3090000000,50.3683090210
1.3100000000,49.6029853821
1.3110000000,50.9691238403
1.3120000000,49.1237640381
1.3130000000,50.2538681030
1.3140000000,47.7576255798
1.3150000000,48.4299659729
1.3160000000,47.1138954163
1.3170000000,45.8693504333
1.3180000000,46.6561317444
1.3190000000,43.8094139099
1.3200000000,43.2229042053
1.3210000000,43.0369377136
1.3220000000,40.3475761414
1.3230000000,40.4763221741
1.3240000000,38.4736061096
1.3250000000,36.3779067993
1.3260000000,35.7913970947
1.3270000000,34.7900390625
1.3280000000,31.6500663757
1.3290000000,30.2267074585
1.3300000000,29.7832489014
1.3310000000,27.2297859192
1.3320000000,24.5332717896
1.3330000000,23.1957435608
1.3340000000,21.1358070374
1.3350000000,20.4563140869
1.3360000000,17.5166130066
1.3370000000,14.9989128113
1.3380000000,12.7100944519
1.3390000000,11.2438201904
1.3400000000,9.1123580933
1.3410000000,6.8521499634
1.3420000000,4.9996376038
1.3430000000,2.8538703918
1.3440000000,0.7009506226
1.3450000000,-1.0514259338
1.3460000000,-2.5248527527
1.3470000000,-3.5977363586
1.3480000000,-4.6920776367
1.3490000000,-6.5374374390
1.3500000000,-8.8477134705
1.3510000000,-10.9362602234
1.3520000000,-12.9604339600
1.3530000000,-15.8071517944
1.3540000000,-18.3176994324
1.3550000000,-20.2846527100
1.3560000000,-21.4362144470
1.3570000000,-23.8895416260
1.3580000000,-25.5346298218
1.3590000000,-29.0393829346
1.3600000000,-29.9692153931
1.3610000000,-31.7502021790
1.3620000000,-33.1878662109
1.3630000000,-36.4351272583
1.3640000000,-35.9988212585
1.3650000000,-38.3591651917
1.3660000000,-40.8196449280
1.3670000000,-40.9555435181
1.3680000000,-42.3216819763
1.3690000000,-44.1455841064
1.3700000000,-44.7106361389
1.3710000000,-46.0267066956
1.3720000000,-46.6704368591
1.3730000000,-47.4858283997
1.3740000000,-49.4170188904
1.3750000000,-48.8877296448
1.3760000000,-49.9892234802
1.3770000000,-49.5672225952
1.3780000000,-50.5828857422
1.3790000000,-50.8975982666
1.3800000000,-50.4398345947
1.3810000000,-51.8631935120
1.3820000000,-50.7760047913
1.3830000000,-51.7129898071
1.3840000000,-50.0822067261
1.3850000000,-50.5971908569
1.3860000000,-50.4612922668
1.3870000000,-49.1452217102
1.3880000000,-49.8175621033
1.3890000000,-47.5358963013
1.3900000000,-48.1724739075
1.3910000000,-46.2484359741
1.3920000000,-45.4473495483
1.3930000000,-45.4258918762
1.3940000000,-43.2157516479
1.3950000000,-42.7436828613
1.3960000000,-41.5563583374
1.3970000000,-39.3891334534
1.3980000000,-38.6166572571
1.3990000000,-37.1360778809
1.4000000000,-34.5611572266
1.4010000000,-32.7086448669
1.4020000000,-32.4010848999
1.4030000000,-28.6602973938
1.4040000000,-26.8721580505
1.4050000000,-25.0053405762
1.4060000000,-23.9825248718
1.4070000000,-21.1644172668
1.4080000000,-18.6252593994
1.4090000000,-16.7298316956
1.4100000000,-14.6770477295
1.4110000000,-12.4526023865
1.4120000000,-10.9505653381
1.4130000000,-8.3756446838
1.4140000000,-6.1297416687
1.4150000000,-3.8623809814
1.4160000000,-1.4877319336
1.4170000000,0.5578994751
1.4180000000,2.1743774414
1.4190000000,3.6120414734
1.4200000000,5.0139427185
1.4210000000,6.7806243896
1.4220000000,9.1481208801
1.4230000000,10.7860565186
1.4240000000,12.8030776978
1.4250000000,15.6641006470
1.4260000000,17.7669525146
1.4270000000,19.9055671692
1.4280000000,23.1885910034
1.4290000000,24.4331359863
1.4300000000,25.7134437561
1.4310000000,28.0237197876
1.4320000000,30.9419631958
1.4330000000,32.4511528015
1.4340000000,33.8029861450
1.4350000000,34.6684455872
1.4360000000,38.2947921753
1.4370000000,38.7239456177
1.4380000000,39.5750999451
1.4390000000,42.3431396484
1.4400000000,42.5648689270
1.4410000000,43.9167022705
1.4420000000,45.7406044006
1.4430000000,45.7692146301
1.4440000000,47.4214553833
1.4450000000,48.3369827271
1.4460000000,48.1438636780
1.4470000000,49.4670867920
1.4480000000,49.4670867920
1.4490000000,51.0764122009
1.4500000000,49.9892234802
1.4510000000,50.7545471191
1.4520000000,50.8189201355
1.4530000000,50.6043434143
1.4540000000,50.9977340698
1.4550000000,49.8533248901
1.4560000000,51.1407852173
1.4570000000,49.5529174805
1.4580000000,49.3597984314
1.4590000000,48.3298301697
1.4600000000,47.3284721375
1.4610000000,47.7361679077
1.4620000000,45.3186035156
1.4630000000,45.1183319092
1.4640000000,43.2157516479
1.4650000000,42.0784950256
1.4660000000,42.1714782715
1.4670000000,39.1173362732
1.4680000000,37.5080108643
1.4690000000,37.2862815857
1.4700000000,34.4824790955
1.4710000000,32.7444076538
1.4720000000,31.1207771301
1.4730000000,29.8690795898
1.4740000000,26.6432762146
1.4750000000,25.0267982483
1.4760000000,22.7665901184
1.4770000000,21.6507911682
1.4780000000,18.8755989075
1.4790000000,15.7999992371
1.4800000000,14.0547752380
1.4810000000,12.0306015015
1.4820000000,9.3698501587
1.4830000000,6.9880485535
1.4840000000,4.5704841614
1.4850000000,2.4962425232
1.4860000000,0.3790855408
1.4870000000,-1.3661384583
1.4880000000,-3.0899047852
1.4890000000,-4.5847892761
1.4900000000,-6.2298774719
1.4910000000,-8.5830688477
1.4920000000,-11.3511085510
1.4930000000,-13.6685371399
1.4940000000,-15.3350830078
1.4950000000,-18.3033943176
1.4960000000,-21.8582153320
1.4970000000,-22.2945213318
1.4980000000,-24.9052047729
1.4990000000,-27.2297859192
1.5000000000,-29.7975540161
1.5010000000,-31.8789482117
1.5020000000,-33.3237648010
1.5030000000,-35.3121757507
1.5040000000,-37.8584861755
1.5050000000,-38.7382507324
1.5060000000,-40.1401519775
1.5070000000,-42.7865982056
1.5080000000,-43.0154800415
1.5090000000,-44.2457199097
1.5100000000,-46.0696220398
1.5110000000,-46.5488433838
1.5120000000,-48.7160682678
1.5130000000,-48.3655929565
1.5140000000,-49.6315956116
1.5150000000,-49.8247146606
1.5160000000,-50.3540039063
1.5170000000,-51.1264801025
1.5180000000,-50.6544113159
1.5190000000,-51.9847869873
1.5200000000,-50.6472587585
1.5210000000,-51.3839721680
1.5220000000,-50.6615638733
1.5230000000,-50.7688522339
1.5240000000,-50.3826141357
1.5250000000,-49.0593910217
1.5260000000,-49.8890876770
1.5270000000,-47.3999977112
1.5280000000,-47.1639633179
1.5290000000,-46.2412834167
1.5300000000,-45.0110435486
1.5310000000,-44.9824333191
1.5320000000,-42.1071052551
1.5330000000,-41.3417816162
1.5340000000,-40.5621528625
1.5350000000,-37.5509262085
1.5360000000,-35.9487533569
1.5370000000,-35.4266166687
1.5380000000,-31.6572189331
1.5390000000,-29.7904014587
1.5400000000,-28.0022621155
1.5410000000,-26.7219543457
1.5420000000,-22.8953361511
1.5430000000,-20.7209587097
1.5440000000,-18.6824798584
1.5450000000,-16.3507461548
1.5460000000,-14.5840644836
1.5470000000,-11.8803977966
1.5480000000,-9.4413757324
1.5490000000,-6.5302848816
1.5500000000,-4.0769577026
1.5510000000,-1.7952919006
1.5520000000,0.3218650818
1.5530000000,2.0885467529
1.5540000000,3.7622451782
1.5550000000,5.6362152100
1.5560000000,7.8535079956
1.5570000000,10.2996826172
1.5580000000,12.1021270752
1.5590000000,14.7199630737
1.5600000000,16.5653228760
1.5610000000,19.5550918579
1.5620000000,21.8009948730
1.5630000000,24.6191024780
1.5640000000,27.0867347717
1.5650000000,27.8663635254
1.5660000000,30.6057929993
1.5670000000,32.8660011292
1.5680000000,34.8472595215
1.5690000000,36.5066528320
1.5700000000,37.5509262085
1.5710000000,40.6765937805
1.5720000000,41.2273406982
1.5730000000,42.8724288940
1.5740000000,44.4102287292
1.5750000000,44.9180603027
1.5760000000,47.2426414490
1.5770000000,47.2140312195
1.5780000000,48.2511520386
1.5790000000,49.5171546936
1.5800000000,49.1166114807
1.5810000000,51.3768196106
1.5820000000,49.7174263000
1.5830000000,51.3625144958
1.5840000000,50.6114959717
1.5850000000,50.7402420044
1.5860000000,51.1693954468
1.5870000000,49.9105453491
1.5880000000,51.4698028564
1.5890000000,48.8948822021
1.5900000000,49.8032569885
1.5910000000,47.9364395142
1.5920000000,46.7133522034
1.5930000000,47.2569465637
1.5940000000,44.3100929260
1.5950000000,44.6462631226
1.5960000000,41.8066978455
1.5970000000,40.6765937805
1.5980000000,40.3976440430
1.5990000000,37.0573997498
1.6000000000,35.7556343079
1.6010000000,34.7614288330
1.6020000000,31.6786766052
1.6030000000,30.0049781799
1.6040000000,27.4801254272
1.6050000000,26.0424613953
1.6060000000,23.6606597900
1.6070000000,20.4777717590
1.6080000000,18.5322761536
1.6090000000,16.2148475647
1.6100000000,13.7901306152
1.6110000000,11.2080574036
1.6120000000,9.0551376343
1.6130000000,6.3157081604
1.6140000000,3.5405158997
1.6150000000,0.9012222290
1.6160000000,-1.2731552124
1.6170000000,-3.2114982605
1.6180000000,-5.1641464233
1.6190000000,-7.0881843567
1.6200000000,-9.3555450439
1.6210000000,-11.5370750427
1.6220000000,-14.5125389099
1.6230000000,-17.0516967773
1.6240000000,-19.2904472351
1.6250000000,-22.3660469055
1.6260000000,-25.0840187073
1.6270000000,-26.6218185425
1.6280000000,-28.9893150330
1.6290000000,-31.1350822449
1.6300000000,-34.6970558167
1.6310000000,-34.7542762756
1.6320000000,-37.5223159790
1.6330000000,-40.1473045349
1.6340000000,-40.5335426331
1.6350000000,-42.3932075500
1.6360000000,-44.9323654175
1.6370000000,-45.2470779419
1.6380000000,-46.6060638428
1.6390000000,-47.9936599731
1.6400000000,-48.0937957764
1.6410000000,-50.6830215454
1.6420000000,-49.6387481689
1.6430000000,-50.7903099060
1.6440000000,-50.3325462341
1.6450000000,-51.4268875122
1.6460000000,-51.7058372498
1.6470000000,-50.5328178406
1.6480000000,-52.1564483643
1.6490000000,-50.2967834473
1.6500000000,-51.5198707581
1.6510000000,-49.0880012512
1.6520000000,-49.0021705627
1.6530000000,-48.7947463989
1.6540000000,-47.2712516785
1.6550000000,-46.8134880066
1.6560000000,-44.8751449585
1.6570000000,-44.1956520081
1.6580000000,-42.6363945007
1.6590000000,-40.5335426331
1.6600000000,-39.1817092896
1.6610000000,-37.2219085693
1.6620000000,-35.0189208984
1.6630000000,-32.5155258179
1.6640000000,-31.5427780151
1.6650000000,-27.5301933289
1.6660000000,-26.2141227722
1.6670000000,-23.0455398560
1.6680000000,-21.1930274963
1.6690000000,-19.1116333008
1.6700000000,-15.3422355652
1.6710000000,-12.9604339600
1.6720000000,-10.2710723877
1.6730000000,-8.0537796021
1.6740000000,-5.3358078003
1.6750000000,-2.4890899658
1.6760000000,-0.0214576721
1.6770000000,2.0742416382
1.6780000000,3.9768218994
1.6790000000,5.9294700623
1.6800000000,8.0680847168
1.6810000000,10.3783607483
1.6820000000,13.0176544189
1.6830000000,15.7141685486
1.6840000000,19.2546844482
1.6850000000,20.8497047424
1.6860000000,22.5448608398
1.6870000000,25.4559516907
1.6880000000,27.8806686401
1.6890000000,31.5642356873
1.6900000000,31.7859649658
1.6910000000,34.4753265381
1.6920000000,37.3506546021
1.6930000000,38.4664535522
1.6940000000,39.9327278137
1.6950000000,42.4575805664
1.6960000000,43.5733795166
1.6970000000,44.2886352539
1.6980000000,47.2927093506
1.6990000000,46.6418266296
1.7000000000,49.0665435791
1.7010000000,48.8162040710
1.7020000000,49.0808486938
1.7030000000,51.3696670532
1.7040000000,50.1036643982
1.7050000000,51.7702102661
1.7060000000,50.3468513489
1.7070000000,51.5985488892
1.7080000000,50.8332252502
1.7090000000,49.9892234802
1.7100000000,50.7688522339
1.7110000000,49.0808486938
1.7120000000,49.8676300049
1.7130000000,47.0352172852
1.7140000000,46.6918945313
1.7150000000,45.5975532532
1.7160000000,43.4947013855
1.7170000000,43.5090065002
1.7180000000,40.2116775513
1.7190000000,38.6881828308
1.7200000000,38.8383865356
1.7210000000,34.7971916199
1.7220000000,33.1377983093
1.7230000000,31.5856933594
1.7240000000,29.7117233276
1.7250000000,25.9494781494
1.7260000000,23.7607955933
1.7270000000,21.6794013977
1.7280000000,19.9055671692
1.7290000000,16.9444084167
1.7300000000,13.8831138611
1.7310000000,10.6430053711
1.7320000000,8.3470344543
1.7330000000,5.8293342590
1.7340000000,2.8824806213
1.7350000000,0.0715255737
1.7360000000,-2.1886825562
1.7370000000,-4.3773651123
1.7380000000,-6.3300132751
1.7390000000,-8.5473060608
1.7400000000,-11.0578536987
1.7410000000,-14.2908096313
1.7420000000,-17.4450874329
1.7430000000,-19.9127197266
1.7440000000,-21.5435028076
1.7450000000,-24.4259834290
1.7460000000,-26.8793106079
1.7470000000,-31.1207771301
1.7480000000,-31.5284729004
1.7490000000,-34.3537330627
1.7500000000,-36.0345840454
1.7510000000,-39.1817092896
1.7520000000,-40.5192375183
1.7530000000,-42.0284271240
1.7540000000,-44.1455841064
1.7550000000,-44.7177886963
1.7560000000,-47.6932525635
1.7570000000,-47.4071502686
1.7580000000,-48.8662719727
1.7590000000,-49.5314598083
1.7600000000,-50.2753257751
1.7610000000,-51.4554977417
1.7620000000,-50.9476661682
1.7630000000,-52.2065162659
1.7640000000,-50.7330894470
1.7650000000,-51.6843795776
1.7660000000,-51.0835647583
1.7670000000,-50.4541397095
1.7680000000,-50.9977340698
1.7690000000,-48.6302375793
1.7700000000,-49.6673583984
1.7710000000,-46.7634201050
1.7720000000,-46.5488433838
1.7730000000,-45.6118583679
1.7740000000,-43.1013107300
1.7750000000,-43.2014465332
1.7760000000,-39.8755073547
1.7770000000,-37.9443168640
1.7780000000,-37.2004508972
1.7790000000,-33.7886810303
1.7800000000,-31.2924385071
1.7810000000,-28.9964675903
1.7820000000,-27.7018547058
1.7830000000,-23.6606597900
1.7840000000,-20.9927558899
1.7850000000,-18.7468528748
1.7860000000,-15.6211853027
1.7870000000,-13.6899948120
1.7880000000,-10.3139877319
1.7890000000,-7.5745582581
1.7900000000,-4.4918060303
1.7910000000,-1.4519691467
1.7920000000,1.1658668518
1.7930000000,3.3330917358
1.7940000000,5.4359436035
1.7950000000,7.4887275696
1.7960000000,9.7560882568
1.7970000000,12.6814842224
1.7980000000,14.7199630737
1.7990000000,18.0959701538
1.8000000000,20.7352638245
1.8010000000,23.3602523804
1.8020000000,27.0080566406
1.8030000000,28.0809402466
1.8040000000,30.7917594910
1.8050000000,32.8946113586
1.8060000000,36.4065170288
1.8070000000,37.7583503723
1.8080000000,38.7239456177
1.8090000000,42.5577163696
1.8100000000,42.9654121399
1.8110000000,44.7249412537
1.8120000000,46.4057922363
1.8130000000,46.6489791870
1.8140000000,49.4241714478
1.8150000000,48.5658645630
1.8160000000,50.6401062012
1.8170000000,50.3683090210
1.8180000000,50.3253936768
1.8190000000,51.9919395447
1.8200000000,50.5042076111
1.8210000000,52.3281097412
1.8220000000,50.1036643982
1.8230000000,51.1837005615
1.8240000000,49.5958328247
1.8250000000,48.6731529236
1.8260000000,49.0522384644
1.8270000000,46.4344024658
1.8280000000,46.6346740723
1.8290000000,43.7378883362
1.8300000000,41.9640541077
1.8310000000,42.3574447632
1.8320000000,38.3162498474
1.8330000000,36.6854667664
1.8340000000,36.1633300781
1.8350000000,32.3152542114
1.8360000000,30.2267074585
1.8370000000,28.1596183777
1.8380000000,26.3500213623
1.8390000000,22.3374366760
1.8400000000,20.2703475952
1.8410000000,17.1518325806
1.8420000000,14.6055221558
1.8430000000,12.0735168457
1.8440000000,9.3269348145
1.8450000000,5.7005882263
1.8460000000,2.2745132446
1.8470000000,-0.5006790161
1.8480000000,-2.8395652771
1.8490000000,-5.2714347839
1.8500000000,-7.4601173401
1.8510000000,-9.7489356995
1.8520000000,-12.1736526489
1.8530000000,-15.2206420898
1.8540000000,-18.3820724487
1.8550000000,-20.9426879883
1.8560000000,-24.2900848389
1.8570000000,-27.9021263123
1.8580000000,-28.6245346069
1.8590000000,-31.2852859497
1.8600000000,-34.6112251282
1.8610000000,-36.9715690613
1.8620000000,-38.4306907654
1.8630000000,-40.7123565674
1.8640000000,-43.1871414185
1.8650000000,-43.5948371887
1.8660000000,-47.0137596130
1.8670000000,-46.4558601379
1.8680000000,-48.1867790222
1.8690000000,-49.7102737427
1.8700000000,-49.9749183655
1.8710000000,-51.2695312500
1.8720000000,-50.7616996765
1.8730000000,-52.1993637085
1.8740000000,-51.3768196106
1.8750000000,-51.5627861023
1.8760000000,-51.2266159058
1.8770000000,-50.8332252502
1.8780000000,-51.0191917419
1.8790000000,-49.1595268250
1.8800000000,-48.6660003662
1.8810000000,-47.0280647278
1.8820000000,-46.6275215149
1.8830000000,-44.8608398438
1.8840000000,-42.8938865662
1.8850000000,-41.6207313538
1.8860000000,-39.5393371582
1.8870000000,-37.3291969299
1.8880000000,-34.4681739807
1.8890000000,-33.1091880798
1.8900000000,-29.3397903442
1.8910000000,-27.3513793945
1.8920000000,-24.4402885437
1.8930000000,-22.3374366760
1.8940000000,-18.4464454651
1.8950000000,-15.6569480896
1.8960000000,-12.6099586487
1.8970000000,-9.8490715027
1.8980000000,-6.7663192749
1.8990000000,-3.5834312439
1.9000000000,-0.5507469177
1.9010000000,1.7452239990
1.9020000000,3.9768218994
1.9030000000,6.3443183899
1.9040000000,9.0050697327
1.9050000000,11.7373466492
1.9060000000,14.5626068115
1.9070000000,17.2519683838
1.9080000000,21.4648246765
1.9090000000,23.3745574951
1.9100000000,25.3272056580
1.9110000000,28.4028053284
1.9120000000,31.6643714905
1.9130000000,34.2035293579
1.9140000000,35.6411933899
1.9150000000,37.8155708313
1.9160000000,41.5134429932
1.9170000000,41.6779518127
1.9180000000,44.2028045654
1.9190000000,45.9909439087
1.9200000000,46.2198257446
1.9210000000,49.3526458740
1.9220000000,48.5944747925
1.9230000000,50.4970550537
1.9240000000,50.3897666931
1.9250000000,50.4899024963
1.9260000000,52.1278381348
1.9270000000,50.7903099060
1.9280000000,52.2708892822
1.9290000000,50.2681732178
1.9300000000,51.1693954468
1.9310000000,49.6172904968
1.9320000000,48.4299659729
1.9330000000,48.6946105957
1.9340000000,46.3414192200
1.9350000000,46.0267066956
1.9360000000,42.9081916809
1.9370000000,41.3775444031
1.9380000000,41.0127639771
1.9390000000,37.1432304382
1.9400000000,35.1834297180
1.9410000000,34.3179702759
1.9420000000,30.7846069336
1.9430000000,28.1238555908
1.9440000000,25.2413749695
1.9450000000,24.5904922485
1.9460000000,20.2131271362
1.9470000000,16.3865089417
1.9480000000,13.9331817627
1.9490000000,10.9004974365
1.9500000000,7.6103210449
1.9510000000,4.4202804565
1.9520000000,1.2874603271
1.9530000000,-1.5020370483
1.9540000000,-3.9339065552
1.9550000000,-6.3371658325
1.9560000000,-9.0622901917
1.9570000000,-12.0949745178
1.9580000000,-14.5840644836
1.9590000000,-18.2390213013
1.9600000000,-22.0870971680
1.9610000000,-23.6320495605
1.9620000000,-26.2427330017
1.9630000000,-29.0322303772
1.9640000000,-33.0519676208
1.9650000000,-34.9187850952
1.9660000000,-36.7283821106
1.9670000000,-39.5679473877
1.9680000000,-42.2716140747
1.9690000000,-42.9010391235
1.9700000000,-46.6132164001
1.9710000000,-45.9051132202
1.9720000000,-48.0580329895
1.9730000000,-49.5886802673
1.9740000000,-49.7817993164
1.9750000000,-51.2981414795
1.9760000000,-50.8975982666
1.9770000000,-52.3781776428
1.9780000000,-51.3482093811
1.9790000000,-51.6700744629
1.9800000000,-51.4769554138
1.9810000000,-50.9548187256
1.9820000000,-50.8975982666
1.9830000000,-48.9735603333
1.9840000000,-48.5515594482
1.9850000000,-46.6632843018
1.9860000000,-46.0338592529
1.9870000000,-44.1527366638
1.9880000000,-41.9783592224
1.9890000000,-40.4047966003
1.9900000000,-38.1875038147
1.9910000000,-35.3407859802
1.9920000000,-32.7730178833
1.9930000000,-31.1350822449
1.9940000000,-26.7863273621
1.9950000000,-24.7764587402
1.9960000000,-21.4290618896
1.9970000000,-18.8755989075
1.9980000000,-16.0574913025
1.9990000000,-12.4025344849
2.0000000000,-8.5401535034
2.0010000000,-5.6505203247
2.0020000000,-2.6750564575
2.0030000000,0.5078315735
2.0040000000,3.0398368835
2.0050000000,5.3071975708
2.0060000000,7.6818466187
2.0070000000,10.9219551086
2.0080000000,14.4553184509
2.0090000000,16.7512893677
2.0100000000,19.2904472351
2.0110000000,22.7451324463
2.0120000000,25.6204605103
2.0130000000,29.4041633606
2.0140000000,31.5284729004
2.0150000000,33.5168838501
2.0160000000,35.8843803406
2.0170000000,39.8325920105
2.0180000000,40.9770011902
2.0190000000,42.2573089600
2.0200000000,45.2470779419
2.0210000000,46.0910797119
2.0220000000,48.4728813171
2.0230000000,48.5801696777
2.0240000000,49.5100021362
2.0250000000,50.9476661682
2.0260000000,50.4040718079
2.0270000000,52.4926185608
2.0280000000,50.7187843323
2.0290000000,52.2565841675
2.0300000000,50.9619712830
2.0310000000,50.7903099060
2.0320000000,49.9105453491
2.0330000000,48.4156608582
2.0340000000,49.3597984314
2.0350000000,45.8121299744
2.0360000000,45.8121299744
2.0370000000,42.8295135498
2.0380000000,41.0413742065
2.0390000000,40.2760505676
2.0400000000,36.4422798157
2.0410000000,34.6183776855
2.0420000000,32.8731536865
2.0430000000,30.1122665405
2.0440000000,26.3285636902
2.0450000000,23.8037109375
2.0460000000,21.1930274963
2.0470000000,19.0258026123
2.0480000000,14.6555900574
2.0490000000,10.9934806824
2.0500000000,7.4243545532
2.0510000000,4.3416023254
2.0520000000,1.2159347534
2.0530000000,-1.7881393433
2.0540000000,-4.1556358337
2.0550000000,-6.9451332092
2.0560000000,-9.8347663879
2.0570000000,-13.1678581238
2.0580000000,-16.7155265808
2.0590000000,-18.6824798584
2.0600000000,-22.0441818237
2.0610000000,-24.6691703796
2.0620000000,-28.4528732300
2.0630000000,-31.9218635559
2.0640000000,-33.2951545715
2.0650000000,-35.5052947998
2.0660000000,-40.2545928955
2.0670000000,-40.3690338135
2.0680000000,-42.7007675171
2.0690000000,-46.5416908264
2.0700000000,-45.9623336792
2.0710000000,-47.9650497437
2.0720000000,-49.1952896118
2.0730000000,-50.0893592834
2.0740000000,-51.3124465942
2.0750000000,-51.0406494141
2.0760000000,-52.9146194458
2.0770000000,-51.0478019714
2.0780000000,-52.1063804626
2.0790000000,-51.0048866272
2.0800000000,-50.8546829224
2.0810000000,-50.7473945618
2.0820000000,-48.0937957764
2.0830000000,-48.8948822021
2.0840000000,-45.7906723022
2.0850000000,-44.9037551880
2.0860000000,-43.5876846313
2.0870000000,-40.5120849609
2.0880000000,-38.5594367981
2.0890000000,-36.6067886353
2.0900000000,-33.1807136536
2.0910000000,-30.4627418518
2.0920000000,-28.5100936890
2.0930000000,-24.5976448059
2.0940000000,-21.3074684143
2.0950000000,-18.1674957275
2.0960000000,-14.8916244507
2.0970000000,-12.4526023865
2.0980000000,-8.5616111755
2.0990000000,-4.9924850464
2.1000000000,-1.5163421631
2.1010000000,1.5234947205
2.1020000000,4.0411949158
2.1030000000,6.5445899963
2.1040000000,9.5343589783
2.1050000000,12.4382972717
2.1060000000,15.0847434998
2.1070000000,18.6038017273
2.1080000000,22.3875045776
2.1090000000,25.5060195923
2.1100000000,28.7747383118
2.1110000000,30.3411483765
2.1120000000,33.1950187683
2.1130000000,37.6653671265
2.1140000000,38.3448600769
2.1150000000,40.5263900757
2.1160000000,44.2743301392
2.1170000000,44.8608398438
2.1180000000,46.1912155151
2.1190000000,48.8090515137
2.1200000000,48.5301017761
2.1210000000,51.1050224304
2.1220000000,50.1680374146
2.1230000000,51.9561767578
2.1240000000,51.3267517090
2.1250000000,51.1050224304
2.1260000000,51.9704818726
2.1270000000,50.6901741028
2.1280000000,51.5198707581
2.1290000000,48.6159324646
2.1300000000,48.8734245300
2.1310000000,46.8063354492
2.1320000000,44.6462631226
2.1330000000,45.1040267944
2.1340000000,40.9770011902
2.1350000000,39.0243530273
2.1360000000,38.0301475525
2.1370000000,34.5683097839
2.1380000000,31.5213203430
2.1390000000,30.0407409668
2.1400000000,26.5073776245
2.1410000000,23.1170654297
2.1420000000,20.0629234314
2.1430000000,16.4365768433
2.1440000000,13.3538246155
2.1450000000,10.4498863220
2.1460000000,6.1297416687
2.1470000000,2.3388862610
2.1480000000,-0.8654594421
2.1490000000,-3.5548210144
2.1500000000,-6.6089630127
2.1510000000,-9.4628334045
2.1520000000,-12.0162963867
2.1530000000,-15.1777267456
2.1540000000,-18.5608863831
2.1550000000,-22.2873687744
2.1560000000,-25.0983238220
2.1570000000,-28.9964675903
2.1580000000,-30.5557250977
2.1590000000,-33.8387489319
2.1600000000,-36.7426872253
2.1610000000,-39.5393371582
2.1620000000,-41.2917137146
2.1630000000,-44.3601608276
2.1640000000,-45.1397895813
2.1650000000,-47.2211837769
2.1660000000,-48.9377975464
2.1670000000,-49.4098663330
2.1680000000,-51.4912605286
2.1690000000,-50.6973266602
2.1700000000,-51.7272949219
2.1710000000,-51.9776344299
2.1720000000,-51.7916679382
2.1730000000,-52.4067878723
2.1740000000,-50.3897666931
2.1750000000,-51.2480735779
2.1760000000,-48.7518310547
2.1770000000,-48.6230850220
2.1780000000,-46.8134880066
2.1790000000,-44.4960594177
2.1800000000,-44.3243980408
2.1810000000,-39.7539138794
2.1820000000,-38.1803512573
2.1830000000,-37.0717048645
2.1840000000,-31.9647789001
2.1850000000,-29.9477577209
2.1860000000,-26.8793106079
2.1870000000,-24.6047973633
2.1880000000,-20.1916694641
2.1890000000,-16.8013572693
2.1900000000,-13.3752822876
2.1910000000,-9.9420547485
2.1920000000,-6.5660476685
2.1930000000,-3.0541419983
2.1940000000,0.4148483276
2.1950000000,3.2258033752
2.1960000000,5.7435035706
2.1970000000,8.5902214050
2.1980000000,11.9447708130
2.1990000000,15.1705741882
2.2000000000,18.6753273010
2.2010000000,22.4018096924
2.2020000000,25.7492065430
2.2030000000,27.5874137878
2.2040000000,30.8704376221
2.2050000000,34.7757339478
2.2060000000,36.9787216187
2.2070000000,38.9099121094
2.2080000000,42.3288345337
2.2090000000,43.6449050903
2.2100000000,45.2184677124
2.2110000000,48.4228134155
2.2120000000,47.9578971863
2.2130000000,50.2252578735
2.2140000000,50.6544113159
2.2150000000,50.7187843323
2.2160000000,52.3281097412
2.2170000000,50.9190559387
2.2180000000,52.9646873474
2.2190000000,50.6687164307
2.2200000000,51.1908531189
2.2210000000,49.3526458740
2.2220000000,48.3870506287
2.2230000000,48.1081008911
2.2240000000,44.9252128601
2.2250000000,44.4459915161
2.2260000000,41.1272048950
2.2270000000,38.7954711914
2.2280000000,38.2089614868
2.2290000000,33.4739685059
2.2300000000,31.5284729004
2.2310000000,28.5530090332
2.2320000000,26.7648696899
2.2330000000,21.8152999878
2.2340000000,18.3677673340
2.2350000000,15.2277946472
2.2360000000,11.8517875671
2.2370000000,7.9965591431
2.2380000000,4.1055679321
2.2390000000,0.6008148193
2.2400000000,-2.4247169495
2.2410000000,-5.5932998657
2.2420000000,-8.5186958313
2.2430000000,-11.5299224854
2.2440000000,-14.8057937622
2.2450000000,-17.9529190063
2.2460000000,-22.4018096924
2.2470000000,-26.0567665100
2.2480000000,-27.9808044434
2.2490000000,-30.9062004089
2.2500000000,-34.1963768005
2.2510000000,-38.2804870605
2.2520000000,-39.0887260437
2.2530000000,-41.6994094849
2.2540000000,-45.2399253845
2.2550000000,-45.7262992859
2.2560000000,-48.5873222351
2.2570000000,-48.5944747925
2.2580000000,-50.1751899719
2.2590000000,-51.4841079712
2.2600000000,-51.0120391846
2.2610000000,-52.9360771179
2.2620000000,-51.3839721680
2.2630000000,-53.0791282654
2.2640000000,-50.5614280701
2.2650000000,-50.8189201355
2.2660000000,-49.6673583984
2.2670000000,-48.3870506287
2.2680000000,-47.6574897766
2.2690000000,-44.5675849915
2.2700000000,-43.7879562378
2.2710000000,-40.8339500427
2.2720000000,-38.0158424377
2.2730000000,-35.8200073242
2.2740000000,-33.0877304077
2.2750000000,-29.1609764099
2.2760000000,-26.1640548706
2.2770000000,-23.3459472656
2.2780000000,-20.2059745789
2.2790000000,-15.5496597290
2.2800000000,-12.4454498291
2.2810000000,-8.3184242249
2.2820000000,-4.9209594727
2.2830000000,-1.3446807861
2.2840000000,2.0098686218
2.2850000000,4.7135353088
2.2860000000,7.5602531433
2.2870000000,10.8933448792
2.2880000000,14.0476226807
2.2890000000,18.1388854980
2.2900000000,21.4505195618
2.2910000000,24.3687629700
2.2920000000,27.1940231323
2.2930000000,31.1350822449
2.2940000000,34.9330902100
2.2950000000,36.4494323730
2.2960000000,38.7525558472
2.2970000000,43.2658195496
2.2980000000,44.0025329590
2.2990000000,45.7549095154
2.3000000000,47.8148460388
2.3010000000,48.8591194153
2.3020000000,51.1908531189
2.3030000000,50.0321388245
2.3040000000,51.9919395447
2.3050000000,51.7487525940
2.3060000000,51.8774986267
2.3070000000,51.7344474792
2.3080000000,50.1751899719
2.3090000000,51.6057014465
2.3100000000,48.7303733826
2.3110000000,48.3512878418
2.3120000000,45.8335876465
2.3130000000,44.0168380737
2.3140000000,43.6520576477
2.3150000000,39.0529632568
2.3160000000,36.9071960449
2.3170000000,36.0560417175
2.3180000000,31.3997268677
2.3190000000,28.7318229675
2.3200000000,25.7492065430
2.3210000000,23.3316421509
2.3220000000,18.1031227112
2.3230000000,14.5626068115
2.3240000000,11.1579895020
2.3250000000,7.1382522583
2.3260000000,3.5762786865
2.3270000000,-0.2646446228
2.3280000000,-3.3760070801
2.3290000000,-6.5660476685
2.3300000000,-9.5987319946
2.3310000000,-12.7172470093
2.3320000000,-16.6583061218
2.3330000000,-20.7638740540
2.3340000000,-23.9467620850
2.3350000000,-26.6647338867
2.3360000000,-29.6330451965
2.3370000000,-33.9961051941
2.3380000000,-36.6926193237
2.3390000000,-38.6738777161
2.3400000000,-41.5134429932
2.3410000000,-44.6534156799
2.3420000000,-45.3543663025
2.3430000000,-48.8233566284
2.3440000000,-48.3798980713
2.3450000000,-50.3969192505
2.3460000000,-50.8975982666
2.3470000000,-51.7916679382
2.3480000000,-52.6356697083
2.3490000000,-51.4054298401
2.3500000000,-53.1578063965
2.3510000000,-50.7330894470
2.3520000000,-51.1765480042
2.3530000000,-49.0593910217
2.3540000000,-48.2583045959
2.3550000000,-47.0995903015
2.3560000000,-43.8809394836
2.3570000000,-43.2443618774
2.3580000000,-39.5250320435
2.3590000000,-36.5138053894
2.3600000000,-34.5110893250
2.3610000000,-31.5999984741
2.3620000000,-26.9937515259
2.3630000000,-24.2900848389
2.3640000000,-20.7996368408
2.3650000000,-17.7097320557
2.3660000000,-13.5612487793
2.3670000000,-8.9263916016
2.3680000000,-5.2928924561
2.3690000000,-1.7952919006
2.3700000000,1.7666816711
2.3710000000,4.7135353088
2.3720000000,7.4672698975
2.3730000000,11.0793113708
2.3740000000,15.0561332703
2.3750000000,18.0530548096
2.3760000000,21.0285186768
2.3770000000,24.9195098877
2.3780000000,28.2096862793
2.3790000000,32.9089164734
2.3800000000,34.5182418823
2.3810000000,37.2433662415
2.3820000000,41.1772727966
2.3830000000,42.9224967957
2.3840000000,44.2743301392
2.3850000000,48.1438636780
2.3860000000,47.7075576782
2.3870000000,50.6186485291
2.3880000000,50.5113601685
2.3890000000,50.9548187256
2.3900000000,52.3424148560
2.3910000000,51.3052940369
2.3920000000,53.0076026917
2.3930000000,50.6186485291
2.3940000000,51.3768196106
2.3950000000,49.0593910217
2.3960000000,48.3226776123
2.3970000000,46.6489791870
2.3980000000,44.1312789917
2.3990000000,43.4088706970
2.4000000000,39.4749641418
2.4010000000,36.9644165039
2.4020000000,35.5911254883
2.4030000000,31.3925743103
2.4040000000,28.2740592957
2.4050000000,24.6262550354
2.4060000000,22.3445892334
2.4070000000,17.9243087769
2.4080000000,13.3824348450
2.4090000000,9.2053413391
2.4100000000,5.5217742920
2.4110000000,1.9884109497
2.4120000000,-1.7881393433
2.4130000000,-5.0640106201
2.4140000000,-8.0752372742
2.4150000000,-11.6086006165
2.4160000000,-15.5639648438
2.4170000000,-19.8554992676
2.4180000000,-21.7723846436
2.4190000000,-25.9923934937
2.4200000000,-29.0751457214
2.4210000000,-33.7600708008
2.4220000000,-35.5267524719
2.4230000000,-38.3949279785
2.4240000000,-42.1071052551
2.4250000000,-43.4303283691
2.4260000000,-45.7763671875
2.4270000000,-48.3083724976
2.4280000000,-48.8448143005
2.4290000000,-50.9977340698
2.4300000000,-50.6830215454
2.4310000000,-51.9561767578
2.4320000000,-52.3424148560
2.4330000000,-52.0920753479
2.4340000000,-52.6285171509
2.4350000000,-50.6114959717
2.4360000000,-51.6343116760
2.4370000000,-48.4299659729
2.4380000000,-47.8076934814
2.4390000000,-46.3771820068
2.4400000000,-42.7937507629
2.4410000000,-42.2930717468
2.4420000000,-37.9371643066
2.4430000000,-34.7328186035
2.4440000000,-32.9732894897
2.4450000000,-29.3469429016
2.4460000000,-24.7049331665
2.4470000000,-21.9726562500
2.4480000000,-17.7597999573
2.4490000000,-14.2693519592
2.4500000000,-10.7216835022
2.4510000000,-6.4730644226
2.4520000000,-1.8954277039
2.4530000000,1.7023086548
2.4540000000,4.9424171448
2.4550000000,8.0108642578
2.4560000000,10.8146667480
2.4570000000,14.5268440247
2.4580000000,17.9600715637
2.4590000000,22.3517417908
2.4600000000,25.2699851990
2.4610000000,30.6844711304
2.4620000000,32.0577621460
2.4630000000,35.4051589966
2.4640000000,38.8956069946
2.4650000000,42.0856475830
2.4660000000,42.9940223694
2.4670000000,46.5202331543
2.4680000000,47.8005409241
2.4690000000,48.5873222351
2.4700000000,51.1336326599
2.4710000000,50.5471229553
2.4720000000,53.0433654785
2.4730000000,51.2909889221
2.4740000000,52.5355339050
2.4750000000,51.3052940369
2.4760000000,51.0478019714
2.4770000000,50.1894950867
2.4780000000,47.6145744324
2.4790000000,48.3512878418
2.4800000000,44.4102287292
2.4810000000,42.9797172546
2.4820000000,40.2331352234
2.4830000000,37.2433662415
2.4840000000,34.8973274231
2.4850000000,32.7014923096
2.4860000000,27.4300575256
2.4870000000,24.3973731995
2.4880000000,20.9355354309
2.4890000000,17.6525115967
2.4900000000,12.9818916321
2.4910000000,8.7761878967
2.4920000000,4.5061111450
2.4930000000,0.4076957703
2.4940000000,-3.1900405884
2.4950000000,-6.7377090454
2.4960000000,-9.6559524536
2.4970000000,-13.5254859924
2.4980000000,-17.0874595642
2.4990000000,-20.3919410706
2.5000000000,-24.4474411011
2.5010000000,-27.7304649353
2.5020000000,-32.8946113586
2.5030000000,-34.4538688660
2.5040000000,-37.1789932251
2.5050000000,-41.7995452881
2.5060000000,-42.5720214844
2.5070000000,-45.5331802368
2.5080000000,-48.1867790222
2.5090000000,-48.7518310547
2.5100000000,-50.6830215454
2.5110000000,-50.6830215454
2.5120000000,-51.8846511841
2.5130000000,-52.6785850525
2.5140000000,-51.7487525940
2.5150000000,-52.8430938721
2.5160000000,-50.6615638733
2.5170000000,-51.6057014465
2.5180000000,-48.3942031860
2.5190000000,-47.7504730225
2.5200000000,-45.8049774170
2.5210000000,-42.5148010254
2.5220000000,-41.5205955505
2.5230000000,-37.0073318481
2.5240000000,-34.0318679810
2.5250000000,-31.2781333923
2.5260000000,-28.3670425415
2.5270000000,-23.3244895935
2.5280000000,-19.8268890381
2.5290000000,-15.8786773682
2.5300000000,-12.1307373047
2.5310000000,-8.0752372742
2.5320000000,-3.7765502930
2.5330000000,0.3647804260
2.5340000000,3.5691261292
2.5350000000,6.9880485535
2.5360000000,10.2567672729
2.5370000000,13.4396553040
2.5380000000,17.8885459900
2.5390000000,21.3575363159
2.5400000000,25.4845619202
2.5410000000,29.8762321472
2.5420000000,31.8932533264
2.5430000000,35.2692604065
2.5440000000,39.4392013550
2.5450000000,41.4347648621
2.5460000000,43.4088706970
2.5470000000,47.3713874817
2.5480000000,47.2569465637
2.5490000000,50.2181053162
2.5500000000,50.4684448242
2.5510000000,50.9190559387
2.5520000000,52.6642799377
2.5530000000,51.5055656433
2.5540000000,53.1578063965
2.5550000000,50.7330894470
2.5560000000,51.4268875122
2.5570000000,49.0307807922
2.5580000000,47.7862358093
2.5590000000,46.6847419739
2.5600000000,43.5590744019
2.5610000000,42.2716140747
2.5620000000,38.5594367981
2.5630000000,35.7341766357
2.5640000000,33.4882736206
2.5650000000,30.1909446716
2.5660000000,25.2056121826
2.5670000000,21.8868255615
2.5680000000,18.0029869080
2.5690000000,14.1763687134
2.5700000000,9.9921226501
2.5710000000,5.1569938660
2.5720000000,0.9441375732
2.5730000000,-2.7108192444
2.5740000000,-6.6375732422
2.5750000000,-9.9921226501
2.5760000000,-12.9389762878
2.5770000000,-16.8442726135
2.5780000000,-21.1358070374
2.5790000000,-24.5404243469
2.5800000000,-29.3183326721
2.5810000000,-32.4225425720
2.5820000000,-35.1262092590
2.5830000000,-38.0516052246
2.5840000000,-42.2644615173
2.5850000000,-43.7593460083
2.5860000000,-46.4415550232
2.5870000000,-47.7218627930
2.5880000000,-49.6387481689
2.5890000000,-51.0478019714
2.5900000000,-51.3482093811
2.5910000000,-52.9360771179
2.5920000000,-51.8703460693
2.5930000000,-52.9217720032
2.5940000000,-51.0692596436
2.5950000000,-50.8975982666
2.5960000000,-50.0965118408
2.5970000000,-48.2010841370
2.5980000000,-47.0781326294
2.5990000000,-43.5018539429
2.6000000000,-41.5778160095
2.6010000000,-38.3377075195
2.6020000000,-34.9187850952
2.6030000000,-31.6143035889
2.6040000000,-28.5673141479
2.6050000000,-24.3544578552
2.6060000000,-19.8054313660
2.6070000000,-16.6368484497
2.6080000000,-12.2022628784
2.6090000000,-7.5602531433
2.6100000000,-3.6263465881
2.6110000000,0.5006790161
2.6120000000,3.8266181946
2.6130000000,7.1167945862
2.6140000000,10.9434127808
2.6150000000,14.9846076965
2.6160000000,18.2461738586
2.6170000000,22.2373008728
2.6180000000,27.3442268372
2.6190000000,29.6902656555
2.6200000000,33.6313247681
2.6210000000,36.9715690613
2.6220000000,40.1043891907
2.6230000000,42.2143936157
2.6240000000,45.9623336792
2.6250000000,47.0495223999
2.6260000000,48.1152534485
2.6270000000,51.1908531189
2.6280000000,50.7903099060
2.6290000000,52.9789924622
2.6300000000,51.3124465942
2.6310000000,52.6499748230
2.6320000000,51.8059730530
2.6330000000,50.9548187256
2.6340000000,50.0249862671
2.6350000000,47.5072860718
2.6360000000,48.0580329895
2.6370000000,43.7879562378
2.6380000000,41.7566299438
2.6390000000,39.7968292236
2.6400000000,35.6841087341
2.6410000000,32.9518318176
2.6420000000,30.2553176880
2.6430000000,25.3701210022
2.6440000000,21.3146209717
2.6450000000,17.3449516296
2.6460000000,13.0462646484
2.6470000000,8.6903572083
2.6480000000,4.7206878662
2.6490000000,0.1287460327
2.6500000000,-3.7837028503
2.6510000000,-7.3456764221
2.6520000000,-10.7073783875
2.6530000000,-14.6770477295
2.6540000000,-19.1187858582
2.6550000000,-22.4733352661
2.6560000000,-27.4944305420
2.6570000000,-30.8847427368
2.6580000000,-33.4453582764
2.6590000000,-36.9429588318
2.6600000000,-41.4419174194
2.6610000000,-42.4289703369
2.6620000000,-45.2470779419
2.6630000000,-47.8076934814
2.6640000000,-49.1595268250
2.6650000000,-51.3195991516
2.6660000000,-50.8975982666
2.6670000000,-53.1649589539
2.6680000000,-51.7702102661
2.6690000000,-52.2708892822
2.6700000000,-52.0706176758
2.6710000000,-50.9691238403
2.6720000000,-50.6687164307
2.6730000000,-47.7004051208
2.6740000000,-47.2784042358
2.6750000000,-42.9940223694
2.6760000000,-40.8983230591
2.6770000000,-38.8455390930
2.6780000000,-33.6527824402
2.6790000000,-30.6272506714
2.6800000000,-27.2226333618
2.6810000000,-24.2972373962
2.6820000000,-18.3963775635
2.6830000000,-14.3408775330
2.6840000000,-10.5500221252
2.6850000000,-6.2727928162
2.6860000000,-1.8382072449
2.6870000000,2.1958351135
2.6880000000,5.6505203247
2.6890000000,9.2196464539
2.6900000000,12.7172470093
2.6910000000,17.0302391052
2.6920000000,21.9726562500
2.6930000000,25.4774093628
2.6940000000,28.4528732300
2.6950000000,32.3510169983
2.6960000000,36.5996360779
2.6970000000,39.5250320435
2.6980000000,41.5134429932
2.6990000000,45.6619262695
2.7000000000,46.8063354492
2.7010000000,48.3369827271
2.7020000000,50.7903099060
2.7030000000,50.7974624634
2.7040000000,53.0791282654
2.7050000000,51.4912605286
2.7060000000,52.8788566589
2.7070000000,51.5270233154
2.7080000000,51.3267517090
2.7090000000,49.7889518738
2.7100000000,47.3284721375
2.7110000000,47.7790832520
2.7120000000,43.4088706970
2.7130000000,41.6493415833
2.7140000000,38.8956069946
2.7150000000,34.8615646362
2.7160000000,31.8861007690
2.7170000000,28.9750099182
2.7180000000,23.9610671997
2.7190000000,19.4764137268
2.7200000000,15.4495239258
2.7210000000,11.1508369446
2.7220000000,6.4516067505
2.7230000000,2.2387504578
2.7240000000,-1.9240379333
2.7250000000,-5.6719779968
2.7260000000,-9.5987319946
2.7270000000,-13.2894515991
2.7280000000,-17.7168846130
2.7290000000,-21.3003158569
2.7300000000,-26.5645980835
2.7310000000,-29.8476219177
2.7320000000,-32.7086448669
2.7330000000,-36.1490249634
2.7340000000,-41.1343574524
2.7350000000,-42.1214103699
2.7360000000,-44.8966026306
2.7370000000,-47.6217269897
2.7380000000,-48.9735603333
2.7390000000,-51.4698028564
2.7400000000,-50.7974624634
2.7410000000,-52.9932975769
2.7420000000,-51.9418716431
2.7430000000,-52.3352622986
2.7440000000,-52.1779060364
2.7450000000,-50.8546829224
2.7460000000,-50.6401062012
2.7470000000,-47.6002693176
2.7480000000,-46.9851493835
2.7490000000,-42.5791740417
2.7500000000,-40.2760505676
2.7510000000,-38.2804870605
2.7520000000,-32.9232215881
2.7530000000,-29.5758247375
2.7540000000,-26.0138511658
2.7550000000,-23.0383872986
2.7560000000,-17.2448158264
2.7570000000,-12.6814842224
2.7580000000,-8.5401535034
2.7590000000,-4.0769577026
2.7600000000,0.1716613770
2.7610000000,3.8480758667
2.7620000000,7.3385238647
2.7630000000,11.2080574036
2.7640000000,15.2277946472
2.7650000000,20.5421447754
2.7660000000,23.7679481506
2.7670000000,27.0080566406
2.7680000000,31.0778617859
2.7690000000,35.9344482422
2.7700000000,38.4521484375
2.7710000000,40.9197807312
2.7720000000,45.0181961060
2.7730000000,46.5917587280
2.7740000000,48.0008125305
2.7750000000,50.9119033813
2.7760000000,50.5828857422
2.7770000000,53.2007217407
2.7780000000,51.5413284302
2.7790000000,52.9789924622
2.7800000000,51.7702102661
2.7810000000,51.0120391846
2.7820000000,49.8604774475
2.7830000000,47.3570823669
2.7840000000,47.5144386292
2.7850000000,42.9368019104
2.7860000000,41.2774085999
2.7870000000,38.7310981750
2.7880000000,34.1892242432
2.7890000000,30.8275222778
2.7900000000,28.2526016235
2.7910000000,22.8667259216
2.7920000000,17.8599357605
2.7930000000,14.3408775330
2.7940000000,9.2625617981
2.7950000000,4.6706199646
2.7960000000,0.3290176392
2.7970000000,-3.7622451782
2.7980000000,-7.5531005859
2.7990000000,-11.7588043213
2.8000000000,-15.8286094666
2.8010000000,-19.4334983826
2.8020000000,-24.9266624451
2.8030000000,-28.2454490662
2.8040000000,-31.5999984741
2.8050000000,-35.0832939148
2.8060000000,-39.9255752563
2.8070000000,-41.4490699768
2.8080000000,-44.4531440735
2.8090000000,-47.2855567932
2.8100000000,-48.6016273499
2.8110000000,-51.5270233154
2.8120000000,-50.6901741028
2.8130000000,-52.4997711182
2.8140000000,-52.1492958069
2.8150000000,-52.3424148560
2.8160000000,-52.6499748230
2.8170000000,-50.4612922668
2.8180000000,-50.8761405945
2.8190000000,-47.6646423340
2.8200000000,-46.6132164001
2.8210000000,-42.5863265991
2.8220000000,-39.8969650269
2.8230000000,-37.7941131592
2.8240000000,-32.7944755554
2.8250000000,-28.7890434265
2.8260000000,-25.0053405762
2.8270000000,-21.5148925781
2.8280000000,-16.8514251709
2.8290000000,-11.3797187805
2.8300000000,-7.1740150452
2.8310000000,-2.5749206543
2.8320000000,1.7237663269
2.8330000000,5.5003166199
2.8340000000,9.0980529785
2.8350000000,12.9389762878
2.8360000000,17.8670883179
2.8370000000,21.9511985779
2.8380000000,25.0625610352
2.8390000000,29.5686721802
2.8400000000,33.9746475220
2.8410000000,37.7798080444
2.8420000000,39.6752357483
2.8430000000,43.9810752869
2.8440000000,45.5904006958
2.8450000000,47.2855567932
2.8460000000,51.0835647583
2.8470000000,50.4040718079
2.8480000000,52.4711608887
2.8490000000,51.9704818726
2.8500000000,52.9217720032
2.8510000000,52.2065162659
2.8520000000,50.4970550537
2.8530000000,50.5971908569
2.8540000000,47.9865074158
2.8550000000,47.4715232849
2.8560000000,43.4160232544
2.8570000000,40.5907630920
2.8580000000,39.4034385681
2.8590000000,34.0318679810
2.8600000000,30.8060646057
2.8610000000,27.0223617554
2.8620000000,23.3101844788
2.8630000000,17.5666809082
2.8640000000,12.8173828125
2.8650000000,8.7833404541
2.8660000000,3.6835670471
2.8670000000,-0.5578994751
2.8680000000,-4.7349929810
2.8690000000,-8.8834762573
2.8700000000,-12.4883651733
2.8710000000,-16.8156623840
2.8720000000,-22.1300125122
2.8730000000,-26.3786315918
2.8740000000,-29.0322303772
2.8750000000,-33.1234931946
2.8760000000,-38.3377075195
2.8770000000,-39.7181510925
2.8780000000,-43.1942939758
2.8790000000,-46.6918945313
2.8800000000,-47.6503372192
2.8810000000,-50.0321388245
2.8820000000,-50.9405136108
2.8830000000,-51.9919395447
2.8840000000,-52.8144836426
2.8850000000,-52.2565841675
2.8860000000,-52.8931617737
2.8870000000,-51.0764122009
2.8880000000,-50.9905815125
2.8890000000,-48.1867790222
2.8900000000,-46.6418266296
2.8910000000,-44.1312789917
2.8920000000,-40.2760505676
2.8930000000,-37.4722480774
2.8940000000,-33.7457656860
2.8950000000,-29.2038917542
2.8960000000,-25.3915786743
2.8970000000,-21.2717056274
2.8980000000,-16.8585777283
2.8990000000,-12.0663642883
2.9000000000,-6.6232681274
2.9010000000,-2.1100044250
2.9020000000,2.0813941956
2.9030000000,5.6791305542
2.9040000000,10.0636482239
2.9050000000,14.3980979919
2.9060000000,17.8813934326
2.9070000000,22.0870971680
2.9080000000,26.9293785095
2.9090000000,30.2195549011
2.9100000000,35.6483459473
2.9110000000,38.2947921753
2.9120000000,40.6694412231
2.9130000000,45.6047058105
2.9140000000,46.1483001709
2.9150000000,49.6029853821
2.9160000000,50.1680374146
2.9170000000,51.2194633484
2.9180000000,52.9146194458
2.9190000000,51.8345832825
2.9200000000,53.4510612488
2.9210000000,50.9548187256
2.9220000000,51.3696670532
2.9230000000,48.7089157104
2.9240000000,46.9279289246
2.9250000000,45.1970100403
2.9260000000,41.7709350586
2.9270000000,39.9041175842
2.9280000000,35.3550910950
2.9290000000,31.3997268677
2.9300000000,27.4372100830
2.9310000000,24.5046615601
2.9320000000,18.7897682190
2.9330000000,13.0462646484
2.9340000000,8.9335441589
2.9350000000,4.3129920959
2.9360000000,-0.5292892456
2.9370000000,-4.6920776367
2.9380000000,-8.7475776672
2.9390000000,-12.6385688782
2.9400000000,-17.9100036621
2.9410000000,-23.1742858887
2.9420000000,-25.2485275269
2.9430000000,-30.1194190979
2.9440000000,-33.6527824402
2.9450000000,-39.1602516174
2.9460000000,-40.3761863708
2.9470000000,-43.6592102051
2.9480000000,-46.9422340393
2.9490000000,-48.3512878418
2.9500000000,-51.2409210205
2.9510000000,-51.0191917419
2.9520000000,-52.8216362000
2.9530000000,-52.2208213806
2.9540000000,-52.6285171509
2.9550000000,-52.0277023315
2.9560000000,-51.0692596436
2.9570000000,-50.1251220703
2.9580000000,-47.5215911865
2.9590000000,-45.8407402039
2.9600000000,-41.6207313538
2.9610000000,-38.7167930603
2.9620000000,-35.9129905701
2.9630000000,-30.8060646057
2.9640000000,-26.7720222473
2.9650000000,-22.3588943481
2.9660000000,-18.2962417603
2.9670000000,-13.3466720581
2.9680000000,-8.4471702576
2.9690000000,-3.3903121948
2.9700000000,1.3661384583
2.9710000000,5.1355361938
2.9720000000,9.5057487488
2.9730000000,13.0605697632
2.9740000000,17.5094604492
2.9750000000,22.0298767090
2.9760000000,26.3571739197
2.9770000000,30.7345390320
2.9780000000,35.1619720459
2.9790000000,38.2518768311
2.9800000000,41.0771369934
2.9810000000,45.1254844666
2.9820000000,46.7419624329
2.9830000000,49.4885444641
2.9840000000,50.6043434143
2.9850000000,51.8703460693
2.9860000000,52.4425506592
2.9870000000,52.0062446594
2.9880000000,52.9861450195
2.9890000000,51.2838363647
2.9900000000,51.0692596436
2.9910000000,48.2726097107
2.9920000000,46.7634201050
2.9930000000,44.0382957458
2.9940000000,41.0199165344
2.9950000000,38.5665893555
2.9960000000,34.0175628662
2.9970000000,30.0693511963
2.9980000000,25.3701210022
2.9990000000,22.1228599548
3.0000000000,16.5581703186
3.0010000000,11.1150741577
3.0020000000,6.1583518982
3.0030000000,1.4448165894
3.0040000000,-2.8753280640
3.0050000000,-7.0953369141
3.0060000000,-11.7874145508
3.0070000000,-16.0574913025
3.0080000000,-21.2287902832
3.0090000000,-23.9038467407
3.0100000000,-29.3755531311
3.0110000000,-32.8731536865
3.0120000000,-37.8513336182
3.0130000000,-39.8969650269
3.0140000000,-43.3802604675
3.0150000000,-46.4129447937
3.0160000000,-47.8005409241
3.0170000000,-51.1407852173
3.0180000000,-50.9977340698
3.0190000000,-52.7858734131
3.0200000000,-52.1206855774
3.0210000000,-52.5641441345
3.0220000000,-52.2923469543
3.0230000000,-51.0334968567
3.0240000000,-50.1823425293
3.0250000000,-47.3856925964
3.0260000000,-45.6905364990
3.0270000000,-41.8639183044
3.0280000000,-37.9514694214
3.0290000000,-35.2549552917
3.0300000000,-30.4841995239
3.0310000000,-25.8564949036
3.0320000000,-21.7795372009
3.0330000000,-16.7441368103
3.0340000000,-12.0306015015
3.0350000000,-7.2169303894
3.0360000000,-2.0599365234
3.0370000000,2.6893615723
3.0380000000,6.6161155701
3.0390000000,10.4212760925
3.0400000000,14.8129463196
3.0410000000,19.5550918579
3.0420000000,24.2257118225
3.0430000000,27.8806686401
3.0440000000,33.6599349976
3.0450000000,36.4422798157
3.0460000000,39.7253036499
3.0470000000,43.7951087952
3.0480000000,45.7262992859
3.0490000000,48.5014915466
3.0500000000,50.4183769226
3.0510000000,50.6186485291
3.0520000000,53.1005859375
3.0530000000,52.3281097412
3.0540000000,53.2579421997
3.0550000000,51.4769554138
3.0560000000,50.7616996765
3.0570000000,49.2024421692
3.0580000000,46.6418266296
3.0590000000,45.5546379089
3.0600000000,41.2988662720
3.0610000000,38.6095046997
3.0620000000,35.0832939148
3.0630000000,30.5628776550
3.0640000000,25.6633758545
3.0650000000,21.4862823486
3.0660000000,17.5452232361
3.0670000000,11.2581253052
3.0680000000,6.2584877014
3.0690000000,1.1086463928
3.0700000000,-3.2544136047
3.0710000000,-7.6460838318
3.0720000000,-12.1092796326
3.0730000000,-17.2448158264
3.0740000000,-20.5850601196
3.0750000000,-25.3987312317
3.0760000000,-29.6330451965
3.0770000000,-34.9545478821
3.0780000000,-37.5294685364
3.0790000000,-40.9412384033
3.0800000000,-45.1612472534
3.0810000000,-46.1268424988
3.0820000000,-49.1666793823
3.0830000000,-50.8475303650
3.0840000000,-51.5484809875
3.0850000000,-53.6227226257
3.0860000000,-51.9204139709
3.0870000000,-53.4224510193
3.0880000000,-50.9691238403
3.0890000000,-50.7903099060
3.0900000000,-49.2024421692
3.0910000000,-45.9194183350
3.0920000000,-44.4459915161
3.0930000000,-39.5107269287
3.0940000000,-36.1919403076
3.0950000000,-33.2736968994
3.0960000000,-27.1224975586
3.0970000000,-23.0884552002
3.0980000000,-18.3320045471
3.0990000000,-13.4897232056
3.1000000000,-8.5330009460
3.1010000000,-3.4117698669
3.1020000000,1.4448165894
3.1030000000,5.6147575378
3.1040000000,9.7990036011
3.1050000000,13.8759613037
3.1060000000,19.0615653992
3.1070000000,23.2100486755
3.1080000000,28.1023979187
3.1090000000,33.2236289978
3.1100000000,35.8772277832
3.1110000000,39.2746925354
3.1120000000,44.3673133850
3.1130000000,45.1040267944
3.1140000000,48.9020347595
3.1150000000,50.3468513489
3.1160000000,50.7688522339
3.1170000000,53.0934333801
3.1180000000,52.0634651184
3.1190000000,53.6799430847
3.1200000000,51.0907173157
3.1210000000,51.0907173157
3.1220000000,48.5515594482
3.1230000000,46.4630126953
3.1240000000,45.1111793518
3.1250000000,40.2903556824
3.1260000000,38.1231307983
3.1270000000,33.8602066040
3.1280000000,28.9893150330
3.1290000000,24.2328643799
3.1300000000,19.7267532349
3.1310000000,16.0288810730
3.1320000000,9.3412399292
3.1330000000,4.1413307190
3.1340000000,-0.9942054749
3.1350000000,-5.3715705872
3.1360000000,-9.9778175354
3.1370000000,-15.1133537292
3.1380000000,-18.1603431702
3.1390000000,-23.0455398560
3.1400000000,-28.1023979187
3.1410000000,-32.5655937195
3.1420000000,-37.1074676514
3.1430000000,-39.5464897156
3.1440000000,-43.4660911560
3.1450000000,-46.0195541382
3.1460000000,-48.1367111206
3.1470000000,-50.9119033813
3.1480000000,-51.2623786926
3.1490000000,-53.2507896423
3.1500000000,-52.2208213806
3.1510000000,-52.8359413147
3.1520000000,-51.6629219055
3.1530000000,-51.1693954468
3.1540000000,-49.4599342346
3.1550000000,-46.5345382690
3.1560000000,-44.7750091553
3.1570000000,-39.6680831909
3.1580000000,-36.5781784058
3.1590000000,-33.0877304077
3.1600000000,-27.9092788696
3.1610000000,-22.9310989380
3.1620000000,-18.5322761536
3.1630000000,-13.1607055664
3.1640000000,-8.2826614380
3.1650000000,-2.9611587524
3.1660000000,1.9669532776
3.1670000000,6.1798095703
3.1680000000,10.1995468140
3.1690000000,14.8916244507
3.1700000000,19.8626518250
3.1710000000,24.1756439209
3.1720000000,29.6115875244
3.1730000000,33.2021713257
3.1740000000,37.1646881104
3.1750000000,41.0342216492
3.1760000000,44.1455841064
3.1770000000,46.4487075806
3.1780000000,49.9820709229
3.1790000000,50.4183769226
3.1800000000,52.2780418396
3.1810000000,52.7286529541
3.1820000000,52.4997711182
3.1830000000,52.4783134460
3.1840000000,50.7259368896
3.1850000000,50.6830215454
3.1860000000,47.7004051208
3.1870000000,45.7406044006
3.1880000000,42.4075126648
3.1890000000,38.6166572571
3.1900000000,36.8070602417
3.1910000000,30.4055213928
3.1920000000,26.4430046082
3.1930000000,21.0285186768
3.1940000000,16.7798995972
3.1950000000,12.2380256653
3.1960000000,5.7148933411
3.1970000000,0.2217292786
3.1980000000,-4.5919418335
3.1990000000,-9.3626976013
3.2000000000,-13.7042999268
3.2010000000,-17.2591209412
3.2020000000,-22.5663185120
3.2030000000,-27.3370742798
3.2040000000,-32.6371192932
3.2050000000,-36.3707542419
3.2060000000,-39.3247604370
3.2070000000,-43.4160232544
3.2080000000,-45.7262992859
3.2090000000,-48.2869148254
3.2100000000,-50.7259368896
3.2110000000,-51.3267517090
3.2120000000,-53.4081459045
3.2130000000,-52.3066520691
3.2140000000,-52.9861450195
3.2150000000,-51.4698028564
3.2160000000,-51.1121749878
3.2170000000,-49.2382049561
3.2180000000,-46.1554527283
3.2190000000,-44.2314147949
3.2200000000,-39.0100479126
3.2210000000,-35.8414649963
3.2220000000,-31.9719314575
3.2230000000,-26.8292427063
3.2240000000,-21.5864181519
3.2250000000,-17.1518325806
3.2260000000,-11.6014480591
3.2270000000,-6.3157081604
3.2280000000,-1.0728836060
3.2290000000,3.5119056702
3.2300000000,7.7390670776
3.2310000000,12.4168395996
3.2320000000,17.1303749084
3.2330000000,21.7366218567
3.2340000000,27.0366668701
3.2350000000,31.3854217529
3.2360000000,35.3121757507
3.2370000000,38.6667251587
3.2380000000,43.5733795166
3.2390000000,45.2256202698
3.2400000000,48.6373901367
3.2410000000,50.3540039063
3.2420000000,51.1121749878
3.2430000000,52.9003143311
3.2440000000,52.3424148560
3.2450000000,53.3723831177
3.2460000000,51.5270233154
3.2470000000,50.5542755127
3.2480000000,48.4228134155
3.2490000000,45.8550453186
3.2500000000,43.6806678772
3.2510000000,39.8755073547
3.2520000000,36.3922119141
3.2530000000,31.9790840149
3.2540000000,26.8578529358
3.2550000000,22.0727920532
3.2560000000,16.6153907776
3.2570000000,11.7802619934
3.2580000000,6.6232681274
3.2590000000,0.7224082947
3.2600000000,-4.4703483582
3.2610000000,-8.8620185852
3.2620000000,-12.8316879272
3.2630000000,-17.9386138916
3.2640000000,-23.2458114624
3.2650000000,-27.7304649353
3.2660000000,-33.3738327026
3.2670000000,-35.6769561768
3.2680000000,-39.7753715515
3.2690000000,-44.4602966309
3.2700000000,-45.7978248596
3.2710000000,-48.7518310547
3.2720000000,-50.7974624634
3.2730000000,-51.8488883972
3.2740000000,-53.4653663635
3.2750000000,-52.1135330200
3.2760000000,-53.5655021667
3.2770000000,-50.9691238403
3.2780000000,-50.8689880371
3.2790000000,-48.0866432190
3.2800000000,-45.2756881714
3.2810000000,-42.8438186646
3.2820000000,-37.9157066345
3.2830000000,-34.0247154236
3.2840000000,-30.6487083435
3.2850000000,-24.7192382813
3.2860000000,-19.0973281860
3.2870000000,-14.8415565491
3.2880000000,-9.2983245850
3.2890000000,-3.6692619324
3.2900000000,1.2660026550
3.2910000000,5.6433677673
3.2920000000,10.7359886169
3.2930000000,14.9273872375
3.2940000000,19.3977355957
3.2950000000,25.5918502808
3.2960000000,29.8833847046
3.2970000000,33.6670875549
3.2980000000,37.1003150940
3.2990000000,42.8581237793
3.3000000000,44.2671775818
3.3010000000,47.8577613831
3.3020000000,50.1251220703
3.3030000000,50.5256652832
3.3040000000,53.5225868225
3.3050000000,52.0348548889
3.3060000000,53.7085533142
3.3070000000,51.3124465942
3.3080000000,51.0835647583
3.3090000000,48.4657287598
3.3100000000,46.0124015808
3.3110000000,44.9466705322
3.3120000000,39.3819808960
3.3130000000,36.3421440125
3.3140000000,33.1878662109
3.3150000000,26.4930725098
3.3160000000,22.1729278564
3.3170000000,16.4723396301
3.3180000000,11.3868713379
3.3190000000,6.3228607178
3.3200000000,0.5722045898
3.3210000000,-4.7492980957
3.3220000000,-9.2625617981
3.3230000000,-13.8187408447
3.3240000000,-19.0544128418
3.3250000000,-24.2900848389
3.3260000000,-28.8248062134
3.3270000000,-34.4610214233
3.3280000000,-36.6497039795
3.3290000000,-40.9126281738
3.3300000000,-44.8822975159
3.3310000000,-46.9064712524
3.3320000000,-50.2252578735
3.3330000000,-50.5685806274
3.3340000000,-52.3066520691
3.3350000000,-52.8573989868
3.3360000000,-52.9432296753
3.3370000000,-52.4926185608
3.3380000000,-50.8975982666
3.3390000000,-50.4899024963
3.3400000000,-46.7348098755
3.3410000000,-44.1241264343
3.3420000000,-40.5979156494
3.3430000000,-36.0560417175
3.3440000000,-31.7788124084
3.3450000000,-27.7376174927
3.3460000000,-21.3360786438
3.3470000000,-16.2720680237
3.3480000000,-11.4512443542
3.3490000000,-5.6576728821
3.3500000000,-0.0500679016
3.3510000000,4.5275688171
3.3520000000,9.2554092407
3.3530000000,13.5755538940
3.3540000000,18.5108184814
3.3550000000,24.2543220520
3.3560000000,28.9249420166
3.3570000000,33.0233573914
3.3580000000,36.7712974548
3.3590000000,41.7709350586
3.3600000000,44.6748733521
3.3610000000,47.1138954163
3.3620000000,49.9892234802
3.3630000000,50.6544113159
3.3640000000,53.2078742981
3.3650000000,52.6571273804
3.3660000000,53.1291961670
3.3670000000,51.6343116760
3.3680000000,50.5328178406
3.3690000000,48.6588478088
3.3700000000,45.6619262695
3.3710000000,44.4602966309
3.3720000000,39.5750999451
3.3730000000,35.2191925049
3.3740000000,32.3438644409
3.3750000000,25.6705284119
3.3760000000,21.4433670044
3.3770000000,15.2921676636
3.3780000000,9.9563598633
3.3790000000,4.4345855713
3.3800000000,-1.0156631470
3.3810000000,-5.9580802917
3.3820000000,-11.2724304199
3.3830000000,-16.0145759583
3.3840000000,-21.3003158569
3.3850000000,-26.1783599854
3.3860000000,-31.5642356873
3.3870000000,-34.2750549316
3.3880000000,-38.8884544373
3.3890000000,-43.8094139099
3.3900000000,-45.2470779419
3.3910000000,-48.3870506287
3.3920000000,-50.5685806274
3.3930000000,-51.7773628235
3.3940000000,-53.5082817078
3.3950000000,-52.1922111511
3.3960000000,-53.6227226257
3.3970000000,-51.0406494141
3.3980000000,-50.8832931519
3.3990000000,-47.9292869568
3.4000000000,-44.8536872864
3.4010000000,-42.3645973206
3.4020000000,-37.0144844055
3.4030000000,-32.7658653259
3.4040000000,-28.9177894592
3.4050000000,-23.2529640198
3.4060000000,-17.0660018921
3.4070000000,-12.0449066162
3.4080000000,-6.8306922913
3.4090000000,-0.9799003601
3.4100000000,4.1127204895
3.4110000000,8.7332725525
3.4120000000,13.0248069763
3.4130000000,17.9457664490
3.4140000000,24.7693061829
3.4150000000,28.2669067383
3.4160000000,32.8516960144
3.4170000000,36.3707542419
3.4180000000,42.2072410583
3.4190000000,43.8451766968
3.4200000000,47.6789474487
3.4210000000,50.0106811523
3.4220000000,50.6186485291
3.4230000000,53.5225868225
3.4240000000,52.1206855774
3.4250000000,53.8158416748
3.4260000000,51.1550903320
3.4270000000,50.9333610535
3.4280000000,48.1009483337
3.4290000000,45.5546379089
3.4300000000,44.2242622375
3.4310000000,38.2161140442
3.4320000000,34.7971916199
3.4330000000,31.4712524414
3.4340000000,24.6047973633
3.4350000000,19.8268890381
3.4360000000,13.8759613037
3.4370000000,8.5473060608
3.4380000000,2.8467178345
3.4390000000,-2.4247169495
3.4400000000,-7.4672698975
3.4410000000,-12.5455856323
3.4420000000,-18.0530548096
3.4430000000,-22.4161148071
3.4440000000,-28.8677215576
3.4450000000,-32.5727462769
3.4460000000,-36.5495681763
3.4470000000,-40.6122207642
3.4480000000,-44.7320938110
3.4490000000,-46.1053848267
3.4500000000,-50.7116317749
3.4510000000,-50.6472587585
3.4520000000,-53.0791282654
3.4530000000,-52.3853302002
3.4540000000,-52.6642799377
3.4550000000,-52.6356697083
3.4560000000,-50.8975982666
3.4570000000,-50.0035285950
3.4580000000,-45.8049774170
3.4590000000,-43.7378883362
3.4600000000,-39.3033027649
3.4610000000,-33.9031219482
3.4620000000,-30.2052497864
3.4630000000,-25.8064270020
3.4640000000,-18.6610221863
3.4650000000,-13.1964683533
3.4660000000,-8.0895423889
3.4670000000,-2.5820732117
3.4680000000,2.9897689819
3.4690000000,7.3599815369
3.4700000000,12.2523307800
3.4710000000,17.1089172363
3.4720000000,24.1756439209
3.4730000000,27.5516510010
3.4740000000,32.2651863098
3.4750000000,35.8557701111
3.4760000000,42.2430038452
3.4770000000,43.8022613525
3.4780000000,47.5215911865
3.4790000000,49.8032569885
3.4800000000,50.8689880371
3.4810000000,53.6155700684
3.4820000000,51.8631935120
3.4830000000,53.8372993469
3.4840000000,51.1693954468
3.4850000000,51.0978698730
3.4860000000,47.8935241699
3.4870000000,45.1469421387
3.4880000000,43.9667701721
3.4890000000,37.8799438477
3.4900000000,34.2321395874
3.4910000000,30.3125381470
3.4920000000,24.1756439209
3.4930000000,18.3033943176
3.4940000000,12.8602981567
3.4950000000,7.2026252747
3.4960000000,1.4376640320
3.4970000000,-3.9982795715
3.4980000000,-9.0336799622
3.4990000000,-14.4624710083
3.5000000000,-18.9256668091
3.5010000000,-24.8694419861
3.5020000000,-30.8632850647
3.5030000000,-33.1163406372
3.5040000000,-38.1016731262
3.5050000000,-43.4303283691
3.5060000000,-44.8179244995
3.5070000000,-48.1724739075
3.5080000000,-50.4469871521
3.5090000000,-51.8059730530
3.5100000000,-53.3437728882
3.5110000000,-52.2780418396
3.5120000000,-53.9016723633
3.5130000000,-51.0120391846
3.5140000000,-50.9119033813
3.5150000000,-47.3284721375
3.5160000000,-44.5532798767
3.5170000000,-41.4776802063
3.5180000000,-35.9559059143
3.5190000000,-31.4640998840
3.5200000000,-27.2941589355
3.5210000000,-21.5792655945
3.5220000000,-15.1491165161
3.5230000000,-9.5343589783
3.5240000000,-3.9124488831
3.5250000000,1.5163421631
3.5260000000,6.1726570129
3.5270000000,11.3153457642
3.5280000000,16.2863731384
3.5290000000,22.6449966431
3.5300000000,26.9222259521
3.5310000000,31.2280654907
3.5320000000,35.5696678162
3.5330000000,41.6421890259
3.5340000000,43.2801246643
3.5350000000,47.3141670227
3.5360000000,49.7102737427
3.5370000000,50.6114959717
3.5380000000,53.5655021667
3.5390000000,52.1636009216
3.5400000000,53.7228584290
3.5410000000,51.2123107910
3.5420000000,50.9691238403
3.5430000000,48.0151176453
3.5440000000,45.0253486633
3.5450000000,44.1098213196
3.5460000000,38.0587577820
3.5470000000,33.3881378174
3.5480000000,30.0908088684
3.5490000000,23.8323211670
3.5500000000,17.4593925476
3.5510000000,12.1951103210
3.5520000000,6.0796737671
3.5530000000,0.3504753113
3.5540000000,-4.6777725220
3.5550000000,-10.1995468140
3.5560000000,-15.4280662537
3.5570000000,-20.2345848083
3.5580000000,-27.1296501160
3.5590000000,-30.6200981140
3.5600000000,-35.1476669312
3.5610000000,-39.3390655518
3.5620000000,-43.6735153198
3.5630000000,-45.6118583679
3.5640000000,-50.2824783325
3.5650000000,-50.2824783325
3.5660000000,-52.5927543640
3.5670000000,-52.7501106262
3.5680000000,-53.0934333801
3.5690000000,-52.9074668884
3.5700000000,-50.5185127258
3.5710000000,-50.4255294800
3.5720000000,-45.9051132202
3.5730000000,-43.2014465332
3.5740000000,-39.0672683716
3.5750000000,-33.6813926697
3.5760000000,-29.3612480164
3.5770000000,-24.5547294617
3.5780000000,-18.2032585144
3.5790000000,-11.8017196655
3.5800000000,-6.3514709473
3.5810000000,-0.3719329834
3.5820000000,4.3630599976
3.5830000000,9.2983245850
3.5840000000,14.4696235657
3.5850000000,21.0571289063
3.5860000000,25.0983238220
3.5870000000,30.0836563110
3.5880000000,33.9603424072
3.5890000000,40.6479835510
3.5900000000,42.7079200745
3.5910000000,46.2055206299
3.5920000000,50.0249862671
3.5930000000,50.1894950867
3.5940000000,53.4009933472
3.5950000000,52.1421432495
3.5960000000,53.6942481995
3.5970000000,51.8989562988
3.5980000000,50.5328178406
3.5990000000,48.6373901367
3.6000000000,45.7262992859
3.6010000000,43.6878204346
3.6020000000,38.3090972900
3.6030000000,34.0747833252
3.6040000000,29.8333168030
3.6050000000,24.2686271667
3.6060000000,17.3091888428
3.6070000000,11.8374824524
3.6080000000,6.2656402588
3.6090000000,0.1215934753
3.6100000000,-5.3215026855
3.6110000000,-10.6573104858
3.6120000000,-15.5925750732
3.6130000000,-21.3861465454
3.6140000000,-28.1667709351
3.6150000000,-30.4412841797
3.6160000000,-35.8557701111
3.6170000000,-41.1272048950
3.6180000000,-43.2586669922
3.6190000000,-47.1782684326
3.6200000000,-49.9963760376
3.6210000000,-51.0907173157
3.6220000000,-53.2937049866
3.6230000000,-52.5140762329
3.6240000000,-53.3437728882
3.6250000000,-51.8345832825
3.6260000000,-50.9190559387
3.6270000000,-48.7303733826
3.6280000000,-45.1612472534
3.6290000000,-42.0856475830
3.6300000000,-36.5781784058
3.6310000000,-32.0649147034
3.6320000000,-27.1224975586
3.6330000000,-21.8009948730
3.6340000000,-15.1133537292
3.6350000000,-9.2768669128
3.6360000000,-3.6406517029
3.6370000000,2.2530555725
3.6380000000,7.1597099304
3.6390000000,12.2094154358
3.6400000000,17.9743766785
3.6410000000,23.3101844788
3.6420000000,28.1953811646
3.6430000000,32.9160690308
3.6440000000,38.1016731262
3.6450000000,41.9425964355
3.6460000000,44.5961952209
3.6470000000,49.3597984314
3.6480000000,50.2395629883
3.6490000000,52.3424148560
3.6500000000,52.7858734131
3.6510000000,52.6928901672
3.6520000000,52.7429580688
3.6530000000,50.6114959717
3.6540000000,49.9248504639
3.6550000000,46.2269783020
3.6560000000,44.0382957458
3.6570000000,39.1101837158
3.6580000000,35.0260734558
3.6590000000,29.9334526062
3.6600000000,25.2556800842
3.6610000000,18.1603431702
3.6620000000,12.5241279602
3.6630000000,6.8020820618
3.6640000000,0.5221366882
3.6650000000,-5.1927566528
3.6660000000,-10.5071067810
3.6670000000,-15.5496597290
3.6680000000,-21.8152999878
3.6690000000,-27.0509719849
3.6700000000,-31.4640998840
3.6710000000,-35.8486175537
3.6720000000,-41.7494773865
3.6730000000,-43.4732437134
3.6740000000,-47.3070144653
3.6750000000,-50.2324104309
3.6760000000,-51.3339042664
3.6770000000,-53.5082817078
3.6780000000,-52.6928901672
3.6790000000,-53.2793998718
3.6800000000,-51.5985488892
3.6810000000,-50.7688522339
3.6820000000,-47.9078292847
3.6830000000,-44.1884994507
3.6840000000,-41.5134429932
3.6850000000,-34.8973274231
3.6860000000,-31.1994552612
3.6870000000,-25.1698493958
3.6880000000,-20.3275680542
3.6890000000,-13.3895874023
3.6900000000,-7.1811676025
3.6910000000,-1.3518333435
3.6920000000,4.0769577026
3.6930000000,8.8977813721
3.6940000000,14.9774551392
3.6950000000,20.0700759888
3.6960000000,25.2342224121
3.6970000000,30.4913520813
3.6980000000,34.8973274231
3.6990000000,40.6193733215
3.7000000000,43.4088706970
3.7010000000,46.9779968262
3.7020000000,49.5457649231
3.7030000000,50.8117675781
3.7040000000,53.3437728882
3.7050000000,52.6928901672
3.7060000000,53.5225868225
3.7070000000,51.3267517090
3.7080000000,50.2896308899
3.7090000000,47.8863716125
3.7100000000,43.9381599426
3.7110000000,42.1071052551
3.7120000000,36.3707542419
3.7130000000,31.2066078186
3.7140000000,27.0366668701
3.7150000000,20.5636024475
3.7160000000,13.8902664185
3.7170000000,8.0895423889
3.7180000000,2.0313262939
3.7190000000,-3.8552284241
3.7200000000,-9.1481208801
3.7210000000,-14.6842002869
3.7220000000,-20.7638740540
3.7230000000,-26.1998176575
3.7240000000,-30.6701660156
3.7250000000,-35.1977348328
3.7260000000,-41.1558151245
3.7270000000,-43.3230400085
3.7280000000,-46.9708442688
3.7290000000,-49.9391555786
3.7300000000,-51.2623786926
3.7310000000,-53.6370277405
3.7320000000,-52.6642799377
3.7330000000,-53.0433654785
3.7340000000,-51.6700744629
3.7350000000,-50.7831573486
3.7360000000,-48.0651855469
3.7370000000,-43.8022613525
3.7380000000,-41.3918495178
3.7390000000,-34.8687171936
3.7400000000,-30.8275222778
3.7410000000,-24.5976448059
3.7420000000,-19.5693969727
3.7430000000,-13.2751464844
3.7440000000,-6.2084197998
3.7450000000,-0.3576278687
3.7460000000,4.8780441284
3.7470000000,10.2782249451
3.7480000000,16.3149833679
3.7490000000,20.7281112671
3.7500000000,26.3500213623
3.7510000000,31.4211845398
3.7520000000,37.0860099792
3.7530000000,40.5693054199
3.7540000000,44.2242622375
3.7550000000,48.6660003662
3.7560000000,49.6673583984
3.7570000000,52.3424148560
3.7580000000,52.6714324951
3.7590000000,52.6857376099
3.7600000000,53.0648231506
3.7610000000,50.5685806274
3.7620000000,50.3540039063
3.7630000000,45.9623336792
3.7640000000,43.7307357788
3.7650000000,39.2746925354
3.7660000000,34.0390205383
3.7670000000,29.0608406067
3.7680000000,24.6047973633
3.7690000000,17.5452232361
3.7700000000,10.6215476990
3.7710000000,4.8351287842
3.7720000000,-1.0514259338
3.7730000000,-6.6161155701
3.7740000000,-12.2809410095
3.7750000000,-18.5608863831
3.7760000000,-24.4402885437
3.7770000000,-28.3026695251
3.7780000000,-33.7815284729
3.7790000000,-38.9027595520
3.7800000000,-42.5362586975
3.7810000000,-45.6333160400
3.7820000000,-49.8461723328
3.7830000000,-50.7116317749
3.7840000000,-52.9003143311
3.7850000000,-52.6499748230
3.7860000000,-53.2364845276
3.7870000000,-52.2923469543
3.7880000000,-51.0478019714
3.7890000000,-48.9807128906
3.7900000000,-45.0110435486
3.7910000000,-41.2988662720
3.7920000000,-36.7712974548
3.7930000000,-31.1636924744
3.7940000000,-25.7492065430
3.7950000000,-19.9627876282
3.7960000000,-14.1263008118
3.7970000000,-7.1668624878
3.7980000000,-0.9083747864
3.7990000000,4.6491622925
3.8000000000,10.1852416992
3.8010000000,15.5854225159
3.8020000000,20.7924842834
3.8030000000,26.3571739197
3.8040000000,31.3782691956
3.8050000000,37.1861457825
3.8060000000,40.8339500427
3.8070000000,44.2743301392
3.8080000000,48.7947463989
3.8090000000,50.0249862671
3.8100000000,52.2565841675
3.8110000000,52.8860092163
3.8120000000,53.0648231506
3.8130000000,52.5498390198
3.8140000000,50.4469871521
3.8150000000,49.6673583984
3.8160000000,45.9766387939
3.8170000000,43.0512428284
3.8180000000,38.2518768311
3.8190000000,33.3523750305
3.8200000000,27.7161598206
3.8210000000,23.0383872986
3.8220000000,16.1075592041
3.8230000000,9.1266632080
3.8240000000,2.9897689819
3.8250000000,-2.7966499329
3.8260000000,-8.5473060608
3.8270000000,-14.6341323853
3.8280000000,-20.5278396606
3.8290000000,-25.1197814941
3.8300000000,-30.8632850647
3.8310000000,-35.6626510620
3.8320000000,-40.7767295837
3.8330000000,-43.7021255493
3.8340000000,-47.3213195801
3.8350000000,-49.9749183655
3.8360000000,-51.7630577087
3.8370000000,-53.4081459045
3.8380000000,-52.8645515442
3.8390000000,-53.2507896423
3.8400000000,-51.4268875122
3.8410000000,-50.5542755127
3.8420000000,-46.5917587280
3.8430000000,-43.0870056152
3.8440000000,-39.6537780762
3.8450000000,-32.5226783752
3.8460000000,-28.6817550659
3.8470000000,-22.1228599548
3.8480000000,-16.3865089417
3.8490000000,-10.2567672729
3.8500000000,-3.1471252441
3.8510000000,2.8467178345
3.8520000000,8.5330009460
3.8530000000,13.7686729431
3.8540000000,18.8398361206
3.8550000000,24.8336791992
3.8560000000,30.0621986389
3.8570000000,35.9201431274
3.8580000000,39.6323204041
3.8590000000,43.7092781067
3.8600000000,48.0437278748
3.8610000000,49.6315956116
3.8620000000,51.8846511841
3.8630000000,52.7858734131
3.8640000000,52.6428222656
3.8650000000,53.3580780029
3.8660000000,50.6615638733
3.8670000000,50.3611564636
3.8680000000,45.9194183350
3.8690000000,43.2157516479
3.8700000000,39.2889976501
3.8710000000,33.2951545715
3.8720000000,28.0237197876
3.8730000000,23.5390663147
3.8740000000,16.3865089417
3.8750000000,9.4199180603
3.8760000000,2.9468536377
3.8770000000,-2.9897689819
3.8780000000,-8.9120864868
3.8790000000,-14.8129463196
3.8800000000,-20.9069252014
3.8810000000,-25.4416465759
3.8820000000,-30.7917594910
3.8830000000,-36.3564491272
3.8840000000,-41.1558151245
3.8850000000,-43.9167022705
3.8860000000,-48.3870506287
3.8870000000,-49.8390197754
3.8880000000,-51.8774986267
3.8890000000,-53.6227226257
3.8900000000,-52.7071952820
3.8910000000,-53.4582138062
3.8920000000,-50.6114959717
3.8930000000,-50.6186485291
3.8940000000,-45.6333160400
3.8950000000,-42.0141220093
3.8960000000,-38.5451316833
3.8970000000,-31.1279296875
3.8980000000,-26.7791748047
3.8990000000,-20.3847885132
3.9000000000,-14.5125389099
3.9010000000,-8.1610679626
3.9020000000,-0.9155273438
3.9030000000,5.1712989807
3.9040000000,10.7860565186
3.9050000000,15.5782699585
3.9060000000,20.9283828735
3.9070000000,27.4300575256
3.9080000000,31.9361686707
3.9090000000,38.9385223389
3.9100000000,41.3990020752
3.9110000000,45.1755523682
3.9120000000,49.4527816772
3.9130000000,50.3253936768
3.9140000000,53.4296035767
3.9150000000,52.1707534790
3.9160000000,53.8873672485
3.9170000000,51.6486167908
3.9180000000,50.4040718079
3.9190000000,47.5001335144
3.9200000000,44.4245338440
3.9210000000,41.6707992554
3.9220000000,35.3980064392
3.9230000000,30.3053855896
3.9240000000,24.6906280518
3.9250000000,19.1831588745
3.9260000000,12.1951103210
3.9270000000,5.0568580627
3.9280000000,-1.2159347534
3.9290000000,-7.3027610779
3.9300000000,-13.1535530090
3.9310000000,-19.3119049072
3.9320000000,-23.8966941833
3.9330000000,-29.7117233276
3.9340000000,-34.9259376526
3.9350000000,-40.8625602722
3.9360000000,-43.2372093201
3.9370000000,-46.9851493835
3.9380000000,-50.2753257751
3.9390000000,-51.5270233154
3.9400000000,-53.7228584290
3.9410000000,-52.3710250854
3.9420000000,-53.8158416748
3.9430000000,-51.1050224304
3.9440000000,-50.5757331848
3.9450000000,-45.8908081055
3.9460000000,-42.1500205994
3.9470000000,-39.1173362732
3.9480000000,-31.7788124084
3.9490000000,-26.6289710999
3.9500000000,-20.4992294312
3.9510000000,-14.4338607788
3.9520000000,-8.0251693726
3.9530000000,-0.8797645569
3.9540000000,5.1999092102
3.9550000000,10.5714797974
3.9560000000,16.2649154663
3.9570000000,21.2717056274
3.9580000000,27.5731086731
3.9590000000,33.3166122437
3.9600000000,38.7167930603
3.9610000000,41.8567657471
3.9620000000,46.4701652527
3.9630000000,49.0236282349
3.9640000000,50.3683090210
3.9650000000,53.6942481995
3.9660000000,52.5355339050
3.9670000000,53.9517402649
3.9680000000,50.9262084961
3.9690000000,50.5042076111
3.9700000000,47.1496582031
3.9710000000,42.9940223694
3.9720000000,40.8267974854
3.9730000000,34.0747833252
3.9740000000,28.6173820496
3.9750000000,23.1528282166
3.9760000000,17.4951553345
3.9770000000,10.0564956665
3.9780000000,3.2186508179
3.9790000000,-3.3116340637
3.9800000000,-9.2983245850
3.9810000000,-15.4209136963
3.9820000000,-20.9069252014
3.9830000000,-25.9351730347
3.9840000000,-31.7430496216
3.9850000000,-37.8084182739
3.9860000000,-41.4133071899
3.9870000000,-44.5389747620
3.9880000000,-49.8175621033
3.9890000000,-50.4255294800
3.9900000000,-52.8645515442
3.9910000000,-52.5569915771
3.9920000000,-53.2722473145
3.9930000000,-52.7215003967
3.9940000000,-50.7402420044
3.9950000000,-48.4442710876
3.9960000000,-44.2171096802
3.9970000000,-40.3118133545
3.9980000000,-35.2621078491
3.9990000000,-28.8462638855
4.0000000000,-23.5033035278
4.0010000000,-16.8085098267
4.0020000000,-10.2210044861
4.0030000000,-3.5548210144
4.0040000000,2.9253959656
4.0050000000,8.3255767822
4.0060000000,14.3051147461
4.0070000000,19.9341773987
4.0080000000,26.3071060181
4.0090000000,30.8561325073
4.0100000000,37.7154350281
4.0110000000,41.3203239441
4.0120000000,44.6176528931
4.0130000000,48.9950180054
4.0140000000,50.4541397095
4.0150000000,53.1005859375
4.0160000000,52.6356697083
4.0170000000,53.3795356750
4.0180000000,51.9990921021
4.0190000000,50.1251220703
4.0200000000,47.4643707275
4.0210000000,44.2671775818
4.0220000000,40.5192375183
4.0230000000,35.1190567017
4.0240000000,29.4685363770
4.0250000000,23.1599807739
4.0260000000,17.5738334656
4.0270000000,10.4570388794
4.0280000000,3.4475326538
4.0290000000,-3.2401084900
4.0300000000,-9.1052055359
4.0310000000,-15.4423713684
4.0320000000,-20.4849243164
4.0330000000,-26.9865989685
4.0340000000,-32.0076942444
4.0350000000,-38.3448600769
4.0360000000,-41.5563583374
4.0370000000,-45.4616546631
4.0380000000,-49.4241714478
4.0390000000,-50.8546829224
4.0400000000,-53.2793998718
4.0410000000,-52.6928901672
4.0420000000,-53.2579421997
4.0430000000,-52.0491600037
4.0440000000,-50.7473945618
4.0450000000,-47.7218627930
4.0460000000,-43.1585311890
4.0470000000,-39.5035743713
4.0480000000,-33.7743759155
4.0490000000,-27.7304649353
4.0500000000,-21.6794013977
4.0510000000,-15.0275230408
4.0520000000,-8.3327293396
4.0530000000,-1.6307830811
4.0540000000,4.4846534729
4.0550000000,10.3068351746
4.0560000000,16.1862373352
4.0570000000,22.5234031677
4.0580000000,27.6517868042
4.0590000000,34.3751907349
4.0600000000,38.3305549622
4.0610000000,43.2014465332
4.0620000000,46.7991828918
4.0630000000,49.7746467590
4.0640000000,51.4912605286
4.0650000000,52.9789924622
4.0660000000,52.5212287903
4.0670000000,53.1935691833
4.0680000000,50.8689880371
4.0690000000,49.5743751526
4.0700000000,45.5546379089
4.0710000000,41.6135787964
4.0720000000,38.3090972900
4.0730000000,31.5642356873
4.0740000000,26.0710716248
4.0750000000,19.2189216614
4.0760000000,13.1464004517
4.0770000000,5.7649612427
4.0780000000,-0.8797645569
4.0790000000,-7.1668624878
4.0800000000,-13.6685371399
4.0810000000,-18.7540054321
4.0820000000,-25.2413749695
4.0830000000,-30.8489799500
4.0840000000,-37.2004508972
4.0850000000,-40.7123565674
4.0860000000,-44.4746017456
4.0870000000,-49.2596626282
4.0880000000,-50.3039360046
4.0890000000,-52.7644157410
4.0900000000,-52.4926185608
4.0910000000,-53.2937049866
4.0920000000,-52.5927543640
4.0930000000,-50.8189201355
4.0940000000,-48.1009483337
4.0950000000,-43.7092781067
4.0960000000,-39.7038459778
4.0970000000,-34.4324111938
4.0980000000,-27.6947021484
4.0990000000,-22.2516059875
4.1000000000,-15.1491165161
4.1010000000,-8.4972381592
4.1020000000,-1.5306472778
4.1030000000,4.5347213745
4.1040000000,10.4928016663
4.1050000000,16.2935256958
4.1060000000,23.0097770691
4.1070000000,27.7733802795
4.1080000000,34.9330902100
4.1090000000,38.4235382080
4.1100000000,43.2801246643
4.1110000000,47.2927093506
4.1120000000,49.6029853821
4.1130000000,51.9418716431
4.1140000000,53.0719757080
4.1150000000,52.7858734131
4.1160000000,52.7572631836
4.1170000000,50.3897666931
4.1180000000,49.5028495789
4.1190000000,45.1827049255
4.1200000000,41.5492057800
4.1210000000,36.8499755859
4.1220000000,30.4055213928
4.1230000000,24.3973731995
4.1240000000,18.2747840881
4.1250000000,11.9805335999
4.1260000000,4.3058395386
4.1270000000,-2.5033950806
4.1280000000,-8.9764595032
4.1290000000,-15.2850151062
4.1300000000,-20.1988220215
4.1310000000,-26.6432762146
4.1320000000,-32.3581695557
4.1330000000,-39.0243530273
4.1340000000,-41.4204597473
4.1350000000,-45.5832481384
4.1360000000,-49.8819351196
4.1370000000,-50.7831573486
4.1380000000,-53.9588928223
4.1390000000,-52.4997711182
4.1400000000,-53.8372993469
4.1410000000,-51.3768196106
4.1420000000,-50.1036643982
4.1430000000,-46.7205047607
4.1440000000,-41.6064262390
4.1450000000,-38.5093688965
4.1460000000,-31.5213203430
4.1470000000,-25.0482559204
4.1480000000,-18.7110900879
4.1490000000,-12.4168395996
4.1500000000,-5.4717063904
4.1510000000,1.6880035400
4.1520000000,7.6603889465
4.1530000000,13.4682655334
4.1540000000,19.5264816284
4.1550000000,25.3486633301
4.1560000000,32.2437286377
4.1570000000,37.1217727661
4.1580000000,40.9197807312
4.1590000000,45.9551811218
4.1600000000,48.6946105957
4.1610000000,50.5256652832
4.1620000000,53.4510612488
4.1630000000,52.5784492493
4.1640000000,53.9946556091
4.1650000000,50.6973266602
4.1660000000,50.0392913818
4.1670000000,46.3700294495
4.1680000000,42.0570373535
4.1690000000,39.3891334534
4.1700000000,31.8503379822
4.1710000000,26.3071060181
4.1720000000,19.6623802185
4.1730000000,13.8401985168
4.1740000000,6.3300132751
4.1750000000,-1.1014938354
4.1760000000,-7.6031684875
4.1770000000,-13.9403343201
4.1780000000,-19.1617012024
4.1790000000,-25.6133079529
4.1800000000,-31.4640998840
4.1810000000,-38.2232666016
4.1820000000,-40.8482551575
4.1830000000,-45.2041625977
4.1840000000,-49.3812561035
4.1850000000,-51.0978698730
4.1860000000,-53.4796714783
4.1870000000,-52.7644157410
4.1880000000,-53.4224510193
4.1890000000,-51.5842437744
4.1900000000,-50.0679016113
4.1910000000,-47.2784042358
4.1920000000,-41.7494773865
4.1930000000,-38.2518768311
4.1940000000,-31.9719314575
4.1950000000,-25.0124931335
4.1960000000,-18.7253952026
4.1970000000,-12.0449066162
4.1980000000,-5.3644180298
4.1990000000,1.9383430481
4.2000000000,7.9178810120
4.2010000000,13.7829780579
4.2020000000,20.2703475952
4.2030000000,25.8350372314
4.2040000000,33.2093238831
4.2050000000,37.1646881104
4.2060000000,41.5420532227
4.2070000000,46.7920303345
4.2080000000,48.9664077759
4.2090000000,51.2623786926
4.2100000000,53.0505180359
4.2110000000,52.5712966919
4.2120000000,53.7872314453
4.2130000000,50.5042076111
4.2140000000,49.7388839722
4.2150000000,45.4616546631
4.2160000000,41.0699844360
4.2170000000,37.9586219788
4.2180000000,30.2195549011
4.2190000000,24.5690345764
4.2200000000,17.6668167114
4.2210000000,11.6229057312
4.2220000000,4.1699409485
4.2230000000,-3.1900405884
4.2240000000,-9.6058845520
4.2250000000,-15.4352188110
4.2260000000,-21.5506553650
4.2270000000,-27.9951095581
4.2280000000,-34.1033935547
4.2290000000,-39.2675399780
4.2300000000,-42.7937507629
4.2310000000,-47.7218627930
4.2320000000,-49.2596626282
4.2330000000,-51.9561767578
4.2340000000,-53.2937049866
4.2350000000,-53.3366203308
4.2360000000,-52.9718399048
4.2370000000,-50.7259368896
4.2380000000,-49.5600700378
4.2390000000,-44.2099571228
4.2400000000,-40.0328636169
4.2410000000,-35.4337692261
4.2420000000,-27.5158882141
4.2430000000,-22.3445892334
4.2440000000,-14.9416923523
4.2450000000,-7.8964233398
4.2460000000,-1.3375282288
4.2470000000,5.4645538330
4.2480000000,11.3511085510
4.2490000000,18.5108184814
4.2500000000,23.2529640198
4.2510000000,29.8333168030
4.2520000000,36.0131263733
4.2530000000,40.1830673218
4.2540000000,44.8322296143
4.2550000000,48.4800338745
4.2560000000,50.3969192505
4.2570000000,53.1935691833
4.2580000000,52.5856018066
4.2590000000,53.5154342651
4.2600000000,51.6271591187
4.2610000000,49.8890876770
4.2620000000,46.3700294495
4.2630000000,42.7794456482
4.2640000000,38.5951995850
4.2650000000,32.5369834900
4.2660000000,25.9709358215
4.2670000000,19.5479393005
4.2680000000,12.4311447144
4.2690000000,5.8078765869
4.2700000000,-2.0813941956
4.2710000000,-8.1610679626
4.2720000000,-14.3623352051
4.2730000000,-21.0714340210
4.2740000000,-27.0509719849
4.2750000000,-33.6241722107
4.2760000000,-38.1231307983
4.2770000000,-42.5362586975
4.2780000000,-47.1496582031
4.2790000000,-49.1309165955
4.2800000000,-52.0205497742
4.2810000000,-53.3008575439
4.2820000000,-53.1220436096
4.2830000000,-53.2150268555
4.2840000000,-50.7903099060
4.2850000000,-49.6029853821
4.2860000000,-44.3387031555
4.2870000000,-40.0757789612
4.2880000000,-35.4480743408
4.2890000000,-27.5373458862
4.2900000000,-21.9440460205
4.2910000000,-14.9559974670
4.2920000000,-7.4458122253
4.2930000000,-0.5364418030
4.2940000000,5.7721138000
4.2950000000,12.0592117310
4.2960000000,19.1116333008
4.2970000000,23.9324569702
4.2980000000,31.6858291626
4.2990000000,35.9272956848
4.3000000000,41.1128997803
4.3010000000,45.8049774170
4.3020000000,48.6516952515
4.3030000000,50.8117675781
4.3040000000,53.3151626587
4.3050000000,52.6499748230
4.3060000000,53.5941123962
4.3070000000,50.8975982666
4.3080000000,49.5314598083
4.3090000000,45.8478927612
4.3100000000,40.8124923706
4.3110000000,37.5223159790
4.3120000000,30.1551818848
4.3130000000,24.0683555603
4.3140000000,17.1160697937
4.3150000000,9.8776817322
4.3160000000,2.9969215393
4.3170000000,-4.1842460632
4.3180000000,-10.4570388794
4.3190000000,-17.4164772034
4.3200000000,-23.4961509705
4.3210000000,-29.5257568359
4.3220000000,-36.2849235535
4.3230000000,-39.7324562073
4.3240000000,-44.5103645325
4.3250000000,-48.6445426941
4.3260000000,-50.6472587585
4.3270000000,-53.2937049866
4.3280000000,-52.6428222656
4.3290000000,-53.3008575439
4.3300000000,-51.9418716431
4.3310000000,-50.1394271851
4.3320000000,-47.5001335144
4.3330000000,-41.6064262390
4.3340000000,-37.2719764709
4.3350000000,-31.9719314575
4.3360000000,-23.9610671997
4.3370000000,-17.7311897278
4.3380000000,-10.4069709778
4.3390000000,-3.3617019653
4.3400000000,3.6406517029
4.3410000000,9.7203254700
4.3420000000,16.4794921875
4.3430000000,22.2516059875
4.3440000000,29.3040275574
4.3450000000,35.3336334229
4.3460000000,39.0601158142
4.3470000000,44.2886352539
4.3480000000,48.3298301697
4.3490000000,49.8247146606
4.3500000000,53.5583496094
4.3510000000,52.3638725281
4.3520000000,54.0018081665
4.3530000000,51.0835647583
4.3540000000,49.9749183655
4.3550000000,46.3771820068
4.3560000000,42.2215461731
4.3570000000,38.3877754211
4.3580000000,31.6143035889
4.3590000000,24.8408317566
4.3600000000,18.2819366455
4.3610000000,11.1079216003
4.3620000000,4.0626525879
4.3630000000,-3.4117698669
4.3640000000,-9.6631050110
4.3650000000,-16.4651870728
4.3660000000,-22.9239463806
4.3670000000,-28.9893150330
4.3680000000,-36.4279747009
4.3690000000,-39.0958786011
4.3700000000,-44.0597534180
4.3710000000,-49.0307807922
4.3720000000,-50.1894950867
4.3730000000,-53.4939765930
4.3740000000,-52.5212287903
4.3750000000,-53.5440444946
4.3760000000,-51.9061088562
4.3770000000,-50.0106811523
4.3780000000,-47.4357604980
4.3790000000,-41.5062904358
4.3800000000,-36.9858741760
4.3810000000,-31.5856933594
4.3820000000,-23.4389305115
4.3830000000,-17.2662734985
4.3840000000,-9.7560882568
4.3850000000,-2.5105476379
4.3860000000,4.1842460632
4.3870000000,10.5571746826
4.3880000000,17.2233581543
4.3890000000,23.2243537903
4.3900000000,30.7917594910
4.3910000000,35.5124473572
4.3920000000,39.9112701416
4.3930000000,45.6547737122
4.3940000000,48.5301017761
4.3950000000,50.4970550537
4.3960000000,53.4439086914
4.3970000000,52.3638725281
4.3980000000,54.0590286255
4.3990000000,50.7688522339
4.4000000000,49.5457649231
4.4010000000,45.3257560730
4.4020000000,40.7695770264
4.4030000000,37.1360778809
4.4040000000,29.2181968689
4.4050000000,22.9024887085
4.4060000000,16.0145759583
4.4070000000,8.6903572083
4.4080000000,1.4662742615
4.4090000000,-5.4717063904
4.4100000000,-12.0091438293
4.4110000000,-18.9542770386
4.4120000000,-25.3272056580
4.4130000000,-32.0219993591
4.4140000000,-37.7440452576
4.4150000000,-41.3274765015
4.4160000000,-46.3914871216
4.4170000000,-49.2882728577
4.4180000000,-51.5270233154
4.4190000000,-53.6870956421
4.4200000000,-52.5426864624
4.4210000000,-53.7800788879
4.4220000000,-50.4684448242
4.4230000000,-49.5243072510
4.4240000000,-43.9310073853
4.4250000000,-39.2389297485
4.4260000000,-34.9187850952
4.4270000000,-26.9293785095
4.4280000000,-19.8769569397
4.4290000000,-13.1678581238
4.4300000000,-5.6648254395
4.4310000000,1.5377998352
4.4320000000,7.9607963562
4.4330000000,14.6412849426
4.4340000000,20.8353996277
4.4350000000,27.8663635254
4.4360000000,34.3251228333
4.4370000000,38.3090972900
4.4380000000,43.3301925659
4.4390000000,48.2869148254
4.4400000000,49.4599342346
4.4410000000,53.5011291504
4.4420000000,52.3996353149
4.4430000000,53.9088249207
4.4440000000,51.4197349548
4.4450000000,49.6745109558
4.4460000000,46.6918945313
4.4470000000,42.2501564026
4.4480000000,37.8727912903
4.4490000000,31.3782691956
4.4500000000,24.2328643799
4.4510000000,17.4450874329
4.4520000000,10.1137161255
4.4530000000,2.6750564575
4.4540000000,-4.3559074402
4.4550000000,-10.9648704529
4.4560000000,-17.9100036621
4.4570000000,-24.4760513306
4.4580000000,-31.1207771301
4.4590000000,-37.2076034546
4.4600000000,-40.7838821411
4.4610000000,-45.8335876465
4.4620000000,-49.3168830872
4.4630000000,-51.1479377747
4.4640000000,-53.8015365601
4.4650000000,-52.4783134460
4.4660000000,-53.9231300354
4.4670000000,-50.6258010864
4.4680000000,-49.4027137756
4.4690000000,-44.2814826965
4.4700000000,-39.1817092896
4.4710000000,-34.8758697510
4.4720000000,-27.0867347717
4.4730000000,-19.6838378906
4.4740000000,-13.0033493042
4.4750000000,-5.4216384888
4.4760000000,1.8382072449
4.4770000000,8.3041191101
4.4780000000,14.9846076965
4.4790000000,21.4576721191
4.4800000000,28.8963317871
4.4810000000,34.3537330627
4.4820000000,38.8169288635
4.4830000000,44.3816184998
4.4840000000,48.2153892517
4.4850000000,49.7889518738
4.4860000000,53.6012649536
4.4870000000,52.4711608887
4.4880000000,54.0018081665
4.4890000000,50.8403778076
4.4900000000,49.6459007263
4.4910000000,45.6333160400
4.4920000000,41.2130355835
4.4930000000,36.8142127991
4.4940000000,29.7260284424
4.4950000000,22.6593017578
4.4960000000,15.6283378601
4.4970000000,8.2468986511
4.4980000000,0.7510185242
4.4990000000,-6.2012672424
4.5000000000,-13.0033493042
4.5010000000,-20.0700759888
4.5020000000,-26.0853767395
4.5030000000,-34.0390205383
4.5040000000,-37.8084182739
4.5050000000,-42.1428680420
4.5060000000,-48.4514236450
4.5070000000,-49.3669509888
4.5080000000,-52.4067878723
4.5090000000,-53.0362129211
4.5100000000,-53.2221794128
4.5110000000,-52.9146194458
4.5120000000,-49.8318672180
4.5130000000,-48.1581687927
4.5140000000,-42.0212745667
4.5150000000,-36.9715690613
4.5160000000,-32.1006774902
4.5170000000,-23.4675407410
4.5180000000,-16.4866447449
4.5190000000,-9.4342231750
4.5200000000,-1.6665458679
4.5210000000,5.2571296692
4.5220000000,11.8160247803
4.5230000000,18.1603431702
4.5240000000,25.1913070679
4.5250000000,32.5083732605
4.5260000000,36.8714332581
4.5270000000,41.4562225342
4.5280000000,47.6932525635
4.5290000000,48.7732887268
4.5300000000,52.5927543640
4.5310000000,52.8073310852
4.5320000000,53.5082817078
4.5330000000,52.0277023315
4.5340000000,49.6530532837
4.5350000000,48.1367111206
4.5360000000,42.6363945007
4.5370000000,38.4664535522
4.5380000000,32.7014923096
4.5390000000,24.4474411011
4.5400000000,17.8241729736
4.5410000000,10.5786323547
4.5420000000,2.9683113098
4.5430000000,-4.4989585876
4.5440000000,-11.2366676331
4.5450000000,-18.2175636292
4.5460000000,-24.5118141174
4.5470000000,-32.2008132935
4.5480000000,-37.2004508972
4.5490000000,-41.1915779114
4.5500000000,-47.2211837769
4.5510000000,-48.9807128906
4.5520000000,-51.7344474792
4.5530000000,-53.6084175110
4.5540000000,-52.9503822327
4.5550000000,-53.2579421997
4.5560000000,-50.0679016113
4.5570000000,-48.9306449890
4.5580000000,-42.5076484680
4.5590000000,-37.7011299133
4.5600000000,-32.8731536865
4.5610000000,-24.4688987732
4.5620000000,-16.9873237610
4.5630000000,-10.0922584534
4.5640000000,-2.3746490479
4.5650000000,4.9281120300
4.5660000000,11.4369392395
4.5670000000,17.9743766785
4.5680000000,25.0983238220
4.5690000000,32.2508811951
4.5700000000,36.7355346680
4.5710000000,41.5134429932
4.5720000000,47.5716590881
4.5730000000,48.7589836121
4.5740000000,52.7000427246
4.5750000000,52.7358055115
4.5760000000,53.6370277405
4.5770000000,51.8345832825
4.5780000000,49.6101379395
4.5790000000,47.8434562683
4.5800000000,42.2430038452
4.5810000000,37.9300117493
4.5820000000,32.0720672607
4.5830000000,23.7464904785
4.5840000000,16.9372558594
4.5850000000,9.5987319946
4.5860000000,1.9955635071
4.5870000000,-5.5074691772
4.5880000000,-12.2594833374
4.5890000000,-19.4978713989
4.5900000000,-25.7492065430
4.5910000000,-33.6885452271
4.5920000000,-37.4722480774
4.5930000000,-42.1643257141
4.5940000000,-48.2940673828
4.5950000000,-49.5243072510
4.5960000000,-52.8073310852
4.5970000000,-52.8502464294
4.5980000000,-53.2722473145
4.5990000000,-52.5927543640
4.6000000000,-49.8318672180
4.6010000000,-47.4429130554
4.6020000000,-41.1486625671
4.6030000000,-36.0131263733
4.6040000000,-30.8918952942
4.6050000000,-22.0012664795
4.6060000000,-14.5626068115
4.6070000000,-7.5030326843
4.6080000000,0.1931190491
4.6090000000,7.1740150452
4.6100000000,13.6399269104
4.6110000000,20.7924842834
4.6120000000,28.5172462463
4.6130000000,33.5097312927
4.6140000000,38.7310981750
4.6150000000,44.7034835815
4.6160000000,47.8434562683
4.6170000000,50.0535964966
4.6180000000,53.4939765930
4.6190000000,52.6785850525
4.6200000000,53.8802146912
4.6210000000,50.4326820374
4.6220000000,49.4313240051
4.6230000000,44.7964668274
4.6240000000,39.7181510925
4.6250000000,35.6626510620
4.6260000000,27.4872779846
4.6270000000,20.7567214966
4.6280000000,12.6528739929
4.6290000000,5.3358078003
4.6300000000,-2.0241737366
4.6310000000,-9.0837478638
4.6320000000,-16.5510177612
4.6330000000,-23.1385231018
4.6340000000,-30.3626060486
4.6350000000,-36.2420082092
4.6360000000,-40.5621528625
4.6370000000,-46.1196899414
4.6380000000,-48.9807128906
4.6390000000,-51.2552261353
4.6400000000,-53.7872314453
4.6410000000,-52.6928901672
4.6420000000,-53.6227226257
4.6430000000,-50.3182411194
4.6440000000,-48.7518310547
4.6450000000,-42.7079200745
4.6460000000,-37.6296043396
4.6470000000,-32.5298309326
4.6480000000,-24.5118141174
4.6490000000,-16.7870521545
4.6500000000,-9.1338157654
4.6510000000,-1.5664100647
4.6520000000,5.5718421936
4.6530000000,12.1521949768
4.6540000000,19.2618370056
4.6550000000,26.7434120178
4.6560000000,32.9375267029
4.6570000000,37.3578071594
4.6580000000,43.2515144348
4.6590000000,47.6360321045
4.6600000000,49.3454933167
4.6610000000,53.4510612488
4.6620000000,52.6142120361
4.6630000000,53.9088249207
4.6640000000,50.8189201355
4.6650000000,49.4027137756
4.6660000000,45.8192825317
4.6670000000,40.7695770264
4.6680000000,35.9916687012
4.6690000000,29.0322303772
4.6700000000,20.6065177917
4.6710000000,13.3824348450
4.6720000000,6.1368942261
4.6730000000,-1.4233589172
4.6740000000,-8.7046623230
4.6750000000,-15.9645080566
4.6760000000,-22.5448608398
4.6770000000,-30.2696228027
4.6780000000,-36.1776351929
4.6790000000,-40.5550003052
4.6800000000,-45.8049774170
4.6810000000,-48.7804412842
4.6820000000,-51.6486167908
4.6830000000,-53.6584854126
4.6840000000,-52.6142120361
4.6850000000,-53.4868240356
4.6860000000,-50.2109527588
4.6870000000,-48.9377975464
4.6880000000,-42.1571731567
4.6890000000,-37.4150276184
4.6900000000,-32.0792198181
4.6910000000,-24.0683555603
4.6920000000,-15.9287452698
4.6930000000,-8.3684921265
4.6940000000,-0.9441375732
4.6950000000,6.3228607178
4.6960000000,13.0605697632
4.6970000000,20.3561782837
4.6980000000,28.2168388367
4.6990000000,33.1807136536
4.7000000000,38.6881828308
4.7010000000,44.7678565979
4.7020000000,47.8863716125
4.7030000000,50.2181053162
4.7040000000,53.3151626587
4.7050000000,52.6356697083
4.7060000000,53.8015365601
4.7070000000,50.3611564636
4.7080000000,49.1237640381
4.7090000000,44.1670417786
4.7100000000,38.8169288635
4.7110000000,34.5969200134
4.7120000000,26.0639190674
4.7130000000,19.0758705139
4.7140000000,11.0077857971
4.7150000000,3.1900405884
4.7160000000,-4.1556358337
4.7170000000,-11.3868713379
4.7180000000,-19.0472602844
4.7190000000,-25.3415107727
4.7200000000,-33.2593917847
4.7210000000,-36.9930267334
4.7220000000,-42.5648689270
4.7230000000,-48.0365753174
4.7240000000,-49.6816635132
4.7250000000,-53.4081459045
4.7260000000,-52.7143478394
4.7270000000,-53.3437728882
4.7280000000,-51.8131256104
4.7290000000,-49.6530532837
4.7300000000,-46.3128089905
4.7310000000,-40.0114059448
4.7320000000,-34.5253944397
4.7330000000,-28.2883644104
4.7340000000,-19.8841094971
4.7350000000,-11.8947029114
4.7360000000,-4.1484832764
4.7370000000,3.3617019653
4.7380000000,10.0708007813
4.7390000000,17.5452232361
4.7400000000,24.8408317566
4.7410000000,31.4712524414
4.7420000000,36.0918045044
4.7430000000,42.0999526978
4.7440000000,47.3642349243
4.7450000000,49.0736961365
4.7460000000,53.2507896423
4.7470000000,52.4640083313
4.7480000000,53.8229942322
4.7490000000,51.3482093811
4.7500000000,49.2668151855
4.7510000000,46.3128089905
4.7520000000,40.7195091248
4.7530000000,35.8843803406
4.7540000000,29.0966033936
4.7550000000,20.4133987427
4.7560000000,13.2822990417
4.7570000000,5.0139427185
4.7580000000,-2.5320053101
4.7590000000,-9.7846984863
4.7600000000,-17.0731544495
4.7610000000,-23.8537788391
4.7620000000,-32.4296951294
4.7630000000,-36.2348556519
4.7640000000,-41.9712066650
4.7650000000,-47.7719306946
4.7660000000,-49.4742393494
4.7670000000,-52.7071952820
4.7680000000,-52.9646873474
4.7690000000,-53.2293319702
4.7700000000,-52.3424148560
4.7710000000,-49.3597984314
4.7720000000,-46.9994544983
4.7730000000,-39.9327278137
4.7740000000,-34.3680381775
4.7750000000,-28.8319587708
4.7760000000,-20.1201438904
4.7770000000,-12.0806694031
4.7780000000,-3.9982795715
4.7790000000,3.3760070801
4.7800000000,10.3640556335
4.7810000000,17.6310539246
4.7820000000,25.8350372314
4.7830000000,31.0993194580
4.7840000000,36.5781784058
4.7850000000,42.8438186646
4.7860000000,46.9923019409
4.7870000000,49.4813919067
4.7880000000,53.3652305603
4.7890000000,52.5212287903
4.7900000000,53.8372993469
4.7910000000,50.7974624634
4.7920000000,49.6888160706
4.7930000000,45.1397895813
4.7940000000,40.0328636169
4.7950000000,35.2764129639
4.7960000000,27.2727012634
4.7970000000,19.3834304810
4.7980000000,11.9733810425
4.7990000000,3.6764144897
4.8000000000,-3.9267539978
4.8010000000,-11.5084648132
4.8020000000,-18.6181068420
4.8030000000,-25.5775451660
4.8040000000,-33.1950187683
4.8050000000,-37.4794006348
4.8060000000,-42.9296493530
4.8070000000,-48.0151176453
4.8080000000,-49.7317314148
4.8090000000,-53.8229942322
4.8100000000,-52.6142120361
4.8110000000,-53.5726547241
4.8120000000,-51.1765480042
4.8130000000,-49.1094589233
4.8140000000,-45.3329086304
4.8150000000,-38.7167930603
4.8160000000,-32.9589843750
4.8170000000,-26.5717506409
4.8180000000,-17.8170204163
4.8190000000,-9.7775459290
4.8200000000,-1.7309188843
4.8210000000,5.5646896362
4.8220000000,12.9604339600
4.8230000000,20.0486183167
4.8240000000,27.4515151978
4.8250000000,33.1878662109
4.8260000000,38.7954711914
4.8270000000,44.9895858765
4.8280000000,47.9936599731
4.8290000000,51.3267517090
4.8300000000,52.7501106262
4.8310000000,52.5999069214
4.8320000000,53.1721115112
4.8330000000,50.3683090210
4.8340000000,48.5444068909
4.8350000000,42.5648689270
4.8360000000,37.5938415527
4.8370000000,32.3438644409
4.8380000000,23.8180160522
4.8390000000,15.9144401550
4.8400000000,8.1467628479
4.8410000000,0.2145767212
4.8420000000,-7.4243545532
4.8430000000,-14.9130821228
4.8440000000,-21.8582153320
4.8450000000,-30.1337242126
4.8460000000,-35.0260734558
4.8470000000,-40.5406951904
4.8480000000,-46.3914871216
4.8490000000,-48.6874580383
4.8500000000,-51.7630577087
4.8510000000,-53.5368919373
4.8520000000,-53.0076026917
4.8530000000,-52.9575347900
4.8540000000,-49.5100021362
4.8550000000,-48.1224060059
4.8560000000,-40.4405593872
4.8570000000,-35.4409217834
4.8580000000,-29.2825698853
4.8590000000,-21.2359428406
4.8600000000,-12.6314163208
4.8610000000,-4.4059753418
4.8620000000,3.1542778015
4.8630000000,10.0994110107
4.8640000000,17.3449516296
4.8650000000,25.4774093628
4.8660000000,31.1136245728
4.8670000000,37.0573997498
4.8680000000,43.4732437134
4.8690000000,47.0781326294
4.8700000000,49.7746467590
4.8710000000,53.3509254456
4.8720000000,52.5569915771
4.8730000000,53.9517402649
4.8740000000,50.3969192505
4.8750000000,49.2024421692
4.8760000000,44.1527366638
4.8770000000,38.7597084045
4.8780000000,33.9174270630
4.8790000000,25.4273414612
4.8800000000,17.3592567444
4.8810000000,9.8490715027
4.8820000000,1.4662742615
4.8830000000,-6.3872337341
4.8840000000,-14.0190124512
4.8850000000,-20.5636024475
4.8860000000,-28.9320945740
4.8870000000,-34.5468521118
4.8880000000,-39.8039817810
4.8890000000,-45.8621978760
4.8900000000,-48.3655929565
4.8910000000,-51.5055656433
4.8920000000,-53.3509254456
4.8930000000,-53.3080101013
4.8940000000,-52.9575347900
4.8950000000,-50.1322746277
4.8960000000,-47.6646423340
4.8970000000,-41.3632392883
4.8980000000,-35.5482101440
4.8990000000,-29.3111801147
4.9000000000,-21.4004516602
4.9010000000,-12.8245353699
4.9020000000,-4.6062469482
4.9030000000,3.2258033752
4.9040000000,10.2639198303
4.9050000000,17.7812576294
4.9060000000,25.5203247070
4.9070000000,31.6715240479
4.9080000000,37.6582145691
4.9090000000,43.3230400085
4.9100000000,47.4429130554
4.9110000000,50.2324104309
4.9120000000,53.0433654785
4.9130000000,52.8001785278
4.9140000000,53.4296035767
4.9150000000,50.7473945618
4.9160000000,48.3870506287
4.9170000000,43.7235832214
4.9180000000,37.8942489624
4.9190000000,32.7372550964
4.9200000000,24.4402885437
4.9210000000,16.2863731384
4.9220000000,8.3613395691
4.9230000000,0.2288818359
4.9240000000,-7.4744224548
4.9250000000,-15.0418281555
4.9260000000,-22.7737426758
4.9270000000,-30.1909446716
4.9280000000,-35.1905822754
4.9290000000,-41.1415100098
4.9300000000,-47.1639633179
4.9310000000,-49.0450859070
4.9320000000,-52.1349906921
4.9330000000,-53.0004501343
4.9340000000,-53.3938407898
4.9350000000,-52.5355339050
4.9360000000,-49.0808486938
4.9370000000,-46.8993186951
4.9380000000,-39.3319129944
4.9390000000,-33.5240364075
4.9400000000,-27.2655487061
4.9410000000,-18.7826156616
4.9420000000,-10.1709365845
4.9430000000,-1.8668174744
4.9440000000,5.3071975708
4.9450000000,12.4168395996
4.9460000000,20.9069252014
4.9470000000,27.3442268372
4.9480000000,33.7743759155
4.9490000000,38.9885902405
4.9500000000,45.9194183350
4.9510000000,48.1724739075
4.9520000000,52.2637367249
4.9530000000,52.7143478394
4.9540000000,53.2150268555
4.9550000000,52.1850585938
4.9560000000,49.5314598083
4.9570000000,47.7433204651
4.9580000000,40.8053398132
4.9590000000,35.4623794556
4.9600000000,29.9119949341
4.9610000000,20.4992294312
4.9620000000,12.8674507141
4.9630000000,4.5990943909
4.9640000000,-3.6478042603
4.9650000000,-11.2366676331
4.9660000000,-18.2962417603
4.9670000000,-26.9937515259
4.9680000000,-32.9804420471
4.9690000000,-38.3663177490
4.9700000000,-43.9095497131
4.9710000000,-48.5086441040
4.9720000000,-50.4255294800
4.9730000000,-53.6441802979
4.9740000000,-52.6857376099
4.9750000000,-54.0089607239
4.9760000000,-50.1465797424
4.9770000000,-47.8076934814
4.9780000000,-42.7508354187
4.9790000000,-36.0918045044
4.9800000000,-29.8261642456
4.9810000000,-22.5591659546
4.9820000000,-13.4682655334
4.9830000000,-4.7349929810
4.9840000000,3.2472610474
4.9850000000,10.2996826172
4.9860000000,18.2175636292
4.9870000000,25.4559516907
4.9880000000,31.5356254578
4.9890000000,37.8298759460
4.9900000000,44.0382957458
4.9910000000,47.5645065308
4.9920000000,50.9119033813
4.9930000000,52.7143478394
4.9940000000,52.5140762329
4.9950000000,53.2865524292
4.9960000000,50.3683090210
4.9970000000,48.2368469238
4.9980000000,42.2716140747
4.9990000000,36.7426872253
