time (s),velocity (rpm)
0.0000000000,0.0214576721
0.0010000000,-0.1788139343
0.0020000000,0.0858306885
0.0030000000,0.1215934753
0.0040000000,-0.1144409180
0.0050000000,-0.1072883606
0.0060000000,0.1859664917
0.0070000000,0.0357627869
0.0080000000,-0.1645088196
0.0090000000,0.0500679016
0.0100000000,0.1144409180
0.0110000000,-0.0858306885
0.0120000000,-0.0357627869
0.0130000000,0.1072883606
0.0140000000,0.0214576721
0.0150000000,-0.1001358032
0.0160000000,0.0500679016
0.0170000000,0.1001358032
0.0180000000,-0.0643730164
0.0190000000,0.0143051147
0.0200000000,0.0500679016
0.0210000000,0.0357627869
0.0220000000,-0.0143051147
0.0230000000,0.0214576721
0.0240000000,0.1001358032
0.0250000000,0.1001358032
0.0260000000,0.1430511475
0.0270000000,0.1931190491
0.0280000000,0.2217292786
0.0290000000,0.2145767212
0.0300000000,0.2503395081
0.0310000000,0.3004074097
0.0320000000,0.3290176392
0.0330000000,0.3433227539
0.0340000000,0.3790855408
0.0350000000,0.4363059998
0.0360000000,0.4935264587
0.0370000000,0.5221366882
0.0380000000,0.6222724915
0.0390000000,0.6651878357
0.0400000000,0.7581710815
0.0410000000,0.8296966553
0.0420000000,0.8940696716
0.0430000000,0.9799003601
0.0440000000,1.1587142944
0.0450000000,1.2731552124
0.0460000000,1.4162063599
0.0470000000,1.5878677368
0.0480000000,1.7166137695
0.0490000000,1.9168853760
0.0500000000,2.1672248840
0.0510000000,2.3746490479
0.0520000000,2.4962425232
0.0530000000,2.6392936707
0.0540000000,2.7537345886
0.0550000000,2.9397010803
0.0560000000,3.1399726868
0.0570000000,3.2687187195
0.0580000000,3.4976005554
0.0590000000,3.7193298340
0.0600000000,3.8623809814
0.0610000000,4.0912628174
0.0620000000,4.1127204895
0.0630000000,4.3201446533
0.0640000000,4.3845176697
0.0650000000,4.4703483582
0.0660000000,4.7636032104
0.0670000000,5.0568580627
0.0680000000,5.1999092102
0.0690000000,5.2785873413
0.0700000000,5.4359436035
0.0710000000,5.7506561279
0.0720000000,6.0582160950
0.0730000000,6.3943862915
0.0740000000,6.2799453735
0.0750000000,6.3228607178
0.0760000000,6.4516067505
0.0770000000,6.7734718323
0.0780000000,6.8020820618
0.0790000000,6.9451332092
0.0800000000,7.3599815369
0.0810000000,7.7676773071
0.0820000000,8.0609321594
0.0830000000,7.9250335693
0.0840000000,8.0537796021
0.0850000000,8.4900856018
0.0860000000,8.7046623230
0.0870000000,9.0050697327
0.0880000000,9.5558166504
0.0890000000,9.6201896667
0.0900000000,9.3698501587
0.0910000000,9.7274780273
0.0920000000,9.8133087158
0.0930000000,10.0564956665
0.0940000000,10.6930732727
0.0950000000,10.9720230103
0.0960000000,10.8361244202
0.0970000000,11.2652778625
0.0980000000,11.2509727478
0.0990000000,11.9662284851
0.1000000000,12.3167037964
0.1010000000,11.7158889771
0.1020000000,12.0663642883
0.1030000000,11.9876861572
0.1040000000,12.9175186157
0.1050000000,13.2179260254
0.1060000000,13.3466720581
0.1070000000,13.6327743530
0.1080000000,14.2979621887
0.1090000000,15.0561332703
0.1100000000,14.3408775330
0.1110000000,14.4052505493
0.1120000000,14.6842002869
0.1130000000,15.5925750732
0.1140000000,15.5711174011
0.1150000000,15.9645080566
0.1160000000,17.1160697937
0.1170000000,17.0016288757
0.1180000000,16.6082382202
0.1190000000,16.3793563843
0.1200000000,17.5666809082
0.1210000000,17.6525115967
0.1220000000,17.7454948425
0.1230000000,19.3119049072
0.1240000000,18.8541412354
0.1250000000,18.5966491699
0.1260000000,19.3119049072
0.1270000000,19.3619728088
0.1280000000,19.5622444153
0.1290000000,21.1858749390
0.1300000000,21.0928916931
0.1310000000,20.3633308411
0.1320000000,21.2001800537
0.1330000000,21.1286544800
0.1340000000,21.7580795288
0.1350000000,23.1599807739
0.1360000000,22.4089622498
0.1370000000,22.6879119873
0.1380000000,23.3316421509
0.1390000000,23.4603881836
0.1400000000,24.7979164124
0.1410000000,24.0039825439
0.1420000000,24.6047973633
0.1430000000,24.8479843140
0.1440000000,25.4702568054
0.1450000000,26.7934799194
0.1460000000,25.6204605103
0.1470000000,26.1354446411
0.1480000000,26.4286994934
0.1490000000,28.5601615906
0.1500000000,27.7376174927
0.1510000000,27.7662277222
0.1520000000,27.8306007385
0.1530000000,29.3254852295
0.1540000000,29.1824340820
0.1550000000,29.2038917542
0.1560000000,29.5186042786
0.1570000000,30.6987762451
0.1580000000,30.6129455566
0.1590000000,30.8346748352
0.1600000000,31.1350822449
0.1610000000,33.0233573914
0.1620000000,32.0720672607
0.1630000000,31.9576263428
0.1640000000,33.0734252930
0.1650000000,34.3251228333
0.1660000000,32.9232215881
0.1670000000,33.6384773254
0.1680000000,35.3837013245
0.1690000000,34.4324111938
0.1700000000,35.2120399475
0.1710000000,36.2706184387
0.1720000000,36.0918045044
0.1730000000,35.9916687012
0.1740000000,36.8928909302
0.1750000000,38.0802154541
0.1760000000,36.6353988647
0.1770000000,37.3935699463
0.1780000000,39.6895408630
0.1790000000,38.1088256836
0.1800000000,38.5808944702
0.1810000000,40.2116775513
0.1820000000,39.4463539124
0.1830000000,39.8111343384
0.1840000000,40.9913063049
0.1850000000,40.5836105347
0.1860000000,42.0498847961
0.1870000000,41.7995452881
0.1880000000,41.7637825012
0.1890000000,43.6449050903
0.1900000000,42.4790382385
0.1910000000,43.0083274841
0.1920000000,44.5675849915
0.1930000000,44.0096855164
0.1940000000,43.9953804016
0.1950000000,45.6547737122
0.1960000000,44.7320938110
0.1970000000,46.2198257446
0.1980000000,45.5760955811
0.1990000000,46.0410118103
0.2000000000,47.7504730225
0.2010000000,46.9636917114
0.2020000000,48.2940673828
0.2030000000,47.8577613831
0.2040000000,47.6360321045
0.2050000000,49.9248504639
0.2060000000,48.8519668579
0.2070000000,50.2395629883
0.2080000000,49.4956970215
0.2090000000,50.8689880371
0.2100000000,50.4112243652
0.2110000000,50.7116317749
0.2120000000,51.9132614136
0.2130000000,51.5127182007
0.2140000000,53.0290603638
0.2150000000,51.8417358398
0.2160000000,53.8372993469
0.2170000000,52.6642799377
0.2180000000,54.2807579041
0.2190000000,53.5798072815
0.2200000000,53.8873672485
0.2210000000,55.4609298706
0.2220000000,54.5310974121
0.2230000000,56.6411018372
0.2240000000,55.4966926575
0.2250000000,57.2419166565
0.2260000000,56.2906265259
0.2270000000,57.8999519348
0.2280000000,56.4980506897
0.2290000000,58.2289695740
0.2300000000,56.9200515747
0.2310000000,58.9156150818
0.2320000000,57.6138496399
0.2330000000,59.2517852783
0.2340000000,58.2718849182
0.2350000000,60.1029396057
0.2360000000,59.1087341309
0.2370000000,60.7967376709
0.2380000000,59.9527359009
0.2390000000,61.5048408508
0.2400000000,60.6465339661
0.2410000000,61.8052482605
0.2420000000,61.8124008179
0.2430000000,62.2844696045
0.2440000000,62.2701644897
0.2450000000,63.0140304565
0.2460000000,63.0140304565
0.2470000000,63.1570816040
0.2480000000,63.8222694397
0.2490000000,63.2715225220
0.2500000000,64.6591186523
0.2510000000,63.3788108826
0.2520000000,65.5889511108
0.2530000000,63.7221336365
0.2540000000,65.9894943237
0.2550000000,65.1097297668
0.2560000000,65.8321380615
0.2570000000,65.9894943237
0.2580000000,65.6962394714
0.2590000000,67.5272941589
0.2600000000,65.2813911438
0.2610000000,67.3341751099
0.2620000000,66.7619705200
0.2630000000,67.2841072083
0.2640000000,67.7418708801
0.2650000000,67.2268867493
0.2660000000,68.2997703552
0.2670000000,67.4843788147
0.2680000000,69.3869590759
0.2690000000,68.9291954041
0.2700000000,68.5858726501
0.2710000000,69.5300102234
0.2720000000,67.9779052734
0.2730000000,69.5943832397
0.2740000000,68.9077377319
0.2750000000,69.1580772400
0.2760000000,69.3011283875
0.2770000000,68.7432289124
0.2780000000,69.8876380920
0.2790000000,68.9506530762
0.2800000000,69.9448585510
0.2810000000,69.7445869446
0.2820000000,69.1580772400
0.2830000000,70.5885887146
0.2840000000,68.8791275024
0.2850000000,70.5957412720
0.2860000000,70.0163841248
0.2870000000,69.7374343872
0.2880000000,70.3382492065
0.2890000000,69.0793991089
0.2900000000,70.5885887146
0.2910000000,70.3167915344
0.2920000000,69.3798065186
0.2930000000,70.5099105835
0.2940000000,68.8648223877
0.2950000000,70.9104537964
0.2960000000,70.1737403870
0.2970000000,69.5157051086
0.2980000000,70.5885887146
0.2990000000,69.1080093384
0.3000000000,70.9033012390
0.3010000000,69.5657730103
0.3020000000,69.5657730103
0.3030000000,70.0664520264
0.3040000000,68.7432289124
0.3050000000,69.7875022888
0.3060000000,69.3368911743
0.3070000000,69.2152976990
0.3080000000,69.3297386169
0.3090000000,67.9922103882
0.3100000000,68.9721107483
0.3110000000,68.1710243225
0.3120000000,68.5429573059
0.3130000000,68.2997703552
0.3140000000,67.4200057983
0.3150000000,68.1781768799
0.3160000000,66.5688514709
0.3170000000,68.1781768799
0.3180000000,66.6260719299
0.3190000000,67.2411918640
0.3200000000,67.1195983887
0.3210000000,65.6962394714
0.3220000000,66.8621063232
0.3230000000,64.7592544556
0.3240000000,66.1969184875
0.3250000000,64.4659996033
0.3260000000,65.1168823242
0.3270000000,64.3587112427
0.3280000000,63.5719299316
0.3290000000,64.2585754395
0.3300000000,62.3989105225
0.3310000000,63.5933876038
0.3320000000,61.7837905884
0.3330000000,62.7994537354
0.3340000000,61.0828399658
0.3350000000,61.8624687195
0.3360000000,60.5249404907
0.3370000000,60.8825683594
0.3380000000,59.2875480652
0.3390000000,60.4963302612
0.3400000000,58.3004951477
0.3410000000,59.3519210815
0.3420000000,56.9415092468
0.3430000000,58.1574440002
0.3440000000,56.1332702637
0.3450000000,57.3921203613
0.3460000000,54.9244880676
0.3470000000,56.2191009521
0.3480000000,53.8516044617
0.3490000000,54.8243522644
0.3500000000,52.7429580688
0.3510000000,53.2937049866
0.3520000000,52.1779060364
0.3530000000,52.0777702332
0.3540000000,51.1837005615
0.3550000000,50.1680374146
0.3560000000,51.0978698730
0.3570000000,48.2797622681
0.3580000000,48.6445426941
0.3590000000,47.4214553833
0.3600000000,46.1053848267
0.3610000000,46.9636917114
0.3620000000,44.9681282043
0.3630000000,45.4545021057
0.3640000000,43.8737869263
0.3650000000,42.5577163696
0.3660000000,44.0740585327
0.3670000000,41.2344932556
0.3680000000,40.3332710266
0.3690000000,41.7280197144
0.3700000000,38.7167930603
0.3710000000,38.0730628967
0.3720000000,38.7454032898
0.3730000000,37.0073318481
0.3740000000,35.7627868652
0.3750000000,36.3564491272
0.3760000000,34.2750549316
0.3770000000,33.4239006042
0.3780000000,33.5311889648
0.3790000000,32.1006774902
0.3800000000,30.5557250977
0.3810000000,29.4613838196
0.3820000000,30.7703018188
0.3830000000,28.5315513611
0.3840000000,27.2226333618
0.3850000000,26.6575813293
0.3860000000,26.5073776245
0.3870000000,25.4416465759
0.3880000000,22.8881835938
0.3890000000,22.9454040527
0.3900000000,21.7366218567
0.3910000000,21.3360786438
0.3920000000,20.5492973328
0.3930000000,18.4822082520
0.3940000000,17.5094604492
0.3950000000,17.1303749084
0.3960000000,15.8429145813
0.3970000000,14.5769119263
0.3980000000,14.6198272705
0.3990000000,13.1392478943
0.4000000000,12.0806694031
0.4010000000,10.5500221252
0.4020000000,9.6344947815
0.4030000000,9.1409683228
0.4040000000,7.9035758972
0.4050000000,6.3586235046
0.4060000000,5.2285194397
0.4070000000,4.1413307190
0.4080000000,3.3116340637
0.4090000000,2.3102760315
0.4100000000,1.3446807861
0.4110000000,0.2288818359
0.4120000000,-0.6437301636
0.4130000000,-1.0299682617
0.4140000000,-1.4233589172
0.4150000000,-1.6808509827
0.4160000000,-1.9741058350
0.4170000000,-2.5677680969
0.4180000000,-3.3760070801
0.4190000000,-4.5990943909
0.4200000000,-5.8221817017
0.4210000000,-7.5745582581
0.4220000000,-8.9120864868
0.4230000000,-9.8276138306
0.4240000000,-11.0578536987
0.4250000000,-12.7172470093
0.4260000000,-14.1906738281
0.4270000000,-15.3708457947
0.4280000000,-15.5210494995
0.4290000000,-17.3521041870
0.4300000000,-18.9685821533
0.4310000000,-19.5336341858
0.4320000000,-21.6150283813
0.4330000000,-23.3244895935
0.4340000000,-23.0026245117
0.4350000000,-25.1269340515
0.4360000000,-25.6276130676
0.4370000000,-27.8663635254
0.4380000000,-28.5315513611
0.4390000000,-29.6473503113
0.4400000000,-30.1837921143
0.4410000000,-32.8946113586
0.4420000000,-32.7301025391
0.4430000000,-33.7886810303
0.4440000000,-35.0260734558
0.4450000000,-36.9429588318
0.4460000000,-36.3278388977
0.4470000000,-37.9443168640
0.4480000000,-39.9756431580
0.4490000000,-39.4892692566
0.4500000000,-41.0056114197
0.4510000000,-42.6006317139
0.4520000000,-42.6077842712
0.4530000000,-43.9953804016
0.4540000000,-44.7893142700
0.4550000000,-44.9895858765
0.4560000000,-48.3727455139
0.4570000000,-46.5202331543
0.4580000000,-48.8305091858
0.4590000000,-49.9749183655
0.4600000000,-49.9606132507
0.4610000000,-51.5413284302
0.4620000000,-51.2194633484
0.4630000000,-54.0375709534
0.4640000000,-52.8645515442
0.4650000000,-55.3965568542
0.4660000000,-54.3880462646
0.4670000000,-56.1404228210
0.4680000000,-56.7626953125
0.4690000000,-57.4135780334
0.4700000000,-58.1574440002
0.4710000000,-58.9442253113
0.4720000000,-59.0372085571
0.4730000000,-60.4820251465
0.4740000000,-60.0671768188
0.4750000000,-61.9912147522
0.4760000000,-61.6836547852
0.4770000000,-63.1141662598
0.4780000000,-62.6063346863
0.4790000000,-64.5232200623
0.4800000000,-62.9067420959
0.4810000000,-65.5889511108
0.4820000000,-64.0225410461
0.4830000000,-65.7892227173
0.4840000000,-65.4101371765
0.4850000000,-66.8191909790
0.4860000000,-67.3627853394
0.4870000000,-66.3185119629
0.4880000000,-68.4571266174
0.4890000000,-67.4629211426
0.4900000000,-68.6717033386
0.4910000000,-69.0078735352
0.4920000000,-69.1580772400
0.4930000000,-69.7588920593
0.4940000000,-68.8433647156
0.4950000000,-70.1951980591
0.4960000000,-70.0235366821
0.4970000000,-70.2667236328
0.4980000000,-70.5313682556
0.4990000000,-68.9291954041
0.5000000000,-70.6243515015
0.5010000000,-70.3454017639
0.5020000000,-69.9806213379
0.5030000000,-70.9819793701
0.5040000000,-69.3297386169
0.5050000000,-71.6471672058
0.5060000000,-70.3883171082
0.5070000000,-70.4956054688
0.5080000000,-71.0821151733
0.5090000000,-69.7159767151
0.5100000000,-70.8675384521
0.5110000000,-69.3869590759
0.5120000000,-70.0163841248
0.5130000000,-69.9806213379
0.5140000000,-68.1066513062
0.5150000000,-69.2439079285
0.5160000000,-67.9850578308
0.5170000000,-68.5787200928
0.5180000000,-68.3069229126
0.5190000000,-66.6689872742
0.5200000000,-67.3985481262
0.5210000000,-65.8321380615
0.5220000000,-66.4472579956
0.5230000000,-65.0668144226
0.5240000000,-64.9738311768
0.5250000000,-65.4315948486
0.5260000000,-63.4288787842
0.5270000000,-63.9438629150
0.5280000000,-62.1914863586
0.5290000000,-62.6850128174
0.5300000000,-60.9827041626
0.5310000000,-61.3546371460
0.5320000000,-58.6295127869
0.5330000000,-60.3532791138
0.5340000000,-56.9701194763
0.5350000000,-58.1216812134
0.5360000000,-55.6612014771
0.5370000000,-56.0188293457
0.5380000000,-54.2521476746
0.5390000000,-54.0590286255
0.5400000000,-51.8703460693
0.5410000000,-51.3696670532
0.5420000000,-50.8117675781
0.5430000000,-49.0808486938
0.5440000000,-49.0379333496
0.5450000000,-47.2426414490
0.5460000000,-46.9994544983
0.5470000000,-44.6891784668
0.5480000000,-43.8737869263
0.5490000000,-43.9953804016
0.5500000000,-41.0342216492
0.5510000000,-40.5764579773
0.5520000000,-40.2188301086
0.5530000000,-37.8513336182
0.5540000000,-37.3721122742
0.5550000000,-37.1217727661
0.5560000000,-34.2321395874
0.5570000000,-32.9089164734
0.5580000000,-32.5584411621
0.5590000000,-30.2767753601
0.5600000000,-28.9750099182
0.5610000000,-27.3442268372
0.5620000000,-27.4229049683
0.5630000000,-25.3701210022
0.5640000000,-23.2028961182
0.5650000000,-22.3302841187
0.5660000000,-20.5993652344
0.5670000000,-19.9055671692
0.5680000000,-18.4535980225
0.5690000000,-15.6569480896
0.5700000000,-14.7771835327
0.5710000000,-13.4968757629
0.5720000000,-12.5455856323
0.5730000000,-11.1508369446
0.5740000000,-9.9062919617
0.5750000000,-8.1539154053
0.5760000000,-6.5445899963
0.5770000000,-4.9996376038
0.5780000000,-3.2901763916
0.5790000000,-1.9240379333
0.5800000000,-0.3361701965
0.5810000000,0.5578994751
0.5820000000,1.2516975403
0.5830000000,2.3674964905
0.5840000000,3.4332275391
0.5850000000,4.2343139648
0.5860000000,5.6576728821
0.5870000000,7.5459480286
0.5880000000,9.2196464539
0.5890000000,10.5786323547
0.5900000000,12.2523307800
0.5910000000,13.6399269104
0.5920000000,15.3350830078
0.5930000000,16.6940689087
0.5940000000,19.5622444153
0.5950000000,20.8568572998
0.5960000000,21.7437744141
0.5970000000,24.1327285767
0.5980000000,24.8479843140
0.5990000000,27.6446342468
0.6000000000,29.0536880493
0.6010000000,30.0765037537
0.6020000000,30.4698944092
0.6030000000,33.7600708008
0.6040000000,34.3179702759
0.6050000000,35.4623794556
0.6060000000,37.4937057495
0.6070000000,38.6595726013
0.6080000000,39.9541854858
0.6090000000,41.7709350586
0.6100000000,42.4289703369
0.6110000000,43.2944297791
0.6120000000,45.7048416138
0.6130000000,46.0052490234
0.6140000000,46.5059280396
0.6150000000,49.3884086609
0.6160000000,49.1452217102
0.6170000000,52.3066520691
0.6180000000,51.3410568237
0.6190000000,53.7228584290
0.6200000000,54.2593002319
0.6210000000,55.9902191162
0.6220000000,56.8342208862
0.6230000000,56.8842887878
0.6240000000,58.4506988525
0.6250000000,58.9442253113
0.6260000000,60.1315498352
0.6270000000,61.4190101624
0.6280000000,61.5262985229
0.6290000000,63.5004043579
0.6300000000,62.5848770142
0.6310000000,64.6805763245
0.6320000000,64.3086433411
0.6330000000,65.8822059631
0.6340000000,65.7963752747
0.6350000000,67.3127174377
0.6360000000,67.6774978638
0.6370000000,67.3985481262
0.6380000000,69.4155693054
0.6390000000,67.4986839294
0.6400000000,70.2095031738
0.6410000000,69.2081451416
0.6420000000,70.3382492065
0.6430000000,70.3096389771
0.6440000000,69.7088241577
0.6450000000,70.9962844849
0.6460000000,70.6243515015
0.6470000000,70.8460807800
0.6480000000,71.5041160583
0.6490000000,69.8375701904
0.6500000000,71.1321830750
0.6510000000,70.7459449768
0.6520000000,70.1951980591
0.6530000000,70.8675384521
0.6540000000,69.2582130432
0.6550000000,70.4026222229
0.6560000000,69.5228576660
0.6570000000,69.5514678955
0.6580000000,69.0650939941
0.6590000000,68.1495666504
0.6600000000,68.3283805847
0.6610000000,67.4772262573
0.6620000000,67.6560401917
0.6630000000,66.8907165527
0.6640000000,65.3100013733
0.6650000000,65.8035278320
0.6660000000,63.3358955383
0.6670000000,64.6591186523
0.6680000000,61.4404678345
0.6690000000,62.6277923584
0.6700000000,60.0957870483
0.6710000000,60.6322288513
0.6720000000,58.5651397705
0.6730000000,58.7081909180
0.6740000000,56.6983222961
0.6750000000,56.9629669189
0.6760000000,54.0590286255
0.6770000000,53.8516044617
0.6780000000,51.9132614136
0.6790000000,51.3124465942
0.6800000000,50.2467155457
0.6810000000,49.1738319397
0.6820000000,47.6717948914
0.6830000000,46.1554527283
0.6840000000,45.7334518433
0.6850000000,43.2658195496
0.6860000000,40.8768653870
0.6870000000,41.5778160095
0.6880000000,38.0802154541
0.6890000000,36.3492965698
0.6900000000,36.2849235535
0.6910000000,33.2093238831
0.6920000000,31.7072868347
0.6930000000,31.0921669006
0.6940000000,29.0107727051
0.6950000000,26.9937515259
0.6960000000,25.8135795593
0.6970000000,24.3902206421
0.6980000000,23.1385231018
0.6990000000,20.0629234314
0.7000000000,17.7168846130
0.7010000000,16.2649154663
0.7020000000,14.3337249756
0.7030000000,12.9461288452
0.7040000000,11.9590759277
0.7050000000,10.1923942566
0.7060000000,7.8535079956
0.7070000000,6.0296058655
0.7080000000,4.4703483582
0.7090000000,2.2029876709
0.7100000000,-0.0715255737
0.7110000000,-1.3375282288
0.7120000000,-2.0170211792
0.7130000000,-2.7894973755
0.7140000000,-4.1055679321
0.7150000000,-5.8937072754
0.7160000000,-7.6675415039
0.7170000000,-9.8633766174
0.7180000000,-11.0292434692
0.7190000000,-12.7959251404
0.7200000000,-15.2277946472
0.7210000000,-17.7311897278
0.7220000000,-19.1330909729
0.7230000000,-21.5506553650
0.7240000000,-24.3043899536
0.7250000000,-24.5690345764
0.7260000000,-27.2870063782
0.7270000000,-29.3755531311
0.7280000000,-32.3009490967
0.7290000000,-32.5798988342
0.7300000000,-34.7971916199
0.7310000000,-37.3220443726
0.7320000000,-38.7024879456
0.7330000000,-39.5464897156
0.7340000000,-42.0999526978
0.7350000000,-43.0011749268
0.7360000000,-43.9596176147
0.7370000000,-47.6431846619
0.7380000000,-46.7133522034
0.7390000000,-49.5028495789
0.7400000000,-50.9262084961
0.7410000000,-51.7702102661
0.7420000000,-53.5297393799
0.7430000000,-53.5154342651
0.7440000000,-56.5481185913
0.7450000000,-55.6397438049
0.7460000000,-59.5521926880
0.7470000000,-57.9714775085
0.7480000000,-61.6979598999
0.7490000000,-61.0327720642
0.7500000000,-63.2643699646
0.7510000000,-62.9639625549
0.7520000000,-64.5804405212
0.7530000000,-65.2670860291
0.7540000000,-66.1468505859
0.7550000000,-67.4414634705
0.7560000000,-67.0123100281
0.7570000000,-68.6931610107
0.7580000000,-67.8777694702
0.7590000000,-69.0865516663
0.7600000000,-69.6444511414
0.7610000000,-69.2653656006
0.7620000000,-70.6100463867
0.7630000000,-69.2439079285
0.7640000000,-71.4969635010
0.7650000000,-70.5885887146
0.7660000000,-71.3753700256
0.7670000000,-71.5541839600
0.7680000000,-70.8389282227
0.7690000000,-71.4826583862
0.7700000000,-71.7115402222
0.7710000000,-70.2953338623
0.7720000000,-71.0892677307
0.7730000000,-69.8089599609
0.7740000000,-69.9377059937
0.7750000000,-69.4727897644
0.7760000000,-68.4642791748
0.7770000000,-68.7146186829
0.7780000000,-66.2612915039
0.7790000000,-67.6703453064
0.7800000000,-65.5031204224
0.7810000000,-65.3815269470
0.7820000000,-64.6233558655
0.7830000000,-63.2143020630
0.7840000000,-63.6005401611
0.7850000000,-60.9827041626
0.7860000000,-61.3474845886
0.7870000000,-58.7296485901
0.7880000000,-58.5508346558
0.7890000000,-56.5266609192
0.7900000000,-56.2047958374
0.7910000000,-53.9517402649
0.7920000000,-53.4296035767
0.7930000000,-51.8560409546
0.7940000000,-50.0822067261
0.7950000000,-48.7875938416
0.7960000000,-45.9337234497
0.7970000000,-45.8121299744
0.7980000000,-41.4061546326
0.7990000000,-40.5764579773
0.8000000000,-40.2116775513
0.8010000000,-36.8428230286
0.8020000000,-34.8258018494
0.8030000000,-34.9545478821
0.8040000000,-32.6299667358
0.8050000000,-30.5414199829
0.8060000000,-28.3312797546
0.8070000000,-26.9651412964
0.8080000000,-23.2386589050
0.8090000000,-21.0714340210
0.8100000000,-19.9842453003
0.8110000000,-17.4593925476
0.8120000000,-16.5081024170
0.8130000000,-14.9345397949
0.8140000000,-12.2308731079
0.8150000000,-8.7404251099
0.8160000000,-6.4802169800
0.8170000000,-5.1569938660
0.8180000000,-2.9182434082
0.8190000000,-0.6008148193
0.8200000000,1.3589859009
0.8210000000,2.6750564575
0.8220000000,3.2186508179
0.8230000000,4.1484832764
0.8240000000,6.3371658325
0.8250000000,9.0408325195
0.8260000000,11.4369392395
0.8270000000,13.3180618286
0.8280000000,15.1205062866
0.8290000000,16.5081024170
0.8300000000,19.7839736938
0.8310000000,21.6722488403
0.8320000000,24.3043899536
0.8330000000,26.9865989685
0.8340000000,28.3885002136
0.8350000000,31.0349464417
0.8360000000,33.8029861450
0.8370000000,36.1704826355
0.8380000000,36.5924835205
0.8390000000,39.3605232239
0.8400000000,42.2215461731
0.8410000000,42.1571731567
0.8420000000,44.7249412537
0.8430000000,46.3700294495
0.8440000000,47.4929809570
0.8450000000,50.7473945618
0.8460000000,50.7974624634
0.8470000000,53.7371635437
0.8480000000,53.5225868225
0.8490000000,57.1990013123
0.8500000000,57.0273399353
0.8510000000,59.4305992126
0.8520000000,60.2030754089
0.8530000000,61.4118576050
0.8540000000,61.4905357361
0.8550000000,63.8580322266
0.8560000000,63.4074211121
0.8570000000,66.2183761597
0.8580000000,65.0382041931
0.8590000000,67.8849220276
0.8600000000,67.5916671753
0.8610000000,68.9578056335
0.8620000000,69.5085525513
0.8630000000,69.1723823547
0.8640000000,70.3597068787
0.8650000000,70.3167915344
0.8660000000,71.1536407471
0.8670000000,71.5398788452
0.8680000000,70.5456733704
0.8690000000,71.4468955994
0.8700000000,71.5684890747
0.8710000000,70.8031654358
0.8720000000,71.9833374023
0.8730000000,69.4727897644
0.8740000000,71.3825225830
0.8750000000,70.0664520264
0.8760000000,69.6516036987
0.8770000000,69.7445869446
0.8780000000,68.1424140930
0.8790000000,68.2711601257
0.8800000000,66.9765472412
0.8810000000,66.4329528809
0.8820000000,65.6104087830
0.8830000000,63.4860992432
0.8840000000,63.6434555054
0.8850000000,61.1186027527
0.8860000000,61.0971450806
0.8870000000,58.5794448853
0.8880000000,58.2146644592
0.8890000000,55.8757781982
0.8900000000,55.3250312805
0.8910000000,52.9360771179
0.8920000000,52.0992279053
0.8930000000,49.3240356445
0.8940000000,47.7075576782
0.8950000000,47.4214553833
0.8960000000,43.6162948608
0.8970000000,42.9296493530
0.8980000000,40.7838821411
0.8990000000,38.5665893555
0.9000000000,37.0573997498
0.9010000000,34.3680381775
0.9020000000,32.1507453918
0.9030000000,29.9263000488
0.9040000000,28.4671783447
0.9050000000,25.8350372314
0.9060000000,23.7536430359
0.9070000000,21.4934349060
0.9080000000,18.5537338257
0.9090000000,16.8156623840
0.9100000000,14.3551826477
0.9110000000,11.9376182556
0.9120000000,9.3126296997
0.9130000000,7.0595741272
0.9140000000,4.8637390137
0.9150000000,2.6035308838
0.9160000000,0.1072883606
0.9170000000,-1.7237663269
0.9180000000,-3.0970573425
0.9190000000,-4.7779083252
0.9200000000,-6.3586235046
0.9210000000,-9.3340873718
0.9220000000,-12.2451782227
0.9230000000,-14.4052505493
0.9240000000,-17.0159339905
0.9250000000,-19.2117691040
0.9260000000,-22.3088264465
0.9270000000,-24.3043899536
0.9280000000,-27.4729728699
0.9290000000,-29.1323661804
0.9300000000,-29.9119949341
0.9310000000,-32.8087806702
0.9320000000,-36.5567207336
0.9330000000,-38.5308265686
0.9340000000,-40.0900840759
0.9350000000,-43.6520576477
0.9360000000,-44.0812110901
0.9370000000,-45.5832481384
0.9380000000,-48.8376617432
0.9390000000,-48.5873222351
0.9400000000,-53.2436370850
0.9410000000,-52.8502464294
0.9420000000,-56.2477111816
0.9430000000,-56.7340850830
0.9440000000,-59.0300559998
0.9450000000,-60.2459907532
0.9460000000,-62.1199607849
0.9470000000,-61.8195533752
0.9480000000,-64.6376609802
0.9490000000,-63.9724731445
0.9500000000,-67.4057006836
0.9510000000,-66.5259361267
0.9520000000,-68.3784484863
0.9530000000,-68.7932968140
0.9540000000,-68.4785842896
0.9550000000,-70.2095031738
0.9560000000,-69.0436363220
0.9570000000,-71.3324546814
0.9580000000,-71.0463523865
0.9590000000,-71.4397430420
0.9600000000,-71.8832015991
0.9610000000,-71.3539123535
0.9620000000,-71.8688964844
0.9630000000,-72.0548629761
0.9640000000,-70.5814361572
0.9650000000,-71.3968276978
0.9660000000,-70.0950622559
0.9670000000,-69.6802139282
0.9680000000,-69.7731971741
0.9690000000,-67.3413276672
0.9700000000,-67.7204132080
0.9710000000,-65.6032562256
0.9720000000,-65.8321380615
0.9730000000,-63.5004043579
0.9740000000,-63.6434555054
0.9750000000,-61.7408752441
0.9760000000,-60.8754158020
0.9770000000,-59.1373443604
0.9780000000,-57.4994087219
0.9790000000,-57.0130348206
0.9800000000,-54.8386573792
0.9810000000,-52.9146194458
0.9820000000,-52.0920753479
0.9830000000,-48.6230850220
0.9840000000,-48.2583045959
0.9850000000,-44.7535514832
0.9860000000,-42.2286987305
0.9870000000,-40.2474403381
0.9880000000,-37.9872322083
0.9890000000,-36.2277030945
0.9900000000,-34.1820716858
0.9910000000,-30.5485725403
0.9920000000,-27.9951095581
0.9930000000,-26.6146659851
0.9940000000,-24.3759155273
0.9950000000,-20.6208229065
0.9960000000,-17.8599357605
0.9970000000,-15.8786773682
0.9980000000,-12.8102302551
0.9990000000,-11.0077857971
1.0000000000,-8.9693069458
1.0010000000,-5.5932998657
1.0020000000,-3.1256675720
1.0030000000,-0.8869171143
1.0040000000,1.1372566223
1.0050000000,2.7251243591
1.0060000000,4.3988227844
1.0070000000,6.3157081604
1.0080000000,8.6832046509
1.0090000000,10.7145309448
1.0100000000,13.6470794678
1.0110000000,16.8371200562
1.0120000000,19.4621086121
1.0130000000,23.1385231018
1.0140000000,26.1139869690
1.0150000000,27.2512435913
1.0160000000,29.7474861145
1.0170000000,32.2651863098
1.0180000000,37.0931625366
1.0190000000,38.4950637817
1.0200000000,40.1616096497
1.0210000000,43.6520576477
1.0220000000,44.7392463684
1.0230000000,47.6503372192
1.0240000000,49.1738319397
1.0250000000,50.8618354797
1.0260000000,53.3866882324
1.0270000000,54.5883178711
1.0280000000,57.6353073120
1.0290000000,57.4064254761
1.0300000000,59.9884986877
1.0310000000,60.4891777039
1.0320000000,64.0082359314
1.0330000000,63.8008117676
1.0340000000,66.3113594055
1.0350000000,67.1982765198
1.0360000000,67.3985481262
1.0370000000,69.3011283875
1.0380000000,68.6216354370
1.0390000000,71.0391998291
1.0400000000,70.6887245178
1.0410000000,70.9676742554
1.0420000000,71.9690322876
1.0430000000,70.8031654358
1.0440000000,72.6199150085
1.0450000000,71.8832015991
1.0460000000,70.9891319275
1.0470000000,71.5899467468
1.0480000000,70.4026222229
1.0490000000,70.7674026489
1.0500000000,69.9520111084
1.0510000000,68.8719749451
1.0520000000,68.8576698303
1.0530000000,66.5259361267
1.0540000000,67.8849220276
1.0550000000,65.8965110779
1.0560000000,64.4588470459
1.0570000000,63.2786750793
1.0580000000,61.3689422607
1.0590000000,60.1029396057
1.0600000000,57.3706626892
1.0610000000,56.1261177063
1.0620000000,53.8015365601
1.0630000000,52.9503822327
1.0640000000,50.7903099060
1.0650000000,48.0365753174
1.0660000000,46.7920303345
1.0670000000,43.1585311890
1.0680000000,41.4562225342
1.0690000000,39.1244888306
1.0700000000,36.1704826355
1.0710000000,33.4310531616
1.0720000000,32.6943397522
1.0730000000,29.5615196228
1.0740000000,26.8149375916
1.0750000000,23.9825248718
1.0760000000,21.9798088074
1.0770000000,18.8469886780
1.0780000000,15.9072875977
1.0790000000,13.8759613037
1.0800000000,11.1007690430
1.0810000000,7.3385238647
1.0820000000,4.0054321289
1.0830000000,1.2373924255
1.0840000000,-1.5163421631
1.0850000000,-3.2401084900
1.0860000000,-4.7779083252
1.0870000000,-6.5445899963
1.0880000000,-9.3841552734
1.0890000000,-12.8746032715
1.0900000000,-15.6068801880
1.0910000000,-19.8197364807
1.0920000000,-23.6320495605
1.0930000000,-25.0411033630
1.0940000000,-28.1524658203
1.0950000000,-30.4698944092
1.0960000000,-34.8687171936
1.0970000000,-35.0975990295
1.0980000000,-38.7525558472
1.0990000000,-42.9368019104
1.1000000000,-42.4003601074
1.1010000000,-46.2698936462
1.1020000000,-49.7817993164
1.1030000000,-50.3754615784
1.1040000000,-53.2650947571
1.1050000000,-53.5726547241
1.1060000000,-57.0917129517
1.1070000000,-56.6411018372
1.1080000000,-61.2115859985
1.1090000000,-60.3103637695
1.1100000000,-63.9295578003
1.1110000000,-63.8866424561
1.1120000000,-65.7248497009
1.1130000000,-66.3900375366
1.1140000000,-67.2984123230
1.1150000000,-69.1866874695
1.1160000000,-68.1352615356
1.1170000000,-70.3740119934
1.1180000000,-70.3239440918
1.1190000000,-71.5255737305
1.1200000000,-72.4911689758
1.1210000000,-70.9104537964
1.1220000000,-72.8917121887
1.1230000000,-71.3396072388
1.1240000000,-72.1836090088
1.1250000000,-71.6543197632
1.1260000000,-70.1308250427
1.1270000000,-70.8889961243
1.1280000000,-68.9578056335
1.1290000000,-68.7861442566
1.1300000000,-68.3569908142
1.1310000000,-66.2684440613
1.1320000000,-66.0610198975
1.1330000000,-63.3287429810
1.1340000000,-63.0068778992
1.1350000000,-60.2173805237
1.1360000000,-59.7667694092
1.1370000000,-56.9200515747
1.1380000000,-55.3965568542
1.1390000000,-51.8274307251
1.1400000000,-51.4912605286
1.1410000000,-47.1067428589
1.1420000000,-46.0910797119
1.1430000000,-44.3530082703
1.1440000000,-40.2116775513
1.1450000000,-38.9671325684
1.1460000000,-35.4337692261
1.1470000000,-32.4797630310
1.1480000000,-29.3397903442
1.1490000000,-27.2440910339
1.1500000000,-21.9082832336
1.1510000000,-19.0186500549
1.1520000000,-16.9801712036
1.1530000000,-14.3408775330
1.1540000000,-11.3725662231
1.1550000000,-8.1467628479
1.1560000000,-5.4717063904
1.1570000000,-2.2530555725
1.1580000000,0.2431869507
1.1590000000,2.0599365234
1.1600000000,4.8708915710
1.1610000000,7.7390670776
1.1620000000,9.6774101257
1.1630000000,11.4011764526
1.1640000000,14.4195556641
1.1650000000,18.0673599243
1.1660000000,21.0142135620
1.1670000000,25.7563591003
1.1680000000,27.7876853943
1.1690000000,29.4685363770
1.1700000000,32.8516960144
1.1710000000,38.2590293884
1.1720000000,38.6595726013
1.1730000000,40.7481193542
1.1740000000,44.9895858765
1.1750000000,46.2985038757
1.1760000000,49.8819351196
1.1770000000,52.1278381348
1.1780000000,52.5641441345
1.1790000000,56.2262535095
1.1800000000,56.4479827881
1.1810000000,59.8096847534
1.1820000000,60.3675842285
1.1830000000,63.3001327515
1.1840000000,64.6591186523
1.1850000000,66.9980049133
1.1860000000,67.8992271423
1.1870000000,68.4714317322
1.1880000000,69.7231292725
1.1890000000,69.8161125183
1.1900000000,71.3038444519
1.1910000000,72.0047950745
1.1920000000,71.1393356323
1.1930000000,72.5269317627
1.1940000000,71.7258453369
1.1950000000,72.0262527466
1.1960000000,72.0191001892
1.1970000000,70.0664520264
1.1980000000,71.5684890747
1.1990000000,69.6015357971
1.2000000000,69.1580772400
1.2010000000,67.8563117981
1.2020000000,66.2755966187
1.2030000000,66.4043426514
1.2040000000,64.1298294067
1.2050000000,63.5719299316
1.2060000000,61.3117218018
1.2070000000,60.3604316711
1.2080000000,57.8999519348
1.2090000000,57.0917129517
1.2100000000,53.0791282654
1.2110000000,52.5283813477
1.2120000000,47.6288795471
1.2130000000,46.3771820068
1.2140000000,42.8795814514
1.2150000000,39.7968292236
1.2160000000,38.0301475525
1.2170000000,33.7171554565
1.2180000000,31.7358970642
1.2190000000,29.0179252625
1.2200000000,26.7148017883
1.2210000000,23.2744216919
1.2220000000,20.9498405457
1.2230000000,17.6882743835
1.2240000000,14.5983695984
1.2250000000,11.9376182556
1.2260000000,7.9321861267
1.2270000000,4.1484832764
1.2280000000,0.1287460327
1.2290000000,-2.4247169495
1.2300000000,-4.3272972107
1.2310000000,-6.6518783569
1.2320000000,-9.9778175354
1.2330000000,-13.6685371399
1.2340000000,-16.7798995972
1.2350000000,-19.6194648743
1.2360000000,-22.1228599548
1.2370000000,-25.7349014282
1.2380000000,-29.6044349670
1.2390000000,-32.9661369324
1.2400000000,-36.2205505371
1.2410000000,-40.0972366333
1.2420000000,-42.2859191895
1.2430000000,-44.7964668274
1.2440000000,-48.2797622681
1.2450000000,-49.3597984314
1.2460000000,-53.8873672485
1.2470000000,-54.4095039368
1.2480000000,-58.9871406555
1.2490000000,-58.5937500000
1.2500000000,-61.8839263916
1.2510000000,-62.1342658997
1.2520000000,-64.7020339966
1.2530000000,-65.0811195374
1.2540000000,-66.9336318970
1.2550000000,-67.7418708801
1.2560000000,-68.2783126831
1.2570000000,-70.2953338623
1.2580000000,-70.0306892395
1.2590000000,-72.0334053040
1.2600000000,-71.9189643860
1.2610000000,-71.8617439270
1.2620000000,-73.0776786804
1.2630000000,-71.4325904846
1.2640000000,-72.2551345825
1.2650000000,-71.6114044189
1.2660000000,-70.5742835999
1.2670000000,-70.2166557312
1.2680000000,-68.4285163879
1.2690000000,-67.9063796997
1.2700000000,-66.8835639954
1.2710000000,-65.7749176025
1.2720000000,-64.3873214722
1.2730000000,-61.7051124573
1.2740000000,-61.5119934082
1.2750000000,-58.0000877380
1.2760000000,-57.0845603943
1.2770000000,-53.9159774780
1.2780000000,-51.7702102661
1.2790000000,-47.5001335144
1.2800000000,-45.1970100403
1.2810000000,-43.8380241394
1.2820000000,-40.5192375183
1.2830000000,-38.7597084045
1.2840000000,-36.6497039795
1.2850000000,-31.9647789001
1.2860000000,-28.1810760498
1.2870000000,-25.6919860840
1.2880000000,-22.3875045776
1.2890000000,-16.7512893677
1.2900000000,-14.3337249756
1.2910000000,-10.8575820923
1.2920000000,-8.2826614380
1.2930000000,-5.0997734070
1.2940000000,-0.9870529175
1.2950000000,2.8252601624
1.2960000000,5.8507919312
1.2970000000,8.4400177002
1.2980000000,10.1923942566
1.2990000000,13.8545036316
1.3000000000,17.4307823181
1.3010000000,21.5148925781
1.3020000000,23.7536430359
1.3030000000,25.9065628052
1.3040000000,30.1480293274
1.3050000000,33.9317321777
1.3060000000,35.5768203735
1.3070000000,38.9027595520
1.3080000000,42.5076484680
1.3090000000,45.1397895813
1.3100000000,47.3070144653
1.3110000000,51.7630577087
1.3120000000,53.0362129211
1.3130000000,56.5981864929
1.3140000000,57.7139854431
1.3150000000,60.9755516052
1.3160000000,61.6765022278
1.3170000000,64.7664070129
1.3180000000,64.7664070129
1.3190000000,68.3856010437
1.3200000000,68.8719749451
1.3210000000,69.8161125183
1.3220000000,71.1464881897
1.3230000000,70.3883171082
1.3240000000,72.7343559265
1.3250000000,72.1049308777
1.3260000000,72.0977783203
1.3270000000,72.6413726807
1.3280000000,71.0821151733
1.3290000000,72.8774070740
1.3300000000,71.3109970093
1.3310000000,70.3096389771
1.3320000000,70.2452659607
1.3330000000,68.2568550110
1.3340000000,68.4142112732
1.3350000000,66.8764114380
1.3360000000,64.6948814392
1.3370000000,63.7364387512
1.3380000000,60.7752799988
1.3390000000,59.2803955078
1.3400000000,56.2763214111
1.3410000000,55.2105903625
1.3420000000,51.0621070862
1.3430000000,48.5873222351
1.3440000000,45.7048416138
1.3450000000,42.8438186646
1.3460000000,40.8053398132
1.3470000000,36.8070602417
1.3480000000,32.7372550964
1.3490000000,29.6974182129
1.3500000000,27.3084640503
1.3510000000,22.1228599548
1.3520000000,19.1617012024
1.3530000000,16.0932540894
1.3540000000,12.6743316650
1.3550000000,9.2196464539
1.3560000000,6.2942504883
1.3570000000,2.9611587524
1.3580000000,-0.5650520325
1.3590000000,-4.4918060303
1.3600000000,-7.2455406189
1.3610000000,-10.7073783875
1.3620000000,-13.6756896973
1.3630000000,-16.8085098267
1.3640000000,-20.9498405457
1.3650000000,-24.8551368713
1.3660000000,-29.4184684753
1.3670000000,-31.1064720154
1.3680000000,-35.3980064392
1.3690000000,-40.5764579773
1.3700000000,-41.3274765015
1.3710000000,-45.5117225647
1.3720000000,-49.5100021362
1.3730000000,-50.5113601685
1.3740000000,-53.9660453796
1.3750000000,-55.0103187561
1.3760000000,-58.4721565247
1.3770000000,-59.0372085571
1.3780000000,-62.0985031128
1.3790000000,-62.5920295715
1.3800000000,-66.2183761597
1.3810000000,-66.4258003235
1.3820000000,-68.4142112732
1.3830000000,-68.3569908142
1.3840000000,-70.4097747803
1.3850000000,-71.6543197632
1.3860000000,-71.0463523865
1.3870000000,-72.5913047791
1.3880000000,-72.7701187134
1.3890000000,-72.5483894348
1.3900000000,-72.5555419922
1.3910000000,-70.8818435669
1.3920000000,-71.0606575012
1.3930000000,-71.1321830750
1.3940000000,-68.2854652405
1.3950000000,-68.5143470764
1.3960000000,-65.2742385864
1.3970000000,-65.8464431763
1.3980000000,-62.6420974731
1.3990000000,-61.2401962280
1.4000000000,-57.6066970825
1.4010000000,-55.8114051819
1.4020000000,-52.8359413147
1.4030000000,-50.7831573486
1.4040000000,-47.2927093506
1.4050000000,-45.7692146301
1.4060000000,-41.3703918457
1.4070000000,-39.3104553223
1.4080000000,-37.4865531921
1.4090000000,-32.0363044739
1.4100000000,-28.6960601807
1.4110000000,-24.1971015930
1.4120000000,-22.0441818237
1.4130000000,-18.8326835632
1.4140000000,-13.2894515991
1.4150000000,-10.0708007813
1.4160000000,-5.6719779968
1.4170000000,-2.6392936707
1.4180000000,0.2717971802
1.4190000000,2.9897689819
1.4200000000,7.0667266846
1.4210000000,11.3725662231
1.4220000000,14.9631500244
1.4230000000,18.9685821533
1.4240000000,21.8152999878
1.4250000000,24.0755081177
1.4260000000,27.5015830994
1.4270000000,31.7716598511
1.4280000000,36.1132621765
1.4290000000,38.6738777161
1.4300000000,41.7137145996
1.4310000000,45.3042984009
1.4320000000,48.0008125305
1.4330000000,52.7358055115
1.4340000000,53.8873672485
1.4350000000,57.6782226563
1.4360000000,59.0872764587
1.4370000000,62.1199607849
1.4380000000,62.9496574402
1.4390000000,65.3386116028
1.4400000000,65.5317306519
1.4410000000,68.1495666504
1.4420000000,69.1938400269
1.4430000000,70.5742835999
1.4440000000,71.8045234680
1.4450000000,70.9748268127
1.4460000000,73.0419158936
1.4470000000,72.3052024841
1.4480000000,72.1621513367
1.4490000000,72.6771354675
1.4500000000,70.6171989441
1.4510000000,71.1464881897
1.4520000000,70.1880455017
1.4530000000,67.9707527161
1.4540000000,68.3999061584
1.4550000000,65.1383399963
1.4560000000,65.0882720947
1.4570000000,62.2129440308
1.4580000000,60.7609748840
1.4590000000,57.3563575745
1.4600000000,55.4537773132
1.4610000000,51.1407852173
1.4620000000,50.3969192505
1.4630000000,45.8979606628
1.4640000000,43.9310073853
1.4650000000,41.3560867310
1.4660000000,36.6640090942
1.4670000000,33.4525108337
1.4680000000,31.3854217529
1.4690000000,25.5846977234
1.4700000000,22.1228599548
1.4710000000,17.3735618591
1.4720000000,13.9760971069
1.4730000000,11.2295150757
1.4740000000,6.0796737671
1.4750000000,2.0098686218
1.4760000000,-2.3031234741
1.4770000000,-4.9567222595
1.4780000000,-8.9907646179
1.4790000000,-12.5241279602
1.4800000000,-15.4423713684
1.4810000000,-18.5966491699
1.4820000000,-22.0155715942
1.4830000000,-25.6776809692
1.4840000000,-31.1350822449
1.4850000000,-34.6755981445
1.4860000000,-38.4306907654
1.4870000000,-43.0226325989
1.4880000000,-44.3744659424
1.4890000000,-48.8805770874
1.4900000000,-52.2208213806
1.4910000000,-54.2950630188
1.4920000000,-57.8212738037
1.4930000000,-58.4578514099
1.4940000000,-62.3703002930
1.4950000000,-63.4002685547
1.4960000000,-65.4888153076
1.4970000000,-67.7704811096
1.4980000000,-68.0494308472
1.4990000000,-70.5456733704
1.5000000000,-69.7875022888
1.5010000000,-72.3409652710
1.5020000000,-72.5126266479
1.5030000000,-71.8688964844
1.5040000000,-73.3065605164
1.5050000000,-72.1478462219
1.5060000000,-72.5698471069
1.5070000000,-72.1120834351
1.5080000000,-70.0020790100
1.5090000000,-70.8103179932
1.5100000000,-68.3283805847
1.5110000000,-66.9693946838
1.5120000000,-65.8178329468
1.5130000000,-63.2715225220
1.5140000000,-62.1414184570
1.5150000000,-58.4220886230
1.5160000000,-56.2119483948
1.5170000000,-52.5927543640
1.5180000000,-50.0106811523
1.5190000000,-47.6360321045
1.5200000000,-42.7436828613
1.5210000000,-41.1272048950
1.5220000000,-36.1847877502
1.5230000000,-33.0948829651
1.5240000000,-29.4828414917
1.5250000000,-25.8708000183
1.5260000000,-19.4907188416
1.5270000000,-16.2148475647
1.5280000000,-12.3667716980
1.5290000000,-8.5401535034
1.5300000000,-5.0067901611
1.5310000000,-0.4220008850
1.5320000000,2.7680397034
1.5330000000,5.1498413086
1.5340000000,8.5973739624
1.5350000000,13.7543678284
1.5360000000,18.3176994324
1.5370000000,22.0441818237
1.5380000000,26.4501571655
1.5390000000,29.1466712952
1.5400000000,32.8087806702
1.5410000000,36.8213653564
1.5420000000,41.0556793213
1.5430000000,43.4589385986
1.5440000000,47.6431846619
1.5450000000,49.8247146606
1.5460000000,53.8229942322
1.5470000000,57.7354431152
1.5480000000,60.3461265564
1.5490000000,62.6850128174
1.5500000000,63.4717941284
1.5510000000,65.0596618652
1.5520000000,67.1052932739
1.5530000000,68.1281089783
1.5540000000,70.0378417969
1.5550000000,71.0391998291
1.5560000000,72.3767280579
1.5570000000,72.4482536316
1.5580000000,71.6543197632
1.5590000000,73.2922554016
1.5600000000,72.2694396973
1.5610000000,71.4683532715
1.5620000000,71.0177421570
1.5630000000,69.1652297974
1.5640000000,69.4084167480
1.5650000000,67.2268867493
1.5660000000,65.4602050781
1.5670000000,64.0368461609
1.5680000000,60.9827041626
1.5690000000,59.8597526550
1.5700000000,55.5181503296
1.5710000000,54.0447235107
1.5720000000,50.7259368896
1.5730000000,46.6704368591
1.5740000000,44.3816184998
1.5750000000,39.4034385681
1.5760000000,36.4565849304
1.5770000000,33.6885452271
1.5780000000,28.5315513611
1.5790000000,23.6248970032
1.5800000000,18.5537338257
1.5810000000,16.0217285156
1.5820000000,12.1307373047
1.5830000000,7.8320503235
1.5840000000,2.5033950806
1.5850000000,-1.5664100647
1.5860000000,-5.4359436035
1.5870000000,-8.4614753723
1.5880000000,-13.3824348450
1.5890000000,-17.2519683838
1.5900000000,-20.2989578247
1.5910000000,-25.1841545105
1.5920000000,-30.0621986389
1.5930000000,-34.6612930298
1.5940000000,-36.1490249634
1.5950000000,-40.0686264038
1.5960000000,-45.7048416138
1.5970000000,-48.1867790222
1.5980000000,-51.3625144958
1.5990000000,-54.3665885925
1.6000000000,-57.5852394104
1.6010000000,-59.3519210815
1.6020000000,-62.8137588501
1.6030000000,-63.9510154724
1.6040000000,-66.7977333069
1.6050000000,-67.1124458313
1.6060000000,-69.7016716003
1.6070000000,-69.8590278625
1.6080000000,-71.1178779602
1.6090000000,-73.0776786804
1.6100000000,-71.4111328125
1.6110000000,-73.7214088440
1.6120000000,-72.4697113037
1.6130000000,-72.6556777954
1.6140000000,-72.0047950745
1.6150000000,-69.5800781250
1.6160000000,-69.6372985840
1.6170000000,-67.8777694702
1.6180000000,-67.0123100281
1.6190000000,-64.8236274719
1.6200000000,-60.8611106873
1.6210000000,-59.3233108521
1.6220000000,-56.0760498047
1.6230000000,-54.9030303955
1.6240000000,-51.1193275452
1.6250000000,-47.0352172852
1.6260000000,-44.5318222046
1.6270000000,-40.4691696167
1.6280000000,-36.4708900452
1.6290000000,-32.9446792603
1.6300000000,-28.4028053284
1.6310000000,-24.0826606750
1.6320000000,-20.4849243164
1.6330000000,-16.5081024170
1.6340000000,-10.9863281250
1.6350000000,-5.0640106201
1.6360000000,-1.4233589172
1.6370000000,1.2087821960
1.6380000000,4.2271614075
1.6390000000,7.4744224548
1.6400000000,11.6372108459
1.6410000000,17.1303749084
1.6420000000,21.7366218567
1.6430000000,27.1511077881
1.6440000000,30.0836563110
1.6450000000,35.6340408325
1.6460000000,37.4794006348
1.6470000000,41.9068336487
1.6480000000,46.6561317444
1.6490000000,48.9664077759
1.6500000000,52.9575347900
1.6510000000,54.7385215759
1.6520000000,58.6295127869
1.6530000000,60.7681274414
1.6540000000,62.8709793091
1.6550000000,64.3157958984
1.6560000000,66.8907165527
1.6570000000,67.5559043884
1.6580000000,69.9162483215
1.6590000000,71.3896751404
1.6600000000,71.7830657959
1.6610000000,73.0633735657
1.6620000000,71.9690322876
1.6630000000,73.4782218933
1.6640000000,72.5698471069
1.6650000000,71.5112686157
1.6660000000,71.1178779602
1.6670000000,68.7932968140
1.6680000000,68.5214996338
1.6690000000,66.8835639954
1.6700000000,64.5875930786
1.6710000000,63.0640983582
1.6720000000,59.1230392456
1.6730000000,57.3277473450
1.6740000000,53.3008575439
1.6750000000,51.1622428894
1.6760000000,46.5631484985
1.6770000000,41.4276123047
1.6780000000,38.2161140442
1.6790000000,33.7672233582
1.6800000000,29.3469429016
1.6810000000,24.4832038879
1.6820000000,22.2015380859
1.6830000000,17.8527832031
1.6840000000,13.2107734680
1.6850000000,8.0466270447
1.6860000000,3.8909912109
1.6870000000,0.0572204590
1.6880000000,-3.7336349487
1.6890000000,-8.2612037659
1.6900000000,-12.0663642883
1.6910000000,-17.6310539246
1.6920000000,-21.7151641846
1.6930000000,-24.3616104126
1.6940000000,-29.4113159180
1.6950000000,-33.5383415222
1.6960000000,-39.9756431580
1.6970000000,-42.6220893860
1.6980000000,-46.0839271545
1.6990000000,-50.3754615784
1.7000000000,-52.7644157410
1.7010000000,-57.0487976074
1.7020000000,-59.3447685242
1.7030000000,-63.3931159973
1.7040000000,-64.5232200623
1.7050000000,-66.8764114380
1.7060000000,-68.0279731750
1.7070000000,-68.8791275024
1.7080000000,-70.8031654358
1.7090000000,-71.1393356323
1.7100000000,-73.1062889099
1.7110000000,-73.5068321228
1.7120000000,-72.3052024841
1.7130000000,-73.6141204834
1.7140000000,-72.1621513367
1.7150000000,-71.4468955994
1.7160000000,-71.1250305176
1.7170000000,-67.5487518311
1.7180000000,-68.1924819946
1.7190000000,-63.7793540955
1.7200000000,-62.6420974731
1.7210000000,-59.3376159668
1.7220000000,-56.9343566895
1.7230000000,-53.4868240356
1.7240000000,-51.5127182007
1.7250000000,-46.0481643677
1.7260000000,-44.0597534180
1.7270000000,-37.3291969299
1.7280000000,-33.0376625061
1.7290000000,-30.2767753601
1.7300000000,-27.7447700500
1.7310000000,-22.6521492004
1.7320000000,-18.5537338257
1.7330000000,-14.1620635986
1.7340000000,-7.5316429138
1.7350000000,-1.2874603271
1.7360000000,2.9683113098
1.7370000000,5.3858757019
1.7380000000,8.3041191101
1.7390000000,13.3252143860
1.7400000000,17.2591209412
1.7410000000,22.5734710693
1.7420000000,27.2512435913
1.7430000000,29.5257568359
1.7440000000,33.9460372925
1.7450000000,38.3949279785
1.7460000000,43.3015823364
1.7470000000,46.9779968262
1.7480000000,52.3567199707
1.7490000000,54.1377067566
1.7500000000,58.6938858032
1.7510000000,61.0828399658
1.7520000000,64.1655921936
1.7530000000,64.4445419312
1.7540000000,67.6274299622
1.7550000000,69.0221786499
1.7560000000,70.8532333374
1.7570000000,71.8045234680
1.7580000000,71.7544555664
1.7590000000,73.3995437622
1.7600000000,73.1062889099
1.7610000000,72.5984573364
1.7620000000,72.4911689758
1.7630000000,70.4669952393
1.7640000000,70.2524185181
1.7650000000,68.5000419617
1.7660000000,65.6247138977
1.7670000000,64.0726089478
1.7680000000,61.6335868835
1.7690000000,60.4176521301
1.7700000000,56.1118125916
1.7710000000,54.4595718384
1.7720000000,49.7031211853
1.7730000000,46.2484359741
1.7740000000,43.8594818115
1.7750000000,38.3448600769
1.7760000000,34.4538688660
1.7770000000,29.5758247375
1.7780000000,22.9454040527
1.7790000000,19.4120407104
1.7800000000,14.0118598938
1.7810000000,8.7547302246
1.7820000000,4.7993659973
1.7830000000,1.1587142944
1.7840000000,-3.7121772766
1.7850000000,-7.3599815369
1.7860000000,-12.5384330750
1.7870000000,-17.8956985474
1.7880000000,-22.6163864136
1.7890000000,-26.8650054932
1.7900000000,-32.0649147034
1.7910000000,-35.5911254883
1.7920000000,-38.9170646667
1.7930000000,-44.3243980408
1.7940000000,-46.7061996460
1.7950000000,-51.8631935120
1.7960000000,-53.3723831177
1.7970000000,-58.0501556396
1.7980000000,-60.0242614746
1.7990000000,-62.9281997681
1.8000000000,-64.0583038330
1.8010000000,-67.2698020935
1.8020000000,-68.3999061584
1.8030000000,-71.6114044189
1.8040000000,-72.5269317627
1.8050000000,-72.9417800903
1.8060000000,-73.3423233032
1.8070000000,-73.3137130737
1.8080000000,-73.0562210083
1.8090000000,-73.4853744507
1.8100000000,-70.5885887146
1.8110000000,-71.0177421570
1.8120000000,-67.7275657654
1.8130000000,-66.7834281921
1.8140000000,-65.1669502258
1.8150000000,-60.8897209167
1.8160000000,-58.4149360657
1.8170000000,-53.1148910522
1.8180000000,-51.0549545288
1.8190000000,-48.0508804321
1.8200000000,-43.2658195496
1.8210000000,-40.1115417480
1.8220000000,-35.2263450623
1.8230000000,-31.7001342773
1.8240000000,-25.7921218872
1.8250000000,-20.8210945129
1.8260000000,-16.2792205811
1.8270000000,-11.9304656982
1.8280000000,-6.7591667175
1.8290000000,-2.0098686218
1.8300000000,1.6236305237
1.8310000000,5.3143501282
1.8320000000,10.4498863220
1.8330000000,14.8200988770
1.8340000000,19.9913978577
1.8350000000,24.3186950684
1.8360000000,28.6889076233
1.8370000000,32.8803062439
1.8380000000,39.4034385681
1.8390000000,42.0641899109
1.8400000000,45.4974174500
1.8410000000,50.3969192505
1.8420000000,53.7514686584
1.8430000000,58.3219528198
1.8440000000,60.3604316711
1.8450000000,65.0739669800
1.8460000000,66.1110877991
1.8470000000,69.2152976990
1.8480000000,69.4370269775
1.8490000000,70.6601142883
1.8500000000,72.5913047791
1.8510000000,72.4983215332
1.8520000000,73.3566284180
1.8530000000,73.4066963196
1.8540000000,71.6686248779
1.8550000000,72.3767280579
1.8560000000,70.3883171082
1.8570000000,69.6372985840
1.8580000000,68.4428215027
1.8590000000,65.8035278320
1.8600000000,64.1441345215
1.8610000000,60.0028038025
1.8620000000,58.9299201965
1.8630000000,54.4595718384
1.8640000000,52.9718399048
1.8650000000,47.2426414490
1.8660000000,42.6721572876
1.8670000000,38.3877754211
1.8680000000,32.1650505066
1.8690000000,27.2154808044
1.8700000000,23.0097770691
1.8710000000,16.5224075317
1.8720000000,12.0306015015
1.8730000000,7.8248977661
1.8740000000,3.8909912109
1.8750000000,-0.7438659668
1.8760000000,-5.0997734070
1.8770000000,-10.6000900269
1.8780000000,-15.6283378601
1.8790000000,-19.6337699890
1.8800000000,-23.3817100525
1.8810000000,-29.2754173279
1.8820000000,-35.5839729309
1.8830000000,-41.0270690918
1.8840000000,-41.7709350586
1.8850000000,-46.2341308594
1.8860000000,-50.7330894470
1.8870000000,-54.6169281006
1.8880000000,-59.7524642944
1.8890000000,-62.3488426208
1.8900000000,-64.9595260620
1.8910000000,-66.5760040283
1.8920000000,-68.9363479614
1.8930000000,-71.5756416321
1.8940000000,-71.6829299927
1.8950000000,-73.9288330078
1.8960000000,-73.9431381226
1.8970000000,-72.9203224182
1.8980000000,-74.1863250732
1.8990000000,-72.1335411072
1.9000000000,-72.0548629761
1.9010000000,-70.4383850098
1.9020000000,-67.2268867493
1.9030000000,-66.2040710449
1.9040000000,-62.7994537354
1.9050000000,-62.4632835388
1.9060000000,-57.1417808533
1.9070000000,-55.6755065918
1.9080000000,-51.0263442993
1.9090000000,-49.1523742676
1.9100000000,-43.2515144348
1.9110000000,-37.7941131592
1.9120000000,-34.5969200134
1.9130000000,-28.7818908691
1.9140000000,-23.4031677246
1.9150000000,-17.9600715637
1.9160000000,-12.6886367798
1.9170000000,-7.9536437988
1.9180000000,-1.9741058350
1.9190000000,2.2888183594
1.9200000000,7.1525573730
1.9210000000,11.1365318298
1.9220000000,15.8786773682
1.9230000000,22.3946571350
1.9240000000,26.2069702148
1.9250000000,32.1149826050
1.9260000000,34.9402427673
1.9270000000,40.1973724365
1.9280000000,44.9967384338
1.9290000000,48.9306449890
1.9300000000,51.6128540039
1.9310000000,55.9902191162
1.9320000000,57.8570365906
1.9330000000,61.6693496704
1.9340000000,64.8236274719
1.9350000000,67.6846504211
1.9360000000,69.9520111084
1.9370000000,69.9019432068
1.9380000000,72.4911689758
1.9390000000,72.4482536316
1.9400000000,73.0061531067
1.9410000000,73.5926628113
1.9420000000,71.5899467468
1.9430000000,72.7629661560
1.9440000000,70.8460807800
1.9450000000,68.4142112732
1.9460000000,66.9193267822
1.9470000000,63.9796257019
1.9480000000,62.3703002930
1.9490000000,58.2218170166
1.9500000000,55.5467605591
1.9510000000,50.8618354797
1.9520000000,48.6660003662
1.9530000000,44.6605682373
1.9540000000,40.2760505676
1.9550000000,36.6497039795
1.9560000000,29.5972824097
1.9570000000,23.8537788391
1.9580000000,19.2618370056
1.9590000000,15.1562690735
1.9600000000,8.9907646179
1.9610000000,1.6736984253
1.9620000000,-2.6750564575
1.9630000000,-6.2227249146
1.9640000000,-11.0936164856
1.9650000000,-15.1920318604
1.9660000000,-21.1858749390
1.9670000000,-26.1783599854
1.9680000000,-32.1078300476
1.9690000000,-36.2992286682
1.9700000000,-39.2246246338
1.9710000000,-45.0539588928
1.9720000000,-49.0307807922
1.9730000000,-52.1206855774
1.9740000000,-57.3635101318
1.9750000000,-59.8883628845
1.9760000000,-63.7650489807
1.9770000000,-65.6104087830
1.9780000000,-68.1710243225
1.9790000000,-70.3525543213
1.9800000000,-70.5027580261
1.9810000000,-73.3351707458
1.9820000000,-73.3351707458
1.9830000000,-73.6713409424
1.9840000000,-74.2006301880
1.9850000000,-72.3195075989
1.9860000000,-72.7200508118
1.9870000000,-70.8818435669
1.9880000000,-68.4714317322
1.9890000000,-66.6618347168
1.9900000000,-62.6778602600
1.9910000000,-61.2902641296
1.9920000000,-54.9030303955
1.9930000000,-54.2807579041
1.9940000000,-49.4313240051
1.9950000000,-45.2971458435
1.9960000000,-40.3690338135
1.9970000000,-34.4824790955
1.9980000000,-30.7202339172
1.9990000000,-25.5990028381
2.0000000000,-19.7196006775
2.0010000000,-15.4209136963
2.0020000000,-9.2625617981
2.0030000000,-4.1484832764
2.0040000000,2.1743774414
2.0050000000,5.8364868164
2.0060000000,9.6631050110
2.0070000000,15.1705741882
2.0080000000,20.1845169067
2.0090000000,27.4658203125
2.0100000000,30.4269790649
2.0110000000,36.5424156189
2.0120000000,42.9439544678
2.0130000000,47.0423698425
2.0140000000,50.2681732178
2.0150000000,54.9530982971
2.0160000000,58.3863258362
2.0170000000,63.1856918335
2.0180000000,63.4503364563
2.0190000000,66.9765472412
2.0200000000,68.3212280273
2.0210000000,69.9806213379
2.0220000000,72.4840164185
2.0230000000,71.5756416321
2.0240000000,74.1004943848
2.0250000000,73.2421875000
2.0260000000,72.6914405823
2.0270000000,72.0691680908
2.0280000000,70.9247589111
2.0290000000,68.9792633057
2.0300000000,67.9707527161
2.0310000000,64.1512870789
2.0320000000,62.8781318665
2.0330000000,59.3733787537
2.0340000000,56.8342208862
2.0350000000,52.2637367249
2.0360000000,49.2238998413
2.0370000000,43.2801246643
2.0380000000,38.2804870605
2.0390000000,33.5025787354
2.0400000000,28.2526016235
2.0410000000,23.3530998230
2.0420000000,18.4035301208
2.0430000000,13.0963325500
2.0440000000,7.4529647827
2.0450000000,0.4220008850
2.0460000000,-6.5517425537
2.0470000000,-11.7444992065
2.0480000000,-15.6068801880
2.0490000000,-19.5622444153
2.0500000000,-25.1770019531
2.0510000000,-31.7001342773
2.0520000000,-33.8244438171
2.0530000000,-38.1875038147
2.0540000000,-45.5689430237
2.0550000000,-48.8805770874
2.0560000000,-53.8516044617
2.0570000000,-57.3134422302
2.0580000000,-60.4033470154
2.0590000000,-63.9295578003
2.0600000000,-68.3569908142
2.0610000000,-69.0007209778
2.0620000000,-71.8832015991
2.0630000000,-72.1621513367
2.0640000000,-73.7071037292
2.0650000000,-74.2864608765
2.0660000000,-72.5412368774
2.0670000000,-73.9216804504
2.0680000000,-72.4840164185
2.0690000000,-71.0535049438
2.0700000000,-68.9578056335
2.0710000000,-65.6318664551
2.0720000000,-65.0167465210
2.0730000000,-61.2401962280
2.0740000000,-58.5508346558
2.0750000000,-53.3938407898
2.0760000000,-50.4326820374
2.0770000000,-44.9323654175
2.0780000000,-39.8182868958
2.0790000000,-35.7341766357
2.0800000000,-29.4041633606
2.0810000000,-24.6191024780
2.0820000000,-20.7495689392
2.0830000000,-16.1576271057
2.0840000000,-9.9992752075
2.0850000000,-1.9454956055
2.0860000000,4.6062469482
2.0870000000,8.6903572083
2.0880000000,14.1692161560
2.0890000000,19.4692611694
2.0900000000,23.7607955933
2.0910000000,29.6115875244
2.0920000000,34.2392921448
2.0930000000,38.1445884705
2.0940000000,41.9068336487
2.0950000000,48.6803054810
2.0960000000,52.5069236755
2.0970000000,56.5052032471
2.0980000000,60.6536865234
2.0990000000,63.9152526855
2.1000000000,66.4973258972
2.1010000000,69.3655014038
2.1020000000,69.7803497314
2.1030000000,72.9489326477
2.1040000000,72.9060173035
2.1050000000,73.0133056641
2.1060000000,73.6641883850
2.1070000000,72.5054740906
2.1080000000,72.9703903198
2.1090000000,71.5899467468
2.1100000000,68.4785842896
2.1110000000,67.2698020935
2.1120000000,62.8280639648
2.1130000000,61.9268417358
2.1140000000,57.6639175415
2.1150000000,56.3907623291
2.1160000000,51.1765480042
2.1170000000,46.4129447937
2.1180000000,39.0958786011
2.1190000000,34.3322753906
2.1200000000,29.4828414917
2.1210000000,22.0799446106
2.1220000000,16.8156623840
2.1230000000,11.0936164856
2.1240000000,4.5418739319
2.1250000000,-0.1358985901
2.1260000000,-4.0555000305
2.1270000000,-9.6487998962
2.1280000000,-15.7070159912
2.1290000000,-20.8282470703
2.1300000000,-25.7134437561
2.1310000000,-28.6245346069
2.1320000000,-33.3666801453
2.1330000000,-39.5464897156
2.1340000000,-44.3100929260
2.1350000000,-49.1738319397
2.1360000000,-55.1390647888
2.1370000000,-58.7654113770
2.1380000000,-63.8151168823
2.1390000000,-65.4745101929
2.1400000000,-69.3011283875
2.1410000000,-70.7387924194
2.1420000000,-71.9332695007
2.1430000000,-73.5068321228
2.1440000000,-73.4138488770
2.1450000000,-74.5582580566
2.1460000000,-74.1577148438
2.1470000000,-71.7186927795
2.1480000000,-72.6699829102
2.1490000000,-69.8518753052
2.1500000000,-68.2711601257
2.1510000000,-65.1097297668
2.1520000000,-60.3604316711
2.1530000000,-58.7582588196
2.1540000000,-52.8359413147
2.1550000000,-50.5542755127
2.1560000000,-45.8693504333
2.1570000000,-39.8612022400
2.1580000000,-36.3421440125
2.1590000000,-30.6415557861
2.1600000000,-25.3200531006
2.1610000000,-18.1746482849
2.1620000000,-12.5813484192
2.1630000000,-7.6317787170
2.1640000000,-0.1931190491
2.1650000000,6.6161155701
2.1660000000,12.4740600586
2.1670000000,18.1746482849
2.1680000000,23.9396095276
2.1690000000,29.2539596558
2.1700000000,33.8244438171
2.1710000000,36.2706184387
2.1720000000,41.5349006653
2.1730000000,47.7933883667
2.1740000000,51.5556335449
2.1750000000,57.4564933777
2.1760000000,59.5951080322
2.1770000000,64.0368461609
2.1780000000,65.1597976685
2.1790000000,68.6502456665
2.1800000000,70.0235366821
2.1810000000,71.5398788452
2.1820000000,73.6141204834
2.1830000000,72.0548629761
2.1840000000,74.3651390076
2.1850000000,72.3910331726
2.1860000000,71.1464881897
2.1870000000,70.5313682556
2.1880000000,67.3484802246
2.1890000000,66.4687156677
2.1900000000,63.6005401611
2.1910000000,60.5607032776
2.1920000000,57.3778152466
2.1930000000,53.4152984619
2.1940000000,47.5001335144
2.1950000000,43.2085990906
2.1960000000,35.1405143738
2.1970000000,30.5271148682
2.1980000000,25.7635116577
2.1990000000,21.0142135620
2.2000000000,14.9488449097
2.2010000000,7.5459480286
2.2020000000,0.5435943604
2.2030000000,-4.2128562927
2.2040000000,-9.1481208801
2.2050000000,-14.4338607788
2.2060000000,-21.1000442505
2.2070000000,-26.5932083130
2.2080000000,-31.1779975891
2.2090000000,-35.4337692261
2.2100000000,-40.9483909607
2.2110000000,-43.8809394836
2.2120000000,-50.6758689880
2.2130000000,-55.3894042969
2.2140000000,-58.4435462952
2.2150000000,-63.2071495056
2.2160000000,-66.6475296021
2.2170000000,-68.3283805847
2.2180000000,-71.6829299927
2.2190000000,-71.5398788452
2.2200000000,-74.2292404175
2.2210000000,-74.5224952698
2.2220000000,-73.3923912048
2.2230000000,-73.8286972046
2.2240000000,-72.7915763855
2.2250000000,-70.5528259277
2.2260000000,-69.7946548462
2.2270000000,-65.6747817993
2.2280000000,-63.9367103577
2.2290000000,-59.2088699341
2.2300000000,-56.7126274109
2.2310000000,-51.5842437744
2.2320000000,-48.6302375793
2.2330000000,-39.8826599121
2.2340000000,-35.9058380127
2.2350000000,-31.8145751953
2.2360000000,-25.4273414612
2.2370000000,-19.1116333008
2.2380000000,-11.6586685181
2.2390000000,-3.9124488831
2.2400000000,1.5807151794
2.2410000000,7.2884559631
2.2420000000,13.2822990417
2.2430000000,18.0888175964
2.2440000000,23.9968299866
2.2450000000,29.2253494263
2.2460000000,32.6299667358
2.2470000000,37.7368927002
2.2480000000,45.3758239746
2.2490000000,48.6230850220
2.2500000000,53.4796714783
2.2510000000,56.7126274109
2.2520000000,60.5106353760
2.2530000000,63.8294219971
2.2540000000,67.6918029785
2.2550000000,69.4298744202
2.2560000000,71.9046592712
2.2570000000,73.1992721558
2.2580000000,73.0204582214
2.2590000000,74.1291046143
2.2600000000,71.3467597961
2.2610000000,72.3838806152
2.2620000000,70.4026222229
2.2630000000,68.4428215027
2.2640000000,66.4114952087
2.2650000000,62.6921653748
2.2660000000,61.0256195068
2.2670000000,56.8985939026
2.2680000000,54.5740127563
2.2690000000,46.6060638428
2.2700000000,42.5863265991
2.2710000000,36.2777709961
2.2720000000,30.3769111633
2.2730000000,24.7478485107
2.2740000000,17.5809860229
2.2750000000,10.5714797974
2.2760000000,4.7063827515
2.2770000000,0.0214576721
2.2780000000,-4.7063827515
2.2790000000,-10.3068351746
2.2800000000,-16.9157981873
2.2810000000,-22.4089622498
2.2820000000,-29.7760963440
2.2830000000,-34.9473953247
2.2840000000,-39.7467613220
2.2850000000,-45.1326370239
2.2860000000,-50.7402420044
2.2870000000,-53.7729263306
2.2880000000,-59.4806671143
2.2890000000,-62.5419616699
2.2900000000,-67.1339035034
2.2910000000,-67.8563117981
2.2920000000,-71.4182853699
2.2930000000,-72.1907615662
2.2940000000,-74.0146636963
2.2950000000,-74.6440887451
2.2960000000,-73.3566284180
2.2970000000,-73.2421875000
2.2980000000,-73.0490684509
2.2990000000,-70.0736045837
2.3000000000,-68.6144828796
2.3010000000,-63.4217262268
2.3020000000,-62.7064704895
2.3030000000,-57.6710700989
2.3040000000,-53.8659095764
2.3050000000,-46.3700294495
2.3060000000,-42.3216819763
2.3070000000,-36.5567207336
2.3080000000,-30.9133529663
2.3090000000,-26.5574455261
2.3100000000,-21.7652320862
2.3110000000,-13.4396553040
2.3120000000,-7.6603889465
2.3130000000,-2.3531913757
2.3140000000,2.7608871460
2.3150000000,7.9321861267
2.3160000000,16.2291526794
2.3170000000,23.4889984131
2.3180000000,27.7733802795
2.3190000000,34.4467163086
2.3200000000,41.5992736816
2.3210000000,46.3557243347
2.3220000000,49.6029853821
2.3230000000,54.0018081665
2.3240000000,56.5338134766
2.3250000000,61.1829757690
2.3260000000,63.5218620300
2.3270000000,68.5572624207
2.3280000000,69.9806213379
2.3290000000,71.6900825500
2.3300000000,73.9431381226
2.3310000000,72.7844238281
2.3320000000,73.7428665161
2.3330000000,73.0419158936
2.3340000000,71.4254379272
2.3350000000,70.9676742554
2.3360000000,67.0623779297
2.3370000000,64.6018981934
2.3380000000,61.8195533752
2.3390000000,58.3934783936
2.3400000000,54.0018081665
2.3410000000,49.3669509888
2.3420000000,42.7150726318
2.3430000000,37.7798080444
2.3440000000,31.1493873596
2.3450000000,25.0625610352
2.3460000000,19.5264816284
2.3470000000,11.6944313049
2.3480000000,4.8851966858
2.3490000000,-0.3719329834
2.3500000000,-6.6804885864
2.3510000000,-12.2880935669
2.3520000000,-17.8098678589
2.3530000000,-24.3401527405
2.3540000000,-28.8748741150
2.3550000000,-34.7113609314
2.3560000000,-39.7753715515
2.3570000000,-47.3570823669
2.3580000000,-51.8345832825
2.3590000000,-53.9731979370
2.3600000000,-59.7453117371
2.3610000000,-62.7350807190
2.3620000000,-67.0051574707
2.3630000000,-70.3811645508
2.3640000000,-71.1321830750
2.3650000000,-73.7786293030
2.3660000000,-73.3923912048
2.3670000000,-74.9087333679
2.3680000000,-74.0218162537
2.3690000000,-71.9118118286
2.3700000000,-71.9761848450
2.3710000000,-69.9591636658
2.3720000000,-68.0637359619
2.3730000000,-65.1240348816
2.3740000000,-59.1945648193
2.3750000000,-56.4765930176
2.3760000000,-51.3768196106
2.3770000000,-47.1138954163
2.3780000000,-42.0427322388
2.3790000000,-33.6813926697
2.3800000000,-28.0165672302
2.3810000000,-20.8353996277
2.3820000000,-13.0748748779
2.3830000000,-7.2026252747
2.3840000000,-2.2244453430
2.3850000000,4.1913986206
2.3860000000,9.2625617981
2.3870000000,14.8558616638
2.3880000000,19.6337699890
2.3890000000,24.9624252319
2.3900000000,30.8561325073
2.3910000000,37.2719764709
2.3920000000,43.2515144348
2.3930000000,47.3785400391
2.3940000000,53.5726547241
2.3950000000,56.9915771484
2.3960000000,62.0627403259
2.3970000000,64.2728805542
2.3980000000,68.5858726501
2.3990000000,69.8804855347
2.4000000000,72.4768638611
2.4010000000,73.6355781555
2.4020000000,72.6556777954
2.4030000000,74.0146636963
2.4040000000,72.9417800903
2.4050000000,71.1536407471
2.4060000000,69.3225860596
2.4070000000,65.3314590454
2.4080000000,63.3144378662
2.4090000000,59.4949722290
2.4100000000,57.0631027222
2.4110000000,50.4040718079
2.4120000000,47.3642349243
2.4130000000,40.6193733215
2.4140000000,35.5410575867
2.4150000000,31.0850143433
2.4160000000,23.2243537903
2.4170000000,16.5224075317
2.4180000000,10.3139877319
2.4190000000,3.5548210144
2.4200000000,-2.9611587524
2.4210000000,-8.5401535034
2.4220000000,-14.3837928772
2.4230000000,-19.9556350708
2.4240000000,-27.3299217224
2.4250000000,-32.3867797852
2.4260000000,-38.6810302734
2.4270000000,-46.6847419739
2.4280000000,-50.8761405945
2.4290000000,-56.8270683289
2.4300000000,-61.3760948181
2.4310000000,-65.3958320618
2.4320000000,-68.8147544861
2.4330000000,-71.9761848450
2.4340000000,-72.7987289429
2.4350000000,-74.1505622864
2.4360000000,-75.2019882202
2.4370000000,-73.4496116638
2.4380000000,-74.5153427124
2.4390000000,-73.1706619263
2.4400000000,-71.1536407471
2.4410000000,-69.9090957642
2.4420000000,-63.9867782593
2.4430000000,-62.7064704895
2.4440000000,-55.5825233459
2.4450000000,-53.2364845276
2.4460000000,-46.2055206299
2.4470000000,-41.1343574524
2.4480000000,-35.0546836853
2.4490000000,-28.3956527710
2.4500000000,-21.4648246765
2.4510000000,-16.3292884827
2.4520000000,-10.3712081909
2.4530000000,-2.1243095398
2.4540000000,5.7435035706
2.4550000000,10.7002258301
2.4560000000,17.0445442200
2.4570000000,24.1756439209
2.4580000000,31.0349464417
2.4590000000,36.3206863403
2.4600000000,39.3891334534
2.4610000000,43.6806678772
2.4620000000,50.0893592834
2.4630000000,53.4510612488
2.4640000000,60.5893135071
2.4650000000,62.5061988831
2.4660000000,68.2353973389
2.4670000000,69.9377059937
2.4680000000,72.9632377625
2.4690000000,73.5139846802
2.4700000000,73.1134414673
2.4710000000,74.3937492371
2.4720000000,72.8416442871
2.4730000000,71.0964202881
2.4740000000,70.0163841248
2.4750000000,66.5688514709
2.4760000000,64.8665428162
2.4770000000,59.0729713440
2.4780000000,56.0903549194
2.4790000000,49.5243072510
2.4800000000,45.2113151550
2.4810000000,39.8540496826
2.4820000000,33.7600708008
2.4830000000,30.0121307373
2.4840000000,23.8537788391
2.4850000000,16.8514251709
2.4860000000,10.8003616333
2.4870000000,1.9240379333
2.4880000000,-6.6304206848
2.4890000000,-13.3895874023
2.4900000000,-18.0888175964
2.4910000000,-25.6562232971
2.4920000000,-31.5928459167
2.4930000000,-36.4422798157
2.4940000000,-43.6091423035
2.4950000000,-49.2024421692
2.4960000000,-54.8744201660
2.4970000000,-59.0515136719
2.4980000000,-62.5133514404
2.4990000000,-66.0753250122
2.5000000000,-69.1652297974
2.5010000000,-71.0320472717
2.5020000000,-73.3494758606
2.5030000000,-73.5783576965
2.5040000000,-74.2864608765
2.5050000000,-74.6512413025
2.5060000000,-72.3123550415
2.5070000000,-71.9046592712
2.5080000000,-68.1567192078
2.5090000000,-65.5817985535
2.5100000000,-63.0140304565
2.5110000000,-57.0631027222
2.5120000000,-52.8931617737
2.5130000000,-47.6360321045
2.5140000000,-42.0570373535
2.5150000000,-35.8128547668
2.5160000000,-27.3871421814
2.5170000000,-22.6807594299
2.5180000000,-15.7785415649
2.5190000000,-7.5817108154
2.5200000000,0.0071525574
2.5210000000,6.1225891113
2.5220000000,9.5701217651
2.5230000000,14.7914886475
2.5240000000,21.8725204468
2.5250000000,30.5128097534
2.5260000000,37.4794006348
2.5270000000,40.9984588623
2.5280000000,48.0008125305
2.5290000000,51.4054298401
2.5300000000,55.4752349854
2.5310000000,60.9397888184
2.5320000000,64.3658638000
2.5330000000,67.4200057983
2.5340000000,70.0521469116
2.5350000000,70.5742835999
2.5360000000,73.4424591064
2.5370000000,73.9645957947
2.5380000000,73.2493400574
2.5390000000,72.6056098938
2.5400000000,69.4370269775
2.5410000000,68.7074661255
2.5420000000,64.8379325867
2.5430000000,62.2057914734
2.5440000000,58.6438179016
2.5450000000,54.9173355103
2.5460000000,48.4228134155
2.5470000000,42.6721572876
2.5480000000,36.9143486023
2.5490000000,29.8833847046
2.5500000000,23.2529640198
2.5510000000,13.9617919922
2.5520000000,6.7019462585
2.5530000000,1.8239021301
2.5540000000,-4.9424171448
2.5550000000,-11.6801261902
2.5560000000,-17.2591209412
2.5570000000,-23.7679481506
2.5580000000,-30.1408767700
2.5590000000,-35.8915328979
2.5600000000,-43.6520576477
2.5610000000,-46.9136238098
2.5620000000,-53.3580780029
2.5630000000,-56.9558143616
2.5640000000,-61.9840621948
2.5650000000,-64.3014907837
2.5660000000,-69.4584846497
2.5670000000,-70.9605216980
2.5680000000,-74.7299194336
2.5690000000,-74.8872756958
2.5700000000,-74.0504264832
2.5710000000,-74.7156143188
2.5720000000,-71.9475746155
2.5730000000,-70.7817077637
2.5740000000,-67.7204132080
2.5750000000,-63.3716583252
2.5760000000,-60.4462623596
2.5770000000,-55.5324554443
2.5780000000,-51.8059730530
2.5790000000,-45.6905364990
2.5800000000,-39.8111343384
2.5810000000,-35.1619720459
2.5820000000,-26.4143943787
2.5830000000,-20.1487541199
2.5840000000,-13.0319595337
2.5850000000,-6.1368942261
2.5860000000,1.6808509827
2.5870000000,9.1767311096
2.5880000000,16.7369842529
2.5890000000,22.8524208069
2.5900000000,28.3527374268
2.5910000000,34.6970558167
2.5920000000,40.6551361084
2.5930000000,46.4057922363
2.5940000000,51.4698028564
2.5950000000,55.4251670837
2.5960000000,61.1758232117
2.5970000000,64.5017623901
2.5980000000,67.9779052734
2.5990000000,70.6601142883
2.6000000000,71.5470314026
2.6010000000,73.7714767456
2.6020000000,74.4152069092
2.6030000000,72.7844238281
2.6040000000,73.1348991394
2.6050000000,69.0221786499
2.6060000000,69.3440437317
2.6070000000,65.2456283569
2.6080000000,60.9970092773
2.6090000000,56.7340850830
2.6100000000,52.7358055115
2.6110000000,46.5846061707
2.6120000000,41.1272048950
2.6130000000,34.7614288330
2.6140000000,27.4085998535
2.6150000000,20.0629234314
2.6160000000,12.2666358948
2.6170000000,5.9509277344
2.6180000000,-1.2803077698
2.6190000000,-8.7261199951
2.6200000000,-16.5009498596
2.6210000000,-22.0370292664
2.6220000000,-26.8006324768
2.6230000000,-33.2736968994
2.6240000000,-40.6622886658
2.6250000000,-45.3615188599
2.6260000000,-52.3495674133
2.6270000000,-56.0545921326
2.6280000000,-60.9540939331
2.6290000000,-64.6662712097
2.6300000000,-68.8719749451
2.6310000000,-70.2381134033
2.6320000000,-74.3293762207
2.6330000000,-74.4295120239
2.6340000000,-74.5296478271
2.6350000000,-74.4581222534
2.6360000000,-72.6056098938
2.6370000000,-71.7544555664
2.6380000000,-68.9435005188
2.6390000000,-64.2514228821
2.6400000000,-62.2200965881
2.6410000000,-55.8042526245
2.6420000000,-53.1220436096
2.6430000000,-46.8564033508
2.6440000000,-42.0928001404
2.6450000000,-34.7399711609
2.6460000000,-24.3902206421
2.6470000000,-18.7683105469
2.6480000000,-13.4325027466
2.6490000000,-4.5132637024
2.6500000000,4.4345855713
2.6510000000,12.2308731079
2.6520000000,18.5108184814
2.6530000000,22.9811668396
2.6540000000,30.9205055237
2.6550000000,35.0975990295
2.6560000000,40.2545928955
2.6570000000,47.5573539734
2.6580000000,52.2136688232
2.6590000000,59.0157508850
2.6600000000,61.6979598999
2.6610000000,67.1482086182
2.6620000000,69.1509246826
2.6630000000,72.5126266479
2.6640000000,73.0991363525
2.6650000000,73.2421875000
2.6660000000,74.4724273682
2.6670000000,71.4111328125
2.6680000000,72.0763206482
2.6690000000,68.9363479614
2.6700000000,65.9394264221
2.6710000000,63.1928443909
2.6720000000,58.5365295410
2.6730000000,54.4095039368
2.6740000000,49.0450859070
2.6750000000,42.0284271240
2.6760000000,35.5839729309
2.6770000000,25.8779525757
2.6780000000,19.2975997925
2.6790000000,14.4767761230
2.6800000000,8.6903572083
2.6810000000,0.2789497375
2.6820000000,-8.1896781921
2.6830000000,-15.3923034668
2.6840000000,-20.3061103821
2.6850000000,-24.7979164124
2.6860000000,-32.0219993591
2.6870000000,-37.5866889954
2.6880000000,-44.2171096802
2.6890000000,-52.1063804626
2.6900000000,-55.3750991821
2.6910000000,-62.3846054077
2.6920000000,-64.4588470459
2.6930000000,-69.6444511414
2.6940000000,-70.9462165833
2.6950000000,-74.5153427124
2.6960000000,-75.1376152039
2.6970000000,-74.5439529419
2.6980000000,-74.3293762207
2.6990000000,-73.6498832703
2.7000000000,-70.5528259277
2.7010000000,-68.4142112732
2.7020000000,-62.1700286865
2.7030000000,-60.1673126221
2.7040000000,-54.9101829529
2.7050000000,-49.9105453491
2.7060000000,-42.8509712219
2.7070000000,-37.6367568970
2.7080000000,-30.3554534912
2.7090000000,-22.2516059875
2.7100000000,-16.3936614990
2.7110000000,-9.8633766174
2.7120000000,-2.6392936707
2.7130000000,4.5061111450
2.7140000000,13.2393836975
2.7150000000,19.8984146118
2.7160000000,28.4242630005
2.7170000000,37.0430946350
2.7180000000,43.2515144348
2.7190000000,50.1465797424
2.7200000000,53.3866882324
2.7210000000,58.9656829834
2.7220000000,62.1700286865
2.7230000000,67.1052932739
2.7240000000,69.6516036987
2.7250000000,72.2837448120
2.7260000000,73.0919837952
2.7270000000,74.1505622864
2.7280000000,74.9588012695
2.7290000000,71.4540481567
2.7300000000,72.5555419922
2.7310000000,69.5729255676
2.7320000000,66.2755966187
2.7330000000,63.3215904236
2.7340000000,57.6138496399
2.7350000000,54.3022155762
2.7360000000,48.8662719727
2.7370000000,40.5335426331
2.7380000000,33.5097312927
2.7390000000,23.9396095276
2.7400000000,19.3762779236
2.7410000000,13.2751464844
2.7420000000,4.6992301941
2.7430000000,-1.9598007202
2.7440000000,-7.8463554382
2.7450000000,-15.6641006470
2.7460000000,-22.4018096924
2.7470000000,-31.6858291626
2.7480000000,-39.5822525024
2.7490000000,-45.5760955811
2.7500000000,-53.7586212158
2.7510000000,-57.2133064270
2.7520000000,-62.1843338013
2.7530000000,-63.5504722595
2.7540000000,-69.4513320923
2.7550000000,-71.1107254028
2.7560000000,-74.2149353027
2.7570000000,-74.7585296631
2.7580000000,-74.2721557617
2.7590000000,-74.1147994995
2.7600000000,-73.6284255981
2.7610000000,-71.0391998291
2.7620000000,-69.9234008789
2.7630000000,-63.5218620300
2.7640000000,-59.5235824585
2.7650000000,-53.8516044617
2.7660000000,-49.3168830872
2.7670000000,-42.6936149597
2.7680000000,-37.4150276184
2.7690000000,-30.1623344421
2.7700000000,-21.4433670044
2.7710000000,-13.0677223206
2.7720000000,-6.8593025208
2.7730000000,0.2217292786
2.7740000000,8.6259841919
2.7750000000,16.4794921875
2.7760000000,22.7093696594
2.7770000000,28.7747383118
2.7780000000,35.3336334229
2.7790000000,41.9068336487
2.7800000000,49.8819351196
2.7810000000,55.0961494446
2.7820000000,60.5034828186
2.7830000000,62.3703002930
2.7840000000,67.5773620605
2.7850000000,69.1723823547
2.7860000000,72.8487968445
2.7870000000,73.8072395325
2.7880000000,73.6641883850
2.7890000000,74.1147994995
2.7900000000,71.4397430420
2.7910000000,69.5013999939
2.7920000000,67.5058364868
2.7930000000,64.4659996033
2.7940000000,61.9554519653
2.7950000000,55.3393363953
2.7960000000,50.9762763977
2.7970000000,43.1227684021
2.7980000000,34.1963768005
2.7990000000,30.2338600159
2.8000000000,23.6034393311
2.8010000000,14.1549110413
2.8020000000,7.2169303894
2.8030000000,0.5292892456
2.8040000000,-5.9723854065
2.8050000000,-14.0976905823
2.8060000000,-22.0799446106
2.8070000000,-31.0707092285
2.8080000000,-35.0832939148
2.8090000000,-41.0842895508
2.8100000000,-49.9677658081
2.8110000000,-54.5096397400
2.8120000000,-61.4619255066
2.8130000000,-64.6734237671
2.8140000000,-70.0378417969
2.8150000000,-71.6400146484
2.8160000000,-74.0432739258
2.8170000000,-75.0374794006
2.8180000000,-74.7656822205
2.8190000000,-74.8443603516
2.8200000000,-74.5511054993
2.8210000000,-69.1652297974
2.8220000000,-67.9063796997
2.8230000000,-62.5276565552
2.8240000000,-59.2589378357
2.8250000000,-52.8216362000
2.8260000000,-47.6789474487
2.8270000000,-38.3090972900
2.8280000000,-30.7846069336
2.8290000000,-23.4961509705
2.8300000000,-18.2318687439
2.8310000000,-11.8732452393
2.8320000000,-5.9294700623
2.8330000000,1.6093254089
2.8340000000,10.0779533386
2.8350000000,17.2233581543
2.8360000000,24.2400169373
2.8370000000,29.1466712952
2.8380000000,36.5495681763
2.8390000000,45.1612472534
2.8400000000,50.9119033813
2.8410000000,57.8141212463
2.8420000000,62.7422332764
2.8430000000,67.3413276672
2.8440000000,69.4942474365
2.8450000000,72.3338127136
2.8460000000,73.4210014343
2.8470000000,74.4366645813
2.8480000000,74.8014450073
2.8490000000,71.5756416321
2.8500000000,71.5041160583
2.8510000000,68.1996345520
2.8520000000,64.2514228821
2.8530000000,60.6966018677
2.8540000000,55.3894042969
2.8550000000,48.4156608582
2.8560000000,43.7593460083
2.8570000000,36.3850593567
2.8580000000,30.3554534912
2.8590000000,24.6977806091
2.8600000000,14.6555900574
2.8610000000,6.8163871765
2.8620000000,-1.6236305237
2.8630000000,-7.7748298645
2.8640000000,-16.5510177612
2.8650000000,-25.7349014282
2.8660000000,-30.4484367371
2.8670000000,-38.0444526672
2.8680000000,-47.0638275146
2.8690000000,-52.7715682983
2.8700000000,-59.4949722290
2.8710000000,-63.1856918335
2.8720000000,-67.6846504211
2.8730000000,-68.2139396667
2.8740000000,-73.1849670410
2.8750000000,-73.3923912048
2.8760000000,-75.0160217285
2.8770000000,-75.2949714661
2.8780000000,-74.1291046143
2.8790000000,-72.9990005493
2.8800000000,-70.1665878296
2.8810000000,-65.9823417664
2.8820000000,-63.4431838989
2.8830000000,-57.7354431152
2.8840000000,-54.2449951172
2.8850000000,-46.4057922363
2.8860000000,-40.1043891907
2.8870000000,-34.0175628662
2.8880000000,-22.4089622498
2.8890000000,-14.7414207458
2.8900000000,-5.2642822266
2.8910000000,3.8623809814
2.8920000000,9.2053413391
2.8930000000,14.3194198608
2.8940000000,20.9212303162
2.8950000000,31.0778617859
2.8960000000,36.7569923401
2.8970000000,42.4933433533
2.8980000000,51.4054298401
2.8990000000,55.3393363953
2.9000000000,62.6277923584
2.9010000000,66.0252571106
2.9020000000,70.2595710754
2.9030000000,71.6471672058
2.9040000000,73.0776786804
2.9050000000,74.9158859253
2.9060000000,72.8416442871
2.9070000000,73.8143920898
2.9080000000,70.9605216980
2.9090000000,67.7275657654
2.9100000000,66.3185119629
2.9110000000,60.6322288513
2.9120000000,57.1918487549
2.9130000000,49.7746467590
2.9140000000,45.4616546631
2.9150000000,36.3492965698
2.9160000000,26.6075134277
2.9170000000,17.7741050720
2.9180000000,11.6157531738
2.9190000000,6.1440467834
2.9200000000,-2.6893615723
2.9210000000,-9.1838836670
2.9220000000,-15.3565406799
2.9230000000,-22.0942497253
2.9240000000,-29.1466712952
2.9250000000,-38.1517410278
2.9260000000,-43.3874130249
2.9270000000,-50.5256652832
2.9280000000,-58.3362579346
2.9290000000,-62.7923011780
2.9300000000,-68.9077377319
2.9310000000,-71.6328620911
2.9320000000,-72.2122192383
2.9330000000,-75.0446319580
2.9340000000,-75.1805305481
2.9350000000,-74.4223594666
2.9360000000,-73.5282897949
2.9370000000,-69.7588920593
2.9380000000,-66.3328170776
2.9390000000,-63.2786750793
2.9400000000,-59.0729713440
2.9410000000,-54.2306900024
2.9420000000,-49.3025779724
2.9430000000,-40.9340858459
2.9440000000,-34.5969200134
2.9450000000,-24.1899490356
2.9460000000,-13.1249427795
2.9470000000,-6.5374374390
2.9480000000,-0.3504753113
2.9490000000,5.7363510132
2.9500000000,12.8674507141
2.9510000000,23.0669975281
2.9520000000,30.3769111633
2.9530000000,35.6554985046
2.9540000000,43.7879562378
2.9550000000,51.5341758728
2.9560000000,56.6697120667
2.9570000000,62.0341300964
2.9580000000,65.0668144226
2.9590000000,69.8733329773
2.9600000000,72.5054740906
2.9610000000,72.9632377625
2.9620000000,74.6583938599
2.9630000000,73.8716125488
2.9640000000,72.3123550415
2.9650000000,71.3968276978
2.9660000000,67.3556327820
2.9670000000,65.8178329468
2.9680000000,58.3934783936
2.9690000000,54.0232658386
2.9700000000,47.3213195801
2.9710000000,42.5076484680
2.9720000000,33.3666801453
2.9730000000,26.8077850342
2.9740000000,18.9757347107
2.9750000000,9.3841552734
2.9760000000,2.2244453430
2.9770000000,-5.0854682922
2.9780000000,-13.2822990417
2.9790000000,-20.8139419556
2.9800000000,-27.2941589355
2.9810000000,-34.0533256531
2.9820000000,-41.3775444031
2.9830000000,-46.8993186951
2.9840000000,-54.9817085266
2.9850000000,-60.1887702942
2.9860000000,-66.4544105530
2.9870000000,-68.7074661255
2.9880000000,-72.8201866150
2.9890000000,-75.2949714661
2.9900000000,-74.5153427124
2.9910000000,-75.7098197937
2.9920000000,-73.6498832703
2.9930000000,-71.6114044189
2.9940000000,-68.3426856995
2.9950000000,-62.3416900635
2.9960000000,-59.8955154419
2.9970000000,-53.8229942322
2.9980000000,-48.3369827271
2.9990000000,-39.7539138794
3.0000000000,-30.7559967041
3.0010000000,-22.6807594299
3.0020000000,-16.6225433350
3.0030000000,-6.6089630127
3.0040000000,1.0156631470
3.0050000000,9.2339515686
3.0060000000,15.4066085815
3.0070000000,20.7424163818
3.0080000000,27.3156166077
3.0090000000,37.1003150940
3.0100000000,47.5645065308
3.0110000000,50.8689880371
3.0120000000,56.6267967224
3.0130000000,60.2531433105
3.0140000000,65.6104087830
3.0150000000,68.1495666504
3.0160000000,72.5412368774
3.0170000000,73.6856460571
3.0180000000,74.0146636963
3.0190000000,73.7571716309
3.0200000000,70.7602500916
3.0210000000,69.1151618958
3.0220000000,67.0266151428
3.0230000000,63.0497932434
3.0240000000,60.2817535400
3.0250000000,52.3424148560
3.0260000000,45.9265708923
3.0270000000,42.0284271240
3.0280000000,33.8244438171
3.0290000000,25.5417823792
3.0300000000,18.2247161865
3.0310000000,9.8419189453
3.0320000000,-1.5091896057
3.0330000000,-9.0694427490
3.0340000000,-15.7856941223
3.0350000000,-24.3759155273
3.0360000000,-32.6085090637
3.0370000000,-42.0284271240
3.0380000000,-46.9064712524
3.0390000000,-54.7599792480
3.0400000000,-61.6264343262
3.0410000000,-64.7664070129
3.0420000000,-70.0950622559
3.0430000000,-72.2980499268
3.0440000000,-73.0347633362
3.0450000000,-75.1519203186
3.0460000000,-75.6669044495
3.0470000000,-73.2278823853
3.0480000000,-72.1120834351
3.0490000000,-68.6359405518
3.0500000000,-64.4588470459
3.0510000000,-58.6366653442
3.0520000000,-52.2065162659
3.0530000000,-47.5287437439
3.0540000000,-43.5161590576
3.0550000000,-32.9589843750
3.0560000000,-25.7134437561
3.0570000000,-16.5009498596
3.0580000000,-9.6988677979
3.0590000000,-2.3889541626
3.0600000000,7.7247619629
3.0610000000,16.6726112366
3.0620000000,22.9668617249
3.0630000000,28.6746025085
3.0640000000,36.5209579468
3.0650000000,42.3717498779
3.0660000000,48.4871864319
3.0670000000,57.4493408203
3.0680000000,61.6049766541
3.0690000000,67.5129890442
3.0700000000,70.4669952393
3.0710000000,72.9632377625
3.0720000000,74.9731063843
3.0730000000,73.4996795654
3.0740000000,75.2305984497
3.0750000000,72.6699829102
3.0760000000,69.8947906494
3.0770000000,67.1339035034
3.0780000000,61.0613822937
3.0790000000,56.9128990173
3.0800000000,49.6959686279
3.0810000000,43.1942939758
3.0820000000,36.3063812256
3.0830000000,29.3970108032
3.0840000000,21.9726562500
3.0850000000,15.2134895325
3.0860000000,6.1655044556
3.0870000000,-3.3545494080
3.0880000000,-13.9474868774
3.0890000000,-22.4375724792
3.0900000000,-29.6473503113
3.0910000000,-35.7842445374
3.0920000000,-42.5720214844
3.0930000000,-47.7504730225
3.0940000000,-55.7327270508
3.0950000000,-61.6478919983
3.0960000000,-68.3212280273
3.0970000000,-70.0736045837
3.0980000000,-74.1004943848
3.0990000000,-75.6883621216
3.1000000000,-74.4009017944
3.1010000000,-75.3235816956
3.1020000000,-73.1205940247
3.1030000000,-71.7401504517
3.1040000000,-67.0552253723
3.1050000000,-59.5593452454
3.1060000000,-56.8413734436
3.1070000000,-48.0365753174
3.1080000000,-43.1942939758
3.1090000000,-37.9443168640
3.1100000000,-29.8404693604
3.1110000000,-22.4375724792
3.1120000000,-13.7042999268
3.1130000000,-5.4860115051
3.1140000000,3.5834312439
3.1150000000,13.5326385498
3.1160000000,24.4617462158
3.1170000000,30.8632850647
3.1180000000,37.2219085693
3.1190000000,42.5291061401
3.1200000000,50.7831573486
3.1210000000,59.2803955078
3.1220000000,63.1356239319
3.1230000000,66.8549537659
3.1240000000,70.4598426819
3.1250000000,72.2694396973
3.1260000000,74.8944282532
3.1270000000,73.9073753357
3.1280000000,74.1934776306
3.1290000000,71.8832015991
3.1300000000,67.6345825195
3.1310000000,65.3457641602
3.1320000000,61.2258911133
3.1330000000,57.8999519348
3.1340000000,50.8332252502
3.1350000000,43.4017181396
3.1360000000,34.1677665710
3.1370000000,27.3799896240
3.1380000000,19.9913978577
3.1390000000,12.1665000916
3.1400000000,-0.1144409180
3.1410000000,-10.7789039612
3.1420000000,-16.0932540894
3.1430000000,-22.8524208069
3.1440000000,-32.4440002441
3.1450000000,-43.9238548279
3.1460000000,-49.4956970215
3.1470000000,-56.9128990173
3.1480000000,-61.6693496704
3.1490000000,-66.4043426514
3.1500000000,-68.8862800598
3.1510000000,-73.1849670410
3.1520000000,-73.7857818604
3.1530000000,-75.3808021545
3.1540000000,-75.1519203186
3.1550000000,-72.7701187134
3.1560000000,-71.6185569763
3.1570000000,-67.9707527161
3.1580000000,-63.3072853088
3.1590000000,-60.1387023926
3.1600000000,-50.7473945618
3.1610000000,-42.8652763367
3.1620000000,-37.7154350281
3.1630000000,-30.3411483765
3.1640000000,-23.5533714294
3.1650000000,-15.1991844177
3.1660000000,-6.5302848816
3.1670000000,4.4488906860
3.1680000000,11.6944313049
3.1690000000,19.1903114319
3.1700000000,29.0822982788
3.1710000000,36.9143486023
3.1720000000,42.8652763367
3.1730000000,48.4514236450
3.1740000000,55.8686256409
3.1750000000,60.2316856384
3.1760000000,65.7248497009
3.1770000000,69.6301460266
3.1780000000,73.8000869751
3.1790000000,75.1018524170
3.1800000000,74.1434097290
3.1810000000,73.4925270081
3.1820000000,72.3123550415
3.1830000000,69.0007209778
3.1840000000,67.4128532410
3.1850000000,60.8253479004
3.1860000000,55.7112693787
3.1870000000,47.9292869568
3.1880000000,41.6922569275
3.1890000000,32.8230857849
3.1900000000,23.7250328064
3.1910000000,13.4897232056
3.1920000000,3.1685829163
3.1930000000,-3.4260749817
3.1940000000,-8.8334083557
3.1950000000,-16.3221359253
3.1960000000,-26.4358520508
3.1970000000,-35.2621078491
3.1980000000,-40.3189659119
3.1990000000,-49.6602058411
3.2000000000,-56.6911697388
3.2010000000,-62.2844696045
3.2020000000,-68.7646865845
3.2030000000,-71.8832015991
3.2040000000,-72.2265243530
3.2050000000,-75.2735137939
3.2060000000,-75.3664970398
3.2070000000,-74.0575790405
3.2080000000,-72.9417800903
3.2090000000,-69.5514678955
3.2100000000,-67.0838356018
3.2110000000,-62.7994537354
3.2120000000,-56.6697120667
3.2130000000,-50.8046150208
3.2140000000,-43.7879562378
3.2150000000,-32.2937965393
3.2160000000,-24.2328643799
3.2170000000,-16.6296958923
3.2180000000,-5.7005882263
3.2190000000,5.2857398987
3.2200000000,11.9590759277
3.2210000000,17.3234939575
3.2220000000,24.9552726746
3.2230000000,32.2079658508
3.2240000000,43.6592102051
3.2250000000,48.9735603333
3.2260000000,55.4323196411
3.2270000000,61.5262985229
3.2280000000,68.4714317322
3.2290000000,70.7674026489
3.2300000000,74.2506980896
3.2310000000,74.7084617615
3.2320000000,74.8515129089
3.2330000000,74.4223594666
3.2340000000,72.2050666809
3.2350000000,69.0221786499
3.2360000000,66.1611557007
3.2370000000,60.7037544250
3.2380000000,56.7555427551
3.2390000000,46.8707084656
3.2400000000,39.1316413879
3.2410000000,31.8789482117
3.2420000000,23.1099128723
3.2430000000,15.5925750732
3.2440000000,7.5387954712
3.2450000000,-3.3259391785
3.2460000000,-11.0077857971
3.2470000000,-17.8956985474
3.2480000000,-26.3571739197
3.2490000000,-36.1990928650
3.2500000000,-46.0910797119
3.2510000000,-55.2964210510
3.2520000000,-58.2718849182
3.2530000000,-63.8508796692
3.2540000000,-66.1683082581
3.2550000000,-72.3481178284
3.2560000000,-74.1720199585
3.2570000000,-74.9373435974
3.2580000000,-75.9387016296
3.2590000000,-73.1420516968
3.2600000000,-71.4898109436
3.2610000000,-68.3426856995
3.2620000000,-62.0841979980
3.2630000000,-59.3805313110
3.2640000000,-52.0491600037
3.2650000000,-43.7378883362
3.2660000000,-34.5325469971
3.2670000000,-23.6320495605
3.2680000000,-17.9314613342
3.2690000000,-11.0006332397
3.2700000000,-3.1757354736
3.2710000000,7.1310997009
3.2720000000,14.7557258606
3.2730000000,22.5305557251
3.2740000000,32.2008132935
3.2750000000,41.0127639771
3.2760000000,47.7576255798
3.2770000000,56.9486618042
3.2780000000,60.3389739990
3.2790000000,65.5102729797
3.2800000000,67.7061080933
3.2810000000,72.9560852051
3.2820000000,73.9789009094
3.2830000000,74.2077827454
3.2840000000,75.0374794006
3.2850000000,72.4768638611
3.2860000000,71.1393356323
3.2870000000,67.1768188477
3.2880000000,60.7538223267
3.2890000000,55.8042526245
3.2900000000,47.5573539734
3.2910000000,39.9255752563
3.2920000000,31.9719314575
3.2930000000,23.5748291016
3.2940000000,16.0503387451
3.2950000000,4.7492980957
3.2960000000,-5.8650970459
3.2970000000,-12.6743316650
3.2980000000,-21.2788581848
3.2990000000,-29.7760963440
3.3000000000,-35.3479385376
3.3010000000,-41.3918495178
3.3020000000,-50.4112243652
3.3030000000,-55.6111335754
3.3040000000,-62.5562667847
3.3050000000,-67.3341751099
3.3060000000,-72.9846954346
3.3070000000,-74.2292404175
3.3080000000,-75.2520561218
3.3090000000,-75.2234458923
3.3100000000,-73.4066963196
3.3110000000,-71.1750984192
3.3120000000,-68.5214996338
3.3130000000,-63.1070137024
3.3140000000,-59.8812103271
3.3150000000,-51.8059730530
3.3160000000,-44.9538230896
3.3170000000,-35.3121757507
3.3180000000,-25.1698493958
3.3190000000,-15.4066085815
3.3200000000,-7.1525573730
3.3210000000,0.9369850159
3.3220000000,11.0006332397
3.3230000000,21.3432312012
3.3240000000,28.4600257874
3.3250000000,35.2692604065
3.3260000000,40.9126281738
3.3270000000,47.8792190552
3.3280000000,55.1462173462
3.3290000000,61.9769096375
3.3300000000,68.2926177979
3.3310000000,71.6686248779
3.3320000000,73.1205940247
3.3330000000,74.9731063843
3.3340000000,74.8586654663
3.3350000000,73.4925270081
3.3360000000,72.2050666809
3.3370000000,66.6904449463
3.3380000000,64.2728805542
3.3390000000,58.3577156067
3.3400000000,54.2306900024
3.3410000000,45.5331802368
3.3420000000,35.7556343079
3.3430000000,26.9293785095
3.3440000000,15.6927108765
3.3450000000,8.0680847168
3.3460000000,0.0000000000
3.3470000000,-9.9205970764
3.3480000000,-17.7812576294
3.3490000000,-29.3612480164
3.3500000000,-37.7154350281
3.3510000000,-43.6806678772
3.3520000000,-51.1765480042
3.3530000000,-55.1247596741
3.3540000000,-62.2272491455
3.3550000000,-66.6332244873
3.3560000000,-72.9489326477
3.3570000000,-74.0790367126
3.3580000000,-75.0803947449
3.3590000000,-75.9887695313
3.3600000000,-74.0504264832
3.3610000000,-72.6985931396
3.3620000000,-67.2912597656
3.3630000000,-59.2517852783
3.3640000000,-54.3379783630
3.3650000000,-44.8536872864
3.3660000000,-37.6009941101
3.3670000000,-33.2522392273
3.3680000000,-25.9780883789
3.3690000000,-18.0387496948
3.3700000000,-9.3626976013
3.3710000000,-0.4291534424
3.3720000000,8.2898139954
3.3730000000,16.3078308105
3.3740000000,25.0339508057
3.3750000000,34.4681739807
3.3760000000,41.2631034851
3.3770000000,48.7375259399
3.3780000000,56.0474395752
3.3790000000,61.6693496704
3.3800000000,67.3198699951
3.3810000000,70.5671310425
3.3820000000,72.7200508118
3.3830000000,74.8872756958
3.3840000000,75.1161575317
3.3850000000,72.8631019592
3.3860000000,71.6400146484
3.3870000000,66.8334960938
3.3880000000,64.2085075378
3.3890000000,57.2490692139
3.3900000000,51.6629219055
3.3910000000,43.2085990906
3.3920000000,35.2334976196
3.3930000000,26.4787673950
3.3940000000,16.2291526794
3.3950000000,7.2741508484
3.3960000000,-2.0170211792
3.3970000000,-10.2138519287
3.3980000000,-19.2618370056
3.3990000000,-28.8605690002
3.4000000000,-35.8057022095
3.4010000000,-43.9095497131
3.4020000000,-53.1291961670
3.4030000000,-57.6066970825
3.4040000000,-65.1884078979
3.4050000000,-68.6287879944
3.4060000000,-72.5984573364
3.4070000000,-75.2234458923
3.4080000000,-74.3508338928
3.4090000000,-75.9172439575
3.4100000000,-73.4710693359
3.4110000000,-70.2738761902
3.4120000000,-66.8621063232
3.4130000000,-59.9813461304
3.4140000000,-55.0889968872
3.4150000000,-46.2126731873
3.4160000000,-35.2334976196
3.4170000000,-25.1340866089
3.4180000000,-16.2649154663
3.4190000000,-9.0980529785
3.4200000000,-0.9799003601
3.4210000000,7.2884559631
3.4220000000,15.1634216309
3.4230000000,25.5775451660
3.4240000000,34.7471237183
3.4250000000,43.4017181396
3.4260000000,50.9190559387
3.4270000000,55.6397438049
3.4280000000,64.3944740295
3.4290000000,68.0708885193
3.4300000000,72.8130340576
3.4310000000,74.1505622864
3.4320000000,74.5725631714
3.4330000000,74.5296478271
3.4340000000,71.9332695007
3.4350000000,69.6372985840
3.4360000000,66.2326812744
3.4370000000,59.4234466553
3.4380000000,54.5954704285
3.4390000000,46.0696220398
3.4400000000,38.6524200439
3.4410000000,32.8159332275
3.4420000000,24.2614746094
3.4430000000,14.5196914673
3.4440000000,5.0711631775
3.4450000000,-4.0626525879
3.4460000000,-12.5026702881
3.4470000000,-24.7263908386
3.4480000000,-33.6313247681
3.4490000000,-42.0999526978
3.4500000000,-49.9105453491
3.4510000000,-55.1176071167
3.4520000000,-61.4190101624
3.4530000000,-66.5402412415
3.4540000000,-71.5184211731
3.4550000000,-72.9274749756
3.4560000000,-75.9530067444
3.4570000000,-76.0102272034
3.4580000000,-73.3494758606
3.4590000000,-71.7258453369
3.4600000000,-66.2827491760
3.4610000000,-61.7980957031
3.4620000000,-54.9459457397
3.4630000000,-50.4684448242
3.4640000000,-42.4790382385
3.4650000000,-34.9760055542
3.4660000000,-26.1783599854
3.4670000000,-15.5711174011
3.4680000000,-6.0796737671
3.4690000000,5.4430961609
3.4700000000,14.3337249756
3.4710000000,25.6347656250
3.4720000000,33.0376625061
3.4730000000,39.0529632568
3.4740000000,46.7777252197
3.4750000000,53.8873672485
3.4760000000,61.2902641296
3.4770000000,66.3256645203
3.4780000000,70.7888603210
3.4790000000,72.5126266479
3.4800000000,75.0732421875
3.4810000000,74.9087333679
3.4820000000,72.2837448120
3.4830000000,71.1035728455
3.4840000000,67.1267509460
3.4850000000,64.2514228821
3.4860000000,57.7712059021
3.4870000000,49.8604774475
3.4880000000,40.7552719116
3.4890000000,34.0962409973
3.4900000000,26.0782241821
3.4910000000,12.5098228455
3.4920000000,0.0643730164
3.4930000000,-7.2526931763
3.4940000000,-17.4522399902
3.4950000000,-28.4171104431
3.4960000000,-35.8343124390
3.4970000000,-43.4231758118
3.4980000000,-49.5600700378
3.4990000000,-56.1118125916
3.5000000000,-65.1812553406
3.5010000000,-69.6372985840
3.5020000000,-73.5139846802
3.5030000000,-75.2735137939
3.5040000000,-74.8300552368
3.5050000000,-76.2391090393
3.5060000000,-73.6927986145
3.5070000000,-70.1093673706
3.5080000000,-66.4258003235
3.5090000000,-60.1172447205
3.5100000000,-54.3236732483
3.5110000000,-46.8063354492
3.5120000000,-40.1115417480
3.5130000000,-33.4453582764
3.5140000000,-23.2815742493
3.5150000000,-13.8616561890
3.5160000000,-1.0156631470
3.5170000000,10.8575820923
3.5180000000,17.8885459900
3.5190000000,25.0697135925
3.5200000000,36.4780426025
3.5210000000,45.0754165649
3.5220000000,52.1421432495
3.5230000000,56.7269325256
3.5240000000,62.2701644897
3.5250000000,66.8191909790
3.5260000000,71.6900825500
3.5270000000,73.1563568115
3.5280000000,74.8872756958
3.5290000000,74.3007659912
3.5300000000,72.0620155334
3.5310000000,71.0177421570
3.5320000000,65.6104087830
3.5330000000,63.0068778992
3.5340000000,55.4323196411
3.5350000000,48.5730171204
3.5360000000,40.1329994202
3.5370000000,31.2066078186
3.5380000000,22.5520133972
3.5390000000,12.0520591736
3.5400000000,1.8239021301
3.5410000000,-7.7748298645
3.5420000000,-19.2618370056
3.5430000000,-29.0393829346
3.5440000000,-37.9657745361
3.5450000000,-45.7048416138
3.5460000000,-53.2007217407
3.5470000000,-57.6710700989
3.5480000000,-64.4445419312
3.5490000000,-69.5228576660
3.5500000000,-71.8760490417
3.5510000000,-75.0374794006
3.5520000000,-74.6655464172
3.5530000000,-75.4451751709
3.5540000000,-73.2851028442
3.5550000000,-67.0552253723
3.5560000000,-63.9009475708
3.5570000000,-55.1605224609
3.5580000000,-50.1751899719
3.5590000000,-38.9671325684
3.5600000000,-28.3813476563
3.5610000000,-22.0656394958
3.5620000000,-14.9130821228
3.5630000000,-5.4001808167
3.5640000000,6.9093704224
3.5650000000,18.6824798584
3.5660000000,25.6705284119
3.5670000000,34.9545478821
3.5680000000,45.3400611877
3.5690000000,51.9275665283
3.5700000000,57.7783584595
3.5710000000,64.5017623901
3.5720000000,68.7575340271
3.5730000000,71.5041160583
3.5740000000,74.6512413025
3.5750000000,73.5783576965
3.5760000000,73.8430023193
3.5770000000,72.3052024841
3.5780000000,67.9349899292
3.5790000000,65.3529167175
3.5800000000,57.3277473450
3.5810000000,50.7402420044
3.5820000000,43.2157516479
3.5830000000,36.3349914551
3.5840000000,27.1153450012
3.5850000000,16.4508819580
3.5860000000,5.0568580627
3.5870000000,-3.0899047852
3.5880000000,-10.3139877319
3.5890000000,-18.8112258911
3.5900000000,-31.0277938843
3.5910000000,-41.0628318787
3.5920000000,-48.4299659729
3.5930000000,-54.9817085266
3.5940000000,-60.0385665894
3.5950000000,-67.0337677002
3.5960000000,-72.7701187134
3.5970000000,-73.2421875000
3.5980000000,-76.1532783508
3.5990000000,-75.0517845154
3.6000000000,-72.7272033691
3.6010000000,-71.1750984192
3.6020000000,-67.0266151428
3.6030000000,-62.6564025879
3.6040000000,-53.3008575439
3.6050000000,-43.8523292542
3.6060000000,-32.8230857849
3.6070000000,-26.2355804443
3.6080000000,-19.3619728088
3.6090000000,-7.8606605530
3.6100000000,1.6880035400
3.6110000000,9.1409683228
3.6120000000,17.0445442200
3.6130000000,25.7849693298
3.6140000000,34.6970558167
3.6150000000,44.1098213196
3.6160000000,50.7330894470
3.6170000000,58.8512420654
3.6180000000,63.9867782593
3.6190000000,70.6744194031
3.6200000000,71.9547271729
3.6210000000,74.9516487122
3.6220000000,75.2091407776
3.6230000000,73.3709335327
3.6240000000,72.4053382874
3.6250000000,67.1696662903
3.6260000000,61.7051124573
3.6270000000,54.3880462646
3.6280000000,48.5730171204
3.6290000000,40.6837463379
3.6300000000,31.9218635559
3.6310000000,22.6879119873
3.6320000000,12.2237205505
3.6330000000,2.0241737366
3.6340000000,-7.7033042908
3.6350000000,-19.5693969727
3.6360000000,-29.9692153931
3.6370000000,-39.2961502075
3.6380000000,-49.1881370544
3.6390000000,-56.5266609192
3.6400000000,-60.6322288513
3.6410000000,-67.9850578308
3.6420000000,-71.5899467468
3.6430000000,-73.1992721558
3.6440000000,-75.9243965149
3.6450000000,-75.8171081543
3.6460000000,-73.5068321228
3.6470000000,-70.9390640259
3.6480000000,-66.3471221924
3.6490000000,-62.2200965881
3.6500000000,-54.7528266907
3.6510000000,-45.6047058105
3.6520000000,-32.9589843750
3.6530000000,-25.8922576904
3.6540000000,-19.0472602844
3.6550000000,-10.2853775024
3.6560000000,-0.1502037048
3.6570000000,9.3984603882
3.6580000000,18.8899040222
3.6590000000,30.1766395569
3.6600000000,38.5236740112
3.6610000000,50.4755973816
3.6620000000,54.9817085266
3.6630000000,63.2643699646
3.6640000000,66.6975975037
3.6650000000,71.7258453369
3.6660000000,74.0289688110
3.6670000000,73.8859176636
3.6680000000,74.0432739258
3.6690000000,71.1035728455
3.6700000000,69.8375701904
3.6710000000,66.0467147827
3.6720000000,60.7967376709
3.6730000000,54.5954704285
3.6740000000,43.8237190247
3.6750000000,35.3980064392
3.6760000000,27.0509719849
3.6770000000,14.9345397949
3.6780000000,5.3644180298
3.6790000000,-3.6120414734
3.6800000000,-11.4154815674
3.6810000000,-21.2001800537
3.6820000000,-31.5213203430
3.6830000000,-40.7338142395
3.6840000000,-49.9176979065
3.6850000000,-54.9030303955
3.6860000000,-62.6921653748
3.6870000000,-66.5187835693
3.6880000000,-72.4983215332
3.6890000000,-73.6784934998
3.6900000000,-74.5797157288
3.6910000000,-75.0946998596
3.6920000000,-72.6342201233
3.6930000000,-68.5214996338
3.6940000000,-63.4789466858
3.6950000000,-57.9571723938
3.6960000000,-48.6302375793
3.6970000000,-40.9626960754
3.6980000000,-28.3169746399
3.6990000000,-17.9028511047
3.7000000000,-8.9979171753
3.7010000000,1.1014938354
3.7020000000,8.7618827820
3.7030000000,17.4379348755
3.7040000000,28.1095504761
3.7050000000,40.6694412231
3.7060000000,49.8175621033
3.7070000000,55.1533699036
3.7080000000,62.3130798340
3.7090000000,68.1066513062
3.7100000000,71.1321830750
3.7110000000,74.0361213684
3.7120000000,73.9288330078
3.7130000000,75.2949714661
3.7140000000,74.2149353027
3.7150000000,69.0078735352
3.7160000000,66.4830207825
3.7170000000,61.0256195068
3.7180000000,56.4050674438
3.7190000000,44.4889068604
3.7200000000,36.9429588318
3.7210000000,24.3186950684
3.7220000000,12.2094154358
3.7230000000,4.2629241943
3.7240000000,-6.3157081604
3.7250000000,-13.3037567139
3.7260000000,-22.1157073975
3.7270000000,-30.6344032288
3.7280000000,-38.0015373230
3.7290000000,-50.5042076111
3.7300000000,-58.8726997375
3.7310000000,-65.1383399963
3.7320000000,-70.2667236328
3.7330000000,-73.3923912048
3.7340000000,-74.6798515320
3.7350000000,-75.3307342529
3.7360000000,-75.3593444824
3.7370000000,-71.3539123535
3.7380000000,-70.4813003540
3.7390000000,-63.8294219971
3.7400000000,-59.0085983276
3.7410000000,-50.3826141357
3.7420000000,-40.0257110596
3.7430000000,-29.3397903442
3.7440000000,-21.1501121521
3.7450000000,-8.1896781921
3.7460000000,4.8136711121
3.7470000000,16.4365768433
3.7480000000,25.3915786743
3.7490000000,33.0305099487
3.7500000000,42.3145294189
3.7510000000,50.9333610535
3.7520000000,59.4949722290
3.7530000000,62.8995895386
3.7540000000,67.7776336670
3.7550000000,71.2966918945
3.7560000000,73.4639167786
3.7570000000,75.2305984497
3.7580000000,72.6914405823
3.7590000000,72.7272033691
3.7600000000,69.6444511414
3.7610000000,63.4002685547
3.7620000000,58.1645965576
3.7630000000,49.1023063660
3.7640000000,41.4276123047
3.7650000000,34.6255302429
3.7660000000,21.3789939880
3.7670000000,11.7516517639
3.7680000000,-0.9584426880
3.7690000000,-11.7230415344
3.7700000000,-19.9770927429
3.7710000000,-30.7059288025
3.7720000000,-37.3077392578
3.7730000000,-45.3543663025
3.7740000000,-55.0317764282
3.7750000000,-60.1172447205
3.7760000000,-68.5930252075
3.7770000000,-71.3324546814
3.7780000000,-75.2735137939
3.7790000000,-75.8528709412
3.7800000000,-74.7013092041
3.7810000000,-74.4223594666
3.7820000000,-69.9520111084
3.7830000000,-65.0739669800
3.7840000000,-60.8539581299
3.7850000000,-52.9003143311
3.7860000000,-45.0253486633
3.7870000000,-33.3738327026
3.7880000000,-23.0669975281
3.7890000000,-14.3766403198
3.7900000000,-4.9638748169
3.7910000000,5.7935714722
3.7920000000,18.0602073669
3.7930000000,26.8006324768
3.7940000000,36.7927551270
3.7950000000,45.5331802368
3.7960000000,53.7443161011
3.7970000000,59.9169731140
3.7980000000,65.3815269470
3.7990000000,70.1880455017
3.8000000000,74.2721557617
3.8010000000,74.2435455322
3.8020000000,75.8743286133
3.8030000000,73.8143920898
3.8040000000,69.8018074036
3.8050000000,65.0668144226
3.8060000000,58.4149360657
3.8070000000,51.3768196106
3.8080000000,42.1142578125
3.8090000000,31.3138961792
3.8100000000,23.9324569702
3.8110000000,15.0489807129
3.8120000000,4.3916702271
3.8130000000,-5.1426887512
3.8140000000,-15.0203704834
3.8150000000,-28.2955169678
3.8160000000,-35.3837013245
3.8170000000,-44.5890426636
3.8180000000,-52.6213645935
3.8190000000,-57.9142570496
3.8200000000,-67.6918029785
3.8210000000,-70.8389282227
3.8220000000,-74.5797157288
3.8230000000,-75.2592086792
3.8240000000,-74.0003585815
3.8250000000,-71.9547271729
3.8260000000,-69.7731971741
3.8270000000,-64.8880004883
3.8280000000,-57.4851036072
3.8290000000,-50.0035285950
3.8300000000,-42.8080558777
3.8310000000,-35.2048873901
3.8320000000,-24.2900848389
3.8330000000,-14.3051147461
3.8340000000,-3.5047531128
3.8350000000,10.0350379944
3.8360000000,19.1831588745
3.8370000000,31.0993194580
3.8380000000,40.3761863708
3.8390000000,45.9122657776
3.8400000000,54.2020797729
3.8410000000,59.8955154419
3.8420000000,67.9206848145
3.8430000000,70.6887245178
3.8440000000,74.7156143188
3.8450000000,75.2305984497
3.8460000000,72.8774070740
3.8470000000,72.4124908447
3.8480000000,68.5214996338
3.8490000000,64.8093223572
3.8500000000,55.7541847229
3.8510000000,49.1952896118
3.8520000000,41.0056114197
3.8530000000,32.1292877197
3.8540000000,23.1170654297
3.8550000000,11.1579895020
3.8560000000,-2.8109550476
3.8570000000,-15.4495239258
3.8580000000,-24.7335433960
3.8590000000,-30.7703018188
3.8600000000,-39.0887260437
3.8610000000,-48.8591194153
3.8620000000,-54.8458099365
3.8630000000,-64.5160675049
3.8640000000,-68.7360763550
3.8650000000,-73.2851028442
3.8660000000,-74.6655464172
3.8670000000,-75.3521919250
3.8680000000,-74.4080543518
3.8690000000,-71.4755058289
3.8700000000,-68.5858726501
3.8710000000,-59.5307350159
3.8720000000,-50.5828857422
3.8730000000,-42.9153442383
3.8740000000,-37.0073318481
3.8750000000,-27.5731086731
3.8760000000,-17.1232223511
3.8770000000,-6.6733360291
3.8780000000,3.9196014404
3.8790000000,13.6041641235
3.8800000000,26.5860557556
3.8810000000,37.4507904053
3.8820000000,43.7235832214
3.8830000000,52.3853302002
3.8840000000,60.2889060974
3.8850000000,67.0051574707
3.8860000000,70.6315040588
3.8870000000,73.4710693359
3.8880000000,74.9731063843
3.8890000000,74.6369361877
3.8900000000,74.0218162537
3.8910000000,68.7217712402
3.8920000000,64.2371177673
3.8930000000,56.6840171814
3.8940000000,51.9204139709
3.8950000000,41.8567657471
3.8960000000,28.9177894592
3.8970000000,16.2434577942
3.8980000000,2.6464462280
3.8990000000,-8.0537796021
3.9000000000,-15.0775909424
3.9010000000,-21.6221809387
3.9020000000,-32.8731536865
3.9030000000,-42.1214103699
3.9040000000,-52.3638725281
3.9050000000,-58.0930709839
3.9060000000,-64.7306442261
3.9070000000,-70.0235366821
3.9080000000,-73.0633735657
3.9090000000,-75.6096839905
3.9100000000,-74.2578506470
3.9110000000,-74.5582580566
3.9120000000,-72.4697113037
3.9130000000,-66.2899017334
3.9140000000,-63.0211830139
3.9150000000,-53.4296035767
3.9160000000,-47.7218627930
3.9170000000,-36.0918045044
3.9180000000,-25.8922576904
3.9190000000,-11.5370750427
3.9200000000,2.2387504578
3.9210000000,10.5142593384
3.9220000000,21.8367576599
3.9230000000,29.9620628357
3.9240000000,38.5737419128
3.9250000000,45.9909439087
3.9260000000,55.6612014771
3.9270000000,64.2800331116
3.9280000000,69.5013999939
3.9290000000,72.5126266479
3.9300000000,75.1662254333
3.9310000000,75.3521919250
3.9320000000,74.2435455322
3.9330000000,71.8402862549
3.9340000000,66.6332244873
3.9350000000,62.6993179321
3.9360000000,53.1363487244
3.9370000000,46.2126731873
3.9380000000,34.0390205383
3.9390000000,25.2771377563
3.9400000000,15.9859657288
3.9410000000,7.3528289795
3.9420000000,-3.1685829163
3.9430000000,-13.1964683533
3.9440000000,-25.9995460510
3.9450000000,-36.8642807007
3.9460000000,-45.8407402039
3.9470000000,-51.5842437744
3.9480000000,-60.2960586548
3.9490000000,-65.0095939636
3.9500000000,-71.3467597961
3.9510000000,-73.0347633362
3.9520000000,-75.4594802856
3.9530000000,-75.8171081543
3.9540000000,-72.3695755005
3.9550000000,-68.2640075684
3.9560000000,-58.6652755737
3.9570000000,-52.0277023315
3.9580000000,-43.9167022705
3.9590000000,-35.2621078491
3.9600000000,-26.0066986084
3.9610000000,-13.4539604187
3.9620000000,-4.3773651123
3.9630000000,4.5990943909
3.9640000000,16.6368484497
3.9650000000,30.0192832947
3.9660000000,38.1445884705
3.9670000000,46.5202331543
3.9680000000,55.0961494446
3.9690000000,59.9169731140
3.9700000000,67.1482086182
3.9710000000,71.7115402222
3.9720000000,74.4795799255
3.9730000000,76.2820243835
3.9740000000,73.4496116638
3.9750000000,73.8573074341
3.9760000000,69.7445869446
3.9770000000,64.0797615051
3.9780000000,55.7899475098
3.9790000000,47.0137596130
3.9800000000,39.1173362732
3.9810000000,31.2209129333
3.9820000000,19.7339057922
3.9830000000,8.5973739624
3.9840000000,-1.7881393433
3.9850000000,-11.6801261902
3.9860000000,-22.6521492004
3.9870000000,-33.7457656860
3.9880000000,-44.7034835815
3.9890000000,-54.0161132813
3.9900000000,-59.9670410156
3.9910000000,-66.7262077332
3.9920000000,-70.1665878296
3.9930000000,-75.2091407776
3.9940000000,-75.7884979248
3.9950000000,-75.2305984497
3.9960000000,-72.5626945496
3.9970000000,-67.7990913391
3.9980000000,-63.6434555054
3.9990000000,-53.9445877075
4.0000000000,-46.4272499084
4.0010000000,-34.3179702759
4.0020000000,-25.6204605103
4.0030000000,-16.9014930725
4.0040000000,-6.9379806519
4.0050000000,4.1198730469
4.0060000000,14.2979621887
4.0070000000,26.7505645752
4.0080000000,37.5795364380
4.0090000000,48.4800338745
4.0100000000,55.2248954773
4.0110000000,61.8553161621
4.0120000000,67.3770904541
4.0130000000,72.5483894348
4.0140000000,73.9574432373
4.0150000000,75.1304626465
4.0160000000,73.8859176636
4.0170000000,68.8004493713
4.0180000000,66.9693946838
4.0190000000,58.6152076721
4.0200000000,53.8802146912
4.0210000000,42.8080558777
4.0220000000,33.8816642761
4.0230000000,21.9225883484
4.0240000000,8.5473060608
4.0250000000,-0.5149841309
4.0260000000,-8.5616111755
4.0270000000,-20.4777717590
4.0280000000,-30.3339958191
4.0290000000,-40.9984588623
4.0300000000,-49.4241714478
4.0310000000,-56.2691688538
4.0320000000,-64.3086433411
4.0330000000,-68.7932968140
4.0340000000,-73.3494758606
4.0350000000,-74.2864608765
4.0360000000,-75.9172439575
4.0370000000,-74.8372077942
4.0380000000,-70.7602500916
4.0390000000,-65.7391548157
4.0400000000,-58.3505630493
4.0410000000,-52.6070594788
4.0420000000,-40.0400161743
4.0430000000,-31.4784049988
4.0440000000,-22.8309631348
4.0450000000,-11.7373466492
4.0460000000,-1.2946128845
4.0470000000,9.2697143555
4.0480000000,19.9270248413
4.0490000000,29.8690795898
4.0500000000,39.1244888306
4.0510000000,49.0880012512
4.0520000000,57.0058822632
4.0530000000,63.7078285217
4.0540000000,68.9291954041
4.0550000000,73.4996795654
4.0560000000,73.7285614014
4.0570000000,74.6870040894
4.0580000000,72.0047950745
4.0590000000,65.7963752747
4.0600000000,60.4462623596
4.0610000000,53.9660453796
4.0620000000,48.1009483337
4.0630000000,36.6640090942
4.0640000000,26.8006324768
4.0650000000,17.1875953674
4.0660000000,7.9321861267
4.0670000000,-3.2472610474
4.0680000000,-16.3006782532
4.0690000000,-27.1224975586
4.0700000000,-36.6067886353
4.0710000000,-47.4643707275
4.0720000000,-55.0532341003
4.0730000000,-62.9854202271
4.0740000000,-66.1325454712
4.0750000000,-72.6771354675
4.0760000000,-74.8300552368
4.0770000000,-75.1018524170
4.0780000000,-75.1090049744
4.0790000000,-70.0163841248
4.0800000000,-66.0109519958
4.0810000000,-58.6438179016
4.0820000000,-50.9333610535
4.0830000000,-42.7579879761
4.0840000000,-32.0434570313
4.0850000000,-20.3776359558
4.0860000000,-7.3027610779
4.0870000000,2.5177001953
4.0880000000,11.3368034363
4.0890000000,23.9539146423
4.0900000000,33.9102745056
4.0910000000,44.2385673523
4.0920000000,52.7501106262
4.0930000000,58.7725639343
4.0940000000,66.5903091431
4.0950000000,71.0463523865
4.0960000000,75.1948356628
4.0970000000,75.5023956299
4.0980000000,73.2851028442
4.0990000000,72.8774070740
4.1000000000,68.0851936340
4.1010000000,64.8522377014
4.1020000000,53.5154342651
4.1030000000,47.8434562683
4.1040000000,37.3864173889
4.1050000000,23.6248970032
4.1060000000,9.7990036011
4.1070000000,-3.2114982605
4.1080000000,-10.4355812073
4.1090000000,-22.0942497253
4.1100000000,-33.8673591614
4.1110000000,-42.6077842712
4.1120000000,-51.3696670532
4.1130000000,-57.6066970825
4.1140000000,-63.9796257019
4.1150000000,-69.9305534363
4.1160000000,-71.3753700256
4.1170000000,-75.3879547119
4.1180000000,-74.0289688110
4.1190000000,-73.7857818604
4.1200000000,-70.7387924194
4.1210000000,-62.2844696045
4.1220000000,-58.4578514099
4.1230000000,-48.8090515137
4.1240000000,-38.4593009949
4.1250000000,-28.4099578857
4.1260000000,-18.5966491699
4.1270000000,-8.5043907166
4.1280000000,2.4676322937
4.1290000000,12.4526023865
4.1300000000,23.1814384460
4.1310000000,34.6755981445
4.1320000000,43.2014465332
4.1330000000,52.6714324951
4.1340000000,60.4748725891
4.1350000000,67.6202774048
4.1360000000,72.0334053040
4.1370000000,74.7942924500
4.1380000000,74.6798515320
4.1390000000,72.9775428772
4.1400000000,70.9891319275
4.1410000000,66.3471221924
4.1420000000,61.6693496704
4.1430000000,52.8287887573
4.1440000000,44.5961952209
4.1450000000,34.2535972595
4.1460000000,23.1385231018
4.1470000000,10.7073783875
4.1480000000,-3.6048889160
4.1490000000,-17.1804428101
4.1500000000,-27.0223617554
4.1510000000,-36.1776351929
4.1520000000,-45.7978248596
4.1530000000,-54.5668601990
4.1540000000,-61.6335868835
4.1550000000,-67.8777694702
4.1560000000,-72.1549987793
4.1570000000,-74.9659538269
4.1580000000,-75.0732421875
4.1590000000,-73.8215446472
4.1600000000,-71.6185569763
4.1610000000,-66.4401054382
4.1620000000,-62.2916221619
4.1630000000,-52.9718399048
4.1640000000,-45.9408760071
4.1650000000,-34.0104103088
4.1660000000,-23.0598449707
4.1670000000,-8.5043907166
4.1680000000,3.6907196045
4.1690000000,15.9931182861
4.1700000000,25.5990028381
4.1710000000,38.0945205688
4.1720000000,45.4187393188
4.1730000000,53.0362129211
4.1740000000,60.3318214417
4.1750000000,67.0480728149
4.1760000000,72.2765922546
4.1770000000,74.5368003845
4.1780000000,73.5282897949
4.1790000000,72.9060173035
4.1800000000,70.7459449768
4.1810000000,66.6117668152
4.1820000000,61.9482994080
4.1830000000,53.1291961670
4.1840000000,41.3346290588
4.1850000000,31.8717956543
4.1860000000,21.5363502502
4.1870000000,11.2152099609
4.1880000000,-0.2861022949
4.1890000000,-14.4696235657
4.1900000000,-24.7049331665
4.1910000000,-35.1333618164
4.1920000000,-42.3431396484
4.1930000000,-51.7559051514
4.1940000000,-60.5249404907
4.1950000000,-66.9264793396
4.1960000000,-72.6771354675
4.1970000000,-75.4380226135
4.1980000000,-75.3808021545
4.1990000000,-74.0432739258
4.2000000000,-70.7817077637
4.2010000000,-63.4288787842
4.2020000000,-55.6111335754
4.2030000000,-44.7392463684
4.2040000000,-38.1016731262
4.2050000000,-31.2352180481
4.2060000000,-16.3936614990
4.2070000000,-2.3317337036
4.2080000000,6.4373016357
4.2090000000,14.5268440247
4.2100000000,24.7550010681
4.2110000000,33.6098670959
4.2120000000,43.3802604675
4.2130000000,53.8372993469
4.2140000000,60.7109069824
4.2150000000,68.4928894043
4.2160000000,72.1549987793
4.2170000000,74.4009017944
4.2180000000,74.8658180237
4.2190000000,70.0521469116
4.2200000000,68.8362121582
4.2210000000,62.9425048828
4.2220000000,55.0174713135
4.2230000000,47.8434562683
4.2240000000,37.8084182739
4.2250000000,26.4930725098
4.2260000000,14.3337249756
4.2270000000,3.1900405884
4.2280000000,-5.3286552429
4.2290000000,-14.6055221558
4.2300000000,-25.4130363464
4.2310000000,-39.3676757813
4.2320000000,-48.2940673828
4.2330000000,-57.1846961975
4.2340000000,-63.3001327515
4.2350000000,-71.9189643860
4.2360000000,-73.4066963196
4.2370000000,-75.7384300232
4.2380000000,-75.1233100891
4.2390000000,-70.2881813049
4.2400000000,-66.7834281921
4.2410000000,-60.8253479004
4.2420000000,-56.8771362305
4.2430000000,-46.7920303345
4.2440000000,-35.2978706360
4.2450000000,-20.5707550049
4.2460000000,-10.2639198303
4.2470000000,1.7094612122
4.2480000000,10.8647346497
4.2490000000,24.3973731995
4.2500000000,36.0846519470
4.2510000000,43.6806678772
4.2520000000,52.0634651184
4.2530000000,57.7998161316
4.2540000000,65.3815269470
4.2550000000,69.8947906494
4.2560000000,73.6498832703
4.2570000000,75.9029388428
4.2580000000,74.0718841553
4.2590000000,73.2135772705
4.2600000000,67.2483444214
4.2610000000,60.2102279663
4.2620000000,51.5198707581
4.2630000000,41.4776802063
4.2640000000,30.2410125732
4.2650000000,17.9600715637
4.2660000000,7.5674057007
4.2670000000,-1.9168853760
4.2680000000,-11.9447708130
4.2690000000,-25.7992744446
4.2700000000,-40.2331352234
4.2710000000,-50.8975982666
4.2720000000,-57.5709342957
4.2730000000,-63.4860992432
4.2740000000,-68.1996345520
4.2750000000,-72.0119476318
4.2760000000,-75.2234458923
4.2770000000,-74.9301910400
4.2780000000,-74.7656822205
4.2790000000,-71.2823867798
4.2800000000,-62.6635551453
4.2810000000,-56.9629669189
4.2820000000,-44.7106361389
4.2830000000,-36.7927551270
4.2840000000,-28.5458564758
4.2850000000,-16.2863731384
4.2860000000,-1.8525123596
4.2870000000,12.2237205505
4.2880000000,22.5877761841
4.2890000000,34.6183776855
4.2900000000,44.4459915161
4.2910000000,53.6584854126
4.2920000000,60.8754158020
4.2930000000,66.7476654053
4.2940000000,71.0248947144
4.2950000000,74.3150711060
4.2960000000,75.0875473022
4.2970000000,72.2408294678
4.2980000000,71.2037086487
4.2990000000,66.8191909790
4.3000000000,62.0555877686
4.3010000000,50.4326820374
4.3020000000,38.6953353882
4.3030000000,24.6405601501
4.3040000000,16.7655944824
4.3050000000,4.3702125549
4.3060000000,-5.7148933411
4.3070000000,-17.9958343506
4.3080000000,-30.9562683105
4.3090000000,-40.2832031250
4.3100000000,-49.6101379395
4.3110000000,-60.5320930481
4.3120000000,-65.5317306519
4.3130000000,-72.3910331726
4.3140000000,-73.0633735657
4.3150000000,-75.8457183838
4.3160000000,-75.2305984497
4.3170000000,-71.8402862549
4.3180000000,-66.6046142578
4.3190000000,-60.5821609497
4.3200000000,-51.8560409546
4.3210000000,-39.0386581421
4.3220000000,-28.4242630005
4.3230000000,-16.7012214661
4.3240000000,-6.9594383240
4.3250000000,5.2213668823
4.3260000000,17.8170204163
4.3270000000,27.0223617554
4.3280000000,37.7583503723
4.3290000000,48.1510162354
4.3300000000,56.3263893127
4.3310000000,63.1141662598
4.3320000000,68.8219070435
4.3330000000,72.3910331726
4.3340000000,73.1992721558
4.3350000000,75.0946998596
4.3360000000,72.7128982544
4.3370000000,68.2210922241
4.3380000000,62.3631477356
4.3390000000,52.4210929871
4.3400000000,46.1125373840
4.3410000000,37.4579429626
4.3420000000,24.2829322815
4.3430000000,12.4955177307
4.3440000000,-0.6580352783
4.3450000000,-10.4928016663
4.3460000000,-24.5618820190
4.3470000000,-36.6568565369
4.3480000000,-45.7906723022
4.3490000000,-54.7456741333
4.3500000000,-63.8294219971
4.3510000000,-68.2711601257
4.3520000000,-72.9990005493
4.3530000000,-75.2735137939
4.3540000000,-74.4366645813
4.3550000000,-72.8559494019
4.3560000000,-70.2309608459
4.3570000000,-63.3072853088
4.3580000000,-57.3062896729
4.3590000000,-45.3972816467
4.3600000000,-33.5240364075
4.3610000000,-25.3772735596
4.3620000000,-12.0520591736
4.3630000000,2.2530555725
4.3640000000,12.0377540588
4.3650000000,22.9382514954
4.3660000000,31.8002700806
4.3670000000,43.3015823364
4.3680000000,55.5753707886
4.3690000000,62.7207756042
4.3700000000,70.3668594360
4.3710000000,73.3280181885
4.3720000000,75.3378868103
4.3730000000,75.8528709412
4.3740000000,73.7285614014
4.3750000000,70.0879096985
4.3760000000,64.9166107178
4.3770000000,57.7497482300
4.3780000000,48.4657287598
4.3790000000,38.9242172241
4.3800000000,29.4184684753
4.3810000000,15.2635574341
4.3820000000,4.1270256042
4.3830000000,-6.4373016357
4.3840000000,-19.1187858582
4.3850000000,-31.2423706055
4.3860000000,-43.3945655823
4.3870000000,-50.7187843323
4.3880000000,-59.1230392456
4.3890000000,-66.1110877991
4.3900000000,-72.0262527466
4.3910000000,-73.5712051392
4.3920000000,-75.7312774658
4.3930000000,-75.6669044495
4.3940000000,-71.6328620911
4.3950000000,-66.1540031433
4.3960000000,-57.5208663940
4.3970000000,-48.7232208252
4.3980000000,-38.4449958801
4.3990000000,-25.5918502808
4.4000000000,-15.2277946472
4.4010000000,-1.4877319336
4.4020000000,12.0735168457
4.4030000000,20.1916694641
4.4040000000,30.0836563110
4.4050000000,42.4575805664
4.4060000000,54.1234016418
4.4070000000,63.0712509155
4.4080000000,68.3641433716
4.4090000000,73.3208656311
4.4100000000,73.5783576965
4.4110000000,75.4809379578
4.4120000000,74.2435455322
4.4130000000,69.7731971741
4.4140000000,64.8593902588
4.4150000000,54.6240806580
4.4160000000,48.4800338745
4.4170000000,35.0975990295
4.4180000000,22.7522850037
4.4190000000,12.5956535339
4.4200000000,0.5292892456
4.4210000000,-9.2196464539
4.4220000000,-22.6235389709
4.4230000000,-35.8414649963
4.4240000000,-45.5617904663
4.4250000000,-50.7974624634
4.4260000000,-59.2589378357
4.4270000000,-66.4615631104
4.4280000000,-72.1693038940
4.4290000000,-73.9002227783
4.4300000000,-74.3436813354
4.4310000000,-73.3494758606
4.4320000000,-68.4857368469
4.4330000000,-63.8151168823
4.4340000000,-55.5753707886
4.4350000000,-46.2484359741
4.4360000000,-35.6411933899
4.4370000000,-22.6306915283
4.4380000000,-7.4386596680
4.4390000000,5.0425529480
4.4400000000,13.0677223206
4.4410000000,21.3360786438
4.4420000000,30.5271148682
4.4430000000,42.8366661072
4.4440000000,52.3710250854
4.4450000000,61.6765022278
4.4460000000,66.5616989136
4.4470000000,72.2479820251
4.4480000000,74.9874114990
4.4490000000,73.7357139587
4.4500000000,73.3494758606
4.4510000000,66.2255287170
4.4520000000,61.4333152771
4.4530000000,52.8144836426
4.4540000000,44.3601608276
4.4550000000,33.0734252930
4.4560000000,19.7982788086
4.4570000000,5.1712989807
4.4580000000,-8.6975097656
4.4590000000,-20.5278396606
4.4600000000,-31.6643714905
4.4610000000,-40.9269332886
4.4620000000,-49.4027137756
4.4630000000,-59.7739219666
4.4640000000,-64.4087791443
4.4650000000,-71.3109970093
4.4660000000,-73.3637809753
4.4670000000,-74.9731063843
4.4680000000,-74.2650032043
4.4690000000,-70.6815719604
4.4700000000,-66.8907165527
4.4710000000,-59.5951080322
4.4720000000,-50.5471229553
4.4730000000,-41.3632392883
4.4740000000,-31.7573547363
4.4750000000,-18.0172920227
4.4760000000,-6.0081481934
4.4770000000,9.0980529785
4.4780000000,22.0942497253
4.4790000000,34.9044799805
4.4800000000,46.1912155151
4.4810000000,55.9544563293
4.4820000000,60.9326362610
4.4830000000,66.9407844543
4.4840000000,71.3253021240
4.4850000000,74.2149353027
4.4860000000,74.9945640564
4.4870000000,72.4411010742
4.4880000000,68.5286521912
4.4890000000,61.7122650146
4.4900000000,52.3495674133
4.4910000000,41.1128997803
4.4920000000,32.8016281128
4.4930000000,22.6020812988
4.4940000000,9.5701217651
4.4950000000,-4.7278404236
4.4960000000,-16.3006782532
4.4970000000,-26.3643264771
4.4980000000,-37.1932983398
4.4990000000,-47.8935241699
4.5000000000,-59.7524642944
4.5010000000,-65.1168823242
4.5020000000,-70.6315040588
4.5030000000,-72.6270675659
4.5040000000,-75.0446319580
4.5050000000,-74.5725631714
4.5060000000,-72.3338127136
4.5070000000,-66.8978691101
4.5080000000,-62.3846054077
4.5090000000,-55.3107261658
4.5100000000,-41.1915779114
4.5110000000,-29.0894508362
4.5120000000,-14.6341323853
4.5130000000,-5.1569938660
4.5140000000,3.8623809814
4.5150000000,14.0905380249
4.5160000000,28.3741950989
4.5170000000,40.2259826660
4.5180000000,49.4599342346
4.5190000000,59.4162940979
4.5200000000,66.3256645203
4.5210000000,71.5470314026
4.5220000000,74.0432739258
4.5230000000,73.5569000244
4.5240000000,74.5081901550
4.5250000000,69.6802139282
4.5260000000,61.7837905884
4.5270000000,53.6441802979
4.5280000000,45.9337234497
4.5290000000,34.2178344727
4.5300000000,20.9426879883
4.5310000000,12.1951103210
4.5320000000,1.4591217041
4.5330000000,-12.8173828125
4.5340000000,-22.7880477905
4.5350000000,-36.4995002747
4.5360000000,-48.8305091858
4.5370000000,-58.5293769836
4.5380000000,-66.7476654053
4.5390000000,-70.5027580261
4.5400000000,-74.0075111389
4.5410000000,-73.7714767456
4.5420000000,-74.7370719910
4.5430000000,-72.7415084839
4.5440000000,-66.5974617004
4.5450000000,-59.9813461304
4.5460000000,-48.0365753174
4.5470000000,-40.2474403381
4.5480000000,-28.8748741150
4.5490000000,-17.4951553345
4.5500000000,-6.9952011108
4.5510000000,6.6804885864
4.5520000000,20.2846527100
4.5530000000,32.8803062439
4.5540000000,42.3073768616
4.5550000000,53.1005859375
4.5560000000,61.7337226868
4.5570000000,66.9264793396
4.5580000000,72.6771354675
4.5590000000,74.7370719910
4.5600000000,73.5282897949
4.5610000000,73.2278823853
4.5620000000,66.8334960938
4.5630000000,59.2660903931
4.5640000000,49.8890876770
4.5650000000,43.1156158447
4.5660000000,31.2924385071
4.5670000000,21.2001800537
4.5680000000,10.8718872070
4.5690000000,-3.1042098999
4.5700000000,-14.3194198608
4.5710000000,-28.6316871643
4.5720000000,-38.3305549622
4.5730000000,-48.0437278748
4.5740000000,-55.2034378052
4.5750000000,-64.8164749146
4.5760000000,-69.8089599609
4.5770000000,-73.9216804504
4.5780000000,-74.8729705811
4.5790000000,-73.2207298279
4.5800000000,-70.2452659607
4.5810000000,-62.3345375061
4.5820000000,-56.8270683289
4.5830000000,-48.5014915466
4.5840000000,-37.2934341431
4.5850000000,-20.3132629395
4.5860000000,-6.2870979309
4.5870000000,3.4189224243
4.5880000000,14.9416923523
4.5890000000,30.3626060486
4.5900000000,41.1987304688
4.5910000000,47.8005409241
4.5920000000,56.7626953125
4.5930000000,61.1472129822
4.5940000000,69.5586204529
4.5950000000,73.7571716309
4.5960000000,73.4424591064
4.5970000000,74.8085975647
4.5980000000,71.2323188782
4.5990000000,66.6689872742
4.6000000000,58.7010383606
4.6010000000,47.6932525635
4.6020000000,39.1745567322
4.6030000000,29.5114517212
4.6040000000,13.1964683533
4.6050000000,-3.2472610474
4.6060000000,-17.0588493347
4.6070000000,-25.4702568054
4.6080000000,-37.4579429626
4.6090000000,-49.0021705627
4.6100000000,-56.9701194763
4.6110000000,-64.5375251770
4.6120000000,-68.8719749451
4.6130000000,-73.9574432373
4.6140000000,-73.4496116638
4.6150000000,-73.5139846802
4.6160000000,-70.1022148132
4.6170000000,-65.4673576355
4.6180000000,-59.0229034424
4.6190000000,-48.5515594482
4.6200000000,-37.4650955200
4.6210000000,-24.2972373962
4.6220000000,-8.9406967163
4.6230000000,1.0800361633
4.6240000000,13.2107734680
4.6250000000,23.5462188721
4.6260000000,35.4123115540
4.6270000000,47.0495223999
4.6280000000,56.8842887878
4.6290000000,61.1972808838
4.6300000000,68.8433647156
4.6310000000,73.7857818604
4.6320000000,74.7728347778
4.6330000000,75.3307342529
4.6340000000,70.0664520264
4.6350000000,65.7248497009
4.6360000000,58.7010383606
4.6370000000,48.7303733826
4.6380000000,39.2103195190
4.6390000000,25.7062911987
4.6400000000,11.6944313049
4.6410000000,0.4005432129
4.6420000000,-9.5987319946
4.6430000000,-22.2444534302
4.6440000000,-33.6170196533
4.6450000000,-45.7406044006
4.6460000000,-55.3679466248
4.6470000000,-63.3430480957
4.6480000000,-69.7588920593
4.6490000000,-74.9087333679
4.6500000000,-73.6927986145
4.6510000000,-73.8430023193
4.6520000000,-69.4870948792
4.6530000000,-64.0225410461
4.6540000000,-58.2504272461
4.6550000000,-47.3570823669
4.6560000000,-34.5897674561
4.6570000000,-26.1282920837
4.6580000000,-13.0248069763
4.6590000000,-0.4935264587
4.6600000000,14.2908096313
4.6610000000,27.1654129028
4.6620000000,39.2746925354
4.6630000000,51.5341758728
4.6640000000,59.7810745239
4.6650000000,67.4486160278
4.6660000000,71.3753700256
4.6670000000,74.5797157288
4.6680000000,75.2234458923
4.6690000000,72.4554061890
4.6700000000,71.6042518616
4.6710000000,63.6649131775
4.6720000000,59.6451759338
4.6730000000,51.1050224304
4.6740000000,41.6207313538
4.6750000000,25.4559516907
4.6760000000,9.0122222900
4.6770000000,-2.0027160645
4.6780000000,-15.1062011719
4.6790000000,-29.2038917542
4.6800000000,-39.2675399780
4.6810000000,-48.7017631531
4.6820000000,-60.5750083923
4.6830000000,-66.6046142578
4.6840000000,-72.9775428772
4.6850000000,-75.9816169739
4.6860000000,-75.1233100891
4.6870000000,-75.6454467773
4.6880000000,-69.6301460266
4.6890000000,-62.4275207520
4.6900000000,-52.5426864624
4.6910000000,-46.2841987610
4.6920000000,-37.4794006348
4.6930000000,-27.0724296570
4.6940000000,-11.7373466492
4.6950000000,0.9870529175
4.6960000000,12.1378898621
4.6970000000,25.4344940186
4.6980000000,36.6497039795
4.6990000000,49.4241714478
4.7000000000,59.0014457703
4.7010000000,65.9680366516
4.7020000000,69.8590278625
4.7030000000,73.8787651062
4.7040000000,73.5497474670
4.7050000000,72.5412368774
4.7060000000,69.7731971741
4.7070000000,61.1543655396
4.7080000000,52.0205497742
4.7090000000,41.8567657471
4.7100000000,29.7546386719
4.7110000000,20.0200080872
4.7120000000,9.7560882568
4.7130000000,-3.1542778015
4.7140000000,-18.7182426453
4.7150000000,-33.1020355225
4.7160000000,-45.7262992859
4.7170000000,-54.9817085266
4.7180000000,-59.4663619995
4.7190000000,-67.9278373718
4.7200000000,-72.2694396973
4.7210000000,-73.8143920898
4.7220000000,-74.1362571716
4.7230000000,-71.3038444519
4.7240000000,-67.2698020935
4.7250000000,-60.1601600647
4.7260000000,-49.6530532837
4.7270000000,-36.2563133240
4.7280000000,-27.0223617554
4.7290000000,-13.3395195007
4.7300000000,2.9182434082
4.7310000000,16.6296958923
4.7320000000,28.3598899841
4.7330000000,36.8714332581
4.7340000000,48.2511520386
4.7350000000,58.1932067871
4.7360000000,66.8549537659
4.7370000000,70.0521469116
4.7380000000,73.8573074341
4.7390000000,74.5439529419
4.7400000000,73.6999511719
4.7410000000,70.5242156982
4.7420000000,64.1942024231
4.7430000000,56.1189651489
4.7440000000,42.7079200745
4.7450000000,29.4399261475
4.7460000000,17.2805786133
4.7470000000,2.8109550476
4.7480000000,-9.6559524536
4.7490000000,-18.2962417603
4.7500000000,-30.1051139832
4.7510000000,-42.3502922058
4.7520000000,-55.3822517395
4.7530000000,-62.5061988831
4.7540000000,-68.6502456665
4.7550000000,-72.2622871399
4.7560000000,-74.1505622864
4.7570000000,-74.9087333679
4.7580000000,-71.4898109436
4.7590000000,-67.8992271423
4.7600000000,-60.8396530151
4.7610000000,-52.6142120361
4.7620000000,-39.9613380432
4.7630000000,-26.2355804443
4.7640000000,-12.0091438293
4.7650000000,-1.1444091797
4.7660000000,11.9733810425
4.7670000000,22.0441818237
4.7680000000,34.9617004395
4.7690000000,46.3557243347
4.7700000000,56.7698478699
4.7710000000,63.3144378662
4.7720000000,69.8590278625
4.7730000000,74.0075111389
4.7740000000,74.0861892700
4.7750000000,73.6069679260
4.7760000000,68.9220428467
4.7770000000,62.5061988831
4.7780000000,52.7215003967
4.7790000000,42.9368019104
4.7800000000,33.5240364075
4.7810000000,20.7710266113
4.7820000000,6.2012672424
4.7830000000,-3.6978721619
4.7840000000,-13.3609771729
4.7850000000,-27.6875495911
4.7860000000,-42.2501564026
4.7870000000,-55.2749633789
4.7880000000,-62.3488426208
4.7890000000,-68.4428215027
4.7900000000,-73.1134414673
4.7910000000,-74.2506980896
4.7920000000,-76.2033462524
4.7930000000,-73.0419158936
4.7940000000,-67.6918029785
4.7950000000,-59.3590736389
4.7960000000,-50.2610206604
4.7970000000,-39.2603874207
4.7980000000,-30.2338600159
4.7990000000,-18.0459022522
4.8000000000,-3.3760070801
4.8010000000,8.7475776672
4.8020000000,23.0097770691
4.8030000000,36.9715690613
4.8040000000,45.4115867615
4.8050000000,56.2763214111
4.8060000000,63.6720657349
4.8070000000,70.2738761902
4.8080000000,71.7902183533
4.8090000000,74.4581222534
4.8100000000,71.9976425171
4.8110000000,67.0552253723
4.8120000000,63.8365745544
4.8130000000,56.6053390503
4.8140000000,48.6016273499
4.8150000000,31.8217277527
4.8160000000,16.4937973022
4.8170000000,5.3286552429
4.8180000000,-8.4543228149
4.8190000000,-22.3660469055
4.8200000000,-33.4596633911
4.8210000000,-44.9538230896
4.8220000000,-52.5498390198
4.8230000000,-63.6148452759
4.8240000000,-68.0422782898
4.8250000000,-73.1277465820
4.8260000000,-75.1233100891
4.8270000000,-72.3695755005
4.8280000000,-73.0562210083
4.8290000000,-64.8093223572
4.8300000000,-58.7654113770
4.8310000000,-47.0066070557
4.8320000000,-34.4395637512
4.8330000000,-22.5734710693
4.8340000000,-8.7475776672
4.8350000000,2.3388862610
4.8360000000,15.9430503845
4.8370000000,30.6200981140
4.8380000000,40.4191017151
4.8390000000,49.8604774475
4.8400000000,59.2160224915
4.8410000000,65.5388832092
4.8420000000,72.0119476318
4.8430000000,74.6369361877
4.8440000000,73.8430023193
4.8450000000,71.2251663208
4.8460000000,64.2228126526
4.8470000000,57.0487976074
4.8480000000,48.1510162354
4.8490000000,37.8298759460
4.8500000000,22.4304199219
4.8510000000,12.0735168457
4.8520000000,1.5020370483
4.8530000000,-12.0377540588
4.8540000000,-24.4617462158
4.8550000000,-39.2746925354
4.8560000000,-47.1138954163
4.8570000000,-59.2017173767
4.8580000000,-65.9036636353
4.8590000000,-72.0119476318
4.8600000000,-74.2864608765
4.8610000000,-73.7357139587
4.8620000000,-74.0504264832
4.8630000000,-69.1652297974
4.8640000000,-62.5276565552
4.8650000000,-52.6428222656
4.8660000000,-41.3775444031
4.8670000000,-29.7188758850
4.8680000000,-19.4978713989
4.8690000000,-7.2169303894
4.8700000000,8.7547302246
4.8710000000,23.6964225769
4.8720000000,37.9943847656
4.8730000000,49.8104095459
4.8740000000,58.1860542297
4.8750000000,65.3386116028
4.8760000000,69.6730613708
4.8770000000,71.8832015991
4.8780000000,73.2779502869
4.8790000000,69.5800781250
4.8800000000,68.8719749451
4.8810000000,63.2429122925
4.8820000000,52.6571273804
4.8830000000,42.5219535828
4.8840000000,29.5329093933
4.8850000000,17.1089172363
4.8860000000,1.4734268188
4.8870000000,-13.6041641235
4.8880000000,-24.7979164124
4.8890000000,-36.9000434875
4.8900000000,-48.3298301697
4.8910000000,-58.4292411804
4.8920000000,-65.2456283569
4.8930000000,-70.4813003540
4.8940000000,-74.8872756958
4.8950000000,-73.2278823853
4.8960000000,-75.0660896301
4.8970000000,-68.1352615356
4.8980000000,-60.7824325562
4.8990000000,-50.0822067261
4.9000000000,-39.1101837158
4.9010000000,-29.1180610657
4.9020000000,-16.3006782532
4.9030000000,-4.5204162598
4.9040000000,9.9706649780
4.9050000000,23.5891342163
4.9060000000,37.1646881104
4.9070000000,46.9636917114
4.9080000000,55.1319122314
4.9090000000,63.0784034729
4.9100000000,68.3999061584
4.9110000000,73.0848312378
4.9120000000,74.4509696960
4.9130000000,71.2609291077
4.9140000000,69.9305534363
4.9150000000,61.8624687195
4.9160000000,55.0889968872
4.9170000000,42.3073768616
4.9180000000,32.4869155884
4.9190000000,15.8286094666
4.9200000000,-1.4662742615
4.9210000000,-15.0775909424
4.9220000000,-24.9838829041
4.9230000000,-35.6912612915
4.9240000000,-48.6230850220
4.9250000000,-58.3720207214
4.9260000000,-64.1369819641
4.9270000000,-70.6958770752
4.9280000000,-74.4724273682
4.9290000000,-73.4496116638
4.9300000000,-74.3079185486
4.9310000000,-68.8362121582
4.9320000000,-63.5576248169
4.9330000000,-53.8873672485
4.9340000000,-43.4947013855
4.9350000000,-28.5029411316
4.9360000000,-13.4682655334
4.9370000000,1.3518333435
4.9380000000,11.0650062561
4.9390000000,24.6405601501
4.9400000000,37.6367568970
4.9410000000,51.1765480042
4.9420000000,57.4421882629
4.9430000000,64.3658638000
4.9440000000,68.5143470764
4.9450000000,73.1921195984
4.9460000000,74.9373435974
4.9470000000,71.3253021240
4.9480000000,69.7875022888
4.9490000000,63.7793540955
4.9500000000,53.1077384949
4.9510000000,37.9729270935
4.9520000000,24.0182876587
4.9530000000,14.5983695984
4.9540000000,-0.0500679016
4.9550000000,-11.7659568787
4.9560000000,-25.3915786743
4.9570000000,-39.6108627319
4.9580000000,-52.0205497742
4.9590000000,-59.7238540649
4.9600000000,-66.9836997986
4.9610000000,-71.2394714355
4.9620000000,-75.0231742859
4.9630000000,-73.6355781555
4.9640000000,-71.5970993042
4.9650000000,-68.1209564209
4.9660000000,-58.3505630493
4.9670000000,-48.7732887268
4.9680000000,-38.0659103394
4.9690000000,-29.2396545410
4.9700000000,-14.5554542542
4.9710000000,-1.1086463928
4.9720000000,13.7114524841
4.9730000000,27.8091430664
4.9740000000,37.8298759460
4.9750000000,50.5256652832
4.9760000000,59.1874122620
4.9770000000,68.1853294373
4.9780000000,71.6614723206
4.9790000000,74.1219520569
4.9800000000,74.6440887451
4.9810000000,69.1080093384
4.9820000000,63.8508796692
4.9830000000,52.7143478394
4.9840000000,43.5948371887
4.9850000000,33.2880020142
4.9860000000,20.5206871033
4.9870000000,9.2339515686
4.9880000000,-5.8221817017
4.9890000000,-20.1272964478
4.9900000000,-31.3425064087
4.9910000000,-45.0253486633
4.9920000000,-54.7671318054
4.9930000000,-63.6434555054
4.9940000000,-68.3856010437
4.9950000000,-73.5855102539
4.9960000000,-74.3579864502
4.9970000000,-72.4053382874
4.9980000000,-71.7258453369
4.9990000000,-62.1128082275
