time (s),velocity (rpm)
0.0000000000,0.0429153442
0.0010000000,0.0429153442
0.0020000000,-0.0357627869
0.0030000000,-0.0357627869
0.0040000000,0.0572204590
0.0050000000,0.0214576721
0.0060000000,-0.0643730164
0.0070000000,0.0214576721
0.0080000000,0.0357627869
0.0090000000,0.0071525574
0.0100000000,-0.0572204590
0.0110000000,0.0572204590
0.0120000000,0.0286102295
0.0130000000,-0.0143051147
0.0140000000,-0.0357627869
0.0150000000,0.0572204590
0.0160000000,0.0143051147
0.0170000000,-0.0143051147
0.0180000000,-0.0214576721
0.0190000000,0.0429153442
0.0200000000,0.0214576721
0.0210000000,-0.0214576721
0.0220000000,0.0000000000
0.0230000000,0.0429153442
0.0240000000,0.0071525574
0.0250000000,0.0143051147
0.0260000000,0.0500679016
0.0270000000,0.0500679016
0.0280000000,0.0500679016
0.0290000000,0.0786781311
0.0300000000,0.0643730164
0.0310000000,0.1001358032
0.0320000000,0.1215934753
0.0330000000,0.0786781311
0.0340000000,0.1001358032
0.0350000000,0.1144409180
0.0360000000,0.1287460327
0.0370000000,0.1072883606
0.0380000000,0.1358985901
0.0390000000,0.1502037048
0.0400000000,0.1931190491
0.0410000000,0.1716613770
0.0420000000,0.2002716064
0.0430000000,0.2217292786
0.0440000000,0.2288818359
0.0450000000,0.2431869507
0.0460000000,0.2503395081
0.0470000000,0.2932548523
0.0480000000,0.3147125244
0.0490000000,0.3433227539
0.0500000000,0.3361701965
0.0510000000,0.3933906555
0.0520000000,0.3790855408
0.0530000000,0.4220008850
0.0540000000,0.4792213440
0.0550000000,0.5364418030
0.0560000000,0.5292892456
0.0570000000,0.6437301636
0.0580000000,0.6365776062
0.0590000000,0.7510185242
0.0600000000,0.7581710815
0.0610000000,0.8368492126
0.0620000000,0.8940696716
0.0630000000,1.0728836060
0.0640000000,1.1587142944
0.0650000000,1.2445449829
0.0660000000,1.4233589172
0.0670000000,1.5449523926
0.0680000000,1.6665458679
0.0690000000,1.7738342285
0.0700000000,1.9240379333
0.0710000000,2.0241737366
0.0720000000,2.1457672119
0.0730000000,2.2244453430
0.0740000000,2.3317337036
0.0750000000,2.4247169495
0.0760000000,2.5463104248
0.0770000000,2.5820732117
0.0780000000,2.7608871460
0.0790000000,2.8467178345
0.0800000000,3.0326843262
0.0810000000,3.1328201294
0.0820000000,3.2758712769
0.0830000000,3.2687187195
0.0840000000,3.3330917358
0.0850000000,3.4761428833
0.0860000000,3.6048889160
0.0870000000,3.7121772766
0.0880000000,3.9124488831
0.0890000000,4.0555000305
0.0900000000,4.1913986206
0.0910000000,4.2128562927
0.0920000000,4.1699409485
0.0930000000,4.2343139648
0.0940000000,4.2414665222
0.0950000000,4.4775009155
0.0960000000,4.6634674072
0.0970000000,4.7421455383
0.0980000000,4.6920776367
0.0990000000,4.8351287842
0.1000000000,4.9424171448
0.1010000000,5.2213668823
0.1020000000,5.4216384888
0.1030000000,5.5861473083
0.1040000000,5.6362152100
0.1050000000,5.5789947510
0.1060000000,5.7220458984
0.1070000000,5.9223175049
0.1080000000,6.1726570129
0.1090000000,6.1297416687
0.1100000000,6.1368942261
0.1110000000,6.5016746521
0.1120000000,6.7234039307
0.1130000000,6.9451332092
0.1140000000,6.8449974060
0.1150000000,6.8593025208
0.1160000000,7.1597099304
0.1170000000,7.1883201599
0.1180000000,7.0738792419
0.1190000000,7.1525573730
0.1200000000,7.5888633728
0.1210000000,7.9035758972
0.1220000000,8.0466270447
0.1230000000,7.8964233398
0.1240000000,8.2182884216
0.1250000000,8.1968307495
0.1260000000,8.2969665527
0.1270000000,8.7761878967
0.1280000000,9.1052055359
0.1290000000,8.8262557983
0.1300000000,8.7761878967
0.1310000000,9.0980529785
0.1320000000,8.9049339294
0.1330000000,9.0336799622
0.1340000000,9.5200538635
0.1350000000,9.7560882568
0.1360000000,9.6058845520
0.1370000000,9.9492073059
0.1380000000,9.8562240601
0.1390000000,10.3211402893
0.1400000000,11.0220909119
0.1410000000,10.7002258301
0.1420000000,10.1709365845
0.1430000000,10.3926658630
0.1440000000,10.2710723877
0.1450000000,10.9076499939
0.1460000000,11.2080574036
0.1470000000,10.9934806824
0.1480000000,11.2938880920
0.1490000000,11.2938880920
0.1500000000,11.8160247803
0.1510000000,12.4883651733
0.1520000000,11.9733810425
0.1530000000,12.0592117310
0.1540000000,11.7802619934
0.1550000000,12.1307373047
0.1560000000,12.8102302551
0.1570000000,12.6528739929
0.1580000000,13.0891799927
0.1590000000,12.9961967468
0.1600000000,13.7829780579
0.1610000000,13.7829780579
0.1620000000,13.9546394348
0.1630000000,13.3967399597
0.1640000000,13.5111808777
0.1650000000,14.3122673035
0.1660000000,14.2836570740
0.1670000000,14.4982337952
0.1680000000,15.0918960571
0.1690000000,15.5210494995
0.1700000000,15.0132179260
0.1710000000,14.6555900574
0.1720000000,15.0990486145
0.1730000000,15.4209136963
0.1740000000,15.4852867126
0.1750000000,15.6068801880
0.1760000000,17.2019004822
0.1770000000,16.3078308105
0.1780000000,15.8429145813
0.1790000000,16.1504745483
0.1800000000,16.7655944824
0.1810000000,16.5152549744
0.1820000000,16.8585777283
0.1830000000,18.1102752686
0.1840000000,17.5452232361
0.1850000000,17.1518325806
0.1860000000,17.2448158264
0.1870000000,17.6525115967
0.1880000000,17.8599357605
0.1890000000,18.1818008423
0.1900000000,19.0830230713
0.1910000000,18.8040733337
0.1920000000,18.0673599243
0.1930000000,18.4392929077
0.1940000000,18.8612937927
0.1950000000,18.9828872681
0.1960000000,19.7839736938
0.1970000000,19.7124481201
0.1980000000,19.3905830383
0.1990000000,19.5908546448
0.2000000000,19.8698043823
0.2010000000,19.9127197266
0.2020000000,21.3074684143
0.2030000000,20.6565856934
0.2040000000,20.3561782837
0.2050000000,20.9498405457
0.2060000000,20.7638740540
0.2070000000,21.5935707092
0.2080000000,22.2444534302
0.2090000000,21.3074684143
0.2100000000,21.5721130371
0.2110000000,21.6221809387
0.2120000000,22.1586227417
0.2130000000,23.1528282166
0.2140000000,22.8023529053
0.2150000000,21.8582153320
0.2160000000,22.5234031677
0.2170000000,22.9525566101
0.2180000000,23.7178802490
0.2190000000,23.7321853638
0.2200000000,23.0097770691
0.2210000000,23.3530998230
0.2220000000,23.5104560852
0.2230000000,24.8694419861
0.2240000000,24.0182876587
0.2250000000,23.9038467407
0.2260000000,24.0111351013
0.2270000000,24.3186950684
0.2280000000,25.7778167725
0.2290000000,24.6119499207
0.2300000000,24.6405601501
0.2310000000,24.8479843140
0.2320000000,25.6919860840
0.2330000000,26.1569023132
0.2340000000,25.0053405762
0.2350000000,25.9566307068
0.2360000000,26.1211395264
0.2370000000,27.4157524109
0.2380000000,26.3071060181
0.2390000000,26.2570381165
0.2400000000,26.8363952637
0.2410000000,27.3299217224
0.2420000000,28.0237197876
0.2430000000,26.6504287720
0.2440000000,27.1582603455
0.2450000000,26.9579887390
0.2460000000,28.3741950989
0.2470000000,27.4443626404
0.2480000000,27.5516510010
0.2490000000,27.0080566406
0.2500000000,28.6030769348
0.2510000000,27.7876853943
0.2520000000,27.5945663452
0.2530000000,27.1940231323
0.2540000000,28.6388397217
0.2550000000,28.2168388367
0.2560000000,27.3156166077
0.2570000000,27.4515151978
0.2580000000,28.5530090332
0.2590000000,28.8605690002
0.2600000000,27.5015830994
0.2610000000,27.9092788696
0.2620000000,28.3384323120
0.2630000000,29.6831130981
0.2640000000,27.9951095581
0.2650000000,28.3241271973
0.2660000000,28.8677215576
0.2670000000,29.8833847046
0.2680000000,28.1238555908
0.2690000000,29.1824340820
0.2700000000,29.0465354919
0.2710000000,30.0264358521
0.2720000000,28.7675857544
0.2730000000,29.5901298523
0.2740000000,29.1752815247
0.2750000000,30.4627418518
0.2760000000,29.2325019836
0.2770000000,29.3469429016
0.2780000000,29.6044349670
0.2790000000,30.9634208679
0.2800000000,29.2110443115
0.2810000000,29.4256210327
0.2820000000,30.1265716553
0.2830000000,30.8275222778
0.2840000000,29.1323661804
0.2850000000,29.9763679504
0.2860000000,30.0693511963
0.2870000000,30.4555892944
0.2880000000,29.5400619507
0.2890000000,29.8047065735
0.2900000000,30.1337242126
0.2910000000,30.5271148682
0.2920000000,29.6187400818
0.2930000000,29.3183326721
0.2940000000,30.6344032288
0.2950000000,30.3983688354
0.2960000000,29.3111801147
0.2970000000,29.3469429016
0.2980000000,30.8847427368
0.2990000000,29.6688079834
0.3000000000,29.4899940491
0.3010000000,29.5400619507
0.3020000000,30.4985046387
0.3030000000,29.4184684753
0.3040000000,29.6258926392
0.3050000000,29.1895866394
0.3060000000,30.4126739502
0.3070000000,29.4327735901
0.3080000000,29.3040275574
0.3090000000,28.8033485413
0.3100000000,30.5199623108
0.3110000000,28.9964675903
0.3120000000,28.7604331970
0.3130000000,28.4814834595
0.3140000000,30.1408767700
0.3150000000,28.7389755249
0.3160000000,28.4743309021
0.3170000000,28.0666351318
0.3180000000,29.2325019836
0.3190000000,28.4028053284
0.3200000000,28.0380249023
0.3210000000,27.7018547058
0.3220000000,28.5029411316
0.3230000000,28.2311439514
0.3240000000,27.4372100830
0.3250000000,27.2583961487
0.3260000000,27.9736518860
0.3270000000,28.4099578857
0.3280000000,26.8149375916
0.3290000000,26.9079208374
0.3300000000,27.0938873291
0.3310000000,28.4099578857
0.3320000000,26.8650054932
0.3330000000,26.4716148376
0.3340000000,26.0424613953
0.3350000000,27.2083282471
0.3360000000,26.8077850342
0.3370000000,25.6705284119
0.3380000000,25.3057479858
0.3390000000,25.4344940186
0.3400000000,26.0782241821
0.3410000000,24.7764587402
0.3420000000,24.7120857239
0.3430000000,24.3759155273
0.3440000000,25.0339508057
0.3450000000,24.6977806091
0.3460000000,23.1170654297
0.3470000000,23.4889984131
0.3480000000,23.1957435608
0.3490000000,23.8037109375
0.3500000000,23.5462188721
0.3510000000,21.9798088074
0.3520000000,22.1443176270
0.3530000000,21.4934349060
0.3540000000,21.5435028076
0.3550000000,22.1872329712
0.3560000000,21.1572647095
0.3570000000,20.5707550049
0.3580000000,19.9985504150
0.3590000000,19.8197364807
0.3600000000,20.4133987427
0.3610000000,19.8912620544
0.3620000000,18.9328193665
0.3630000000,18.7253952026
0.3640000000,18.4035301208
0.3650000000,18.2533264160
0.3660000000,18.4035301208
0.3670000000,18.2175636292
0.3680000000,17.3449516296
0.3690000000,16.3507461548
0.3700000000,16.6940689087
0.3710000000,16.1147117615
0.3720000000,16.1504745483
0.3730000000,15.9144401550
0.3740000000,15.6927108765
0.3750000000,15.2277946472
0.3760000000,14.0619277954
0.3770000000,13.8258934021
0.3780000000,13.7186050415
0.3790000000,13.5183334351
0.3800000000,13.2751464844
0.3810000000,12.7601623535
0.3820000000,12.8102302551
0.3830000000,11.9590759277
0.3840000000,11.7015838623
0.3850000000,10.7789039612
0.3860000000,10.2782249451
0.3870000000,10.2353096008
0.3880000000,9.8705291748
0.3890000000,9.5343589783
0.3900000000,9.2053413391
0.3910000000,8.5401535034
0.3920000000,8.2397460938
0.3930000000,8.1181526184
0.3940000000,7.7033042908
0.3950000000,6.8807601929
0.3960000000,6.2298774719
0.3970000000,5.9795379639
0.3980000000,5.5432319641
0.3990000000,4.9567222595
0.4000000000,4.5561790466
0.4010000000,4.1556358337
0.4020000000,3.9052963257
0.4030000000,3.4117698669
0.4040000000,2.9897689819
0.4050000000,2.5606155396
0.4060000000,2.1243095398
0.4070000000,1.6236305237
0.4080000000,1.1587142944
0.4090000000,0.7653236389
0.4100000000,0.2932548523
0.4110000000,-0.0715255737
0.4120000000,-0.2217292786
0.4130000000,-0.3004074097
0.4140000000,-0.3576278687
0.4150000000,-0.5221366882
0.4160000000,-0.6365776062
0.4170000000,-0.7653236389
0.4180000000,-0.9083747864
0.4190000000,-1.0800361633
0.4200000000,-1.3446807861
0.4210000000,-1.6593933105
0.4220000000,-1.9598007202
0.4230000000,-2.4247169495
0.4240000000,-2.8538703918
0.4250000000,-3.5548210144
0.4260000000,-4.0984153748
0.4270000000,-4.8708915710
0.4280000000,-5.6862831116
0.4290000000,-6.5159797668
0.4300000000,-7.0238113403
0.4310000000,-7.6317787170
0.4320000000,-8.4543228149
0.4330000000,-8.9550018311
0.4340000000,-9.0265274048
0.4350000000,-9.5343589783
0.4360000000,-10.4784965515
0.4370000000,-10.9004974365
0.4380000000,-11.8947029114
0.4390000000,-12.1021270752
0.4400000000,-12.2237205505
0.4410000000,-13.4825706482
0.4420000000,-13.6828422546
0.4430000000,-14.3337249756
0.4440000000,-14.1763687134
0.4450000000,-15.0132179260
0.4460000000,-15.2063369751
0.4470000000,-15.7856941223
0.4480000000,-16.3435935974
0.4490000000,-17.6596641541
0.4500000000,-17.8599357605
0.4510000000,-17.4093246460
0.4520000000,-17.9815292358
0.4530000000,-18.2032585144
0.4540000000,-18.5680389404
0.4550000000,-19.7339057922
0.4560000000,-20.4133987427
0.4570000000,-20.1916694641
0.4580000000,-19.9985504150
0.4590000000,-20.8997726440
0.4600000000,-21.0356712341
0.4610000000,-21.9011306763
0.4620000000,-22.7093696594
0.4630000000,-21.7366218567
0.4640000000,-22.4304199219
0.4650000000,-23.0956077576
0.4660000000,-23.5962867737
0.4670000000,-24.0969657898
0.4680000000,-23.5462188721
0.4690000000,-23.9610671997
0.4700000000,-23.8895416260
0.4710000000,-25.3844261169
0.4720000000,-25.6633758545
0.4730000000,-24.8694419861
0.4740000000,-24.9838829041
0.4750000000,-25.2127647400
0.4760000000,-26.7720222473
0.4770000000,-26.4000892639
0.4780000000,-25.9280204773
0.4790000000,-26.7791748047
0.4800000000,-27.0295143127
0.4810000000,-28.0237197876
0.4820000000,-26.8363952637
0.4830000000,-27.7590751648
0.4840000000,-27.9307365417
0.4850000000,-28.7747383118
0.4860000000,-28.1882286072
0.4870000000,-27.9378890991
0.4880000000,-28.6245346069
0.4890000000,-29.9191474915
0.4900000000,-29.0465354919
0.4910000000,-28.7318229675
0.4920000000,-29.3111801147
0.4930000000,-30.7846069336
0.4940000000,-29.5114517212
0.4950000000,-29.7975540161
0.4960000000,-30.1122665405
0.4970000000,-31.1279296875
0.4980000000,-29.8976898193
0.4990000000,-30.4269790649
0.5000000000,-30.6487083435
0.5010000000,-31.0778617859
0.5020000000,-30.2124023438
0.5030000000,-29.7832489014
0.5040000000,-31.0063362122
0.5050000000,-30.9920310974
0.5060000000,-29.8261642456
0.5070000000,-29.5686721802
0.5080000000,-30.7202339172
0.5090000000,-30.5771827698
0.5100000000,-29.3469429016
0.5110000000,-29.6831130981
0.5120000000,-30.0836563110
0.5130000000,-29.7474861145
0.5140000000,-28.9106369019
0.5150000000,-29.1681289673
0.5160000000,-29.6115875244
0.5170000000,-29.4184684753
0.5180000000,-28.0594825745
0.5190000000,-28.3956527710
0.5200000000,-28.9392471313
0.5210000000,-28.9750099182
0.5220000000,-27.1868705750
0.5230000000,-27.5874137878
0.5240000000,-27.7519226074
0.5250000000,-28.3455848694
0.5260000000,-26.5789031982
0.5270000000,-26.7434120178
0.5280000000,-26.2141227722
0.5290000000,-26.9150733948
0.5300000000,-25.7349014282
0.5310000000,-25.4631042480
0.5320000000,-25.1340866089
0.5330000000,-25.1412391663
0.5340000000,-25.5346298218
0.5350000000,-23.5891342163
0.5360000000,-23.5176086426
0.5370000000,-23.1814384460
0.5380000000,-23.7035751343
0.5390000000,-23.7679481506
0.5400000000,-21.6436386108
0.5410000000,-21.4862823486
0.5420000000,-21.3146209717
0.5430000000,-21.1787223816
0.5440000000,-21.4934349060
0.5450000000,-20.0843811035
0.5460000000,-19.3762779236
0.5470000000,-19.0830230713
0.5480000000,-18.2247161865
0.5490000000,-18.3391571045
0.5500000000,-18.3391571045
0.5510000000,-17.7168846130
0.5520000000,-16.4079666138
0.5530000000,-15.8071517944
0.5540000000,-15.6927108765
0.5550000000,-14.6985054016
0.5560000000,-14.7628784180
0.5570000000,-14.4338607788
0.5580000000,-14.1191482544
0.5590000000,-12.5670433044
0.5600000000,-11.9233131409
0.5610000000,-11.6586685181
0.5620000000,-11.1722946167
0.5630000000,-10.8647346497
0.5640000000,-9.9778175354
0.5650000000,-9.1981887817
0.5660000000,-8.9907646179
0.5670000000,-8.3255767822
0.5680000000,-7.6103210449
0.5690000000,-7.0953369141
0.5700000000,-6.4873695374
0.5710000000,-5.4931640625
0.5720000000,-4.8136711121
0.5730000000,-4.1484832764
0.5740000000,-3.6048889160
0.5750000000,-3.1042098999
0.5760000000,-2.4819374084
0.5770000000,-1.8882751465
0.5780000000,-1.2373924255
0.5790000000,-0.6294250488
0.5800000000,-0.0357627869
0.5810000000,0.3290176392
0.5820000000,0.2789497375
0.5830000000,0.3075599670
0.5840000000,0.4434585571
0.5850000000,0.8225440979
0.5860000000,1.2016296387
0.5870000000,1.5592575073
0.5880000000,2.0813941956
0.5890000000,2.6321411133
0.5900000000,3.3402442932
0.5910000000,4.1627883911
0.5920000000,5.0711631775
0.5930000000,6.0153007507
0.5940000000,7.0095062256
0.5950000000,7.5745582581
0.5960000000,8.1324577332
0.5970000000,9.0551376343
0.5980000000,9.6487998962
0.5990000000,10.3926658630
0.6000000000,11.5013122559
0.6010000000,12.2308731079
0.6020000000,12.5741958618
0.6030000000,13.3609771729
0.6040000000,14.1835212708
0.6050000000,15.6569480896
0.6060000000,15.5282020569
0.6070000000,15.9859657288
0.6080000000,16.6726112366
0.6090000000,17.3020362854
0.6100000000,17.9386138916
0.6110000000,18.7754631042
0.6120000000,20.2488899231
0.6130000000,19.7696685791
0.6140000000,19.7768211365
0.6150000000,20.8353996277
0.6160000000,21.2502479553
0.6170000000,22.8381156921
0.6180000000,23.0169296265
0.6190000000,22.3517417908
0.6200000000,23.5033035278
0.6210000000,23.4961509705
0.6220000000,24.7693061829
0.6230000000,24.9266624451
0.6240000000,24.5332717896
0.6250000000,25.6633758545
0.6260000000,25.4559516907
0.6270000000,27.0938873291
0.6280000000,26.2069702148
0.6290000000,26.6218185425
0.6300000000,26.8006324768
0.6310000000,27.9235839844
0.6320000000,28.3384323120
0.6330000000,27.2440910339
0.6340000000,27.6160240173
0.6350000000,28.5100936890
0.6360000000,29.7689437866
0.6370000000,28.2168388367
0.6380000000,28.7175178528
0.6390000000,29.1967391968
0.6400000000,29.9119949341
0.6410000000,29.0322303772
0.6420000000,29.6545028687
0.6430000000,29.6831130981
0.6440000000,30.3411483765
0.6450000000,29.3612480164
0.6460000000,29.7975540161
0.6470000000,30.3339958191
0.6480000000,30.7703018188
0.6490000000,29.3684005737
0.6500000000,29.5400619507
0.6510000000,30.5557250977
0.6520000000,30.3483009338
0.6530000000,29.2754173279
0.6540000000,29.3684005737
0.6550000000,30.0693511963
0.6560000000,29.7760963440
0.6570000000,29.0966033936
0.6580000000,28.7675857544
0.6590000000,29.3755531311
0.6600000000,29.0393829346
0.6610000000,28.1167030334
0.6620000000,27.8520584106
0.6630000000,28.5458564758
0.6640000000,28.3956527710
0.6650000000,26.7648696899
0.6660000000,26.7505645752
0.6670000000,27.0366668701
0.6680000000,27.7376174927
0.6690000000,25.9137153625
0.6700000000,25.7921218872
0.6710000000,25.5703926086
0.6720000000,25.6204605103
0.6730000000,25.4344940186
0.6740000000,23.8966941833
0.6750000000,23.7178802490
0.6760000000,23.5319137573
0.6770000000,23.5033035278
0.6780000000,22.9167938232
0.6790000000,21.2430953979
0.6800000000,21.0714340210
0.6810000000,20.6422805786
0.6820000000,20.2989578247
0.6830000000,20.0200080872
0.6840000000,18.6610221863
0.6850000000,17.8313255310
0.6860000000,17.7025794983
0.6870000000,16.8371200562
0.6880000000,15.9573554993
0.6890000000,16.3578987122
0.6900000000,15.0847434998
0.6910000000,14.1692161560
0.6920000000,13.0105018616
0.6930000000,12.8746032715
0.6940000000,12.1593475342
0.6950000000,11.1937522888
0.6960000000,10.7073783875
0.6970000000,9.7703933716
0.6980000000,9.2411041260
0.6990000000,8.6545944214
0.7000000000,7.5531005859
0.7010000000,6.6161155701
0.7020000000,5.9580802917
0.7030000000,5.1784515381
0.7040000000,4.1913986206
0.7050000000,3.3760070801
0.7060000000,2.7179718018
0.7070000000,1.9598007202
0.7080000000,1.1730194092
0.7090000000,0.5221366882
0.7100000000,-0.1716613770
0.7110000000,-0.5507469177
0.7120000000,-0.8654594421
0.7130000000,-1.2302398682
0.7140000000,-1.3875961304
0.7150000000,-1.6808509827
0.7160000000,-2.0742416382
0.7170000000,-2.6321411133
0.7180000000,-3.3187866211
0.7190000000,-4.2057037354
0.7200000000,-5.0997734070
0.7210000000,-6.0296058655
0.7220000000,-7.0810317993
0.7230000000,-8.2254409790
0.7240000000,-9.0837478638
0.7250000000,-9.6917152405
0.7260000000,-10.8504295349
0.7270000000,-11.8303298950
0.7280000000,-12.4740600586
0.7290000000,-13.3681297302
0.7300000000,-14.1263008118
0.7310000000,-15.8071517944
0.7320000000,-16.3435935974
0.7330000000,-16.8371200562
0.7340000000,-17.0803070068
0.7350000000,-18.0745124817
0.7360000000,-18.8612937927
0.7370000000,-19.5407867432
0.7380000000,-20.7996368408
0.7390000000,-21.7366218567
0.7400000000,-21.0714340210
0.7410000000,-22.0513343811
0.7420000000,-22.7165222168
0.7430000000,-23.5176086426
0.7440000000,-24.7406959534
0.7450000000,-23.8680839539
0.7460000000,-24.3043899536
0.7470000000,-24.9052047729
0.7480000000,-26.4072418213
0.7490000000,-26.6361236572
0.7500000000,-26.2784957886
0.7510000000,-26.4501571655
0.7520000000,-27.8234481812
0.7530000000,-28.5172462463
0.7540000000,-27.8520584106
0.7550000000,-28.0523300171
0.7560000000,-28.8748741150
0.7570000000,-29.8905372620
0.7580000000,-28.8248062134
0.7590000000,-29.3612480164
0.7600000000,-29.6688079834
0.7610000000,-30.7202339172
0.7620000000,-29.4899940491
0.7630000000,-29.5615196228
0.7640000000,-30.0407409668
0.7650000000,-31.2638282776
0.7660000000,-29.2754173279
0.7670000000,-29.6902656555
0.7680000000,-29.8619270325
0.7690000000,-30.9920310974
0.7700000000,-29.0679931641
0.7710000000,-29.8047065735
0.7720000000,-29.4971466064
0.7730000000,-30.2767753601
0.7740000000,-28.9249420166
0.7750000000,-29.0822982788
0.7760000000,-28.7032127380
0.7770000000,-29.6974182129
0.7780000000,-28.0380249023
0.7790000000,-27.9092788696
0.7800000000,-27.6660919189
0.7810000000,-28.7032127380
0.7820000000,-26.6146659851
0.7830000000,-26.3786315918
0.7840000000,-26.1139869690
0.7850000000,-26.8936157227
0.7860000000,-25.3272056580
0.7870000000,-24.3330001831
0.7880000000,-24.5618820190
0.7890000000,-23.9109992981
0.7900000000,-23.9038467407
0.7910000000,-22.3946571350
0.7920000000,-21.7580795288
0.7930000000,-21.6794013977
0.7940000000,-20.4706192017
0.7950000000,-20.3704833984
0.7960000000,-20.2417373657
0.7970000000,-18.5036659241
0.7980000000,-17.7025794983
0.7990000000,-17.2948837280
0.8000000000,-16.0717964172
0.8010000000,-16.1933898926
0.8020000000,-15.5925750732
0.8030000000,-14.7843360901
0.8040000000,-13.0033493042
0.8050000000,-12.3667716980
0.8060000000,-11.4083290100
0.8070000000,-10.9505653381
0.8080000000,-9.9992752075
0.8090000000,-8.9621543884
0.8100000000,-8.2898139954
0.8110000000,-7.6746940613
0.8120000000,-6.7377090454
0.8130000000,-5.9080123901
0.8140000000,-5.1069259644
0.8150000000,-4.0340423584
0.8160000000,-2.9468536377
0.8170000000,-1.8596649170
0.8180000000,-0.9655952454
0.8190000000,-0.0286102295
0.8200000000,0.4434585571
0.8210000000,0.7653236389
0.8220000000,1.0085105896
0.8230000000,1.4019012451
0.8240000000,1.9168853760
0.8250000000,2.6106834412
0.8260000000,3.3688545227
0.8270000000,4.2700767517
0.8280000000,5.1426887512
0.8290000000,6.2370300293
0.8300000000,7.4028968811
0.8310000000,8.3112716675
0.8320000000,9.1838836670
0.8330000000,10.5500221252
0.8340000000,11.7087364197
0.8350000000,12.0949745178
0.8360000000,13.2536888123
0.8370000000,14.1978263855
0.8380000000,16.0646438599
0.8390000000,16.2434577942
0.8400000000,16.8442726135
0.8410000000,17.6239013672
0.8420000000,18.6824798584
0.8430000000,19.3262100220
0.8440000000,20.5135345459
0.8450000000,21.5935707092
0.8460000000,21.5435028076
0.8470000000,22.4447250366
0.8480000000,23.1027603149
0.8490000000,23.7107276917
0.8500000000,25.1126289368
0.8510000000,24.6906280518
0.8520000000,25.4130363464
0.8530000000,25.7277488708
0.8540000000,27.2154808044
0.8550000000,27.6017189026
0.8560000000,26.6933441162
0.8570000000,27.3084640503
0.8580000000,28.3241271973
0.8590000000,29.5615196228
0.8600000000,28.2740592957
0.8610000000,28.8462638855
0.8620000000,29.3326377869
0.8630000000,30.1551818848
0.8640000000,29.1967391968
0.8650000000,29.8905372620
0.8660000000,30.1337242126
0.8670000000,30.5843353271
0.8680000000,29.5901298523
0.8690000000,30.0264358521
0.8700000000,30.5271148682
0.8710000000,30.6487083435
0.8720000000,29.2253494263
0.8730000000,29.3326377869
0.8740000000,30.2767753601
0.8750000000,29.9692153931
0.8760000000,28.6388397217
0.8770000000,28.5959243774
0.8780000000,28.8891792297
0.8790000000,29.1323661804
0.8800000000,27.7304649353
0.8810000000,27.0152091980
0.8820000000,26.9865989685
0.8830000000,27.7948379517
0.8840000000,26.2784957886
0.8850000000,25.4559516907
0.8860000000,24.9981880188
0.8870000000,26.1855125427
0.8880000000,24.4760513306
0.8890000000,23.2172012329
0.8900000000,22.9096412659
0.8910000000,22.5520133972
0.8920000000,23.1671333313
0.8930000000,21.4004516602
0.8940000000,19.7553634644
0.8950000000,19.8340415955
0.8960000000,18.7253952026
0.8970000000,17.9886817932
0.8980000000,17.9958343506
0.8990000000,16.4508819580
0.9000000000,15.2778625488
0.9010000000,14.2049789429
0.9020000000,13.7042999268
0.9030000000,12.4025344849
0.9040000000,11.6944313049
0.9050000000,10.5071067810
0.9060000000,9.8776817322
0.9070000000,9.1123580933
0.9080000000,7.7605247498
0.9090000000,6.4873695374
0.9100000000,5.5718421936
0.9110000000,4.6062469482
0.9120000000,3.5405158997
0.9130000000,2.4390220642
0.9140000000,1.5377998352
0.9150000000,0.5006790161
0.9160000000,-0.3218650818
0.9170000000,-0.9226799011
0.9180000000,-1.4519691467
0.9190000000,-1.7309188843
0.9200000000,-2.1672248840
0.9210000000,-2.7394294739
0.9220000000,-3.3330917358
0.9230000000,-4.2200088501
0.9240000000,-5.2857398987
0.9250000000,-6.6018104553
0.9260000000,-8.1253051758
0.9270000000,-9.2124938965
0.9280000000,-9.9349021912
0.9290000000,-11.1937522888
0.9300000000,-12.4812126160
0.9310000000,-13.7615203857
0.9320000000,-14.8487091064
0.9330000000,-15.4638290405
0.9340000000,-16.9587135315
0.9350000000,-18.3248519897
0.9360000000,-18.2318687439
0.9370000000,-19.1330909729
0.9380000000,-20.4205513000
0.9390000000,-20.9999084473
0.9400000000,-22.4947929382
0.9410000000,-23.3817100525
0.9420000000,-23.4246253967
0.9430000000,-23.8037109375
0.9440000000,-24.6334075928
0.9450000000,-26.6003608704
0.9460000000,-26.7505645752
0.9470000000,-26.5359878540
0.9480000000,-26.8220901489
0.9490000000,-28.3813476563
0.9500000000,-29.4542312622
0.9510000000,-28.1524658203
0.9520000000,-29.1538238525
0.9530000000,-29.3540954590
0.9540000000,-30.4412841797
0.9550000000,-29.1609764099
0.9560000000,-29.8976898193
0.9570000000,-30.2267074585
0.9580000000,-30.8704376221
0.9590000000,-29.0608406067
0.9600000000,-29.9263000488
0.9610000000,-30.7416915894
0.9620000000,-30.9205055237
0.9630000000,-28.8748741150
0.9640000000,-29.6616554260
0.9650000000,-30.1623344421
0.9660000000,-29.9263000488
0.9670000000,-28.4814834595
0.9680000000,-28.7103652954
0.9690000000,-28.7246704102
0.9700000000,-28.6173820496
0.9710000000,-27.1081924438
0.9720000000,-27.5015830994
0.9730000000,-27.0080566406
0.9740000000,-27.3299217224
0.9750000000,-25.4058837891
0.9760000000,-24.8765945435
0.9770000000,-24.4045257568
0.9780000000,-24.7836112976
0.9790000000,-24.2614746094
0.9800000000,-22.1872329712
0.9810000000,-21.6150283813
0.9820000000,-20.8711624146
0.9830000000,-20.6780433655
0.9840000000,-20.4420089722
0.9850000000,-18.4535980225
0.9860000000,-17.6739692688
0.9870000000,-17.0159339905
0.9880000000,-16.0217285156
0.9890000000,-14.8773193359
0.9900000000,-14.2121315002
0.9910000000,-13.5111808777
0.9920000000,-12.2022628784
0.9930000000,-10.2496147156
0.9940000000,-9.4985961914
0.9950000000,-8.5616111755
0.9960000000,-7.3027610779
0.9970000000,-6.4802169800
0.9980000000,-5.2785873413
0.9990000000,-4.0268898010
1.0000000000,-2.8252601624
1.0010000000,-1.7166137695
1.0020000000,-0.6079673767
1.0030000000,0.2861022949
1.0040000000,0.8440017700
1.0050000000,1.3232231140
1.0060000000,1.7094612122
1.0070000000,2.3460388184
1.0080000000,3.2401084900
1.0090000000,4.1413307190
1.0100000000,5.2928924561
1.0110000000,6.2799453735
1.0120000000,7.4958801270
1.0130000000,8.8620185852
1.0140000000,9.7846984863
1.0150000000,11.3654136658
1.0160000000,13.1392478943
1.0170000000,13.6113166809
1.0180000000,14.6913528442
1.0190000000,15.4209136963
1.0200000000,17.0445442200
1.0210000000,17.5166130066
1.0220000000,18.5322761536
1.0230000000,20.8282470703
1.0240000000,21.0928916931
1.0250000000,21.3217735291
1.0260000000,22.4876403809
1.0270000000,23.1027603149
1.0280000000,25.0124931335
1.0290000000,25.2914428711
1.0300000000,24.8479843140
1.0310000000,26.1068344116
1.0320000000,26.8793106079
1.0330000000,28.4600257874
1.0340000000,27.2583961487
1.0350000000,28.3169746399
1.0360000000,28.3670425415
1.0370000000,29.9692153931
1.0380000000,29.2968750000
1.0390000000,29.6473503113
1.0400000000,29.2682647705
1.0410000000,31.0063362122
1.0420000000,29.9620628357
1.0430000000,30.0192832947
1.0440000000,29.9763679504
1.0450000000,31.2709808350
1.0460000000,29.2754173279
1.0470000000,29.7975540161
1.0480000000,29.8976898193
1.0490000000,30.5056571960
1.0500000000,28.4886360168
1.0510000000,28.8820266724
1.0520000000,28.2740592957
1.0530000000,28.9821624756
1.0540000000,27.2440910339
1.0550000000,27.1296501160
1.0560000000,26.0925292969
1.0570000000,26.9007682800
1.0580000000,25.4058837891
1.0590000000,24.4975090027
1.0600000000,23.6749649048
1.0610000000,23.3459472656
1.0620000000,23.8609313965
1.0630000000,21.8224525452
1.0640000000,20.4634666443
1.0650000000,19.9127197266
1.0660000000,19.1688537598
1.0670000000,18.7468528748
1.0680000000,18.1174278259
1.0690000000,16.2291526794
1.0700000000,14.6484375000
1.0710000000,14.1620635986
1.0720000000,13.1177902222
1.0730000000,11.8517875671
1.0740000000,10.7002258301
1.0750000000,9.6058845520
1.0760000000,8.8334083557
1.0770000000,7.6246261597
1.0780000000,6.0224533081
1.0790000000,4.5418739319
1.0800000000,3.3760070801
1.0810000000,2.2029876709
1.0820000000,1.0442733765
1.0830000000,-0.1144409180
1.0840000000,-1.0013580322
1.0850000000,-1.6164779663
1.0860000000,-2.1529197693
1.0870000000,-2.6535987854
1.0880000000,-3.1828880310
1.0890000000,-4.2057037354
1.0900000000,-5.4001808167
1.0910000000,-6.8449974060
1.0920000000,-7.9107284546
1.0930000000,-9.0622901917
1.0940000000,-10.7073783875
1.0950000000,-12.0520591736
1.0960000000,-13.7329101563
1.0970000000,-14.9559974670
1.0980000000,-16.0288810730
1.0990000000,-17.4808502197
1.1000000000,-18.8612937927
1.1010000000,-18.6824798584
1.1020000000,-19.8769569397
1.1030000000,-21.7509269714
1.1040000000,-22.6378440857
1.1050000000,-23.8966941833
1.1060000000,-24.6334075928
1.1070000000,-24.4903564453
1.1080000000,-25.8207321167
1.1090000000,-26.8507003784
1.1100000000,-28.4957885742
1.1110000000,-27.4157524109
1.1120000000,-28.1095504761
1.1130000000,-28.8534164429
1.1140000000,-30.4985046387
1.1150000000,-28.8748741150
1.1160000000,-29.7403335571
1.1170000000,-30.4555892944
1.1180000000,-31.0349464417
1.1190000000,-29.3040275574
1.1200000000,-30.2624702454
1.1210000000,-30.5199623108
1.1220000000,-31.0921669006
1.1230000000,-29.4184684753
1.1240000000,-29.6974182129
1.1250000000,-30.0407409668
1.1260000000,-30.4484367371
1.1270000000,-28.5029411316
1.1280000000,-28.5315513611
1.1290000000,-28.6030769348
1.1300000000,-28.8605690002
1.1310000000,-26.7076492310
1.1320000000,-26.9150733948
1.1330000000,-26.0782241821
1.1340000000,-26.2141227722
1.1350000000,-24.4259834290
1.1360000000,-23.7679481506
1.1370000000,-23.4389305115
1.1380000000,-22.5734710693
1.1390000000,-22.3517417908
1.1400000000,-20.8640098572
1.1410000000,-19.5980072021
1.1420000000,-18.9113616943
1.1430000000,-17.4736976624
1.1440000000,-17.0373916626
1.1450000000,-16.2076950073
1.1460000000,-15.0775909424
1.1470000000,-12.7100944519
1.1480000000,-11.7087364197
1.1490000000,-10.3211402893
1.1500000000,-9.4914436340
1.1510000000,-8.2397460938
1.1520000000,-6.8092346191
1.1530000000,-5.3572654724
1.1540000000,-4.1770935059
1.1550000000,-2.9683113098
1.1560000000,-1.6880035400
1.1570000000,-0.4434585571
1.1580000000,0.7224082947
1.1590000000,1.3303756714
1.1600000000,1.8167495728
1.1610000000,2.4104118347
1.1620000000,3.3116340637
1.1630000000,4.3272972107
1.1640000000,5.6934356689
1.1650000000,7.1167945862
1.1660000000,8.4972381592
1.1670000000,9.6130371094
1.1680000000,11.0435485840
1.1690000000,12.2809410095
1.1700000000,14.0690803528
1.1710000000,15.9072875977
1.1720000000,16.2792205811
1.1730000000,16.9086456299
1.1740000000,18.4178352356
1.1750000000,19.3834304810
1.1760000000,20.6851959229
1.1770000000,23.0598449707
1.1780000000,23.1599807739
1.1790000000,23.0884552002
1.1800000000,24.4545936584
1.1810000000,25.2985954285
1.1820000000,27.1582603455
1.1830000000,26.6289710999
1.1840000000,27.6589393616
1.1850000000,27.8878211975
1.1860000000,29.4041633606
1.1870000000,28.8105010986
1.1880000000,29.2682647705
1.1890000000,29.3898582458
1.1900000000,31.1493873596
1.1910000000,30.1194190979
1.1920000000,29.9406051636
1.1930000000,29.7403335571
1.1940000000,31.5713882446
1.1950000000,29.8762321472
1.1960000000,29.8833847046
1.1970000000,29.2968750000
1.1980000000,30.5700302124
1.1990000000,29.0608406067
1.2000000000,28.7246704102
1.2010000000,27.8663635254
1.2020000000,28.7246704102
1.2030000000,27.1582603455
1.2040000000,26.3571739197
1.2050000000,25.3844261169
1.2060000000,25.9494781494
1.2070000000,24.8479843140
1.2080000000,22.8667259216
1.2090000000,22.4876403809
1.2100000000,21.4934349060
1.2110000000,21.4004516602
1.2120000000,20.6136703491
1.2130000000,18.5179710388
1.2140000000,17.3377990723
1.2150000000,16.7798995972
1.2160000000,15.2492523193
1.2170000000,14.1692161560
1.2180000000,13.4110450745
1.2190000000,12.3882293701
1.2200000000,10.2782249451
1.2210000000,9.0909004211
1.2220000000,7.5459480286
1.2230000000,6.2084197998
1.2240000000,4.9638748169
1.2250000000,3.5905838013
1.2260000000,2.2530555725
1.2270000000,0.8726119995
1.2280000000,-0.4577636719
1.2290000000,-1.4734268188
1.2300000000,-2.1386146545
1.2310000000,-2.6535987854
1.2320000000,-3.3402442932
1.2330000000,-4.1556358337
1.2340000000,-5.4788589478
1.2350000000,-7.1310997009
1.2360000000,-8.7904930115
1.2370000000,-10.2424621582
1.2380000000,-12.1092796326
1.2390000000,-13.0677223206
1.2400000000,-14.1620635986
1.2410000000,-15.7070159912
1.2420000000,-17.5738334656
1.2430000000,-18.4392929077
1.2440000000,-20.1201438904
1.2450000000,-21.7723846436
1.2460000000,-21.8439102173
1.2470000000,-22.6306915283
1.2480000000,-24.1684913635
1.2490000000,-25.5703926086
1.2500000000,-27.2941589355
1.2510000000,-26.1640548706
1.2520000000,-27.0438194275
1.2530000000,-28.3813476563
1.2540000000,-30.1265716553
1.2550000000,-28.5458564758
1.2560000000,-29.2611122131
1.2570000000,-30.2624702454
1.2580000000,-31.0206413269
1.2590000000,-29.8905372620
1.2600000000,-30.2982330322
1.2610000000,-30.4555892944
1.2620000000,-31.3997268677
1.2630000000,-29.6616554260
1.2640000000,-29.8333168030
1.2650000000,-29.9620628357
1.2660000000,-30.8346748352
1.2670000000,-28.5673141479
1.2680000000,-28.5100936890
1.2690000000,-28.2812118530
1.2700000000,-28.7747383118
1.2710000000,-26.4430046082
1.2720000000,-26.3357162476
1.2730000000,-25.5203247070
1.2740000000,-25.3343582153
1.2750000000,-24.1541862488
1.2760000000,-22.6521492004
1.2770000000,-22.2873687744
1.2780000000,-20.9999084473
1.2790000000,-20.4706192017
1.2800000000,-19.5407867432
1.2810000000,-17.0731544495
1.2820000000,-15.9430503845
1.2830000000,-14.9130821228
1.2840000000,-13.8688087463
1.2850000000,-12.3238563538
1.2860000000,-11.4727020264
1.2870000000,-9.7131729126
1.2880000000,-8.5115432739
1.2890000000,-7.0095062256
1.2900000000,-5.1212310791
1.2910000000,-3.5977363586
1.2920000000,-2.1815299988
1.2930000000,-0.8296966553
1.2940000000,0.3862380981
1.2950000000,1.2159347534
1.2960000000,1.9383430481
1.2970000000,2.7108192444
1.2980000000,3.5905838013
1.2990000000,4.9281120300
1.3000000000,6.3872337341
1.3010000000,7.6246261597
1.3020000000,8.8620185852
1.3030000000,10.6143951416
1.3040000000,11.6300582886
1.3050000000,13.4325027466
1.3060000000,15.1348114014
1.3070000000,16.4008140564
1.3080000000,17.7097320557
1.3090000000,19.9556350708
1.3100000000,20.2918052673
1.3110000000,20.6136703491
1.3120000000,22.5663185120
1.3130000000,23.4389305115
1.3140000000,25.0124931335
1.3150000000,25.9780883789
1.3160000000,25.9780883789
1.3170000000,26.9722938538
1.3180000000,27.4872779846
1.3190000000,29.3397903442
1.3200000000,28.7532806396
1.3210000000,29.0536880493
1.3220000000,29.8690795898
1.3230000000,30.9991836548
1.3240000000,29.5758247375
1.3250000000,30.1837921143
1.3260000000,30.8418273926
1.3270000000,31.1493873596
1.3280000000,29.3827056885
1.3290000000,30.2195549011
1.3300000000,29.9263000488
1.3310000000,30.0478935242
1.3320000000,28.6173820496
1.3330000000,28.1739234924
1.3340000000,27.7662277222
1.3350000000,27.8592109680
1.3360000000,26.0066986084
1.3370000000,25.3272056580
1.3380000000,24.4903564453
1.3390000000,25.0697135925
1.3400000000,22.9239463806
1.3410000000,21.1644172668
1.3420000000,20.6422805786
1.3430000000,19.4406509399
1.3440000000,18.8040733337
1.3450000000,18.2819366455
1.3460000000,15.9931182861
1.3470000000,14.1835212708
1.3480000000,13.1964683533
1.3490000000,12.1808052063
1.3500000000,10.3211402893
1.3510000000,9.1409683228
1.3520000000,7.5244903564
1.3530000000,6.0439109802
1.3540000000,4.6706199646
1.3550000000,3.1614303589
1.3560000000,1.5592575073
1.3570000000,-0.0715255737
1.3580000000,-1.2874603271
1.3590000000,-2.2172927856
1.3600000000,-2.9182434082
1.3610000000,-3.4904479980
1.3620000000,-4.5132637024
1.3630000000,-5.9008598328
1.3640000000,-7.6889991760
1.3650000000,-9.2768669128
1.3660000000,-11.0507011414
1.3670000000,-12.8960609436
1.3680000000,-14.0619277954
1.3690000000,-16.0002708435
1.3700000000,-17.6024436951
1.3710000000,-19.0258026123
1.3720000000,-19.5336341858
1.3730000000,-21.1358070374
1.3740000000,-22.5877761841
1.3750000000,-24.0826606750
1.3760000000,-25.7563591003
1.3770000000,-25.0554084778
1.3780000000,-26.2498855591
1.3790000000,-27.6517868042
1.3800000000,-29.6258926392
1.3810000000,-28.4671783447
1.3820000000,-28.6674499512
1.3830000000,-29.8690795898
1.3840000000,-31.2495231628
1.3850000000,-29.9978256226
1.3860000000,-30.3268432617
1.3870000000,-30.4698944092
1.3880000000,-31.4497947693
1.3890000000,-29.9692153931
1.3900000000,-30.2410125732
1.3910000000,-30.0049781799
1.3920000000,-30.5771827698
1.3930000000,-28.6889076233
1.3940000000,-28.4814834595
1.3950000000,-28.0809402466
1.3960000000,-28.6746025085
1.3970000000,-26.4501571655
1.3980000000,-25.6848335266
1.3990000000,-24.8551368713
1.4000000000,-24.7478485107
1.4010000000,-23.7894058228
1.4020000000,-21.6007232666
1.4030000000,-20.6780433655
1.4040000000,-19.0615653992
1.4050000000,-18.1317329407
1.4060000000,-17.0946121216
1.4070000000,-15.6998634338
1.4080000000,-13.3752822876
1.4090000000,-12.2737884521
1.4100000000,-10.7431411743
1.4110000000,-9.5558166504
1.4120000000,-7.7891349792
1.4130000000,-6.1011314392
1.4140000000,-4.5061111450
1.4150000000,-2.9969215393
1.4160000000,-1.5306472778
1.4170000000,0.0286102295
1.4180000000,1.1229515076
1.4190000000,1.9812583923
1.4200000000,2.8467178345
1.4210000000,3.7193298340
1.4220000000,5.2356719971
1.4230000000,6.7305564880
1.4240000000,8.4042549133
1.4250000000,9.7417831421
1.4260000000,11.3511085510
1.4270000000,12.8674507141
1.4280000000,14.7914886475
1.4290000000,16.9157981873
1.4300000000,17.6954269409
1.4310000000,18.5537338257
1.4320000000,20.4849243164
1.4330000000,21.2502479553
1.4340000000,22.7952003479
1.4350000000,24.7120857239
1.4360000000,24.7907638550
1.4370000000,25.9494781494
1.4380000000,26.5002250671
1.4390000000,28.8462638855
1.4400000000,28.0952453613
1.4410000000,28.5100936890
1.4420000000,29.3040275574
1.4430000000,30.9991836548
1.4440000000,29.8833847046
1.4450000000,30.1337242126
1.4460000000,30.1265716553
1.4470000000,31.3639640808
1.4480000000,30.1623344421
1.4490000000,30.2410125732
1.4500000000,29.3612480164
1.4510000000,30.5414199829
1.4520000000,28.8677215576
1.4530000000,28.3741950989
1.4540000000,27.3656845093
1.4550000000,28.3026695251
1.4560000000,26.1640548706
1.4570000000,24.8622894287
1.4580000000,23.9682197571
1.4590000000,23.4532356262
1.4600000000,23.1742858887
1.4610000000,20.8783149719
1.4620000000,19.3619728088
1.4630000000,18.3892250061
1.4640000000,17.1017646790
1.4650000000,15.8858299255
1.4660000000,15.2635574341
1.4670000000,12.8674507141
1.4680000000,11.3582611084
1.4690000000,9.4914436340
1.4700000000,8.0895423889
1.4710000000,6.6304206848
1.4720000000,5.0497055054
1.4730000000,3.2973289490
1.4740000000,1.5306472778
1.4750000000,-0.1358985901
1.4760000000,-1.4734268188
1.4770000000,-2.5033950806
1.4780000000,-3.2544136047
1.4790000000,-4.1127204895
1.4800000000,-5.3358078003
1.4810000000,-6.7520141602
1.4820000000,-8.5473060608
1.4830000000,-10.7431411743
1.4840000000,-12.3596191406
1.4850000000,-14.6842002869
1.4860000000,-15.4995918274
1.4870000000,-16.8299674988
1.4880000000,-18.6681747437
1.4890000000,-20.4348564148
1.4900000000,-21.7580795288
1.4910000000,-23.6821174622
1.4920000000,-24.0540504456
1.4930000000,-24.7406959534
1.4940000000,-26.1068344116
1.4950000000,-27.6947021484
1.4960000000,-29.1180610657
1.4970000000,-28.0165672302
1.4980000000,-29.0679931641
1.4990000000,-30.0407409668
1.5000000000,-31.0921669006
1.5010000000,-29.6974182129
1.5020000000,-30.5914878845
1.5030000000,-30.9205055237
1.5040000000,-31.0850143433
1.5050000000,-30.0478935242
1.5060000000,-30.1194190979
1.5070000000,-30.4770469666
1.5080000000,-29.7689437866
1.5090000000,-28.4171104431
1.5100000000,-27.9450416565
1.5110000000,-28.3670425415
1.5120000000,-27.4801254272
1.5130000000,-25.3200531006
1.5140000000,-24.9409675598
1.5150000000,-23.9682197571
1.5160000000,-23.6034393311
1.5170000000,-20.9784507751
1.5180000000,-19.4334983826
1.5190000000,-18.5751914978
1.5200000000,-16.8728828430
1.5210000000,-15.6211853027
1.5220000000,-14.0047073364
1.5230000000,-12.7315521240
1.5240000000,-10.4427337646
1.5250000000,-8.3756446838
1.5260000000,-7.0524215698
1.5270000000,-5.5932998657
1.5280000000,-3.8051605225
1.5290000000,-2.1529197693
1.5300000000,-0.4577636719
1.5310000000,0.9012222290
1.5320000000,1.8310546875
1.5330000000,2.7036666870
1.5340000000,3.7765502930
1.5350000000,5.1856040955
1.5360000000,6.6089630127
1.5370000000,8.2826614380
1.5380000000,10.5357170105
1.5390000000,12.5241279602
1.5400000000,13.5898590088
1.5410000000,15.1348114014
1.5420000000,16.6654586792
1.5430000000,18.5680389404
1.5440000000,19.6766853333
1.5450000000,21.4791297913
1.5460000000,23.3602523804
1.5470000000,23.6821174622
1.5480000000,25.0482559204
1.5490000000,25.6633758545
1.5500000000,27.9808044434
1.5510000000,27.9593467712
1.5520000000,27.9879570007
1.5530000000,29.1180610657
1.5540000000,30.5414199829
1.5550000000,30.2982330322
1.5560000000,29.8261642456
1.5570000000,30.3983688354
1.5580000000,31.2423706055
1.5590000000,30.4412841797
1.5600000000,30.3411483765
1.5610000000,29.3755531311
1.5620000000,30.5557250977
1.5630000000,28.9607048035
1.5640000000,28.3312797546
1.5650000000,27.1797180176
1.5660000000,27.8234481812
1.5670000000,26.1282920837
1.5680000000,24.2543220520
1.5690000000,23.3817100525
1.5700000000,22.4518775940
1.5710000000,22.5663185120
1.5720000000,20.1201438904
1.5730000000,17.9886817932
1.5740000000,17.1804428101
1.5750000000,15.4638290405
1.5760000000,14.1048431396
1.5770000000,12.5098228455
1.5780000000,11.4941596985
1.5790000000,9.4628334045
1.5800000000,7.1811676025
1.5810000000,5.4931640625
1.5820000000,3.7693977356
1.5830000000,2.0098686218
1.5840000000,0.2431869507
1.5850000000,-1.2946128845
1.5860000000,-2.4819374084
1.5870000000,-3.4332275391
1.5880000000,-4.2772293091
1.5890000000,-5.5861473083
1.5900000000,-7.6103210449
1.5910000000,-9.6559524536
1.5920000000,-11.0721588135
1.5930000000,-12.5312805176
1.5940000000,-14.6627426147
1.5950000000,-16.7870521545
1.5960000000,-18.3463096619
1.5970000000,-19.9842453003
1.5980000000,-22.0155715942
1.5990000000,-22.5663185120
1.6000000000,-23.5390663147
1.6010000000,-25.4774093628
1.6020000000,-26.4787673950
1.6030000000,-28.2955169678
1.6040000000,-27.6160240173
1.6050000000,-28.6102294922
1.6060000000,-29.5114517212
1.6070000000,-31.1923027039
1.6080000000,-29.7403335571
1.6090000000,-30.1837921143
1.6100000000,-30.6844711304
1.6110000000,-31.6500663757
1.6120000000,-29.8833847046
1.6130000000,-30.4412841797
1.6140000000,-30.1051139832
1.6150000000,-30.1408767700
1.6160000000,-28.3312797546
1.6170000000,-28.3813476563
1.6180000000,-27.5874137878
1.6190000000,-27.7376174927
1.6200000000,-25.3486633301
1.6210000000,-24.3902206421
1.6220000000,-22.8023529053
1.6230000000,-22.4089622498
1.6240000000,-21.4719772339
1.6250000000,-18.5465812683
1.6260000000,-16.9301033020
1.6270000000,-15.7785415649
1.6280000000,-13.6756896973
1.6290000000,-12.3381614685
1.6300000000,-10.8432769775
1.6310000000,-8.9550018311
1.6320000000,-7.1954727173
1.6330000000,-4.8851966858
1.6340000000,-2.9468536377
1.6350000000,-1.1086463928
1.6360000000,0.5006790161
1.6370000000,1.4877319336
1.6380000000,2.5320053101
1.6390000000,3.6764144897
1.6400000000,5.0926208496
1.6410000000,6.6304206848
1.6420000000,8.1396102905
1.6430000000,10.2210044861
1.6440000000,11.7945671082
1.6450000000,13.6184692383
1.6460000000,15.8286094666
1.6470000000,17.0016288757
1.6480000000,18.6467170715
1.6490000000,21.4219093323
1.6500000000,22.1300125122
1.6510000000,22.8953361511
1.6520000000,24.3258476257
1.6530000000,25.5703926086
1.6540000000,27.9879570007
1.6550000000,27.2870063782
1.6560000000,28.1953811646
1.6570000000,28.9893150330
1.6580000000,30.9276580811
1.6590000000,29.6974182129
1.6600000000,30.2982330322
1.6610000000,30.2195549011
1.6620000000,31.5856933594
1.6630000000,30.2696228027
1.6640000000,30.3125381470
1.6650000000,29.4113159180
1.6660000000,30.4698944092
1.6670000000,28.6531448364
1.6680000000,27.9164314270
1.6690000000,26.8435478210
1.6700000000,27.5230407715
1.6710000000,25.1269340515
1.6720000000,23.4889984131
1.6730000000,22.3231315613
1.6740000000,21.3360786438
1.6750000000,21.1787223816
1.6760000000,18.5537338257
1.6770000000,16.1933898926
1.6780000000,15.1634216309
1.6790000000,13.6113166809
1.6800000000,11.7731094360
1.6810000000,9.9349021912
1.6820000000,8.1110000610
1.6830000000,6.5875053406
1.6840000000,4.7564506531
1.6850000000,2.6035308838
1.6860000000,0.5936622620
1.6870000000,-1.1515617371
1.6880000000,-2.6106834412
1.6890000000,-3.5405158997
1.6900000000,-4.5418739319
1.6910000000,-5.8007240295
1.6920000000,-7.5101852417
1.6930000000,-9.7846984863
1.6940000000,-11.5513801575
1.6950000000,-14.0619277954
1.6960000000,-15.8286094666
1.6970000000,-17.6453590393
1.6980000000,-19.5622444153
1.6990000000,-20.9498405457
1.7000000000,-21.4934349060
1.7010000000,-23.7107276917
1.7020000000,-25.1197814941
1.7030000000,-26.7291069031
1.7040000000,-27.5731086731
1.7050000000,-27.5015830994
1.7060000000,-28.6746025085
1.7070000000,-30.0979614258
1.7080000000,-30.6630134583
1.7090000000,-29.7117233276
1.7100000000,-30.2696228027
1.7110000000,-31.5356254578
1.7120000000,-30.7917594910
1.7130000000,-30.3339958191
1.7140000000,-30.1051139832
1.7150000000,-30.5485725403
1.7160000000,-28.9607048035
1.7170000000,-28.4814834595
1.7180000000,-27.7233123779
1.7190000000,-27.3585319519
1.7200000000,-26.3643264771
1.7210000000,-24.2257118225
1.7220000000,-23.3101844788
1.7230000000,-21.5792655945
1.7240000000,-20.9140777588
1.7250000000,-19.3190574646
1.7260000000,-16.5867805481
1.7270000000,-14.7914886475
1.7280000000,-13.4110450745
1.7290000000,-11.3797187805
1.7300000000,-9.2697143555
1.7310000000,-7.7462196350
1.7320000000,-5.9294700623
1.7330000000,-3.7407875061
1.7340000000,-1.7094612122
1.7350000000,0.2431869507
1.7360000000,1.4805793762
1.7370000000,2.6035308838
1.7380000000,3.7765502930
1.7390000000,5.2714347839
1.7400000000,6.8235397339
1.7410000000,8.4257125854
1.7420000000,10.7359886169
1.7430000000,12.9389762878
1.7440000000,14.2836570740
1.7450000000,16.2076950073
1.7460000000,18.5465812683
1.7470000000,20.3418731689
1.7480000000,21.2717056274
1.7490000000,22.8595733643
1.7500000000,24.0039825439
1.7510000000,25.5560874939
1.7520000000,27.2583961487
1.7530000000,27.2226333618
1.7540000000,28.4600257874
1.7550000000,29.3970108032
1.7560000000,30.8418273926
1.7570000000,29.5257568359
1.7580000000,30.4698944092
1.7590000000,30.7989120483
1.7600000000,31.7215919495
1.7610000000,29.9048423767
1.7620000000,29.9763679504
1.7630000000,29.8547744751
1.7640000000,29.8261642456
1.7650000000,28.1310081482
1.7660000000,27.3156166077
1.7670000000,26.4573097229
1.7680000000,25.9566307068
1.7690000000,23.5962867737
1.7700000000,22.9310989380
1.7710000000,21.1071968079
1.7720000000,19.7696685791
1.7730000000,19.1545486450
1.7740000000,16.2291526794
1.7750000000,14.1406059265
1.7760000000,12.5741958618
1.7770000000,11.2223625183
1.7780000000,9.1052055359
1.7790000000,7.0381164551
1.7800000000,5.1569938660
1.7810000000,3.0899047852
1.7820000000,1.1587142944
1.7830000000,-0.7510185242
1.7840000000,-2.3174285889
1.7850000000,-3.5548210144
1.7860000000,-4.5633316040
1.7870000000,-6.0725212097
1.7880000000,-8.1181526184
1.7890000000,-10.4141235352
1.7900000000,-12.1307373047
1.7910000000,-14.1906738281
1.7920000000,-16.5438652039
1.7930000000,-19.0830230713
1.7940000000,-19.4048881531
1.7950000000,-20.7996368408
1.7960000000,-23.1242179871
1.7970000000,-24.4116783142
1.7980000000,-26.8650054932
1.7990000000,-26.4930725098
1.8000000000,-27.6231765747
1.8010000000,-28.6960601807
1.8020000000,-30.1694869995
1.8030000000,-29.8261642456
1.8040000000,-30.1766395569
1.8050000000,-30.5700302124
1.8060000000,-31.6214561462
1.8070000000,-30.4412841797
1.8080000000,-30.1480293274
1.8090000000,-30.0264358521
1.8100000000,-30.8632850647
1.8110000000,-28.6388397217
1.8120000000,-28.1023979187
1.8130000000,-27.4443626404
1.8140000000,-27.5516510010
1.8150000000,-24.8265266418
1.8160000000,-23.5247612000
1.8170000000,-22.4947929382
1.8180000000,-20.9498405457
1.8190000000,-19.4549560547
1.8200000000,-17.4307823181
1.8210000000,-14.8558616638
1.8220000000,-13.2822990417
1.8230000000,-11.4297866821
1.8240000000,-9.5486640930
1.8250000000,-7.3671340942
1.8260000000,-5.1426887512
1.8270000000,-3.0541419983
1.8280000000,-1.0585784912
1.8290000000,0.7438659668
1.8300000000,1.9884109497
1.8310000000,3.2329559326
1.8320000000,4.6205520630
1.8330000000,6.4158439636
1.8340000000,8.3827972412
1.8350000000,10.2782249451
1.8360000000,11.9519233704
1.8370000000,14.2979621887
1.8380000000,16.3006782532
1.8390000000,18.5966491699
1.8400000000,19.7124481201
1.8410000000,21.0499763489
1.8420000000,23.1456756592
1.8430000000,24.3330001831
1.8440000000,26.6146659851
1.8450000000,26.6718864441
1.8460000000,27.7233123779
1.8470000000,28.6030769348
1.8480000000,30.5700302124
1.8490000000,30.2195549011
1.8500000000,29.9477577209
1.8510000000,30.1766395569
1.8520000000,31.9147109985
1.8530000000,30.3983688354
1.8540000000,30.1051139832
1.8550000000,29.4184684753
1.8560000000,30.3983688354
1.8570000000,28.4743309021
1.8580000000,27.7519226074
1.8590000000,26.1139869690
1.8600000000,26.3071060181
1.8610000000,24.3473052979
1.8620000000,22.2873687744
1.8630000000,20.9355354309
1.8640000000,19.3691253662
1.8650000000,18.2461738586
1.8660000000,16.8085098267
1.8670000000,14.0404701233
1.8680000000,11.8875503540
1.8690000000,9.8705291748
1.8700000000,8.0680847168
1.8710000000,6.1082839966
1.8720000000,4.0268898010
1.8730000000,1.8310546875
1.8740000000,-0.2431869507
1.8750000000,-2.0170211792
1.8760000000,-3.3187866211
1.8770000000,-4.5490264893
1.8780000000,-6.1297416687
1.8790000000,-7.9751014709
1.8800000000,-9.8919868469
1.8810000000,-12.5598907471
1.8820000000,-14.7414207458
1.8830000000,-17.3163414001
1.8840000000,-17.8956985474
1.8850000000,-19.6337699890
1.8860000000,-21.9297409058
1.8870000000,-23.4532356262
1.8880000000,-26.0424613953
1.8890000000,-25.8278846741
1.8900000000,-26.7720222473
1.8910000000,-28.5816192627
1.8920000000,-29.8762321472
1.8930000000,-29.7904014587
1.8940000000,-29.6115875244
1.8950000000,-30.8203697205
1.8960000000,-31.5070152283
1.8970000000,-30.8847427368
1.8980000000,-30.1480293274
1.8990000000,-30.0121307373
1.9000000000,-30.8990478516
1.9010000000,-29.0322303772
1.9020000000,-27.9951095581
1.9030000000,-27.2583961487
1.9040000000,-27.1439552307
1.9050000000,-25.2914428711
1.9060000000,-23.2243537903
1.9070000000,-22.1371650696
1.9080000000,-19.8483467102
1.9090000000,-18.5608863831
1.9100000000,-17.1375274658
1.9110000000,-14.2192840576
1.9120000000,-12.2594833374
1.9130000000,-10.0851058960
1.9140000000,-8.0180168152
1.9150000000,-6.0153007507
1.9160000000,-3.6478042603
1.9170000000,-1.4233589172
1.9180000000,0.6437301636
1.9190000000,2.0527839661
1.9200000000,3.4332275391
1.9210000000,4.8923492432
1.9220000000,6.5732002258
1.9230000000,8.4042549133
1.9240000000,10.6358528137
1.9250000000,12.4526023865
1.9260000000,15.3851509094
1.9270000000,17.0946121216
1.9280000000,18.6967849731
1.9290000000,20.1988220215
1.9300000000,22.1085548401
1.9310000000,23.4031677246
1.9320000000,26.1068344116
1.9330000000,26.6504287720
1.9340000000,27.4157524109
1.9350000000,28.1882286072
1.9360000000,30.3125381470
1.9370000000,30.0693511963
1.9380000000,29.9191474915
1.9390000000,30.5700302124
1.9400000000,31.8717956543
1.9410000000,30.2767753601
1.9420000000,30.2481651306
1.9430000000,29.6258926392
1.9440000000,30.2195549011
1.9450000000,28.4957885742
1.9460000000,27.6160240173
1.9470000000,26.0138511658
1.9480000000,25.7849693298
1.9490000000,24.1899490356
1.9500000000,21.8510627747
1.9510000000,20.5922126770
1.9520000000,18.5108184814
1.9530000000,16.9873237610
1.9540000000,16.1075592041
1.9550000000,13.1464004517
1.9560000000,10.7574462891
1.9570000000,8.3184242249
1.9580000000,6.3228607178
1.9590000000,4.4417381287
1.9600000000,2.2101402283
1.9610000000,0.0214576721
1.9620000000,-1.7738342285
1.9630000000,-3.2544136047
1.9640000000,-4.5847892761
1.9650000000,-6.2870979309
1.9660000000,-8.5687637329
1.9670000000,-10.8504295349
1.9680000000,-13.2250785828
1.9690000000,-15.5782699585
1.9700000000,-16.4008140564
1.9710000000,-18.5108184814
1.9720000000,-21.0714340210
1.9730000000,-22.4232673645
1.9740000000,-24.9838829041
1.9750000000,-25.7205963135
1.9760000000,-26.3142585754
1.9770000000,-28.0666351318
1.9780000000,-29.0465354919
1.9790000000,-30.2052497864
1.9800000000,-29.5901298523
1.9810000000,-30.5843353271
1.9820000000,-31.1708450317
1.9830000000,-31.2638282776
1.9840000000,-30.2052497864
1.9850000000,-29.9620628357
1.9860000000,-30.7917594910
1.9870000000,-29.4327735901
1.9880000000,-27.9092788696
1.9890000000,-27.1868705750
1.9900000000,-26.9722938538
1.9910000000,-25.3129005432
1.9920000000,-22.5591659546
1.9930000000,-21.5721130371
1.9940000000,-19.4191932678
1.9950000000,-17.8813934326
1.9960000000,-16.0861015320
1.9970000000,-13.7186050415
1.9980000000,-10.8146667480
1.9990000000,-8.8620185852
2.0000000000,-6.6447257996
2.0010000000,-4.3845176697
2.0020000000,-2.0170211792
2.0030000000,0.1502037048
2.0040000000,1.8954277039
2.0050000000,3.2830238342
2.0060000000,4.8136711121
2.0070000000,6.6947937012
2.0080000000,8.5687637329
2.0090000000,10.6787681580
2.0100000000,13.5898590088
2.0110000000,15.1205062866
2.0120000000,16.9515609741
2.0130000000,18.7039375305
2.0140000000,21.2144851685
2.0150000000,22.5734710693
2.0160000000,24.9481201172
2.0170000000,25.8278846741
2.0180000000,26.5145301819
2.0190000000,27.9736518860
2.0200000000,29.2897224426
2.0210000000,30.8561325073
2.0220000000,29.6902656555
2.0230000000,30.2839279175
2.0240000000,31.4569473267
2.0250000000,31.2995910645
2.0260000000,30.0908088684
2.0270000000,29.7260284424
2.0280000000,30.2052497864
2.0290000000,28.5959243774
2.0300000000,27.4586677551
2.0310000000,26.4787673950
2.0320000000,25.3415107727
2.0330000000,24.1184234619
2.0340000000,21.5291976929
2.0350000000,20.3204154968
2.0360000000,18.2318687439
2.0370000000,16.4008140564
2.0380000000,14.7628784180
2.0390000000,13.0462646484
2.0400000000,10.0278854370
2.0410000000,7.6675415039
2.0420000000,5.3286552429
2.0430000000,3.0040740967
2.0440000000,0.7367134094
2.0450000000,-1.1730194092
2.0460000000,-2.8252601624
2.0470000000,-4.4417381287
2.0480000000,-6.1511993408
2.0490000000,-8.1896781921
2.0500000000,-10.7717514038
2.0510000000,-13.0534172058
2.0520000000,-14.4481658936
2.0530000000,-16.6368484497
2.0540000000,-18.9614295959
2.0550000000,-20.8568572998
2.0560000000,-23.1170654297
2.0570000000,-25.4273414612
2.0580000000,-25.2127647400
2.0590000000,-27.0295143127
2.0600000000,-28.1453132629
2.0610000000,-29.9906730652
2.0620000000,-29.4113159180
2.0630000000,-30.2982330322
2.0640000000,-30.6558609009
2.0650000000,-31.7430496216
2.0660000000,-30.3983688354
2.0670000000,-30.1837921143
2.0680000000,-30.0264358521
2.0690000000,-30.6558609009
2.0700000000,-28.5100936890
2.0710000000,-27.5230407715
2.0720000000,-26.2928009033
2.0730000000,-26.1569023132
2.0740000000,-23.2529640198
2.0750000000,-21.5077400208
2.0760000000,-19.9127197266
2.0770000000,-17.3735618591
2.0780000000,-15.9645080566
2.0790000000,-13.8473510742
2.0800000000,-11.1365318298
2.0810000000,-8.2683563232
2.0820000000,-6.0439109802
2.0830000000,-3.9339065552
2.0840000000,-1.4734268188
2.0850000000,0.7510185242
2.0860000000,2.4533271790
2.0870000000,3.8838386536
2.0880000000,5.5646896362
2.0890000000,7.6246261597
2.0900000000,10.1852416992
2.0910000000,12.4955177307
2.0920000000,14.2264366150
2.0930000000,16.2720680237
2.0940000000,18.3892250061
2.0950000000,20.3347206116
2.0960000000,22.0298767090
2.0970000000,24.9052047729
2.0980000000,25.7277488708
2.0990000000,26.5502929688
2.1000000000,27.6947021484
2.1010000000,29.7546386719
2.1020000000,30.2267074585
2.1030000000,29.6044349670
2.1040000000,30.7059288025
2.1050000000,31.8288803101
2.1060000000,30.6701660156
2.1070000000,30.1408767700
2.1080000000,29.7331809998
2.1090000000,30.1909446716
2.1100000000,28.4457206726
2.1110000000,27.2297859192
2.1120000000,25.6490707397
2.1130000000,24.8193740845
2.1140000000,23.5462188721
2.1150000000,20.8640098572
2.1160000000,19.2761421204
2.1170000000,16.9730186462
2.1180000000,15.1276588440
2.1190000000,13.1464004517
2.1200000000,11.4369392395
2.1210000000,8.7690353394
2.1220000000,5.9580802917
2.1230000000,3.5405158997
2.1240000000,1.2230873108
2.1250000000,-1.0156631470
2.1260000000,-2.8467178345
2.1270000000,-4.5847892761
2.1280000000,-6.5445899963
2.1290000000,-8.9836120605
2.1300000000,-11.0507011414
2.1310000000,-12.6671791077
2.1320000000,-15.0847434998
2.1330000000,-17.4808502197
2.1340000000,-19.6194648743
2.1350000000,-21.8725204468
2.1360000000,-24.4975090027
2.1370000000,-24.6262550354
2.1380000000,-25.7778167725
2.1390000000,-27.3942947388
2.1400000000,-29.5186042786
2.1410000000,-29.7760963440
2.1420000000,-29.8190116882
2.1430000000,-30.4985046387
2.1440000000,-31.5499305725
2.1450000000,-30.8203697205
2.1460000000,-30.4913520813
2.1470000000,-30.1837921143
2.1480000000,-30.5271148682
2.1490000000,-29.0679931641
2.1500000000,-27.6947021484
2.1510000000,-26.1855125427
2.1520000000,-25.9494781494
2.1530000000,-24.1541862488
2.1540000000,-21.2931632996
2.1550000000,-19.5479393005
2.1560000000,-17.2019004822
2.1570000000,-15.5925750732
2.1580000000,-13.3538246155
2.1590000000,-11.1079216003
2.1600000000,-8.0251693726
2.1610000000,-5.2642822266
2.1620000000,-2.7894973755
2.1630000000,-0.5435943604
2.1640000000,1.5020370483
2.1650000000,3.0899047852
2.1660000000,4.9924850464
2.1670000000,6.9737434387
2.1680000000,9.3626976013
2.1690000000,11.1508369446
2.1700000000,13.6327743530
2.1710000000,15.3779983521
2.1720000000,18.1460380554
2.1730000000,19.7911262512
2.1740000000,21.7437744141
2.1750000000,24.6763229370
2.1760000000,25.3772735596
2.1770000000,26.5789031982
2.1780000000,27.5444984436
2.1790000000,29.8976898193
2.1800000000,30.2124023438
2.1810000000,29.9191474915
2.1820000000,30.2553176880
2.1830000000,32.0363044739
2.1840000000,30.7059288025
2.1850000000,30.2410125732
2.1860000000,29.3326377869
2.1870000000,30.1051139832
2.1880000000,28.1667709351
2.1890000000,26.9722938538
2.1900000000,25.1340866089
2.1910000000,24.4188308716
2.1920000000,22.6664543152
2.1930000000,20.0128555298
2.1940000000,18.2962417603
2.1950000000,15.8286094666
2.1960000000,13.8044357300
2.1970000000,11.4583969116
2.1980000000,9.6416473389
2.1990000000,7.3456764221
2.2000000000,4.5418739319
2.2010000000,1.9097328186
2.2020000000,-0.6580352783
2.2030000000,-2.7966499329
2.2040000000,-4.7707557678
2.2050000000,-6.7520141602
2.2060000000,-8.5759162903
2.2070000000,-10.5071067810
2.2080000000,-13.0605697632
2.2090000000,-15.3565406799
2.2100000000,-18.2390213013
2.2110000000,-20.1272964478
2.2120000000,-22.8023529053
2.2130000000,-24.1041183472
2.2140000000,-24.4116783142
2.2150000000,-26.6432762146
2.2160000000,-28.3312797546
2.2170000000,-30.0979614258
2.2180000000,-29.1967391968
2.2190000000,-30.4341316223
2.2200000000,-30.7846069336
2.2210000000,-31.5856933594
2.2220000000,-30.2195549011
2.2230000000,-30.5485725403
2.2240000000,-30.2624702454
2.2250000000,-30.1265716553
2.2260000000,-27.6732444763
2.2270000000,-27.0867347717
2.2280000000,-25.9709358215
2.2290000000,-25.1698493958
2.2300000000,-21.5220451355
2.2310000000,-19.4764137268
2.2320000000,-17.9386138916
2.2330000000,-15.2850151062
2.2340000000,-13.4539604187
2.2350000000,-10.7717514038
2.2360000000,-8.4400177002
2.2370000000,-5.5718421936
2.2380000000,-2.6106834412
2.2390000000,-0.1287460327
2.2400000000,1.9955635071
2.2410000000,3.7407875061
2.2420000000,5.6648254395
2.2430000000,7.5602531433
2.2440000000,9.5343589783
2.2450000000,12.1879577637
2.2460000000,14.0762329102
2.2470000000,17.1804428101
2.2480000000,18.9828872681
2.2490000000,20.9140777588
2.2500000000,23.8752365112
2.2510000000,24.4617462158
2.2520000000,25.9280204773
2.2530000000,27.4515151978
2.2540000000,29.2110443115
2.2550000000,30.4627418518
2.2560000000,29.6616554260
2.2570000000,30.3840637207
2.2580000000,31.6500663757
2.2590000000,31.2066078186
2.2600000000,30.2195549011
2.2610000000,29.5042991638
2.2620000000,30.0049781799
2.2630000000,28.3885002136
2.2640000000,26.8793106079
2.2650000000,25.2199172974
2.2660000000,23.9038467407
2.2670000000,22.8166580200
2.2680000000,20.0271606445
2.2690000000,17.7168846130
2.2700000000,15.5925750732
2.2710000000,13.1392478943
2.2720000000,10.8718872070
2.2730000000,8.5186958313
2.2740000000,6.3371658325
2.2750000000,3.7050247192
2.2760000000,1.0299682617
2.2770000000,-1.7166137695
2.2780000000,-3.7622451782
2.2790000000,-5.6433677673
2.2800000000,-7.5674057007
2.2810000000,-9.8490715027
2.2820000000,-12.3882293701
2.2830000000,-14.8916244507
2.2840000000,-17.4021720886
2.2850000000,-19.4907188416
2.2860000000,-22.2730636597
2.2870000000,-23.7250328064
2.2880000000,-24.2686271667
2.2890000000,-26.5717506409
2.2900000000,-28.0022621155
2.2910000000,-29.9692153931
2.2920000000,-29.1538238525
2.2930000000,-30.5056571960
2.2940000000,-30.8418273926
2.2950000000,-31.5999984741
2.2960000000,-30.2839279175
2.2970000000,-30.5485725403
2.2980000000,-30.2481651306
2.2990000000,-29.9620628357
2.3000000000,-27.8377532959
2.3010000000,-26.5574455261
2.3020000000,-25.3772735596
2.3030000000,-24.5475769043
2.3040000000,-21.1715698242
2.3050000000,-18.8612937927
2.3060000000,-16.8800354004
2.3070000000,-14.0976905823
2.3080000000,-12.1450424194
2.3090000000,-9.5772743225
2.3100000000,-6.8235397339
2.3110000000,-4.0054321289
2.3120000000,-1.1157989502
2.3130000000,1.3303756714
2.3140000000,3.3044815063
2.3150000000,5.0926208496
2.3160000000,7.0667266846
2.3170000000,9.5772743225
2.3180000000,11.5728378296
2.3190000000,13.9546394348
2.3200000000,16.8728828430
2.3210000000,18.7110900879
2.3220000000,20.8854675293
2.3230000000,23.8180160522
2.3240000000,24.7192382813
2.3250000000,26.2999534607
2.3260000000,27.1868705750
2.3270000000,29.5329093933
2.3280000000,29.9906730652
2.3290000000,30.2767753601
2.3300000000,30.2839279175
2.3310000000,32.1364402771
2.3320000000,30.5271148682
2.3330000000,30.1766395569
2.3340000000,29.3326377869
2.3350000000,30.2052497864
2.3360000000,27.6231765747
2.3370000000,26.3643264771
2.3380000000,24.4331359863
2.3390000000,23.4675407410
2.3400000000,21.5935707092
2.3410000000,18.8469886780
2.3420000000,16.6010856628
2.3430000000,14.2478942871
2.3440000000,11.5942955017
2.3450000000,9.3626976013
2.3460000000,6.7663192749
2.3470000000,4.1341781616
2.3480000000,1.5807151794
2.3490000000,-1.0800361633
2.3500000000,-3.3473968506
2.3510000000,-5.4359436035
2.3520000000,-7.6460838318
2.3530000000,-10.1494789124
2.3540000000,-12.4454498291
2.3550000000,-15.1062011719
2.3560000000,-16.9730186462
2.3570000000,-19.7625160217
2.3580000000,-22.5234031677
2.3590000000,-23.3387947083
2.3600000000,-25.2199172974
2.3610000000,-26.5860557556
2.3620000000,-28.5601615906
2.3630000000,-29.6759605408
2.3640000000,-29.3684005737
2.3650000000,-30.2696228027
2.3660000000,-31.6929817200
2.3670000000,-31.4354896545
2.3680000000,-30.3411483765
2.3690000000,-30.0621986389
2.3700000000,-30.9062004089
2.3710000000,-28.6245346069
2.3720000000,-27.4157524109
2.3730000000,-25.9280204773
2.3740000000,-24.7693061829
2.3750000000,-23.0312347412
2.3760000000,-19.5193290710
2.3770000000,-17.5952911377
2.3780000000,-15.4066085815
2.3790000000,-12.4597549438
2.3800000000,-10.1780891418
2.3810000000,-7.2097778320
2.3820000000,-4.4918060303
2.3830000000,-1.6880035400
2.3840000000,0.9012222290
2.3850000000,2.9611587524
2.3860000000,5.0139427185
2.3870000000,7.1883201599
2.3880000000,9.3412399292
2.3890000000,11.8947029114
2.3900000000,14.6913528442
2.3910000000,16.7655944824
2.3920000000,19.1903114319
2.3930000000,22.1800804138
2.3940000000,23.4389305115
2.3950000000,24.2614746094
2.3960000000,26.5216827393
2.3970000000,28.0952453613
2.3980000000,30.4555892944
2.3990000000,29.5615196228
2.4000000000,30.3912162781
2.4010000000,30.6272506714
2.4020000000,31.9147109985
2.4030000000,30.4555892944
2.4040000000,30.0192832947
2.4050000000,29.4256210327
2.4060000000,29.1895866394
2.4070000000,26.8578529358
2.4080000000,25.2413749695
2.4090000000,23.6177444458
2.4100000000,23.0884552002
2.4110000000,20.0486183167
2.4120000000,16.8728828430
2.4130000000,14.8558616638
2.4140000000,12.2809410095
2.4150000000,9.7274780273
2.4160000000,7.3671340942
2.4170000000,4.5990943909
2.4180000000,1.8167495728
2.4190000000,-0.9012222290
2.4200000000,-3.3116340637
2.4210000000,-5.4860115051
2.4220000000,-7.8034400940
2.4230000000,-10.0064277649
2.4240000000,-13.0248069763
2.4250000000,-15.2277946472
2.4260000000,-17.8170204163
2.4270000000,-20.7209587097
2.4280000000,-22.5949287415
2.4290000000,-23.3316421509
2.4300000000,-25.5560874939
2.4310000000,-27.2011756897
2.4320000000,-29.6473503113
2.4330000000,-29.0036201477
2.4340000000,-30.2124023438
2.4350000000,-30.7130813599
2.4360000000,-31.8717956543
2.4370000000,-30.3554534912
2.4380000000,-30.5914878845
2.4390000000,-30.2553176880
2.4400000000,-30.2624702454
2.4410000000,-27.5158882141
2.4420000000,-26.6504287720
2.4430000000,-25.0554084778
2.4440000000,-24.1255760193
2.4450000000,-20.6208229065
2.4460000000,-17.8956985474
2.4470000000,-15.6927108765
2.4480000000,-13.3180618286
2.4490000000,-10.3211402893
2.4500000000,-7.8105926514
2.4510000000,-4.9781799316
2.4520000000,-1.9454956055
2.4530000000,0.8511543274
2.4540000000,3.0684471130
2.4550000000,5.1999092102
2.4560000000,7.1954727173
2.4570000000,9.5844268799
2.4580000000,12.6171112061
2.4590000000,15.0847434998
2.4600000000,17.4522399902
2.4610000000,19.7839736938
2.4620000000,22.5234031677
2.4630000000,23.4746932983
2.4640000000,25.5990028381
2.4650000000,27.0009040833
2.4660000000,29.0036201477
2.4670000000,29.9191474915
2.4680000000,30.1122665405
2.4690000000,30.2910804749
2.4700000000,32.0720672607
2.4710000000,30.8132171631
2.4720000000,30.1408767700
2.4730000000,29.2396545410
2.4740000000,30.0765037537
2.4750000000,27.5516510010
2.4760000000,25.8779525757
2.4770000000,23.9968299866
2.4780000000,22.3660469055
2.4790000000,21.0571289063
2.4800000000,18.1174278259
2.4810000000,15.2206420898
2.4820000000,13.0176544189
2.4830000000,10.0994110107
2.4840000000,7.3456764221
2.4850000000,4.6062469482
2.4860000000,1.7523765564
2.4870000000,-1.1515617371
2.4880000000,-3.6835670471
2.4890000000,-5.8436393738
2.4900000000,-8.1467628479
2.4910000000,-10.9791755676
2.4920000000,-13.4253501892
2.4930000000,-15.4852867126
2.4940000000,-18.5179710388
2.4950000000,-21.5291976929
2.4960000000,-22.4661827087
2.4970000000,-24.5118141174
2.4980000000,-25.9494781494
2.4990000000,-28.2669067383
2.5000000000,-29.4256210327
2.5010000000,-29.2396545410
2.5020000000,-30.2338600159
2.5030000000,-31.8503379822
2.5040000000,-31.3997268677
2.5050000000,-30.4269790649
2.5060000000,-30.0478935242
2.5070000000,-30.7631492615
2.5080000000,-28.7318229675
2.5090000000,-27.2870063782
2.5100000000,-25.1555442810
2.5110000000,-23.9467620850
2.5120000000,-22.2444534302
2.5130000000,-18.6181068420
2.5140000000,-16.2220001221
2.5150000000,-13.9617919922
2.5160000000,-10.8075141907
2.5170000000,-7.8177452087
2.5180000000,-5.0497055054
2.5190000000,-2.2315979004
2.5200000000,0.6294250488
2.5210000000,3.0684471130
2.5220000000,5.2070617676
2.5230000000,7.3814392090
2.5240000000,10.1208686829
2.5250000000,12.7959251404
2.5260000000,14.9774551392
2.5270000000,17.6954269409
2.5280000000,20.9212303162
2.5290000000,22.7308273315
2.5300000000,23.7393379211
2.5310000000,25.6919860840
2.5320000000,27.2011756897
2.5330000000,30.2338600159
2.5340000000,29.5472145081
2.5350000000,30.3554534912
2.5360000000,30.4341316223
2.5370000000,31.9933891296
2.5380000000,30.5771827698
2.5390000000,30.1480293274
2.5400000000,29.2110443115
2.5410000000,29.2038917542
2.5420000000,26.7291069031
2.5430000000,25.2342224121
2.5440000000,23.0455398560
2.5450000000,21.6865539551
2.5460000000,19.2975997925
2.5470000000,16.5867805481
2.5480000000,13.7186050415
2.5490000000,11.3368034363
2.5500000000,8.4042549133
2.5510000000,5.3501129150
2.5520000000,2.3245811462
2.5530000000,-0.5435943604
2.5540000000,-3.1471252441
2.5550000000,-5.4287910461
2.5560000000,-8.0180168152
2.5570000000,-10.6215476990
2.5580000000,-12.9747390747
2.5590000000,-15.8572196960
2.5600000000,-18.5322761536
2.5610000000,-21.0285186768
2.5620000000,-22.2373008728
2.5630000000,-24.6620178223
2.5640000000,-26.3142585754
2.5650000000,-28.5601615906
2.5660000000,-29.1395187378
2.5670000000,-29.5257568359
2.5680000000,-30.3554534912
2.5690000000,-32.0506095886
2.5700000000,-31.2137603760
2.5710000000,-30.5485725403
2.5720000000,-29.9620628357
2.5730000000,-30.5557250977
2.5740000000,-28.2526016235
2.5750000000,-26.8435478210
2.5760000000,-24.5475769043
2.5770000000,-23.3602523804
2.5780000000,-20.8568572998
2.5790000000,-17.4951553345
2.5800000000,-14.9631500244
2.5810000000,-12.5885009766
2.5820000000,-9.5629692078
2.5830000000,-6.3371658325
2.5840000000,-3.2901763916
2.5850000000,-0.4291534424
2.5860000000,2.2602081299
2.5870000000,4.4775009155
2.5880000000,6.8736076355
2.5890000000,9.5343589783
2.5900000000,12.1021270752
2.5910000000,14.3909454346
2.5920000000,16.9873237610
2.5930000000,20.4348564148
2.5940000000,22.2516059875
2.5950000000,23.6463546753
2.5960000000,25.7492065430
2.5970000000,27.2154808044
2.5980000000,29.6115875244
2.5990000000,29.3397903442
2.6000000000,30.4770469666
2.6010000000,31.0134887695
2.6020000000,32.0005416870
2.6030000000,30.0621986389
2.6040000000,30.0621986389
2.6050000000,29.4613838196
2.6060000000,29.2754173279
2.6070000000,26.2570381165
2.6080000000,24.8408317566
2.6090000000,22.6306915283
2.6100000000,21.2502479553
2.6110000000,18.7611579895
2.6120000000,15.9502029419
2.6130000000,12.9675865173
2.6140000000,10.4856491089
2.6150000000,7.4100494385
2.6160000000,4.0841102600
2.6170000000,1.0085105896
2.6180000000,-1.7237663269
2.6190000000,-4.4274330139
2.6200000000,-6.8807601929
2.6210000000,-9.3126296997
2.6220000000,-11.7444992065
2.6230000000,-14.7771835327
2.6240000000,-17.5738334656
2.6250000000,-20.2131271362
2.6260000000,-21.5077400208
2.6270000000,-23.9253044128
2.6280000000,-25.8278846741
2.6290000000,-28.0594825745
2.6300000000,-29.1180610657
2.6310000000,-29.2825698853
2.6320000000,-30.1623344421
2.6330000000,-31.7716598511
2.6340000000,-31.6071510315
2.6350000000,-30.6773185730
2.6360000000,-29.9477577209
2.6370000000,-30.6487083435
2.6380000000,-28.4814834595
2.6390000000,-26.8721580505
2.6400000000,-24.6119499207
2.6410000000,-23.2887268066
2.6420000000,-21.0571289063
2.6430000000,-17.3950195313
2.6440000000,-14.8916244507
2.6450000000,-12.0449066162
2.6460000000,-9.2196464539
2.6470000000,-6.1225891113
2.6480000000,-2.9039382935
2.6490000000,0.0929832458
2.6500000000,2.6535987854
2.6510000000,5.1140785217
2.6520000000,7.6818466187
2.6530000000,10.4141235352
2.6540000000,12.5527381897
2.6550000000,15.4566764832
2.6560000000,18.2461738586
2.6570000000,21.2287902832
2.6580000000,22.7880477905
2.6590000000,24.6620178223
2.6600000000,26.3929367065
2.6610000000,28.6960601807
2.6620000000,29.5329093933
2.6630000000,29.8190116882
2.6640000000,30.7559967041
2.6650000000,31.9576263428
2.6660000000,30.7488441467
2.6670000000,30.0765037537
2.6680000000,29.4470787048
2.6690000000,29.7904014587
2.6700000000,27.1868705750
2.6710000000,25.1770019531
2.6720000000,23.3244895935
2.6730000000,21.1572647095
2.6740000000,19.8054313660
2.6750000000,16.6082382202
2.6760000000,13.3967399597
2.6770000000,10.6501579285
2.6780000000,7.8392028809
2.6790000000,4.5275688171
2.6800000000,1.2516975403
2.6810000000,-1.7237663269
2.6820000000,-4.3773651123
2.6830000000,-6.8664550781
2.6840000000,-9.3197822571
2.6850000000,-11.8947029114
2.6860000000,-15.2206420898
2.6870000000,-18.0387496948
2.6880000000,-19.9413299561
2.6890000000,-21.8796730042
2.6900000000,-24.5618820190
2.6910000000,-26.2427330017
2.6920000000,-28.6459922791
2.6930000000,-28.8176536560
2.6940000000,-29.6473503113
2.6950000000,-30.6129455566
2.6960000000,-32.2294235229
2.6970000000,-30.7416915894
2.6980000000,-30.3912162781
2.6990000000,-30.3483009338
2.7000000000,-30.2338600159
2.7010000000,-27.3370742798
2.7020000000,-26.1282920837
2.7030000000,-24.0612030029
2.7040000000,-22.0942497253
2.7050000000,-19.5193290710
2.7060000000,-16.0717964172
2.7070000000,-13.2822990417
2.7080000000,-10.2996826172
2.7090000000,-7.2956085205
2.7100000000,-3.9482116699
2.7110000000,-0.7510185242
2.7120000000,1.9598007202
2.7130000000,4.5776367188
2.7140000000,7.1239471436
2.7150000000,9.6702575684
2.7160000000,12.4239921570
2.7170000000,15.1348114014
2.7180000000,18.2676315308
2.7190000000,20.5135345459
2.7200000000,22.3016738892
2.7210000000,24.8408317566
2.7220000000,26.3929367065
2.7230000000,28.6316871643
2.7240000000,29.6759605408
2.7250000000,29.9263000488
2.7260000000,30.4412841797
2.7270000000,32.0506095886
2.7280000000,30.8990478516
2.7290000000,29.9835205078
2.7300000000,29.1824340820
2.7310000000,29.6616554260
2.7320000000,26.9007682800
2.7330000000,24.9624252319
2.7340000000,22.8023529053
2.7350000000,20.5421447754
2.7360000000,19.1473960876
2.7370000000,15.7570838928
2.7380000000,12.6457214355
2.7390000000,9.5558166504
2.7400000000,6.5302848816
2.7410000000,3.2687187195
2.7420000000,-0.1072883606
2.7430000000,-3.0827522278
2.7440000000,-5.5861473083
2.7450000000,-8.0323219299
2.7460000000,-10.7073783875
2.7470000000,-14.0190124512
2.7480000000,-16.8085098267
2.7490000000,-19.2117691040
2.7500000000,-21.0571289063
2.7510000000,-23.6821174622
2.7520000000,-25.6419181824
2.7530000000,-27.9951095581
2.7540000000,-28.8462638855
2.7550000000,-29.3254852295
2.7560000000,-30.2767753601
2.7570000000,-32.2151184082
2.7580000000,-31.1565399170
2.7590000000,-30.4412841797
2.7600000000,-30.2910804749
2.7610000000,-30.5700302124
2.7620000000,-27.6374816895
2.7630000000,-26.1998176575
2.7640000000,-24.1041183472
2.7650000000,-22.1371650696
2.7660000000,-19.9413299561
2.7670000000,-15.9502029419
2.7680000000,-13.3109092712
2.7690000000,-10.0493431091
2.7700000000,-7.1525573730
2.7710000000,-3.7622451782
2.7720000000,-0.3504753113
2.7730000000,2.4819374084
2.7740000000,5.0997734070
2.7750000000,7.6103210449
2.7760000000,10.1280212402
2.7770000000,13.1893157959
2.7780000000,15.8786773682
2.7790000000,19.3262100220
2.7800000000,20.9498405457
2.7810000000,22.8953361511
2.7820000000,25.4917144775
2.7830000000,26.9937515259
2.7840000000,29.5400619507
2.7850000000,29.5686721802
2.7860000000,30.2553176880
2.7870000000,30.9419631958
2.7880000000,32.1507453918
2.7890000000,30.2124023438
2.7900000000,29.6974182129
2.7910000000,29.2754173279
2.7920000000,28.6388397217
2.7930000000,25.4988670349
2.7940000000,23.8108634949
2.7950000000,21.4719772339
2.7960000000,19.6123123169
2.7970000000,17.0159339905
2.7980000000,13.9546394348
2.7990000000,10.3425979614
2.8000000000,7.1668624878
2.8010000000,3.9696693420
2.8020000000,0.6008148193
2.8030000000,-2.5177001953
2.8040000000,-5.1712989807
2.8050000000,-7.6675415039
2.8060000000,-10.6358528137
2.8070000000,-13.6399269104
2.8080000000,-16.8013572693
2.8090000000,-18.7397003174
2.8100000000,-21.0428237915
2.8110000000,-23.7107276917
2.8120000000,-25.7420539856
2.8130000000,-28.1882286072
2.8140000000,-28.6531448364
2.8150000000,-29.4327735901
2.8160000000,-30.4770469666
2.8170000000,-32.1364402771
2.8180000000,-31.1279296875
2.8190000000,-30.1408767700
2.8200000000,-30.6773185730
2.8210000000,-29.9978256226
2.8220000000,-27.6017189026
2.8230000000,-25.5560874939
2.8240000000,-23.6463546753
2.8250000000,-21.7366218567
2.8260000000,-18.8827514648
2.8270000000,-14.8415565491
2.8280000000,-12.1879577637
2.8290000000,-8.8548660278
2.8300000000,-5.8579444885
2.8310000000,-2.4819374084
2.8320000000,0.8940696716
2.8330000000,3.6334991455
2.8340000000,6.2441825867
2.8350000000,8.8691711426
2.8360000000,11.8589401245
2.8370000000,14.5697593689
2.8380000000,18.2604789734
2.8390000000,20.3490257263
2.8400000000,22.1443176270
2.8410000000,24.5618820190
2.8420000000,26.2713432312
2.8430000000,29.0608406067
2.8440000000,29.4828414917
2.8450000000,30.0550460815
2.8460000000,30.5056571960
2.8470000000,32.3367118835
2.8480000000,30.5271148682
2.8490000000,29.7904014587
2.8500000000,29.1109085083
2.8510000000,29.1824340820
2.8520000000,25.9709358215
2.8530000000,24.2257118225
2.8540000000,21.6507911682
2.8550000000,19.4978713989
2.8560000000,17.5666809082
2.8570000000,13.7472152710
2.8580000000,10.5285644531
2.8590000000,7.0667266846
2.8600000000,3.8337707520
2.8610000000,0.5149841309
2.8620000000,-2.7036666870
2.8630000000,-5.2785873413
2.8640000000,-8.0680847168
2.8650000000,-11.1722946167
2.8660000000,-14.0547752380
2.8670000000,-17.4880027771
2.8680000000,-19.0830230713
2.8690000000,-21.8081474304
2.8700000000,-24.2042541504
2.8710000000,-26.1354446411
2.8720000000,-28.7747383118
2.8730000000,-28.8462638855
2.8740000000,-29.8905372620
2.8750000000,-30.7130813599
2.8760000000,-32.2651863098
2.8770000000,-30.4341316223
2.8780000000,-30.3697586060
2.8790000000,-30.4841995239
2.8800000000,-29.2396545410
2.8810000000,-26.4000892639
2.8820000000,-25.1126289368
2.8830000000,-22.4733352661
2.8840000000,-20.2202796936
2.8850000000,-17.1160697937
2.8860000000,-13.3037567139
2.8870000000,-10.3497505188
2.8880000000,-6.8879127502
2.8890000000,-3.6692619324
2.8900000000,-0.2217292786
2.8910000000,2.8467178345
2.8920000000,5.4430961609
2.8930000000,8.3541870117
2.8940000000,11.1579895020
2.8950000000,14.0261650085
2.8960000000,17.6382064819
2.8970000000,19.6051597595
2.8980000000,21.5935707092
2.8990000000,24.5118141174
2.9000000000,26.3214111328
2.9010000000,28.8963317871
2.9020000000,28.9678573608
2.9030000000,30.1980972290
2.9040000000,30.6057929993
2.9050000000,32.3224067688
2.9060000000,30.5342674255
2.9070000000,29.8047065735
2.9080000000,29.0465354919
2.9090000000,29.1323661804
2.9100000000,25.9423255920
2.9110000000,24.0468978882
2.9120000000,21.4362144470
2.9130000000,19.1831588745
2.9140000000,17.2805786133
2.9150000000,13.2107734680
2.9160000000,10.0135803223
2.9170000000,6.3371658325
2.9180000000,3.0183792114
2.9190000000,-0.3075599670
2.9200000000,-3.4475326538
2.9210000000,-6.1082839966
2.9220000000,-9.2697143555
2.9230000000,-11.9948387146
2.9240000000,-15.5854225159
2.9250000000,-17.7311897278
2.9260000000,-20.2918052673
2.9270000000,-23.0097770691
2.9280000000,-24.7693061829
2.9290000000,-27.4586677551
2.9300000000,-28.8677215576
2.9310000000,-29.4470787048
2.9320000000,-30.0049781799
2.9330000000,-32.2222709656
2.9340000000,-31.0921669006
2.9350000000,-30.5342674255
2.9360000000,-30.2481651306
2.9370000000,-30.3554534912
2.9380000000,-27.1797180176
2.9390000000,-25.6061553955
2.9400000000,-23.1385231018
2.9410000000,-20.9283828735
2.9420000000,-18.4178352356
2.9430000000,-14.3265724182
2.9440000000,-11.0721588135
2.9450000000,-7.7605247498
2.9460000000,-4.2772293091
2.9470000000,-0.8797645569
2.9480000000,2.3317337036
2.9490000000,5.1212310791
2.9500000000,8.0966949463
2.9510000000,10.7502937317
2.9520000000,13.9045715332
2.9530000000,17.4450874329
2.9540000000,19.3905830383
2.9550000000,21.5506553650
2.9560000000,24.4903564453
2.9570000000,26.3285636902
2.9580000000,28.9320945740
2.9590000000,28.9463996887
2.9600000000,30.3053855896
2.9610000000,30.7345390320
2.9620000000,32.3653221130
2.9630000000,30.3912162781
2.9640000000,29.6831130981
2.9650000000,29.0250778198
2.9660000000,28.8176536560
2.9670000000,25.5203247070
2.9680000000,23.6105918884
2.9690000000,20.9856033325
2.9700000000,18.6395645142
2.9710000000,16.4794921875
2.9720000000,12.1879577637
2.9730000000,8.9263916016
2.9740000000,5.1927566528
2.9750000000,1.7023086548
2.9760000000,-1.5449523926
2.9770000000,-4.5704841614
2.9780000000,-7.5316429138
2.9790000000,-10.3855133057
2.9800000000,-13.7686729431
2.9810000000,-16.6082382202
2.9820000000,-18.9828872681
2.9830000000,-21.6507911682
2.9840000000,-23.9682197571
2.9850000000,-26.2713432312
2.9860000000,-28.7747383118
2.9870000000,-28.8748741150
2.9880000000,-29.9191474915
2.9890000000,-31.1350822449
2.9900000000,-32.0506095886
2.9910000000,-30.4985046387
2.9920000000,-30.2338600159
2.9930000000,-30.5843353271
2.9940000000,-28.3241271973
2.9950000000,-25.8636474609
2.9960000000,-24.0397453308
2.9970000000,-21.4362144470
2.9980000000,-18.7683105469
2.9990000000,-15.4852867126
3.0000000000,-11.3940238953
3.0010000000,-8.3327293396
3.0020000000,-4.6992301941
3.0030000000,-1.1801719666
3.0040000000,2.1100044250
3.0050000000,5.0425529480
3.0060000000,7.9393386841
3.0070000000,10.6787681580
3.0080000000,14.2765045166
3.0090000000,17.1303749084
3.0100000000,19.4334983826
3.0110000000,21.9011306763
3.0120000000,24.6334075928
3.0130000000,26.5574455261
3.0140000000,28.9535522461
3.0150000000,29.1180610657
3.0160000000,30.3840637207
3.0170000000,31.0420989990
3.0180000000,32.2151184082
3.0190000000,30.1623344421
3.0200000000,29.5686721802
3.0210000000,29.0179252625
3.0220000000,28.2025337219
3.0230000000,24.8336791992
3.0240000000,22.9883193970
3.0250000000,20.2989578247
3.0260000000,17.8670883179
3.0270000000,15.3350830078
3.0280000000,10.9076499939
3.0290000000,7.5244903564
3.0300000000,3.7622451782
3.0310000000,0.1788139343
3.0320000000,-3.0899047852
3.0330000000,-6.1011314392
3.0340000000,-8.9192390442
3.0350000000,-12.0806694031
3.0360000000,-15.4566764832
3.0370000000,-17.5380706787
3.0380000000,-20.5278396606
3.0390000000,-23.2958793640
3.0400000000,-25.2771377563
3.0410000000,-28.1381607056
3.0420000000,-28.6746025085
3.0430000000,-29.6616554260
3.0440000000,-30.4770469666
3.0450000000,-32.4082374573
3.0460000000,-30.4985046387
3.0470000000,-30.4198265076
3.0480000000,-30.2910804749
3.0490000000,-29.4399261475
3.0500000000,-26.1998176575
3.0510000000,-24.5261192322
3.0520000000,-21.7795372009
3.0530000000,-19.1473960876
3.0540000000,-16.2863731384
3.0550000000,-12.0019912720
3.0560000000,-8.4829330444
3.0570000000,-5.1212310791
3.0580000000,-1.5449523926
3.0590000000,1.9240379333
3.0600000000,4.9710273743
3.0610000000,7.5817108154
3.0620000000,10.8218193054
3.0630000000,14.5125389099
3.0640000000,16.8728828430
3.0650000000,19.5407867432
3.0660000000,22.3016738892
3.0670000000,24.7192382813
3.0680000000,26.7720222473
3.0690000000,28.9463996887
3.0700000000,29.1967391968
3.0710000000,30.5056571960
3.0720000000,31.3353538513
3.0730000000,31.9719314575
3.0740000000,29.9692153931
3.0750000000,29.3755531311
3.0760000000,29.0679931641
3.0770000000,27.6088714600
3.0780000000,24.2757797241
3.0790000000,22.3016738892
3.0800000000,19.6981430054
3.0810000000,17.1160697937
3.0820000000,14.2049789429
3.0830000000,9.7274780273
3.0840000000,6.0224533081
3.0850000000,2.2673606873
3.0860000000,-1.1515617371
3.0870000000,-4.3201446533
3.0880000000,-7.2097778320
3.0890000000,-10.3497505188
3.0900000000,-14.0547752380
3.0910000000,-16.1361694336
3.0920000000,-19.2046165466
3.0930000000,-22.1300125122
3.0940000000,-24.1255760193
3.0950000000,-27.1153450012
3.0960000000,-28.3670425415
3.0970000000,-29.5686721802
3.0980000000,-30.1051139832
3.0990000000,-31.8646430969
3.1000000000,-31.2066078186
3.1010000000,-30.4985046387
3.1020000000,-30.2410125732
3.1030000000,-30.2839279175
3.1040000000,-27.0509719849
3.1050000000,-24.6834754944
3.1060000000,-22.3016738892
3.1070000000,-19.9913978577
3.1080000000,-17.1804428101
3.1090000000,-13.1320953369
3.1100000000,-8.9764595032
3.1110000000,-5.5932998657
3.1120000000,-2.1028518677
3.1130000000,1.4662742615
3.1140000000,4.5776367188
3.1150000000,7.4744224548
3.1160000000,10.7860565186
3.1170000000,14.4052505493
3.1180000000,16.7226791382
3.1190000000,19.3691253662
3.1200000000,22.4518775940
3.1210000000,24.8408317566
3.1220000000,27.1582603455
3.1230000000,28.8462638855
3.1240000000,29.3183326721
3.1250000000,30.5843353271
3.1260000000,31.6786766052
3.1270000000,31.5213203430
3.1280000000,29.9477577209
3.1290000000,29.1323661804
3.1300000000,29.1180610657
3.1310000000,26.8864631653
3.1320000000,23.7894058228
3.1330000000,21.7294692993
3.1340000000,18.9542770386
3.1350000000,16.1504745483
3.1360000000,13.0391120911
3.1370000000,8.6188316345
3.1380000000,4.8279762268
3.1390000000,0.9870529175
3.1400000000,-2.6106834412
3.1410000000,-5.5503845215
3.1420000000,-8.6545944214
3.1430000000,-12.1378898621
3.1440000000,-14.5840644836
3.1450000000,-17.6167488098
3.1460000000,-20.5993652344
3.1470000000,-23.3602523804
3.1480000000,-25.9923934937
3.1490000000,-28.0380249023
3.1500000000,-28.4600257874
3.1510000000,-30.1623344421
3.1520000000,-31.0707092285
3.1530000000,-31.9790840149
3.1540000000,-30.4198265076
3.1550000000,-30.2124023438
3.1560000000,-30.3912162781
3.1570000000,-28.4743309021
3.1580000000,-25.2342224121
3.1590000000,-23.3101844788
3.1600000000,-20.4849243164
3.1610000000,-17.8170204163
3.1620000000,-14.4338607788
3.1630000000,-9.9277496338
3.1640000000,-6.2155723572
3.1650000000,-2.5391578674
3.1660000000,1.0943412781
3.1670000000,4.3201446533
3.1680000000,7.3099136353
3.1690000000,10.9362602234
3.1700000000,14.2979621887
3.1710000000,16.6797637939
3.1720000000,19.3333625793
3.1730000000,22.7808952332
3.1740000000,24.9481201172
3.1750000000,27.5874137878
3.1760000000,28.7747383118
3.1770000000,29.5472145081
3.1780000000,30.6057929993
3.1790000000,32.0219993591
3.1800000000,31.0492515564
3.1810000000,29.9692153931
3.1820000000,28.8605690002
3.1830000000,28.9678573608
3.1840000000,26.2212753296
3.1850000000,23.3817100525
3.1860000000,21.0356712341
3.1870000000,18.3176994324
3.1880000000,15.3064727783
3.1890000000,11.7301940918
3.1900000000,7.2026252747
3.1910000000,3.3473968506
3.1920000000,-0.3576278687
3.1930000000,-3.7479400635
3.1940000000,-6.8092346191
3.1950000000,-10.2353096008
3.1960000000,-13.1750106812
3.1970000000,-15.8858299255
3.1980000000,-19.1545486450
3.1990000000,-22.2873687744
3.2000000000,-24.3973731995
3.2010000000,-27.4229049683
3.2020000000,-28.2597541809
3.2030000000,-29.7117233276
3.2040000000,-30.3411483765
3.2050000000,-32.0863723755
3.2060000000,-30.7631492615
3.2070000000,-30.4698944092
3.2080000000,-30.1623344421
3.2090000000,-29.7689437866
3.2100000000,-26.0138511658
3.2110000000,-23.8680839539
3.2120000000,-20.9856033325
3.2130000000,-18.7039375305
3.2140000000,-15.4638290405
3.2150000000,-11.1651420593
3.2160000000,-6.9236755371
3.2170000000,-3.3044815063
3.2180000000,0.2717971802
3.2190000000,3.6478042603
3.2200000000,6.7663192749
3.2210000000,10.2710723877
3.2220000000,13.6184692383
3.2230000000,16.2005424500
3.2240000000,18.9113616943
3.2250000000,22.3875045776
3.2260000000,24.6119499207
3.2270000000,27.3013114929
3.2280000000,28.7175178528
3.2290000000,29.3827056885
3.2300000000,30.5771827698
3.2310000000,31.9218635559
3.2320000000,31.2137603760
3.2330000000,29.9763679504
3.2340000000,28.8176536560
3.2350000000,28.9750099182
3.2360000000,26.3428688049
3.2370000000,23.3602523804
3.2380000000,20.9569931030
3.2390000000,18.0172920227
3.2400000000,14.8701667786
3.2410000000,11.3439559937
3.2420000000,6.8449974060
3.2430000000,2.8109550476
3.2440000000,-0.9083747864
3.2450000000,-4.1985511780
3.2460000000,-7.6746940613
3.2470000000,-11.0077857971
3.2480000000,-13.4754180908
3.2490000000,-16.8871879578
3.2500000000,-20.0343132019
3.2510000000,-22.5877761841
3.2520000000,-25.2342224121
3.2530000000,-28.0451774597
3.2540000000,-28.5530090332
3.2550000000,-30.0335884094
3.2560000000,-30.7416915894
3.2570000000,-32.0291519165
3.2580000000,-30.4484367371
3.2590000000,-30.2767753601
3.2600000000,-30.2195549011
3.2610000000,-28.4671783447
3.2620000000,-25.0196456909
3.2630000000,-22.9310989380
3.2640000000,-19.8769569397
3.2650000000,-17.1661376953
3.2660000000,-13.6184692383
3.2670000000,-8.9907646179
3.2680000000,-4.8708915710
3.2690000000,-1.2302398682
3.2700000000,2.2816658020
3.2710000000,5.4645538330
3.2720000000,9.0265274048
3.2730000000,12.4526023865
3.2740000000,15.1348114014
3.2750000000,18.1674957275
3.2760000000,21.1858749390
3.2770000000,23.6678123474
3.2780000000,26.1282920837
3.2790000000,28.8677215576
3.2800000000,29.2754173279
3.2810000000,30.2052497864
3.2820000000,31.3138961792
3.2830000000,31.9361686707
3.2840000000,30.0049781799
3.2850000000,29.2396545410
3.2860000000,28.7318229675
3.2870000000,27.0867347717
3.2880000000,23.7321853638
3.2890000000,21.5792655945
3.2900000000,18.3677673340
3.2910000000,15.0346755981
3.2920000000,11.7874145508
3.2930000000,7.3885917664
3.2940000000,3.0612945557
3.2950000000,-0.8654594421
3.2960000000,-4.3559074402
3.2970000000,-7.6246261597
3.2980000000,-10.9148025513
3.2990000000,-13.5111808777
3.3000000000,-17.0660018921
3.3010000000,-20.3204154968
3.3020000000,-22.6163864136
3.3030000000,-25.6347656250
3.3040000000,-28.0737876892
3.3050000000,-28.6889076233
3.3060000000,-30.1051139832
3.3070000000,-31.0993194580
3.3080000000,-31.8360328674
3.3090000000,-30.4770469666
3.3100000000,-30.1122665405
3.3110000000,-30.2553176880
3.3120000000,-27.6660919189
3.3130000000,-24.4760513306
3.3140000000,-22.1800804138
3.3150000000,-19.1044807434
3.3160000000,-16.0145759583
3.3170000000,-12.4812126160
3.3180000000,-7.9107284546
3.3190000000,-3.7479400635
3.3200000000,0.1001358032
3.3210000000,3.4976005554
3.3220000000,6.9165229797
3.3230000000,10.5071067810
3.3240000000,13.1893157959
3.3250000000,16.4580345154
3.3260000000,19.3476676941
3.3270000000,22.6736068726
3.3280000000,24.9695777893
3.3290000000,28.0880928040
3.3300000000,28.4814834595
3.3310000000,29.9978256226
3.3320000000,30.5414199829
3.3330000000,32.3295593262
3.3340000000,30.5485725403
3.3350000000,29.6616554260
3.3360000000,28.5387039185
3.3370000000,28.3885002136
3.3380000000,25.0840187073
3.3390000000,22.4518775940
3.3400000000,19.3476676941
3.3410000000,16.2363052368
3.3420000000,12.6886367798
3.3430000000,8.9049339294
3.3440000000,4.2843818665
3.3450000000,0.1287460327
3.3460000000,-3.4260749817
3.3470000000,-7.0095062256
3.3480000000,-10.0064277649
3.3490000000,-12.9032135010
3.3500000000,-16.4294242859
3.3510000000,-19.6695327759
3.3520000000,-22.2802162170
3.3530000000,-25.0482559204
3.3540000000,-27.8663635254
3.3550000000,-28.4528732300
3.3560000000,-30.0550460815
3.3570000000,-30.7917594910
3.3580000000,-32.0076942444
3.3590000000,-30.5056571960
3.3600000000,-30.2410125732
3.3610000000,-30.1551818848
3.3620000000,-28.1023979187
3.3630000000,-24.5332717896
3.3640000000,-22.3374366760
3.3650000000,-19.0401077271
3.3660000000,-15.9788131714
3.3670000000,-12.3667716980
3.3680000000,-8.0680847168
3.3690000000,-3.3760070801
3.3700000000,0.3576278687
3.3710000000,3.8766860962
3.3720000000,7.3671340942
3.3730000000,10.7288360596
3.3740000000,13.5111808777
3.3750000000,16.7942047119
3.3760000000,20.0915336609
3.3770000000,23.2100486755
3.3780000000,25.4917144775
3.3790000000,28.3384323120
3.3800000000,28.7461280823
3.3810000000,30.2767753601
3.3820000000,30.9348106384
3.3830000000,32.2794914246
3.3840000000,30.1694869995
3.3850000000,29.3254852295
3.3860000000,28.5100936890
3.3870000000,27.5874137878
3.3880000000,24.0111351013
3.3890000000,21.7509269714
3.3900000000,18.2747840881
3.3910000000,14.7342681885
3.3920000000,11.0864639282
3.3930000000,7.1382522583
3.3940000000,2.5963783264
3.3950000000,-1.5020370483
3.3960000000,-5.1355361938
3.3970000000,-8.3971023560
3.3980000000,-11.3368034363
3.3990000000,-14.7771835327
3.4000000000,-18.1603431702
3.4010000000,-21.3789939880
3.4020000000,-23.8180160522
3.4030000000,-27.1081924438
3.4040000000,-28.0380249023
3.4050000000,-29.6545028687
3.4060000000,-30.3053855896
3.4070000000,-32.1149826050
3.4080000000,-30.7202339172
3.4090000000,-30.4627418518
3.4100000000,-29.9763679504
3.4110000000,-29.2754173279
3.4120000000,-25.2699851990
3.4130000000,-22.7665901184
3.4140000000,-19.6194648743
3.4150000000,-16.8943405151
3.4160000000,-12.9318237305
3.4170000000,-9.1123580933
3.4180000000,-4.4417381287
3.4190000000,-0.2646446228
3.4200000000,3.4189224243
3.4210000000,7.0381164551
3.4220000000,10.2281570435
3.4230000000,13.1964683533
3.4240000000,16.4437294006
3.4250000000,19.9842453003
3.4260000000,22.9382514954
3.4270000000,25.4058837891
3.4280000000,28.1524658203
3.4290000000,28.6674499512
3.4300000000,30.2624702454
3.4310000000,30.9920310974
3.4320000000,32.2008132935
3.4330000000,30.1122665405
3.4340000000,29.3183326721
3.4350000000,28.4171104431
3.4360000000,27.3728370667
3.4370000000,23.7965583801
3.4380000000,21.4791297913
3.4390000000,17.8027153015
3.4400000000,14.0762329102
3.4410000000,10.5786323547
3.4420000000,6.5732002258
3.4430000000,1.8453598022
3.4440000000,-2.4032592773
3.4450000000,-5.9080123901
3.4460000000,-8.9979171753
3.4470000000,-11.9805335999
3.4480000000,-15.6784057617
3.4490000000,-19.3333625793
3.4500000000,-22.0513343811
3.4510000000,-25.0482559204
3.4520000000,-27.6446342468
3.4530000000,-28.0094146729
3.4540000000,-30.1694869995
3.4550000000,-30.9920310974
3.4560000000,-31.9933891296
3.4570000000,-30.5128097534
3.4580000000,-30.1265716553
3.4590000000,-29.9620628357
3.4600000000,-27.7733802795
3.4610000000,-24.1112709045
3.4620000000,-21.6794013977
3.4630000000,-18.1603431702
3.4640000000,-15.0775909424
3.4650000000,-11.0650062561
3.4660000000,-6.8593025208
3.4670000000,-2.1886825562
3.4680000000,1.7237663269
3.4690000000,5.3930282593
3.4700000000,8.8477134705
3.4710000000,11.9018554688
3.4720000000,15.2921676636
3.4730000000,18.5251235962
3.4740000000,22.0298767090
3.4750000000,24.4903564453
3.4760000000,27.7805328369
3.4770000000,28.2740592957
3.4780000000,29.8619270325
3.4790000000,30.5986404419
3.4800000000,32.3295593262
3.4810000000,30.5056571960
3.4820000000,29.6187400818
3.4830000000,28.3885002136
3.4840000000,28.1167030334
3.4850000000,24.6977806091
3.4860000000,21.7580795288
3.4870000000,18.5394287109
3.4880000000,14.9846076965
3.4890000000,11.0077857971
3.4900000000,6.9952011108
3.4910000000,2.6106834412
3.4920000000,-1.7666816711
3.4930000000,-5.4144859314
3.4940000000,-8.6617469788
3.4950000000,-11.9876861572
3.4960000000,-15.5997276306
3.4970000000,-19.1688537598
3.4980000000,-21.7008590698
3.4990000000,-24.8980522156
3.5000000000,-27.6088714600
3.5010000000,-28.4457206726
3.5020000000,-30.0192832947
3.5030000000,-31.0134887695
3.5040000000,-31.8503379822
3.5050000000,-30.5199623108
3.5060000000,-30.0693511963
3.5070000000,-29.9620628357
3.5080000000,-27.4229049683
3.5090000000,-23.7393379211
3.5100000000,-21.3074684143
3.5110000000,-17.6668167114
3.5120000000,-14.4267082214
3.5130000000,-10.2853775024
3.5140000000,-6.1869621277
3.5150000000,-1.3804435730
3.5160000000,2.7537345886
3.5170000000,6.2227249146
3.5180000000,9.4699859619
3.5190000000,12.9175186157
3.5200000000,15.9788131714
3.5210000000,20.0200080872
3.5220000000,22.7308273315
3.5230000000,25.3701210022
3.5240000000,28.1524658203
3.5250000000,28.7032127380
3.5260000000,30.3125381470
3.5270000000,31.1422348022
3.5280000000,32.1507453918
3.5290000000,30.0550460815
3.5300000000,29.0966033936
3.5310000000,28.2311439514
3.5320000000,26.8650054932
3.5330000000,23.2100486755
3.5340000000,20.5850601196
3.5350000000,16.7298316956
3.5360000000,12.9532814026
3.5370000000,8.9907646179
3.5380000000,4.8208236694
3.5390000000,0.2789497375
3.5400000000,-3.7765502930
3.5410000000,-7.1740150452
3.5420000000,-10.4212760925
3.5430000000,-14.2335891724
3.5440000000,-17.6382064819
3.5450000000,-21.0213661194
3.5460000000,-24.0755081177
3.5470000000,-26.9722938538
3.5480000000,-27.6231765747
3.5490000000,-29.5758247375
3.5500000000,-30.7559967041
3.5510000000,-32.1865081787
3.5520000000,-30.4627418518
3.5530000000,-30.3483009338
3.5540000000,-29.7975540161
3.5550000000,-28.6674499512
3.5560000000,-24.5404243469
3.5570000000,-21.7437744141
3.5580000000,-18.3534622192
3.5590000000,-15.2206420898
3.5600000000,-10.9291076660
3.5610000000,-6.8163871765
3.5620000000,-2.2959709167
3.5630000000,1.9812583923
3.5640000000,5.6648254395
3.5650000000,9.1195106506
3.5660000000,12.7387046814
3.5670000000,15.5425071716
3.5680000000,19.6409225464
3.5690000000,22.6449966431
3.5700000000,25.3343582153
3.5710000000,28.0880928040
3.5720000000,28.6173820496
3.5730000000,30.5128097534
3.5740000000,30.9705734253
3.5750000000,31.9218635559
3.5760000000,30.2410125732
3.5770000000,29.0822982788
3.5780000000,28.1596183777
3.5790000000,26.6504287720
3.5800000000,22.9525566101
3.5810000000,20.2059745789
3.5820000000,16.2935256958
3.5830000000,12.4740600586
3.5840000000,8.3827972412
3.5850000000,4.2271614075
3.5860000000,-0.3004074097
3.5870000000,-4.3344497681
3.5880000000,-7.6746940613
3.5890000000,-11.2295150757
3.5900000000,-14.7128105164
3.5910000000,-18.6252593994
3.5920000000,-21.7723846436
3.5930000000,-25.2842903137
3.5940000000,-27.2941589355
3.5950000000,-27.5874137878
3.5960000000,-29.9477577209
3.5970000000,-31.5213203430
3.5980000000,-31.7430496216
3.5990000000,-30.6344032288
3.6000000000,-30.2696228027
3.6010000000,-29.4899940491
3.6020000000,-26.8149375916
3.6030000000,-23.5033035278
3.6040000000,-20.9856033325
3.6050000000,-16.9515609741
3.6060000000,-13.4181976318
3.6070000000,-8.9836120605
3.6080000000,-4.8279762268
3.6090000000,-0.2646446228
3.6100000000,3.8051605225
3.6110000000,7.2598457336
3.6120000000,10.9577178955
3.6130000000,14.2621994019
3.6140000000,17.8956985474
3.6150000000,21.2144851685
3.6160000000,24.0969657898
3.6170000000,27.7447700500
3.6180000000,28.0880928040
3.6190000000,29.5686721802
3.6200000000,30.5056571960
3.6210000000,32.3295593262
3.6220000000,30.5914878845
3.6230000000,29.7117233276
3.6240000000,28.0165672302
3.6250000000,27.4729728699
3.6260000000,24.2900848389
3.6270000000,21.2502479553
3.6280000000,17.5523757935
3.6290000000,13.5898590088
3.6300000000,9.3626976013
3.6310000000,5.1999092102
3.6320000000,0.7224082947
3.6330000000,-3.4546852112
3.6340000000,-6.9093704224
3.6350000000,-10.6358528137
3.6360000000,-14.2693519592
3.6370000000,-18.2175636292
3.6380000000,-21.0928916931
3.6390000000,-24.3687629700
3.6400000000,-27.1439552307
3.6410000000,-27.7519226074
3.6420000000,-30.0335884094
3.6430000000,-30.9562683105
3.6440000000,-32.0005416870
3.6450000000,-30.4555892944
3.6460000000,-30.0836563110
3.6470000000,-29.7117233276
3.6480000000,-27.4085998535
3.6490000000,-23.4675407410
3.6500000000,-20.6565856934
3.6510000000,-16.8514251709
3.6520000000,-13.4897232056
3.6530000000,-8.9764595032
3.6540000000,-4.6634674072
3.6550000000,0.0071525574
3.6560000000,4.0769577026
3.6570000000,7.5173377991
3.6580000000,11.4297866821
3.6590000000,14.4338607788
3.6600000000,18.4035301208
3.6610000000,21.7652320862
3.6620000000,24.4688987732
3.6630000000,27.7662277222
3.6640000000,28.3098220825
3.6650000000,30.2338600159
3.6660000000,30.6701660156
3.6670000000,32.0076942444
3.6680000000,30.4698944092
3.6690000000,29.2396545410
3.6700000000,27.9593467712
3.6710000000,27.0724296570
3.6720000000,23.2887268066
3.6730000000,20.2202796936
3.6740000000,16.2076950073
3.6750000000,12.4526023865
3.6760000000,8.1324577332
3.6770000000,3.7050247192
3.6780000000,-0.7367134094
3.6790000000,-4.6706199646
3.6800000000,-8.2969665527
3.6810000000,-12.1521949768
3.6820000000,-15.5997276306
3.6830000000,-19.5407867432
3.6840000000,-22.5305557251
3.6850000000,-26.2784957886
3.6860000000,-27.1940231323
3.6870000000,-28.6960601807
3.6880000000,-30.1337242126
3.6890000000,-32.2866439819
3.6900000000,-30.9062004089
3.6910000000,-30.7202339172
3.6920000000,-29.8047065735
3.6930000000,-28.7032127380
3.6940000000,-24.9338150024
3.6950000000,-21.9297409058
3.6960000000,-18.7611579895
3.6970000000,-14.7485733032
3.6980000000,-10.7645988464
3.6990000000,-6.1368942261
3.7000000000,-1.7237663269
3.7010000000,2.5892257690
3.7020000000,6.2155723572
3.7030000000,10.2066993713
3.7040000000,13.5254859924
3.7050000000,17.2662734985
3.7060000000,20.6780433655
3.7070000000,23.7393379211
3.7080000000,27.4515151978
3.7090000000,27.9593467712
3.7100000000,29.4327735901
3.7110000000,30.4913520813
3.7120000000,32.3510169983
3.7130000000,30.5342674255
3.7140000000,29.6688079834
3.7150000000,27.9092788696
3.7160000000,27.3299217224
3.7170000000,24.0898132324
3.7180000000,20.7781791687
3.7190000000,17.0445442200
3.7200000000,12.9032135010
3.7210000000,8.5401535034
3.7220000000,4.0411949158
3.7230000000,-0.3004074097
3.7240000000,-4.3344497681
3.7250000000,-8.1253051758
3.7260000000,-12.0806694031
3.7270000000,-15.5854225159
3.7280000000,-19.3977355957
3.7290000000,-22.6306915283
3.7300000000,-25.8636474609
3.7310000000,-27.1010398865
3.7320000000,-29.0393829346
3.7330000000,-30.3697586060
3.7340000000,-32.0935249329
3.7350000000,-30.8847427368
3.7360000000,-30.3483009338
3.7370000000,-29.6974182129
3.7380000000,-28.8891792297
3.7390000000,-24.7049331665
3.7400000000,-21.3289260864
3.7410000000,-18.1102752686
3.7420000000,-14.2192840576
3.7430000000,-10.2710723877
3.7440000000,-5.5360794067
3.7450000000,-0.9942054749
3.7460000000,3.2615661621
3.7470000000,7.0166587830
3.7480000000,11.0292434692
3.7490000000,14.1119956970
3.7500000000,18.3677673340
3.7510000000,21.6794013977
3.7520000000,24.5046615601
3.7530000000,27.5659561157
3.7540000000,28.4099578857
3.7550000000,30.2624702454
3.7560000000,30.8132171631
3.7570000000,31.9576263428
3.7580000000,30.2624702454
3.7590000000,29.0822982788
3.7600000000,27.7876853943
3.7610000000,26.5359878540
3.7620000000,22.5591659546
3.7630000000,19.3691253662
3.7640000000,15.1777267456
3.7650000000,11.3010406494
3.7660000000,6.7734718323
3.7670000000,2.1600723267
3.7680000000,-2.4247169495
3.7690000000,-6.1798095703
3.7700000000,-9.9420547485
3.7710000000,-13.4468078613
3.7720000000,-17.4236297607
3.7730000000,-20.4420089722
3.7740000000,-24.2400169373
3.7750000000,-27.2727012634
3.7760000000,-27.9879570007
3.7770000000,-29.5186042786
3.7780000000,-31.0850143433
3.7790000000,-31.8574905396
3.7800000000,-30.6487083435
3.7810000000,-30.1909446716
3.7820000000,-29.2110443115
3.7830000000,-26.4787673950
3.7840000000,-22.8023529053
3.7850000000,-19.7410583496
3.7860000000,-15.6569480896
3.7870000000,-11.7158889771
3.7880000000,-7.1883201599
3.7890000000,-2.5463104248
3.7900000000,2.0027160645
3.7910000000,5.8722496033
3.7920000000,9.8133087158
3.7930000000,13.3395195007
3.7940000000,17.3091888428
3.7950000000,20.6422805786
3.7960000000,23.8895416260
3.7970000000,27.2870063782
3.7980000000,27.9307365417
3.7990000000,29.6688079834
3.8000000000,30.6200981140
3.8010000000,32.3367118835
3.8020000000,30.3053855896
3.8030000000,29.5114517212
3.8040000000,27.6803970337
3.8050000000,26.6861915588
3.8060000000,23.4031677246
3.8070000000,19.9842453003
3.8080000000,15.8929824829
3.8090000000,11.6157531738
3.8100000000,7.1740150452
3.8110000000,2.4890899658
3.8120000000,-2.0813941956
3.8130000000,-5.9509277344
3.8140000000,-9.9849700928
3.8150000000,-13.5397911072
3.8160000000,-17.6167488098
3.8170000000,-20.5564498901
3.8180000000,-24.2328643799
3.8190000000,-26.9150733948
3.8200000000,-28.4028053284
3.8210000000,-29.7904014587
3.8220000000,-31.2423706055
3.8230000000,-31.6715240479
3.8240000000,-30.3912162781
3.8250000000,-29.8976898193
3.8260000000,-29.3540954590
3.8270000000,-26.0853767395
3.8280000000,-22.1443176270
3.8290000000,-19.1044807434
3.8300000000,-14.8844718933
3.8310000000,-11.0220909119
3.8320000000,-6.4086914063
3.8330000000,-1.6450881958
3.8340000000,2.9683113098
3.8350000000,6.9451332092
3.8360000000,10.7216835022
3.8370000000,14.1549110413
3.8380000000,18.3391571045
3.8390000000,21.5148925781
3.8400000000,24.6834754944
3.8410000000,27.7876853943
3.8420000000,28.7461280823
3.8430000000,30.1194190979
3.8440000000,31.2638282776
3.8450000000,31.4497947693
3.8460000000,29.8476219177
3.8470000000,29.1824340820
3.8480000000,27.8449058533
3.8490000000,25.4273414612
3.8500000000,21.4791297913
3.8510000000,18.1818008423
3.8520000000,14.1048431396
3.8530000000,9.7703933716
3.8540000000,5.0210952759
3.8550000000,0.4148483276
3.8560000000,-3.8909912109
3.8570000000,-7.9464912415
3.8580000000,-11.6801261902
3.8590000000,-15.6354904175
3.8600000000,-19.1116333008
3.8610000000,-23.1599807739
3.8620000000,-26.4143943787
3.8630000000,-27.1511077881
3.8640000000,-29.0107727051
3.8650000000,-30.5414199829
3.8660000000,-32.2079658508
3.8670000000,-30.8418273926
3.8680000000,-30.2195549011
3.8690000000,-28.9249420166
3.8700000000,-27.4872779846
3.8710000000,-23.4889984131
3.8720000000,-20.0200080872
3.8730000000,-16.0932540894
3.8740000000,-11.8517875671
3.8750000000,-7.6818466187
3.8760000000,-2.6035308838
3.8770000000,2.1171569824
3.8780000000,6.2155723572
3.8790000000,9.9778175354
3.8800000000,14.1048431396
3.8810000000,17.7168846130
3.8820000000,20.8926200867
3.8830000000,24.5690345764
3.8840000000,27.7447700500
3.8850000000,28.2955169678
3.8860000000,29.7689437866
3.8870000000,31.2352180481
3.8880000000,32.1078300476
3.8890000000,29.8547744751
3.8900000000,28.9964675903
3.8910000000,27.4300575256
3.8920000000,25.6347656250
3.8930000000,21.8582153320
3.8940000000,18.4822082520
3.8950000000,13.8473510742
3.8960000000,9.5558166504
3.8970000000,4.8851966858
3.8980000000,0.2789497375
3.8990000000,-4.1198730469
3.9000000000,-8.1467628479
3.9010000000,-12.0019912720
3.9020000000,-16.2506103516
3.9030000000,-19.5765495300
3.9040000000,-23.3674049377
3.9050000000,-26.3357162476
3.9060000000,-27.4586677551
3.9070000000,-29.7331809998
3.9080000000,-30.7345390320
3.9090000000,-32.1149826050
3.9100000000,-30.3125381470
3.9110000000,-30.0407409668
3.9120000000,-29.1752815247
3.9130000000,-27.1439552307
3.9140000000,-22.6664543152
3.9150000000,-19.2832946777
3.9160000000,-15.3207778931
3.9170000000,-10.9434127808
3.9180000000,-6.5803527832
3.9190000000,-1.6665458679
3.9200000000,2.9826164246
3.9210000000,7.0524215698
3.9220000000,10.6644630432
3.9230000000,14.9202346802
3.9240000000,18.8612937927
3.9250000000,22.1943855286
3.9260000000,25.7205963135
3.9270000000,27.3728370667
3.9280000000,29.0751457214
3.9290000000,30.3840637207
3.9300000000,31.7645072937
3.9310000000,30.8918952942
3.9320000000,29.8547744751
3.9330000000,28.2096862793
3.9340000000,27.4944305420
3.9350000000,24.3186950684
3.9360000000,20.1702117920
3.9370000000,16.7012214661
3.9380000000,12.0377540588
3.9390000000,7.6818466187
3.9400000000,2.8753280640
3.9410000000,-1.7309188843
3.9420000000,-6.0009956360
3.9430000000,-9.9921226501
3.9440000000,-13.9474868774
3.9450000000,-17.7526473999
3.9460000000,-21.2717056274
3.9470000000,-25.3701210022
3.9480000000,-27.1224975586
3.9490000000,-28.6960601807
3.9500000000,-29.6401977539
3.9510000000,-32.2365760803
3.9520000000,-31.0492515564
3.9530000000,-30.5628776550
3.9540000000,-29.5042991638
3.9550000000,-28.1453132629
3.9560000000,-24.0468978882
3.9570000000,-20.5707550049
3.9580000000,-17.1089172363
3.9590000000,-12.5098228455
3.9600000000,-8.0537796021
3.9610000000,-3.3760070801
3.9620000000,1.4376640320
3.9630000000,5.6433677673
3.9640000000,9.4985961914
3.9650000000,13.7186050415
3.9660000000,17.7097320557
3.9670000000,21.2430953979
3.9680000000,25.0053405762
3.9690000000,27.1511077881
3.9700000000,28.1524658203
3.9710000000,30.1837921143
3.9720000000,31.5499305725
3.9730000000,31.6572189331
3.9740000000,29.7260284424
3.9750000000,28.6316871643
3.9760000000,27.2870063782
3.9770000000,24.9195098877
3.9780000000,21.1358070374
3.9790000000,17.5166130066
3.9800000000,12.7100944519
3.9810000000,8.2683563232
3.9820000000,3.4618377686
3.9830000000,-1.2874603271
3.9840000000,-5.6505203247
3.9850000000,-9.6273422241
3.9860000000,-13.7615203857
3.9870000000,-17.5309181213
3.9880000000,-21.1286544800
3.9890000000,-24.9624252319
3.9900000000,-26.8435478210
3.9910000000,-28.9392471313
3.9920000000,-29.8476219177
3.9930000000,-31.9862365723
3.9940000000,-31.1207771301
3.9950000000,-30.1980972290
3.9960000000,-29.4041633606
3.9970000000,-28.4242630005
3.9980000000,-24.0182876587
3.9990000000,-20.1416015625
4.0000000000,-16.6869163513
4.0010000000,-12.1736526489
4.0020000000,-7.6389312744
4.0030000000,-2.9039382935
4.0040000000,1.9669532776
4.0050000000,6.0224533081
4.0060000000,10.0064277649
4.0070000000,14.5268440247
4.0080000000,18.2747840881
4.0090000000,21.8152999878
4.0100000000,25.4845619202
4.0110000000,27.2369384766
4.0120000000,29.0036201477
4.0130000000,30.2696228027
4.0140000000,31.7072868347
4.0150000000,30.9491157532
4.0160000000,29.7904014587
4.0170000000,27.9951095581
4.0180000000,27.3728370667
4.0190000000,24.1041183472
4.0200000000,19.7696685791
4.0210000000,16.0861015320
4.0220000000,11.2581253052
4.0230000000,6.8664550781
4.0240000000,1.9311904907
4.0250000000,-2.9039382935
4.0260000000,-7.0381164551
4.0270000000,-10.9076499939
4.0280000000,-15.2921676636
4.0290000000,-18.6181068420
4.0300000000,-22.8381156921
4.0310000000,-26.5216827393
4.0320000000,-27.4085998535
4.0330000000,-29.2825698853
4.0340000000,-30.4698944092
4.0350000000,-32.2008132935
4.0360000000,-30.3912162781
4.0370000000,-30.2767753601
4.0380000000,-28.8462638855
4.0390000000,-26.5932083130
4.0400000000,-22.1157073975
4.0410000000,-18.5894966125
4.0420000000,-14.5626068115
4.0430000000,-9.7346305847
4.0440000000,-5.1069259644
4.0450000000,-0.2217292786
4.0460000000,4.2200088501
4.0470000000,8.3470344543
4.0480000000,12.7100944519
4.0490000000,16.7512893677
4.0500000000,20.2131271362
4.0510000000,24.0111351013
4.0520000000,26.7720222473
4.0530000000,27.9879570007
4.0540000000,30.2052497864
4.0550000000,30.9991836548
4.0560000000,31.5999984741
4.0570000000,29.8404693604
4.0580000000,29.0250778198
4.0590000000,27.4085998535
4.0600000000,25.3987312317
4.0610000000,21.2574005127
4.0620000000,17.4665451050
4.0630000000,12.9246711731
4.0640000000,8.1825256348
4.0650000000,3.2258033752
4.0660000000,-1.3232231140
4.0670000000,-5.7435035706
4.0680000000,-9.7775459290
4.0690000000,-14.3122673035
4.0700000000,-17.8241729736
4.0710000000,-22.1300125122
4.0720000000,-25.8636474609
4.0730000000,-26.8077850342
4.0740000000,-28.8820266724
4.0750000000,-30.3268432617
4.0760000000,-32.2937965393
4.0770000000,-30.6415557861
4.0780000000,-30.2767753601
4.0790000000,-29.0536880493
4.0800000000,-27.0652770996
4.0810000000,-22.4447250366
4.0820000000,-18.9614295959
4.0830000000,-15.0775909424
4.0840000000,-10.3497505188
4.0850000000,-5.5789947510
4.0860000000,-0.6580352783
4.0870000000,3.9052963257
4.0880000000,7.9894065857
4.0890000000,12.5241279602
4.0900000000,16.5152549744
4.0910000000,20.1845169067
4.0920000000,23.9539146423
4.0930000000,26.6146659851
4.0940000000,28.1381607056
4.0950000000,30.2338600159
4.0960000000,31.1493873596
4.0970000000,31.4283370972
4.0980000000,29.7975540161
4.0990000000,28.8319587708
4.1000000000,27.3442268372
4.1010000000,25.1269340515
4.1020000000,20.8067893982
4.1030000000,16.9157981873
4.1040000000,12.1808052063
4.1050000000,7.4887275696
4.1060000000,2.5892257690
4.1070000000,-2.2959709167
4.1080000000,-6.5302848816
4.1090000000,-10.7359886169
4.1100000000,-15.1062011719
4.1110000000,-18.6038017273
4.1120000000,-23.1242179871
4.1130000000,-26.2141227722
4.1140000000,-27.1868705750
4.1150000000,-29.3469429016
4.1160000000,-30.8060646057
4.1170000000,-32.1364402771
4.1180000000,-30.4055213928
4.1190000000,-30.0407409668
4.1200000000,-28.6173820496
4.1210000000,-25.9995460510
4.1220000000,-21.4290618896
4.1230000000,-17.7454948425
4.1240000000,-13.5540962219
4.1250000000,-8.6259841919
4.1260000000,-3.8409233093
4.1270000000,1.0800361633
4.1280000000,5.4287910461
4.1290000000,9.8133087158
4.1300000000,14.3194198608
4.1310000000,17.8170204163
4.1320000000,21.7151641846
4.1330000000,25.7706642151
4.1340000000,27.0509719849
4.1350000000,29.3898582458
4.1360000000,30.3697586060
4.1370000000,31.8074226379
4.1380000000,30.2767753601
4.1390000000,29.6616554260
4.1400000000,27.9164314270
4.1410000000,26.9079208374
4.1420000000,22.9167938232
4.1430000000,18.5108184814
4.1440000000,14.6198272705
4.1450000000,9.5272064209
4.1460000000,4.7492980957
4.1470000000,-0.2002716064
4.1480000000,-4.7206878662
4.1490000000,-8.8834762573
4.1500000000,-13.6184692383
4.1510000000,-17.2090530396
4.1520000000,-21.5005874634
4.1530000000,-25.4702568054
4.1540000000,-26.4930725098
4.1550000000,-28.7389755249
4.1560000000,-30.1766395569
4.1570000000,-32.0649147034
4.1580000000,-31.0349464417
4.1590000000,-30.4126739502
4.1600000000,-28.5744667053
4.1610000000,-27.0438194275
4.1620000000,-22.7022171021
4.1630000000,-18.8827514648
4.1640000000,-14.7342681885
4.1650000000,-9.7274780273
4.1660000000,-4.8995018005
4.1670000000,-0.0929832458
4.1680000000,4.4274330139
4.1690000000,8.8334083557
4.1700000000,13.5612487793
4.1710000000,17.1661376953
4.1720000000,20.9212303162
4.1730000000,25.2270698547
4.1740000000,27.1081924438
4.1750000000,28.9034843445
4.1760000000,29.9906730652
4.1770000000,31.6715240479
4.1780000000,30.9133529663
4.1790000000,29.6902656555
4.1800000000,27.7948379517
4.1810000000,26.9293785095
4.1820000000,23.4889984131
4.1830000000,18.8183784485
4.1840000000,14.8415565491
4.1850000000,9.8776817322
4.1860000000,5.0497055054
4.1870000000,0.0071525574
4.1880000000,-4.5847892761
4.1890000000,-8.8191032410
4.1900000000,-13.5540962219
4.1910000000,-17.1518325806
4.1920000000,-21.6722488403
4.1930000000,-25.4702568054
4.1940000000,-26.5431404114
4.1950000000,-28.7961959839
4.1960000000,-30.3626060486
4.1970000000,-32.2079658508
4.1980000000,-30.5843353271
4.1990000000,-30.3053855896
4.2000000000,-28.7961959839
4.2010000000,-26.7577171326
4.2020000000,-22.0727920532
4.2030000000,-18.2604789734
4.2040000000,-14.2765045166
4.2050000000,-9.2554092407
4.2060000000,-4.2557716370
4.2070000000,0.6937980652
4.2080000000,5.1426887512
4.2090000000,9.7489356995
4.2100000000,14.3194198608
4.2110000000,17.7311897278
4.2120000000,21.8081474304
4.2130000000,25.7563591003
4.2140000000,27.1439552307
4.2150000000,29.5758247375
4.2160000000,30.3912162781
4.2170000000,31.8145751953
4.2180000000,30.2338600159
4.2190000000,29.4613838196
4.2200000000,27.4729728699
4.2210000000,26.4501571655
4.2220000000,22.1657752991
4.2230000000,17.5952911377
4.2240000000,13.4038925171
4.2250000000,8.2039833069
4.2260000000,3.2544136047
4.2270000000,-1.7166137695
4.2280000000,-6.1154365540
4.2290000000,-10.7145309448
4.2300000000,-15.0203704834
4.2310000000,-18.7182426453
4.2320000000,-23.2887268066
4.2330000000,-26.0424613953
4.2340000000,-27.2870063782
4.2350000000,-29.5901298523
4.2360000000,-31.3138961792
4.2370000000,-31.6572189331
4.2380000000,-30.5628776550
4.2390000000,-29.5186042786
4.2400000000,-28.2382965088
4.2410000000,-24.6834754944
4.2420000000,-20.3275680542
4.2430000000,-16.2863731384
4.2440000000,-11.7945671082
4.2450000000,-6.7448616028
4.2460000000,-1.5664100647
4.2470000000,3.2472610474
4.2480000000,7.6317787170
4.2490000000,12.3524665833
4.2500000000,16.1647796631
4.2510000000,20.2488899231
4.2520000000,24.4331359863
4.2530000000,26.6146659851
4.2540000000,28.3312797546
4.2550000000,30.3912162781
4.2560000000,31.4569473267
4.2570000000,30.8990478516
4.2580000000,29.6330451965
4.2590000000,28.2883644104
4.2600000000,26.9150733948
4.2610000000,23.7965583801
4.2620000000,18.9542770386
4.2630000000,14.7771835327
4.2640000000,9.9420547485
4.2650000000,4.7636032104
4.2660000000,-0.2503395081
4.2670000000,-4.8422813416
4.2680000000,-9.3770027161
4.2690000000,-13.9546394348
4.2700000000,-17.6954269409
4.2710000000,-22.3374366760
4.2720000000,-25.6633758545
4.2730000000,-26.8650054932
4.2740000000,-29.2181968689
4.2750000000,-30.7273864746
4.2760000000,-32.0219993591
4.2770000000,-30.4126739502
4.2780000000,-30.0121307373
4.2790000000,-28.2812118530
4.2800000000,-25.6204605103
4.2810000000,-20.8139419556
4.2820000000,-16.8156623840
4.2830000000,-12.5312805176
4.2840000000,-7.3456764221
4.2850000000,-2.1243095398
4.2860000000,2.7680397034
4.2870000000,7.3027610779
4.2880000000,12.0520591736
4.2890000000,15.8143043518
4.2900000000,19.9055671692
4.2910000000,24.3258476257
4.2920000000,26.4930725098
4.2930000000,28.3098220825
4.2940000000,30.2624702454
4.2950000000,31.4211845398
4.2960000000,30.9205055237
4.2970000000,29.6831130981
4.2980000000,28.1667709351
4.2990000000,26.9079208374
4.3000000000,23.6964225769
4.3010000000,18.8112258911
4.3020000000,14.6412849426
4.3030000000,9.7060203552
4.3040000000,4.4274330139
4.3050000000,-0.5722045898
4.3060000000,-5.2213668823
4.3070000000,-9.8776817322
4.3080000000,-14.3408775330
4.3090000000,-18.1674957275
4.3100000000,-22.7952003479
4.3110000000,-25.8636474609
4.3120000000,-27.0295143127
4.3130000000,-29.5329093933
4.3140000000,-31.1636924744
4.3150000000,-31.6643714905
4.3160000000,-30.4985046387
4.3170000000,-29.5615196228
4.3180000000,-28.0737876892
4.3190000000,-24.6691703796
4.3200000000,-20.0557708740
4.3210000000,-15.9001350403
4.3220000000,-11.3511085510
4.3230000000,-6.2584877014
4.3240000000,-0.8726119995
4.3250000000,3.9052963257
4.3260000000,8.4614753723
4.3270000000,13.2179260254
4.3280000000,16.9157981873
4.3290000000,20.8711624146
4.3300000000,25.4344940186
4.3310000000,27.1940231323
4.3320000000,29.2682647705
4.3330000000,29.9692153931
4.3340000000,31.8431854248
4.3350000000,30.5557250977
4.3360000000,29.3183326721
4.3370000000,27.2727012634
4.3380000000,26.2570381165
4.3390000000,22.0370292664
4.3400000000,17.0946121216
4.3410000000,12.7601623535
4.3420000000,7.5817108154
4.3430000000,2.3031234741
4.3440000000,-2.6893615723
4.3450000000,-7.3170661926
4.3460000000,-11.9590759277
4.3470000000,-15.8858299255
4.3480000000,-20.5492973328
4.3490000000,-24.7335433960
4.3500000000,-26.1068344116
4.3510000000,-28.3885002136
4.3520000000,-30.1980972290
4.3530000000,-32.1435928345
4.3540000000,-30.6701660156
4.3550000000,-30.2982330322
4.3560000000,-28.6459922791
4.3570000000,-26.6933441162
4.3580000000,-21.7366218567
4.3590000000,-17.7097320557
4.3600000000,-13.5540962219
4.3610000000,-8.4185600281
4.3620000000,-3.1328201294
4.3630000000,2.1457672119
4.3640000000,6.7877769470
4.3650000000,11.3940238953
4.3660000000,15.4209136963
4.3670000000,19.6051597595
4.3680000000,24.1255760193
4.3690000000,26.2999534607
4.3700000000,28.2311439514
4.3710000000,30.3268432617
4.3720000000,31.4140319824
4.3730000000,30.8203697205
4.3740000000,29.6688079834
4.3750000000,28.0451774597
4.3760000000,26.7577171326
4.3770000000,23.2815742493
4.3780000000,18.3820724487
4.3790000000,14.0118598938
4.3800000000,8.9979171753
4.3810000000,3.5119056702
4.3820000000,-1.6164779663
4.3830000000,-6.3443183899
4.3840000000,-10.9148025513
4.3850000000,-15.1348114014
4.3860000000,-19.5693969727
4.3870000000,-24.0969657898
4.3880000000,-25.7492065430
4.3890000000,-27.9307365417
4.3900000000,-29.9334526062
4.3910000000,-32.0720672607
4.3920000000,-30.8561325073
4.3930000000,-30.3554534912
4.3940000000,-28.9678573608
4.3950000000,-27.0509719849
4.3960000000,-22.3517417908
4.3970000000,-18.2318687439
4.3980000000,-13.8902664185
4.3990000000,-8.9049339294
4.4000000000,-3.4904479980
4.4010000000,1.7738342285
4.4020000000,6.4444541931
4.4030000000,11.1222267151
4.4040000000,15.2707099915
4.4050000000,19.5336341858
4.4060000000,23.9109992981
4.4070000000,26.2999534607
4.4080000000,28.2025337219
4.4090000000,30.3268432617
4.4100000000,31.3568115234
4.4110000000,30.7989120483
4.4120000000,29.6330451965
4.4130000000,28.0237197876
4.4140000000,26.5932083130
4.4150000000,23.1456756592
4.4160000000,18.1674957275
4.4170000000,13.6399269104
4.4180000000,8.5616111755
4.4190000000,3.1614303589
4.4200000000,-2.1457672119
4.4210000000,-6.7806243896
4.4220000000,-11.3940238953
4.4230000000,-15.5711174011
4.4240000000,-20.2846527100
4.4250000000,-24.5046615601
4.4260000000,-26.0210037231
4.4270000000,-28.3098220825
4.4280000000,-30.2338600159
4.4290000000,-32.1078300476
4.4300000000,-30.6129455566
4.4310000000,-30.2481651306
4.4320000000,-28.5100936890
4.4330000000,-26.4143943787
4.4340000000,-21.3360786438
4.4350000000,-17.1804428101
4.4360000000,-12.8960609436
4.4370000000,-7.6961517334
4.4380000000,-2.2172927856
4.4390000000,2.9683113098
4.4400000000,7.7176094055
4.4410000000,12.3596191406
4.4420000000,16.4437294006
4.4430000000,20.5779075623
4.4440000000,25.0554084778
4.4450000000,26.7148017883
4.4460000000,29.2253494263
4.4470000000,30.3626060486
4.4480000000,31.6786766052
4.4490000000,30.1408767700
4.4500000000,29.3755531311
4.4510000000,27.1439552307
4.4520000000,25.9780883789
4.4530000000,21.4004516602
4.4540000000,16.3292884827
4.4550000000,11.7444992065
4.4560000000,6.4945220947
4.4570000000,1.0442733765
4.4580000000,-4.1341781616
4.4590000000,-8.8262557983
4.4600000000,-13.2608413696
4.4610000000,-17.5809860229
4.4620000000,-21.9798088074
4.4630000000,-25.4774093628
4.4640000000,-26.8864631653
4.4650000000,-29.3469429016
4.4660000000,-31.0707092285
4.4670000000,-31.7001342773
4.4680000000,-30.5056571960
4.4690000000,-29.5114517212
4.4700000000,-27.7662277222
4.4710000000,-24.1112709045
4.4720000000,-19.4406509399
4.4730000000,-14.9416923523
4.4740000000,-10.2853775024
4.4750000000,-4.9066543579
4.4760000000,0.6866455078
4.4770000000,5.7148933411
4.4780000000,10.2210044861
4.4790000000,14.5053863525
4.4800000000,18.8899040222
4.4810000000,23.3817100525
4.4820000000,26.1640548706
4.4830000000,27.9951095581
4.4840000000,30.2696228027
4.4850000000,31.2423706055
4.4860000000,30.9348106384
4.4870000000,29.6974182129
4.4880000000,28.1238555908
4.4890000000,26.2427330017
4.4900000000,23.1313705444
4.4910000000,17.9743766785
4.4920000000,13.5040283203
4.4930000000,8.3684921265
4.4940000000,2.7394294739
4.4950000000,-2.7537345886
4.4960000000,-7.4601173401
4.4970000000,-12.0878219604
4.4980000000,-16.2220001221
4.4990000000,-21.0142135620
4.5000000000,-24.7836112976
4.5010000000,-26.4143943787
4.5020000000,-29.2539596558
4.5030000000,-30.5485725403
4.5040000000,-31.9647789001
4.5050000000,-30.2052497864
4.5060000000,-29.6759605408
4.5070000000,-27.9664993286
4.5080000000,-25.7349014282
4.5090000000,-19.9270248413
4.5100000000,-15.3422355652
4.5110000000,-10.9577178955
4.5120000000,-5.6791305542
4.5130000000,-0.2503395081
4.5140000000,4.9638748169
4.5150000000,9.6988677979
4.5160000000,13.9904022217
4.5170000000,18.4965133667
4.5180000000,23.3530998230
4.5190000000,26.2570381165
4.5200000000,27.5158882141
4.5210000000,29.6330451965
4.5220000000,31.4426422119
4.5230000000,31.4569473267
4.5240000000,29.4756889343
4.5250000000,27.9235839844
4.5260000000,26.0782241821
4.5270000000,23.2529640198
4.5280000000,18.2819366455
4.5290000000,13.4181976318
4.5300000000,8.3327293396
4.5310000000,2.6106834412
4.5320000000,-2.8896331787
4.5330000000,-7.7319145203
4.5340000000,-12.2308731079
4.5350000000,-16.5653228760
4.5360000000,-21.0928916931
4.5370000000,-24.9338150024
4.5380000000,-26.5216827393
4.5390000000,-29.4971466064
4.5400000000,-30.5557250977
4.5410000000,-32.0076942444
4.5420000000,-30.4269790649
4.5430000000,-29.2539596558
4.5440000000,-27.4515151978
4.5450000000,-25.1269340515
4.5460000000,-19.4835662842
4.5470000000,-14.6627426147
4.5480000000,-10.0493431091
4.5490000000,-4.5919418335
4.5500000000,0.7438659668
4.5510000000,5.8507919312
4.5520000000,10.6358528137
4.5530000000,15.0418281555
4.5540000000,19.2618370056
4.5550000000,24.4903564453
4.5560000000,26.3929367065
4.5570000000,28.2025337219
4.5580000000,29.7975540161
4.5590000000,32.0577621460
4.5600000000,30.6344032288
4.5610000000,29.4113159180
4.5620000000,27.0366668701
4.5630000000,25.6061553955
4.5640000000,21.7509269714
4.5650000000,16.6225433350
4.5660000000,11.8303298950
4.5670000000,6.3943862915
4.5680000000,0.4863739014
4.5690000000,-4.9424171448
4.5700000000,-9.6988677979
4.5710000000,-14.1191482544
4.5720000000,-18.8827514648
4.5730000000,-23.1671333313
4.5740000000,-25.3200531006
4.5750000000,-28.0666351318
4.5760000000,-29.9549102783
4.5770000000,-31.9290161133
4.5780000000,-30.7703018188
4.5790000000,-29.9620628357
4.5800000000,-28.4886360168
4.5810000000,-26.9365310669
4.5820000000,-21.6794013977
4.5830000000,-16.7226791382
4.5840000000,-12.1235847473
4.5850000000,-7.1668624878
4.5860000000,-1.4662742615
4.5870000000,3.8480758667
4.5880000000,8.6259841919
4.5890000000,12.9818916321
4.5900000000,17.7097320557
4.5910000000,22.6020812988
4.5920000000,25.7420539856
4.5930000000,27.0438194275
4.5940000000,29.7832489014
4.5950000000,31.2781333923
4.5960000000,31.5499305725
4.5970000000,29.3898582458
4.5980000000,28.4099578857
4.5990000000,25.9709358215
4.6000000000,23.5533714294
4.6010000000,18.3892250061
4.6020000000,13.3895874023
4.6030000000,8.2683563232
4.6040000000,2.4533271790
4.6050000000,-3.0398368835
4.6060000000,-8.0466270447
4.6070000000,-12.5026702881
4.6080000000,-17.3091888428
4.6090000000,-21.7795372009
4.6100000000,-24.9552726746
4.6110000000,-27.0938873291
4.6120000000,-29.6974182129
4.6130000000,-31.2781333923
4.6140000000,-31.4426422119
4.6150000000,-30.1122665405
4.6160000000,-28.8677215576
4.6170000000,-27.3728370667
4.6180000000,-23.4746932983
4.6190000000,-17.9600715637
4.6200000000,-13.1106376648
4.6210000000,-8.3541870117
4.6220000000,-2.7823448181
4.6230000000,2.7465820313
4.6240000000,7.6675415039
4.6250000000,12.1951103210
4.6260000000,17.0588493347
4.6270000000,21.6794013977
4.6280000000,25.3629684448
4.6290000000,26.7434120178
4.6300000000,29.3898582458
4.6310000000,31.0564041138
4.6320000000,31.7430496216
4.6330000000,29.4399261475
4.6340000000,28.6889076233
4.6350000000,26.1425971985
4.6360000000,24.0182876587
4.6370000000,18.9971923828
4.6380000000,13.6399269104
4.6390000000,8.6116790771
4.6400000000,2.8395652771
4.6410000000,-2.7680397034
4.6420000000,-7.7390670776
4.6430000000,-12.2308731079
4.6440000000,-17.1160697937
4.6450000000,-21.5435028076
4.6460000000,-24.7335433960
4.6470000000,-27.0938873291
4.6480000000,-29.5758247375
4.6490000000,-31.1779975891
4.6500000000,-31.5070152283
4.6510000000,-30.0836563110
4.6520000000,-28.8963317871
4.6530000000,-27.2727012634
4.6540000000,-23.5033035278
4.6550000000,-17.7955627441
4.6560000000,-12.9246711731
4.6570000000,-8.1896781921
4.6580000000,-2.5033950806
4.6590000000,3.0541419983
4.6600000000,7.9965591431
4.6610000000,12.4883651733
4.6620000000,17.2734260559
4.6630000000,22.2659111023
4.6640000000,25.6919860840
4.6650000000,27.0795822144
4.6660000000,29.3254852295
4.6670000000,31.0778617859
4.6680000000,31.8503379822
4.6690000000,29.4542312622
4.6700000000,28.0952453613
4.6710000000,26.0138511658
4.6720000000,23.2243537903
4.6730000000,17.9028511047
4.6740000000,12.8459930420
4.6750000000,7.7748298645
4.6760000000,1.8453598022
4.6770000000,-3.7765502930
4.6780000000,-8.5687637329
4.6790000000,-13.1177902222
4.6800000000,-18.0101394653
4.6810000000,-22.7522850037
4.6820000000,-25.3772735596
4.6830000000,-28.0094146729
4.6840000000,-29.5758247375
4.6850000000,-31.8002700806
4.6860000000,-30.9205055237
4.6870000000,-29.9263000488
4.6880000000,-28.3527374268
4.6890000000,-26.5717506409
4.6900000000,-21.5792655945
4.6910000000,-16.3364410400
4.6920000000,-11.4440917969
4.6930000000,-6.4802169800
4.6940000000,-0.7295608521
4.6950000000,4.6706199646
4.6960000000,9.4914436340
4.6970000000,14.2693519592
4.6980000000,18.7540054321
4.6990000000,24.1327285767
4.7000000000,26.1211395264
4.7010000000,28.1238555908
4.7020000000,29.6688079834
4.7030000000,32.1006774902
4.7040000000,30.4985046387
4.7050000000,29.3040275574
4.7060000000,26.7863273621
4.7070000000,25.2914428711
4.7080000000,21.1572647095
4.7090000000,15.7499313354
4.7100000000,10.5500221252
4.7110000000,5.0640106201
4.7120000000,-0.7224082947
4.7130000000,-6.0510635376
4.7140000000,-10.8075141907
4.7150000000,-15.6855583191
4.7160000000,-20.2345848083
4.7170000000,-24.2614746094
4.7180000000,-26.3285636902
4.7190000000,-29.2539596558
4.7200000000,-30.5986404419
4.7210000000,-31.9218635559
4.7220000000,-30.0478935242
4.7230000000,-29.3397903442
4.7240000000,-27.3299217224
4.7250000000,-24.5404243469
4.7260000000,-18.3892250061
4.7270000000,-13.4325027466
4.7280000000,-8.6188316345
4.7290000000,-3.0040740967
4.7300000000,2.6392936707
4.7310000000,7.6746940613
4.7320000000,12.3882293701
4.7330000000,17.1446800232
4.7340000000,22.3517417908
4.7350000000,25.5703926086
4.7360000000,27.1153450012
4.7370000000,29.3684005737
4.7380000000,31.2280654907
4.7390000000,31.5642356873
4.7400000000,29.4041633606
4.7410000000,27.8019905090
4.7420000000,25.5346298218
4.7430000000,22.8166580200
4.7440000000,17.5023078918
4.7450000000,11.9590759277
4.7460000000,6.6161155701
4.7470000000,0.8010864258
4.7480000000,-4.6992301941
4.7490000000,-9.6130371094
4.7500000000,-14.4195556641
4.7510000000,-18.9900398254
4.7520000000,-23.5605239868
4.7530000000,-25.6633758545
4.7540000000,-28.7175178528
4.7550000000,-30.3483009338
4.7560000000,-32.0148468018
4.7570000000,-30.2910804749
4.7580000000,-29.6974182129
4.7590000000,-27.6947021484
4.7600000000,-25.4130363464
4.7610000000,-19.3333625793
4.7620000000,-14.6055221558
4.7630000000,-9.2697143555
4.7640000000,-3.8552284241
4.7650000000,1.6593933105
4.7660000000,6.7949295044
4.7670000000,11.4870071411
4.7680000000,16.5152549744
4.7690000000,21.5506553650
4.7700000000,25.2056121826
4.7710000000,26.8006324768
4.7720000000,29.2325019836
4.7730000000,30.9205055237
4.7740000000,31.9147109985
4.7750000000,29.4327735901
4.7760000000,28.1095504761
4.7770000000,25.7205963135
4.7780000000,23.3173370361
4.7790000000,17.6739692688
4.7800000000,12.3167037964
4.7810000000,7.0381164551
4.7820000000,1.1157989502
4.7830000000,-4.3988227844
4.7840000000,-9.3555450439
4.7850000000,-14.2693519592
4.7860000000,-19.0758705139
4.7870000000,-23.6320495605
4.7880000000,-25.6419181824
4.7890000000,-28.6459922791
4.7900000000,-30.4484367371
4.7910000000,-31.9790840149
4.7920000000,-30.2267074585
4.7930000000,-29.5543670654
4.7940000000,-27.5015830994
4.7950000000,-25.1412391663
4.7960000000,-19.1187858582
4.7970000000,-14.1191482544
4.7980000000,-8.9192390442
4.7990000000,-3.5119056702
4.8000000000,2.2673606873
4.8010000000,7.2956085205
4.8020000000,12.2666358948
4.8030000000,17.0874595642
4.8040000000,22.4447250366
4.8050000000,25.4631042480
4.8060000000,27.1725654602
4.8070000000,29.3827056885
4.8080000000,31.4497947693
4.8090000000,31.2638282776
4.8100000000,29.4113159180
4.8110000000,27.5588035583
4.8120000000,25.5560874939
4.8130000000,21.9583511353
4.8140000000,16.5510177612
4.8150000000,11.1579895020
4.8160000000,5.7649612427
4.8170000000,-0.1358985901
4.8180000000,-5.6290626526
4.8190000000,-10.4856491089
4.8200000000,-15.5925750732
4.8210000000,-20.2560424805
4.8220000000,-24.4617462158
4.8230000000,-26.7076492310
4.8240000000,-29.2611122131
4.8250000000,-30.4341316223
4.8260000000,-31.9147109985
4.8270000000,-30.2696228027
4.8280000000,-28.7747383118
4.8290000000,-26.6718864441
4.8300000000,-23.6892700195
4.8310000000,-17.3091888428
4.8320000000,-12.2737884521
4.8330000000,-7.0381164551
4.8340000000,-1.4448165894
4.8350000000,4.1913986206
4.8360000000,9.0408325195
4.8370000000,14.3551826477
4.8380000000,18.9900398254
4.8390000000,24.0111351013
4.8400000000,26.0496139526
4.8410000000,28.4099578857
4.8420000000,29.8547744751
4.8430000000,32.1936607361
4.8440000000,30.0478935242
4.8450000000,28.9750099182
4.8460000000,26.2355804443
4.8470000000,24.6191024780
4.8480000000,19.6337699890
4.8490000000,13.5898590088
4.8500000000,8.5902214050
4.8510000000,2.7036666870
4.8520000000,-3.1042098999
4.8530000000,-8.3827972412
4.8540000000,-13.1964683533
4.8550000000,-18.1746482849
4.8560000000,-22.8381156921
4.8570000000,-25.1698493958
4.8580000000,-28.2168388367
4.8590000000,-30.1051139832
4.8600000000,-31.8861007690
4.8610000000,-30.4770469666
4.8620000000,-29.6473503113
4.8630000000,-27.6374816895
4.8640000000,-25.1626968384
4.8650000000,-19.9413299561
4.8660000000,-14.5411491394
4.8670000000,-9.0122222900
4.8680000000,-3.5405158997
4.8690000000,2.2959709167
4.8700000000,7.2526931763
4.8710000000,12.6457214355
4.8720000000,17.3306465149
4.8730000000,22.5520133972
4.8740000000,25.1555442810
4.8750000000,27.3370742798
4.8760000000,29.7975540161
4.8770000000,31.8002700806
4.8780000000,30.5199623108
4.8790000000,29.2038917542
4.8800000000,27.4014472961
4.8810000000,25.0053405762
4.8820000000,21.2073326111
4.8830000000,15.6497955322
4.8840000000,9.9921226501
4.8850000000,4.2700767517
4.8860000000,-1.7380714417
4.8870000000,-6.9308280945
4.8880000000,-11.8803977966
4.8890000000,-17.1947479248
4.8900000000,-21.7652320862
4.8910000000,-24.5904922485
4.8920000000,-27.5659561157
4.8930000000,-29.6759605408
4.8940000000,-31.7502021790
4.8950000000,-30.8632850647
4.8960000000,-29.8118591309
4.8970000000,-28.0308723450
4.8980000000,-25.7921218872
4.8990000000,-21.0285186768
4.9000000000,-15.1705741882
4.9010000000,-9.7846984863
4.9020000000,-4.4274330139
4.9030000000,1.4233589172
4.9040000000,6.5159797668
4.9050000000,11.7945671082
4.9060000000,16.7226791382
4.9070000000,22.1872329712
4.9080000000,25.1626968384
4.9090000000,27.2083282471
4.9100000000,29.3254852295
4.9110000000,31.4855575562
4.9120000000,31.1207771301
4.9130000000,29.2825698853
4.9140000000,27.3585319519
4.9150000000,25.0983238220
4.9160000000,21.5220451355
4.9170000000,15.9859657288
4.9180000000,10.1566314697
4.9190000000,4.4775009155
4.9200000000,-1.6164779663
4.9210000000,-6.8020820618
4.9220000000,-11.8231773376
4.9230000000,-17.2519683838
4.9240000000,-21.8152999878
4.9250000000,-24.5904922485
4.9260000000,-27.6374816895
4.9270000000,-29.7188758850
4.9280000000,-31.8002700806
4.9290000000,-30.7989120483
4.9300000000,-29.7260284424
4.9310000000,-27.8663635254
4.9320000000,-25.4416465759
4.9330000000,-20.7638740540
4.9340000000,-14.9774551392
4.9350000000,-9.4056129456
4.9360000000,-3.8051605225
4.9370000000,1.9955635071
4.9380000000,7.1310997009
4.9390000000,12.5312805176
4.9400000000,17.3878669739
4.9410000000,22.5019454956
4.9420000000,25.0983238220
4.9430000000,27.5731086731
4.9440000000,29.8333168030
4.9450000000,31.8789482117
4.9460000000,30.2481651306
4.9470000000,29.1681289673
4.9480000000,27.0581245422
4.9490000000,24.7478485107
4.9500000000,20.4849243164
4.9510000000,14.7771835327
4.9520000000,9.0479850769
4.9530000000,3.2472610474
4.9540000000,-2.6965141296
4.9550000000,-7.8606605530
4.9560000000,-13.1893157959
4.9570000000,-18.1674957275
4.9580000000,-22.8095054626
4.9590000000,-25.2342224121
4.9600000000,-28.3956527710
4.9610000000,-30.2124023438
4.9620000000,-31.9361686707
4.9630000000,-30.2124023438
4.9640000000,-29.3970108032
4.9650000000,-27.2512435913
4.9660000000,-24.5547294617
4.9670000000,-18.6395645142
4.9680000000,-13.1893157959
4.9690000000,-7.6532363892
4.9700000000,-2.0670890808
4.9710000000,3.5905838013
4.9720000000,8.7475776672
4.9730000000,14.2121315002
4.9740000000,19.2689895630
4.9750000000,23.8037109375
4.9760000000,26.0210037231
4.9770000000,28.5387039185
4.9780000000,30.0550460815
4.9790000000,32.1650505066
4.9800000000,29.7117233276
4.9810000000,28.5315513611
4.9820000000,25.9280204773
4.9830000000,23.6463546753
4.9840000000,17.9886817932
4.9850000000,12.1879577637
4.9860000000,6.6375732422
4.9870000000,0.7724761963
4.9880000000,-4.9424171448
4.9890000000,-9.9635124207
4.9900000000,-15.6211853027
4.9910000000,-20.4420089722
4.9920000000,-24.0755081177
4.9930000000,-27.0509719849
4.9940000000,-29.1752815247
4.9950000000,-30.8704376221
4.9960000000,-31.5928459167
4.9970000000,-30.0765037537
4.9980000000,-28.0880928040
4.9990000000,-25.9923934937
