time (s),velocity (rpm)
0.0000000000,-0.0786781311
0.0010000000,0.0357627869
0.0020000000,0.0786781311
0.0030000000,-0.0858306885
0.0040000000,-0.0429153442
0.0050000000,0.0929832458
0.0060000000,0.0071525574
0.0070000000,-0.1144409180
0.0080000000,0.0357627869
0.0090000000,0.1001358032
0.0100000000,-0.0572204590
0.0110000000,-0.0715255737
0.0120000000,0.0715255737
0.0130000000,0.0643730164
0.0140000000,-0.0786781311
0.0150000000,-0.0357627869
0.0160000000,0.1144409180
0.0170000000,-0.0214576721
0.0180000000,-0.0572204590
0.0190000000,-0.0071525574
0.0200000000,0.0786781311
0.0210000000,-0.0214576721
0.0220000000,-0.0572204590
0.0230000000,0.0143051147
0.0240000000,0.0715255737
0.0250000000,0.0071525574
0.0260000000,-0.0715255737
0.0270000000,0.0071525574
0.0280000000,0.0572204590
0.0290000000,0.0071525574
0.0300000000,-0.0429153442
0.0310000000,0.0214576721
0.0320000000,0.0286102295
0.0330000000,-0.0214576721
0.0340000000,0.0071525574
0.0350000000,0.0572204590
0.0360000000,0.0143051147
0.0370000000,0.0000000000
0.0380000000,0.0071525574
0.0390000000,0.0143051147
0.0400000000,0.0643730164
0.0410000000,0.0357627869
0.0420000000,0.0000000000
0.0430000000,0.0715255737
0.0440000000,0.0643730164
0.0450000000,0.1001358032
0.0460000000,0.1072883606
0.0470000000,0.0858306885
0.0480000000,0.1144409180
0.0490000000,0.1430511475
0.0500000000,0.1430511475
0.0510000000,0.1144409180
0.0520000000,0.1788139343
0.0530000000,0.1716613770
0.0540000000,0.1859664917
0.0550000000,0.1859664917
0.0560000000,0.1931190491
0.0570000000,0.3075599670
0.0580000000,0.2074241638
0.0590000000,0.2646446228
0.0600000000,0.3147125244
0.0610000000,0.3290176392
0.0620000000,0.3504753113
0.0630000000,0.3933906555
0.0640000000,0.3862380981
0.0650000000,0.5221366882
0.0660000000,0.4863739014
0.0670000000,0.5292892456
0.0680000000,0.6151199341
0.0690000000,0.6508827209
0.0700000000,0.7081031799
0.0710000000,0.8082389832
0.0720000000,0.8511543274
0.0730000000,0.9584426880
0.0740000000,1.0013580322
0.0750000000,1.1801719666
0.0760000000,1.2445449829
0.0770000000,1.4305114746
0.0780000000,1.5449523926
0.0790000000,1.6951560974
0.0800000000,1.7952919006
0.0810000000,1.8382072449
0.0820000000,1.9812583923
0.0830000000,2.0313262939
0.0840000000,2.1529197693
0.0850000000,2.1815299988
0.0860000000,2.2459030151
0.0870000000,2.3889541626
0.0880000000,2.5177001953
0.0890000000,2.6321411133
0.0900000000,2.7537345886
0.0910000000,2.8038024902
0.0920000000,2.8395652771
0.0930000000,2.8681755066
0.0940000000,2.9826164246
0.0950000000,3.0899047852
0.0960000000,3.1471252441
0.0970000000,3.2687187195
0.0980000000,3.4546852112
0.0990000000,3.5262107849
0.1000000000,3.6191940308
0.1010000000,3.7336349487
0.1020000000,3.7407875061
0.1030000000,3.6978721619
0.1040000000,3.7622451782
0.1050000000,3.7765502930
0.1060000000,3.9553642273
0.1070000000,4.1198730469
0.1080000000,4.1913986206
0.1090000000,4.2271614075
0.1100000000,4.1913986206
0.1110000000,4.2772293091
0.1120000000,4.4488906860
0.1130000000,4.6348571777
0.1140000000,4.7492980957
0.1150000000,4.8208236694
0.1160000000,4.8708915710
0.1170000000,4.9138069153
0.1180000000,4.8494338989
0.1190000000,4.9710273743
0.1200000000,5.1784515381
0.1210000000,5.3143501282
0.1220000000,5.2642822266
0.1230000000,5.4216384888
0.1240000000,5.5503845215
0.1250000000,5.8150291443
0.1260000000,6.0296058655
0.1270000000,5.9437751770
0.1280000000,5.8150291443
0.1290000000,5.8436393738
0.1300000000,6.0153007507
0.1310000000,6.1941146851
0.1320000000,6.0653686523
0.1330000000,6.1798095703
0.1340000000,6.4015388489
0.1350000000,6.5875053406
0.1360000000,6.8163871765
0.1370000000,6.7591667175
0.1380000000,6.4945220947
0.1390000000,6.6876411438
0.1400000000,6.9236755371
0.1410000000,6.9880485535
0.1420000000,7.1239471436
0.1430000000,7.4958801270
0.1440000000,7.7962875366
0.1450000000,7.6031684875
0.1460000000,7.3528289795
0.1470000000,7.5674057007
0.1480000000,7.7676773071
0.1490000000,7.5745582581
0.1500000000,7.7390670776
0.1510000000,8.0895423889
0.1520000000,8.2540512085
0.1530000000,8.1753730774
0.1540000000,8.1038475037
0.1550000000,8.3470344543
0.1560000000,8.2898139954
0.1570000000,8.4829330444
0.1580000000,8.9550018311
0.1590000000,9.2339515686
0.1600000000,8.8334083557
0.1610000000,8.9263916016
0.1620000000,9.1123580933
0.1630000000,8.8977813721
0.1640000000,9.1552734375
0.1650000000,9.5415115356
0.1660000000,9.5629692078
0.1670000000,9.4842910767
0.1680000000,9.8991394043
0.1690000000,9.6416473389
0.1700000000,10.0207328796
0.1710000000,10.7288360596
0.1720000000,10.4570388794
0.1730000000,10.2281570435
0.1740000000,10.4641914368
0.1750000000,10.2496147156
0.1760000000,10.7502937317
0.1770000000,11.0721588135
0.1780000000,10.8289718628
0.1790000000,10.9720230103
0.1800000000,10.9934806824
0.1810000000,11.3725662231
0.1820000000,12.1021270752
0.1830000000,11.6515159607
0.1840000000,11.7087364197
0.1850000000,11.5442276001
0.1860000000,11.7516517639
0.1870000000,12.2165679932
0.1880000000,11.9948387146
0.1890000000,12.2451782227
0.1900000000,12.4382972717
0.1910000000,12.6957893372
0.1920000000,13.2608413696
0.1930000000,12.8674507141
0.1940000000,13.1177902222
0.1950000000,12.5741958618
0.1960000000,13.0105018616
0.1970000000,13.3252143860
0.1980000000,13.7329101563
0.1990000000,13.7042999268
0.2000000000,14.0905380249
0.2010000000,14.6055221558
0.2020000000,14.3408775330
0.2030000000,14.1620635986
0.2040000000,13.9260292053
0.2050000000,14.6770477295
0.2060000000,14.5626068115
0.2070000000,14.6341323853
0.2080000000,15.7284736633
0.2090000000,16.1075592041
0.2100000000,15.0775909424
0.2110000000,14.8200988770
0.2120000000,15.7427787781
0.2130000000,15.7213211060
0.2140000000,15.5782699585
0.2150000000,16.0002708435
0.2160000000,17.5023078918
0.2170000000,16.4008140564
0.2180000000,16.0074234009
0.2190000000,16.4937973022
0.2200000000,16.7942047119
0.2210000000,16.7441368103
0.2220000000,17.0373916626
0.2230000000,17.9314613342
0.2240000000,17.6453590393
0.2250000000,17.3163414001
0.2260000000,16.9658660889
0.2270000000,17.3878669739
0.2280000000,17.9457664490
0.2290000000,18.0816650391
0.2300000000,18.8112258911
0.2310000000,18.5680389404
0.2320000000,17.7454948425
0.2330000000,18.3391571045
0.2340000000,18.3176994324
0.2350000000,18.6038017273
0.2360000000,20.4634666443
0.2370000000,19.0114974976
0.2380000000,18.5179710388
0.2390000000,19.6051597595
0.2400000000,19.0186500549
0.2410000000,19.2832946777
0.2420000000,21.2645530701
0.2430000000,19.8984146118
0.2440000000,19.3190574646
0.2450000000,20.3204154968
0.2460000000,19.9699401855
0.2470000000,20.4277038574
0.2480000000,21.4290618896
0.2490000000,21.0571289063
0.2500000000,20.1416015625
0.2510000000,20.5922126770
0.2520000000,21.2001800537
0.2530000000,21.6221809387
0.2540000000,21.9011306763
0.2550000000,21.3861465454
0.2560000000,21.1286544800
0.2570000000,21.3646888733
0.2580000000,21.6150283813
0.2590000000,23.5176086426
0.2600000000,21.8152999878
0.2610000000,21.7723846436
0.2620000000,22.1943855286
0.2630000000,22.0799446106
0.2640000000,24.2614746094
0.2650000000,22.8595733643
0.2660000000,22.2587585449
0.2670000000,22.9597091675
0.2680000000,23.1885910034
0.2690000000,24.1398811340
0.2700000000,23.9038467407
0.2710000000,23.0240821838
0.2720000000,23.4174728394
0.2730000000,24.0612030029
0.2740000000,24.8193740845
0.2750000000,24.5046615601
0.2760000000,23.6606597900
0.2770000000,24.3330001831
0.2780000000,24.1827964783
0.2790000000,25.6705284119
0.2800000000,24.6620178223
0.2810000000,24.7621536255
0.2820000000,24.7335433960
0.2830000000,24.8837471008
0.2840000000,26.0066986084
0.2850000000,24.9695777893
0.2860000000,25.7706642151
0.2870000000,24.7693061829
0.2880000000,26.3714790344
0.2890000000,26.1354446411
0.2900000000,25.4130363464
0.2910000000,25.9137153625
0.2920000000,25.7349014282
0.2930000000,27.2011756897
0.2940000000,26.0782241821
0.2950000000,26.2713432312
0.2960000000,26.2427330017
0.2970000000,27.3871421814
0.2980000000,27.0080566406
0.2990000000,26.4501571655
0.3000000000,26.7505645752
0.3010000000,26.9722938538
0.3020000000,27.9593467712
0.3030000000,26.9579887390
0.3040000000,27.3585319519
0.3050000000,26.9079208374
0.3060000000,28.5029411316
0.3070000000,27.5301933289
0.3080000000,27.7447700500
0.3090000000,27.2226333618
0.3100000000,28.6245346069
0.3110000000,27.9736518860
0.3120000000,27.8377532959
0.3130000000,27.5945663452
0.3140000000,28.4385681152
0.3150000000,28.3813476563
0.3160000000,28.0165672302
0.3170000000,27.7304649353
0.3180000000,28.4886360168
0.3190000000,28.9893150330
0.3200000000,28.2669067383
0.3210000000,28.3241271973
0.3220000000,28.9463996887
0.3230000000,29.9119949341
0.3240000000,28.5601615906
0.3250000000,28.9034843445
0.3260000000,29.4542312622
0.3270000000,30.3411483765
0.3280000000,29.1967391968
0.3290000000,29.0822982788
0.3300000000,30.1265716553
0.3310000000,30.2910804749
0.3320000000,29.5114517212
0.3330000000,29.1037559509
0.3340000000,30.4698944092
0.3350000000,30.3053855896
0.3360000000,29.4041633606
0.3370000000,29.6759605408
0.3380000000,30.4698944092
0.3390000000,30.4698944092
0.3400000000,29.2897224426
0.3410000000,29.7546386719
0.3420000000,30.6487083435
0.3430000000,30.1408767700
0.3440000000,29.6115875244
0.3450000000,29.4184684753
0.3460000000,30.6129455566
0.3470000000,29.5114517212
0.3480000000,30.0192832947
0.3490000000,29.0322303772
0.3500000000,30.6272506714
0.3510000000,29.4685363770
0.3520000000,29.5758247375
0.3530000000,29.3898582458
0.3540000000,30.7703018188
0.3550000000,29.7260284424
0.3560000000,29.2396545410
0.3570000000,29.6044349670
0.3580000000,30.8775901794
0.3590000000,29.6401977539
0.3600000000,29.4971466064
0.3610000000,29.7832489014
0.3620000000,31.0206413269
0.3630000000,29.3684005737
0.3640000000,29.7832489014
0.3650000000,29.5686721802
0.3660000000,31.0420989990
0.3670000000,29.2897224426
0.3680000000,29.4971466064
0.3690000000,29.7474861145
0.3700000000,30.7059288025
0.3710000000,29.3684005737
0.3720000000,29.1109085083
0.3730000000,29.6330451965
0.3740000000,30.6844711304
0.3750000000,28.9249420166
0.3760000000,29.3397903442
0.3770000000,29.5329093933
0.3780000000,30.4269790649
0.3790000000,28.5744667053
0.3800000000,29.2396545410
0.3810000000,29.1609764099
0.3820000000,30.1194190979
0.3830000000,28.4457206726
0.3840000000,28.7246704102
0.3850000000,28.8820266724
0.3860000000,29.8261642456
0.3870000000,28.1882286072
0.3880000000,28.3813476563
0.3890000000,28.3384323120
0.3900000000,29.7617912292
0.3910000000,27.9164314270
0.3920000000,28.3241271973
0.3930000000,27.7304649353
0.3940000000,29.1109085083
0.3950000000,27.9307365417
0.3960000000,27.9521942139
0.3970000000,27.3084640503
0.3980000000,28.6316871643
0.3990000000,27.7304649353
0.4000000000,27.3513793945
0.4010000000,26.8363952637
0.4020000000,28.1882286072
0.4030000000,27.2154808044
0.4040000000,26.4215469360
0.4050000000,26.6718864441
0.4060000000,27.0080566406
0.4070000000,27.3299217224
0.4080000000,25.6848335266
0.4090000000,26.1640548706
0.4100000000,25.7062911987
0.4110000000,26.9579887390
0.4120000000,25.7921218872
0.4130000000,25.3343582153
0.4140000000,25.0411033630
0.4150000000,25.0911712646
0.4160000000,25.7992744446
0.4170000000,24.5189666748
0.4180000000,24.5618820190
0.4190000000,24.1041183472
0.4200000000,24.8050689697
0.4210000000,24.7049331665
0.4220000000,23.4603881836
0.4230000000,23.3316421509
0.4240000000,23.6678123474
0.4250000000,24.0468978882
0.4260000000,23.7607955933
0.4270000000,22.5877761841
0.4280000000,22.6378440857
0.4290000000,22.5090980530
0.4300000000,22.9310989380
0.4310000000,22.6950645447
0.4320000000,21.7366218567
0.4330000000,22.0155715942
0.4340000000,21.1501121521
0.4350000000,21.2502479553
0.4360000000,21.9941139221
0.4370000000,20.9140777588
0.4380000000,20.4062461853
0.4390000000,20.2846527100
0.4400000000,20.0057029724
0.4410000000,20.3704833984
0.4420000000,19.8411941528
0.4430000000,19.1259384155
0.4440000000,19.0329551697
0.4450000000,18.9256668091
0.4460000000,18.4679031372
0.4470000000,18.4679031372
0.4480000000,18.5537338257
0.4490000000,17.7240371704
0.4500000000,17.1303749084
0.4510000000,17.5094604492
0.4520000000,16.9229507446
0.4530000000,16.6654586792
0.4540000000,17.2877311707
0.4550000000,16.6225433350
0.4560000000,15.9502029419
0.4570000000,15.2420997620
0.4580000000,15.5282020569
0.4590000000,14.9488449097
0.4600000000,14.9846076965
0.4610000000,14.8916244507
0.4620000000,15.2921676636
0.4630000000,14.1549110413
0.4640000000,13.6685371399
0.4650000000,13.1177902222
0.4660000000,13.2966041565
0.4670000000,12.7887725830
0.4680000000,12.5169754028
0.4690000000,12.1450424194
0.4700000000,11.9876861572
0.4710000000,12.0878219604
0.4720000000,11.0578536987
0.4730000000,10.8218193054
0.4740000000,10.2138519287
0.4750000000,9.8633766174
0.4760000000,9.8991394043
0.4770000000,9.6058845520
0.4780000000,8.9406967163
0.4790000000,8.5687637329
0.4800000000,8.2397460938
0.4810000000,7.8105926514
0.4820000000,7.6246261597
0.4830000000,7.5101852417
0.4840000000,6.9737434387
0.4850000000,6.3872337341
0.4860000000,5.8722496033
0.4870000000,5.5932998657
0.4880000000,5.2857398987
0.4890000000,4.8565864563
0.4900000000,4.4560432434
0.4910000000,4.0841102600
0.4920000000,3.7765502930
0.4930000000,3.5190582275
0.4940000000,3.1328201294
0.4950000000,2.7537345886
0.4960000000,2.3388862610
0.4970000000,1.9454956055
0.4980000000,1.6021728516
0.4990000000,1.1873245239
0.5000000000,0.8583068848
0.5010000000,0.4935264587
0.5020000000,0.1859664917
0.5030000000,-0.0715255737
0.5040000000,-0.1859664917
0.5050000000,-0.2002716064
0.5060000000,-0.2717971802
0.5070000000,-0.4577636719
0.5080000000,-0.5364418030
0.5090000000,-0.5865097046
0.5100000000,-0.7224082947
0.5110000000,-0.8153915405
0.5120000000,-0.9799003601
0.5130000000,-1.2660026550
0.5140000000,-1.5020370483
0.5150000000,-1.7881393433
0.5160000000,-1.9526481628
0.5170000000,-2.1672248840
0.5180000000,-2.5892257690
0.5190000000,-3.1256675720
0.5200000000,-3.6334991455
0.5210000000,-4.3988227844
0.5220000000,-5.0711631775
0.5230000000,-5.8937072754
0.5240000000,-6.5374374390
0.5250000000,-6.8378448486
0.5260000000,-7.4672698975
0.5270000000,-8.1181526184
0.5280000000,-8.2612037659
0.5290000000,-8.3613395691
0.5300000000,-8.8763237000
0.5310000000,-9.6487998962
0.5320000000,-9.9492073059
0.5330000000,-10.7216835022
0.5340000000,-11.0936164856
0.5350000000,-11.2938880920
0.5360000000,-12.0663642883
0.5370000000,-12.5169754028
0.5380000000,-13.1821632385
0.5390000000,-13.0605697632
0.5400000000,-12.8173828125
0.5410000000,-13.7615203857
0.5420000000,-14.2765045166
0.5430000000,-14.9989128113
0.5440000000,-14.8987770081
0.5450000000,-15.7141685486
0.5460000000,-16.2005424500
0.5470000000,-16.5295600891
0.5480000000,-16.2863731384
0.5490000000,-16.8728828430
0.5500000000,-17.6668167114
0.5510000000,-17.4021720886
0.5520000000,-18.3248519897
0.5530000000,-19.1974639893
0.5540000000,-18.9614295959
0.5550000000,-19.0615653992
0.5560000000,-19.5193290710
0.5570000000,-19.6194648743
0.5580000000,-20.6494331360
0.5590000000,-21.5721130371
0.5600000000,-20.5636024475
0.5610000000,-20.5564498901
0.5620000000,-21.5435028076
0.5630000000,-21.7366218567
0.5640000000,-22.6593017578
0.5650000000,-22.5663185120
0.5660000000,-22.0084190369
0.5670000000,-22.7665901184
0.5680000000,-22.8738784790
0.5690000000,-23.4031677246
0.5700000000,-23.9753723145
0.5710000000,-23.3960151672
0.5720000000,-23.8609313965
0.5730000000,-23.6749649048
0.5740000000,-24.6477127075
0.5750000000,-25.2056121826
0.5760000000,-24.3830680847
0.5770000000,-24.8694419861
0.5780000000,-25.0196456909
0.5790000000,-26.5073776245
0.5800000000,-25.4559516907
0.5810000000,-25.4845619202
0.5820000000,-26.0925292969
0.5830000000,-27.0152091980
0.5840000000,-27.3871421814
0.5850000000,-26.3142585754
0.5860000000,-27.2512435913
0.5870000000,-27.4729728699
0.5880000000,-28.3098220825
0.5890000000,-27.5158882141
0.5900000000,-27.8806686401
0.5910000000,-27.9736518860
0.5920000000,-29.0751457214
0.5930000000,-28.4743309021
0.5940000000,-28.2812118530
0.5950000000,-28.4099578857
0.5960000000,-30.1337242126
0.5970000000,-28.8105010986
0.5980000000,-28.6817550659
0.5990000000,-29.2110443115
0.6000000000,-30.5199623108
0.6010000000,-29.0179252625
0.6020000000,-29.4184684753
0.6030000000,-29.6688079834
0.6040000000,-30.4341316223
0.6050000000,-29.4613838196
0.6060000000,-29.5472145081
0.6070000000,-30.0693511963
0.6080000000,-30.6129455566
0.6090000000,-29.6902656555
0.6100000000,-29.4828414917
0.6110000000,-30.1837921143
0.6120000000,-31.2423706055
0.6130000000,-29.5257568359
0.6140000000,-29.8404693604
0.6150000000,-30.2910804749
0.6160000000,-31.1923027039
0.6170000000,-29.5257568359
0.6180000000,-29.8619270325
0.6190000000,-30.4770469666
0.6200000000,-30.5700302124
0.6210000000,-29.8476219177
0.6220000000,-29.3469429016
0.6230000000,-30.5128097534
0.6240000000,-30.4698944092
0.6250000000,-29.3469429016
0.6260000000,-29.2897224426
0.6270000000,-29.8905372620
0.6280000000,-30.4913520813
0.6290000000,-28.4314155579
0.6300000000,-29.3898582458
0.6310000000,-29.4327735901
0.6320000000,-29.8333168030
0.6330000000,-28.4314155579
0.6340000000,-28.4528732300
0.6350000000,-29.2038917542
0.6360000000,-28.9106369019
0.6370000000,-28.1167030334
0.6380000000,-27.7590751648
0.6390000000,-28.3956527710
0.6400000000,-28.4814834595
0.6410000000,-27.4944305420
0.6420000000,-27.0080566406
0.6430000000,-27.1582603455
0.6440000000,-28.2311439514
0.6450000000,-26.3071060181
0.6460000000,-26.3714790344
0.6470000000,-25.8994102478
0.6480000000,-26.9436836243
0.6490000000,-26.1712074280
0.6500000000,-25.0554084778
0.6510000000,-25.5560874939
0.6520000000,-25.1770019531
0.6530000000,-25.2985954285
0.6540000000,-23.9968299866
0.6550000000,-24.1041183472
0.6560000000,-23.7679481506
0.6570000000,-23.8394737244
0.6580000000,-23.5962867737
0.6590000000,-22.4590301514
0.6600000000,-22.1729278564
0.6610000000,-21.8868255615
0.6620000000,-21.9225883484
0.6630000000,-22.0584869385
0.6640000000,-20.8640098572
0.6650000000,-20.1272964478
0.6660000000,-20.1272964478
0.6670000000,-19.5837020874
0.6680000000,-19.7839736938
0.6690000000,-19.9055671692
0.6700000000,-18.5322761536
0.6710000000,-17.8813934326
0.6720000000,-17.6954269409
0.6730000000,-17.3878669739
0.6740000000,-17.4593925476
0.6750000000,-17.2448158264
0.6760000000,-16.7155265808
0.6770000000,-15.5568122864
0.6780000000,-15.4280662537
0.6790000000,-14.8773193359
0.6800000000,-14.7485733032
0.6810000000,-14.4124031067
0.6820000000,-14.5339965820
0.6830000000,-13.4968757629
0.6840000000,-13.2322311401
0.6850000000,-12.0019912720
0.6860000000,-11.6014480591
0.6870000000,-11.2581253052
0.6880000000,-11.0220909119
0.6890000000,-10.7789039612
0.6900000000,-9.9635124207
0.6910000000,-9.5987319946
0.6920000000,-9.3126296997
0.6930000000,-8.5687637329
0.6940000000,-8.3613395691
0.6950000000,-7.9965591431
0.6960000000,-7.1096420288
0.6970000000,-6.1869621277
0.6980000000,-5.6862831116
0.6990000000,-5.3572654724
0.7000000000,-5.0282478333
0.7010000000,-4.6062469482
0.7020000000,-4.0698051453
0.7030000000,-3.5619735718
0.7040000000,-3.0398368835
0.7050000000,-2.6249885559
0.7060000000,-2.0599365234
0.7070000000,-1.5020370483
0.7080000000,-0.9655952454
0.7090000000,-0.4577636719
0.7100000000,0.0357627869
0.7110000000,0.2646446228
0.7120000000,0.3075599670
0.7130000000,0.3647804260
0.7140000000,0.3933906555
0.7150000000,0.4649162292
0.7160000000,0.6437301636
0.7170000000,1.0156631470
0.7180000000,1.4019012451
0.7190000000,1.8453598022
0.7200000000,2.2888183594
0.7210000000,2.8109550476
0.7220000000,3.5333633423
0.7230000000,4.2772293091
0.7240000000,5.0067901611
0.7250000000,5.6219100952
0.7260000000,6.3514709473
0.7270000000,7.1597099304
0.7280000000,8.2540512085
0.7290000000,8.9836120605
0.7300000000,9.0765953064
0.7310000000,9.4699859619
0.7320000000,10.1780891418
0.7330000000,10.6358528137
0.7340000000,11.7802619934
0.7350000000,12.3882293701
0.7360000000,12.2880935669
0.7370000000,13.0820274353
0.7380000000,14.0476226807
0.7390000000,15.6354904175
0.7400000000,14.9416923523
0.7410000000,15.1991844177
0.7420000000,15.9072875977
0.7430000000,16.7369842529
0.7440000000,16.6940689087
0.7450000000,17.5952911377
0.7460000000,19.1259384155
0.7470000000,18.6896324158
0.7480000000,18.5322761536
0.7490000000,19.3691253662
0.7500000000,19.9913978577
0.7510000000,20.5278396606
0.7520000000,21.8510627747
0.7530000000,21.0499763489
0.7540000000,20.9355354309
0.7550000000,22.3302841187
0.7560000000,22.2086906433
0.7570000000,22.9811668396
0.7580000000,23.4246253967
0.7590000000,23.1027603149
0.7600000000,24.2042541504
0.7610000000,23.4889984131
0.7620000000,24.5761871338
0.7630000000,24.8408317566
0.7640000000,24.4903564453
0.7650000000,25.3701210022
0.7660000000,25.0697135925
0.7670000000,26.5145301819
0.7680000000,26.2570381165
0.7690000000,25.5274772644
0.7700000000,26.3857841492
0.7710000000,27.0438194275
0.7720000000,27.9951095581
0.7730000000,26.6504287720
0.7740000000,27.3942947388
0.7750000000,27.4586677551
0.7760000000,29.0107727051
0.7770000000,27.8234481812
0.7780000000,28.7103652954
0.7790000000,28.1882286072
0.7800000000,29.6831130981
0.7810000000,28.6674499512
0.7820000000,29.2968750000
0.7830000000,28.6531448364
0.7840000000,30.6773185730
0.7850000000,29.4399261475
0.7860000000,29.2468070984
0.7870000000,29.0894508362
0.7880000000,31.1350822449
0.7890000000,29.8905372620
0.7900000000,29.6044349670
0.7910000000,29.2968750000
0.7920000000,31.0277938843
0.7930000000,29.7760963440
0.7940000000,30.2696228027
0.7950000000,29.7260284424
0.7960000000,30.8203697205
0.7970000000,29.5972824097
0.7980000000,30.0049781799
0.7990000000,29.6401977539
0.8000000000,31.0420989990
0.8010000000,29.3111801147
0.8020000000,29.0822982788
0.8030000000,29.4256210327
0.8040000000,30.5914878845
0.8050000000,28.8605690002
0.8060000000,28.6746025085
0.8070000000,28.6817550659
0.8080000000,29.6545028687
0.8090000000,28.2454490662
0.8100000000,28.4743309021
0.8110000000,27.8449058533
0.8120000000,28.8605690002
0.8130000000,27.4586677551
0.8140000000,27.3370742798
0.8150000000,27.2011756897
0.8160000000,28.0237197876
0.8170000000,26.2355804443
0.8180000000,26.2856483459
0.8190000000,25.9280204773
0.8200000000,26.6289710999
0.8210000000,25.7205963135
0.8220000000,24.3830680847
0.8230000000,24.8336791992
0.8240000000,24.0898132324
0.8250000000,24.9910354614
0.8260000000,23.7536430359
0.8270000000,22.9454040527
0.8280000000,22.5090980530
0.8290000000,21.9869613647
0.8300000000,22.9382514954
0.8310000000,21.6650962830
0.8320000000,20.6065177917
0.8330000000,20.5349922180
0.8340000000,19.8411941528
0.8350000000,19.9055671692
0.8360000000,19.8411941528
0.8370000000,18.4321403503
0.8380000000,17.3878669739
0.8390000000,17.7240371704
0.8400000000,16.8943405151
0.8410000000,16.6225433350
0.8420000000,16.8514251709
0.8430000000,15.7928466797
0.8440000000,14.7485733032
0.8450000000,13.8545036316
0.8460000000,14.0047073364
0.8470000000,13.5970115662
0.8480000000,12.7029418945
0.8490000000,12.0878219604
0.8500000000,11.6658210754
0.8510000000,11.7230415344
0.8520000000,10.5214118958
0.8530000000,9.7060203552
0.8540000000,9.2554092407
0.8550000000,8.4185600281
0.8560000000,7.8749656677
0.8570000000,7.4315071106
0.8580000000,6.9451332092
0.8590000000,6.1297416687
0.8600000000,5.2142143250
0.8610000000,4.7421455383
0.8620000000,4.2772293091
0.8630000000,3.6478042603
0.8640000000,2.8681755066
0.8650000000,2.2602081299
0.8660000000,1.6236305237
0.8670000000,1.0728836060
0.8680000000,0.3862380981
0.8690000000,-0.1215934753
0.8700000000,-0.4148483276
0.8710000000,-0.6723403931
0.8720000000,-0.8726119995
0.8730000000,-0.9512901306
0.8740000000,-1.2016296387
0.8750000000,-1.4162063599
0.8760000000,-1.8739700317
0.8770000000,-2.4175643921
0.8780000000,-2.9110908508
0.8790000000,-3.5047531128
0.8800000000,-4.1341781616
0.8810000000,-5.0067901611
0.8820000000,-6.0367584229
0.8830000000,-6.9737434387
0.8840000000,-7.8105926514
0.8850000000,-8.3327293396
0.8860000000,-9.1552734375
0.8870000000,-10.3569030762
0.8880000000,-10.8861923218
0.8890000000,-11.9948387146
0.8900000000,-12.4454498291
0.8910000000,-12.4883651733
0.8920000000,-13.5326385498
0.8930000000,-14.3194198608
0.8940000000,-15.4423713684
0.8950000000,-15.5496597290
0.8960000000,-16.8442726135
0.8970000000,-17.3091888428
0.8980000000,-17.6239013672
0.8990000000,-18.1388854980
0.9000000000,-18.4249877930
0.9010000000,-19.1760063171
0.9020000000,-20.5206871033
0.9030000000,-21.1215019226
0.9040000000,-21.0857391357
0.9050000000,-21.2073326111
0.9060000000,-21.4934349060
0.9070000000,-22.2301483154
0.9080000000,-23.5962867737
0.9090000000,-24.0540504456
0.9100000000,-23.0312347412
0.9110000000,-24.0397453308
0.9120000000,-24.3616104126
0.9130000000,-25.3558158875
0.9140000000,-25.5060195923
0.9150000000,-24.9195098877
0.9160000000,-26.1282920837
0.9170000000,-26.2427330017
0.9180000000,-27.3799896240
0.9190000000,-26.6075134277
0.9200000000,-26.8292427063
0.9210000000,-26.8936157227
0.9220000000,-28.5243988037
0.9230000000,-28.1667709351
0.9240000000,-27.8806686401
0.9250000000,-27.6517868042
0.9260000000,-29.2611122131
0.9270000000,-28.8748741150
0.9280000000,-28.6245346069
0.9290000000,-28.8963317871
0.9300000000,-29.7331809998
0.9310000000,-29.4542312622
0.9320000000,-29.1395187378
0.9330000000,-29.5472145081
0.9340000000,-30.3626060486
0.9350000000,-29.8976898193
0.9360000000,-29.6616554260
0.9370000000,-29.3612480164
0.9380000000,-31.0492515564
0.9390000000,-29.9763679504
0.9400000000,-29.9119949341
0.9410000000,-29.3612480164
0.9420000000,-31.0492515564
0.9430000000,-29.6759605408
0.9440000000,-29.8690795898
0.9450000000,-29.3469429016
0.9460000000,-30.4341316223
0.9470000000,-29.0179252625
0.9480000000,-29.2754173279
0.9490000000,-29.1824340820
0.9500000000,-29.7045707703
0.9510000000,-28.6602973938
0.9520000000,-28.3169746399
0.9530000000,-27.9092788696
0.9540000000,-29.1752815247
0.9550000000,-27.6875495911
0.9560000000,-27.3799896240
0.9570000000,-26.7291069031
0.9580000000,-27.3728370667
0.9590000000,-27.3513793945
0.9600000000,-25.7492065430
0.9610000000,-25.8064270020
0.9620000000,-25.0768661499
0.9630000000,-26.1282920837
0.9640000000,-24.3043899536
0.9650000000,-23.8108634949
0.9660000000,-23.6320495605
0.9670000000,-23.5390663147
0.9680000000,-23.5962867737
0.9690000000,-21.9154357910
0.9700000000,-21.6650962830
0.9710000000,-21.2073326111
0.9720000000,-20.7495689392
0.9730000000,-20.5779075623
0.9740000000,-19.8125839233
0.9750000000,-18.7182426453
0.9760000000,-18.3534622192
0.9770000000,-17.8742408752
0.9780000000,-17.0588493347
0.9790000000,-16.6654586792
0.9800000000,-16.5295600891
0.9810000000,-15.2349472046
0.9820000000,-14.0762329102
0.9830000000,-13.5540962219
0.9840000000,-13.3895874023
0.9850000000,-12.6314163208
0.9860000000,-11.4583969116
0.9870000000,-11.2795829773
0.9880000000,-10.4641914368
0.9890000000,-10.0851058960
0.9900000000,-9.3197822571
0.9910000000,-8.0966949463
0.9920000000,-7.1740150452
0.9930000000,-6.5660476685
0.9940000000,-6.0796737671
0.9950000000,-5.3000450134
0.9960000000,-4.5561790466
0.9970000000,-3.9196014404
0.9980000000,-3.2544136047
0.9990000000,-2.5963783264
1.0000000000,-1.7166137695
1.0010000000,-1.0013580322
1.0020000000,-0.2646446228
1.0030000000,0.2503395081
1.0040000000,0.4076957703
1.0050000000,0.5578994751
1.0060000000,0.5435943604
1.0070000000,0.7796287537
1.0080000000,1.1730194092
1.0090000000,1.6593933105
1.0100000000,2.3031234741
1.0110000000,3.0398368835
1.0120000000,3.7908554077
1.0130000000,4.7636032104
1.0140000000,5.7792663574
1.0150000000,6.7448616028
1.0160000000,7.5244903564
1.0170000000,8.5401535034
1.0180000000,9.8490715027
1.0190000000,10.5643272400
1.0200000000,10.7932090759
1.0210000000,11.7373466492
1.0220000000,12.2308731079
1.0230000000,13.6184692383
1.0240000000,14.2407417297
1.0250000000,14.7414207458
1.0260000000,15.4352188110
1.0270000000,17.3020362854
1.0280000000,17.3163414001
1.0290000000,17.4665451050
1.0300000000,18.1317329407
1.0310000000,19.2689895630
1.0320000000,19.5908546448
1.0330000000,20.6065177917
1.0340000000,21.6364860535
1.0350000000,21.5148925781
1.0360000000,21.5148925781
1.0370000000,22.4876403809
1.0380000000,23.2100486755
1.0390000000,24.6119499207
1.0400000000,24.1971015930
1.0410000000,24.0826606750
1.0420000000,24.9981880188
1.0430000000,25.3915786743
1.0440000000,26.7362594604
1.0450000000,25.8350372314
1.0460000000,27.0581245422
1.0470000000,26.5932083130
1.0480000000,28.2597541809
1.0490000000,27.5015830994
1.0500000000,28.1167030334
1.0510000000,27.7876853943
1.0520000000,29.4971466064
1.0530000000,29.1180610657
1.0540000000,28.6030769348
1.0550000000,28.4886360168
1.0560000000,30.4126739502
1.0570000000,29.9263000488
1.0580000000,29.4256210327
1.0590000000,28.8891792297
1.0600000000,30.6916236877
1.0610000000,29.9406051636
1.0620000000,30.0407409668
1.0630000000,29.6902656555
1.0640000000,30.7345390320
1.0650000000,29.7403335571
1.0660000000,29.9763679504
1.0670000000,29.4113159180
1.0680000000,30.9705734253
1.0690000000,29.7904014587
1.0700000000,29.0751457214
1.0710000000,28.8248062134
1.0720000000,30.5557250977
1.0730000000,29.1252136230
1.0740000000,28.5744667053
1.0750000000,27.8878211975
1.0760000000,29.3684005737
1.0770000000,28.1023979187
1.0780000000,27.8949737549
1.0790000000,27.0867347717
1.0800000000,27.8234481812
1.0810000000,27.0867347717
1.0820000000,26.1926651001
1.0830000000,25.7492065430
1.0840000000,25.9494781494
1.0850000000,25.8922576904
1.0860000000,24.0540504456
1.0870000000,24.1470336914
1.0880000000,23.5962867737
1.0890000000,23.9825248718
1.0900000000,23.0169296265
1.0910000000,21.3432312012
1.0920000000,21.7294692993
1.0930000000,20.8353996277
1.0940000000,20.0986862183
1.0950000000,20.5993652344
1.0960000000,19.1187858582
1.0970000000,18.0244445801
1.0980000000,17.8241729736
1.0990000000,16.6082382202
1.1000000000,16.0789489746
1.1010000000,16.1075592041
1.1020000000,15.3279304504
1.1030000000,14.1334533691
1.1040000000,13.1034851074
1.1050000000,12.4883651733
1.1060000000,11.9090080261
1.1070000000,10.7645988464
1.1080000000,10.2567672729
1.1090000000,9.5415115356
1.1100000000,8.7618827820
1.1110000000,8.1610679626
1.1120000000,7.3742866516
1.1130000000,6.1798095703
1.1140000000,5.1498413086
1.1150000000,4.3916702271
1.1160000000,3.7193298340
1.1170000000,2.9468536377
1.1180000000,2.1100044250
1.1190000000,1.2803077698
1.1200000000,0.4863739014
1.1210000000,-0.1645088196
1.1220000000,-0.5865097046
1.1230000000,-0.9942054749
1.1240000000,-1.2660026550
1.1250000000,-1.4376640320
1.1260000000,-1.8596649170
1.1270000000,-2.3674964905
1.1280000000,-2.9253959656
1.1290000000,-3.6120414734
1.1300000000,-4.4131278992
1.1310000000,-5.7005882263
1.1320000000,-6.8950653076
1.1330000000,-7.7605247498
1.1340000000,-8.4328651428
1.1350000000,-9.3698501587
1.1360000000,-10.6358528137
1.1370000000,-11.3368034363
1.1380000000,-12.6957893372
1.1390000000,-13.2822990417
1.1400000000,-14.1477584839
1.1410000000,-15.4209136963
1.1420000000,-16.7727470398
1.1430000000,-16.5867805481
1.1440000000,-17.2591209412
1.1450000000,-18.1531906128
1.1460000000,-19.0258026123
1.1470000000,-19.7768211365
1.1480000000,-20.9999084473
1.1490000000,-21.3146209717
1.1500000000,-21.3003158569
1.1510000000,-22.5019454956
1.1520000000,-22.9811668396
1.1530000000,-24.0683555603
1.1540000000,-24.6834754944
1.1550000000,-24.0254402161
1.1560000000,-24.9981880188
1.1570000000,-25.6991386414
1.1580000000,-27.0867347717
1.1590000000,-26.3071060181
1.1600000000,-26.6218185425
1.1610000000,-26.6361236572
1.1620000000,-28.5601615906
1.1630000000,-27.9951095581
1.1640000000,-28.1023979187
1.1650000000,-28.2454490662
1.1660000000,-29.2181968689
1.1670000000,-29.4542312622
1.1680000000,-28.6674499512
1.1690000000,-29.4971466064
1.1700000000,-29.8190116882
1.1710000000,-30.2696228027
1.1720000000,-29.2396545410
1.1730000000,-29.5400619507
1.1740000000,-30.3411483765
1.1750000000,-30.4555892944
1.1760000000,-29.4613838196
1.1770000000,-29.3827056885
1.1780000000,-30.2910804749
1.1790000000,-30.2839279175
1.1800000000,-29.1895866394
1.1810000000,-29.2396545410
1.1820000000,-29.8690795898
1.1830000000,-29.7760963440
1.1840000000,-28.3598899841
1.1850000000,-28.8248062134
1.1860000000,-29.0608406067
1.1870000000,-28.9034843445
1.1880000000,-27.6088714600
1.1890000000,-27.3656845093
1.1900000000,-27.8019905090
1.1910000000,-27.5087356567
1.1920000000,-26.3571739197
1.1930000000,-25.8636474609
1.1940000000,-25.6276130676
1.1950000000,-26.0424613953
1.1960000000,-24.4545936584
1.1970000000,-24.0612030029
1.1980000000,-23.0455398560
1.1990000000,-23.2672691345
1.2000000000,-23.4389305115
1.2010000000,-21.5077400208
1.2020000000,-20.7066535950
1.2030000000,-20.6422805786
1.2040000000,-19.4191932678
1.2050000000,-19.5121765137
1.2060000000,-19.3262100220
1.2070000000,-17.2090530396
1.2080000000,-16.6440010071
1.2090000000,-16.1862373352
1.2100000000,-15.2707099915
1.2110000000,-14.3051147461
1.2120000000,-14.0619277954
1.2130000000,-13.0748748779
1.2140000000,-12.1307373047
1.2150000000,-10.8218193054
1.2160000000,-10.1780891418
1.2170000000,-9.3770027161
1.2180000000,-8.3756446838
1.2190000000,-7.7104568481
1.2200000000,-6.7090988159
1.2210000000,-5.6505203247
1.2220000000,-4.6706199646
1.2230000000,-3.8123130798
1.2240000000,-2.9540061951
1.2250000000,-2.0527839661
1.2260000000,-1.1515617371
1.2270000000,-0.2861022949
1.2280000000,0.3790855408
1.2290000000,0.6937980652
1.2300000000,0.8440017700
1.2310000000,1.1229515076
1.2320000000,1.5163421631
1.2330000000,2.1743774414
1.2340000000,2.9325485229
1.2350000000,3.7407875061
1.2360000000,4.9209594727
1.2370000000,5.9652328491
1.2380000000,7.1239471436
1.2390000000,8.0180168152
1.2400000000,8.9621543884
1.2410000000,10.2066993713
1.2420000000,10.8575820923
1.2430000000,12.1736526489
1.2440000000,13.5326385498
1.2450000000,14.0762329102
1.2460000000,14.8773193359
1.2470000000,15.3493881226
1.2480000000,16.7441368103
1.2490000000,17.5452232361
1.2500000000,18.1460380554
1.2510000000,20.1487541199
1.2520000000,20.0200080872
1.2530000000,20.2989578247
1.2540000000,21.6794013977
1.2550000000,21.9583511353
1.2560000000,23.3888626099
1.2570000000,24.2471694946
1.2580000000,23.4961509705
1.2590000000,24.7907638550
1.2600000000,25.3343582153
1.2610000000,26.3786315918
1.2620000000,26.7648696899
1.2630000000,26.0353088379
1.2640000000,27.4729728699
1.2650000000,27.3442268372
1.2660000000,28.7032127380
1.2670000000,28.0594825745
1.2680000000,28.5959243774
1.2690000000,28.7961959839
1.2700000000,29.9263000488
1.2710000000,29.1824340820
1.2720000000,29.4971466064
1.2730000000,29.3827056885
1.2740000000,30.7559967041
1.2750000000,29.5972824097
1.2760000000,30.2267074585
1.2770000000,29.9191474915
1.2780000000,30.8346748352
1.2790000000,29.5543670654
1.2800000000,30.1265716553
1.2810000000,30.1694869995
1.2820000000,30.5485725403
1.2830000000,28.8391113281
1.2840000000,29.3111801147
1.2850000000,29.7689437866
1.2860000000,29.5686721802
1.2870000000,28.1095504761
1.2880000000,28.2597541809
1.2890000000,28.0952453613
1.2900000000,28.4171104431
1.2910000000,26.8650054932
1.2920000000,26.9508361816
1.2930000000,26.1855125427
1.2940000000,26.5574455261
1.2950000000,25.7134437561
1.2960000000,24.5404243469
1.2970000000,24.4545936584
1.2980000000,23.9968299866
1.2990000000,23.8895416260
1.3000000000,22.3517417908
1.3010000000,21.4147567749
1.3020000000,20.9426879883
1.3030000000,20.3561782837
1.3040000000,20.8997726440
1.3050000000,19.0401077271
1.3060000000,17.5523757935
1.3070000000,17.3377990723
1.3080000000,16.2434577942
1.3090000000,15.5997276306
1.3100000000,14.9559974670
1.3110000000,14.6269798279
1.3120000000,12.9032135010
1.3130000000,12.0520591736
1.3140000000,10.8075141907
1.3150000000,10.1923942566
1.3160000000,9.4413757324
1.3170000000,8.1896781921
1.3180000000,7.1811676025
1.3190000000,6.4229965210
1.3200000000,5.4287910461
1.3210000000,4.4131278992
1.3220000000,3.4403800964
1.3230000000,2.3889541626
1.3240000000,1.4805793762
1.3250000000,0.5578994751
1.3260000000,-0.3218650818
1.3270000000,-0.9727478027
1.3280000000,-1.3303756714
1.3290000000,-1.6021728516
1.3300000000,-1.9669532776
1.3310000000,-2.5391578674
1.3320000000,-3.2329559326
1.3330000000,-4.0698051453
1.3340000000,-5.1212310791
1.3350000000,-6.2799453735
1.3360000000,-7.3099136353
1.3370000000,-8.7118148804
1.3380000000,-9.9205970764
1.3390000000,-10.8718872070
1.3400000000,-12.2380256653
1.3410000000,-13.5540962219
1.3420000000,-14.1906738281
1.3430000000,-15.1562690735
1.3440000000,-15.6641006470
1.3450000000,-16.8514251709
1.3460000000,-17.9100036621
1.3470000000,-18.7182426453
1.3480000000,-20.1559066772
1.3490000000,-21.2359428406
1.3500000000,-20.8711624146
1.3510000000,-21.5005874634
1.3520000000,-22.9668617249
1.3530000000,-23.7321853638
1.3540000000,-25.2699851990
1.3550000000,-24.4832038879
1.3560000000,-24.9910354614
1.3570000000,-25.6347656250
1.3580000000,-26.9937515259
1.3590000000,-27.3370742798
1.3600000000,-27.1868705750
1.3610000000,-27.7161598206
1.3620000000,-28.6388397217
1.3630000000,-28.9964675903
1.3640000000,-28.5816192627
1.3650000000,-28.9750099182
1.3660000000,-29.5901298523
1.3670000000,-30.4412841797
1.3680000000,-29.2968750000
1.3690000000,-29.6258926392
1.3700000000,-30.0192832947
1.3710000000,-30.9920310974
1.3720000000,-29.5472145081
1.3730000000,-29.8047065735
1.3740000000,-29.7832489014
1.3750000000,-30.7345390320
1.3760000000,-29.1967391968
1.3770000000,-29.6258926392
1.3780000000,-29.2468070984
1.3790000000,-29.8404693604
1.3800000000,-28.1310081482
1.3810000000,-28.9106369019
1.3820000000,-28.4028053284
1.3830000000,-28.7961959839
1.3840000000,-27.0438194275
1.3850000000,-26.9722938538
1.3860000000,-26.4716148376
1.3870000000,-27.3799896240
1.3880000000,-25.3415107727
1.3890000000,-25.0124931335
1.3900000000,-24.2471694946
1.3910000000,-24.2185592651
1.3920000000,-23.9682197571
1.3930000000,-22.4161148071
1.3940000000,-21.7580795288
1.3950000000,-20.6422805786
1.3960000000,-20.6637382507
1.3970000000,-20.2345848083
1.3980000000,-19.0258026123
1.3990000000,-17.8456306458
1.4000000000,-16.9301033020
1.4010000000,-16.0717964172
1.4020000000,-15.0346755981
1.4030000000,-14.8701667786
1.4040000000,-13.9331817627
1.4050000000,-13.1034851074
1.4060000000,-11.1937522888
1.4070000000,-10.1423263550
1.4080000000,-9.3770027161
1.4090000000,-8.2397460938
1.4100000000,-7.5101852417
1.4110000000,-6.4516067505
1.4120000000,-5.2070617676
1.4130000000,-4.1699409485
1.4140000000,-2.9754638672
1.4150000000,-1.9311904907
1.4160000000,-0.9512901306
1.4170000000,0.0071525574
1.4180000000,0.5936622620
1.4190000000,1.1444091797
1.4200000000,1.3518333435
1.4210000000,1.9168853760
1.4220000000,2.6249885559
1.4230000000,3.3903121948
1.4240000000,4.5061111450
1.4250000000,5.7005882263
1.4260000000,6.8235397339
1.4270000000,7.6961517334
1.4280000000,9.0193748474
1.4290000000,10.1780891418
1.4300000000,11.3010406494
1.4310000000,13.1320953369
1.4320000000,13.8258934021
1.4330000000,14.5268440247
1.4340000000,15.1348114014
1.4350000000,16.9587135315
1.4360000000,17.6239013672
1.4370000000,18.4822082520
1.4380000000,19.7482109070
1.4390000000,20.8997726440
1.4400000000,21.3146209717
1.4410000000,21.9726562500
1.4420000000,23.1814384460
1.4430000000,23.7464904785
1.4440000000,25.1984596252
1.4450000000,24.9195098877
1.4460000000,25.3987312317
1.4470000000,26.2498855591
1.4480000000,27.6160240173
1.4490000000,27.6589393616
1.4500000000,27.1654129028
1.4510000000,28.0666351318
1.4520000000,29.1037559509
1.4530000000,29.6330451965
1.4540000000,28.7175178528
1.4550000000,29.0250778198
1.4560000000,30.0979614258
1.4570000000,30.8632850647
1.4580000000,29.5329093933
1.4590000000,29.6902656555
1.4600000000,30.4269790649
1.4610000000,30.7059288025
1.4620000000,29.9978256226
1.4630000000,29.6187400818
1.4640000000,30.3196907043
1.4650000000,30.0264358521
1.4660000000,29.4256210327
1.4670000000,28.9249420166
1.4680000000,29.9692153931
1.4690000000,28.8176536560
1.4700000000,27.9235839844
1.4710000000,27.5373458862
1.4720000000,28.2597541809
1.4730000000,27.5158882141
1.4740000000,25.8922576904
1.4750000000,25.9280204773
1.4760000000,25.0267982483
1.4770000000,25.7062911987
1.4780000000,23.9968299866
1.4790000000,23.4889984131
1.4800000000,22.5090980530
1.4810000000,21.6794013977
1.4820000000,21.9655036926
1.4830000000,20.4133987427
1.4840000000,19.1187858582
1.4850000000,18.4893608093
1.4860000000,17.4450874329
1.4870000000,16.7441368103
1.4880000000,16.7655944824
1.4890000000,14.9774551392
1.4900000000,13.6685371399
1.4910000000,12.3381614685
1.4920000000,11.7659568787
1.4930000000,10.6287002563
1.4940000000,9.3913078308
1.4950000000,8.7475776672
1.4960000000,7.5173377991
1.4970000000,6.2942504883
1.4980000000,5.3071975708
1.4990000000,4.1985511780
1.5000000000,2.9683113098
1.5010000000,1.8811225891
1.5020000000,0.7367134094
1.5030000000,-0.3433227539
1.5040000000,-1.0585784912
1.5050000000,-1.6379356384
1.5060000000,-1.9383430481
1.5070000000,-2.4318695068
1.5080000000,-3.0541419983
1.5090000000,-3.7980079651
1.5100000000,-4.8065185547
1.5110000000,-6.1440467834
1.5120000000,-7.6246261597
1.5130000000,-8.8477134705
1.5140000000,-9.9277496338
1.5150000000,-11.4011764526
1.5160000000,-12.4526023865
1.5170000000,-13.9975547791
1.5180000000,-15.4280662537
1.5190000000,-16.3865089417
1.5200000000,-16.7226791382
1.5210000000,-17.8170204163
1.5220000000,-18.6538696289
1.5230000000,-19.7553634644
1.5240000000,-21.5005874634
1.5250000000,-22.7737426758
1.5260000000,-22.3374366760
1.5270000000,-23.1099128723
1.5280000000,-24.4402885437
1.5290000000,-25.1126289368
1.5300000000,-26.4644622803
1.5310000000,-25.7277488708
1.5320000000,-26.9436836243
1.5330000000,-27.2226333618
1.5340000000,-28.4957885742
1.5350000000,-28.6102294922
1.5360000000,-28.5816192627
1.5370000000,-28.5530090332
1.5380000000,-30.0550460815
1.5390000000,-30.1194190979
1.5400000000,-29.6902656555
1.5410000000,-29.3898582458
1.5420000000,-31.0134887695
1.5430000000,-29.9549102783
1.5440000000,-30.3196907043
1.5450000000,-29.7904014587
1.5460000000,-30.8632850647
1.5470000000,-29.5758247375
1.5480000000,-29.8690795898
1.5490000000,-29.2325019836
1.5500000000,-30.2767753601
1.5510000000,-28.2454490662
1.5520000000,-28.1453132629
1.5530000000,-28.3241271973
1.5540000000,-28.9821624756
1.5550000000,-26.8864631653
1.5560000000,-26.2498855591
1.5570000000,-26.0138511658
1.5580000000,-26.1783599854
1.5590000000,-25.7134437561
1.5600000000,-23.8537788391
1.5610000000,-23.9682197571
1.5620000000,-22.5448608398
1.5630000000,-22.3731994629
1.5640000000,-22.0298767090
1.5650000000,-19.9985504150
1.5660000000,-19.6695327759
1.5670000000,-18.9256668091
1.5680000000,-17.4593925476
1.5690000000,-17.2162055969
1.5700000000,-16.6797637939
1.5710000000,-14.4553184509
1.5720000000,-13.2393836975
1.5730000000,-12.3381614685
1.5740000000,-11.7802619934
1.5750000000,-10.5714797974
1.5760000000,-9.2267990112
1.5770000000,-8.1324577332
1.5780000000,-7.2240829468
1.5790000000,-5.8436393738
1.5800000000,-4.5204162598
1.5810000000,-3.3259391785
1.5820000000,-2.1100044250
1.5830000000,-0.8225440979
1.5840000000,0.3361701965
1.5850000000,0.8654594421
1.5860000000,1.4376640320
1.5870000000,1.8525123596
1.5880000000,2.4533271790
1.5890000000,3.2615661621
1.5900000000,4.3773651123
1.5910000000,5.6433677673
1.5920000000,6.8020820618
1.5930000000,7.8535079956
1.5940000000,9.2840194702
1.5950000000,10.8933448792
1.5960000000,11.8446350098
1.5970000000,12.8602981567
1.5980000000,14.0833854675
1.5990000000,16.1504745483
1.6000000000,17.4665451050
1.6010000000,17.7025794983
1.6020000000,18.1388854980
1.6030000000,20.0128555298
1.6040000000,20.4992294312
1.6050000000,21.7652320862
1.6060000000,23.4031677246
1.6070000000,23.1671333313
1.6080000000,24.7406959534
1.6090000000,24.8694419861
1.6100000000,25.9709358215
1.6110000000,26.9937515259
1.6120000000,26.6361236572
1.6130000000,27.4944305420
1.6140000000,27.8162956238
1.6150000000,29.8905372620
1.6160000000,28.6746025085
1.6170000000,28.6531448364
1.6180000000,29.1538238525
1.6190000000,31.2709808350
1.6200000000,29.5758247375
1.6210000000,29.9620628357
1.6220000000,30.0192832947
1.6230000000,31.0277938843
1.6240000000,29.8619270325
1.6250000000,30.3053855896
1.6260000000,29.9406051636
1.6270000000,30.4770469666
1.6280000000,29.2968750000
1.6290000000,29.1180610657
1.6300000000,29.4256210327
1.6310000000,29.2682647705
1.6320000000,27.5731086731
1.6330000000,27.4229049683
1.6340000000,27.1511077881
1.6350000000,27.7447700500
1.6360000000,25.3915786743
1.6370000000,25.4416465759
1.6380000000,24.2972373962
1.6390000000,24.4474411011
1.6400000000,23.6320495605
1.6410000000,21.9082832336
1.6420000000,21.5792655945
1.6430000000,20.3847885132
1.6440000000,19.6480751038
1.6450000000,19.4048881531
1.6460000000,17.7526473999
1.6470000000,16.2076950073
1.6480000000,15.5997276306
1.6490000000,14.1477584839
1.6500000000,13.3323669434
1.6510000000,12.1879577637
1.6520000000,11.6229057312
1.6530000000,10.2066993713
1.6540000000,8.3899497986
1.6550000000,7.1954727173
1.6560000000,6.1154365540
1.6570000000,4.7206878662
1.6580000000,3.6191940308
1.6590000000,2.3961067200
1.6600000000,1.2874603271
1.6610000000,0.1215934753
1.6620000000,-0.7796287537
1.6630000000,-1.5306472778
1.6640000000,-2.0527839661
1.6650000000,-2.5177001953
1.6660000000,-3.2472610474
1.6670000000,-4.1127204895
1.6680000000,-5.4144859314
1.6690000000,-6.7234039307
1.6700000000,-8.1682205200
1.6710000000,-9.9992752075
1.6720000000,-11.1794471741
1.6730000000,-11.8160247803
1.6740000000,-13.3609771729
1.6750000000,-14.6198272705
1.6760000000,-16.1504745483
1.6770000000,-16.8156623840
1.6780000000,-18.6681747437
1.6790000000,-20.3061103821
1.6800000000,-20.1272964478
1.6810000000,-21.3003158569
1.6820000000,-22.5663185120
1.6830000000,-23.0097770691
1.6840000000,-24.9481201172
1.6850000000,-24.8050689697
1.6860000000,-25.6276130676
1.6870000000,-26.5932083130
1.6880000000,-27.4014472961
1.6890000000,-28.5029411316
1.6900000000,-27.5731086731
1.6910000000,-28.6316871643
1.6920000000,-29.4899940491
1.6930000000,-30.1265716553
1.6940000000,-29.5186042786
1.6950000000,-29.3397903442
1.6960000000,-30.7774543762
1.6970000000,-30.4913520813
1.6980000000,-30.2481651306
1.6990000000,-29.8833847046
1.7000000000,-30.5628776550
1.7010000000,-30.4484367371
1.7020000000,-29.7117233276
1.7030000000,-29.5472145081
1.7040000000,-29.7045707703
1.7050000000,-29.5042991638
1.7060000000,-27.9664993286
1.7070000000,-28.0308723450
1.7080000000,-28.2311439514
1.7090000000,-27.5945663452
1.7100000000,-26.3500213623
1.7110000000,-25.3987312317
1.7120000000,-25.2413749695
1.7130000000,-25.3129005432
1.7140000000,-23.2887268066
1.7150000000,-22.9597091675
1.7160000000,-22.1228599548
1.7170000000,-21.0571289063
1.7180000000,-20.5278396606
1.7190000000,-19.7196006775
1.7200000000,-17.7597999573
1.7210000000,-17.1160697937
1.7220000000,-16.4365768433
1.7230000000,-14.5125389099
1.7240000000,-13.8688087463
1.7250000000,-12.6743316650
1.7260000000,-11.9519233704
1.7270000000,-10.1852416992
1.7280000000,-8.3184242249
1.7290000000,-7.1883201599
1.7300000000,-6.0510635376
1.7310000000,-4.8780441284
1.7320000000,-3.6120414734
1.7330000000,-2.2602081299
1.7340000000,-1.0085105896
1.7350000000,0.2217292786
1.7360000000,0.9942054749
1.7370000000,1.5735626221
1.7380000000,2.1672248840
1.7390000000,2.8610229492
1.7400000000,3.8838386536
1.7410000000,5.1784515381
1.7420000000,6.3300132751
1.7430000000,7.6603889465
1.7440000000,9.4127655029
1.7450000000,11.2366676331
1.7460000000,12.0091438293
1.7470000000,13.0891799927
1.7480000000,13.8759613037
1.7490000000,15.7928466797
1.7500000000,17.1732902527
1.7510000000,18.0959701538
1.7520000000,19.6552276611
1.7530000000,21.2216377258
1.7540000000,21.1358070374
1.7550000000,22.1514701843
1.7560000000,23.4246253967
1.7570000000,24.2686271667
1.7580000000,25.9852409363
1.7590000000,26.0281562805
1.7600000000,26.0710716248
1.7610000000,27.4014472961
1.7620000000,28.4171104431
1.7630000000,28.9964675903
1.7640000000,28.1023979187
1.7650000000,28.8963317871
1.7660000000,30.5199623108
1.7670000000,30.0407409668
1.7680000000,29.6616554260
1.7690000000,29.9048423767
1.7700000000,31.2924385071
1.7710000000,30.1694869995
1.7720000000,30.0908088684
1.7730000000,29.6258926392
1.7740000000,30.6987762451
1.7750000000,30.0908088684
1.7760000000,29.3040275574
1.7770000000,28.3241271973
1.7780000000,29.5972824097
1.7790000000,28.5458564758
1.7800000000,27.5731086731
1.7810000000,26.4430046082
1.7820000000,27.4300575256
1.7830000000,26.1783599854
1.7840000000,24.3687629700
1.7850000000,24.0540504456
1.7860000000,23.1313705444
1.7870000000,23.7464904785
1.7880000000,21.7509269714
1.7890000000,19.8698043823
1.7900000000,19.6623802185
1.7910000000,18.4822082520
1.7920000000,17.3807144165
1.7930000000,17.0230865479
1.7940000000,14.9488449097
1.7950000000,13.7042999268
1.7960000000,12.3882293701
1.7970000000,11.5728378296
1.7980000000,10.1208686829
1.7990000000,8.6975097656
1.8000000000,7.5173377991
1.8010000000,6.0367584229
1.8020000000,4.6491622925
1.8030000000,3.3903121948
1.8040000000,2.1672248840
1.8050000000,0.7295608521
1.8060000000,-0.4291534424
1.8070000000,-1.3518333435
1.8080000000,-2.0241737366
1.8090000000,-2.5248527527
1.8100000000,-3.2901763916
1.8110000000,-4.1484832764
1.8120000000,-5.4287910461
1.8130000000,-6.9808959961
1.8140000000,-8.3184242249
1.8150000000,-10.1137161255
1.8160000000,-11.5370750427
1.8170000000,-12.4669075012
1.8180000000,-14.3337249756
1.8190000000,-15.6855583191
1.8200000000,-17.3521041870
1.8210000000,-17.6310539246
1.8220000000,-19.1330909729
1.8230000000,-20.5492973328
1.8240000000,-21.0070610046
1.8250000000,-23.0312347412
1.8260000000,-24.0111351013
1.8270000000,-24.0039825439
1.8280000000,-25.2556800842
1.8290000000,-26.0639190674
1.8300000000,-28.1310081482
1.8310000000,-27.2226333618
1.8320000000,-27.8520584106
1.8330000000,-28.3169746399
1.8340000000,-30.0478935242
1.8350000000,-29.6545028687
1.8360000000,-29.9763679504
1.8370000000,-29.6258926392
1.8380000000,-30.8418273926
1.8390000000,-30.3053855896
1.8400000000,-30.6987762451
1.8410000000,-29.7260284424
1.8420000000,-31.1279296875
1.8430000000,-29.7474861145
1.8440000000,-29.6759605408
1.8450000000,-29.2611122131
1.8460000000,-30.3339958191
1.8470000000,-28.2740592957
1.8480000000,-28.0308723450
1.8490000000,-27.6303291321
1.8500000000,-27.8592109680
1.8510000000,-26.0925292969
1.8520000000,-25.6419181824
1.8530000000,-24.4688987732
1.8540000000,-24.4975090027
1.8550000000,-23.6177444458
1.8560000000,-22.0012664795
1.8570000000,-21.4076042175
1.8580000000,-20.1845169067
1.8590000000,-19.4120407104
1.8600000000,-18.5251235962
1.8610000000,-17.5666809082
1.8620000000,-15.2349472046
1.8630000000,-14.3766403198
1.8640000000,-13.3395195007
1.8650000000,-11.9733810425
1.8660000000,-10.2424621582
1.8670000000,-9.1624259949
1.8680000000,-8.1181526184
1.8690000000,-6.5159797668
1.8700000000,-5.0067901611
1.8710000000,-3.6907196045
1.8720000000,-2.1386146545
1.8730000000,-0.6437301636
1.8740000000,0.6151199341
1.8750000000,1.3804435730
1.8760000000,1.9669532776
1.8770000000,2.6535987854
1.8780000000,3.4976005554
1.8790000000,4.5990943909
1.8800000000,6.0510635376
1.8810000000,7.5459480286
1.8820000000,8.6474418640
1.8830000000,10.2138519287
1.8840000000,12.1808052063
1.8850000000,13.4325027466
1.8860000000,14.6770477295
1.8870000000,15.8357620239
1.8880000000,18.3248519897
1.8890000000,18.6967849731
1.8900000000,19.1259384155
1.8910000000,21.1286544800
1.8920000000,22.0370292664
1.8930000000,22.5448608398
1.8940000000,25.1483917236
1.8950000000,25.1197814941
1.8960000000,25.9351730347
1.8970000000,26.0066986084
1.8980000000,27.8234481812
1.8990000000,28.6602973938
1.9000000000,28.4314155579
1.9010000000,28.2454490662
1.9020000000,30.0192832947
1.9030000000,30.3411483765
1.9040000000,29.4041633606
1.9050000000,30.0550460815
1.9060000000,31.0921669006
1.9070000000,30.4913520813
1.9080000000,30.0407409668
1.9090000000,29.8619270325
1.9100000000,30.6415557861
1.9110000000,30.2696228027
1.9120000000,29.3684005737
1.9130000000,28.2740592957
1.9140000000,29.2897224426
1.9150000000,28.5458564758
1.9160000000,27.3227691650
1.9170000000,26.1282920837
1.9180000000,26.6861915588
1.9190000000,25.9995460510
1.9200000000,23.7536430359
1.9210000000,23.3817100525
1.9220000000,22.3731994629
1.9230000000,22.3445892334
1.9240000000,21.0285186768
1.9250000000,18.9328193665
1.9260000000,18.1245803833
1.9270000000,17.0660018921
1.9280000000,15.9502029419
1.9290000000,14.3909454346
1.9300000000,13.7257575989
1.9310000000,12.0592117310
1.9320000000,10.7645988464
1.9330000000,8.9335441589
1.9340000000,7.3313713074
1.9350000000,6.1011314392
1.9360000000,4.7564506531
1.9370000000,3.3330917358
1.9380000000,1.8382072449
1.9390000000,0.4577636719
1.9400000000,-0.8368492126
1.9410000000,-1.7595291138
1.9420000000,-2.4104118347
1.9430000000,-3.0040740967
1.9440000000,-3.8552284241
1.9450000000,-4.9495697021
1.9460000000,-6.4301490784
1.9470000000,-8.2254409790
1.9480000000,-10.0851058960
1.9490000000,-11.2938880920
1.9500000000,-13.0462646484
1.9510000000,-13.9188766479
1.9520000000,-15.5782699585
1.9530000000,-16.9944763184
1.9540000000,-18.3320045471
1.9550000000,-19.6552276611
1.9560000000,-21.3074684143
1.9570000000,-22.6020812988
1.9580000000,-22.5162506104
1.9590000000,-23.9539146423
1.9600000000,-24.7979164124
1.9610000000,-26.8864631653
1.9620000000,-27.2011756897
1.9630000000,-27.0080566406
1.9640000000,-28.0022621155
1.9650000000,-29.1037559509
1.9660000000,-29.9906730652
1.9670000000,-29.5400619507
1.9680000000,-29.8690795898
1.9690000000,-30.2481651306
1.9700000000,-30.7416915894
1.9710000000,-30.6558609009
1.9720000000,-29.9692153931
1.9730000000,-30.7559967041
1.9740000000,-30.4412841797
1.9750000000,-29.7617912292
1.9760000000,-29.1252136230
1.9770000000,-30.1909446716
1.9780000000,-28.9678573608
1.9790000000,-27.8592109680
1.9800000000,-27.3942947388
1.9810000000,-27.7090072632
1.9820000000,-26.4501571655
1.9830000000,-25.4344940186
1.9840000000,-24.4975090027
1.9850000000,-23.7822532654
1.9860000000,-23.2243537903
1.9870000000,-21.4147567749
1.9880000000,-20.5850601196
1.9890000000,-19.5550918579
1.9900000000,-17.9028511047
1.9910000000,-17.2305107117
1.9920000000,-16.0145759583
1.9930000000,-14.8916244507
1.9940000000,-12.4096870422
1.9950000000,-11.3296508789
1.9960000000,-9.9205970764
1.9970000000,-8.6975097656
1.9980000000,-7.2884559631
1.9990000000,-5.5503845215
2.0000000000,-4.0268898010
2.0010000000,-2.4533271790
2.0020000000,-1.0371208191
2.0030000000,0.3004074097
2.0040000000,1.1229515076
2.0050000000,1.9741058350
2.0060000000,2.7680397034
2.0070000000,3.6478042603
2.0080000000,5.0210952759
2.0090000000,6.4659118652
2.0100000000,7.8535079956
2.0110000000,9.2768669128
2.0120000000,10.9434127808
2.0130000000,12.3524665833
2.0140000000,14.8344039917
2.0150000000,15.7856941223
2.0160000000,16.6654586792
2.0170000000,17.6167488098
2.0180000000,19.8340415955
2.0190000000,20.5349922180
2.0200000000,21.9583511353
2.0210000000,24.1827964783
2.0220000000,23.9109992981
2.0230000000,24.8765945435
2.0240000000,25.5417823792
2.0250000000,27.6231765747
2.0260000000,28.3670425415
2.0270000000,27.8377532959
2.0280000000,28.1453132629
2.0290000000,29.7832489014
2.0300000000,30.3626060486
2.0310000000,29.3540954590
2.0320000000,30.1337242126
2.0330000000,31.1064720154
2.0340000000,30.5771827698
2.0350000000,30.0121307373
2.0360000000,29.9191474915
2.0370000000,31.0206413269
2.0380000000,30.2052497864
2.0390000000,29.1252136230
2.0400000000,28.2597541809
2.0410000000,29.1323661804
2.0420000000,28.3598899841
2.0430000000,27.1081924438
2.0440000000,25.8994102478
2.0450000000,25.7921218872
2.0460000000,25.4487991333
2.0470000000,23.4818458557
2.0480000000,22.8667259216
2.0490000000,21.5005874634
2.0500000000,20.8139419556
2.0510000000,20.2417373657
2.0520000000,18.1674957275
2.0530000000,16.2649154663
2.0540000000,15.6784057617
2.0550000000,14.0118598938
2.0560000000,12.9318237305
2.0570000000,11.3010406494
2.0580000000,10.1780891418
2.0590000000,8.5973739624
2.0600000000,6.7162513733
2.0610000000,5.2142143250
2.0620000000,3.6692619324
2.0630000000,2.0384788513
2.0640000000,0.5292892456
2.0650000000,-0.8440017700
2.0660000000,-1.8739700317
2.0670000000,-2.6321411133
2.0680000000,-3.2830238342
2.0690000000,-4.1055679321
2.0700000000,-5.5432319641
2.0710000000,-7.1239471436
2.0720000000,-8.7761878967
2.0730000000,-10.0135803223
2.0740000000,-11.7874145508
2.0750000000,-13.5898590088
2.0760000000,-14.9130821228
2.0770000000,-16.2935256958
2.0780000000,-18.5394287109
2.0790000000,-20.0486183167
2.0800000000,-20.8210945129
2.0810000000,-21.7437744141
2.0820000000,-22.7522850037
2.0830000000,-23.7178802490
2.0840000000,-26.0925292969
2.0850000000,-26.6075134277
2.0860000000,-26.4501571655
2.0870000000,-27.9521942139
2.0880000000,-28.5673141479
2.0890000000,-29.7045707703
2.0900000000,-28.9964675903
2.0910000000,-29.9835205078
2.0920000000,-30.5199623108
2.0930000000,-30.7130813599
2.0940000000,-30.3983688354
2.0950000000,-29.8976898193
2.0960000000,-31.1350822449
2.0970000000,-30.6844711304
2.0980000000,-30.0121307373
2.0990000000,-28.9893150330
2.1000000000,-30.0407409668
2.1010000000,-29.1967391968
2.1020000000,-27.8377532959
2.1030000000,-27.7447700500
2.1040000000,-27.0366668701
2.1050000000,-26.7434120178
2.1060000000,-24.8193740845
2.1070000000,-24.3902206421
2.1080000000,-22.8953361511
2.1090000000,-22.5877761841
2.1100000000,-21.2717056274
2.1110000000,-19.4120407104
2.1120000000,-18.1603431702
2.1130000000,-16.9086456299
2.1140000000,-15.3636932373
2.1150000000,-14.7843360901
2.1160000000,-13.0319595337
2.1170000000,-11.5442276001
2.1180000000,-9.3197822571
2.1190000000,-7.8392028809
2.1200000000,-6.4587593079
2.1210000000,-4.9567222595
2.1220000000,-3.3116340637
2.1230000000,-1.7094612122
2.1240000000,-0.1645088196
2.1250000000,0.9799003601
2.1260000000,1.7952919006
2.1270000000,2.5820732117
2.1280000000,3.5619735718
2.1290000000,4.8494338989
2.1300000000,6.2155723572
2.1310000000,7.7319145203
2.1320000000,9.6201896667
2.1330000000,11.6443634033
2.1340000000,12.7959251404
2.1350000000,14.4338607788
2.1360000000,15.2063369751
2.1370000000,17.3664093018
2.1380000000,18.8755989075
2.1390000000,20.0414657593
2.1400000000,22.1514701843
2.1410000000,23.0312347412
2.1420000000,22.9668617249
2.1430000000,24.6047973633
2.1440000000,25.8779525757
2.1450000000,27.8735160828
2.1460000000,27.2727012634
2.1470000000,27.9664993286
2.1480000000,28.3670425415
2.1490000000,30.5986404419
2.1500000000,29.5400619507
2.1510000000,29.8047065735
2.1520000000,30.2052497864
2.1530000000,31.2995910645
2.1540000000,30.3125381470
2.1550000000,30.0192832947
2.1560000000,30.3411483765
2.1570000000,30.9348106384
2.1580000000,29.4685363770
2.1590000000,28.9463996887
2.1600000000,28.4600257874
2.1610000000,28.8605690002
2.1620000000,27.1868705750
2.1630000000,26.6361236572
2.1640000000,25.1841545105
2.1650000000,25.5489349365
2.1660000000,24.0898132324
2.1670000000,22.2945213318
2.1680000000,21.4362144470
2.1690000000,20.2417373657
2.1700000000,19.6051597595
2.1710000000,18.1603431702
2.1720000000,16.0288810730
2.1730000000,14.1692161560
2.1740000000,13.3824348450
2.1750000000,11.8947029114
2.1760000000,10.3569030762
2.1770000000,8.8477134705
2.1780000000,7.1597099304
2.1790000000,5.4359436035
2.1800000000,3.8838386536
2.1810000000,2.1314620972
2.1820000000,0.4005432129
2.1830000000,-1.0085105896
2.1840000000,-2.0599365234
2.1850000000,-2.9253959656
2.1860000000,-3.5977363586
2.1870000000,-4.5704841614
2.1880000000,-6.1154365540
2.1890000000,-7.9536437988
2.1900000000,-9.6201896667
2.1910000000,-11.3654136658
2.1920000000,-13.1106376648
2.1930000000,-14.2693519592
2.1940000000,-16.5438652039
2.1950000000,-18.4679031372
2.1960000000,-19.4978713989
2.1970000000,-20.3704833984
2.1980000000,-21.9011306763
2.1990000000,-22.5591659546
2.2000000000,-24.9123573303
2.2010000000,-26.0496139526
2.2020000000,-25.8564949036
2.2030000000,-27.4658203125
2.2040000000,-28.1453132629
2.2050000000,-29.4828414917
2.2060000000,-28.7818908691
2.2070000000,-29.9191474915
2.2080000000,-30.1980972290
2.2090000000,-31.2280654907
2.2100000000,-29.9978256226
2.2110000000,-30.3554534912
2.2120000000,-30.4985046387
2.2130000000,-31.3925743103
2.2140000000,-29.6688079834
2.2150000000,-29.5615196228
2.2160000000,-29.6688079834
2.2170000000,-29.4327735901
2.2180000000,-27.2440910339
2.2190000000,-27.8663635254
2.2200000000,-27.1582603455
2.2210000000,-26.7219543457
2.2220000000,-24.0898132324
2.2230000000,-23.7894058228
2.2240000000,-22.6092338562
2.2250000000,-21.7437744141
2.2260000000,-21.1000442505
2.2270000000,-18.2390213013
2.2280000000,-17.0159339905
2.2290000000,-16.0574913025
2.2300000000,-14.3623352051
2.2310000000,-12.4740600586
2.2320000000,-11.4870071411
2.2330000000,-9.9134445190
2.2340000000,-8.4185600281
2.2350000000,-6.4659118652
2.2360000000,-4.3916702271
2.2370000000,-2.7108192444
2.2380000000,-1.1229515076
2.2390000000,0.4148483276
2.2400000000,1.2803077698
2.2410000000,2.1886825562
2.2420000000,3.0326843262
2.2430000000,4.2343139648
2.2440000000,5.9223175049
2.2450000000,7.3528289795
2.2460000000,8.7475776672
2.2470000000,10.5071067810
2.2480000000,11.9090080261
2.2490000000,13.9904022217
2.2500000000,16.0789489746
2.2510000000,17.0874595642
2.2520000000,18.5322761536
2.2530000000,21.3432312012
2.2540000000,21.6221809387
2.2550000000,22.0727920532
2.2560000000,23.9181518555
2.2570000000,25.0411033630
2.2580000000,27.3227691650
2.2590000000,27.0366668701
2.2600000000,27.5874137878
2.2610000000,28.0809402466
2.2620000000,30.2338600159
2.2630000000,29.7617912292
2.2640000000,29.6545028687
2.2650000000,30.3053855896
2.2660000000,30.7631492615
2.2670000000,30.7774543762
2.2680000000,30.1837921143
2.2690000000,30.3483009338
2.2700000000,30.4412841797
2.2710000000,30.0550460815
2.2720000000,28.7032127380
2.2730000000,28.6531448364
2.2740000000,29.0322303772
2.2750000000,27.1224975586
2.2760000000,26.1068344116
2.2770000000,25.0768661499
2.2780000000,25.0411033630
2.2790000000,24.0540504456
2.2800000000,21.5864181519
2.2810000000,20.8997726440
2.2820000000,19.4907188416
2.2830000000,18.1603431702
2.2840000000,17.4736976624
2.2850000000,15.6068801880
2.2860000000,13.8545036316
2.2870000000,11.6229057312
2.2880000000,10.2567672729
2.2890000000,8.8906288147
2.2900000000,7.1597099304
2.2910000000,5.5360794067
2.2920000000,3.8480758667
2.2930000000,2.0313262939
2.2940000000,0.2288818359
2.2950000000,-1.2159347534
2.2960000000,-2.3317337036
2.2970000000,-3.2472610474
2.2980000000,-3.9911270142
2.2990000000,-5.1784515381
2.3000000000,-6.9522857666
2.3010000000,-8.7690353394
2.3020000000,-10.4212760925
2.3030000000,-12.3095512390
2.3040000000,-14.8987770081
2.3050000000,-16.1504745483
2.3060000000,-17.3878669739
2.3070000000,-18.6538696289
2.3080000000,-20.1201438904
2.3090000000,-21.3789939880
2.3100000000,-23.6248970032
2.3110000000,-25.2628326416
2.3120000000,-24.7979164124
2.3130000000,-26.4072418213
2.3140000000,-27.2655487061
2.3150000000,-28.8605690002
2.3160000000,-28.8176536560
2.3170000000,-29.4327735901
2.3180000000,-29.8476219177
2.3190000000,-31.1350822449
2.3200000000,-30.2767753601
2.3210000000,-30.3268432617
2.3220000000,-30.4484367371
2.3230000000,-31.8288803101
2.3240000000,-29.7760963440
2.3250000000,-29.7546386719
2.3260000000,-29.3684005737
2.3270000000,-30.0979614258
2.3280000000,-27.8878211975
2.3290000000,-27.6446342468
2.3300000000,-26.7505645752
2.3310000000,-26.5717506409
2.3320000000,-24.9409675598
2.3330000000,-23.4961509705
2.3340000000,-22.8953361511
2.3350000000,-21.0785865784
2.3360000000,-20.2846527100
2.3370000000,-18.7325477600
2.3380000000,-16.4866447449
2.3390000000,-15.2850151062
2.3400000000,-13.6184692383
2.3410000000,-11.9018554688
2.3420000000,-10.1208686829
2.3430000000,-8.8548660278
2.3440000000,-7.2383880615
2.3450000000,-5.1569938660
2.3460000000,-3.2472610474
2.3470000000,-1.5234947205
2.3480000000,0.1573562622
2.3490000000,1.2803077698
2.3500000000,2.1457672119
2.3510000000,3.0326843262
2.3520000000,4.2557716370
2.3530000000,5.8579444885
2.3540000000,7.4100494385
2.3550000000,8.8477134705
2.3560000000,10.6787681580
2.3570000000,12.8245353699
2.3580000000,14.5769119263
2.3590000000,16.2577629089
2.3600000000,17.7669525146
2.3610000000,19.9413299561
2.3620000000,20.9426879883
2.3630000000,21.4290618896
2.3640000000,23.4961509705
2.3650000000,24.7120857239
2.3660000000,26.9508361816
2.3670000000,26.6075134277
2.3680000000,27.4801254272
2.3690000000,27.9736518860
2.3700000000,30.2767753601
2.3710000000,29.5972824097
2.3720000000,29.7331809998
2.3730000000,30.2338600159
2.3740000000,30.8918952942
2.3750000000,30.7416915894
2.3760000000,30.3769111633
2.3770000000,30.3411483765
2.3780000000,30.4913520813
2.3790000000,29.9263000488
2.3800000000,28.7032127380
2.3810000000,28.5029411316
2.3820000000,28.8105010986
2.3830000000,26.7076492310
2.3840000000,25.7778167725
2.3850000000,24.6119499207
2.3860000000,24.4832038879
2.3870000000,23.2672691345
2.3880000000,20.8067893982
2.3890000000,19.8984146118
2.3900000000,18.3534622192
2.3910000000,17.0373916626
2.3920000000,16.0074234009
2.3930000000,14.1835212708
2.3940000000,12.5312805176
2.3950000000,10.2639198303
2.3960000000,8.2254409790
2.3970000000,6.7877769470
2.3980000000,5.1569938660
2.3990000000,3.4689903259
2.4000000000,1.6021728516
2.4010000000,-0.1859664917
2.4020000000,-1.6307830811
2.4030000000,-2.7179718018
2.4040000000,-3.6191940308
2.4050000000,-4.5990943909
2.4060000000,-6.1726570129
2.4070000000,-7.9107284546
2.4080000000,-10.2496147156
2.4090000000,-12.2880935669
2.4100000000,-13.8044357300
2.4110000000,-15.4352188110
2.4120000000,-16.6511535645
2.4130000000,-18.5108184814
2.4140000000,-20.0057029724
2.4150000000,-21.7795372009
2.4160000000,-23.8823890686
2.4170000000,-24.3687629700
2.4180000000,-25.0267982483
2.4190000000,-26.8006324768
2.4200000000,-27.7090072632
2.4210000000,-29.0322303772
2.4220000000,-28.5744667053
2.4230000000,-29.8047065735
2.4240000000,-30.1694869995
2.4250000000,-31.1779975891
2.4260000000,-30.0192832947
2.4270000000,-30.5056571960
2.4280000000,-30.7130813599
2.4290000000,-31.2924385071
2.4300000000,-29.7617912292
2.4310000000,-29.4256210327
2.4320000000,-29.7546386719
2.4330000000,-29.0393829346
2.4340000000,-27.0581245422
2.4350000000,-27.4801254272
2.4360000000,-26.5574455261
2.4370000000,-25.9208679199
2.4380000000,-23.1099128723
2.4390000000,-22.4947929382
2.4400000000,-21.3861465454
2.4410000000,-20.0271606445
2.4420000000,-18.7468528748
2.4430000000,-16.7298316956
2.4440000000,-14.3694877625
2.4450000000,-12.9675865173
2.4460000000,-11.6014480591
2.4470000000,-9.8133087158
2.4480000000,-7.6532363892
2.4490000000,-5.8150291443
2.4500000000,-4.0912628174
2.4510000000,-2.3818016052
2.4520000000,-0.5435943604
2.4530000000,1.0013580322
2.4540000000,1.8954277039
2.4550000000,2.8324127197
2.4560000000,3.9553642273
2.4570000000,5.4287910461
2.4580000000,7.4315071106
2.4590000000,9.2768669128
2.4600000000,11.0149383545
2.4610000000,12.6171112061
2.4620000000,14.4553184509
2.4630000000,16.8943405151
2.4640000000,18.6038017273
2.4650000000,19.3977355957
2.4660000000,20.6851959229
2.4670000000,22.5162506104
2.4680000000,23.8037109375
2.4690000000,26.3142585754
2.4700000000,26.2141227722
2.4710000000,27.1511077881
2.4720000000,27.6374816895
2.4730000000,29.4899940491
2.4740000000,29.7045707703
2.4750000000,29.8619270325
2.4760000000,30.2839279175
2.4770000000,30.7631492615
2.4780000000,30.9348106384
2.4790000000,30.1623344421
2.4800000000,30.4484367371
2.4810000000,30.8561325073
2.4820000000,29.9119949341
2.4830000000,28.6030769348
2.4840000000,28.3670425415
2.4850000000,28.8462638855
2.4860000000,26.8936157227
2.4870000000,25.6133079529
2.4880000000,24.4331359863
2.4890000000,23.4246253967
2.4900000000,23.0526924133
2.4910000000,20.8425521851
2.4920000000,19.3333625793
2.4930000000,17.8527832031
2.4940000000,16.3221359253
2.4950000000,14.3766403198
2.4960000000,13.3395195007
2.4970000000,11.2795829773
2.4980000000,9.6273422241
2.4990000000,7.5030326843
2.5000000000,5.3143501282
2.5010000000,3.4761428833
2.5020000000,1.6880035400
2.5030000000,-0.0143051147
2.5040000000,-1.4877319336
2.5050000000,-2.7179718018
2.5060000000,-3.6835670471
2.5070000000,-4.9066543579
2.5080000000,-6.7591667175
2.5090000000,-8.5330009460
2.5100000000,-10.2496147156
2.5110000000,-12.4096870422
2.5120000000,-13.7901306152
2.5130000000,-15.9358978271
2.5140000000,-17.4522399902
2.5150000000,-19.0758705139
2.5160000000,-21.1715698242
2.5170000000,-23.1599807739
2.5180000000,-23.6606597900
2.5190000000,-24.6405601501
2.5200000000,-25.8064270020
2.5210000000,-27.6875495911
2.5220000000,-29.0536880493
2.5230000000,-28.3670425415
2.5240000000,-29.6759605408
2.5250000000,-30.0908088684
2.5260000000,-31.0492515564
2.5270000000,-30.1194190979
2.5280000000,-30.7989120483
2.5290000000,-30.5986404419
2.5300000000,-31.1923027039
2.5310000000,-29.7403335571
2.5320000000,-29.4613838196
2.5330000000,-29.4899940491
2.5340000000,-29.4327735901
2.5350000000,-27.1153450012
2.5360000000,-27.0080566406
2.5370000000,-26.1712074280
2.5380000000,-25.7921218872
2.5390000000,-23.0097770691
2.5400000000,-22.0298767090
2.5410000000,-20.6422805786
2.5420000000,-19.0472602844
2.5430000000,-17.7097320557
2.5440000000,-16.0145759583
2.5450000000,-13.1893157959
2.5460000000,-11.8875503540
2.5470000000,-10.0493431091
2.5480000000,-8.5330009460
2.5490000000,-6.4873695374
2.5500000000,-4.3702125549
2.5510000000,-2.3317337036
2.5520000000,-0.4792213440
2.5530000000,1.0228157043
2.5540000000,1.9955635071
2.5550000000,3.0398368835
2.5560000000,4.3201446533
2.5570000000,5.9723854065
2.5580000000,7.6317787170
2.5590000000,9.3197822571
2.5600000000,11.4297866821
2.5610000000,13.0963325500
2.5620000000,15.6712532043
2.5630000000,17.2805786133
2.5640000000,18.8183784485
2.5650000000,19.9770927429
2.5660000000,21.9511985779
2.5670000000,23.2172012329
2.5680000000,25.2127647400
2.5690000000,26.2784957886
2.5700000000,26.5860557556
2.5710000000,27.5230407715
2.5720000000,29.5543670654
2.5730000000,29.7403335571
2.5740000000,29.3755531311
2.5750000000,30.1551818848
2.5760000000,31.4569473267
2.5770000000,30.6415557861
2.5780000000,30.5056571960
2.5790000000,30.0049781799
2.5800000000,30.8847427368
2.5810000000,30.1265716553
2.5820000000,29.0679931641
2.5830000000,27.7161598206
2.5840000000,28.4385681152
2.5850000000,27.1582603455
2.5860000000,25.4273414612
2.5870000000,23.7894058228
2.5880000000,23.0741500854
2.5890000000,22.8452682495
2.5900000000,20.2131271362
2.5910000000,18.1674957275
2.5920000000,17.0230865479
2.5930000000,15.3279304504
2.5940000000,13.4110450745
2.5950000000,12.1736526489
2.5960000000,10.5071067810
2.5970000000,7.9607963562
2.5980000000,5.9151649475
2.5990000000,3.9339065552
2.6000000000,1.8954277039
2.6010000000,0.0858306885
2.6020000000,-1.5306472778
2.6030000000,-2.8538703918
2.6040000000,-3.8552284241
2.6050000000,-5.0067901611
2.6060000000,-6.7663192749
2.6070000000,-9.0193748474
2.6080000000,-10.6644630432
2.6090000000,-12.0806694031
2.6100000000,-14.3837928772
2.6110000000,-16.3507461548
2.6120000000,-18.2962417603
2.6130000000,-19.8483467102
2.6140000000,-22.2730636597
2.6150000000,-23.1814384460
2.6160000000,-23.7822532654
2.6170000000,-25.5560874939
2.6180000000,-26.9150733948
2.6190000000,-28.4528732300
2.6200000000,-28.4886360168
2.6210000000,-29.1967391968
2.6220000000,-30.1551818848
2.6230000000,-30.7703018188
2.6240000000,-30.4913520813
2.6250000000,-30.6200981140
2.6260000000,-30.7273864746
2.6270000000,-31.3425064087
2.6280000000,-29.8261642456
2.6290000000,-29.5758247375
2.6300000000,-29.3111801147
2.6310000000,-29.6401977539
2.6320000000,-27.1797180176
2.6330000000,-26.9365310669
2.6340000000,-25.9780883789
2.6350000000,-25.3772735596
2.6360000000,-22.9239463806
2.6370000000,-21.8009948730
2.6380000000,-20.1201438904
2.6390000000,-18.3963775635
2.6400000000,-17.1947479248
2.6410000000,-15.2635574341
2.6420000000,-12.6099586487
2.6430000000,-10.7574462891
2.6440000000,-9.2482566833
2.6450000000,-7.1096420288
2.6460000000,-5.0354003906
2.6470000000,-3.1399726868
2.6480000000,-1.0585784912
2.6490000000,0.7081031799
2.6500000000,1.8525123596
2.6510000000,2.9540061951
2.6520000000,4.1198730469
2.6530000000,5.7792663574
2.6540000000,7.7533721924
2.6550000000,9.3913078308
2.6560000000,11.3010406494
2.6570000000,13.9117240906
2.6580000000,15.5854225159
2.6590000000,17.4093246460
2.6600000000,18.4750556946
2.6610000000,20.6995010376
2.6620000000,22.3445892334
2.6630000000,23.9539146423
2.6640000000,25.5703926086
2.6650000000,25.8851051331
2.6660000000,27.0080566406
2.6670000000,28.3384323120
2.6680000000,30.2052497864
2.6690000000,29.0179252625
2.6700000000,30.1480293274
2.6710000000,30.6558609009
2.6720000000,31.6572189331
2.6730000000,30.0478935242
2.6740000000,30.6773185730
2.6750000000,30.3268432617
2.6760000000,30.7559967041
2.6770000000,29.2611122131
2.6780000000,28.1238555908
2.6790000000,27.8663635254
2.6800000000,27.7090072632
2.6810000000,25.5560874939
2.6820000000,24.0468978882
2.6830000000,22.6664543152
2.6840000000,22.8452682495
2.6850000000,20.6279754639
2.6860000000,17.9171562195
2.6870000000,16.7798995972
2.6880000000,14.8987770081
2.6890000000,13.2250785828
2.6900000000,11.0864639282
2.6910000000,9.6273422241
2.6920000000,7.8535079956
2.6930000000,5.4001808167
2.6940000000,3.0183792114
2.6950000000,0.9870529175
2.6960000000,-0.8440017700
2.6970000000,-2.3317337036
2.6980000000,-3.5333633423
2.6990000000,-4.7206878662
2.7000000000,-6.2942504883
2.7010000000,-7.8892707825
2.7020000000,-9.5987319946
2.7030000000,-12.0306015015
2.7040000000,-13.9904022217
2.7050000000,-16.3865089417
2.7060000000,-17.6453590393
2.7070000000,-20.2202796936
2.7080000000,-22.2873687744
2.7090000000,-22.2945213318
2.7100000000,-23.9324569702
2.7110000000,-25.4416465759
2.7120000000,-27.4801254272
2.7130000000,-28.4671783447
2.7140000000,-28.1667709351
2.7150000000,-29.2253494263
2.7160000000,-30.4198265076
2.7170000000,-31.2137603760
2.7180000000,-30.2910804749
2.7190000000,-30.3411483765
2.7200000000,-31.1636924744
2.7210000000,-31.1350822449
2.7220000000,-29.9906730652
2.7230000000,-29.0966033936
2.7240000000,-29.8118591309
2.7250000000,-28.5959243774
2.7260000000,-26.8721580505
2.7270000000,-26.2856483459
2.7280000000,-25.6419181824
2.7290000000,-24.4188308716
2.7300000000,-22.0012664795
2.7310000000,-20.6065177917
2.7320000000,-18.7826156616
2.7330000000,-17.2519683838
2.7340000000,-15.5425071716
2.7350000000,-13.5326385498
2.7360000000,-11.0363960266
2.7370000000,-8.8405609131
2.7380000000,-7.1024894714
2.7390000000,-5.1784515381
2.7400000000,-2.9969215393
2.7410000000,-0.8940696716
2.7420000000,1.0013580322
2.7430000000,2.1171569824
2.7440000000,3.3545494080
2.7450000000,4.6420097351
2.7460000000,6.2584877014
2.7470000000,8.0180168152
2.7480000000,10.2925300598
2.7490000000,12.7816200256
2.7500000000,14.4338607788
2.7510000000,16.2792205811
2.7520000000,17.6239013672
2.7530000000,19.8698043823
2.7540000000,21.6650962830
2.7550000000,23.3674049377
2.7560000000,25.0124931335
2.7570000000,25.5060195923
2.7580000000,26.6432762146
2.7590000000,27.9808044434
2.7600000000,30.0979614258
2.7610000000,28.9320945740
2.7620000000,30.0908088684
2.7630000000,30.5700302124
2.7640000000,31.7144393921
2.7650000000,30.0836563110
2.7660000000,30.8704376221
2.7670000000,30.2410125732
2.7680000000,30.8775901794
2.7690000000,29.2038917542
2.7700000000,28.2812118530
2.7710000000,27.5373458862
2.7720000000,27.6160240173
2.7730000000,25.5203247070
2.7740000000,24.0039825439
2.7750000000,22.3803520203
2.7760000000,22.1371650696
2.7770000000,20.2775001526
2.7780000000,17.8027153015
2.7790000000,15.8715248108
2.7800000000,14.2478942871
2.7810000000,12.2594833374
2.7820000000,10.3569030762
2.7830000000,8.2468986511
2.7840000000,6.4730644226
2.7850000000,4.2915344238
2.7860000000,2.0670890808
2.7870000000,-0.1502037048
2.7880000000,-1.9812583923
2.7890000000,-3.2258033752
2.7900000000,-4.2772293091
2.7910000000,-5.6290626526
2.7920000000,-7.5030326843
2.7930000000,-9.7846984863
2.7940000000,-11.8947029114
2.7950000000,-14.1906738281
2.7960000000,-15.9215927124
2.7970000000,-18.1031227112
2.7980000000,-20.3704833984
2.7990000000,-21.6865539551
2.8000000000,-22.3517417908
2.8010000000,-24.3616104126
2.8020000000,-25.6705284119
2.8030000000,-27.9307365417
2.8040000000,-27.6660919189
2.8050000000,-28.9821624756
2.8060000000,-29.5114517212
2.8070000000,-30.9348106384
2.8080000000,-30.2839279175
2.8090000000,-30.9205055237
2.8100000000,-30.6415557861
2.8110000000,-31.5856933594
2.8120000000,-30.1408767700
2.8130000000,-29.8476219177
2.8140000000,-29.1252136230
2.8150000000,-29.8404693604
2.8160000000,-27.3299217224
2.8170000000,-26.6075134277
2.8180000000,-25.4774093628
2.8190000000,-25.0911712646
2.8200000000,-22.7737426758
2.8210000000,-21.1215019226
2.8220000000,-19.3333625793
2.8230000000,-17.1875953674
2.8240000000,-15.8715248108
2.8250000000,-13.7400627136
2.8260000000,-11.7158889771
2.8270000000,-9.1123580933
2.8280000000,-6.7734718323
2.8290000000,-4.9066543579
2.8300000000,-2.8467178345
2.8310000000,-0.7653236389
2.8320000000,1.0228157043
2.8330000000,2.3460388184
2.8340000000,3.5190582275
2.8350000000,4.9495697021
2.8360000000,6.9808959961
2.8370000000,9.2840194702
2.8380000000,11.1150741577
2.8390000000,13.1678581238
2.8400000000,15.0489807129
2.8410000000,16.6869163513
2.8420000000,18.8970565796
2.8430000000,20.8139419556
2.8440000000,22.5162506104
2.8450000000,24.3973731995
2.8460000000,25.0983238220
2.8470000000,26.1569023132
2.8480000000,27.5015830994
2.8490000000,29.9549102783
2.8500000000,28.9249420166
2.8510000000,29.9119949341
2.8520000000,30.4126739502
2.8530000000,31.8360328674
2.8540000000,30.2052497864
2.8550000000,30.8561325073
2.8560000000,30.0836563110
2.8570000000,31.1565399170
2.8580000000,29.3540954590
2.8590000000,28.3741950989
2.8600000000,27.3084640503
2.8610000000,27.7376174927
2.8620000000,25.3844261169
2.8630000000,23.9109992981
2.8640000000,22.1157073975
2.8650000000,21.4147567749
2.8660000000,20.1272964478
2.8670000000,17.4808502197
2.8680000000,15.0775909424
2.8690000000,13.7257575989
2.8700000000,11.4226341248
2.8710000000,9.5200538635
2.8720000000,7.3742866516
2.8730000000,5.1355361938
2.8740000000,2.9897689819
2.8750000000,0.8511543274
2.8760000000,-1.0085105896
2.8770000000,-2.5963783264
2.8780000000,-3.9696693420
2.8790000000,-5.4216384888
2.8800000000,-7.4172019958
2.8810000000,-9.3913078308
2.8820000000,-11.6586685181
2.8830000000,-13.9260292053
2.8840000000,-15.5925750732
2.8850000000,-18.3391571045
2.8860000000,-20.5779075623
2.8870000000,-20.8497047424
2.8880000000,-22.5663185120
2.8890000000,-24.5332717896
2.8900000000,-26.3571739197
2.8910000000,-27.7161598206
2.8920000000,-27.9593467712
2.8930000000,-28.8534164429
2.8940000000,-30.1408767700
2.8950000000,-30.6701660156
2.8960000000,-30.5128097534
2.8970000000,-30.6701660156
2.8980000000,-30.8704376221
2.8990000000,-31.4283370972
2.9000000000,-29.8833847046
2.9010000000,-29.5400619507
2.9020000000,-29.3684005737
2.9030000000,-29.2682647705
2.9040000000,-26.6647338867
2.9050000000,-26.1998176575
2.9060000000,-25.0124931335
2.9070000000,-24.1327285767
2.9080000000,-21.2502479553
2.9090000000,-19.8984146118
2.9100000000,-17.9886817932
2.9110000000,-15.7213211060
2.9120000000,-14.2478942871
2.9130000000,-11.9161605835
2.9140000000,-9.6845626831
2.9150000000,-7.4672698975
2.9160000000,-4.8565864563
2.9170000000,-2.7537345886
2.9180000000,-0.5435943604
2.9190000000,1.2445449829
2.9200000000,2.5248527527
2.9210000000,3.8838386536
2.9220000000,5.5432319641
2.9230000000,7.5030326843
2.9240000000,9.3412399292
2.9250000000,11.7015838623
2.9260000000,13.4611129761
2.9270000000,15.3493881226
2.9280000000,17.7168846130
2.9290000000,19.7052955627
2.9300000000,21.2502479553
2.9310000000,23.4460830688
2.9320000000,24.6262550354
2.9330000000,25.5775451660
2.9340000000,26.8650054932
2.9350000000,29.3755531311
2.9360000000,29.0250778198
2.9370000000,29.4828414917
2.9380000000,30.1051139832
2.9390000000,31.6643714905
2.9400000000,30.5128097534
2.9410000000,30.8132171631
2.9420000000,30.0049781799
2.9430000000,31.1636924744
2.9440000000,29.8333168030
2.9450000000,28.6817550659
2.9460000000,27.2655487061
2.9470000000,27.7948379517
2.9480000000,26.0210037231
2.9490000000,24.1112709045
2.9500000000,22.0870971680
2.9510000000,20.8997726440
2.9520000000,20.3919410706
2.9530000000,17.5881385803
2.9540000000,14.8415565491
2.9550000000,13.2179260254
2.9560000000,11.3725662231
2.9570000000,8.9335441589
2.9580000000,6.8521499634
2.9590000000,4.6706199646
2.9600000000,2.3317337036
2.9610000000,0.1931190491
2.9620000000,-1.6522407532
2.9630000000,-3.1185150146
2.9640000000,-4.5704841614
2.9650000000,-6.0868263245
2.9660000000,-8.1682205200
2.9670000000,-10.6716156006
2.9680000000,-12.6600265503
2.9690000000,-14.5697593689
2.9700000000,-17.3735618591
2.9710000000,-19.7410583496
2.9720000000,-20.2560424805
2.9730000000,-21.8796730042
2.9740000000,-24.0898132324
2.9750000000,-25.7706642151
2.9760000000,-27.4157524109
2.9770000000,-27.6446342468
2.9780000000,-28.7747383118
2.9790000000,-29.8833847046
2.9800000000,-30.7559967041
2.9810000000,-30.4126739502
2.9820000000,-30.7846069336
2.9830000000,-30.8990478516
2.9840000000,-31.5713882446
2.9850000000,-29.9048423767
2.9860000000,-29.6831130981
2.9870000000,-29.2539596558
2.9880000000,-29.5257568359
2.9890000000,-26.6933441162
2.9900000000,-26.0424613953
2.9910000000,-24.7192382813
2.9920000000,-23.9753723145
2.9930000000,-21.2717056274
2.9940000000,-19.5980072021
2.9950000000,-17.4307823181
2.9960000000,-15.3636932373
2.9970000000,-13.4110450745
2.9980000000,-11.6300582886
2.9990000000,-8.8191032410
3.0000000000,-6.6232681274
3.0010000000,-4.2700767517
3.0020000000,-1.7881393433
3.0030000000,0.3790855408
3.0040000000,1.9812583923
3.0050000000,3.3402442932
3.0060000000,4.8708915710
3.0070000000,6.5588951111
3.0080000000,8.6688995361
3.0090000000,10.9934806824
3.0100000000,12.5527381897
3.0110000000,15.0775909424
3.0120000000,17.1875953674
3.0130000000,19.3333625793
3.0140000000,21.1143493652
3.0150000000,23.1528282166
3.0160000000,24.2471694946
3.0170000000,25.3486633301
3.0180000000,26.7863273621
3.0190000000,29.3827056885
3.0200000000,28.8963317871
3.0210000000,29.5114517212
3.0220000000,30.1408767700
3.0230000000,31.8074226379
3.0240000000,30.3554534912
3.0250000000,30.8990478516
3.0260000000,30.1051139832
3.0270000000,31.1422348022
3.0280000000,29.6258926392
3.0290000000,28.5100936890
3.0300000000,27.1797180176
3.0310000000,27.5659561157
3.0320000000,25.5775451660
3.0330000000,23.6892700195
3.0340000000,21.6150283813
3.0350000000,20.3132629395
3.0360000000,19.6766853333
3.0370000000,16.7512893677
3.0380000000,14.1763687134
3.0390000000,11.9876861572
3.0400000000,10.3068351746
3.0410000000,7.8392028809
3.0420000000,5.5217742920
3.0430000000,3.2901763916
3.0440000000,1.0657310486
3.0450000000,-1.0871887207
3.0460000000,-2.6679039001
3.0470000000,-4.1484832764
3.0480000000,-5.7721138000
3.0490000000,-8.0609321594
3.0500000000,-10.1208686829
3.0510000000,-12.0449066162
3.0520000000,-14.7485733032
3.0530000000,-17.2162055969
3.0540000000,-19.3619728088
3.0550000000,-19.9055671692
3.0560000000,-21.9225883484
3.0570000000,-23.8823890686
3.0580000000,-26.0996818542
3.0590000000,-27.2798538208
3.0600000000,-27.7090072632
3.0610000000,-28.7604331970
3.0620000000,-30.1623344421
3.0630000000,-30.5843353271
3.0640000000,-30.6129455566
3.0650000000,-30.6057929993
3.0660000000,-31.0635566711
3.0670000000,-31.3067436218
3.0680000000,-29.9549102783
3.0690000000,-29.4685363770
3.0700000000,-29.4685363770
3.0710000000,-28.9463996887
3.0720000000,-26.2928009033
3.0730000000,-25.7706642151
3.0740000000,-24.3544578552
3.0750000000,-23.1027603149
3.0760000000,-20.2131271362
3.0770000000,-18.6610221863
3.0780000000,-16.5009498596
3.0790000000,-14.2264366150
3.0800000000,-11.9805335999
3.0810000000,-10.0779533386
3.0820000000,-7.5244903564
3.0830000000,-4.9352645874
3.0840000000,-2.6035308838
3.0850000000,-0.2932548523
3.0860000000,1.6307830811
3.0870000000,3.1185150146
3.0880000000,4.5347213745
3.0890000000,6.4158439636
3.0900000000,8.6474418640
3.0910000000,10.3998184204
3.0920000000,12.5098228455
3.0930000000,15.1848793030
3.0940000000,17.1732902527
3.0950000000,19.0258026123
3.0960000000,21.5435028076
3.0970000000,23.2100486755
3.0980000000,24.0182876587
3.0990000000,25.5274772644
3.1000000000,27.0724296570
3.1010000000,29.5329093933
3.1020000000,28.6316871643
3.1030000000,29.8619270325
3.1040000000,30.4341316223
3.1050000000,31.8646430969
3.1060000000,30.1980972290
3.1070000000,30.9634208679
3.1080000000,30.2267074585
3.1090000000,31.0277938843
3.1100000000,29.1395187378
3.1110000000,28.0451774597
3.1120000000,26.9293785095
3.1130000000,27.0223617554
3.1140000000,24.6191024780
3.1150000000,22.8953361511
3.1160000000,20.7352638245
3.1170000000,19.4764137268
3.1180000000,18.4464454651
3.1190000000,15.5138969421
3.1200000000,12.7315521240
3.1210000000,10.4856491089
3.1220000000,8.6474418640
3.1230000000,6.3300132751
3.1240000000,3.8480758667
3.1250000000,1.4877319336
3.1260000000,-0.6866455078
3.1270000000,-2.4533271790
3.1280000000,-4.1842460632
3.1290000000,-5.9223175049
3.1300000000,-7.8606605530
3.1310000000,-9.8490715027
3.1320000000,-12.2594833374
3.1330000000,-15.1062011719
3.1340000000,-17.5595283508
3.1350000000,-18.5680389404
3.1360000000,-20.2918052673
3.1370000000,-22.5019454956
3.1380000000,-24.0612030029
3.1390000000,-26.6146659851
3.1400000000,-27.1439552307
3.1410000000,-27.8234481812
3.1420000000,-28.9177894592
3.1430000000,-30.6773185730
3.1440000000,-30.8275222778
3.1450000000,-30.6344032288
3.1460000000,-30.4341316223
3.1470000000,-31.9004058838
3.1480000000,-30.5914878845
3.1490000000,-30.1122665405
3.1500000000,-29.0822982788
3.1510000000,-29.8261642456
3.1520000000,-27.3656845093
3.1530000000,-25.8994102478
3.1540000000,-24.6548652649
3.1550000000,-23.7178802490
3.1560000000,-21.7938423157
3.1570000000,-18.8398361206
3.1580000000,-17.2090530396
3.1590000000,-14.9989128113
3.1600000000,-12.4239921570
3.1610000000,-10.2424621582
3.1620000000,-8.2397460938
3.1630000000,-5.6004524231
3.1640000000,-2.8681755066
3.1650000000,-0.5006790161
3.1660000000,1.4877319336
3.1670000000,3.1399726868
3.1680000000,4.7135353088
3.1690000000,6.5732002258
3.1700000000,8.3827972412
3.1710000000,10.5071067810
3.1720000000,13.1249427795
3.1730000000,15.3565406799
3.1740000000,17.5738334656
3.1750000000,19.4263458252
3.1760000000,21.8653678894
3.1770000000,23.3030319214
3.1780000000,24.5118141174
3.1790000000,25.9280204773
3.1800000000,28.3026695251
3.1810000000,29.0250778198
3.1820000000,28.8963317871
3.1830000000,30.1408767700
3.1840000000,31.3425064087
3.1850000000,30.9634208679
3.1860000000,30.6773185730
3.1870000000,30.2767753601
3.1880000000,30.9276580811
3.1890000000,30.0335884094
3.1900000000,28.8033485413
3.1910000000,27.1582603455
3.1920000000,27.2226333618
3.1930000000,25.7706642151
3.1940000000,23.5104560852
3.1950000000,21.3932991028
3.1960000000,19.7553634644
3.1970000000,18.6681747437
3.1980000000,16.4365768433
3.1990000000,13.8330459595
3.2000000000,10.9434127808
3.2010000000,8.6045265198
3.2020000000,6.6232681274
3.2030000000,4.1842460632
3.2040000000,1.8596649170
3.2050000000,-0.5149841309
3.2060000000,-2.5248527527
3.2070000000,-4.1770935059
3.2080000000,-5.9509277344
3.2090000000,-7.8034400940
3.2100000000,-10.1280212402
3.2110000000,-13.0033493042
3.2120000000,-15.3207778931
3.2130000000,-17.6024436951
3.2140000000,-18.4893608093
3.2150000000,-20.7638740540
3.2160000000,-22.9096412659
3.2170000000,-25.1197814941
3.2180000000,-26.8936157227
3.2190000000,-26.9508361816
3.2200000000,-28.2955169678
3.2210000000,-29.4470787048
3.2220000000,-31.2280654907
3.2230000000,-30.2696228027
3.2240000000,-30.6987762451
3.2250000000,-30.6558609009
3.2260000000,-32.0148468018
3.2270000000,-29.9692153931
3.2280000000,-29.6902656555
3.2290000000,-29.2396545410
3.2300000000,-29.2468070984
3.2310000000,-26.2570381165
3.2320000000,-25.3772735596
3.2330000000,-23.7822532654
3.2340000000,-22.7093696594
3.2350000000,-19.9770927429
3.2360000000,-17.7168846130
3.2370000000,-15.5496597290
3.2380000000,-13.2894515991
3.2390000000,-10.6930732727
3.2400000000,-8.3470344543
3.2410000000,-6.0939788818
3.2420000000,-3.5119056702
3.2430000000,-0.8940696716
3.2440000000,1.4376640320
3.2450000000,3.1328201294
3.2460000000,4.6706199646
3.2470000000,6.3729286194
3.2480000000,8.4543228149
3.2490000000,10.9219551086
3.2500000000,13.3252143860
3.2510000000,15.6998634338
3.2520000000,17.4808502197
3.2530000000,20.1916694641
3.2540000000,22.1514701843
3.2550000000,23.1242179871
3.2560000000,24.7049331665
3.2570000000,26.3929367065
3.2580000000,29.0966033936
3.2590000000,28.4814834595
3.2600000000,29.5615196228
3.2610000000,30.1337242126
3.2620000000,31.9647789001
3.2630000000,30.3411483765
3.2640000000,30.9491157532
3.2650000000,30.0836563110
3.2660000000,31.1279296875
3.2670000000,29.3612480164
3.2680000000,28.1381607056
3.2690000000,26.6790390015
3.2700000000,26.8793106079
3.2710000000,24.6834754944
3.2720000000,22.5734710693
3.2730000000,20.2202796936
3.2740000000,18.5537338257
3.2750000000,17.6382064819
3.2760000000,14.7700309753
3.2770000000,12.2666358948
3.2780000000,9.3054771423
3.2790000000,6.9665908813
3.2800000000,4.7206878662
3.2810000000,2.2888183594
3.2820000000,-0.1001358032
3.2830000000,-2.2315979004
3.2840000000,-4.0555000305
3.2850000000,-5.8150291443
3.2860000000,-7.8177452087
3.2870000000,-10.4999542236
3.2880000000,-12.8602981567
3.2890000000,-15.6283378601
3.2900000000,-16.9229507446
3.2910000000,-18.7969207764
3.2920000000,-21.1930274963
3.2930000000,-22.8452682495
3.2940000000,-25.4058837891
3.2950000000,-26.8220901489
3.2960000000,-27.1511077881
3.2970000000,-28.8963317871
3.2980000000,-29.8976898193
3.2990000000,-30.7488441467
3.3000000000,-30.0550460815
3.3010000000,-31.1851501465
3.3020000000,-31.4497947693
3.3030000000,-31.0349464417
3.3040000000,-29.7832489014
3.3050000000,-29.4041633606
3.3060000000,-29.6473503113
3.3070000000,-28.1524658203
3.3080000000,-25.7349014282
3.3090000000,-24.8336791992
3.3100000000,-23.1599807739
3.3110000000,-21.9011306763
3.3120000000,-18.6038017273
3.3130000000,-16.3650512695
3.3140000000,-14.1692161560
3.3150000000,-12.0735168457
3.3160000000,-9.2840194702
3.3170000000,-6.5016746521
3.3180000000,-4.1770935059
3.3190000000,-1.6808509827
3.3200000000,0.7724761963
3.3210000000,2.5391578674
3.3220000000,4.2772293091
3.3230000000,6.0796737671
3.3240000000,8.4829330444
3.3250000000,10.9720230103
3.3260000000,12.8746032715
3.3270000000,15.3708457947
3.3280000000,17.3521041870
3.3290000000,20.1773643494
3.3300000000,22.0298767090
3.3310000000,23.0884552002
3.3320000000,24.9409675598
3.3330000000,26.4072418213
3.3340000000,28.5744667053
3.3350000000,28.9177894592
3.3360000000,29.6258926392
3.3370000000,30.4555892944
3.3380000000,31.8717956543
3.3390000000,30.3268432617
3.3400000000,30.8561325073
3.3410000000,30.6773185730
3.3420000000,30.7989120483
3.3430000000,28.5816192627
3.3440000000,28.1167030334
3.3450000000,26.8363952637
3.3460000000,25.9709358215
3.3470000000,23.4246253967
3.3480000000,22.3517417908
3.3490000000,20.0343132019
3.3500000000,17.6739692688
3.3510000000,16.3578987122
3.3520000000,13.5111808777
3.3530000000,10.9863281250
3.3540000000,8.2254409790
3.3550000000,5.7435035706
3.3560000000,3.4332275391
3.3570000000,0.9298324585
3.3580000000,-1.4162063599
3.3590000000,-3.4260749817
3.3600000000,-5.1999092102
3.3610000000,-7.3099136353
3.3620000000,-9.9778175354
3.3630000000,-12.1378898621
3.3640000000,-15.0275230408
3.3650000000,-16.4723396301
3.3660000000,-18.7611579895
3.3670000000,-20.9927558899
3.3680000000,-22.2945213318
3.3690000000,-25.0267982483
3.3700000000,-26.9436836243
3.3710000000,-27.2870063782
3.3720000000,-28.3741950989
3.3730000000,-29.7117233276
3.3740000000,-30.9920310974
3.3750000000,-30.4770469666
3.3760000000,-30.9848785400
3.3770000000,-31.1279296875
3.3780000000,-30.9419631958
3.3790000000,-30.3268432617
3.3800000000,-29.3684005737
3.3810000000,-29.4685363770
3.3820000000,-27.6732444763
3.3830000000,-25.3272056580
3.3840000000,-24.6548652649
3.3850000000,-23.0526924133
3.3860000000,-21.5506553650
3.3870000000,-18.0888175964
3.3880000000,-15.3994560242
3.3890000000,-13.1750106812
3.3900000000,-11.2080574036
3.3910000000,-8.5473060608
3.3920000000,-5.7220458984
3.3930000000,-3.1471252441
3.3940000000,-0.5793571472
3.3950000000,1.6307830811
3.3960000000,3.3617019653
3.3970000000,5.3644180298
3.3980000000,7.4529647827
3.3990000000,9.7990036011
3.4000000000,11.7659568787
3.4010000000,14.3766403198
3.4020000000,16.8299674988
3.4030000000,19.9842453003
3.4040000000,21.0213661194
3.4050000000,22.3803520203
3.4060000000,24.3973731995
3.4070000000,25.9566307068
3.4080000000,28.8891792297
3.4090000000,28.3026695251
3.4100000000,29.7188758850
3.4110000000,30.1337242126
3.4120000000,31.3568115234
3.4130000000,30.9062004089
3.4140000000,30.8918952942
3.4150000000,30.4555892944
3.4160000000,30.6844711304
3.4170000000,29.0822982788
3.4180000000,27.9235839844
3.4190000000,26.8578529358
3.4200000000,26.5359878540
3.4210000000,23.6535072327
3.4220000000,21.7080116272
3.4230000000,19.5980072021
3.4240000000,17.5523757935
3.4250000000,16.1075592041
3.4260000000,13.6685371399
3.4270000000,10.7073783875
3.4280000000,8.0323219299
3.4290000000,5.2213668823
3.4300000000,2.6893615723
3.4310000000,0.1215934753
3.4320000000,-2.1529197693
3.4330000000,-4.1127204895
3.4340000000,-6.1726570129
3.4350000000,-8.5043907166
3.4360000000,-10.7645988464
3.4370000000,-13.5540962219
3.4380000000,-14.9989128113
3.4390000000,-17.3234939575
3.4400000000,-19.8984146118
3.4410000000,-22.0084190369
3.4420000000,-24.0540504456
3.4430000000,-26.0639190674
3.4440000000,-26.4000892639
3.4450000000,-28.2883644104
3.4460000000,-29.3684005737
3.4470000000,-30.6844711304
3.4480000000,-30.5199623108
3.4490000000,-30.5771827698
3.4500000000,-31.1493873596
3.4510000000,-31.5999984741
3.4520000000,-30.4627418518
3.4530000000,-29.2968750000
3.4540000000,-29.3469429016
3.4550000000,-28.8748741150
3.4560000000,-25.8064270020
3.4570000000,-24.9838829041
3.4580000000,-22.8166580200
3.4590000000,-21.2502479553
3.4600000000,-19.0973281860
3.4610000000,-15.5925750732
3.4620000000,-13.6685371399
3.4630000000,-11.1365318298
3.4640000000,-8.8119506836
3.4650000000,-5.7363510132
3.4660000000,-2.9969215393
3.4670000000,-0.4148483276
3.4680000000,1.8453598022
3.4690000000,3.6978721619
3.4700000000,5.6862831116
3.4710000000,7.9107284546
3.4720000000,9.8991394043
3.4730000000,12.2880935669
3.4740000000,14.7056579590
3.4750000000,17.3521041870
3.4760000000,19.6480751038
3.4770000000,21.6293334961
3.4780000000,23.1242179871
3.4790000000,24.9481201172
3.4800000000,26.6075134277
3.4810000000,28.7032127380
3.4820000000,28.6030769348
3.4830000000,29.9763679504
3.4840000000,30.8632850647
3.4850000000,31.5713882446
3.4860000000,30.3196907043
3.4870000000,30.7202339172
3.4880000000,31.0063362122
3.4890000000,30.0049781799
3.4900000000,28.4528732300
3.4910000000,27.0509719849
3.4920000000,26.9651412964
3.4930000000,25.1913070679
3.4940000000,22.1657752991
3.4950000000,20.9927558899
3.4960000000,18.0172920227
3.4970000000,15.9931182861
3.4980000000,15.0418281555
3.4990000000,11.9519233704
3.5000000000,8.6688995361
3.5010000000,6.0868263245
3.5020000000,3.3116340637
3.5030000000,0.6937980652
3.5040000000,-1.7023086548
3.5050000000,-3.8552284241
3.5060000000,-5.9008598328
3.5070000000,-7.9822540283
3.5080000000,-10.7145309448
3.5090000000,-13.3252143860
3.5100000000,-14.5840644836
3.5110000000,-17.1732902527
3.5120000000,-19.7839736938
3.5130000000,-21.6507911682
3.5140000000,-24.2543220520
3.5150000000,-26.3643264771
3.5160000000,-26.3285636902
3.5170000000,-28.1381607056
3.5180000000,-29.3755531311
3.5190000000,-31.0564041138
3.5200000000,-30.2267074585
3.5210000000,-31.0993194580
3.5220000000,-30.9276580811
3.5230000000,-31.3067436218
3.5240000000,-30.1551818848
3.5250000000,-29.6974182129
3.5260000000,-29.2396545410
3.5270000000,-28.1524658203
3.5280000000,-25.1340866089
3.5290000000,-24.4331359863
3.5300000000,-22.5877761841
3.5310000000,-20.9712982178
3.5320000000,-18.2890892029
3.5330000000,-14.5554542542
3.5340000000,-12.4669075012
3.5350000000,-9.8991394043
3.5360000000,-7.5888633728
3.5370000000,-4.6992301941
3.5380000000,-1.7881393433
3.5390000000,0.8082389832
3.5400000000,2.8967857361
3.5410000000,4.8136711121
3.5420000000,6.9093704224
3.5430000000,8.9621543884
3.5440000000,11.5299224854
3.5450000000,13.9546394348
3.5460000000,17.2376632690
3.5470000000,19.2475318909
3.5480000000,20.6494331360
3.5490000000,22.6879119873
3.5500000000,24.3759155273
3.5510000000,26.5574455261
3.5520000000,28.7890434265
3.5530000000,28.1596183777
3.5540000000,30.0621986389
3.5550000000,30.3483009338
3.5560000000,31.6429138184
3.5570000000,30.6057929993
3.5580000000,31.1064720154
3.5590000000,30.3983688354
3.5600000000,30.3626060486
3.5610000000,28.2955169678
3.5620000000,27.5015830994
3.5630000000,26.4787673950
3.5640000000,25.2699851990
3.5650000000,22.2158432007
3.5660000000,20.5850601196
3.5670000000,18.0673599243
3.5680000000,15.7856941223
3.5690000000,14.0118598938
3.5700000000,11.6944313049
3.5710000000,8.4185600281
3.5720000000,5.5789947510
3.5730000000,2.6893615723
3.5740000000,-0.1788139343
3.5750000000,-2.5463104248
3.5760000000,-4.5990943909
3.5770000000,-6.6447257996
3.5780000000,-9.1910362244
3.5790000000,-11.8947029114
3.5800000000,-13.5326385498
3.5810000000,-16.0789489746
3.5820000000,-18.6896324158
3.5830000000,-20.8640098572
3.5840000000,-23.3244895935
3.5850000000,-25.7635116577
3.5860000000,-25.8994102478
3.5870000000,-27.4872779846
3.5880000000,-28.7604331970
3.5890000000,-30.9205055237
3.5900000000,-30.3626060486
3.5910000000,-30.9991836548
3.5920000000,-31.0492515564
3.5930000000,-31.3997268677
3.5940000000,-30.5128097534
3.5950000000,-29.8404693604
3.5960000000,-29.0822982788
3.5970000000,-28.8319587708
3.5980000000,-25.7849693298
3.5990000000,-24.3043899536
3.6000000000,-22.3731994629
3.6010000000,-20.9856033325
3.6020000000,-18.9971923828
3.6030000000,-15.0775909424
3.6040000000,-12.5169754028
3.6050000000,-9.9349021912
3.6060000000,-7.4100494385
3.6070000000,-4.5704841614
3.6080000000,-1.6665458679
3.6090000000,0.9083747864
3.6100000000,3.0899047852
3.6110000000,5.1069259644
3.6120000000,7.0810317993
3.6130000000,9.5915794373
3.6140000000,12.0306015015
3.6150000000,14.6842002869
3.6160000000,17.9600715637
3.6170000000,19.3762779236
3.6180000000,20.8210945129
3.6190000000,23.3101844788
3.6200000000,24.9266624451
3.6210000000,28.0022621155
3.6220000000,28.1310081482
3.6230000000,28.9893150330
3.6240000000,30.1265716553
3.6250000000,30.9848785400
3.6260000000,31.1994552612
3.6270000000,30.7130813599
3.6280000000,30.6558609009
3.6290000000,30.5843353271
3.6300000000,29.5686721802
3.6310000000,27.7805328369
3.6320000000,26.7934799194
3.6330000000,26.3857841492
3.6340000000,23.7679481506
3.6350000000,20.9140777588
3.6360000000,19.1473960876
3.6370000000,16.8871879578
3.6380000000,14.4124031067
3.6390000000,12.5670433044
3.6400000000,9.7346305847
3.6410000000,6.4444541931
3.6420000000,3.5333633423
3.6430000000,0.6437301636
3.6440000000,-1.9598007202
3.6450000000,-4.0698051453
3.6460000000,-6.1798095703
3.6470000000,-8.7475776672
3.6480000000,-11.1794471741
3.6490000000,-12.9389762878
3.6500000000,-15.6712532043
3.6510000000,-18.2676315308
3.6520000000,-20.5206871033
3.6530000000,-23.0312347412
3.6540000000,-25.5346298218
3.6550000000,-25.7778167725
3.6560000000,-27.3871421814
3.6570000000,-28.6531448364
3.6580000000,-30.8132171631
3.6590000000,-30.5628776550
3.6600000000,-31.1064720154
3.6610000000,-30.1694869995
3.6620000000,-32.1722030640
3.6630000000,-30.2910804749
3.6640000000,-30.1551818848
3.6650000000,-28.2669067383
3.6660000000,-29.1180610657
3.6670000000,-25.7205963135
3.6680000000,-24.1613388062
3.6690000000,-22.1586227417
3.6700000000,-20.5278396606
3.6710000000,-18.5394287109
3.6720000000,-14.7414207458
3.6730000000,-11.9018554688
3.6740000000,-9.3412399292
3.6750000000,-6.5016746521
3.6760000000,-3.8552284241
3.6770000000,-0.8940696716
3.6780000000,1.6021728516
3.6790000000,3.7407875061
3.6800000000,5.7148933411
3.6810000000,8.1253051758
3.6820000000,10.6787681580
3.6830000000,13.1106376648
3.6840000000,16.5295600891
3.6850000000,18.2175636292
3.6860000000,19.8769569397
3.6870000000,22.4375724792
3.6880000000,23.9968299866
3.6890000000,26.5860557556
3.6900000000,28.4171104431
3.6910000000,28.1023979187
3.6920000000,30.0264358521
3.6930000000,30.4555892944
3.6940000000,31.6572189331
3.6950000000,30.5628776550
3.6960000000,31.1064720154
3.6970000000,30.4055213928
3.6980000000,30.1837921143
3.6990000000,28.1095504761
3.7000000000,27.1868705750
3.7010000000,26.2141227722
3.7020000000,24.6834754944
3.7030000000,21.5935707092
3.7040000000,19.7553634644
3.7050000000,17.0803070068
3.7060000000,14.7342681885
3.7070000000,12.5098228455
3.7080000000,10.3998184204
3.7090000000,6.9952011108
3.7100000000,3.6835670471
3.7110000000,0.8082389832
3.7120000000,-1.8668174744
3.7130000000,-4.0340423584
3.7140000000,-6.4229965210
3.7150000000,-8.8834762573
3.7160000000,-10.8361244202
3.7170000000,-13.0176544189
3.7180000000,-15.9716606140
3.7190000000,-18.7253952026
3.7200000000,-20.5492973328
3.7210000000,-23.5176086426
3.7220000000,-25.6490707397
3.7230000000,-25.8922576904
3.7240000000,-27.7018547058
3.7250000000,-29.3040275574
3.7260000000,-30.6487083435
3.7270000000,-30.5771827698
3.7280000000,-30.8632850647
3.7290000000,-31.2995910645
3.7300000000,-31.0921669006
3.7310000000,-30.5199623108
3.7320000000,-29.4113159180
3.7330000000,-28.9821624756
3.7340000000,-28.0809402466
3.7350000000,-24.9266624451
3.7360000000,-23.6177444458
3.7370000000,-21.2502479553
3.7380000000,-19.5622444153
3.7390000000,-17.3234939575
3.7400000000,-13.3395195007
3.7410000000,-10.5714797974
3.7420000000,-7.9607963562
3.7430000000,-5.0711631775
3.7440000000,-2.1600723267
3.7450000000,0.6437301636
3.7460000000,2.8467178345
3.7470000000,4.9924850464
3.7480000000,7.3814392090
3.7490000000,9.7632408142
3.7500000000,12.3167037964
3.7510000000,15.7427787781
3.7520000000,17.4951553345
3.7530000000,19.3333625793
3.7540000000,21.8152999878
3.7550000000,23.6248970032
3.7560000000,25.8636474609
3.7570000000,28.3455848694
3.7580000000,27.9092788696
3.7590000000,29.8118591309
3.7600000000,30.2124023438
3.7610000000,31.6214561462
3.7620000000,30.6987762451
3.7630000000,31.1565399170
3.7640000000,30.3983688354
3.7650000000,30.4841995239
3.7660000000,28.2883644104
3.7670000000,27.2870063782
3.7680000000,25.9709358215
3.7690000000,25.0339508057
3.7700000000,22.0084190369
3.7710000000,19.6981430054
3.7720000000,17.1375274658
3.7730000000,14.8200988770
3.7740000000,12.2737884521
3.7750000000,10.0493431091
3.7760000000,6.9379806519
3.7770000000,3.4689903259
3.7780000000,0.4148483276
3.7790000000,-2.3245811462
3.7800000000,-4.6563148499
3.7810000000,-6.9808959961
3.7820000000,-9.0694427490
3.7830000000,-11.1365318298
3.7840000000,-13.9904022217
3.7850000000,-16.6440010071
3.7860000000,-19.3476676941
3.7870000000,-21.5291976929
3.7880000000,-24.3973731995
3.7890000000,-25.2771377563
3.7900000000,-26.5932083130
3.7910000000,-28.0952453613
3.7920000000,-30.2267074585
3.7930000000,-30.6057929993
3.7940000000,-30.6987762451
3.7950000000,-30.5914878845
3.7960000000,-32.0291519165
3.7970000000,-30.8346748352
3.7980000000,-30.0765037537
3.7990000000,-28.7175178528
3.8000000000,-29.2181968689
3.8010000000,-26.3285636902
3.8020000000,-24.0612030029
3.8030000000,-22.4518775940
3.8040000000,-20.2918052673
3.8050000000,-18.1460380554
3.8060000000,-15.3064727783
3.8070000000,-11.4655494690
3.8080000000,-8.8548660278
3.8090000000,-6.0725212097
3.8100000000,-3.0612945557
3.8110000000,-0.1502037048
3.8120000000,2.3317337036
3.8130000000,4.5704841614
3.8140000000,6.8449974060
3.8150000000,9.1552734375
3.8160000000,11.9519233704
3.8170000000,15.2349472046
3.8180000000,17.0803070068
3.8190000000,18.8970565796
3.8200000000,21.5792655945
3.8210000000,23.4460830688
3.8220000000,25.7921218872
3.8230000000,28.1453132629
3.8240000000,27.8091430664
3.8250000000,29.7904014587
3.8260000000,30.3196907043
3.8270000000,31.6143035889
3.8280000000,30.6200981140
3.8290000000,31.1851501465
3.8300000000,30.3983688354
3.8310000000,30.3626060486
3.8320000000,28.1381607056
3.8330000000,27.1582603455
3.8340000000,25.8350372314
3.8350000000,24.6763229370
3.8360000000,21.5506553650
3.8370000000,19.3047523499
3.8380000000,16.7226791382
3.8390000000,14.3051147461
3.8400000000,11.4727020264
3.8410000000,9.2124938965
3.8420000000,6.1583518982
3.8430000000,2.5105476379
3.8440000000,-0.5722045898
3.8450000000,-3.2401084900
3.8460000000,-5.6076049805
3.8470000000,-7.6103210449
3.8480000000,-9.8133087158
3.8490000000,-12.4883651733
3.8500000000,-15.1419639587
3.8510000000,-18.2533264160
3.8520000000,-20.0700759888
3.8530000000,-23.1814384460
3.8540000000,-25.1340866089
3.8550000000,-25.7062911987
3.8560000000,-27.6517868042
3.8570000000,-29.2539596558
3.8580000000,-30.5414199829
3.8590000000,-30.5986404419
3.8600000000,-30.7989120483
3.8610000000,-31.4426422119
3.8620000000,-31.0420989990
3.8630000000,-30.4913520813
3.8640000000,-29.2897224426
3.8650000000,-28.8534164429
3.8660000000,-27.6660919189
3.8670000000,-24.5332717896
3.8680000000,-23.0455398560
3.8690000000,-20.4920768738
3.8700000000,-18.6324119568
3.8710000000,-16.2506103516
3.8720000000,-12.3238563538
3.8730000000,-9.1481208801
3.8740000000,-6.4516067505
3.8750000000,-3.5047531128
3.8760000000,-0.4720687866
3.8770000000,2.1314620972
3.8780000000,4.4417381287
3.8790000000,6.7019462585
3.8800000000,8.9406967163
3.8810000000,12.2165679932
3.8820000000,15.1991844177
3.8830000000,16.9873237610
3.8840000000,18.8970565796
3.8850000000,21.7795372009
3.8860000000,23.5176086426
3.8870000000,26.4215469360
3.8880000000,27.9235839844
3.8890000000,27.9521942139
3.8900000000,29.9835205078
3.8910000000,30.5414199829
3.8920000000,31.5570831299
3.8930000000,30.5843353271
3.8940000000,31.0993194580
3.8950000000,30.4484367371
3.8960000000,29.9835205078
3.8970000000,27.8663635254
3.8980000000,26.8220901489
3.8990000000,25.6919860840
3.9000000000,23.9038467407
3.9010000000,20.6995010376
3.9020000000,18.6538696289
3.9030000000,15.9430503845
3.9040000000,13.3967399597
3.9050000000,10.4069709778
3.9060000000,7.9107284546
3.9070000000,4.7850608826
3.9080000000,1.2731552124
3.9090000000,-1.7809867859
3.9100000000,-4.3630599976
3.9110000000,-6.3729286194
3.9120000000,-8.6116790771
3.9130000000,-11.3081932068
3.9140000000,-14.0905380249
3.9150000000,-16.9801712036
3.9160000000,-19.0901756287
3.9170000000,-22.1657752991
3.9180000000,-24.6977806091
3.9190000000,-25.0625610352
3.9200000000,-26.9794464111
3.9210000000,-28.4171104431
3.9220000000,-30.7488441467
3.9230000000,-30.2267074585
3.9240000000,-30.9920310974
3.9250000000,-31.2066078186
3.9260000000,-31.4855575562
3.9270000000,-30.4555892944
3.9280000000,-29.6688079834
3.9290000000,-28.8319587708
3.9300000000,-28.3098220825
3.9310000000,-24.9552726746
3.9320000000,-23.1242179871
3.9330000000,-21.0070610046
3.9340000000,-18.9471244812
3.9350000000,-16.2935256958
3.9360000000,-13.2250785828
3.9370000000,-9.4199180603
3.9380000000,-6.5445899963
3.9390000000,-3.6692619324
3.9400000000,-0.6437301636
3.9410000000,2.0742416382
3.9420000000,4.2915344238
3.9430000000,6.6661834717
3.9440000000,9.3412399292
3.9450000000,12.6242637634
3.9460000000,14.8344039917
3.9470000000,17.1518325806
3.9480000000,19.2403793335
3.9490000000,21.9655036926
3.9500000000,23.8108634949
3.9510000000,27.1224975586
3.9520000000,27.6088714600
3.9530000000,28.5601615906
3.9540000000,29.9263000488
3.9550000000,30.8704376221
3.9560000000,31.3568115234
3.9570000000,30.7273864746
3.9580000000,30.7059288025
3.9590000000,30.4698944092
3.9600000000,29.5615196228
3.9610000000,27.4944305420
3.9620000000,26.2784957886
3.9630000000,25.4559516907
3.9640000000,23.0383872986
3.9650000000,19.7839736938
3.9660000000,17.8170204163
3.9670000000,14.8844718933
3.9680000000,12.2380256653
3.9690000000,9.1624259949
3.9700000000,6.4444541931
3.9710000000,3.0899047852
3.9720000000,-0.1788139343
3.9730000000,-3.0827522278
3.9740000000,-5.4359436035
3.9750000000,-7.5531005859
3.9760000000,-10.1494789124
3.9770000000,-13.0462646484
3.9780000000,-15.8858299255
3.9790000000,-18.3534622192
3.9800000000,-21.0642814636
3.9810000000,-23.9467620850
3.9820000000,-24.6477127075
3.9830000000,-26.4215469360
3.9840000000,-27.8592109680
3.9850000000,-30.2839279175
3.9860000000,-30.2338600159
3.9870000000,-31.0707092285
3.9880000000,-30.7631492615
3.9890000000,-31.8431854248
3.9900000000,-30.5414199829
3.9910000000,-30.1337242126
3.9920000000,-28.8033485413
3.9930000000,-28.5029411316
3.9940000000,-25.5632400513
3.9950000000,-23.3459472656
3.9960000000,-21.5077400208
3.9970000000,-18.9614295959
3.9980000000,-16.5367126465
3.9990000000,-13.7686729431
4.0000000000,-9.8419189453
4.0010000000,-6.5803527832
4.0020000000,-3.6191940308
4.0030000000,-0.6651878357
4.0040000000,2.1386146545
4.0050000000,4.4345855713
4.0060000000,6.8235397339
4.0070000000,9.7775459290
4.0080000000,12.8102302551
4.0090000000,14.8701667786
4.0100000000,17.2162055969
4.0110000000,19.7839736938
4.0120000000,22.0870971680
4.0130000000,24.2686271667
4.0140000000,27.5015830994
4.0150000000,27.4229049683
4.0160000000,29.0966033936
4.0170000000,29.6545028687
4.0180000000,31.9218635559
4.0190000000,30.6415557861
4.0200000000,30.8418273926
4.0210000000,30.5557250977
4.0220000000,30.9920310974
4.0230000000,28.4457206726
4.0240000000,27.1654129028
4.0250000000,25.7778167725
4.0260000000,25.0482559204
4.0270000000,22.0584869385
4.0280000000,18.9471244812
4.0290000000,16.8585777283
4.0300000000,13.8401985168
4.0310000000,10.9863281250
4.0320000000,7.8034400940
4.0330000000,4.8136711121
4.0340000000,1.5163421631
4.0350000000,-1.5735626221
4.0360000000,-4.2557716370
4.0370000000,-6.4730644226
4.0380000000,-9.0694427490
4.0390000000,-11.9090080261
4.0400000000,-14.6698951721
4.0410000000,-17.5023078918
4.0420000000,-19.8769569397
4.0430000000,-22.9597091675
4.0440000000,-24.4760513306
4.0450000000,-25.6347656250
4.0460000000,-27.6088714600
4.0470000000,-29.1967391968
4.0480000000,-30.8060646057
4.0490000000,-30.7703018188
4.0500000000,-30.8775901794
4.0510000000,-31.0206413269
4.0520000000,-31.1636924744
4.0530000000,-30.4985046387
4.0540000000,-28.7747383118
4.0550000000,-28.3670425415
4.0560000000,-26.7076492310
4.0570000000,-23.5676765442
4.0580000000,-22.0513343811
4.0590000000,-19.0901756287
4.0600000000,-16.9229507446
4.0610000000,-14.1549110413
4.0620000000,-10.5285644531
4.0630000000,-6.7305564880
4.0640000000,-3.7050247192
4.0650000000,-0.8440017700
4.0660000000,2.0027160645
4.0670000000,4.4918060303
4.0680000000,6.9880485535
4.0690000000,10.0994110107
4.0700000000,12.6743316650
4.0710000000,14.9917602539
4.0720000000,17.2305107117
4.0730000000,20.2560424805
4.0740000000,22.2730636597
4.0750000000,24.7621536255
4.0760000000,27.6017189026
4.0770000000,27.4229049683
4.0780000000,29.4041633606
4.0790000000,30.0621986389
4.0800000000,31.5356254578
4.0810000000,30.8203697205
4.0820000000,31.1779975891
4.0830000000,30.4055213928
4.0840000000,30.4198265076
4.0850000000,28.2096862793
4.0860000000,26.8363952637
4.0870000000,25.3129005432
4.0880000000,24.3043899536
4.0890000000,21.1715698242
4.0900000000,18.2032585144
4.0910000000,15.8786773682
4.0920000000,12.7887725830
4.0930000000,9.7560882568
4.0940000000,6.5159797668
4.0950000000,3.3617019653
4.0960000000,0.0715255737
4.0970000000,-2.8109550476
4.0980000000,-5.2499771118
4.0990000000,-7.8105926514
4.1000000000,-10.6501579285
4.1010000000,-13.3109092712
4.1020000000,-16.3364410400
4.1030000000,-18.5680389404
4.1040000000,-21.8367576599
4.1050000000,-24.1899490356
4.1060000000,-24.8980522156
4.1070000000,-26.9579887390
4.1080000000,-28.6746025085
4.1090000000,-30.7059288025
4.1100000000,-30.1551818848
4.1110000000,-30.8918952942
4.1120000000,-30.9777259827
4.1130000000,-31.9790840149
4.1140000000,-30.0407409668
4.1150000000,-29.2754173279
4.1160000000,-28.3241271973
4.1170000000,-28.0737876892
4.1180000000,-24.0254402161
4.1190000000,-22.2015380859
4.1200000000,-19.5980072021
4.1210000000,-17.3449516296
4.1220000000,-14.4481658936
4.1230000000,-11.3439559937
4.1240000000,-7.4243545532
4.1250000000,-3.9839744568
4.1260000000,-1.0585784912
4.1270000000,1.8024444580
4.1280000000,4.3272972107
4.1290000000,7.0309638977
4.1300000000,10.0636482239
4.1310000000,12.3739242554
4.1320000000,15.0060653687
4.1330000000,17.2162055969
4.1340000000,20.4062461853
4.1350000000,22.3517417908
4.1360000000,25.1626968384
4.1370000000,27.5087356567
4.1380000000,27.3656845093
4.1390000000,29.5972824097
4.1400000000,30.2052497864
4.1410000000,31.6500663757
4.1420000000,30.6773185730
4.1430000000,31.2137603760
4.1440000000,30.3626060486
4.1450000000,30.1694869995
4.1460000000,27.8306007385
4.1470000000,26.6361236572
4.1480000000,24.9695777893
4.1490000000,23.7464904785
4.1500000000,20.4849243164
4.1510000000,17.5952911377
4.1520000000,15.0990486145
4.1530000000,11.9161605835
4.1540000000,8.7833404541
4.1550000000,5.4430961609
4.1560000000,2.2029876709
4.1570000000,-0.9012222290
4.1580000000,-3.8051605225
4.1590000000,-6.2584877014
4.1600000000,-9.0336799622
4.1610000000,-11.5942955017
4.1620000000,-14.8916244507
4.1630000000,-17.1375274658
4.1640000000,-20.3418731689
4.1650000000,-23.1957435608
4.1660000000,-24.0755081177
4.1670000000,-26.0424613953
4.1680000000,-27.6160240173
4.1690000000,-30.1265716553
4.1700000000,-30.1837921143
4.1710000000,-31.0206413269
4.1720000000,-30.7774543762
4.1730000000,-31.8360328674
4.1740000000,-30.5986404419
4.1750000000,-30.0621986389
4.1760000000,-28.6173820496
4.1770000000,-28.2526016235
4.1780000000,-25.4273414612
4.1790000000,-22.7308273315
4.1800000000,-20.7495689392
4.1810000000,-17.8313255310
4.1820000000,-15.4137611389
4.1830000000,-12.4025344849
4.1840000000,-8.6474418640
4.1850000000,-5.0354003906
4.1860000000,-1.7380714417
4.1870000000,1.1587142944
4.1880000000,3.8909912109
4.1890000000,6.5016746521
4.1900000000,9.4771385193
4.1910000000,11.7588043213
4.1920000000,14.6913528442
4.1930000000,16.8085098267
4.1940000000,20.0700759888
4.1950000000,22.0799446106
4.1960000000,24.8551368713
4.1970000000,27.3871421814
4.1980000000,27.3084640503
4.1990000000,29.4971466064
4.2000000000,30.1194190979
4.2010000000,31.6357612610
4.2020000000,30.7846069336
4.2030000000,31.1851501465
4.2040000000,30.3983688354
4.2050000000,30.1694869995
4.2060000000,27.7948379517
4.2070000000,26.6003608704
4.2080000000,24.7693061829
4.2090000000,23.5748291016
4.2100000000,20.3847885132
4.2110000000,17.3306465149
4.2120000000,14.8415565491
4.2130000000,11.4297866821
4.2140000000,8.3971023560
4.2150000000,4.9352645874
4.2160000000,1.6665458679
4.2170000000,-1.5234947205
4.2180000000,-4.2486190796
4.2190000000,-6.9165229797
4.2200000000,-9.6201896667
4.2210000000,-12.4382972717
4.2220000000,-15.5138969421
4.2230000000,-17.8456306458
4.2240000000,-21.2574005127
4.2250000000,-23.7035751343
4.2260000000,-24.5547294617
4.2270000000,-26.7219543457
4.2280000000,-28.4457206726
4.2290000000,-30.4126739502
4.2300000000,-30.3912162781
4.2310000000,-30.8775901794
4.2320000000,-31.2852859497
4.2330000000,-31.3353538513
4.2340000000,-30.4269790649
4.2350000000,-29.2897224426
4.2360000000,-28.4314155579
4.2370000000,-27.4586677551
4.2380000000,-23.7965583801
4.2390000000,-21.7151641846
4.2400000000,-19.1760063171
4.2410000000,-16.5510177612
4.2420000000,-13.5254859924
4.2430000000,-10.4713439941
4.2440000000,-6.5445899963
4.2450000000,-2.9683113098
4.2460000000,0.2217292786
4.2470000000,3.0684471130
4.2480000000,5.7649612427
4.2490000000,8.6188316345
4.2500000000,10.9148025513
4.2510000000,13.8115882874
4.2520000000,16.3292884827
4.2530000000,19.4907188416
4.2540000000,21.5148925781
4.2550000000,24.1971015930
4.2560000000,27.1940231323
4.2570000000,27.1725654602
4.2580000000,29.2181968689
4.2590000000,29.9406051636
4.2600000000,31.4855575562
4.2610000000,30.9276580811
4.2620000000,31.1636924744
4.2630000000,30.4055213928
4.2640000000,30.3483009338
4.2650000000,28.1310081482
4.2660000000,26.5645980835
4.2670000000,24.9052047729
4.2680000000,23.8037109375
4.2690000000,20.6637382507
4.2700000000,17.2662734985
4.2710000000,14.8344039917
4.2720000000,11.3654136658
4.2730000000,8.3398818970
4.2740000000,4.8136711121
4.2750000000,1.4305114746
4.2760000000,-1.6808509827
4.2770000000,-4.4417381287
4.2780000000,-7.2813034058
4.2790000000,-9.9706649780
4.2800000000,-13.2679939270
4.2810000000,-15.7356262207
4.2820000000,-18.9471244812
4.2830000000,-22.0155715942
4.2840000000,-23.7035751343
4.2850000000,-25.1555442810
4.2860000000,-27.2440910339
4.2870000000,-29.0322303772
4.2880000000,-30.7059288025
4.2890000000,-30.6630134583
4.2900000000,-30.9562683105
4.2910000000,-30.9705734253
4.2920000000,-31.2137603760
4.2930000000,-30.3268432617
4.2940000000,-28.5673141479
4.2950000000,-27.8949737549
4.2960000000,-26.3357162476
4.2970000000,-22.8309631348
4.2980000000,-20.8139419556
4.2990000000,-17.7168846130
4.3000000000,-15.2134895325
4.3010000000,-11.8303298950
4.3020000000,-8.5830688477
4.3030000000,-4.8780441284
4.3040000000,-1.3089179993
4.3050000000,1.8811225891
4.3060000000,4.7993659973
4.3070000000,7.4315071106
4.3080000000,9.8347663879
4.3090000000,12.8459930420
4.3100000000,15.2349472046
4.3110000000,18.5680389404
4.3120000000,20.7924842834
4.3130000000,23.3817100525
4.3140000000,26.7720222473
4.3150000000,26.8721580505
4.3160000000,28.8105010986
4.3170000000,29.7045707703
4.3180000000,31.1350822449
4.3190000000,31.1851501465
4.3200000000,30.9419631958
4.3210000000,30.6057929993
4.3220000000,30.3483009338
4.3230000000,28.7461280823
4.3240000000,26.7291069031
4.3250000000,25.1626968384
4.3260000000,24.1398811340
4.3270000000,21.1215019226
4.3280000000,17.5237655640
4.3290000000,15.0704383850
4.3300000000,11.7802619934
4.3310000000,8.4900856018
4.3320000000,5.0854682922
4.3330000000,1.6021728516
4.3340000000,-1.6021728516
4.3350000000,-4.5275688171
4.3360000000,-7.2097778320
4.3370000000,-9.9062919617
4.3380000000,-13.1750106812
4.3390000000,-15.7070159912
4.3400000000,-18.9900398254
4.3410000000,-22.0513343811
4.3420000000,-23.4317779541
4.3430000000,-25.2342224121
4.3440000000,-27.2512435913
4.3450000000,-29.5042991638
4.3460000000,-30.2052497864
4.3470000000,-30.8132171631
4.3480000000,-30.7846069336
4.3490000000,-31.7573547363
4.3500000000,-30.7130813599
4.3510000000,-30.2338600159
4.3520000000,-28.5243988037
4.3530000000,-28.0094146729
4.3540000000,-25.6419181824
4.3550000000,-22.3731994629
4.3560000000,-20.3776359558
4.3570000000,-17.1375274658
4.3580000000,-14.5626068115
4.3590000000,-11.0149383545
4.3600000000,-7.8463554382
4.3610000000,-4.0626525879
4.3620000000,-0.2503395081
4.3630000000,2.8395652771
4.3640000000,5.5861473083
4.3650000000,8.0895423889
4.3660000000,10.8003616333
4.3670000000,13.6327743530
4.3680000000,16.3507461548
4.3690000000,19.4978713989
4.3700000000,21.7437744141
4.3710000000,25.0124931335
4.3720000000,26.8864631653
4.3730000000,27.1153450012
4.3740000000,29.5114517212
4.3750000000,30.2982330322
4.3760000000,31.6643714905
4.3770000000,30.6200981140
4.3780000000,31.1994552612
4.3790000000,30.3554534912
4.3800000000,29.9191474915
4.3810000000,27.4372100830
4.3820000000,26.0996818542
4.3830000000,24.3043899536
4.3840000000,22.7165222168
4.3850000000,19.3119049072
4.3860000000,16.0431861877
4.3870000000,13.3681297302
4.3880000000,9.7346305847
4.3890000000,6.3943862915
4.3900000000,3.0040740967
4.3910000000,-0.5149841309
4.3920000000,-3.6120414734
4.3930000000,-6.3014030457
4.3940000000,-9.0694427490
4.3950000000,-12.3381614685
4.3960000000,-14.8844718933
4.3970000000,-18.1245803833
4.3980000000,-21.2359428406
4.3990000000,-23.1957435608
4.4000000000,-24.6977806091
4.4010000000,-27.0295143127
4.4020000000,-28.6817550659
4.4030000000,-30.6415557861
4.4040000000,-30.4841995239
4.4050000000,-31.1207771301
4.4060000000,-30.7917594910
4.4070000000,-31.3639640808
4.4080000000,-30.3125381470
4.4090000000,-28.7818908691
4.4100000000,-27.6947021484
4.4110000000,-26.3142585754
4.4120000000,-22.6163864136
4.4130000000,-20.4777717590
4.4140000000,-17.4736976624
4.4150000000,-14.5697593689
4.4160000000,-11.2652778625
4.4170000000,-7.8535079956
4.4180000000,-4.1627883911
4.4190000000,-0.3433227539
4.4200000000,2.8538703918
4.4210000000,5.5718421936
4.4220000000,8.1825256348
4.4230000000,11.1508369446
4.4240000000,13.7543678284
4.4250000000,16.8228149414
4.4260000000,19.6337699890
4.4270000000,22.0298767090
4.4280000000,25.6347656250
4.4290000000,26.7434120178
4.4300000000,27.5945663452
4.4310000000,29.6401977539
4.4320000000,30.5557250977
4.4330000000,31.4998626709
4.4340000000,30.7846069336
4.4350000000,30.8775901794
4.4360000000,30.3483009338
4.4370000000,29.5186042786
4.4380000000,27.1010398865
4.4390000000,25.5560874939
4.4400000000,24.0397453308
4.4410000000,21.7580795288
4.4420000000,18.3820724487
4.4430000000,15.1133537292
4.4440000000,12.2880935669
4.4450000000,8.5401535034
4.4460000000,5.1140785217
4.4470000000,1.6450881958
4.4480000000,-1.6808509827
4.4490000000,-4.6420097351
4.4500000000,-7.3099136353
4.4510000000,-10.5714797974
4.4520000000,-13.4682655334
4.4530000000,-16.1147117615
4.4540000000,-19.7267532349
4.4550000000,-22.6020812988
4.4560000000,-23.5819816589
4.4570000000,-25.9423255920
4.4580000000,-27.6088714600
4.4590000000,-30.3483009338
4.4600000000,-30.0478935242
4.4610000000,-31.0921669006
4.4620000000,-31.0778617859
4.4630000000,-31.5928459167
4.4640000000,-30.4198265076
4.4650000000,-29.5114517212
4.4660000000,-28.1596183777
4.4670000000,-27.3299217224
4.4680000000,-23.8609313965
4.4690000000,-21.0428237915
4.4700000000,-18.9471244812
4.4710000000,-15.2206420898
4.4720000000,-12.7029418945
4.4730000000,-8.8691711426
4.4740000000,-5.4216384888
4.4750000000,-1.6665458679
4.4760000000,1.9812583923
4.4770000000,4.8708915710
4.4780000000,7.3456764221
4.4790000000,10.4069709778
4.4800000000,13.0176544189
4.4810000000,16.1719322205
4.4820000000,19.0830230713
4.4830000000,21.4862823486
4.4840000000,25.0554084778
4.4850000000,26.6575813293
4.4860000000,27.1224975586
4.4870000000,29.5257568359
4.4880000000,30.3125381470
4.4890000000,31.5785408020
4.4900000000,30.6701660156
4.4910000000,31.0778617859
4.4920000000,30.3268432617
4.4930000000,29.5972824097
4.4940000000,27.1010398865
4.4950000000,25.7706642151
4.4960000000,24.0683555603
4.4970000000,22.1085548401
4.4980000000,18.6753273010
4.4990000000,15.2707099915
4.5000000000,12.3810768127
4.5010000000,8.5544586182
4.5020000000,4.9853324890
4.5030000000,1.5807151794
4.5040000000,-1.8882751465
4.5050000000,-4.8279762268
4.5060000000,-7.4958801270
4.5070000000,-10.8718872070
4.5080000000,-13.6899948120
4.5090000000,-16.4651870728
4.5100000000,-20.0843811035
4.5110000000,-22.8309631348
4.5120000000,-24.0182876587
4.5130000000,-26.3428688049
4.5140000000,-28.1238555908
4.5150000000,-30.8203697205
4.5160000000,-29.7975540161
4.5170000000,-31.1279296875
4.5180000000,-31.3711166382
4.5190000000,-31.6643714905
4.5200000000,-29.6115875244
4.5210000000,-29.4113159180
4.5220000000,-27.7233123779
4.5230000000,-26.6289710999
4.5240000000,-22.7522850037
4.5250000000,-20.0128555298
4.5260000000,-17.6525115967
4.5270000000,-14.0404701233
4.5280000000,-11.2938880920
4.5290000000,-7.4744224548
4.5300000000,-3.8123130798
4.5310000000,-0.3004074097
4.5320000000,3.1042098999
4.5330000000,5.6147575378
4.5340000000,8.8834762573
4.5350000000,11.6014480591
4.5360000000,14.4410133362
4.5370000000,17.8456306458
4.5380000000,20.1630592346
4.5390000000,23.2529640198
4.5400000000,26.1783599854
4.5410000000,26.5002250671
4.5420000000,28.7461280823
4.5430000000,29.7045707703
4.5440000000,31.2352180481
4.5450000000,30.9062004089
4.5460000000,31.2209129333
4.5470000000,30.3983688354
4.5480000000,30.3196907043
4.5490000000,27.9879570007
4.5500000000,26.1926651001
4.5510000000,24.3473052979
4.5520000000,23.0741500854
4.5530000000,19.6766853333
4.5540000000,16.0074234009
4.5550000000,13.1535530090
4.5560000000,9.7489356995
4.5570000000,5.9080123901
4.5580000000,2.4390220642
4.5590000000,-0.9369850159
4.5600000000,-4.1484832764
4.5610000000,-7.1310997009
4.5620000000,-10.4498863220
4.5630000000,-13.2536888123
4.5640000000,-16.2506103516
4.5650000000,-19.7696685791
4.5660000000,-22.5019454956
4.5670000000,-23.6105918884
4.5680000000,-26.0925292969
4.5690000000,-27.8162956238
4.5700000000,-30.4698944092
4.5710000000,-29.9477577209
4.5720000000,-31.2423706055
4.5730000000,-30.8561325073
4.5740000000,-31.7001342773
4.5750000000,-29.8690795898
4.5760000000,-29.6902656555
4.5770000000,-27.6660919189
4.5780000000,-26.7434120178
4.5790000000,-22.5448608398
4.5800000000,-19.8769569397
4.5810000000,-17.8885459900
4.5820000000,-14.1263008118
4.5830000000,-11.0650062561
4.5840000000,-7.2956085205
4.5850000000,-3.3831596375
4.5860000000,0.2360343933
4.5870000000,3.5119056702
4.5880000000,6.4802169800
4.5890000000,9.5987319946
4.5900000000,11.9090080261
4.5910000000,15.4781341553
4.5920000000,18.0673599243
4.5930000000,20.5135345459
4.5940000000,24.4975090027
4.5950000000,26.4644622803
4.5960000000,26.9651412964
4.5970000000,28.8748741150
4.5980000000,30.2267074585
4.5990000000,31.5356254578
4.6000000000,30.8847427368
4.6010000000,30.9276580811
4.6020000000,30.6987762451
4.6030000000,29.5042991638
4.6040000000,27.6589393616
4.6050000000,25.7062911987
4.6060000000,23.6678123474
4.6070000000,22.2015380859
4.6080000000,18.4178352356
4.6090000000,14.7414207458
4.6100000000,11.7945671082
4.6110000000,8.1539154053
4.6120000000,4.3845176697
4.6130000000,0.7581710815
4.6140000000,-2.6035308838
4.6150000000,-5.4287910461
4.6160000000,-8.8691711426
4.6170000000,-11.6086006165
4.6180000000,-14.5196914673
4.6190000000,-18.3176994324
4.6200000000,-21.4433670044
4.6210000000,-22.6736068726
4.6220000000,-24.9767303467
4.6230000000,-26.9722938538
4.6240000000,-29.2396545410
4.6250000000,-30.4484367371
4.6260000000,-30.5271148682
4.6270000000,-31.0206413269
4.6280000000,-31.6286087036
4.6290000000,-30.5485725403
4.6300000000,-29.9334526062
4.6310000000,-28.1167030334
4.6320000000,-27.2297859192
4.6330000000,-24.2829322815
4.6340000000,-20.7066535950
4.6350000000,-18.6324119568
4.6360000000,-15.2635574341
4.6370000000,-11.8947029114
4.6380000000,-8.4614753723
4.6390000000,-4.2986869812
4.6400000000,-0.7081031799
4.6410000000,2.6249885559
4.6420000000,5.7077407837
4.6430000000,8.7690353394
4.6440000000,11.4011764526
4.6450000000,14.8487091064
4.6460000000,17.7526473999
4.6470000000,20.3204154968
4.6480000000,24.0612030029
4.6490000000,26.3857841492
4.6500000000,26.7720222473
4.6510000000,28.8033485413
4.6520000000,30.1551818848
4.6530000000,31.5999984741
4.6540000000,30.8060646057
4.6550000000,31.0349464417
4.6560000000,30.6200981140
4.6570000000,29.6401977539
4.6580000000,27.6446342468
4.6590000000,25.6490707397
4.6600000000,23.4961509705
4.6610000000,22.3016738892
4.6620000000,18.4321403503
4.6630000000,14.5411491394
4.6640000000,11.6300582886
4.6650000000,7.8034400940
4.6660000000,3.8552284241
4.6670000000,0.5364418030
4.6680000000,-2.8109550476
4.6690000000,-5.9080123901
4.6700000000,-9.1409683228
4.6710000000,-12.0162963867
4.6720000000,-15.0418281555
4.6730000000,-18.9042091370
4.6740000000,-21.8439102173
4.6750000000,-22.6521492004
4.6760000000,-25.3558158875
4.6770000000,-27.5874137878
4.6780000000,-30.1694869995
4.6790000000,-30.0836563110
4.6800000000,-31.0778617859
4.6810000000,-30.8704376221
4.6820000000,-31.8360328674
4.6830000000,-30.0979614258
4.6840000000,-29.6688079834
4.6850000000,-27.5731086731
4.6860000000,-26.7148017883
4.6870000000,-23.2601165771
4.6880000000,-20.0200080872
4.6890000000,-17.6095962524
4.6900000000,-13.9474868774
4.6910000000,-10.5428695679
4.6920000000,-7.0309638977
4.6930000000,-3.0827522278
4.6940000000,0.6580352783
4.6950000000,3.9052963257
4.6960000000,7.0023536682
4.6970000000,9.7632408142
4.6980000000,12.9103660583
4.6990000000,16.3793563843
4.7000000000,18.8970565796
4.7010000000,21.8296051025
4.7020000000,25.5060195923
4.7030000000,26.0353088379
4.7040000000,28.1739234924
4.7050000000,29.4613838196
4.7060000000,30.8918952942
4.7070000000,31.1493873596
4.7080000000,30.9920310974
4.7090000000,30.6057929993
4.7100000000,30.2553176880
4.7110000000,28.6388397217
4.7120000000,26.3714790344
4.7130000000,24.5976448059
4.7140000000,23.0383872986
4.7150000000,19.9127197266
4.7160000000,16.0288810730
4.7170000000,12.5813484192
4.7180000000,9.3412399292
4.7190000000,5.4645538330
4.7200000000,1.5807151794
4.7210000000,-1.9168853760
4.7220000000,-5.1569938660
4.7230000000,-8.2254409790
4.7240000000,-11.1222267151
4.7250000000,-14.1191482544
4.7260000000,-17.9743766785
4.7270000000,-21.2073326111
4.7280000000,-22.4804878235
4.7290000000,-25.0053405762
4.7300000000,-27.0009040833
4.7310000000,-29.7760963440
4.7320000000,-30.0979614258
4.7330000000,-30.5628776550
4.7340000000,-31.2066078186
4.7350000000,-32.0720672607
4.7360000000,-30.0765037537
4.7370000000,-29.5758247375
4.7380000000,-28.0737876892
4.7390000000,-26.7720222473
4.7400000000,-23.8823890686
4.7410000000,-20.2345848083
4.7420000000,-17.6596641541
4.7430000000,-14.1763687134
4.7440000000,-10.5714797974
4.7450000000,-7.1954727173
4.7460000000,-3.2544136047
4.7470000000,0.6365776062
4.7480000000,3.9625167847
4.7490000000,7.0238113403
4.7500000000,9.8204612732
4.7510000000,13.1249427795
4.7520000000,16.4937973022
4.7530000000,19.1116333008
4.7540000000,22.2229957581
4.7550000000,25.5846977234
4.7560000000,26.0853767395
4.7570000000,28.4099578857
4.7580000000,29.5472145081
4.7590000000,31.1136245728
4.7600000000,31.0635566711
4.7610000000,31.0921669006
4.7620000000,30.4269790649
4.7630000000,30.2696228027
4.7640000000,28.1238555908
4.7650000000,26.0496139526
4.7660000000,24.1041183472
4.7670000000,22.6378440857
4.7680000000,19.1545486450
4.7690000000,15.1848793030
4.7700000000,11.7158889771
4.7710000000,8.3613395691
4.7720000000,4.4345855713
4.7730000000,0.5793571472
4.7740000000,-2.9468536377
4.7750000000,-6.1082839966
4.7760000000,-9.0980529785
4.7770000000,-12.0377540588
4.7780000000,-15.6569480896
4.7790000000,-19.1187858582
4.7800000000,-21.7294692993
4.7810000000,-23.4174728394
4.7820000000,-25.9780883789
4.7830000000,-27.9521942139
4.7840000000,-30.4269790649
4.7850000000,-29.9692153931
4.7860000000,-31.2781333923
4.7870000000,-30.9276580811
4.7880000000,-31.6500663757
4.7890000000,-29.7260284424
4.7900000000,-29.2038917542
4.7910000000,-27.2369384766
4.7920000000,-25.9566307068
4.7930000000,-21.4862823486
4.7940000000,-18.5823440552
4.7950000000,-16.2792205811
4.7960000000,-12.3953819275
4.7970000000,-8.6760520935
4.7980000000,-4.9710273743
4.7990000000,-0.9584426880
4.8000000000,2.6965141296
4.8010000000,5.8865547180
4.8020000000,8.7046623230
4.8030000000,11.9161605835
4.8040000000,15.3779983521
4.8050000000,17.8313255310
4.8060000000,20.9426879883
4.8070000000,25.1841545105
4.8080000000,26.0639190674
4.8090000000,27.6732444763
4.8100000000,28.8534164429
4.8110000000,31.1064720154
4.8120000000,30.8418273926
4.8130000000,31.2781333923
4.8140000000,30.3268432617
4.8150000000,30.6773185730
4.8160000000,28.4886360168
4.8170000000,26.8650054932
4.8180000000,24.2757797241
4.8190000000,22.7451324463
4.8200000000,20.1702117920
4.8210000000,16.1790847778
4.8220000000,12.1951103210
4.8230000000,8.8834762573
4.8240000000,4.9996376038
4.8250000000,1.1014938354
4.8260000000,-2.5749206543
4.8270000000,-5.7506561279
4.8280000000,-8.8405609131
4.8290000000,-11.7659568787
4.8300000000,-15.5496597290
4.8310000000,-18.9256668091
4.8320000000,-21.3360786438
4.8330000000,-22.9740142822
4.8340000000,-25.9923934937
4.8350000000,-28.1453132629
4.8360000000,-30.4198265076
4.8370000000,-29.9477577209
4.8380000000,-31.2709808350
4.8390000000,-30.9062004089
4.8400000000,-31.6357612610
4.8410000000,-29.6974182129
4.8420000000,-29.1395187378
4.8430000000,-27.1582603455
4.8440000000,-25.8064270020
4.8450000000,-21.2574005127
4.8460000000,-18.3248519897
4.8470000000,-15.9358978271
4.8480000000,-12.0019912720
4.8490000000,-8.2111358643
4.8500000000,-4.5061111450
4.8510000000,-0.4720687866
4.8520000000,3.1971931458
4.8530000000,6.2298774719
4.8540000000,9.2697143555
4.8550000000,12.7959251404
4.8560000000,15.7356262207
4.8570000000,18.5394287109
4.8580000000,21.9726562500
4.8590000000,25.5560874939
4.8600000000,26.1354446411
4.8610000000,28.2096862793
4.8620000000,29.1681289673
4.8630000000,31.5284729004
4.8640000000,30.6987762451
4.8650000000,31.3639640808
4.8660000000,30.2338600159
4.8670000000,30.3196907043
4.8680000000,27.8592109680
4.8690000000,26.0567665100
4.8700000000,23.8394737244
4.8710000000,22.3302841187
4.8720000000,18.3892250061
4.8730000000,14.6770477295
4.8740000000,10.8790397644
4.8750000000,7.5387954712
4.8760000000,3.4832954407
4.8770000000,-0.4291534424
4.8780000000,-3.7765502930
4.8790000000,-7.1167945862
4.8800000000,-9.8705291748
4.8810000000,-13.1177902222
4.8820000000,-16.8943405151
4.8830000000,-20.7781791687
4.8840000000,-22.1514701843
4.8850000000,-24.8551368713
4.8860000000,-26.4859199524
4.8870000000,-29.1967391968
4.8880000000,-30.2982330322
4.8890000000,-30.7345390320
4.8900000000,-30.9777259827
4.8910000000,-31.7502021790
4.8920000000,-30.4841995239
4.8930000000,-29.7403335571
4.8940000000,-27.6589393616
4.8950000000,-26.6361236572
4.8960000000,-23.5176086426
4.8970000000,-19.5193290710
4.8980000000,-16.8013572693
4.8990000000,-13.5183334351
4.9000000000,-9.6273422241
4.9010000000,-5.8364868164
4.9020000000,-1.8882751465
4.9030000000,1.9454956055
4.9040000000,5.1641464233
4.9050000000,8.2325935364
4.9060000000,11.7659568787
4.9070000000,15.0132179260
4.9080000000,17.5595283508
4.9090000000,20.8711624146
4.9100000000,25.0196456909
4.9110000000,25.9351730347
4.9120000000,27.6517868042
4.9130000000,28.8105010986
4.9140000000,31.5713882446
4.9150000000,30.6200981140
4.9160000000,31.2352180481
4.9170000000,30.2267074585
4.9180000000,30.5628776550
4.9190000000,28.3098220825
4.9200000000,26.6861915588
4.9210000000,24.0182876587
4.9220000000,22.1300125122
4.9230000000,19.1688537598
4.9240000000,15.4066085815
4.9250000000,11.3153457642
4.9260000000,7.8034400940
4.9270000000,3.8838386536
4.9280000000,-0.1358985901
4.9290000000,-3.6978721619
4.9300000000,-6.8664550781
4.9310000000,-10.0851058960
4.9320000000,-13.4253501892
4.9330000000,-17.0516967773
4.9340000000,-20.5278396606
4.9350000000,-21.9726562500
4.9360000000,-24.6620178223
4.9370000000,-26.8149375916
4.9380000000,-29.5829772949
4.9390000000,-30.1551818848
4.9400000000,-30.8561325073
4.9410000000,-30.9205055237
4.9420000000,-31.8288803101
4.9430000000,-30.2338600159
4.9440000000,-29.5758247375
4.9450000000,-27.3871421814
4.9460000000,-26.1926651001
4.9470000000,-23.0526924133
4.9480000000,-19.2475318909
4.9490000000,-16.2863731384
4.9500000000,-12.8388404846
4.9510000000,-8.7690353394
4.9520000000,-4.9567222595
4.9530000000,-1.0871887207
4.9540000000,2.5606155396
4.9550000000,5.8722496033
4.9560000000,9.1266632080
4.9570000000,12.7029418945
4.9580000000,15.6497955322
4.9590000000,18.7540054321
4.9600000000,22.5090980530
4.9610000000,25.0411033630
4.9620000000,25.8564949036
4.9630000000,28.3312797546
4.9640000000,29.8476219177
4.9650000000,31.6500663757
4.9660000000,30.5628776550
4.9670000000,31.1923027039
4.9680000000,30.2910804749
4.9690000000,30.0121307373
4.9700000000,27.3871421814
4.9710000000,25.6490707397
4.9720000000,23.1027603149
4.9730000000,21.3646888733
4.9740000000,17.5452232361
4.9750000000,13.5183334351
4.9760000000,9.6631050110
4.9770000000,6.0009956360
4.9780000000,1.8525123596
4.9790000000,-2.0456314087
4.9800000000,-5.2714347839
4.9810000000,-8.4900856018
4.9820000000,-11.8660926819
4.9830000000,-15.8643722534
4.9840000000,-19.4120407104
4.9850000000,-21.2502479553
4.9860000000,-23.7679481506
4.9870000000,-26.3500213623
4.9880000000,-28.7318229675
4.9890000000,-30.3196907043
4.9900000000,-29.9191474915
4.9910000000,-31.3568115234
4.9920000000,-31.5785408020
4.9930000000,-30.8346748352
4.9940000000,-29.3898582458
4.9950000000,-28.3384323120
4.9960000000,-26.6003608704
4.9970000000,-24.4832038879
4.9980000000,-19.8841094971
4.9990000000,-16.9944763184
