time (s),velocity (rpm)
0.0000000000,0.1215934753
0.0010000000,0.0429153442
0.0020000000,-0.1144409180
0.0030000000,-0.0071525574
0.0040000000,0.1001358032
0.0050000000,0.0143051147
0.0060000000,-0.1573562622
0.0070000000,0.0643730164
0.0080000000,0.1144409180
0.0090000000,-0.0715255737
0.0100000000,-0.1001358032
0.0110000000,0.0929832458
0.0120000000,0.0929832458
0.0130000000,-0.1001358032
0.0140000000,-0.0572204590
0.0150000000,0.1215934753
0.0160000000,0.0214576721
0.0170000000,-0.1001358032
0.0180000000,0.0143051147
0.0190000000,0.0929832458
0.0200000000,-0.0143051147
0.0210000000,-0.0786781311
0.0220000000,0.0500679016
0.0230000000,0.0429153442
0.0240000000,-0.0214576721
0.0250000000,-0.0357627869
0.0260000000,0.0357627869
0.0270000000,0.0286102295
0.0280000000,0.0000000000
0.0290000000,-0.0429153442
0.0300000000,0.0143051147
0.0310000000,0.0071525574
0.0320000000,0.0071525574
0.0330000000,-0.0357627869
0.0340000000,0.0429153442
0.0350000000,0.0143051147
0.0360000000,-0.0214576721
0.0370000000,0.0071525574
0.0380000000,0.0286102295
0.0390000000,0.0071525574
0.0400000000,0.0000000000
0.0410000000,0.0286102295
0.0420000000,0.0214576721
0.0430000000,0.0429153442
0.0440000000,0.0214576721
0.0450000000,0.0643730164
0.0460000000,0.0858306885
0.0470000000,0.1001358032
0.0480000000,0.1001358032
0.0490000000,0.1144409180
0.0500000000,0.0786781311
0.0510000000,0.0715255737
0.0520000000,0.0786781311
0.0530000000,0.1001358032
0.0540000000,0.1072883606
0.0550000000,0.1001358032
0.0560000000,0.0929832458
0.0570000000,0.1215934753
0.0580000000,0.1358985901
0.0590000000,0.1215934753
0.0600000000,0.1502037048
0.0610000000,0.1215934753
0.0620000000,0.1716613770
0.0630000000,0.1859664917
0.0640000000,0.1716613770
0.0650000000,0.2217292786
0.0660000000,0.2646446228
0.0670000000,0.2360343933
0.0680000000,0.2574920654
0.0690000000,0.3004074097
0.0700000000,0.2861022949
0.0710000000,0.3004074097
0.0720000000,0.3504753113
0.0730000000,0.4076957703
0.0740000000,0.4291534424
0.0750000000,0.4220008850
0.0760000000,0.4649162292
0.0770000000,0.4935264587
0.0780000000,0.5507469177
0.0790000000,0.6008148193
0.0800000000,0.6508827209
0.0810000000,0.6437301636
0.0820000000,0.7295608521
0.0830000000,0.8225440979
0.0840000000,0.8368492126
0.0850000000,0.9369850159
0.0860000000,1.0943412781
0.0870000000,1.1086463928
0.0880000000,1.3160705566
0.0890000000,1.3589859009
0.0900000000,1.4591217041
0.0910000000,1.5020370483
0.0920000000,1.6021728516
0.0930000000,1.6093254089
0.0940000000,1.7023086548
0.0950000000,1.8167495728
0.0960000000,1.8310546875
0.0970000000,1.8811225891
0.0980000000,1.9669532776
0.0990000000,2.0170211792
0.1000000000,2.0956993103
0.1010000000,2.1100044250
0.1020000000,2.1386146545
0.1030000000,2.2602081299
0.1040000000,2.3531913757
0.1050000000,2.3603439331
0.1060000000,2.4962425232
0.1070000000,2.5177001953
0.1080000000,2.5963783264
0.1090000000,2.5248527527
0.1100000000,2.6392936707
0.1110000000,2.7251243591
0.1120000000,2.7751922607
0.1130000000,2.8824806213
0.1140000000,2.9182434082
0.1150000000,3.0684471130
0.1160000000,3.0899047852
0.1170000000,3.1542778015
0.1180000000,3.2544136047
0.1190000000,3.2258033752
0.1200000000,3.2114982605
0.1210000000,3.2043457031
0.1220000000,3.2544136047
0.1230000000,3.2472610474
0.1240000000,3.3831596375
0.1250000000,3.5047531128
0.1260000000,3.5548210144
0.1270000000,3.6764144897
0.1280000000,3.6120414734
0.1290000000,3.6549568176
0.1300000000,3.7622451782
0.1310000000,3.7479400635
0.1320000000,4.0268898010
0.1330000000,4.0984153748
0.1340000000,4.0984153748
0.1350000000,4.1985511780
0.1360000000,4.1770935059
0.1370000000,4.1842460632
0.1380000000,4.1055679321
0.1390000000,4.2271614075
0.1400000000,4.3487548828
0.1410000000,4.4989585876
0.1420000000,4.5561790466
0.1430000000,4.5418739319
0.1440000000,4.6634674072
0.1450000000,4.7707557678
0.1460000000,5.0711631775
0.1470000000,5.1498413086
0.1480000000,5.2642822266
0.1490000000,5.0497055054
0.1500000000,5.0067901611
0.1510000000,4.8995018005
0.1520000000,5.1212310791
0.1530000000,5.3358078003
0.1540000000,5.2785873413
0.1550000000,5.3143501282
0.1560000000,5.4001808167
0.1570000000,5.7578086853
0.1580000000,5.8221817017
0.1590000000,5.8221817017
0.1600000000,5.7649612427
0.1610000000,5.6791305542
0.1620000000,5.8150291443
0.1630000000,6.0224533081
0.1640000000,6.1368942261
0.1650000000,6.0725212097
0.1660000000,6.0796737671
0.1670000000,6.2799453735
0.1680000000,6.5016746521
0.1690000000,6.6089630127
0.1700000000,6.4301490784
0.1710000000,6.3872337341
0.1720000000,6.6733360291
0.1730000000,6.7591667175
0.1740000000,6.4873695374
0.1750000000,6.4873695374
0.1760000000,6.6661834717
0.1770000000,6.8807601929
0.1780000000,6.9665908813
0.1790000000,6.9451332092
0.1800000000,6.9952011108
0.1810000000,7.2526931763
0.1820000000,7.1883201599
0.1830000000,7.0953369141
0.1840000000,7.1597099304
0.1850000000,7.5101852417
0.1860000000,7.7033042908
0.1870000000,7.4672698975
0.1880000000,7.5459480286
0.1890000000,7.8320503235
0.1900000000,7.6389312744
0.1910000000,7.4601173401
0.1920000000,7.6103210449
0.1930000000,7.9107284546
0.1940000000,8.0394744873
0.1950000000,7.8964233398
0.1960000000,8.0680847168
0.1970000000,8.0609321594
0.1980000000,8.0037117004
0.1990000000,8.3684921265
0.2000000000,8.8262557983
0.2010000000,8.6760520935
0.2020000000,8.1539154053
0.2030000000,8.1825256348
0.2040000000,8.3112716675
0.2050000000,8.1753730774
0.2060000000,8.4972381592
0.2070000000,8.8262557983
0.2080000000,8.8334083557
0.2090000000,8.4471702576
0.2100000000,8.4757804871
0.2110000000,8.6331367493
0.2120000000,8.6259841919
0.2130000000,9.0909004211
0.2140000000,9.5129013062
0.2150000000,9.0551376343
0.2160000000,8.6116790771
0.2170000000,8.8262557983
0.2180000000,8.6903572083
0.2190000000,8.8334083557
0.2200000000,9.2697143555
0.2210000000,9.2911720276
0.2220000000,8.9550018311
0.2230000000,8.9550018311
0.2240000000,9.1981887817
0.2250000000,9.1910362244
0.2260000000,9.5057487488
0.2270000000,9.8991394043
0.2280000000,9.4199180603
0.2290000000,9.1910362244
0.2300000000,9.4342231750
0.2310000000,9.0837478638
0.2320000000,9.1981887817
0.2330000000,9.5701217651
0.2340000000,9.6559524536
0.2350000000,9.3841552734
0.2360000000,9.6917152405
0.2370000000,9.6130371094
0.2380000000,9.7560882568
0.2390000000,10.2281570435
0.2400000000,10.0064277649
0.2410000000,9.5629692078
0.2420000000,9.7274780273
0.2430000000,9.4485282898
0.2440000000,9.4699859619
0.2450000000,9.7846984863
0.2460000000,10.0421905518
0.2470000000,9.7203254700
0.2480000000,9.9277496338
0.2490000000,9.7560882568
0.2500000000,10.0708007813
0.2510000000,10.7002258301
0.2520000000,10.2782249451
0.2530000000,9.7417831421
0.2540000000,9.9420547485
0.2550000000,9.7060203552
0.2560000000,10.0207328796
0.2570000000,10.3926658630
0.2580000000,10.1494789124
0.2590000000,9.7846984863
0.2600000000,10.0779533386
0.2610000000,10.0851058960
0.2620000000,10.5714797974
0.2630000000,10.9148025513
0.2640000000,10.1137161255
0.2650000000,9.8633766174
0.2660000000,9.8848342896
0.2670000000,9.8347663879
0.2680000000,10.2496147156
0.2690000000,10.1923942566
0.2700000000,9.7632408142
0.2710000000,9.9134445190
0.2720000000,10.0278854370
0.2730000000,9.7274780273
0.2740000000,9.9849700928
0.2750000000,10.0708007813
0.2760000000,9.6130371094
0.2770000000,9.8419189453
0.2780000000,9.5343589783
0.2790000000,9.1624259949
0.2800000000,9.3340873718
0.2810000000,9.4342231750
0.2820000000,9.2768669128
0.2830000000,9.3412399292
0.2840000000,9.3483924866
0.2850000000,9.0265274048
0.2860000000,9.1409683228
0.2870000000,9.3555450439
0.2880000000,8.9907646179
0.2890000000,8.7618827820
0.2900000000,8.9693069458
0.2910000000,8.5544586182
0.2920000000,8.2540512085
0.2930000000,8.3971023560
0.2940000000,8.4972381592
0.2950000000,8.3041191101
0.2960000000,8.0823898315
0.2970000000,8.2111358643
0.2980000000,7.9464912415
0.2990000000,7.9536437988
0.3000000000,8.3041191101
0.3010000000,8.3255767822
0.3020000000,7.7176094055
0.3030000000,7.2455406189
0.3040000000,7.2813034058
0.3050000000,7.2455406189
0.3060000000,7.0810317993
0.3070000000,7.0452690125
0.3080000000,7.1883201599
0.3090000000,7.1597099304
0.3100000000,6.8378448486
0.3110000000,6.3657760620
0.3120000000,6.3657760620
0.3130000000,6.4015388489
0.3140000000,6.2084197998
0.3150000000,6.2012672424
0.3160000000,6.1941146851
0.3170000000,6.2799453735
0.3180000000,6.2298774719
0.3190000000,5.7363510132
0.3200000000,5.4287910461
0.3210000000,5.1069259644
0.3220000000,5.1569938660
0.3230000000,5.1426887512
0.3240000000,4.9352645874
0.3250000000,4.7636032104
0.3260000000,4.6706199646
0.3270000000,4.6348571777
0.3280000000,4.5633316040
0.3290000000,4.3988227844
0.3300000000,4.2557716370
0.3310000000,3.9911270142
0.3320000000,3.8838386536
0.3330000000,3.5977363586
0.3340000000,3.4618377686
0.3350000000,3.3974647522
0.3360000000,3.3044815063
0.3370000000,3.1614303589
0.3380000000,3.0469894409
0.3390000000,2.8038024902
0.3400000000,2.6035308838
0.3410000000,2.4175643921
0.3420000000,2.3317337036
0.3430000000,2.1815299988
0.3440000000,1.9097328186
0.3450000000,1.8668174744
0.3460000000,1.6951560974
0.3470000000,1.5234947205
0.3480000000,1.3518333435
0.3490000000,1.1801719666
0.3500000000,1.0013580322
0.3510000000,0.8511543274
0.3520000000,0.7009506226
0.3530000000,0.4935264587
0.3540000000,0.3862380981
0.3550000000,0.2074241638
0.3560000000,0.0643730164
0.3570000000,-0.0071525574
0.3580000000,-0.0715255737
0.3590000000,-0.1072883606
0.3600000000,-0.1144409180
0.3610000000,-0.1716613770
0.3620000000,-0.1859664917
0.3630000000,-0.2861022949
0.3640000000,-0.2932548523
0.3650000000,-0.3147125244
0.3660000000,-0.3433227539
0.3670000000,-0.3218650818
0.3680000000,-0.4220008850
0.3690000000,-0.4434585571
0.3700000000,-0.4935264587
0.3710000000,-0.6008148193
0.3720000000,-0.6294250488
0.3730000000,-0.7367134094
0.3740000000,-0.8869171143
0.3750000000,-1.0514259338
0.3760000000,-1.2588500977
0.3770000000,-1.4019012451
0.3780000000,-1.6450881958
0.3790000000,-1.9025802612
0.3800000000,-2.2244453430
0.3810000000,-2.5248527527
0.3820000000,-2.7966499329
0.3830000000,-3.0827522278
0.3840000000,-3.3402442932
0.3850000000,-3.5548210144
0.3860000000,-3.7693977356
0.3870000000,-3.8981437683
0.3880000000,-4.0769577026
0.3890000000,-4.4488906860
0.3900000000,-4.7421455383
0.3910000000,-4.9781799316
0.3920000000,-5.1569938660
0.3930000000,-5.4144859314
0.3940000000,-5.5789947510
0.3950000000,-5.9723854065
0.3960000000,-6.2584877014
0.3970000000,-6.5231323242
0.3980000000,-6.4444541931
0.3990000000,-6.5803527832
0.4000000000,-6.9093704224
0.4010000000,-7.1310997009
0.4020000000,-7.0524215698
0.4030000000,-7.0238113403
0.4040000000,-7.3885917664
0.4050000000,-7.7319145203
0.4060000000,-7.7462196350
0.4070000000,-7.7676773071
0.4080000000,-8.0680847168
0.4090000000,-8.1610679626
0.4100000000,-8.2039833069
0.4110000000,-8.4471702576
0.4120000000,-8.8262557983
0.4130000000,-8.7332725525
0.4140000000,-8.7547302246
0.4150000000,-9.0765953064
0.4160000000,-9.1266632080
0.4170000000,-8.5902214050
0.4180000000,-8.6474418640
0.4190000000,-8.9693069458
0.4200000000,-9.0980529785
0.4210000000,-9.5558166504
0.4220000000,-9.7703933716
0.4230000000,-9.4413757324
0.4240000000,-9.2482566833
0.4250000000,-9.5629692078
0.4260000000,-9.6631050110
0.4270000000,-9.9134445190
0.4280000000,-10.1995468140
0.4290000000,-9.5057487488
0.4300000000,-9.0336799622
0.4310000000,-9.3555450439
0.4320000000,-9.5129013062
0.4330000000,-9.8562240601
0.4340000000,-10.2353096008
0.4350000000,-9.8991394043
0.4360000000,-9.3841552734
0.4370000000,-9.8347663879
0.4380000000,-9.9492073059
0.4390000000,-9.8490715027
0.4400000000,-10.1137161255
0.4410000000,-9.5272064209
0.4420000000,-9.3269348145
0.4430000000,-9.7346305847
0.4440000000,-9.5629692078
0.4450000000,-9.4270706177
0.4460000000,-9.5629692078
0.4470000000,-9.4628334045
0.4480000000,-9.4270706177
0.4490000000,-9.7918510437
0.4500000000,-9.6702575684
0.4510000000,-9.1981887817
0.4520000000,-9.3770027161
0.4530000000,-8.9836120605
0.4540000000,-8.7761878967
0.4550000000,-8.8620185852
0.4560000000,-9.0336799622
0.4570000000,-8.6116790771
0.4580000000,-8.7690353394
0.4590000000,-8.6975097656
0.4600000000,-8.5616111755
0.4610000000,-8.4900856018
0.4620000000,-8.7046623230
0.4630000000,-8.4757804871
0.4640000000,-8.0466270447
0.4650000000,-8.1181526184
0.4660000000,-8.1324577332
0.4670000000,-7.5817108154
0.4680000000,-7.0595741272
0.4690000000,-6.9737434387
0.4700000000,-7.0738792419
0.4710000000,-6.9808959961
0.4720000000,-6.8163871765
0.4730000000,-6.9165229797
0.4740000000,-6.7520141602
0.4750000000,-6.3300132751
0.4760000000,-5.9652328491
0.4770000000,-5.6648254395
0.4780000000,-5.5360794067
0.4790000000,-5.6147575378
0.4800000000,-5.4144859314
0.4810000000,-5.1069259644
0.4820000000,-4.8279762268
0.4830000000,-4.7707557678
0.4840000000,-4.5418739319
0.4850000000,-4.3416023254
0.4860000000,-3.8909912109
0.4870000000,-3.5834312439
0.4880000000,-3.3617019653
0.4890000000,-3.0398368835
0.4900000000,-2.8610229492
0.4910000000,-2.7394294739
0.4920000000,-2.5320053101
0.4930000000,-2.3174285889
0.4940000000,-2.0742416382
0.4950000000,-1.8525123596
0.4960000000,-1.6736984253
0.4970000000,-1.3518333435
0.4980000000,-1.0514259338
0.4990000000,-0.8940696716
0.5000000000,-0.6008148193
0.5010000000,-0.3576278687
0.5020000000,-0.2145767212
0.5030000000,0.0071525574
0.5040000000,0.1573562622
0.5050000000,0.0572204590
0.5060000000,0.0429153442
0.5070000000,0.0071525574
0.5080000000,0.1001358032
0.5090000000,0.1502037048
0.5100000000,0.2646446228
0.5110000000,0.3719329834
0.5120000000,0.5006790161
0.5130000000,0.5936622620
0.5140000000,0.7867813110
0.5150000000,0.9298324585
0.5160000000,1.0728836060
0.5170000000,1.2946128845
0.5180000000,1.4090538025
0.5190000000,1.7094612122
0.5200000000,1.9311904907
0.5210000000,2.2745132446
0.5220000000,2.6249885559
0.5230000000,2.9897689819
0.5240000000,3.2472610474
0.5250000000,3.7622451782
0.5260000000,4.0268898010
0.5270000000,4.4202804565
0.5280000000,4.7206878662
0.5290000000,4.8279762268
0.5300000000,5.0425529480
0.5310000000,5.1569938660
0.5320000000,5.6362152100
0.5330000000,5.9866905212
0.5340000000,6.1440467834
0.5350000000,6.4301490784
0.5360000000,6.8163871765
0.5370000000,7.2526931763
0.5380000000,7.5030326843
0.5390000000,7.5173377991
0.5400000000,7.4458122253
0.5410000000,7.9393386841
0.5420000000,8.0895423889
0.5430000000,8.2969665527
0.5440000000,9.0193748474
0.5450000000,9.3770027161
0.5460000000,8.9621543884
0.5470000000,8.7547302246
0.5480000000,9.1409683228
0.5490000000,9.0980529785
0.5500000000,9.3984603882
0.5510000000,9.8705291748
0.5520000000,9.7990036011
0.5530000000,9.5915794373
0.5540000000,10.0636482239
0.5550000000,10.0779533386
0.5560000000,10.1280212402
0.5570000000,10.5500221252
0.5580000000,10.3712081909
0.5590000000,10.2424621582
0.5600000000,10.4713439941
0.5610000000,9.9635124207
0.5620000000,9.9992752075
0.5630000000,10.2496147156
0.5640000000,10.1566314697
0.5650000000,10.3211402893
0.5660000000,10.3211402893
0.5670000000,9.9706649780
0.5680000000,10.2281570435
0.5690000000,10.2853775024
0.5700000000,9.8347663879
0.5710000000,9.9492073059
0.5720000000,9.6774101257
0.5730000000,9.2267990112
0.5740000000,9.3412399292
0.5750000000,9.5200538635
0.5760000000,9.1552734375
0.5770000000,9.1123580933
0.5780000000,8.9335441589
0.5790000000,8.7761878967
0.5800000000,9.0622901917
0.5810000000,9.2053413391
0.5820000000,8.5115432739
0.5830000000,7.8749656677
0.5840000000,7.8248977661
0.5850000000,7.6532363892
0.5860000000,7.3814392090
0.5870000000,7.3957443237
0.5880000000,7.3671340942
0.5890000000,7.1597099304
0.5900000000,6.6947937012
0.5910000000,6.2799453735
0.5920000000,6.1726570129
0.5930000000,6.0868263245
0.5940000000,5.7363510132
0.5950000000,5.6219100952
0.5960000000,5.4144859314
0.5970000000,5.3858757019
0.5980000000,5.1426887512
0.5990000000,4.6420097351
0.6000000000,4.2128562927
0.6010000000,3.8623809814
0.6020000000,3.5190582275
0.6030000000,3.3116340637
0.6040000000,3.1399726868
0.6050000000,2.8753280640
0.6060000000,2.5892257690
0.6070000000,2.2959709167
0.6080000000,2.0027160645
0.6090000000,1.6593933105
0.6100000000,1.4090538025
0.6110000000,1.1444091797
0.6120000000,0.8654594421
0.6130000000,0.5149841309
0.6140000000,0.3290176392
0.6150000000,0.0214576721
0.6160000000,-0.1788139343
0.6170000000,-0.3576278687
0.6180000000,-0.4863739014
0.6190000000,-0.5578994751
0.6200000000,-0.6222724915
0.6210000000,-0.7510185242
0.6220000000,-0.8225440979
0.6230000000,-0.8654594421
0.6240000000,-1.0585784912
0.6250000000,-1.2731552124
0.6260000000,-1.4591217041
0.6270000000,-1.7023086548
0.6280000000,-1.9526481628
0.6290000000,-2.2673606873
0.6300000000,-2.6178359985
0.6310000000,-2.8967857361
0.6320000000,-3.1685829163
0.6330000000,-3.4403800964
0.6340000000,-3.8409233093
0.6350000000,-4.1627883911
0.6360000000,-4.5776367188
0.6370000000,-4.7206878662
0.6380000000,-4.9567222595
0.6390000000,-5.2070617676
0.6400000000,-5.6076049805
0.6410000000,-6.0439109802
0.6420000000,-6.4945220947
0.6430000000,-6.7090988159
0.6440000000,-6.8807601929
0.6450000000,-7.4458122253
0.6460000000,-7.7104568481
0.6470000000,-7.8105926514
0.6480000000,-7.8034400940
0.6490000000,-8.1610679626
0.6500000000,-8.6688995361
0.6510000000,-8.5401535034
0.6520000000,-8.9263916016
0.6530000000,-9.2554092407
0.6540000000,-8.9192390442
0.6550000000,-8.7046623230
0.6560000000,-9.1195106506
0.6570000000,-9.3340873718
0.6580000000,-9.4556808472
0.6590000000,-9.8991394043
0.6600000000,-9.8133087158
0.6610000000,-9.5844268799
0.6620000000,-9.8919868469
0.6630000000,-10.2424621582
0.6640000000,-9.8776817322
0.6650000000,-10.1566314697
0.6660000000,-9.8919868469
0.6670000000,-9.4842910767
0.6680000000,-9.6917152405
0.6690000000,-9.7632408142
0.6700000000,-9.6988677979
0.6710000000,-9.9277496338
0.6720000000,-9.6631050110
0.6730000000,-9.3984603882
0.6740000000,-9.6058845520
0.6750000000,-9.5701217651
0.6760000000,-9.2267990112
0.6770000000,-9.4342231750
0.6780000000,-9.0694427490
0.6790000000,-8.4614753723
0.6800000000,-8.3470344543
0.6810000000,-8.4614753723
0.6820000000,-8.2612037659
0.6830000000,-8.1181526184
0.6840000000,-8.1110000610
0.6850000000,-7.8105926514
0.6860000000,-7.4672698975
0.6870000000,-7.3313713074
0.6880000000,-7.2956085205
0.6890000000,-6.9665908813
0.6900000000,-6.6018104553
0.6910000000,-6.4229965210
0.6920000000,-6.3085556030
0.6930000000,-5.9437751770
0.6940000000,-5.3429603577
0.6950000000,-4.9781799316
0.6960000000,-4.5418739319
0.6970000000,-4.3272972107
0.6980000000,-4.1198730469
0.6990000000,-3.8766860962
0.7000000000,-3.5619735718
0.7010000000,-3.1900405884
0.7020000000,-2.8395652771
0.7030000000,-2.5320053101
0.7040000000,-2.1100044250
0.7050000000,-1.8668174744
0.7060000000,-1.5521049500
0.7070000000,-1.2087821960
0.7080000000,-0.7867813110
0.7090000000,-0.4148483276
0.7100000000,-0.0572204590
0.7110000000,0.1788139343
0.7120000000,0.3147125244
0.7130000000,0.4005432129
0.7140000000,0.4792213440
0.7150000000,0.6008148193
0.7160000000,0.7653236389
0.7170000000,0.9155273438
0.7180000000,1.1086463928
0.7190000000,1.3875961304
0.7200000000,1.5807151794
0.7210000000,1.9025802612
0.7220000000,2.2459030151
0.7230000000,2.5677680969
0.7240000000,2.9897689819
0.7250000000,3.3473968506
0.7260000000,3.6978721619
0.7270000000,4.0268898010
0.7280000000,4.3344497681
0.7290000000,4.6849250793
0.7300000000,5.2857398987
0.7310000000,5.7148933411
0.7320000000,6.1440467834
0.7330000000,6.2513351440
0.7340000000,6.4015388489
0.7350000000,6.7806243896
0.7360000000,7.2884559631
0.7370000000,7.3814392090
0.7380000000,7.5101852417
0.7390000000,8.0966949463
0.7400000000,8.4400177002
0.7410000000,8.6188316345
0.7420000000,8.5473060608
0.7430000000,9.0694427490
0.7440000000,9.1838836670
0.7450000000,9.3269348145
0.7460000000,9.9563598633
0.7470000000,10.1208686829
0.7480000000,9.6845626831
0.7490000000,9.8991394043
0.7500000000,9.8562240601
0.7510000000,9.7990036011
0.7520000000,10.2138519287
0.7530000000,10.3354454041
0.7540000000,9.8276138306
0.7550000000,10.0636482239
0.7560000000,10.0708007813
0.7570000000,10.1351737976
0.7580000000,10.5357170105
0.7590000000,10.1137161255
0.7600000000,9.5987319946
0.7610000000,9.7417831421
0.7620000000,9.2983245850
0.7630000000,9.1767311096
0.7640000000,9.3197822571
0.7650000000,9.1838836670
0.7660000000,8.6474418640
0.7670000000,8.6474418640
0.7680000000,8.4686279297
0.7690000000,8.0966949463
0.7700000000,8.1968307495
0.7710000000,8.0966949463
0.7720000000,7.5960159302
0.7730000000,6.9308280945
0.7740000000,6.7448616028
0.7750000000,6.6018104553
0.7760000000,6.1726570129
0.7770000000,5.7649612427
0.7780000000,5.4788589478
0.7790000000,5.3501129150
0.7800000000,5.0210952759
0.7810000000,4.6706199646
0.7820000000,4.2700767517
0.7830000000,3.9553642273
0.7840000000,3.4475326538
0.7850000000,3.1757354736
0.7860000000,2.8181076050
0.7870000000,2.4461746216
0.7880000000,2.0885467529
0.7890000000,1.6522407532
0.7900000000,1.2302398682
0.7910000000,0.8583068848
0.7920000000,0.4220008850
0.7930000000,0.1072883606
0.7940000000,-0.1573562622
0.7950000000,-0.4506111145
0.7960000000,-0.6794929504
0.7970000000,-0.8225440979
0.7980000000,-0.9727478027
0.7990000000,-1.1372566223
0.8000000000,-1.2731552124
0.8010000000,-1.4305114746
0.8020000000,-1.6951560974
0.8030000000,-1.8739700317
0.8040000000,-2.2244453430
0.8050000000,-2.5749206543
0.8060000000,-2.8824806213
0.8070000000,-3.2687187195
0.8080000000,-3.6120414734
0.8090000000,-3.9696693420
0.8100000000,-4.3773651123
0.8110000000,-4.7421455383
0.8120000000,-5.1569938660
0.8130000000,-5.5003166199
0.8140000000,-5.9938430786
0.8150000000,-6.5732002258
0.8160000000,-6.9022178650
0.8170000000,-7.0452690125
0.8180000000,-7.5531005859
0.8190000000,-8.0537796021
0.8200000000,-7.9178810120
0.8210000000,-7.9178810120
0.8220000000,-8.1610679626
0.8230000000,-8.6760520935
0.8240000000,-8.8119506836
0.8250000000,-9.1052055359
0.8260000000,-9.5415115356
0.8270000000,-9.4127655029
0.8280000000,-9.3412399292
0.8290000000,-9.8562240601
0.8300000000,-9.9992752075
0.8310000000,-9.7560882568
0.8320000000,-10.0922584534
0.8330000000,-9.7846984863
0.8340000000,-9.4270706177
0.8350000000,-9.7346305847
0.8360000000,-9.7060203552
0.8370000000,-9.7417831421
0.8380000000,-9.9062919617
0.8390000000,-9.5844268799
0.8400000000,-9.3913078308
0.8410000000,-9.5057487488
0.8420000000,-9.3841552734
0.8430000000,-9.0551376343
0.8440000000,-9.1695785522
0.8450000000,-8.6259841919
0.8460000000,-8.0680847168
0.8470000000,-7.8248977661
0.8480000000,-7.8392028809
0.8490000000,-7.5745582581
0.8500000000,-7.2312355042
0.8510000000,-7.2598457336
0.8520000000,-6.9165229797
0.8530000000,-6.4730644226
0.8540000000,-6.1011314392
0.8550000000,-5.8650970459
0.8560000000,-5.6004524231
0.8570000000,-5.3071975708
0.8580000000,-4.8565864563
0.8590000000,-4.4274330139
0.8600000000,-4.0125846863
0.8610000000,-3.6835670471
0.8620000000,-3.2258033752
0.8630000000,-2.7465820313
0.8640000000,-2.2745132446
0.8650000000,-1.7452239990
0.8660000000,-1.2016296387
0.8670000000,-0.7867813110
0.8680000000,-0.3719329834
0.8690000000,0.0429153442
0.8700000000,0.3361701965
0.8710000000,0.5364418030
0.8720000000,0.6937980652
0.8730000000,0.8440017700
0.8740000000,1.0943412781
0.8750000000,1.2588500977
0.8760000000,1.5163421631
0.8770000000,1.8239021301
0.8780000000,2.1314620972
0.8790000000,2.4962425232
0.8800000000,2.8681755066
0.8810000000,3.2401084900
0.8820000000,3.6978721619
0.8830000000,4.1770935059
0.8840000000,4.6062469482
0.8850000000,5.0210952759
0.8860000000,5.1999092102
0.8870000000,5.6219100952
0.8880000000,6.1082839966
0.8890000000,6.5946578979
0.8900000000,7.0238113403
0.8910000000,7.2884559631
0.8920000000,7.4315071106
0.8930000000,7.9393386841
0.8940000000,8.3112716675
0.8950000000,8.4257125854
0.8960000000,8.9907646179
0.8970000000,9.4985961914
0.8980000000,9.3412399292
0.8990000000,9.2053413391
0.9000000000,9.5987319946
0.9010000000,9.4127655029
0.9020000000,9.6631050110
0.9030000000,10.0421905518
0.9040000000,10.0564956665
0.9050000000,9.6487998962
0.9060000000,9.9992752075
0.9070000000,9.9062919617
0.9080000000,10.0636482239
0.9090000000,10.4427337646
0.9100000000,9.8276138306
0.9110000000,9.5057487488
0.9120000000,9.5200538635
0.9130000000,9.0980529785
0.9140000000,8.9836120605
0.9150000000,9.0050697327
0.9160000000,8.8191032410
0.9170000000,8.2612037659
0.9180000000,8.1539154053
0.9190000000,7.9035758972
0.9200000000,7.5531005859
0.9210000000,7.3742866516
0.9220000000,7.2169303894
0.9230000000,6.9093704224
0.9240000000,6.2084197998
0.9250000000,5.5789947510
0.9260000000,5.3143501282
0.9270000000,5.0354003906
0.9280000000,4.5776367188
0.9290000000,4.0411949158
0.9300000000,3.6048889160
0.9310000000,3.2401084900
0.9320000000,2.7108192444
0.9330000000,2.3889541626
0.9340000000,1.9669532776
0.9350000000,1.4734268188
0.9360000000,1.0013580322
0.9370000000,0.5221366882
0.9380000000,0.0929832458
0.9390000000,-0.3147125244
0.9400000000,-0.6079673767
0.9410000000,-0.8440017700
0.9420000000,-1.1301040649
0.9430000000,-1.2731552124
0.9440000000,-1.4734268188
0.9450000000,-1.6093254089
0.9460000000,-1.9025802612
0.9470000000,-2.2244453430
0.9480000000,-2.6106834412
0.9490000000,-2.9325485229
0.9500000000,-3.3473968506
0.9510000000,-3.7193298340
0.9520000000,-4.0984153748
0.9530000000,-4.5275688171
0.9540000000,-4.9352645874
0.9550000000,-5.3858757019
0.9560000000,-6.0653686523
0.9570000000,-6.5875053406
0.9580000000,-6.6876411438
0.9590000000,-6.8664550781
0.9600000000,-7.3385238647
0.9610000000,-7.9393386841
0.9620000000,-8.1467628479
0.9630000000,-8.2755088806
0.9640000000,-8.7547302246
0.9650000000,-8.9621543884
0.9660000000,-8.9979171753
0.9670000000,-9.4056129456
0.9680000000,-9.9349021912
0.9690000000,-9.6201896667
0.9700000000,-9.6702575684
0.9710000000,-9.8633766174
0.9720000000,-9.5272064209
0.9730000000,-9.4914436340
0.9740000000,-9.8705291748
0.9750000000,-9.6273422241
0.9760000000,-9.5415115356
0.9770000000,-9.5558166504
0.9780000000,-9.3913078308
0.9790000000,-9.3269348145
0.9800000000,-9.4842910767
0.9810000000,-9.0694427490
0.9820000000,-8.7618827820
0.9830000000,-8.8047981262
0.9840000000,-8.3398818970
0.9850000000,-7.6103210449
0.9860000000,-7.1954727173
0.9870000000,-7.1167945862
0.9880000000,-6.8306922913
0.9890000000,-6.4730644226
0.9900000000,-6.3657760620
0.9910000000,-6.1297416687
0.9920000000,-5.7005882263
0.9930000000,-5.1641464233
0.9940000000,-4.6277046204
0.9950000000,-4.0197372437
0.9960000000,-3.5977363586
0.9970000000,-3.1471252441
0.9980000000,-2.6464462280
0.9990000000,-2.1600723267
1.0000000000,-1.6093254089
1.0010000000,-1.0800361633
1.0020000000,-0.5650520325
1.0030000000,-0.0715255737
1.0040000000,0.3504753113
1.0050000000,0.6651878357
1.0060000000,0.9441375732
1.0070000000,1.1229515076
1.0080000000,1.3875961304
1.0090000000,1.6093254089
1.0100000000,1.9240379333
1.0110000000,2.2315979004
1.0120000000,2.6178359985
1.0130000000,3.1042098999
1.0140000000,3.5119056702
1.0150000000,4.1341781616
1.0160000000,4.5633316040
1.0170000000,4.9924850464
1.0180000000,5.4788589478
1.0190000000,5.7935714722
1.0200000000,5.9938430786
1.0210000000,6.5302848816
1.0220000000,7.0810317993
1.0230000000,7.3814392090
1.0240000000,7.8606605530
1.0250000000,8.5902214050
1.0260000000,9.0837478638
1.0270000000,8.7690353394
1.0280000000,8.6545944214
1.0290000000,9.1338157654
1.0300000000,9.1123580933
1.0310000000,9.5057487488
1.0320000000,9.9277496338
1.0330000000,9.7990036011
1.0340000000,9.5486640930
1.0350000000,9.9921226501
1.0360000000,9.8705291748
1.0370000000,9.7703933716
1.0380000000,10.0636482239
1.0390000000,9.8061561584
1.0400000000,9.4556808472
1.0410000000,9.5987319946
1.0420000000,8.9907646179
1.0430000000,8.6259841919
1.0440000000,8.5973739624
1.0450000000,8.4686279297
1.0460000000,8.0323219299
1.0470000000,7.8177452087
1.0480000000,7.6818466187
1.0490000000,7.0166587830
1.0500000000,6.5517425537
1.0510000000,6.3443183899
1.0520000000,5.9652328491
1.0530000000,5.6290626526
1.0540000000,4.8851966858
1.0550000000,4.3916702271
1.0560000000,3.7980079651
1.0570000000,3.4475326538
1.0580000000,2.9611587524
1.0590000000,2.4104118347
1.0600000000,1.8596649170
1.0610000000,1.3089179993
1.0620000000,0.7939338684
1.0630000000,0.2360343933
1.0640000000,-0.2217292786
1.0650000000,-0.6437301636
1.0660000000,-0.9441375732
1.0670000000,-1.2373924255
1.0680000000,-1.4448165894
1.0690000000,-1.6880035400
1.0700000000,-1.9240379333
1.0710000000,-2.1958351135
1.0720000000,-2.6035308838
1.0730000000,-2.9039382935
1.0740000000,-3.2973289490
1.0750000000,-3.7193298340
1.0760000000,-4.2271614075
1.0770000000,-4.7779083252
1.0780000000,-5.1140785217
1.0790000000,-5.5360794067
1.0800000000,-5.9795379639
1.0810000000,-6.5660476685
1.0820000000,-7.1811676025
1.0830000000,-7.5244903564
1.0840000000,-7.6675415039
1.0850000000,-8.2683563232
1.0860000000,-8.5043907166
1.0870000000,-8.6975097656
1.0880000000,-9.0265274048
1.0890000000,-9.5987319946
1.0900000000,-9.5915794373
1.0910000000,-9.4342231750
1.0920000000,-9.7990036011
1.0930000000,-9.5200538635
1.0940000000,-9.3626976013
1.0950000000,-9.7060203552
1.0960000000,-9.6917152405
1.0970000000,-9.4199180603
1.0980000000,-9.5272064209
1.0990000000,-9.3126296997
1.1000000000,-9.1409683228
1.1010000000,-9.2983245850
1.1020000000,-9.0408325195
1.1030000000,-8.4543228149
1.1040000000,-8.4686279297
1.1050000000,-8.2612037659
1.1060000000,-7.5888633728
1.1070000000,-6.8807601929
1.1080000000,-6.5374374390
1.1090000000,-6.3085556030
1.1100000000,-5.9294700623
1.1110000000,-5.5503845215
1.1120000000,-5.2142143250
1.1130000000,-4.8637390137
1.1140000000,-4.2843818665
1.1150000000,-3.6692619324
1.1160000000,-2.9826164246
1.1170000000,-2.4104118347
1.1180000000,-1.8239021301
1.1190000000,-1.2373924255
1.1200000000,-0.5793571472
1.1210000000,-0.1287460327
1.1220000000,0.3361701965
1.1230000000,0.7653236389
1.1240000000,1.1014938354
1.1250000000,1.3804435730
1.1260000000,1.6021728516
1.1270000000,1.9526481628
1.1280000000,2.2959709167
1.1290000000,2.7251243591
1.1300000000,3.1971931458
1.1310000000,3.6764144897
1.1320000000,4.1341781616
1.1330000000,4.4131278992
1.1340000000,4.9710273743
1.1350000000,5.5217742920
1.1360000000,6.0367584229
1.1370000000,6.4444541931
1.1380000000,6.9093704224
1.1390000000,7.7247619629
1.1400000000,8.3184242249
1.1410000000,8.3398818970
1.1420000000,8.1110000610
1.1430000000,8.5473060608
1.1440000000,8.8548660278
1.1450000000,8.9263916016
1.1460000000,9.5701217651
1.1470000000,9.8347663879
1.1480000000,9.5200538635
1.1490000000,9.4771385193
1.1500000000,9.7489356995
1.1510000000,9.6344947815
1.1520000000,9.9849700928
1.1530000000,10.1566314697
1.1540000000,9.4628334045
1.1550000000,9.2124938965
1.1560000000,9.1624259949
1.1570000000,8.6331367493
1.1580000000,8.4471702576
1.1590000000,8.4185600281
1.1600000000,8.0180168152
1.1610000000,7.4958801270
1.1620000000,7.2455406189
1.1630000000,6.9880485535
1.1640000000,6.3657760620
1.1650000000,5.8221817017
1.1660000000,5.3501129150
1.1670000000,4.9710273743
1.1680000000,4.4631958008
1.1690000000,3.9696693420
1.1700000000,3.2043457031
1.1710000000,2.5963783264
1.1720000000,2.0599365234
1.1730000000,1.4305114746
1.1740000000,0.8869171143
1.1750000000,0.3290176392
1.1760000000,-0.2074241638
1.1770000000,-0.6651878357
1.1780000000,-1.0728836060
1.1790000000,-1.4305114746
1.1800000000,-1.6808509827
1.1810000000,-1.9168853760
1.1820000000,-2.2244453430
1.1830000000,-2.6035308838
1.1840000000,-3.0970573425
1.1850000000,-3.3259391785
1.1860000000,-3.6764144897
1.1870000000,-4.1198730469
1.1880000000,-4.5847892761
1.1890000000,-5.1784515381
1.1900000000,-5.8722496033
1.1910000000,-6.4945220947
1.1920000000,-6.8163871765
1.1930000000,-7.1167945862
1.1940000000,-7.7962875366
1.1950000000,-8.1324577332
1.1960000000,-8.3398818970
1.1970000000,-8.7547302246
1.1980000000,-9.3555450439
1.1990000000,-9.4270706177
1.2000000000,-9.2983245850
1.2010000000,-9.6774101257
1.2020000000,-9.4842910767
1.2030000000,-9.2911720276
1.2040000000,-9.6344947815
1.2050000000,-9.6487998962
1.2060000000,-9.3412399292
1.2070000000,-9.4556808472
1.2080000000,-9.1910362244
1.2090000000,-9.0479850769
1.2100000000,-9.0765953064
1.2110000000,-8.8906288147
1.2120000000,-8.2755088806
1.2130000000,-8.1396102905
1.2140000000,-7.9822540283
1.2150000000,-7.3742866516
1.2160000000,-6.6232681274
1.2170000000,-6.0510635376
1.2180000000,-5.7220458984
1.2190000000,-5.3930282593
1.2200000000,-4.7993659973
1.2210000000,-4.2486190796
1.2220000000,-3.6549568176
1.2230000000,-3.2258033752
1.2240000000,-2.5534629822
1.2250000000,-1.9097328186
1.2260000000,-1.2230873108
1.2270000000,-0.5650520325
1.2280000000,0.0214576721
1.2290000000,0.5650520325
1.2300000000,0.9655952454
1.2310000000,1.3303756714
1.2320000000,1.6522407532
1.2330000000,1.9598007202
1.2340000000,2.3317337036
1.2350000000,2.6178359985
1.2360000000,3.1328201294
1.2370000000,3.6835670471
1.2380000000,4.2414665222
1.2390000000,4.7922134399
1.2400000000,5.1856040955
1.2410000000,5.7578086853
1.2420000000,6.3228607178
1.2430000000,7.0667266846
1.2440000000,7.6818466187
1.2450000000,7.7605247498
1.2460000000,7.6818466187
1.2470000000,8.1753730774
1.2480000000,8.5616111755
1.2490000000,8.6975097656
1.2500000000,9.2911720276
1.2510000000,9.6273422241
1.2520000000,9.4985961914
1.2530000000,9.2911720276
1.2540000000,9.5844268799
1.2550000000,9.5272064209
1.2560000000,9.8991394043
1.2570000000,10.2782249451
1.2580000000,9.5701217651
1.2590000000,8.8477134705
1.2600000000,8.8763237000
1.2610000000,8.4972381592
1.2620000000,8.3184242249
1.2630000000,8.3756446838
1.2640000000,7.9250335693
1.2650000000,7.3027610779
1.2660000000,6.6733360291
1.2670000000,6.4086914063
1.2680000000,6.0510635376
1.2690000000,5.3572654724
1.2700000000,4.8136711121
1.2710000000,4.1627883911
1.2720000000,3.7121772766
1.2730000000,3.1042098999
1.2740000000,2.4032592773
1.2750000000,1.7809867859
1.2760000000,1.1873245239
1.2770000000,0.4148483276
1.2780000000,-0.1430511475
1.2790000000,-0.6866455078
1.2800000000,-1.1873245239
1.2810000000,-1.4448165894
1.2820000000,-1.7380714417
1.2830000000,-2.0670890808
1.2840000000,-2.3460388184
1.2850000000,-2.8109550476
1.2860000000,-3.1399726868
1.2870000000,-3.5047531128
1.2880000000,-4.0483474731
1.2890000000,-4.5704841614
1.2900000000,-5.2642822266
1.2910000000,-5.7721138000
1.2920000000,-6.1726570129
1.2930000000,-6.7591667175
1.2940000000,-7.3313713074
1.2950000000,-7.7462196350
1.2960000000,-8.0609321594
1.2970000000,-8.5401535034
1.2980000000,-9.2267990112
1.2990000000,-9.2267990112
1.3000000000,-9.1767311096
1.3010000000,-9.6058845520
1.3020000000,-9.3984603882
1.3030000000,-9.2053413391
1.3040000000,-9.6416473389
1.3050000000,-9.5486640930
1.3060000000,-9.2840194702
1.3070000000,-9.3483924866
1.3080000000,-9.1052055359
1.3090000000,-8.8906288147
1.3100000000,-8.8620185852
1.3110000000,-8.7189674377
1.3120000000,-8.0823898315
1.3130000000,-7.8248977661
1.3140000000,-7.6675415039
1.3150000000,-7.0309638977
1.3160000000,-6.2298774719
1.3170000000,-5.5360794067
1.3180000000,-5.0425529480
1.3190000000,-4.5561790466
1.3200000000,-4.0841102600
1.3210000000,-3.4189224243
1.3220000000,-2.7751922607
1.3230000000,-2.0742416382
1.3240000000,-1.4448165894
1.3250000000,-0.7724761963
1.3260000000,-0.1001358032
1.3270000000,0.4649162292
1.3280000000,0.9584426880
1.3290000000,1.3589859009
1.3300000000,1.7595291138
1.3310000000,2.1171569824
1.3320000000,2.5177001953
1.3330000000,2.9826164246
1.3340000000,3.4904479980
1.3350000000,3.9768218994
1.3360000000,4.5418739319
1.3370000000,5.0711631775
1.3380000000,5.8293342590
1.3390000000,6.4659118652
1.3400000000,7.0810317993
1.3410000000,7.1954727173
1.3420000000,7.2741508484
1.3430000000,7.8320503235
1.3440000000,8.2468986511
1.3450000000,8.4757804871
1.3460000000,9.0336799622
1.3470000000,9.4842910767
1.3480000000,9.4342231750
1.3490000000,9.1838836670
1.3500000000,9.4556808472
1.3510000000,9.4628334045
1.3520000000,9.7489356995
1.3530000000,10.1709365845
1.3540000000,9.6201896667
1.3550000000,8.8477134705
1.3560000000,8.7404251099
1.3570000000,8.3827972412
1.3580000000,8.1181526184
1.3590000000,8.1181526184
1.3600000000,7.7462196350
1.3610000000,7.1024894714
1.3620000000,6.3586235046
1.3630000000,5.9652328491
1.3640000000,5.5360794067
1.3650000000,4.9924850464
1.3660000000,4.3129920959
1.3670000000,3.6191940308
1.3680000000,2.9253959656
1.3690000000,2.3174285889
1.3700000000,1.6593933105
1.3710000000,0.9441375732
1.3720000000,0.3147125244
1.3730000000,-0.3504753113
1.3740000000,-0.8940696716
1.3750000000,-1.3732910156
1.3760000000,-1.7380714417
1.3770000000,-1.9454956055
1.3780000000,-2.3818016052
1.3790000000,-2.8181076050
1.3800000000,-3.2186508179
1.3810000000,-3.6406517029
1.3820000000,-4.1556358337
1.3830000000,-4.6420097351
1.3840000000,-5.1498413086
1.3850000000,-5.6576728821
1.3860000000,-6.4730644226
1.3870000000,-7.0238113403
1.3880000000,-7.4243545532
1.3890000000,-7.8105926514
1.3900000000,-8.4185600281
1.3910000000,-9.0765953064
1.3920000000,-9.0408325195
1.3930000000,-9.1266632080
1.3940000000,-9.5558166504
1.3950000000,-9.3269348145
1.3960000000,-9.2339515686
1.3970000000,-9.5915794373
1.3980000000,-9.4985961914
1.3990000000,-9.2053413391
1.4000000000,-9.2339515686
1.4010000000,-9.0050697327
1.4020000000,-8.6903572083
1.4030000000,-8.7118148804
1.4040000000,-8.4614753723
1.4050000000,-7.8320503235
1.4060000000,-7.5316429138
1.4070000000,-7.2526931763
1.4080000000,-6.6447257996
1.4090000000,-5.6934356689
1.4100000000,-4.9495697021
1.4110000000,-4.3630599976
1.4120000000,-3.7980079651
1.4130000000,-3.1828880310
1.4140000000,-2.5463104248
1.4150000000,-1.8453598022
1.4160000000,-1.1301040649
1.4170000000,-0.3647804260
1.4180000000,0.2431869507
1.4190000000,0.8583068848
1.4200000000,1.3446807861
1.4210000000,1.7452239990
1.4220000000,2.2029876709
1.4230000000,2.5463104248
1.4240000000,3.0040740967
1.4250000000,3.5905838013
1.4260000000,4.1341781616
1.4270000000,4.8351287842
1.4280000000,5.5289268494
1.4290000000,6.1726570129
1.4300000000,6.5660476685
1.4310000000,6.7520141602
1.4320000000,7.0667266846
1.4330000000,7.7176094055
1.4340000000,8.0108642578
1.4350000000,8.3899497986
1.4360000000,9.0336799622
1.4370000000,9.3913078308
1.4380000000,9.2053413391
1.4390000000,9.1624259949
1.4400000000,9.4270706177
1.4410000000,9.4342231750
1.4420000000,9.7489356995
1.4430000000,10.0851058960
1.4440000000,9.3770027161
1.4450000000,8.6402893066
1.4460000000,8.5759162903
1.4470000000,8.1896781921
1.4480000000,7.8320503235
1.4490000000,7.7819824219
1.4500000000,7.3528289795
1.4510000000,6.7019462585
1.4520000000,5.8794021606
1.4530000000,5.3358078003
1.4540000000,4.9138069153
1.4550000000,4.3058395386
1.4560000000,3.5405158997
1.4570000000,2.8038024902
1.4580000000,2.0599365234
1.4590000000,1.3875961304
1.4600000000,0.6508827209
1.4610000000,-0.0643730164
1.4620000000,-0.7081031799
1.4630000000,-1.2373924255
1.4640000000,-1.6164779663
1.4650000000,-2.0384788513
1.4660000000,-2.4318695068
1.4670000000,-2.8395652771
1.4680000000,-3.3259391785
1.4690000000,-3.6692619324
1.4700000000,-4.1055679321
1.4710000000,-4.6133995056
1.4720000000,-5.2714347839
1.4730000000,-6.0153007507
1.4740000000,-6.6375732422
1.4750000000,-7.1239471436
1.4760000000,-7.5602531433
1.4770000000,-8.2039833069
1.4780000000,-8.8763237000
1.4790000000,-8.8620185852
1.4800000000,-9.0408325195
1.4810000000,-9.4699859619
1.4820000000,-9.2697143555
1.4830000000,-9.1552734375
1.4840000000,-9.5701217651
1.4850000000,-9.4485282898
1.4860000000,-9.0909004211
1.4870000000,-9.1767311096
1.4880000000,-8.8548660278
1.4890000000,-8.5687637329
1.4900000000,-8.4829330444
1.4910000000,-8.2683563232
1.4920000000,-7.6603889465
1.4930000000,-7.1954727173
1.4940000000,-6.8163871765
1.4950000000,-6.2441825867
1.4960000000,-5.2714347839
1.4970000000,-4.4775009155
1.4980000000,-3.6764144897
1.4990000000,-3.0183792114
1.5000000000,-2.3961067200
1.5010000000,-1.6808509827
1.5020000000,-0.9369850159
1.5030000000,-0.2145767212
1.5040000000,0.4863739014
1.5050000000,1.0871887207
1.5060000000,1.5735626221
1.5070000000,2.0384788513
1.5080000000,2.4676322937
1.5090000000,2.9611587524
1.5100000000,3.4689903259
1.5110000000,4.2271614075
1.5120000000,4.8351287842
1.5130000000,5.5360794067
1.5140000000,5.8794021606
1.5150000000,6.2084197998
1.5160000000,6.6161155701
1.5170000000,7.3242187500
1.5180000000,7.7104568481
1.5190000000,8.0037117004
1.5200000000,8.7118148804
1.5210000000,9.1910362244
1.5220000000,9.2267990112
1.5230000000,8.9836120605
1.5240000000,9.3269348145
1.5250000000,9.3340873718
1.5260000000,9.6058845520
1.5270000000,10.0350379944
1.5280000000,9.6058845520
1.5290000000,8.6760520935
1.5300000000,8.5115432739
1.5310000000,8.2254409790
1.5320000000,7.7676773071
1.5330000000,7.6174736023
1.5340000000,7.3170661926
1.5350000000,6.5517425537
1.5360000000,5.8650970459
1.5370000000,5.0711631775
1.5380000000,4.5847892761
1.5390000000,3.9482116699
1.5400000000,3.2687187195
1.5410000000,2.4890899658
1.5420000000,1.6522407532
1.5430000000,0.8869171143
1.5440000000,0.1430511475
1.5450000000,-0.5149841309
1.5460000000,-1.1229515076
1.5470000000,-1.6880035400
1.5480000000,-2.0813941956
1.5490000000,-2.4890899658
1.5500000000,-2.9325485229
1.5510000000,-3.3187866211
1.5520000000,-3.7050247192
1.5530000000,-4.1699409485
1.5540000000,-4.8494338989
1.5550000000,-5.5789947510
1.5560000000,-6.1655044556
1.5570000000,-6.7019462585
1.5580000000,-7.2312355042
1.5590000000,-7.9321861267
1.5600000000,-8.6545944214
1.5610000000,-8.7332725525
1.5620000000,-8.8548660278
1.5630000000,-9.3913078308
1.5640000000,-9.2411041260
1.5650000000,-9.1195106506
1.5660000000,-9.4771385193
1.5670000000,-9.4556808472
1.5680000000,-9.1052055359
1.5690000000,-9.1052055359
1.5700000000,-8.8477134705
1.5710000000,-8.4972381592
1.5720000000,-8.3184242249
1.5730000000,-8.1539154053
1.5740000000,-7.5459480286
1.5750000000,-6.8879127502
1.5760000000,-6.5732002258
1.5770000000,-5.9723854065
1.5780000000,-5.0640106201
1.5790000000,-4.1341781616
1.5800000000,-3.2901763916
1.5810000000,-2.5606155396
1.5820000000,-1.7881393433
1.5830000000,-1.0728836060
1.5840000000,-0.2646446228
1.5850000000,0.3933906555
1.5860000000,1.0585784912
1.5870000000,1.6736984253
1.5880000000,2.0956993103
1.5890000000,2.6035308838
1.5900000000,3.2114982605
1.5910000000,3.7622451782
1.5920000000,4.4059753418
1.5930000000,5.0783157349
1.5940000000,5.4359436035
1.5950000000,5.8507919312
1.5960000000,6.3872337341
1.5970000000,7.1024894714
1.5980000000,7.4887275696
1.5990000000,7.8821182251
1.6000000000,8.5687637329
1.6010000000,9.0694427490
1.6020000000,9.1481208801
1.6030000000,8.9120864868
1.6040000000,9.2697143555
1.6050000000,9.2840194702
1.6060000000,9.5200538635
1.6070000000,9.9563598633
1.6080000000,9.5415115356
1.6090000000,8.6045265198
1.6100000000,8.4400177002
1.6110000000,8.0823898315
1.6120000000,7.6389312744
1.6130000000,7.3528289795
1.6140000000,7.0166587830
1.6150000000,6.3443183899
1.6160000000,5.5575370789
1.6170000000,4.6777725220
1.6180000000,4.1198730469
1.6190000000,3.3974647522
1.6200000000,2.6965141296
1.6210000000,1.8739700317
1.6220000000,1.0228157043
1.6230000000,0.2431869507
1.6240000000,-0.4792213440
1.6250000000,-1.1444091797
1.6260000000,-1.6808509827
1.6270000000,-2.1743774414
1.6280000000,-2.5606155396
1.6290000000,-2.9754638672
1.6300000000,-3.3831596375
1.6310000000,-3.8909912109
1.6320000000,-4.5633316040
1.6330000000,-5.2142143250
1.6340000000,-5.8436393738
1.6350000000,-6.3800811768
1.6360000000,-6.9022178650
1.6370000000,-7.5101852417
1.6380000000,-8.4114074707
1.6390000000,-8.6402893066
1.6400000000,-8.7976455688
1.6410000000,-9.3054771423
1.6420000000,-9.1767311096
1.6430000000,-9.0909004211
1.6440000000,-9.4270706177
1.6450000000,-9.4556808472
1.6460000000,-9.0622901917
1.6470000000,-9.0765953064
1.6480000000,-8.7618827820
1.6490000000,-8.3827972412
1.6500000000,-8.1968307495
1.6510000000,-8.0680847168
1.6520000000,-7.5030326843
1.6530000000,-6.5875053406
1.6540000000,-6.1297416687
1.6550000000,-5.4931640625
1.6560000000,-4.7349929810
1.6570000000,-3.7765502930
1.6580000000,-2.9110908508
1.6590000000,-2.0599365234
1.6600000000,-1.2516975403
1.6610000000,-0.4363059998
1.6620000000,0.3504753113
1.6630000000,0.9441375732
1.6640000000,1.6236305237
1.6650000000,2.2101402283
1.6660000000,2.6535987854
1.6670000000,3.2258033752
1.6680000000,3.8766860962
1.6690000000,4.4274330139
1.6700000000,4.9781799316
1.6710000000,5.4359436035
1.6720000000,6.1368942261
1.6730000000,6.8521499634
1.6740000000,7.3313713074
1.6750000000,7.6103210449
1.6760000000,8.0895423889
1.6770000000,8.7332725525
1.6780000000,8.9979171753
1.6790000000,8.9478492737
1.6800000000,9.2983245850
1.6810000000,9.3626976013
1.6820000000,9.3197822571
1.6830000000,9.6559524536
1.6840000000,9.5915794373
1.6850000000,8.8047981262
1.6860000000,8.5115432739
1.6870000000,8.2182884216
1.6880000000,7.5316429138
1.6890000000,7.0238113403
1.6900000000,6.7734718323
1.6910000000,6.1869621277
1.6920000000,5.4359436035
1.6930000000,4.6706199646
1.6940000000,3.8337707520
1.6950000000,3.1328201294
1.6960000000,2.3674964905
1.6970000000,1.4805793762
1.6980000000,0.6794929504
1.6990000000,-0.1645088196
1.7000000000,-0.9012222290
1.7010000000,-1.5377998352
1.7020000000,-2.0170211792
1.7030000000,-2.5033950806
1.7040000000,-2.9182434082
1.7050000000,-3.3545494080
1.7060000000,-3.9196014404
1.7070000000,-4.4488906860
1.7080000000,-5.1212310791
1.7090000000,-5.6934356689
1.7100000000,-6.3872337341
1.7110000000,-7.0381164551
1.7120000000,-7.9607963562
1.7130000000,-8.2969665527
1.7140000000,-8.4257125854
1.7150000000,-9.1195106506
1.7160000000,-9.3913078308
1.7170000000,-9.0193748474
1.7180000000,-9.0265274048
1.7190000000,-9.3126296997
1.7200000000,-9.2267990112
1.7210000000,-9.1123580933
1.7220000000,-9.0980529785
1.7230000000,-8.6259841919
1.7240000000,-8.0609321594
1.7250000000,-7.7605247498
1.7260000000,-7.5674057007
1.7270000000,-6.8521499634
1.7280000000,-6.1511993408
1.7290000000,-5.6433677673
1.7300000000,-4.8279762268
1.7310000000,-3.9696693420
1.7320000000,-2.9468536377
1.7330000000,-1.9097328186
1.7340000000,-1.0514259338
1.7350000000,-0.2002716064
1.7360000000,0.5507469177
1.7370000000,1.2373924255
1.7380000000,1.9383430481
1.7390000000,2.4104118347
1.7400000000,2.9897689819
1.7410000000,3.6621093750
1.7420000000,4.1055679321
1.7430000000,4.7278404236
1.7440000000,5.1856040955
1.7450000000,5.8436393738
1.7460000000,6.5732002258
1.7470000000,7.0667266846
1.7480000000,7.5173377991
1.7490000000,8.2039833069
1.7500000000,8.8334083557
1.7510000000,8.9693069458
1.7520000000,8.7618827820
1.7530000000,9.0980529785
1.7540000000,9.2267990112
1.7550000000,9.3770027161
1.7560000000,9.8061561584
1.7570000000,9.6273422241
1.7580000000,8.6116790771
1.7590000000,8.2397460938
1.7600000000,7.9536437988
1.7610000000,7.3170661926
1.7620000000,6.9379806519
1.7630000000,6.6089630127
1.7640000000,5.9294700623
1.7650000000,5.0711631775
1.7660000000,4.2057037354
1.7670000000,3.3116340637
1.7680000000,2.4747848511
1.7690000000,1.6880035400
1.7700000000,0.8654594421
1.7710000000,0.0071525574
1.7720000000,-0.7796287537
1.7730000000,-1.4376640320
1.7740000000,-2.0599365234
1.7750000000,-2.4604797363
1.7760000000,-3.1113624573
1.7770000000,-3.5405158997
1.7780000000,-3.9911270142
1.7790000000,-4.6133995056
1.7800000000,-5.1569938660
1.7810000000,-5.8364868164
1.7820000000,-6.4373016357
1.7830000000,-7.2026252747
1.7840000000,-8.1038475037
1.7850000000,-8.3255767822
1.7860000000,-8.6259841919
1.7870000000,-9.1695785522
1.7880000000,-9.0765953064
1.7890000000,-9.0265274048
1.7900000000,-9.3841552734
1.7910000000,-9.3841552734
1.7920000000,-8.9550018311
1.7930000000,-8.9693069458
1.7940000000,-8.6045265198
1.7950000000,-8.1682205200
1.7960000000,-7.9321861267
1.7970000000,-7.7033042908
1.7980000000,-7.0738792419
1.7990000000,-6.1297416687
1.8000000000,-5.4216384888
1.8010000000,-4.6777725220
1.8020000000,-3.8051605225
1.8030000000,-2.9110908508
1.8040000000,-1.8167495728
1.8050000000,-0.9083747864
1.8060000000,0.0429153442
1.8070000000,0.8511543274
1.8080000000,1.4948844910
1.8090000000,2.1672248840
1.8100000000,2.7608871460
1.8110000000,3.2472610474
1.8120000000,3.8051605225
1.8130000000,4.4488906860
1.8140000000,4.9853324890
1.8150000000,5.8150291443
1.8160000000,6.5302848816
1.8170000000,6.8807601929
1.8180000000,7.3456764221
1.8190000000,7.9965591431
1.8200000000,8.5473060608
1.8210000000,8.8620185852
1.8220000000,8.8405609131
1.8230000000,9.3126296997
1.8240000000,9.2411041260
1.8250000000,9.2625617981
1.8260000000,9.6130371094
1.8270000000,9.4199180603
1.8280000000,8.6331367493
1.8290000000,8.3470344543
1.8300000000,7.9607963562
1.8310000000,7.2026252747
1.8320000000,6.6518783569
1.8330000000,6.2012672424
1.8340000000,5.5503845215
1.8350000000,4.6992301941
1.8360000000,3.8552284241
1.8370000000,2.9683113098
1.8380000000,2.0384788513
1.8390000000,1.1730194092
1.8400000000,0.3004074097
1.8410000000,-0.4577636719
1.8420000000,-1.2302398682
1.8430000000,-1.9383430481
1.8440000000,-2.5320053101
1.8450000000,-2.9826164246
1.8460000000,-3.4904479980
1.8470000000,-3.9482116699
1.8480000000,-4.4703483582
1.8490000000,-5.1712989807
1.8500000000,-5.7649612427
1.8510000000,-6.6590309143
1.8520000000,-7.4601173401
1.8530000000,-7.9107284546
1.8540000000,-8.2325935364
1.8550000000,-8.8977813721
1.8560000000,-9.2768669128
1.8570000000,-8.9621543884
1.8580000000,-8.9120864868
1.8590000000,-9.2768669128
1.8600000000,-9.1481208801
1.8610000000,-9.0479850769
1.8620000000,-8.9621543884
1.8630000000,-8.5115432739
1.8640000000,-7.9321861267
1.8650000000,-7.5602531433
1.8660000000,-7.2741508484
1.8670000000,-6.5231323242
1.8680000000,-5.5575370789
1.8690000000,-4.9567222595
1.8700000000,-4.0483474731
1.8710000000,-3.0541419983
1.8720000000,-2.1171569824
1.8730000000,-0.9727478027
1.8740000000,0.0429153442
1.8750000000,0.8225440979
1.8760000000,1.6736984253
1.8770000000,2.2315979004
1.8780000000,2.7680397034
1.8790000000,3.3330917358
1.8800000000,3.9124488831
1.8810000000,4.4846534729
1.8820000000,5.2356719971
1.8830000000,5.9509277344
1.8840000000,6.5302848816
1.8850000000,7.0095062256
1.8860000000,7.7390670776
1.8870000000,8.3827972412
1.8880000000,8.7976455688
1.8890000000,8.6617469788
1.8900000000,8.9478492737
1.8910000000,9.1481208801
1.8920000000,9.2124938965
1.8930000000,9.6201896667
1.8940000000,9.7560882568
1.8950000000,8.8620185852
1.8960000000,8.1253051758
1.8970000000,7.9035758972
1.8980000000,7.2956085205
1.8990000000,6.7448616028
1.9000000000,6.2942504883
1.9010000000,5.6576728821
1.9020000000,4.8565864563
1.9030000000,3.8194656372
1.9040000000,2.9182434082
1.9050000000,1.9598007202
1.9060000000,1.0228157043
1.9070000000,0.1287460327
1.9080000000,-0.6794929504
1.9090000000,-1.5020370483
1.9100000000,-2.1457672119
1.9110000000,-2.6535987854
1.9120000000,-3.2472610474
1.9130000000,-3.6764144897
1.9140000000,-4.1699409485
1.9150000000,-4.7779083252
1.9160000000,-5.3644180298
1.9170000000,-6.1726570129
1.9180000000,-7.0309638977
1.9190000000,-7.8678131104
1.9200000000,-8.0609321594
1.9210000000,-8.5830688477
1.9220000000,-9.0837478638
1.9230000000,-8.9764595032
1.9240000000,-8.9406967163
1.9250000000,-9.3841552734
1.9260000000,-9.3126296997
1.9270000000,-8.8906288147
1.9280000000,-8.7904930115
1.9290000000,-8.4042549133
1.9300000000,-7.9464912415
1.9310000000,-7.6317787170
1.9320000000,-7.3027610779
1.9330000000,-6.5946578979
1.9340000000,-5.5217742920
1.9350000000,-4.5990943909
1.9360000000,-3.8266181946
1.9370000000,-2.8181076050
1.9380000000,-1.7881393433
1.9390000000,-0.7438659668
1.9400000000,0.2431869507
1.9410000000,1.0943412781
1.9420000000,1.8310546875
1.9430000000,2.4747848511
1.9440000000,3.0541419983
1.9450000000,3.6549568176
1.9460000000,4.2629241943
1.9470000000,5.1426887512
1.9480000000,5.8865547180
1.9490000000,6.3943862915
1.9500000000,6.7806243896
1.9510000000,7.3814392090
1.9520000000,7.9464912415
1.9530000000,8.6402893066
1.9540000000,8.7189674377
1.9550000000,9.0336799622
1.9560000000,9.2840194702
1.9570000000,9.1838836670
1.9580000000,9.3770027161
1.9590000000,9.5415115356
1.9600000000,8.8977813721
1.9610000000,8.2254409790
1.9620000000,7.9536437988
1.9630000000,7.3313713074
1.9640000000,6.5875053406
1.9650000000,5.9294700623
1.9660000000,5.3286552429
1.9670000000,4.5776367188
1.9680000000,3.6048889160
1.9690000000,2.6607513428
1.9700000000,1.6450881958
1.9710000000,0.6651878357
1.9720000000,-0.2431869507
1.9730000000,-1.0871887207
1.9740000000,-1.8525123596
1.9750000000,-2.4819374084
1.9760000000,-3.0040740967
1.9770000000,-3.5262107849
1.9780000000,-3.9982795715
1.9790000000,-4.5919418335
1.9800000000,-5.1856040955
1.9810000000,-6.0153007507
1.9820000000,-6.8664550781
1.9830000000,-7.4744224548
1.9840000000,-7.9536437988
1.9850000000,-8.7761878967
1.9860000000,-9.3054771423
1.9870000000,-8.9907646179
1.9880000000,-8.6688995361
1.9890000000,-8.9335441589
1.9900000000,-9.0765953064
1.9910000000,-9.0050697327
1.9920000000,-9.1409683228
1.9930000000,-8.6474418640
1.9940000000,-7.9607963562
1.9950000000,-7.3027610779
1.9960000000,-6.8593025208
1.9970000000,-6.2012672424
1.9980000000,-5.2857398987
1.9990000000,-4.3487548828
2.0000000000,-3.5333633423
2.0010000000,-2.4390220642
2.0020000000,-1.3089179993
2.0030000000,-0.2217292786
2.0040000000,0.7724761963
2.0050000000,1.5592575073
2.0060000000,2.2959709167
2.0070000000,2.8610229492
2.0080000000,3.4046173096
2.0090000000,4.0769577026
2.0100000000,4.8351287842
2.0110000000,5.5932998657
2.0120000000,6.1440467834
2.0130000000,6.7520141602
2.0140000000,7.4744224548
2.0150000000,8.1896781921
2.0160000000,8.5043907166
2.0170000000,8.5687637329
2.0180000000,8.9406967163
2.0190000000,9.2339515686
2.0200000000,9.1195106506
2.0210000000,9.3555450439
2.0220000000,9.4985961914
2.0230000000,8.8334083557
2.0240000000,8.0823898315
2.0250000000,7.8535079956
2.0260000000,7.1954727173
2.0270000000,6.3800811768
2.0280000000,5.7363510132
2.0290000000,5.0854682922
2.0300000000,4.2057037354
2.0310000000,3.2901763916
2.0320000000,2.2745132446
2.0330000000,1.2087821960
2.0340000000,0.2145767212
2.0350000000,-0.6723403931
2.0360000000,-1.5306472778
2.0370000000,-2.2459030151
2.0380000000,-2.8610229492
2.0390000000,-3.3617019653
2.0400000000,-3.8409233093
2.0410000000,-4.3773651123
2.0420000000,-4.9996376038
2.0430000000,-5.8364868164
2.0440000000,-6.7734718323
2.0450000000,-7.5602531433
2.0460000000,-7.8105926514
2.0470000000,-8.4400177002
2.0480000000,-8.9192390442
2.0490000000,-8.8977813721
2.0500000000,-8.8977813721
2.0510000000,-9.3126296997
2.0520000000,-9.2053413391
2.0530000000,-8.8262557983
2.0540000000,-8.6903572083
2.0550000000,-8.2755088806
2.0560000000,-7.7390670776
2.0570000000,-7.4243545532
2.0580000000,-6.9379806519
2.0590000000,-6.1798095703
2.0600000000,-5.0854682922
2.0610000000,-3.9768218994
2.0620000000,-3.0112266541
2.0630000000,-2.0098686218
2.0640000000,-0.8869171143
2.0650000000,0.1430511475
2.0660000000,1.0514259338
2.0670000000,1.9240379333
2.0680000000,2.5606155396
2.0690000000,3.1900405884
2.0700000000,3.9052963257
2.0710000000,4.7636032104
2.0720000000,5.4645538330
2.0730000000,6.0009956360
2.0740000000,6.4587593079
2.0750000000,7.0810317993
2.0760000000,7.7605247498
2.0770000000,8.4757804871
2.0780000000,8.6188316345
2.0790000000,8.9478492737
2.0800000000,9.1981887817
2.0810000000,9.1266632080
2.0820000000,9.3054771423
2.0830000000,9.4699859619
2.0840000000,8.8047981262
2.0850000000,8.0966949463
2.0860000000,7.8105926514
2.0870000000,7.1668624878
2.0880000000,6.2942504883
2.0890000000,5.5575370789
2.0900000000,4.9138069153
2.0910000000,4.0698051453
2.0920000000,3.0326843262
2.0930000000,2.0027160645
2.0940000000,0.9369850159
2.0950000000,-0.0643730164
2.0960000000,-0.9870529175
2.0970000000,-1.8310546875
2.0980000000,-2.5534629822
2.0990000000,-3.0183792114
2.1000000000,-3.6048889160
2.1010000000,-4.0841102600
2.1020000000,-4.6706199646
2.1030000000,-5.4860115051
2.1040000000,-6.3943862915
2.1050000000,-7.1310997009
2.1060000000,-7.6103210449
2.1070000000,-8.3684921265
2.1080000000,-9.1910362244
2.1090000000,-8.9693069458
2.1100000000,-8.5973739624
2.1110000000,-8.8262557983
2.1120000000,-9.0408325195
2.1130000000,-8.8977813721
2.1140000000,-9.1123580933
2.1150000000,-8.6760520935
2.1160000000,-7.9679489136
2.1170000000,-7.1740150452
2.1180000000,-6.5946578979
2.1190000000,-6.0153007507
2.1200000000,-4.9924850464
2.1210000000,-4.0125846863
2.1220000000,-2.9253959656
2.1230000000,-1.8882751465
2.1240000000,-0.7367134094
2.1250000000,0.3290176392
2.1260000000,1.3160705566
2.1270000000,2.1171569824
2.1280000000,2.7465820313
2.1290000000,3.4403800964
2.1300000000,4.1413307190
2.1310000000,4.9209594727
2.1320000000,5.5646896362
2.1330000000,6.1583518982
2.1340000000,6.9236755371
2.1350000000,7.7605247498
2.1360000000,8.2468986511
2.1370000000,8.4757804871
2.1380000000,8.6259841919
2.1390000000,9.1338157654
2.1400000000,9.0765953064
2.1410000000,9.1695785522
2.1420000000,9.4342231750
2.1430000000,9.0694427490
2.1440000000,8.1968307495
2.1450000000,7.7748298645
2.1460000000,7.3242187500
2.1470000000,6.3943862915
2.1480000000,5.6219100952
2.1490000000,4.9495697021
2.1500000000,4.0841102600
2.1510000000,3.0541419983
2.1520000000,2.0456314087
2.1530000000,0.9083747864
2.1540000000,-0.1215934753
2.1550000000,-1.0800361633
2.1560000000,-1.9240379333
2.1570000000,-2.6178359985
2.1580000000,-3.1685829163
2.1590000000,-3.7264823914
2.1600000000,-4.1627883911
2.1610000000,-4.9567222595
2.1620000000,-5.7721138000
2.1630000000,-6.7591667175
2.1640000000,-7.4100494385
2.1650000000,-7.7462196350
2.1660000000,-8.4543228149
2.1670000000,-8.8906288147
2.1680000000,-8.7618827820
2.1690000000,-9.0122222900
2.1700000000,-9.3269348145
2.1710000000,-9.0336799622
2.1720000000,-8.6760520935
2.1730000000,-8.4829330444
2.1740000000,-7.9679489136
2.1750000000,-7.5101852417
2.1760000000,-6.9093704224
2.1770000000,-6.3657760620
2.1780000000,-5.4073333740
2.1790000000,-4.1913986206
2.1800000000,-3.0469894409
2.1810000000,-1.8668174744
2.1820000000,-0.8225440979
2.1830000000,0.2574920654
2.1840000000,1.1873245239
2.1850000000,2.1386146545
2.1860000000,2.9253959656
2.1870000000,3.5977363586
2.1880000000,4.3845176697
2.1890000000,5.0854682922
2.1900000000,5.5932998657
2.1910000000,6.2656402588
2.1920000000,6.9522857666
2.1930000000,7.6746940613
2.1940000000,8.3255767822
2.1950000000,8.4900856018
2.1960000000,8.9192390442
2.1970000000,9.1409683228
2.1980000000,9.0479850769
2.1990000000,9.3126296997
2.2000000000,9.4199180603
2.2010000000,8.6832046509
2.2020000000,7.8892707825
2.2030000000,7.6103210449
2.2040000000,6.8521499634
2.2050000000,5.9580802917
2.2060000000,5.1569938660
2.2070000000,4.3916702271
2.2080000000,3.4546852112
2.2090000000,2.3889541626
2.2100000000,1.2516975403
2.2110000000,0.1573562622
2.2120000000,-0.8511543274
2.2130000000,-1.7452239990
2.2140000000,-2.5320053101
2.2150000000,-3.1113624573
2.2160000000,-3.6692619324
2.2170000000,-4.1413307190
2.2180000000,-4.9066543579
2.2190000000,-5.7792663574
2.2200000000,-6.7090988159
2.2210000000,-7.2598457336
2.2220000000,-7.8177452087
2.2230000000,-8.5902214050
2.2240000000,-8.9621543884
2.2250000000,-8.7475776672
2.2260000000,-8.8119506836
2.2270000000,-9.1481208801
2.2280000000,-8.9120864868
2.2290000000,-8.7618827820
2.2300000000,-8.5401535034
2.2310000000,-7.9751014709
2.2320000000,-7.2669982910
2.2330000000,-6.6661834717
2.2340000000,-5.9938430786
2.2350000000,-5.0282478333
2.2360000000,-3.8409233093
2.2370000000,-2.6607513428
2.2380000000,-1.5377998352
2.2390000000,-0.3933906555
2.2400000000,0.6437301636
2.2410000000,1.6522407532
2.2420000000,2.5391578674
2.2430000000,3.2114982605
2.2440000000,3.9696693420
2.2450000000,4.7135353088
2.2460000000,5.3215026855
2.2470000000,6.0582160950
2.2480000000,6.7377090454
2.2490000000,7.5459480286
2.2500000000,8.0394744873
2.2510000000,8.3827972412
2.2520000000,8.8047981262
2.2530000000,9.2768669128
2.2540000000,9.0479850769
2.2550000000,9.0622901917
2.2560000000,9.2124938965
2.2570000000,8.8119506836
2.2580000000,8.0466270447
2.2590000000,7.7390670776
2.2600000000,7.0738792419
2.2610000000,5.9795379639
2.2620000000,5.0997734070
2.2630000000,4.2700767517
2.2640000000,3.3259391785
2.2650000000,2.3174285889
2.2660000000,1.1944770813
2.2670000000,0.1215934753
2.2680000000,-0.9226799011
2.2690000000,-1.8453598022
2.2700000000,-2.6321411133
2.2710000000,-3.2472610474
2.2720000000,-3.7837028503
2.2730000000,-4.4131278992
2.2740000000,-5.2070617676
2.2750000000,-6.1869621277
2.2760000000,-6.8664550781
2.2770000000,-7.3099136353
2.2780000000,-8.0108642578
2.2790000000,-8.6832046509
2.2800000000,-8.7547302246
2.2810000000,-8.7547302246
2.2820000000,-9.1695785522
2.2830000000,-9.1838836670
2.2840000000,-8.6688995361
2.2850000000,-8.5544586182
2.2860000000,-8.1181526184
2.2870000000,-7.5888633728
2.2880000000,-6.9308280945
2.2890000000,-6.2870979309
2.2900000000,-5.4931640625
2.2910000000,-4.2843818665
2.2920000000,-3.0469894409
2.2930000000,-1.7666816711
2.2940000000,-0.5936622620
2.2950000000,0.4434585571
2.2960000000,1.4948844910
2.2970000000,2.4247169495
2.2980000000,3.1900405884
2.2990000000,3.9052963257
2.3000000000,4.7206878662
2.3010000000,5.2142143250
2.3020000000,5.9652328491
2.3030000000,6.7305564880
2.3040000000,7.4529647827
2.3050000000,8.2039833069
2.3060000000,8.3827972412
2.3070000000,8.7976455688
2.3080000000,9.0980529785
2.3090000000,9.0122222900
2.3100000000,9.2053413391
2.3110000000,9.3412399292
2.3120000000,8.6832046509
2.3130000000,7.8463554382
2.3140000000,7.4100494385
2.3150000000,6.7377090454
2.3160000000,5.7291984558
2.3170000000,4.8851966858
2.3180000000,3.9696693420
2.3190000000,2.9826164246
2.3200000000,1.8596649170
2.3210000000,0.7438659668
2.3220000000,-0.3504753113
2.3230000000,-1.4090538025
2.3240000000,-2.2459030151
2.3250000000,-3.0255317688
2.3260000000,-3.4976005554
2.3270000000,-4.1127204895
2.3280000000,-4.8422813416
2.3290000000,-5.7792663574
2.3300000000,-6.6018104553
2.3310000000,-7.1525573730
2.3320000000,-7.8964233398
2.3330000000,-8.7118148804
2.3340000000,-8.7547302246
2.3350000000,-8.6402893066
2.3360000000,-8.8763237000
2.3370000000,-9.1123580933
2.3380000000,-8.7261199951
2.3390000000,-8.7189674377
2.3400000000,-8.3041191101
2.3410000000,-7.6961517334
2.3420000000,-6.8736076355
2.3430000000,-6.1655044556
2.3440000000,-5.4073333740
2.3450000000,-4.2843818665
2.3460000000,-3.0469894409
2.3470000000,-1.8095970154
2.3480000000,-0.5364418030
2.3490000000,0.5435943604
2.3500000000,1.6093254089
2.3510000000,2.5534629822
2.3520000000,3.3044815063
2.3530000000,4.0340423584
2.3540000000,4.7492980957
2.3550000000,5.4430961609
2.3560000000,6.1798095703
2.3570000000,7.0810317993
2.3580000000,7.7033042908
2.3590000000,8.1753730774
2.3600000000,8.4614753723
2.3610000000,9.0265274048
2.3620000000,9.1338157654
2.3630000000,8.9263916016
2.3640000000,9.1052055359
2.3650000000,9.0122222900
2.3660000000,8.3470344543
2.3670000000,7.7033042908
2.3680000000,7.2741508484
2.3690000000,6.3300132751
2.3700000000,5.1784515381
2.3710000000,4.2200088501
2.3720000000,3.3545494080
2.3730000000,2.1958351135
2.3740000000,1.1730194092
2.3750000000,0.0071525574
2.3760000000,-1.0943412781
2.3770000000,-2.0313262939
2.3780000000,-2.7823448181
2.3790000000,-3.3688545227
2.3800000000,-4.0698051453
2.3810000000,-4.7779083252
2.3820000000,-5.7291984558
2.3830000000,-6.4945220947
2.3840000000,-7.0095062256
2.3850000000,-7.6675415039
2.3860000000,-8.4757804871
2.3870000000,-8.6116790771
2.3880000000,-8.7118148804
2.3890000000,-9.0336799622
2.3900000000,-9.2554092407
2.3910000000,-8.7046623230
2.3920000000,-8.5043907166
2.3930000000,-8.0966949463
2.3940000000,-7.5745582581
2.3950000000,-6.8664550781
2.3960000000,-6.1440467834
2.3970000000,-5.3215026855
2.3980000000,-4.0912628174
2.3990000000,-2.8538703918
2.4000000000,-1.4877319336
2.4010000000,-0.2360343933
2.4020000000,0.8654594421
2.4030000000,1.9311904907
2.4040000000,2.8681755066
2.4050000000,3.5691261292
2.4060000000,4.2772293091
2.4070000000,4.9853324890
2.4080000000,5.7220458984
2.4090000000,6.5374374390
2.4100000000,7.2741508484
2.4110000000,8.0680847168
2.4120000000,8.2826614380
2.4130000000,8.6760520935
2.4140000000,9.0551376343
2.4150000000,8.9979171753
2.4160000000,9.1052055359
2.4170000000,9.3340873718
2.4180000000,8.6045265198
2.4190000000,7.7533721924
2.4200000000,7.2598457336
2.4210000000,6.5588951111
2.4220000000,5.5146217346
2.4230000000,4.5847892761
2.4240000000,3.4832954407
2.4250000000,2.5749206543
2.4260000000,1.3589859009
2.4270000000,0.1645088196
2.4280000000,-0.9083747864
2.4290000000,-1.9598007202
2.4300000000,-2.7894973755
2.4310000000,-3.3402442932
2.4320000000,-4.0125846863
2.4330000000,-4.7492980957
2.4340000000,-5.6576728821
2.4350000000,-6.4587593079
2.4360000000,-7.0023536682
2.4370000000,-7.9321861267
2.4380000000,-8.6474418640
2.4390000000,-8.7046623230
2.4400000000,-8.6045265198
2.4410000000,-8.8477134705
2.4420000000,-9.0479850769
2.4430000000,-8.6760520935
2.4440000000,-8.5759162903
2.4450000000,-8.1324577332
2.4460000000,-7.4315071106
2.4470000000,-6.5875053406
2.4480000000,-5.7578086853
2.4490000000,-4.8851966858
2.4500000000,-3.6907196045
2.4510000000,-2.3674964905
2.4520000000,-1.0442733765
2.4530000000,0.2217292786
2.4540000000,1.3518333435
2.4550000000,2.3460388184
2.4560000000,3.2258033752
2.4570000000,3.9267539978
2.4580000000,4.6491622925
2.4590000000,5.4502487183
2.4600000000,6.2155723572
2.4610000000,7.1382522583
2.4620000000,7.6675415039
2.4630000000,8.1968307495
2.4640000000,8.5544586182
2.4650000000,9.1195106506
2.4660000000,9.0479850769
2.4670000000,8.9192390442
2.4680000000,9.0479850769
2.4690000000,8.7976455688
2.4700000000,7.9536437988
2.4710000000,7.4601173401
2.4720000000,6.8306922913
2.4730000000,5.7220458984
2.4740000000,4.6348571777
2.4750000000,3.5405158997
2.4760000000,2.5177001953
2.4770000000,1.4877319336
2.4780000000,0.1788139343
2.4790000000,-0.9155273438
2.4800000000,-1.9168853760
2.4810000000,-2.7823448181
2.4820000000,-3.4260749817
2.4830000000,-4.1198730469
2.4840000000,-4.9424171448
2.4850000000,-5.8007240295
2.4860000000,-6.5231323242
2.4870000000,-7.0595741272
2.4880000000,-7.9321861267
2.4890000000,-8.5401535034
2.4900000000,-8.6474418640
2.4910000000,-8.7475776672
2.4920000000,-9.1409683228
2.4930000000,-9.0050697327
2.4940000000,-8.4900856018
2.4950000000,-8.2969665527
2.4960000000,-7.7676773071
2.4970000000,-7.1597099304
2.4980000000,-6.2799453735
2.4990000000,-5.5074691772
2.5000000000,-4.5061111450
2.5010000000,-3.1542778015
2.5020000000,-1.7452239990
2.5030000000,-0.3933906555
2.5040000000,0.8726119995
2.5050000000,1.9598007202
2.5060000000,2.8681755066
2.5070000000,3.6478042603
2.5080000000,4.3129920959
2.5090000000,5.1140785217
2.5100000000,5.9008598328
2.5110000000,6.7663192749
2.5120000000,7.5674057007
2.5130000000,8.1253051758
2.5140000000,8.3756446838
2.5150000000,8.8763237000
2.5160000000,8.9907646179
2.5170000000,8.9335441589
2.5180000000,9.2339515686
2.5190000000,9.0193748474
2.5200000000,8.0680847168
2.5210000000,7.3599815369
2.5220000000,6.8306922913
2.5230000000,5.8007240295
2.5240000000,4.7278404236
2.5250000000,3.7550926208
2.5260000000,2.5820732117
2.5270000000,1.4448165894
2.5280000000,0.2360343933
2.5290000000,-0.9298324585
2.5300000000,-1.9240379333
2.5310000000,-2.8252601624
2.5320000000,-3.5047531128
2.5330000000,-4.1484832764
2.5340000000,-5.0210952759
2.5350000000,-5.8579444885
2.5360000000,-6.5588951111
2.5370000000,-7.2884559631
2.5380000000,-8.2325935364
2.5390000000,-8.6688995361
2.5400000000,-8.5687637329
2.5410000000,-8.7118148804
2.5420000000,-8.9907646179
2.5430000000,-8.8191032410
2.5440000000,-8.5544586182
2.5450000000,-8.3041191101
2.5460000000,-7.6532363892
2.5470000000,-6.7806243896
2.5480000000,-5.8794021606
2.5490000000,-4.9638748169
2.5500000000,-3.8695335388
2.5510000000,-2.5534629822
2.5520000000,-1.1730194092
2.5530000000,0.1931190491
2.5540000000,1.3589859009
2.5550000000,2.4676322937
2.5560000000,3.3259391785
2.5570000000,3.9839744568
2.5580000000,4.8494338989
2.5590000000,5.6076049805
2.5600000000,6.6018104553
2.5610000000,7.3099136353
2.5620000000,7.8892707825
2.5630000000,8.2468986511
2.5640000000,8.8477134705
2.5650000000,9.0837478638
2.5660000000,8.8191032410
2.5670000000,9.0193748474
2.5680000000,8.9836120605
2.5690000000,8.2540512085
2.5700000000,7.5173377991
2.5710000000,7.0238113403
2.5720000000,6.0653686523
2.5730000000,4.8422813416
2.5740000000,3.7550926208
2.5750000000,2.6035308838
2.5760000000,1.4662742615
2.5770000000,0.2932548523
2.5780000000,-0.9298324585
2.5790000000,-1.9168853760
2.5800000000,-2.9253959656
2.5810000000,-3.5619735718
2.5820000000,-4.3201446533
2.5830000000,-5.1212310791
2.5840000000,-5.9437751770
2.5850000000,-6.5803527832
2.5860000000,-7.3242187500
2.5870000000,-8.2325935364
2.5880000000,-8.5115432739
2.5890000000,-8.5687637329
2.5900000000,-8.9693069458
2.5910000000,-9.1838836670
2.5920000000,-8.6402893066
2.5930000000,-8.3541870117
2.5940000000,-7.9536437988
2.5950000000,-7.3313713074
2.5960000000,-6.5016746521
2.5970000000,-5.7077407837
2.5980000000,-4.6348571777
2.5990000000,-3.4475326538
2.6000000000,-2.0313262939
2.6010000000,-0.5435943604
2.6020000000,0.7152557373
2.6030000000,1.9311904907
2.6040000000,2.9253959656
2.6050000000,3.6549568176
2.6060000000,4.4202804565
2.6070000000,5.1999092102
2.6080000000,6.1655044556
2.6090000000,6.9308280945
2.6100000000,7.7819824219
2.6110000000,8.0752372742
2.6120000000,8.5616111755
2.6130000000,8.9478492737
2.6140000000,8.9049339294
2.6150000000,9.0551376343
2.6160000000,9.1910362244
2.6170000000,8.5759162903
2.6180000000,7.5960159302
2.6190000000,6.9665908813
2.6200000000,6.2012672424
2.6210000000,5.1212310791
2.6220000000,3.9768218994
2.6230000000,2.8753280640
2.6240000000,1.5950202942
2.6250000000,0.4434585571
2.6260000000,-0.7081031799
2.6270000000,-1.8453598022
2.6280000000,-2.8824806213
2.6290000000,-3.5047531128
2.6300000000,-4.2343139648
2.6310000000,-5.1426887512
2.6320000000,-5.8507919312
2.6330000000,-6.6018104553
2.6340000000,-7.5101852417
2.6350000000,-8.4185600281
2.6360000000,-8.5687637329
2.6370000000,-8.5043907166
2.6380000000,-8.7547302246
2.6390000000,-8.9621543884
2.6400000000,-8.5902214050
2.6410000000,-8.4471702576
2.6420000000,-8.0037117004
2.6430000000,-7.2455406189
2.6440000000,-6.2799453735
2.6450000000,-5.3071975708
2.6460000000,-4.2486190796
2.6470000000,-3.0040740967
2.6480000000,-1.5950202942
2.6490000000,-0.1573562622
2.6500000000,1.1587142944
2.6510000000,2.2602081299
2.6520000000,3.1757354736
2.6530000000,3.9482116699
2.6540000000,4.8637390137
2.6550000000,5.6362152100
2.6560000000,6.6232681274
2.6570000000,7.3099136353
2.6580000000,7.9250335693
2.6590000000,8.2755088806
2.6600000000,8.9335441589
2.6610000000,9.0122222900
2.6620000000,8.7976455688
2.6630000000,8.9764595032
2.6640000000,8.8405609131
2.6650000000,7.9751014709
2.6660000000,7.2669982910
2.6670000000,6.6375732422
2.6680000000,5.6004524231
2.6690000000,4.2772293091
2.6700000000,3.1614303589
2.6710000000,1.9598007202
2.6720000000,0.6794929504
2.6730000000,-0.4935264587
2.6740000000,-1.6379356384
2.6750000000,-2.6822090149
2.6760000000,-3.4689903259
2.6770000000,-4.1699409485
2.6780000000,-5.0425529480
2.6790000000,-5.7864189148
2.6800000000,-6.4587593079
2.6810000000,-7.3242187500
2.6820000000,-8.1968307495
2.6830000000,-8.4400177002
2.6840000000,-8.5973739624
2.6850000000,-8.9192390442
2.6860000000,-9.1052055359
2.6870000000,-8.5258483887
2.6880000000,-8.3041191101
2.6890000000,-7.7676773071
2.6900000000,-7.0810317993
2.6910000000,-6.2227249146
2.6920000000,-5.3215026855
2.6930000000,-4.1627883911
2.6940000000,-2.8824806213
2.6950000000,-1.4162063599
2.6960000000,0.0786781311
2.6970000000,1.4019012451
2.6980000000,2.4747848511
2.6990000000,3.3831596375
2.7000000000,4.1413307190
2.7010000000,4.9924850464
2.7020000000,5.9795379639
2.7030000000,6.7162513733
2.7040000000,7.6818466187
2.7050000000,8.0180168152
2.7060000000,8.4328651428
2.7070000000,8.9335441589
2.7080000000,8.8691711426
2.7090000000,8.9550018311
2.7100000000,9.1338157654
2.7110000000,8.5473060608
2.7120000000,7.5674057007
2.7130000000,6.8092346191
2.7140000000,6.0725212097
2.7150000000,4.9352645874
2.7160000000,3.7264823914
2.7170000000,2.5677680969
2.7180000000,1.2588500977
2.7190000000,0.0071525574
2.7200000000,-1.1658668518
2.7210000000,-2.3031234741
2.7220000000,-3.1685829163
2.7230000000,-3.8766860962
2.7240000000,-4.7349929810
2.7250000000,-5.5217742920
2.7260000000,-6.2870979309
2.7270000000,-7.1454048157
2.7280000000,-8.0966949463
2.7290000000,-8.5401535034
2.7300000000,-8.4900856018
2.7310000000,-8.6402893066
2.7320000000,-8.9693069458
2.7330000000,-8.6975097656
2.7340000000,-8.3327293396
2.7350000000,-8.0966949463
2.7360000000,-7.2669982910
2.7370000000,-6.3085556030
2.7380000000,-5.3000450134
2.7390000000,-4.1699409485
2.7400000000,-2.8538703918
2.7410000000,-1.4519691467
2.7420000000,0.0000000000
2.7430000000,1.2946128845
2.7440000000,2.4747848511
2.7450000000,3.3760070801
2.7460000000,4.2414665222
2.7470000000,5.0854682922
2.7480000000,6.0653686523
2.7490000000,6.9594383240
2.7500000000,7.6246261597
2.7510000000,7.9536437988
2.7520000000,8.5258483887
2.7530000000,8.9263916016
2.7540000000,8.8763237000
2.7550000000,8.9764595032
2.7560000000,9.0837478638
2.7570000000,8.3541870117
2.7580000000,7.2884559631
2.7590000000,6.6375732422
2.7600000000,5.7792663574
2.7610000000,4.5704841614
2.7620000000,3.3617019653
2.7630000000,2.1314620972
2.7640000000,0.8797645569
2.7650000000,-0.4076957703
2.7660000000,-1.6236305237
2.7670000000,-2.6893615723
2.7680000000,-3.4689903259
2.7690000000,-4.2414665222
2.7700000000,-5.1355361938
2.7710000000,-5.8579444885
2.7720000000,-6.6447257996
2.7730000000,-7.6675415039
2.7740000000,-8.4400177002
2.7750000000,-8.5043907166
2.7760000000,-8.4686279297
2.7770000000,-8.8405609131
2.7780000000,-8.8477134705
2.7790000000,-8.4042549133
2.7800000000,-8.2826614380
2.7810000000,-7.6031684875
2.7820000000,-6.7806243896
2.7830000000,-5.6576728821
2.7840000000,-4.6277046204
2.7850000000,-3.3545494080
2.7860000000,-1.9383430481
2.7870000000,-0.4863739014
2.7880000000,0.8940696716
2.7890000000,2.1886825562
2.7900000000,3.1685829163
2.7910000000,4.0912628174
2.7920000000,4.9281120300
2.7930000000,5.8937072754
2.7940000000,6.7734718323
2.7950000000,7.5244903564
2.7960000000,7.8892707825
2.7970000000,8.4185600281
2.7980000000,8.8763237000
2.7990000000,8.8548660278
2.8000000000,8.9550018311
2.8010000000,9.0765953064
2.8020000000,8.4042549133
2.8030000000,7.3885917664
2.8040000000,6.6161155701
2.8050000000,5.8007240295
2.8060000000,4.5561790466
2.8070000000,3.3044815063
2.8080000000,2.0813941956
2.8090000000,0.8010864258
2.8100000000,-0.4506111145
2.8110000000,-1.6665458679
2.8120000000,-2.7823448181
2.8130000000,-3.6191940308
2.8140000000,-4.4131278992
2.8150000000,-5.1927566528
2.8160000000,-5.9723854065
2.8170000000,-6.8378448486
2.8180000000,-7.8392028809
2.8190000000,-8.4543228149
2.8200000000,-8.4114074707
2.8210000000,-8.5830688477
2.8220000000,-8.8763237000
2.8230000000,-8.7189674377
2.8240000000,-8.2969665527
2.8250000000,-8.0251693726
2.8260000000,-7.3885917664
2.8270000000,-6.3514709473
2.8280000000,-5.2571296692
2.8290000000,-4.0626525879
2.8300000000,-2.7608871460
2.8310000000,-1.3232231140
2.8320000000,0.1573562622
2.8330000000,1.4734268188
2.8340000000,2.6249885559
2.8350000000,3.6048889160
2.8360000000,4.4846534729
2.8370000000,5.4931640625
2.8380000000,6.3943862915
2.8390000000,7.2455406189
2.8400000000,7.8034400940
2.8410000000,8.1253051758
2.8420000000,8.7904930115
2.8430000000,8.8262557983
2.8440000000,8.8620185852
2.8450000000,9.0336799622
2.8460000000,8.7690353394
2.8470000000,7.6746940613
2.8480000000,6.7877769470
2.8490000000,6.0510635376
2.8500000000,4.9781799316
2.8510000000,3.6334991455
2.8520000000,2.3603439331
2.8530000000,1.0442733765
2.8540000000,-0.2288818359
2.8550000000,-1.4734268188
2.8560000000,-2.5892257690
2.8570000000,-3.4976005554
2.8580000000,-4.2843818665
2.8590000000,-5.1212310791
2.8600000000,-5.8865547180
2.8610000000,-6.7949295044
2.8620000000,-7.7962875366
2.8630000000,-8.4328651428
2.8640000000,-8.3827972412
2.8650000000,-8.5759162903
2.8660000000,-8.8548660278
2.8670000000,-8.7046623230
2.8680000000,-8.2612037659
2.8690000000,-8.0108642578
2.8700000000,-7.2956085205
2.8710000000,-6.2799453735
2.8720000000,-5.1355361938
2.8730000000,-3.9553642273
2.8740000000,-2.6035308838
2.8750000000,-1.1086463928
2.8760000000,0.3218650818
2.8770000000,1.7237663269
2.8780000000,2.8538703918
2.8790000000,3.8194656372
2.8800000000,4.7564506531
2.8810000000,5.8364868164
2.8820000000,6.6733360291
2.8830000000,7.4815750122
2.8840000000,7.8749656677
2.8850000000,8.4185600281
2.8860000000,8.8334083557
2.8870000000,8.8191032410
2.8880000000,8.8977813721
2.8890000000,9.0122222900
2.8900000000,8.2683563232
2.8910000000,7.2455406189
2.8920000000,6.4015388489
2.8930000000,5.5575370789
2.8940000000,4.3201446533
2.8950000000,2.9611587524
2.8960000000,1.6164779663
2.8970000000,0.3004074097
2.8980000000,-1.0442733765
2.8990000000,-2.1743774414
2.9000000000,-3.2258033752
2.9010000000,-3.9625167847
2.9020000000,-4.7922134399
2.9030000000,-5.5932998657
2.9040000000,-6.4444541931
2.9050000000,-7.5674057007
2.9060000000,-8.2826614380
2.9070000000,-8.4328651428
2.9080000000,-8.4328651428
2.9090000000,-8.7761878967
2.9100000000,-8.7833404541
2.9110000000,-8.3684921265
2.9120000000,-8.1396102905
2.9130000000,-7.4458122253
2.9140000000,-6.4802169800
2.9150000000,-5.3071975708
2.9160000000,-4.1198730469
2.9170000000,-2.7608871460
2.9180000000,-1.2660026550
2.9190000000,0.2145767212
2.9200000000,1.5592575073
2.9210000000,2.7894973755
2.9220000000,3.7837028503
2.9230000000,4.6348571777
2.9240000000,5.7649612427
2.9250000000,6.6661834717
2.9260000000,7.4028968811
2.9270000000,7.8248977661
2.9280000000,8.3756446838
2.9290000000,8.8477134705
2.9300000000,8.8119506836
2.9310000000,8.9049339294
2.9320000000,8.9693069458
2.9330000000,8.2755088806
2.9340000000,7.1740150452
2.9350000000,6.3371658325
2.9360000000,5.4502487183
2.9370000000,4.2057037354
2.9380000000,2.8252601624
2.9390000000,1.5377998352
2.9400000000,0.0929832458
2.9410000000,-1.1873245239
2.9420000000,-2.4032592773
2.9430000000,-3.3760070801
2.9440000000,-4.1556358337
2.9450000000,-4.9638748169
2.9460000000,-5.7935714722
2.9470000000,-6.7591667175
2.9480000000,-7.8034400940
2.9490000000,-8.3112716675
2.9500000000,-8.3327293396
2.9510000000,-8.5544586182
2.9520000000,-8.8620185852
2.9530000000,-8.6259841919
2.9540000000,-8.2325935364
2.9550000000,-7.9250335693
2.9560000000,-7.1024894714
2.9570000000,-6.0582160950
2.9580000000,-4.8208236694
2.9590000000,-3.6406517029
2.9600000000,-2.1600723267
2.9610000000,-0.6437301636
2.9620000000,0.8296966553
2.9630000000,2.1386146545
2.9640000000,3.2615661621
2.9650000000,4.1627883911
2.9660000000,5.3000450134
2.9670000000,6.1941146851
2.9680000000,7.0667266846
2.9690000000,7.6961517334
2.9700000000,8.1038475037
2.9710000000,8.7046623230
2.9720000000,8.8119506836
2.9730000000,8.7833404541
2.9740000000,8.9764595032
2.9750000000,8.6760520935
2.9760000000,7.6174736023
2.9770000000,6.5159797668
2.9780000000,5.7291984558
2.9790000000,4.6062469482
2.9800000000,3.2758712769
2.9810000000,1.8310546875
2.9820000000,0.5292892456
2.9830000000,-0.8797645569
2.9840000000,-2.0742416382
2.9850000000,-3.1971931458
2.9860000000,-3.9982795715
2.9870000000,-4.7850608826
2.9880000000,-5.6648254395
2.9890000000,-6.5803527832
2.9900000000,-7.6389312744
2.9910000000,-8.2898139954
2.9920000000,-8.3041191101
2.9930000000,-8.5043907166
2.9940000000,-8.8477134705
2.9950000000,-8.6760520935
2.9960000000,-8.1968307495
2.9970000000,-7.9178810120
2.9980000000,-7.1454048157
2.9990000000,-6.0939788818
3.0000000000,-4.8494338989
3.0010000000,-3.5548210144
3.0020000000,-2.1100044250
3.0030000000,-0.5650520325
3.0040000000,0.9155273438
3.0050000000,2.2244453430
3.0060000000,3.3903121948
3.0070000000,4.3272972107
3.0080000000,5.3715705872
3.0090000000,6.2942504883
3.0100000000,7.1668624878
3.0110000000,7.7247619629
3.0120000000,8.1825256348
3.0130000000,8.7690353394
3.0140000000,8.8119506836
3.0150000000,8.8191032410
3.0160000000,8.9049339294
3.0170000000,8.4686279297
3.0180000000,7.2956085205
3.0190000000,6.3586235046
3.0200000000,5.4359436035
3.0210000000,4.2700767517
3.0220000000,2.8395652771
3.0230000000,1.4162063599
3.0240000000,0.0071525574
3.0250000000,-1.3446807861
3.0260000000,-2.5320053101
3.0270000000,-3.5262107849
3.0280000000,-4.2986869812
3.0290000000,-5.1498413086
3.0300000000,-5.9795379639
3.0310000000,-7.0810317993
3.0320000000,-8.0466270447
3.0330000000,-8.3255767822
3.0340000000,-8.3470344543
3.0350000000,-8.6474418640
3.0360000000,-8.8262557983
3.0370000000,-8.3756446838
3.0380000000,-8.0895423889
3.0390000000,-7.5459480286
3.0400000000,-6.5803527832
3.0410000000,-5.4144859314
3.0420000000,-4.1270256042
3.0430000000,-2.6750564575
3.0440000000,-1.1873245239
3.0450000000,0.3004074097
3.0460000000,1.7952919006
3.0470000000,3.0398368835
3.0480000000,3.9410591125
3.0490000000,5.0354003906
3.0500000000,6.0868263245
3.0510000000,6.9308280945
3.0520000000,7.6103210449
3.0530000000,8.0180168152
3.0540000000,8.6116790771
3.0550000000,8.8691711426
3.0560000000,8.7761878967
3.0570000000,8.9192390442
3.0580000000,8.6688995361
3.0590000000,7.5316429138
3.0600000000,6.4516067505
3.0610000000,5.5646896362
3.0620000000,4.4345855713
3.0630000000,3.0398368835
3.0640000000,1.5592575073
3.0650000000,0.1502037048
3.0660000000,-1.1301040649
3.0670000000,-2.4032592773
3.0680000000,-3.4546852112
3.0690000000,-4.2700767517
3.0700000000,-5.0997734070
3.0710000000,-5.9294700623
3.0720000000,-7.0810317993
3.0730000000,-8.0609321594
3.0740000000,-8.2612037659
3.0750000000,-8.3613395691
3.0760000000,-8.6331367493
3.0770000000,-8.8119506836
3.0780000000,-8.3398818970
3.0790000000,-8.0823898315
3.0800000000,-7.4887275696
3.0810000000,-6.5159797668
3.0820000000,-5.3358078003
3.0830000000,-3.9839744568
3.0840000000,-2.4676322937
3.0850000000,-0.9942054749
3.0860000000,0.5435943604
3.0870000000,1.9311904907
3.0880000000,3.2114982605
3.0890000000,4.0984153748
3.0900000000,5.3000450134
3.0910000000,6.2942504883
3.0920000000,7.1096420288
3.0930000000,7.6532363892
3.0940000000,8.1753730774
3.0950000000,8.7547302246
3.0960000000,8.7547302246
3.0970000000,8.8262557983
3.0980000000,8.8477134705
3.0990000000,8.3255767822
3.1000000000,7.1525573730
3.1010000000,6.2155723572
3.1020000000,5.2070617676
3.1030000000,3.9267539978
3.1040000000,2.5177001953
3.1050000000,1.0013580322
3.1060000000,-0.3790855408
3.1070000000,-1.7452239990
3.1080000000,-2.9325485229
3.1090000000,-3.7980079651
3.1100000000,-4.6563148499
3.1110000000,-5.5003166199
3.1120000000,-6.5159797668
3.1130000000,-7.6532363892
3.1140000000,-8.2111358643
3.1150000000,-8.2683563232
3.1160000000,-8.5330009460
3.1170000000,-8.7976455688
3.1180000000,-8.5401535034
3.1190000000,-8.1467628479
3.1200000000,-7.7605247498
3.1210000000,-6.9093704224
3.1220000000,-5.7935714722
3.1230000000,-4.3702125549
3.1240000000,-3.0469894409
3.1250000000,-1.4734268188
3.1260000000,0.1001358032
3.1270000000,1.5592575073
3.1280000000,2.9182434082
3.1290000000,3.9052963257
3.1300000000,5.0282478333
3.1310000000,6.0582160950
3.1320000000,6.9665908813
3.1330000000,7.6103210449
3.1340000000,7.9965591431
3.1350000000,8.7118148804
3.1360000000,8.7833404541
3.1370000000,8.7547302246
3.1380000000,8.8977813721
3.1390000000,8.5115432739
3.1400000000,7.3099136353
3.1410000000,6.1869621277
3.1420000000,5.2499771118
3.1430000000,4.0555000305
3.1440000000,2.5963783264
3.1450000000,1.1014938354
3.1460000000,-0.3862380981
3.1470000000,-1.7237663269
3.1480000000,-2.9253959656
3.1490000000,-3.8409233093
3.1500000000,-4.6133995056
3.1510000000,-5.5575370789
3.1520000000,-6.5875053406
3.1530000000,-7.6746940613
3.1540000000,-8.2325935364
3.1550000000,-8.2683563232
3.1560000000,-8.5401535034
3.1570000000,-8.7833404541
3.1580000000,-8.5258483887
3.1590000000,-8.0609321594
3.1600000000,-7.6317787170
3.1610000000,-6.7663192749
3.1620000000,-5.5432319641
3.1630000000,-4.1198730469
3.1640000000,-2.7108192444
3.1650000000,-1.1730194092
3.1660000000,0.4434585571
3.1670000000,1.8811225891
3.1680000000,3.1828880310
3.1690000000,4.2057037354
3.1700000000,5.3501129150
3.1710000000,6.3371658325
3.1720000000,7.1597099304
3.1730000000,7.6675415039
3.1740000000,8.3041191101
3.1750000000,8.7904930115
3.1760000000,8.7547302246
3.1770000000,8.7976455688
3.1780000000,8.8334083557
3.1790000000,8.0251693726
3.1800000000,6.8163871765
3.1810000000,5.8364868164
3.1820000000,4.7922134399
3.1830000000,3.4332275391
3.1840000000,1.9240379333
3.1850000000,0.3862380981
3.1860000000,-1.0585784912
3.1870000000,-2.3603439331
3.1880000000,-3.4189224243
3.1890000000,-4.2343139648
3.1900000000,-5.1712989807
3.1910000000,-6.0868263245
3.1920000000,-7.2813034058
3.1930000000,-8.1038475037
3.1940000000,-8.2254409790
3.1950000000,-8.3613395691
3.1960000000,-8.7261199951
3.1970000000,-8.6402893066
3.1980000000,-8.1682205200
3.1990000000,-7.8678131104
3.2000000000,-7.0738792419
3.2010000000,-5.9151649475
3.2020000000,-4.6348571777
3.2030000000,-3.1328201294
3.2040000000,-1.6736984253
3.2050000000,0.0286102295
3.2060000000,1.5163421631
3.2070000000,2.8753280640
3.2080000000,3.9625167847
3.2090000000,5.0926208496
3.2100000000,6.1297416687
3.2110000000,6.9952011108
3.2120000000,7.5817108154
3.2130000000,8.1682205200
3.2140000000,8.7618827820
3.2150000000,8.7690353394
3.2160000000,8.7833404541
3.2170000000,8.7904930115
3.2180000000,8.2254409790
3.2190000000,6.9952011108
3.2200000000,5.8865547180
3.2210000000,4.8494338989
3.2220000000,3.5405158997
3.2230000000,2.0384788513
3.2240000000,0.4720687866
3.2250000000,-0.9655952454
3.2260000000,-2.3174285889
3.2270000000,-3.3402442932
3.2280000000,-4.2772293091
3.2290000000,-5.1498413086
3.2300000000,-6.1869621277
3.2310000000,-7.3385238647
3.2320000000,-8.1038475037
3.2330000000,-8.2468986511
3.2340000000,-8.3827972412
3.2350000000,-8.7618827820
3.2360000000,-8.6188316345
3.2370000000,-8.0752372742
3.2380000000,-7.7819824219
3.2390000000,-6.9594383240
3.2400000000,-5.7721138000
3.2410000000,-4.3916702271
3.2420000000,-2.8538703918
3.2430000000,-1.3303756714
3.2440000000,0.3075599670
3.2450000000,1.7881393433
3.2460000000,3.0755996704
3.2470000000,4.3773651123
3.2480000000,5.3143501282
3.2490000000,6.4229965210
3.2500000000,7.1811676025
3.2510000000,7.6961517334
3.2520000000,8.4042549133
3.2530000000,8.7547302246
3.2540000000,8.7547302246
3.2550000000,8.7904930115
3.2560000000,8.7618827820
3.2570000000,7.8105926514
3.2580000000,6.4945220947
3.2590000000,5.5360794067
3.2600000000,4.3702125549
3.2610000000,2.9468536377
3.2620000000,1.3804435730
3.2630000000,-0.1573562622
3.2640000000,-1.5735626221
3.2650000000,-2.8538703918
3.2660000000,-3.7980079651
3.2670000000,-4.6634674072
3.2680000000,-5.6433677673
3.2690000000,-6.7806243896
3.2700000000,-7.8535079956
3.2710000000,-8.1539154053
3.2720000000,-8.2683563232
3.2730000000,-8.5973739624
3.2740000000,-8.7833404541
3.2750000000,-8.2969665527
3.2760000000,-7.9393386841
3.2770000000,-7.3599815369
3.2780000000,-6.2441825867
3.2790000000,-4.9853324890
3.2800000000,-3.3545494080
3.2810000000,-1.9669532776
3.2820000000,-0.2789497375
3.2830000000,1.3375282288
3.2840000000,2.6965141296
3.2850000000,3.9982795715
3.2860000000,5.0210952759
3.2870000000,6.1082839966
3.2880000000,7.0095062256
3.2890000000,7.5387954712
3.2900000000,8.2468986511
3.2910000000,8.7404251099
3.2920000000,8.7404251099
3.2930000000,8.7690353394
3.2940000000,8.7618827820
3.2950000000,8.0394744873
3.2960000000,6.7806243896
3.2970000000,5.6791305542
3.2980000000,4.5633316040
3.2990000000,3.1685829163
3.3000000000,1.6307830811
3.3010000000,0.0214576721
3.3020000000,-1.4662742615
3.3030000000,-2.7251243591
3.3040000000,-3.7121772766
3.3050000000,-4.6348571777
3.3060000000,-5.5503845215
3.3070000000,-6.7377090454
3.3080000000,-7.8177452087
3.3090000000,-8.1396102905
3.3100000000,-8.2397460938
3.3110000000,-8.6045265198
3.3120000000,-8.7618827820
3.3130000000,-8.2969665527
3.3140000000,-7.9035758972
3.3150000000,-7.3313713074
3.3160000000,-6.1726570129
3.3170000000,-4.9209594727
3.3180000000,-3.2615661621
3.3190000000,-1.7738342285
3.3200000000,-0.0786781311
3.3210000000,1.4734268188
3.3220000000,2.8109550476
3.3230000000,4.1627883911
3.3240000000,5.2070617676
3.3250000000,6.2799453735
3.3260000000,7.1454048157
3.3270000000,7.6460838318
3.3280000000,8.3541870117
3.3290000000,8.7261199951
3.3300000000,8.7547302246
3.3310000000,8.7833404541
3.3320000000,8.7046623230
3.3330000000,7.7462196350
3.3340000000,6.4444541931
3.3350000000,5.3858757019
3.3360000000,4.1842460632
3.3370000000,2.7108192444
3.3380000000,1.1372566223
3.3390000000,-0.4792213440
3.3400000000,-1.8668174744
3.3410000000,-3.0755996704
3.3420000000,-4.0125846863
3.3430000000,-4.9495697021
3.3440000000,-6.0367584229
3.3450000000,-7.1454048157
3.3460000000,-8.0537796021
3.3470000000,-8.1968307495
3.3480000000,-8.3255767822
3.3490000000,-8.7261199951
3.3500000000,-8.5687637329
3.3510000000,-8.0466270447
3.3520000000,-7.7319145203
3.3530000000,-6.8378448486
3.3540000000,-5.5789947510
3.3550000000,-4.1842460632
3.3560000000,-2.4819374084
3.3570000000,-0.9512901306
3.3580000000,0.7867813110
3.3590000000,2.1886825562
3.3600000000,3.5762786865
3.3610000000,4.7850608826
3.3620000000,5.8221817017
3.3630000000,6.8306922913
3.3640000000,7.4172019958
3.3650000000,8.0466270447
3.3660000000,8.6903572083
3.3670000000,8.7189674377
3.3680000000,8.7690353394
3.3690000000,8.6975097656
3.3700000000,8.2182884216
3.3710000000,6.9022178650
3.3720000000,5.6862831116
3.3730000000,4.5490264893
3.3740000000,3.1542778015
3.3750000000,1.6093254089
3.3760000000,-0.0500679016
3.3770000000,-1.5234947205
3.3780000000,-2.7823448181
3.3790000000,-3.8266181946
3.3800000000,-4.7278404236
3.3810000000,-5.8150291443
3.3820000000,-7.0095062256
3.3830000000,-7.9107284546
3.3840000000,-8.1467628479
3.3850000000,-8.2898139954
3.3860000000,-8.6903572083
3.3870000000,-8.6331367493
3.3880000000,-8.1253051758
3.3890000000,-7.7748298645
3.3900000000,-6.9451332092
3.3910000000,-5.7291984558
3.3920000000,-4.2700767517
3.3930000000,-2.6321411133
3.3940000000,-1.0085105896
3.3950000000,0.6437301636
3.3960000000,2.0670890808
3.3970000000,3.6406517029
3.3980000000,4.7135353088
3.3990000000,5.8436393738
3.4000000000,6.8235397339
3.4010000000,7.4386596680
3.4020000000,8.0895423889
3.4030000000,8.7046623230
3.4040000000,8.7118148804
3.4050000000,8.7332725525
3.4060000000,8.6975097656
3.4070000000,8.1253051758
3.4080000000,6.7806243896
3.4090000000,5.5646896362
3.4100000000,4.4274330139
3.4110000000,2.9611587524
3.4120000000,1.3804435730
3.4130000000,-0.2360343933
3.4140000000,-1.7309188843
3.4150000000,-2.9683113098
3.4160000000,-3.9553642273
3.4170000000,-4.9352645874
3.4180000000,-6.1154365540
3.4190000000,-7.2383880615
3.4200000000,-7.9822540283
3.4210000000,-8.1610679626
3.4220000000,-8.3756446838
3.4230000000,-8.7833404541
3.4240000000,-8.4829330444
3.4250000000,-7.9822540283
3.4260000000,-7.6031684875
3.4270000000,-6.6447257996
3.4280000000,-5.3071975708
3.4290000000,-3.8194656372
3.4300000000,-2.0456314087
3.4310000000,-0.3790855408
3.4320000000,1.1301040649
3.4330000000,2.7251243591
3.4340000000,4.0626525879
3.4350000000,5.1355361938
3.4360000000,6.2656402588
3.4370000000,7.1382522583
3.4380000000,7.6389312744
3.4390000000,8.3971023560
3.4400000000,8.7475776672
3.4410000000,8.6760520935
3.4420000000,8.7618827820
3.4430000000,8.5401535034
3.4440000000,7.5173377991
3.4450000000,6.1368942261
3.4460000000,5.0067901611
3.4470000000,3.7121772766
3.4480000000,2.1743774414
3.4490000000,0.5292892456
3.4500000000,-1.0514259338
3.4510000000,-2.4247169495
3.4520000000,-3.5476684570
3.4530000000,-4.4846534729
3.4540000000,-5.5575370789
3.4550000000,-6.8521499634
3.4560000000,-7.7962875366
3.4570000000,-8.1467628479
3.4580000000,-8.2182884216
3.4590000000,-8.6045265198
3.4600000000,-8.7189674377
3.4610000000,-8.0966949463
3.4620000000,-7.7891349792
3.4630000000,-6.9522857666
3.4640000000,-5.7291984558
3.4650000000,-4.3129920959
3.4660000000,-2.5463104248
3.4670000000,-0.9012222290
3.4680000000,0.7224082947
3.4690000000,2.2745132446
3.4700000000,3.7837028503
3.4710000000,4.8708915710
3.4720000000,6.0081481934
3.4730000000,6.9952011108
3.4740000000,7.5101852417
3.4750000000,8.2755088806
3.4760000000,8.7475776672
3.4770000000,8.7261199951
3.4780000000,8.6975097656
3.4790000000,8.5973739624
3.4800000000,7.7462196350
3.4810000000,6.4015388489
3.4820000000,5.1426887512
3.4830000000,3.8552284241
3.4840000000,2.3174285889
3.4850000000,0.7796287537
3.4860000000,-0.8296966553
3.4870000000,-2.2745132446
3.4880000000,-3.5190582275
3.4890000000,-4.4274330139
3.4900000000,-5.5503845215
3.4910000000,-6.7806243896
3.4920000000,-7.7533721924
3.4930000000,-8.1038475037
3.4940000000,-8.2612037659
3.4950000000,-8.5616111755
3.4960000000,-8.6975097656
3.4970000000,-8.0752372742
3.4980000000,-7.7962875366
3.4990000000,-6.9808959961
3.5000000000,-5.7220458984
3.5010000000,-4.2271614075
3.5020000000,-2.5606155396
3.5030000000,-0.7653236389
3.5040000000,0.8869171143
3.5050000000,2.5534629822
3.5060000000,3.8766860962
3.5070000000,4.9853324890
3.5080000000,6.1011314392
3.5090000000,7.0595741272
3.5100000000,7.5674057007
3.5110000000,8.3827972412
3.5120000000,8.7475776672
3.5130000000,8.6617469788
3.5140000000,8.7618827820
3.5150000000,8.5473060608
3.5160000000,7.4815750122
3.5170000000,6.0796737671
3.5180000000,4.8780441284
3.5190000000,3.5834312439
3.5200000000,1.9383430481
3.5210000000,0.2431869507
3.5220000000,-1.2588500977
3.5230000000,-2.6607513428
3.5240000000,-3.7622451782
3.5250000000,-4.7779083252
3.5260000000,-5.9723854065
3.5270000000,-7.1310997009
3.5280000000,-8.0037117004
3.5290000000,-8.1253051758
3.5300000000,-8.3255767822
3.5310000000,-8.7118148804
3.5320000000,-8.5401535034
3.5330000000,-7.9250335693
3.5340000000,-7.5387954712
3.5350000000,-6.4730644226
3.5360000000,-5.0640106201
3.5370000000,-3.5190582275
3.5380000000,-1.7452239990
3.5390000000,0.0214576721
3.5400000000,1.6379356384
3.5410000000,3.1900405884
3.5420000000,4.4345855713
3.5430000000,5.5861473083
3.5440000000,6.6232681274
3.5450000000,7.3528289795
3.5460000000,7.9965591431
3.5470000000,8.7046623230
3.5480000000,8.6903572083
3.5490000000,8.7261199951
3.5500000000,8.5973739624
3.5510000000,8.0537796021
3.5520000000,6.6733360291
3.5530000000,5.3071975708
3.5540000000,4.0912628174
3.5550000000,2.5320053101
3.5560000000,0.8869171143
3.5570000000,-0.7295608521
3.5580000000,-2.1529197693
3.5590000000,-3.4332275391
3.5600000000,-4.4846534729
3.5610000000,-5.5074691772
3.5620000000,-6.8593025208
3.5630000000,-7.8034400940
3.5640000000,-8.1038475037
3.5650000000,-8.2612037659
3.5660000000,-8.5759162903
3.5670000000,-8.6331367493
3.5680000000,-8.0323219299
3.5690000000,-7.6460838318
3.5700000000,-6.7591667175
3.5710000000,-5.3930282593
3.5720000000,-3.8623809814
3.5730000000,-2.0813941956
3.5740000000,-0.3433227539
3.5750000000,1.4305114746
3.5760000000,2.9540061951
3.5770000000,4.2772293091
3.5780000000,5.4144859314
3.5790000000,6.5016746521
3.5800000000,7.2741508484
3.5810000000,7.9321861267
3.5820000000,8.6760520935
3.5830000000,8.7046623230
3.5840000000,8.6688995361
3.5850000000,8.6474418640
3.5860000000,8.0037117004
3.5870000000,6.7019462585
3.5880000000,5.3358078003
3.5890000000,4.0912628174
3.5900000000,2.5677680969
3.5910000000,0.8511543274
3.5920000000,-0.7867813110
3.5930000000,-2.2745132446
3.5940000000,-3.5548210144
3.5950000000,-4.5418739319
3.5960000000,-5.8007240295
3.5970000000,-7.0524215698
3.5980000000,-7.8606605530
3.5990000000,-8.1896781921
3.6000000000,-8.3112716675
3.6010000000,-8.6832046509
3.6020000000,-8.5330009460
3.6030000000,-7.9536437988
3.6040000000,-7.5531005859
3.6050000000,-6.5517425537
3.6060000000,-5.0926208496
3.6070000000,-3.4689903259
3.6080000000,-1.6164779663
3.6090000000,0.1358985901
3.6100000000,1.8310546875
3.6110000000,3.3116340637
3.6120000000,4.5776367188
3.6130000000,5.7649612427
3.6140000000,6.8020820618
3.6150000000,7.4458122253
3.6160000000,8.2111358643
3.6170000000,8.6975097656
3.6180000000,8.7046623230
3.6190000000,8.6760520935
3.6200000000,8.5258483887
3.6210000000,7.6103210449
3.6220000000,6.2370300293
3.6230000000,4.8565864563
3.6240000000,3.4904479980
3.6250000000,1.8882751465
3.6260000000,0.1788139343
3.6270000000,-1.3947486877
3.6280000000,-2.7751922607
3.6290000000,-3.9267539978
3.6300000000,-4.9924850464
3.6310000000,-6.3300132751
3.6320000000,-7.4744224548
3.6330000000,-7.9393386841
3.6340000000,-8.1610679626
3.6350000000,-8.5115432739
3.6360000000,-8.7189674377
3.6370000000,-8.2683563232
3.6380000000,-7.7390670776
3.6390000000,-7.0810317993
3.6400000000,-5.8364868164
3.6410000000,-4.2629241943
3.6420000000,-2.5677680969
3.6430000000,-0.8010864258
3.6440000000,0.9655952454
3.6450000000,2.6106834412
3.6460000000,4.0340423584
3.6470000000,5.2213668823
3.6480000000,6.4015388489
3.6490000000,7.2598457336
3.6500000000,7.8034400940
3.6510000000,8.6045265198
3.6520000000,8.6903572083
3.6530000000,8.6474418640
3.6540000000,8.6402893066
3.6550000000,8.1110000610
3.6560000000,6.7663192749
3.6570000000,5.3572654724
3.6580000000,3.9982795715
3.6590000000,2.5033950806
3.6600000000,0.7438659668
3.6610000000,-0.8225440979
3.6620000000,-2.3102760315
3.6630000000,-3.6048889160
3.6640000000,-4.5990943909
3.6650000000,-5.9866905212
3.6660000000,-7.1811676025
3.6670000000,-7.9035758972
3.6680000000,-8.0752372742
3.6690000000,-8.4328651428
3.6700000000,-8.7046623230
3.6710000000,-8.4328651428
3.6720000000,-7.8034400940
3.6730000000,-7.3099136353
3.6740000000,-6.1440467834
3.6750000000,-4.5847892761
3.6760000000,-2.9540061951
3.6770000000,-1.0871887207
3.6780000000,0.6580352783
3.6790000000,2.3746490479
3.6800000000,3.8194656372
3.6810000000,5.0783157349
3.6820000000,6.2370300293
3.6830000000,7.1954727173
3.6840000000,7.7319145203
3.6850000000,8.5186958313
3.6860000000,8.7046623230
3.6870000000,8.6402893066
3.6880000000,8.6760520935
3.6890000000,8.1467628479
3.6900000000,6.8950653076
3.6910000000,5.3930282593
3.6920000000,4.0483474731
3.6930000000,2.5105476379
3.6940000000,0.8440017700
3.6950000000,-0.8225440979
3.6960000000,-2.2387504578
3.6970000000,-3.5977363586
3.6980000000,-4.6777725220
3.6990000000,-6.0081481934
3.7000000000,-7.2455406189
3.7010000000,-7.8535079956
3.7020000000,-8.1253051758
3.7030000000,-8.4185600281
3.7040000000,-8.7118148804
3.7050000000,-8.3613395691
3.7060000000,-7.8034400940
3.7070000000,-7.1740150452
3.7080000000,-6.0296058655
3.7090000000,-4.4131278992
3.7100000000,-2.7608871460
3.7110000000,-0.8225440979
3.7120000000,0.9012222290
3.7130000000,2.6106834412
3.7140000000,4.0626525879
3.7150000000,5.2785873413
3.7160000000,6.4301490784
3.7170000000,7.2598457336
3.7180000000,7.9107284546
3.7190000000,8.6116790771
3.7200000000,8.7118148804
3.7210000000,8.6259841919
3.7220000000,8.6116790771
3.7230000000,7.9464912415
3.7240000000,6.5159797668
3.7250000000,5.0354003906
3.7260000000,3.6835670471
3.7270000000,2.0241737366
3.7280000000,0.3433227539
3.7290000000,-1.2731552124
3.7300000000,-2.6965141296
3.7310000000,-4.0125846863
3.7320000000,-5.0711631775
3.7330000000,-6.5088272095
3.7340000000,-7.5602531433
3.7350000000,-7.9393386841
3.7360000000,-8.2039833069
3.7370000000,-8.5258483887
3.7380000000,-8.6975097656
3.7390000000,-8.0752372742
3.7400000000,-7.6389312744
3.7410000000,-6.8163871765
3.7420000000,-5.3429603577
3.7430000000,-3.6907196045
3.7440000000,-1.9955635071
3.7450000000,-0.0214576721
3.7460000000,1.7309188843
3.7470000000,3.3116340637
3.7480000000,4.6777725220
3.7490000000,5.8436393738
3.7500000000,6.9093704224
3.7510000000,7.5316429138
3.7520000000,8.3255767822
3.7530000000,8.7332725525
3.7540000000,8.6545944214
3.7550000000,8.6688995361
3.7560000000,8.3398818970
3.7570000000,7.1740150452
3.7580000000,5.6505203247
3.7590000000,4.2557716370
3.7600000000,2.7823448181
3.7610000000,1.0442733765
3.7620000000,-0.6365776062
3.7630000000,-2.1243095398
3.7640000000,-3.4761428833
3.7650000000,-4.6777725220
3.7660000000,-5.9223175049
3.7670000000,-7.2813034058
3.7680000000,-7.8320503235
3.7690000000,-8.1610679626
3.7700000000,-8.3971023560
3.7710000000,-8.7118148804
3.7720000000,-8.3255767822
3.7730000000,-7.7748298645
3.7740000000,-7.1382522583
3.7750000000,-5.8364868164
3.7760000000,-4.2772293091
3.7770000000,-2.4533271790
3.7780000000,-0.5149841309
3.7790000000,1.2660026550
3.7800000000,2.8967857361
3.7810000000,4.2843818665
3.7820000000,5.5289268494
3.7830000000,6.6232681274
3.7840000000,7.3814392090
3.7850000000,8.1896781921
3.7860000000,8.7189674377
3.7870000000,8.6545944214
3.7880000000,8.6545944214
3.7890000000,8.4900856018
3.7900000000,7.4887275696
3.7910000000,5.9151649475
3.7920000000,4.5132637024
3.7930000000,2.9253959656
3.7940000000,1.3661384583
3.7950000000,-0.3504753113
3.7960000000,-1.9025802612
3.7970000000,-3.3116340637
3.7980000000,-4.4989585876
3.7990000000,-5.8579444885
3.8000000000,-7.1167945862
3.8010000000,-7.8248977661
3.8020000000,-8.0180168152
3.8030000000,-8.4400177002
3.8040000000,-8.7046623230
3.8050000000,-8.3684921265
3.8060000000,-7.7533721924
3.8070000000,-7.1310997009
3.8080000000,-5.9080123901
3.8090000000,-4.2343139648
3.8100000000,-2.5105476379
3.8110000000,-0.5435943604
3.8120000000,1.3303756714
3.8130000000,2.9039382935
3.8140000000,4.4202804565
3.8150000000,5.6433677673
3.8160000000,6.7234039307
3.8170000000,7.3957443237
3.8180000000,8.2111358643
3.8190000000,8.7261199951
3.8200000000,8.6474418640
3.8210000000,8.6116790771
3.8220000000,8.4042549133
3.8230000000,7.2884559631
3.8240000000,5.7935714722
3.8250000000,4.2700767517
3.8260000000,2.8181076050
3.8270000000,1.0728836060
3.8280000000,-0.6294250488
3.8290000000,-2.1243095398
3.8300000000,-3.5834312439
3.8310000000,-4.7063827515
3.8320000000,-6.1798095703
3.8330000000,-7.3742866516
3.8340000000,-7.8749656677
3.8350000000,-8.1253051758
3.8360000000,-8.4972381592
3.8370000000,-8.7189674377
3.8380000000,-8.1968307495
3.8390000000,-7.6246261597
3.8400000000,-6.8521499634
3.8410000000,-5.4717063904
3.8420000000,-3.7622451782
3.8430000000,-1.9097328186
3.8440000000,0.0143051147
3.8450000000,1.8668174744
3.8460000000,3.4332275391
3.8470000000,4.8637390137
3.8480000000,6.0153007507
3.8490000000,7.0738792419
3.8500000000,7.6460838318
3.8510000000,8.4829330444
3.8520000000,8.7404251099
3.8530000000,8.6045265198
3.8540000000,8.6116790771
3.8550000000,8.0823898315
3.8560000000,6.6804885864
3.8570000000,5.1498413086
3.8580000000,3.6621093750
3.8590000000,2.0313262939
3.8600000000,0.2646446228
3.8610000000,-1.3518333435
3.8620000000,-2.8610229492
3.8630000000,-4.1413307190
3.8640000000,-5.4430961609
3.8650000000,-6.8020820618
3.8660000000,-7.7390670776
3.8670000000,-8.0394744873
3.8680000000,-8.3184242249
3.8690000000,-8.6188316345
3.8700000000,-8.5115432739
3.8710000000,-7.8320503235
3.8720000000,-7.3242187500
3.8730000000,-6.1011314392
3.8740000000,-4.5061111450
3.8750000000,-2.6750564575
3.8760000000,-0.7438659668
3.8770000000,1.1515617371
3.8780000000,2.9253959656
3.8790000000,4.3272972107
3.8800000000,5.5932998657
3.8810000000,6.7377090454
3.8820000000,7.4028968811
3.8830000000,8.2254409790
3.8840000000,8.7189674377
3.8850000000,8.6402893066
3.8860000000,8.6188316345
3.8870000000,8.3470344543
3.8880000000,7.1454048157
3.8890000000,5.6004524231
3.8900000000,4.0841102600
3.8910000000,2.5177001953
3.8920000000,0.7724761963
3.8930000000,-0.8940696716
3.8940000000,-2.4032592773
3.8950000000,-3.8480758667
3.8960000000,-5.0926208496
3.8970000000,-6.5016746521
3.8980000000,-7.6317787170
3.8990000000,-7.9822540283
3.9000000000,-8.2182884216
3.9010000000,-8.5687637329
3.9020000000,-8.6188316345
3.9030000000,-7.9393386841
3.9040000000,-7.4172019958
3.9050000000,-6.3800811768
3.9060000000,-4.7850608826
3.9070000000,-2.9468536377
3.9080000000,-1.0442733765
3.9090000000,0.7867813110
3.9100000000,2.5820732117
3.9110000000,4.1913986206
3.9120000000,5.5003166199
3.9130000000,6.6018104553
3.9140000000,7.3385238647
3.9150000000,8.1968307495
3.9160000000,8.7118148804
3.9170000000,8.6975097656
3.9180000000,8.5973739624
3.9190000000,8.3684921265
3.9200000000,7.2240829468
3.9210000000,5.6648254395
3.9220000000,4.1413307190
3.9230000000,2.5248527527
3.9240000000,0.8082389832
3.9250000000,-0.8797645569
3.9260000000,-2.4390220642
3.9270000000,-3.8552284241
3.9280000000,-5.1426887512
3.9290000000,-6.5445899963
3.9300000000,-7.5888633728
3.9310000000,-7.9894065857
3.9320000000,-8.2468986511
3.9330000000,-8.6045265198
3.9340000000,-8.5258483887
3.9350000000,-7.8892707825
3.9360000000,-7.3385238647
3.9370000000,-6.2298774719
3.9380000000,-4.6062469482
3.9390000000,-2.7394294739
3.9400000000,-0.8583068848
3.9410000000,1.0514259338
3.9420000000,2.7823448181
3.9430000000,4.3702125549
3.9440000000,5.6505203247
3.9450000000,6.7806243896
3.9460000000,7.4744224548
3.9470000000,8.3112716675
3.9480000000,8.7475776672
3.9490000000,8.5830688477
3.9500000000,8.6188316345
3.9510000000,8.2254409790
3.9520000000,6.8521499634
3.9530000000,5.3286552429
3.9540000000,3.7837028503
3.9550000000,2.1028518677
3.9560000000,0.3719329834
3.9570000000,-1.2874603271
3.9580000000,-2.8610229492
3.9590000000,-4.1985511780
3.9600000000,-5.6076049805
3.9610000000,-6.9236755371
3.9620000000,-7.7533721924
3.9630000000,-8.0752372742
3.9640000000,-8.3827972412
3.9650000000,-8.6688995361
3.9660000000,-8.3327293396
3.9670000000,-7.6889991760
3.9680000000,-7.0667266846
3.9690000000,-5.7077407837
3.9700000000,-3.9839744568
3.9710000000,-2.0599365234
3.9720000000,-0.0715255737
3.9730000000,1.7738342285
3.9740000000,3.4761428833
3.9750000000,4.9281120300
3.9760000000,6.1368942261
3.9770000000,7.0810317993
3.9780000000,7.8248977661
3.9790000000,8.6188316345
3.9800000000,8.6975097656
3.9810000000,8.5973739624
3.9820000000,8.4757804871
3.9830000000,7.6818466187
3.9840000000,6.1511993408
3.9850000000,4.5347213745
3.9860000000,2.9826164246
3.9870000000,1.2660026550
3.9880000000,-0.4720687866
3.9890000000,-2.0956993103
3.9900000000,-3.5762786865
3.9910000000,-4.8995018005
3.9920000000,-6.3371658325
3.9930000000,-7.5173377991
3.9940000000,-7.9464912415
3.9950000000,-8.1610679626
3.9960000000,-8.5401535034
3.9970000000,-8.6116790771
3.9980000000,-7.9250335693
3.9990000000,-7.3814392090
4.0000000000,-6.3085556030
4.0010000000,-4.6992301941
4.0020000000,-2.7966499329
4.0030000000,-0.7939338684
4.0040000000,1.1372566223
4.0050000000,2.9110908508
4.0060000000,4.4345855713
4.0070000000,5.7363510132
4.0080000000,6.8521499634
4.0090000000,7.5602531433
4.0100000000,8.4185600281
4.0110000000,8.7332725525
4.0120000000,8.6116790771
4.0130000000,8.5830688477
4.0140000000,8.0680847168
4.0150000000,6.6447257996
4.0160000000,4.9495697021
4.0170000000,3.4117698669
4.0180000000,1.7023086548
4.0190000000,-0.0715255737
4.0200000000,-1.7023086548
4.0210000000,-3.2401084900
4.0220000000,-4.5847892761
4.0230000000,-6.0725212097
4.0240000000,-7.3385238647
4.0250000000,-7.8964233398
4.0260000000,-8.1324577332
4.0270000000,-8.4757804871
4.0280000000,-8.6545944214
4.0290000000,-8.0609321594
4.0300000000,-7.4672698975
4.0310000000,-6.4873695374
4.0320000000,-4.9853324890
4.0330000000,-3.0827522278
4.0340000000,-1.1086463928
4.0350000000,0.8654594421
4.0360000000,2.6607513428
4.0370000000,4.2486190796
4.0380000000,5.6362152100
4.0390000000,6.7448616028
4.0400000000,7.5030326843
4.0410000000,8.3255767822
4.0420000000,8.7475776672
4.0430000000,8.5759162903
4.0440000000,8.6188316345
4.0450000000,8.0966949463
4.0460000000,6.6661834717
4.0470000000,5.0783157349
4.0480000000,3.4546852112
4.0490000000,1.7309188843
4.0500000000,-0.0429153442
4.0510000000,-1.7094612122
4.0520000000,-3.2615661621
4.0530000000,-4.6348571777
4.0540000000,-6.1297416687
4.0550000000,-7.3599815369
4.0560000000,-7.8892707825
4.0570000000,-8.1110000610
4.0580000000,-8.5186958313
4.0590000000,-8.6545944214
4.0600000000,-7.9965591431
4.0610000000,-7.4315071106
4.0620000000,-6.3943862915
4.0630000000,-4.7993659973
4.0640000000,-2.8681755066
4.0650000000,-0.9298324585
4.0660000000,1.0657310486
4.0670000000,2.8538703918
4.0680000000,4.5204162598
4.0690000000,5.7935714722
4.0700000000,6.8593025208
4.0710000000,7.6317787170
4.0720000000,8.4614753723
4.0730000000,8.7404251099
4.0740000000,8.5902214050
4.0750000000,8.5401535034
4.0760000000,7.8892707825
4.0770000000,6.4158439636
4.0780000000,4.7206878662
4.0790000000,3.0684471130
4.0800000000,1.3589859009
4.0810000000,-0.4363059998
4.0820000000,-2.0456314087
4.0830000000,-3.6334991455
4.0840000000,-5.0783157349
4.0850000000,-6.4587593079
4.0860000000,-7.5817108154
4.0870000000,-7.9822540283
4.0880000000,-8.2111358643
4.0890000000,-8.6116790771
4.0900000000,-8.4757804871
4.0910000000,-7.8248977661
4.0920000000,-7.1525573730
4.0930000000,-5.9652328491
4.0940000000,-4.2128562927
4.0950000000,-2.1958351135
4.0960000000,-0.2288818359
4.0970000000,1.7452239990
4.0980000000,3.5262107849
4.0990000000,4.9924850464
4.1000000000,6.2012672424
4.1010000000,7.1382522583
4.1020000000,8.0251693726
4.1030000000,8.6903572083
4.1040000000,8.6474418640
4.1050000000,8.5973739624
4.1060000000,8.2969665527
4.1070000000,7.3742866516
4.1080000000,5.7077407837
4.1090000000,3.9982795715
4.1100000000,2.2959709167
4.1110000000,0.5078315735
4.1120000000,-1.1873245239
4.1130000000,-2.8538703918
4.1140000000,-4.3058395386
4.1150000000,-5.7721138000
4.1160000000,-7.0953369141
4.1170000000,-7.7533721924
4.1180000000,-8.0966949463
4.1190000000,-8.4614753723
4.1200000000,-8.6545944214
4.1210000000,-8.1396102905
4.1220000000,-7.4744224548
4.1230000000,-6.5803527832
4.1240000000,-5.0640106201
4.1250000000,-3.0970573425
4.1260000000,-1.0871887207
4.1270000000,0.8797645569
4.1280000000,2.7823448181
4.1290000000,4.4417381287
4.1300000000,5.7578086853
4.1310000000,6.8736076355
4.1320000000,7.6103210449
4.1330000000,8.4972381592
4.1340000000,8.6760520935
4.1350000000,8.5830688477
4.1360000000,8.4757804871
4.1370000000,7.8320503235
4.1380000000,6.2942504883
4.1390000000,4.5275688171
4.1400000000,2.8610229492
4.1410000000,1.1086463928
4.1420000000,-0.6151199341
4.1430000000,-2.3460388184
4.1440000000,-3.8838386536
4.1450000000,-5.3572654724
4.1460000000,-6.7377090454
4.1470000000,-7.6603889465
4.1480000000,-8.0037117004
4.1490000000,-8.3470344543
4.1500000000,-8.6402893066
4.1510000000,-8.2969665527
4.1520000000,-7.6103210449
4.1530000000,-6.8593025208
4.1540000000,-5.4502487183
4.1550000000,-3.5548210144
4.1560000000,-1.5163421631
4.1570000000,0.5006790161
4.1580000000,2.4533271790
4.1590000000,4.1699409485
4.1600000000,5.5217742920
4.1610000000,6.6876411438
4.1620000000,7.5244903564
4.1630000000,8.3470344543
4.1640000000,8.6975097656
4.1650000000,8.5687637329
4.1660000000,8.5473060608
4.1670000000,7.9393386841
4.1680000000,6.4873695374
4.1690000000,4.7850608826
4.1700000000,3.0469894409
4.1710000000,1.3089179993
4.1720000000,-0.4720687866
4.1730000000,-2.1600723267
4.1740000000,-3.7693977356
4.1750000000,-5.2642822266
4.1760000000,-6.6661834717
4.1770000000,-7.6317787170
4.1780000000,-7.9965591431
4.1790000000,-8.3398818970
4.1800000000,-8.6545944214
4.1810000000,-8.3112716675
4.1820000000,-7.6317787170
4.1830000000,-6.8664550781
4.1840000000,-5.4717063904
4.1850000000,-3.5619735718
4.1860000000,-1.6379356384
4.1870000000,0.5507469177
4.1880000000,2.3746490479
4.1890000000,4.1556358337
4.1900000000,5.4931640625
4.1910000000,6.6804885864
4.1920000000,7.5173377991
4.1930000000,8.4114074707
4.1940000000,8.7547302246
4.1950000000,8.5687637329
4.1960000000,8.5473060608
4.1970000000,7.9107284546
4.1980000000,6.3729286194
4.1990000000,4.7278404236
4.2000000000,2.9253959656
4.2010000000,1.1515617371
4.2020000000,-0.5936622620
4.2030000000,-2.3603439331
4.2040000000,-3.8766860962
4.2050000000,-5.4216384888
4.2060000000,-6.8449974060
4.2070000000,-7.6246261597
4.2080000000,-8.0037117004
4.2090000000,-8.4400177002
4.2100000000,-8.6331367493
4.2110000000,-8.1968307495
4.2120000000,-7.4815750122
4.2130000000,-6.7162513733
4.2140000000,-5.1712989807
4.2150000000,-3.2329559326
4.2160000000,-1.1515617371
4.2170000000,0.8797645569
4.2180000000,2.7894973755
4.2190000000,4.4918060303
4.2200000000,5.8150291443
4.2210000000,6.8879127502
4.2220000000,7.7748298645
4.2230000000,8.5401535034
4.2240000000,8.6832046509
4.2250000000,8.5258483887
4.2260000000,8.3827972412
4.2270000000,7.5531005859
4.2280000000,5.9223175049
4.2290000000,4.1127204895
4.2300000000,2.3746490479
4.2310000000,0.5507469177
4.2320000000,-1.1730194092
4.2330000000,-2.8467178345
4.2340000000,-4.5061111450
4.2350000000,-5.9080123901
4.2360000000,-7.2598457336
4.2370000000,-7.7891349792
4.2380000000,-8.1253051758
4.2390000000,-8.5330009460
4.2400000000,-8.5759162903
4.2410000000,-7.9464912415
4.2420000000,-7.2598457336
4.2430000000,-6.1225891113
4.2440000000,-4.3988227844
4.2450000000,-2.3245811462
4.2460000000,-0.2789497375
4.2470000000,1.8024444580
4.2480000000,3.6120414734
4.2490000000,5.1426887512
4.2500000000,6.3943862915
4.2510000000,7.2455406189
4.2520000000,8.1968307495
4.2530000000,8.6760520935
4.2540000000,8.6402893066
4.2550000000,8.5330009460
4.2560000000,8.0895423889
4.2570000000,6.7806243896
4.2580000000,5.0139427185
4.2590000000,3.1828880310
4.2600000000,1.4376640320
4.2610000000,-0.3719329834
4.2620000000,-2.0885467529
4.2630000000,-3.7193298340
4.2640000000,-5.3429603577
4.2650000000,-6.6876411438
4.2660000000,-7.6532363892
4.2670000000,-7.9751014709
4.2680000000,-8.4042549133
4.2690000000,-8.6474418640
4.2700000000,-8.2254409790
4.2710000000,-7.4887275696
4.2720000000,-6.6590309143
4.2730000000,-5.0926208496
4.2740000000,-3.1328201294
4.2750000000,-0.9727478027
4.2760000000,0.9942054749
4.2770000000,2.9683113098
4.2780000000,4.6634674072
4.2790000000,5.9580802917
4.2800000000,6.9665908813
4.2810000000,7.9536437988
4.2820000000,8.5973739624
4.2830000000,8.6760520935
4.2840000000,8.5330009460
4.2850000000,8.1825256348
4.2860000000,7.2455406189
4.2870000000,5.5575370789
4.2880000000,3.6835670471
4.2890000000,1.8811225891
4.2900000000,0.0000000000
4.2910000000,-1.7523765564
4.2920000000,-3.5047531128
4.2930000000,-5.0854682922
4.2940000000,-6.4730644226
4.2950000000,-7.5459480286
4.2960000000,-7.9536437988
4.2970000000,-8.3255767822
4.2980000000,-8.6688995361
4.2990000000,-8.3184242249
4.3000000000,-7.6532363892
4.3010000000,-6.9165229797
4.3020000000,-5.3644180298
4.3030000000,-3.3473968506
4.3040000000,-1.2302398682
4.3050000000,0.8368492126
4.3060000000,2.8038024902
4.3070000000,4.5776367188
4.3080000000,5.9294700623
4.3090000000,6.9165229797
4.3100000000,7.8463554382
4.3110000000,8.6116790771
4.3120000000,8.6402893066
4.3130000000,8.5186958313
4.3140000000,8.1968307495
4.3150000000,7.3456764221
4.3160000000,5.5646896362
4.3170000000,3.6907196045
4.3180000000,1.8525123596
4.3190000000,0.0357627869
4.3200000000,-1.7309188843
4.3210000000,-3.4832954407
4.3220000000,-5.1283836365
4.3230000000,-6.5302848816
4.3240000000,-7.5244903564
4.3250000000,-7.9035758972
4.3260000000,-8.3899497986
4.3270000000,-8.6474418640
4.3280000000,-8.2898139954
4.3290000000,-7.5602531433
4.3300000000,-6.7520141602
4.3310000000,-5.2070617676
4.3320000000,-3.2901763916
4.3330000000,-1.1372566223
4.3340000000,0.9870529175
4.3350000000,2.9039382935
4.3360000000,4.7349929810
4.3370000000,6.0224533081
4.3380000000,7.0524215698
4.3390000000,7.9464912415
4.3400000000,8.6760520935
4.3410000000,8.6617469788
4.3420000000,8.4972381592
4.3430000000,8.0966949463
4.3440000000,7.1239471436
4.3450000000,5.3358078003
4.3460000000,3.4189224243
4.3470000000,1.5950202942
4.3480000000,-0.2288818359
4.3490000000,-1.9025802612
4.3500000000,-3.7622451782
4.3510000000,-5.3501129150
4.3520000000,-6.7734718323
4.3530000000,-7.5459480286
4.3540000000,-7.9822540283
4.3550000000,-8.4400177002
4.3560000000,-8.6903572083
4.3570000000,-8.1396102905
4.3580000000,-7.4744224548
4.3590000000,-6.4659118652
4.3600000000,-4.8065185547
4.3610000000,-2.7322769165
4.3620000000,-0.5435943604
4.3630000000,1.5234947205
4.3640000000,3.4117698669
4.3650000000,5.0425529480
4.3660000000,6.3729286194
4.3670000000,7.2455406189
4.3680000000,8.1682205200
4.3690000000,8.6832046509
4.3700000000,8.7118148804
4.3710000000,8.4185600281
4.3720000000,7.9107284546
4.3730000000,6.6161155701
4.3740000000,4.7993659973
4.3750000000,2.8753280640
4.3760000000,1.0085105896
4.3770000000,-0.7724761963
4.3780000000,-2.5320053101
4.3790000000,-4.3344497681
4.3800000000,-5.7435035706
4.3810000000,-7.0381164551
4.3820000000,-7.7533721924
4.3830000000,-8.0609321594
4.3840000000,-8.5473060608
4.3850000000,-8.5902214050
4.3860000000,-7.8392028809
4.3870000000,-7.1525573730
4.3880000000,-5.8507919312
4.3890000000,-4.0268898010
4.3900000000,-1.8739700317
4.3910000000,0.3004074097
4.3920000000,2.3174285889
4.3930000000,4.2200088501
4.3940000000,5.6290626526
4.3950000000,6.8163871765
4.3960000000,7.6603889465
4.3970000000,8.5473060608
4.3980000000,8.6402893066
4.3990000000,8.5401535034
4.4000000000,8.2683563232
4.4010000000,7.4529647827
4.4020000000,5.6862831116
4.4030000000,3.8695335388
4.4040000000,1.9168853760
4.4050000000,0.0786781311
4.4060000000,-1.6880035400
4.4070000000,-3.5047531128
4.4080000000,-5.1856040955
4.4090000000,-6.6518783569
4.4100000000,-7.5030326843
4.4110000000,-7.9965591431
4.4120000000,-8.3971023560
4.4130000000,-8.6617469788
4.4140000000,-8.1610679626
4.4150000000,-7.4672698975
4.4160000000,-6.4802169800
4.4170000000,-4.8279762268
4.4180000000,-2.7179718018
4.4190000000,-0.5221366882
4.4200000000,1.5521049500
4.4210000000,3.5047531128
4.4220000000,5.1355361938
4.4230000000,6.4158439636
4.4240000000,7.3528289795
4.4250000000,8.2826614380
4.4260000000,8.7118148804
4.4270000000,8.5902214050
4.4280000000,8.4328651428
4.4290000000,7.8034400940
4.4300000000,6.3014030457
4.4310000000,4.4488906860
4.4320000000,2.5391578674
4.4330000000,0.6866455078
4.4340000000,-1.1229515076
4.4350000000,-2.9110908508
4.4360000000,-4.7492980957
4.4370000000,-6.2155723572
4.4380000000,-7.3957443237
4.4390000000,-7.8964233398
4.4400000000,-8.2182884216
4.4410000000,-8.6760520935
4.4420000000,-8.3327293396
4.4430000000,-7.6031684875
4.4440000000,-6.8378448486
4.4450000000,-5.2571296692
4.4460000000,-3.2544136047
4.4470000000,-1.0585784912
4.4480000000,1.1157989502
4.4490000000,3.0469894409
4.4500000000,4.8851966858
4.4510000000,6.2084197998
4.4520000000,7.1525573730
4.4530000000,8.1682205200
4.4540000000,8.7118148804
4.4550000000,8.6402893066
4.4560000000,8.4328651428
4.4570000000,7.9250335693
4.4580000000,6.6161155701
4.4590000000,4.7421455383
4.4600000000,2.7894973755
4.4610000000,0.9369850159
4.4620000000,-0.9083747864
4.4630000000,-2.7251243591
4.4640000000,-4.5704841614
4.4650000000,-6.1082839966
4.4660000000,-7.2884559631
4.4670000000,-7.9107284546
4.4680000000,-8.1682205200
4.4690000000,-8.6474418640
4.4700000000,-8.3613395691
4.4710000000,-7.7033042908
4.4720000000,-6.8879127502
4.4730000000,-5.3358078003
4.4740000000,-3.3402442932
4.4750000000,-1.1372566223
4.4760000000,0.9870529175
4.4770000000,3.0326843262
4.4780000000,4.8065185547
4.4790000000,6.2084197998
4.4800000000,7.1310997009
4.4810000000,8.1539154053
4.4820000000,8.7046623230
4.4830000000,8.6617469788
4.4840000000,8.4400177002
4.4850000000,7.9607963562
4.4860000000,6.5803527832
4.4870000000,4.7135353088
4.4880000000,2.8181076050
4.4890000000,1.0013580322
4.4900000000,-1.0156631470
4.4910000000,-2.8181076050
4.4920000000,-4.6133995056
4.4930000000,-6.1011314392
4.4940000000,-7.3385238647
4.4950000000,-7.9178810120
4.4960000000,-8.2540512085
4.4970000000,-8.6760520935
4.4980000000,-8.3613395691
4.4990000000,-7.5674057007
4.5000000000,-6.8306922913
4.5010000000,-5.2213668823
4.5020000000,-3.0827522278
4.5030000000,-0.9298324585
4.5040000000,1.2516975403
4.5050000000,3.2758712769
4.5060000000,4.9710273743
4.5070000000,6.3657760620
4.5080000000,7.2598457336
4.5090000000,8.2540512085
4.5100000000,8.7118148804
4.5110000000,8.5902214050
4.5120000000,8.4185600281
4.5130000000,7.7676773071
4.5140000000,6.2799453735
4.5150000000,4.2629241943
4.5160000000,2.4461746216
4.5170000000,0.5435943604
4.5180000000,-1.3446807861
4.5190000000,-3.2114982605
4.5200000000,-5.0210952759
4.5210000000,-6.5088272095
4.5220000000,-7.4815750122
4.5230000000,-7.9178810120
4.5240000000,-8.4114074707
4.5250000000,-8.6760520935
4.5260000000,-8.1825256348
4.5270000000,-7.3528289795
4.5280000000,-6.3514709473
4.5290000000,-4.6634674072
4.5300000000,-2.5534629822
4.5310000000,-0.2503395081
4.5320000000,1.9168853760
4.5330000000,3.8480758667
4.5340000000,5.4287910461
4.5350000000,6.6375732422
4.5360000000,7.6103210449
4.5370000000,8.4972381592
4.5380000000,8.6474418640
4.5390000000,8.5186958313
4.5400000000,8.2612037659
4.5410000000,7.3885917664
4.5420000000,5.5575370789
4.5430000000,3.6334991455
4.5440000000,1.6808509827
4.5450000000,-0.1931190491
4.5460000000,-2.0670890808
4.5470000000,-3.9839744568
4.5480000000,-5.6362152100
4.5490000000,-6.9808959961
4.5500000000,-7.7533721924
4.5510000000,-8.1110000610
4.5520000000,-8.5473060608
4.5530000000,-8.5473060608
4.5540000000,-7.8034400940
4.5550000000,-7.0667266846
4.5560000000,-5.6362152100
4.5570000000,-3.7407875061
4.5580000000,-1.4591217041
4.5590000000,0.7510185242
4.5600000000,2.8109550476
4.5610000000,4.7063827515
4.5620000000,6.0868263245
4.5630000000,7.0810317993
4.5640000000,8.1396102905
4.5650000000,8.6760520935
4.5660000000,8.6617469788
4.5670000000,8.4042549133
4.5680000000,7.8463554382
4.5690000000,6.4873695374
4.5700000000,4.5418739319
4.5710000000,2.5677680969
4.5720000000,0.6294250488
4.5730000000,-1.2874603271
4.5740000000,-3.1900405884
4.5750000000,-4.9710273743
4.5760000000,-6.5231323242
4.5770000000,-7.4386596680
4.5780000000,-8.0108642578
4.5790000000,-8.3971023560
4.5800000000,-8.6474418640
4.5810000000,-8.1324577332
4.5820000000,-7.3242187500
4.5830000000,-6.2799453735
4.5840000000,-4.4631958008
4.5850000000,-2.3102760315
4.5860000000,0.0071525574
4.5870000000,2.1171569824
4.5880000000,4.1055679321
4.5890000000,5.6433677673
4.5900000000,6.7734718323
4.5910000000,7.8320503235
4.5920000000,8.6116790771
4.5930000000,8.6402893066
4.5940000000,8.4900856018
4.5950000000,8.0823898315
4.5960000000,7.0166587830
4.5970000000,5.1140785217
4.5980000000,3.1328201294
4.5990000000,1.2159347534
4.6000000000,-0.7224082947
4.6010000000,-2.6607513428
4.6020000000,-4.5418739319
4.6030000000,-6.1511993408
4.6040000000,-7.3027610779
4.6050000000,-7.9035758972
4.6060000000,-8.2468986511
4.6070000000,-8.6545944214
4.6080000000,-8.3112716675
4.6090000000,-7.4601173401
4.6100000000,-6.6089630127
4.6110000000,-4.8565864563
4.6120000000,-2.7608871460
4.6130000000,-0.4363059998
4.6140000000,1.7452239990
4.6150000000,3.7765502930
4.6160000000,5.4144859314
4.6170000000,6.6161155701
4.6180000000,7.6174736023
4.6190000000,8.5186958313
4.6200000000,8.6402893066
4.6210000000,8.4829330444
4.6220000000,8.1825256348
4.6230000000,7.2097778320
4.6240000000,5.3429603577
4.6250000000,3.4046173096
4.6260000000,1.4233589172
4.6270000000,-0.4434585571
4.6280000000,-2.4819374084
4.6290000000,-4.3916702271
4.6300000000,-5.9795379639
4.6310000000,-7.2312355042
4.6320000000,-7.8463554382
4.6330000000,-8.2182884216
4.6340000000,-8.6188316345
4.6350000000,-8.3470344543
4.6360000000,-7.5459480286
4.6370000000,-6.6733360291
4.6380000000,-4.9996376038
4.6390000000,-2.8896331787
4.6400000000,-0.5078315735
4.6410000000,1.7166137695
4.6420000000,3.7193298340
4.6430000000,5.3858757019
4.6440000000,6.6304206848
4.6450000000,7.6031684875
4.6460000000,8.5616111755
4.6470000000,8.6331367493
4.6480000000,8.5258483887
4.6490000000,8.1324577332
4.6500000000,7.1740150452
4.6510000000,5.3286552429
4.6520000000,3.3187866211
4.6530000000,1.3446807861
4.6540000000,-0.5507469177
4.6550000000,-2.5391578674
4.6560000000,-4.5061111450
4.6570000000,-6.1082839966
4.6580000000,-7.2956085205
4.6590000000,-7.8821182251
4.6600000000,-8.2325935364
4.6610000000,-8.6259841919
4.6620000000,-8.2826614380
4.6630000000,-7.4601173401
4.6640000000,-6.4802169800
4.6650000000,-4.7492980957
4.6660000000,-2.6249885559
4.6670000000,-0.2646446228
4.6680000000,1.9598007202
4.6690000000,3.9839744568
4.6700000000,5.5932998657
4.6710000000,6.7234039307
4.6720000000,7.8105926514
4.6730000000,8.6331367493
4.6740000000,8.6188316345
4.6750000000,8.4972381592
4.6760000000,7.9822540283
4.6770000000,6.9022178650
4.6780000000,4.9567222595
4.6790000000,2.9253959656
4.6800000000,0.9655952454
4.6810000000,-0.9799003601
4.6820000000,-2.9611587524
4.6830000000,-4.8565864563
4.6840000000,-6.4373016357
4.6850000000,-7.4243545532
4.6860000000,-7.9822540283
4.6870000000,-8.3756446838
4.6880000000,-8.6259841919
4.6890000000,-8.1038475037
4.6900000000,-7.1811676025
4.6910000000,-6.1511993408
4.6920000000,-4.2128562927
4.6930000000,-1.9526481628
4.6940000000,0.3647804260
4.6950000000,2.5534629822
4.6960000000,4.4631958008
4.6970000000,6.0153007507
4.6980000000,6.9808959961
4.6990000000,8.1539154053
4.7000000000,8.6975097656
4.7010000000,8.5830688477
4.7020000000,8.3684921265
4.7030000000,7.7748298645
4.7040000000,6.2441825867
4.7050000000,4.2700767517
4.7060000000,2.2602081299
4.7070000000,0.2717971802
4.7080000000,-1.7380714417
4.7090000000,-3.7121772766
4.7100000000,-5.4860115051
4.7110000000,-6.9165229797
4.7120000000,-7.7319145203
4.7130000000,-8.1253051758
4.7140000000,-8.5115432739
4.7150000000,-8.5616111755
4.7160000000,-7.7319145203
4.7170000000,-6.8664550781
4.7180000000,-5.3858757019
4.7190000000,-3.3187866211
4.7200000000,-0.9226799011
4.7210000000,1.3875961304
4.7220000000,3.4689903259
4.7230000000,5.2213668823
4.7240000000,6.4873695374
4.7250000000,7.5316429138
4.7260000000,8.5616111755
4.7270000000,8.6259841919
4.7280000000,8.4972381592
4.7290000000,8.2039833069
4.7300000000,7.1668624878
4.7310000000,5.3286552429
4.7320000000,3.2830238342
4.7330000000,1.2946128845
4.7340000000,-0.7224082947
4.7350000000,-2.7108192444
4.7360000000,-4.6563148499
4.7370000000,-6.3300132751
4.7380000000,-7.3385238647
4.7390000000,-7.9751014709
4.7400000000,-8.4042549133
4.7410000000,-8.6760520935
4.7420000000,-8.1682205200
4.7430000000,-7.2455406189
4.7440000000,-6.1726570129
4.7450000000,-4.2343139648
4.7460000000,-2.0313262939
4.7470000000,0.3647804260
4.7480000000,2.6392936707
4.7490000000,4.4918060303
4.7500000000,6.0582160950
4.7510000000,7.1096420288
4.7520000000,8.1968307495
4.7530000000,8.7332725525
4.7540000000,8.5973739624
4.7550000000,8.3684921265
4.7560000000,7.6889991760
4.7570000000,6.0582160950
4.7580000000,4.0411949158
4.7590000000,2.0241737366
4.7600000000,-0.0071525574
4.7610000000,-2.0956993103
4.7620000000,-4.0769577026
4.7630000000,-5.7864189148
4.7640000000,-7.1454048157
4.7650000000,-7.8964233398
4.7660000000,-8.2039833069
4.7670000000,-8.6474418640
4.7680000000,-8.4042549133
4.7690000000,-7.5531005859
4.7700000000,-6.6232681274
4.7710000000,-4.8708915710
4.7720000000,-2.6750564575
4.7730000000,-0.2574920654
4.7740000000,2.0456314087
4.7750000000,4.0340423584
4.7760000000,5.7363510132
4.7770000000,6.8593025208
4.7780000000,8.0037117004
4.7790000000,8.6474418640
4.7800000000,8.6688995361
4.7810000000,8.4543228149
4.7820000000,7.8678131104
4.7830000000,6.5517425537
4.7840000000,4.5132637024
4.7850000000,2.4390220642
4.7860000000,0.4506111145
4.7870000000,-1.6808509827
4.7880000000,-3.6835670471
4.7890000000,-5.5074691772
4.7900000000,-6.9808959961
4.7910000000,-7.7676773071
4.7920000000,-8.1610679626
4.7930000000,-8.5616111755
4.7940000000,-8.5616111755
4.7950000000,-7.7462196350
4.7960000000,-6.7949295044
4.7970000000,-5.1784515381
4.7980000000,-3.0112266541
4.7990000000,-0.5865097046
4.8000000000,1.7595291138
4.8010000000,3.8552284241
4.8020000000,5.5289268494
4.8030000000,6.7448616028
4.8040000000,7.8749656677
4.8050000000,8.6903572083
4.8060000000,8.6474418640
4.8070000000,8.4757804871
4.8080000000,7.9393386841
4.8090000000,6.7377090454
4.8100000000,4.6563148499
4.8110000000,2.6106834412
4.8120000000,0.6008148193
4.8130000000,-1.5377998352
4.8140000000,-3.6048889160
4.8150000000,-5.4073333740
4.8160000000,-6.9236755371
4.8170000000,-7.7819824219
4.8180000000,-8.1825256348
4.8190000000,-8.5830688477
4.8200000000,-8.5544586182
4.8210000000,-7.7390670776
4.8220000000,-6.7949295044
4.8230000000,-5.2142143250
4.8240000000,-3.0326843262
4.8250000000,-0.5722045898
4.8260000000,1.8167495728
4.8270000000,3.8051605225
4.8280000000,5.5718421936
4.8290000000,6.7806243896
4.8300000000,7.9250335693
4.8310000000,8.6903572083
4.8320000000,8.6617469788
4.8330000000,8.4757804871
4.8340000000,7.9107284546
4.8350000000,6.6304206848
4.8360000000,4.5919418335
4.8370000000,2.4890899658
4.8380000000,0.4363059998
4.8390000000,-1.6522407532
4.8400000000,-3.7693977356
4.8410000000,-5.6219100952
4.8420000000,-7.0309638977
4.8430000000,-7.8248977661
4.8440000000,-8.2540512085
4.8450000000,-8.6045265198
4.8460000000,-8.5473060608
4.8470000000,-7.6532363892
4.8480000000,-6.6518783569
4.8490000000,-4.9924850464
4.8500000000,-2.6893615723
4.8510000000,-0.2431869507
4.8520000000,2.1171569824
4.8530000000,4.1341781616
4.8540000000,5.8221817017
4.8550000000,6.9022178650
4.8560000000,8.1253051758
4.8570000000,8.7189674377
4.8580000000,8.6975097656
4.8590000000,8.4185600281
4.8600000000,7.7676773071
4.8610000000,6.2155723572
4.8620000000,4.1699409485
4.8630000000,2.1386146545
4.8640000000,0.0071525574
4.8650000000,-2.1243095398
4.8660000000,-4.2057037354
4.8670000000,-5.9795379639
4.8680000000,-7.2813034058
4.8690000000,-7.9894065857
4.8700000000,-8.3398818970
4.8710000000,-8.6975097656
4.8720000000,-8.3327293396
4.8730000000,-7.3814392090
4.8740000000,-6.3085556030
4.8750000000,-4.3702125549
4.8760000000,-2.0742416382
4.8770000000,0.3790855408
4.8780000000,2.6750564575
4.8790000000,4.7135353088
4.8800000000,6.1726570129
4.8810000000,7.2956085205
4.8820000000,8.3899497986
4.8830000000,8.7404251099
4.8840000000,8.5973739624
4.8850000000,8.3112716675
4.8860000000,7.3814392090
4.8870000000,5.5503845215
4.8880000000,3.5190582275
4.8890000000,1.4019012451
4.8900000000,-0.7224082947
4.8910000000,-2.8538703918
4.8920000000,-4.7993659973
4.8930000000,-6.5517425537
4.8940000000,-7.4744224548
4.8950000000,-8.1324577332
4.8960000000,-8.4757804871
4.8970000000,-8.6832046509
4.8980000000,-8.0394744873
4.8990000000,-7.0881843567
4.9000000000,-5.5861473083
4.9010000000,-3.4976005554
4.9020000000,-0.9799003601
4.9030000000,1.4519691467
4.9040000000,3.4689903259
4.9050000000,5.3143501282
4.9060000000,6.6804885864
4.9070000000,7.8034400940
4.9080000000,8.6903572083
4.9090000000,8.6832046509
4.9100000000,8.5258483887
4.9110000000,7.9393386841
4.9120000000,6.7734718323
4.9130000000,4.7063827515
4.9140000000,2.5892257690
4.9150000000,0.5221366882
4.9160000000,-1.6736984253
4.9170000000,-3.8480758667
4.9180000000,-5.7005882263
4.9190000000,-7.1668624878
4.9200000000,-7.8964233398
4.9210000000,-8.2755088806
4.9220000000,-8.6832046509
4.9230000000,-8.4257125854
4.9240000000,-7.5101852417
4.9250000000,-6.4587593079
4.9260000000,-4.5204162598
4.9270000000,-2.2029876709
4.9280000000,0.2002716064
4.9290000000,2.5248527527
4.9300000000,4.5633316040
4.9310000000,6.1225891113
4.9320000000,7.2598457336
4.9330000000,8.3971023560
4.9340000000,8.7475776672
4.9350000000,8.5616111755
4.9360000000,8.3327293396
4.9370000000,7.3671340942
4.9380000000,5.5432319641
4.9390000000,3.4546852112
4.9400000000,1.3518333435
4.9410000000,-0.8082389832
4.9420000000,-2.9826164246
4.9430000000,-5.0425529480
4.9440000000,-6.6590309143
4.9450000000,-7.6174736023
4.9460000000,-8.2039833069
4.9470000000,-8.5473060608
4.9480000000,-8.6331367493
4.9490000000,-7.8821182251
4.9500000000,-6.8950653076
4.9510000000,-5.3071975708
4.9520000000,-3.0541419983
4.9530000000,-0.6222724915
4.9540000000,1.8525123596
4.9550000000,3.9696693420
4.9560000000,5.6934356689
4.9570000000,6.8950653076
4.9580000000,8.1253051758
4.9590000000,8.7118148804
4.9600000000,8.6617469788
4.9610000000,8.3971023560
4.9620000000,7.7247619629
4.9630000000,6.0653686523
4.9640000000,4.0340423584
4.9650000000,1.8882751465
4.9660000000,-0.2574920654
4.9670000000,-2.4247169495
4.9680000000,-4.5776367188
4.9690000000,-6.3943862915
4.9700000000,-7.4172019958
4.9710000000,-8.0680847168
4.9720000000,-8.4900856018
4.9730000000,-8.6688995361
4.9740000000,-8.1038475037
4.9750000000,-7.0524215698
4.9760000000,-5.7220458984
4.9770000000,-3.5476684570
4.9780000000,-1.1014938354
4.9790000000,1.4376640320
4.9800000000,3.5977363586
4.9810000000,5.4574012756
4.9820000000,6.6804885864
4.9830000000,7.9178810120
4.9840000000,8.6975097656
4.9850000000,8.6545944214
4.9860000000,8.4757804871
4.9870000000,7.8392028809
4.9880000000,6.3872337341
4.9890000000,4.3058395386
4.9900000000,2.1243095398
4.9910000000,-0.0429153442
4.9920000000,-2.2101402283
4.9930000000,-4.4202804565
4.9940000000,-6.3157081604
4.9950000000,-7.4529647827
4.9960000000,-8.0537796021
4.9970000000,-8.5115432739
4.9980000000,-8.7118148804
4.9990000000,-8.1539154053
