time (s),velocity (rpm)
0.0000000000,0.0286102295
0.0010000000,-0.0143051147
0.0020000000,-0.0286102295
0.0030000000,0.0286102295
0.0040000000,-0.0143051147
0.0050000000,-0.0071525574
0.0060000000,0.0357627869
0.0070000000,-0.0429153442
0.0080000000,0.0214576721
0.0090000000,0.0071525574
0.0100000000,0.0071525574
0.0110000000,-0.0071525574
0.0120000000,-0.0143051147
0.0130000000,0.0214576721
0.0140000000,0.0071525574
0.0150000000,0.0214576721
0.0160000000,-0.0143051147
0.0170000000,0.0000000000
0.0180000000,0.0429153442
0.0190000000,0.0143051147
0.0200000000,0.0000000000
0.0210000000,0.0000000000
0.0220000000,0.0429153442
0.0230000000,0.0357627869
0.0240000000,-0.0071525574
0.0250000000,0.0715255737
0.0260000000,0.0143051147
0.0270000000,0.0071525574
0.0280000000,0.0357627869
0.0290000000,0.0429153442
0.0300000000,0.0214576721
0.0310000000,0.0643730164
0.0320000000,0.0500679016
0.0330000000,0.0429153442
0.0340000000,0.0214576721
0.0350000000,0.0572204590
0.0360000000,0.0643730164
0.0370000000,0.0500679016
0.0380000000,0.0500679016
0.0390000000,0.0500679016
0.0400000000,0.0715255737
0.0410000000,0.0572204590
0.0420000000,0.0286102295
0.0430000000,0.0786781311
0.0440000000,0.0715255737
0.0450000000,0.0643730164
0.0460000000,0.0786781311
0.0470000000,0.1001358032
0.0480000000,0.0786781311
0.0490000000,0.0929832458
0.0500000000,0.0929832458
0.0510000000,0.0929832458
0.0520000000,0.1215934753
0.0530000000,0.1072883606
0.0540000000,0.1001358032
0.0550000000,0.1358985901
0.0560000000,0.1430511475
0.0570000000,0.1215934753
0.0580000000,0.1430511475
0.0590000000,0.1716613770
0.0600000000,0.1788139343
0.0610000000,0.1716613770
0.0620000000,0.1645088196
0.0630000000,0.2217292786
0.0640000000,0.1788139343
0.0650000000,0.2002716064
0.0660000000,0.2074241638
0.0670000000,0.2503395081
0.0680000000,0.2217292786
0.0690000000,0.2717971802
0.0700000000,0.2574920654
0.0710000000,0.2789497375
0.0720000000,0.3147125244
0.0730000000,0.2932548523
0.0740000000,0.3433227539
0.0750000000,0.3218650818
0.0760000000,0.4148483276
0.0770000000,0.3576278687
0.0780000000,0.4220008850
0.0790000000,0.4577636719
0.0800000000,0.4792213440
0.0810000000,0.5006790161
0.0820000000,0.5578994751
0.0830000000,0.6294250488
0.0840000000,0.6008148193
0.0850000000,0.7152557373
0.0860000000,0.7581710815
0.0870000000,0.8153915405
0.0880000000,0.8654594421
0.0890000000,0.9298324585
0.0900000000,0.8797645569
0.0910000000,0.9655952454
0.0920000000,0.9369850159
0.0930000000,0.9799003601
0.0940000000,1.0442733765
0.0950000000,1.0585784912
0.0960000000,1.0871887207
0.0970000000,1.1372566223
0.0980000000,1.1372566223
0.0990000000,1.1801719666
0.1000000000,1.2588500977
0.1010000000,1.2588500977
0.1020000000,1.2803077698
0.1030000000,1.3303756714
0.1040000000,1.3589859009
0.1050000000,1.4019012451
0.1060000000,1.4662742615
0.1070000000,1.5091896057
0.1080000000,1.5521049500
0.1090000000,1.5878677368
0.1100000000,1.5807151794
0.1110000000,1.6808509827
0.1120000000,1.7237663269
0.1130000000,1.8167495728
0.1140000000,1.7809867859
0.1150000000,1.8668174744
0.1160000000,1.9025802612
0.1170000000,1.9669532776
0.1180000000,2.0456314087
0.1190000000,2.0170211792
0.1200000000,2.0885467529
0.1210000000,2.1171569824
0.1220000000,2.1171569824
0.1230000000,2.2387504578
0.1240000000,2.2459030151
0.1250000000,2.2959709167
0.1260000000,2.3889541626
0.1270000000,2.5033950806
0.1280000000,2.5892257690
0.1290000000,2.6750564575
0.1300000000,2.7108192444
0.1310000000,2.7894973755
0.1320000000,2.8109550476
0.1330000000,2.8467178345
0.1340000000,2.9683113098
0.1350000000,3.0684471130
0.1360000000,3.1042098999
0.1370000000,3.2973289490
0.1380000000,3.3617019653
0.1390000000,3.4546852112
0.1400000000,3.5333633423
0.1410000000,3.5834312439
0.1420000000,3.6406517029
0.1430000000,3.6764144897
0.1440000000,3.6120414734
0.1450000000,3.7980079651
0.1460000000,3.8838386536
0.1470000000,3.9982795715
0.1480000000,3.9911270142
0.1490000000,3.9982795715
0.1500000000,4.0698051453
0.1510000000,4.1770935059
0.1520000000,4.3416023254
0.1530000000,4.4703483582
0.1540000000,4.5418739319
0.1550000000,4.5990943909
0.1560000000,4.4703483582
0.1570000000,4.4059753418
0.1580000000,4.3129920959
0.1590000000,4.4918060303
0.1600000000,4.6062469482
0.1610000000,4.7206878662
0.1620000000,4.6777725220
0.1630000000,4.6992301941
0.1640000000,4.7993659973
0.1650000000,4.9710273743
0.1660000000,5.0354003906
0.1670000000,5.1569938660
0.1680000000,5.0425529480
0.1690000000,5.0854682922
0.1700000000,4.9710273743
0.1710000000,5.1569938660
0.1720000000,5.3071975708
0.1730000000,5.3930282593
0.1740000000,5.3501129150
0.1750000000,5.3787231445
0.1760000000,5.4788589478
0.1770000000,5.7721138000
0.1780000000,5.8794021606
0.1790000000,5.7721138000
0.1800000000,5.6076049805
0.1810000000,5.5146217346
0.1820000000,5.7220458984
0.1830000000,5.9151649475
0.1840000000,5.8221817017
0.1850000000,5.7792663574
0.1860000000,5.8650970459
0.1870000000,6.1154365540
0.1880000000,6.2441825867
0.1890000000,6.2799453735
0.1900000000,6.2155723572
0.1910000000,6.1297416687
0.1920000000,6.3729286194
0.1930000000,6.5803527832
0.1940000000,6.5517425537
0.1950000000,6.4730644226
0.1960000000,6.8306922913
0.1970000000,7.0524215698
0.1980000000,7.0166587830
0.1990000000,6.8664550781
0.2000000000,6.9093704224
0.2010000000,7.2240829468
0.2020000000,7.2097778320
0.2030000000,6.9952011108
0.2040000000,7.1024894714
0.2050000000,7.3313713074
0.2060000000,7.5960159302
0.2070000000,7.5674057007
0.2080000000,7.4100494385
0.2090000000,7.7247619629
0.2100000000,7.7819824219
0.2110000000,7.7891349792
0.2120000000,8.1539154053
0.2130000000,8.4543228149
0.2140000000,8.2468986511
0.2150000000,7.9178810120
0.2160000000,8.1753730774
0.2170000000,8.2755088806
0.2180000000,8.1753730774
0.2190000000,8.3184242249
0.2200000000,8.6688995361
0.2210000000,8.7475776672
0.2220000000,8.4543228149
0.2230000000,8.7118148804
0.2240000000,8.7761878967
0.2250000000,8.8262557983
0.2260000000,9.5272064209
0.2270000000,9.8490715027
0.2280000000,9.1981887817
0.2290000000,8.9406967163
0.2300000000,9.1910362244
0.2310000000,9.1266632080
0.2320000000,9.6273422241
0.2330000000,10.0135803223
0.2340000000,9.7703933716
0.2350000000,9.5486640930
0.2360000000,9.9706649780
0.2370000000,10.0135803223
0.2380000000,10.3783607483
0.2390000000,10.9291076660
0.2400000000,10.4141235352
0.2410000000,10.3068351746
0.2420000000,10.4784965515
0.2430000000,10.2925300598
0.2440000000,10.8218193054
0.2450000000,11.0220909119
0.2460000000,10.6573104858
0.2470000000,11.0363960266
0.2480000000,11.0936164856
0.2490000000,11.2509727478
0.2500000000,11.7158889771
0.2510000000,11.3511085510
0.2520000000,11.5871429443
0.2530000000,11.3368034363
0.2540000000,11.2509727478
0.2550000000,11.7659568787
0.2560000000,11.7230415344
0.2570000000,11.8517875671
0.2580000000,11.8589401245
0.2590000000,12.2952461243
0.2600000000,12.9103660583
0.2610000000,12.2523307800
0.2620000000,12.3310089111
0.2630000000,12.0091438293
0.2640000000,12.4597549438
0.2650000000,12.9103660583
0.2660000000,12.5026702881
0.2670000000,12.6028060913
0.2680000000,12.8030776978
0.2690000000,13.9760971069
0.2700000000,13.2751464844
0.2710000000,12.8102302551
0.2720000000,12.6886367798
0.2730000000,13.3895874023
0.2740000000,13.7615203857
0.2750000000,13.2107734680
0.2760000000,13.4396553040
0.2770000000,13.6899948120
0.2780000000,14.6269798279
0.2790000000,13.8831138611
0.2800000000,13.7400627136
0.2810000000,13.4754180908
0.2820000000,14.2192840576
0.2830000000,14.0976905823
0.2840000000,14.2335891724
0.2850000000,14.1978263855
0.2860000000,14.9846076965
0.2870000000,14.7771835327
0.2880000000,14.8916244507
0.2890000000,14.2049789429
0.2900000000,14.7199630737
0.2910000000,14.9703025818
0.2920000000,15.0275230408
0.2930000000,15.0704383850
0.2940000000,16.1075592041
0.2950000000,15.4781341553
0.2960000000,15.2349472046
0.2970000000,15.0060653687
0.2980000000,15.7570838928
0.2990000000,15.5568122864
0.3000000000,15.5067443848
0.3010000000,16.3936614990
0.3020000000,16.9157981873
0.3030000000,15.7570838928
0.3040000000,15.3923034668
0.3050000000,16.5081024170
0.3060000000,16.3364410400
0.3070000000,16.4508819580
0.3080000000,16.5653228760
0.3090000000,17.5380706787
0.3100000000,16.7083740234
0.3110000000,16.2076950073
0.3120000000,16.9157981873
0.3130000000,16.9730186462
0.3140000000,17.1875953674
0.3150000000,17.3163414001
0.3160000000,17.9314613342
0.3170000000,17.6954269409
0.3180000000,17.0373916626
0.3190000000,17.5666809082
0.3200000000,17.6525115967
0.3210000000,17.7884101868
0.3220000000,18.8541412354
0.3230000000,18.4249877930
0.3240000000,18.0315971375
0.3250000000,18.1102752686
0.3260000000,18.5465812683
0.3270000000,18.3820724487
0.3280000000,19.0186500549
0.3290000000,19.8125839233
0.3300000000,18.4750556946
0.3310000000,18.5465812683
0.3320000000,19.1974639893
0.3330000000,18.8827514648
0.3340000000,19.1617012024
0.3350000000,20.2417373657
0.3360000000,19.3977355957
0.3370000000,18.8899040222
0.3380000000,19.7625160217
0.3390000000,19.5550918579
0.3400000000,19.5336341858
0.3410000000,20.4706192017
0.3420000000,20.3490257263
0.3430000000,19.4406509399
0.3440000000,20.0200080872
0.3450000000,20.0772285461
0.3460000000,20.3561782837
0.3470000000,21.1071968079
0.3480000000,20.5349922180
0.3490000000,20.2345848083
0.3500000000,20.4491615295
0.3510000000,20.5063819885
0.3520000000,21.8868255615
0.3530000000,21.2502479553
0.3540000000,20.5492973328
0.3550000000,21.4362144470
0.3560000000,21.0571289063
0.3570000000,21.0857391357
0.3580000000,22.2444534302
0.3590000000,21.7652320862
0.3600000000,21.2359428406
0.3610000000,21.4362144470
0.3620000000,21.7294692993
0.3630000000,22.1872329712
0.3640000000,22.5806236267
0.3650000000,21.7294692993
0.3660000000,21.9941139221
0.3670000000,22.0012664795
0.3680000000,22.4518775940
0.3690000000,23.0598449707
0.3700000000,22.2587585449
0.3710000000,22.5949287415
0.3720000000,22.2373008728
0.3730000000,22.5019454956
0.3740000000,23.9968299866
0.3750000000,22.5591659546
0.3760000000,22.9096412659
0.3770000000,22.6593017578
0.3780000000,22.8452682495
0.3790000000,24.3186950684
0.3800000000,23.3244895935
0.3810000000,23.1170654297
0.3820000000,23.1027603149
0.3830000000,23.7250328064
0.3840000000,24.5046615601
0.3850000000,24.0969657898
0.3860000000,23.3030319214
0.3870000000,23.6034393311
0.3880000000,24.2400169373
0.3890000000,25.1984596252
0.3900000000,24.1255760193
0.3910000000,24.2042541504
0.3920000000,24.0397453308
0.3930000000,25.3844261169
0.3940000000,25.3486633301
0.3950000000,24.1398811340
0.3960000000,24.8551368713
0.3970000000,24.7049331665
0.3980000000,26.0066986084
0.3990000000,25.2985954285
0.4000000000,24.6477127075
0.4010000000,24.8980522156
0.4020000000,25.4058837891
0.4030000000,26.1068344116
0.4040000000,25.5131721497
0.4050000000,25.0840187073
0.4060000000,25.3915786743
0.4070000000,26.3643264771
0.4080000000,26.2928009033
0.4090000000,25.2842903137
0.4100000000,25.5775451660
0.4110000000,25.7778167725
0.4120000000,27.8306007385
0.4130000000,25.4416465759
0.4140000000,26.0496139526
0.4150000000,25.7563591003
0.4160000000,27.1296501160
0.4170000000,26.9007682800
0.4180000000,25.5703926086
0.4190000000,26.1282920837
0.4200000000,26.4573097229
0.4210000000,27.4515151978
0.4220000000,26.4930725098
0.4230000000,26.1354446411
0.4240000000,26.5645980835
0.4250000000,27.1725654602
0.4260000000,27.3799896240
0.4270000000,26.5574455261
0.4280000000,27.0581245422
0.4290000000,27.1797180176
0.4300000000,28.1095504761
0.4310000000,27.1940231323
0.4320000000,27.6947021484
0.4330000000,27.1511077881
0.4340000000,28.9678573608
0.4350000000,27.5230407715
0.4360000000,28.4171104431
0.4370000000,27.3299217224
0.4380000000,29.0036201477
0.4390000000,28.0952453613
0.4400000000,28.2311439514
0.4410000000,28.0308723450
0.4420000000,28.5744667053
0.4430000000,28.6960601807
0.4440000000,28.1667709351
0.4450000000,28.0165672302
0.4460000000,28.8677215576
0.4470000000,28.5959243774
0.4480000000,28.4671783447
0.4490000000,28.0737876892
0.4500000000,29.0966033936
0.4510000000,28.9964675903
0.4520000000,28.1524658203
0.4530000000,28.3885002136
0.4540000000,28.9463996887
0.4550000000,29.3684005737
0.4560000000,28.0952453613
0.4570000000,28.3956527710
0.4580000000,29.0250778198
0.4590000000,29.5257568359
0.4600000000,28.3098220825
0.4610000000,28.5887718201
0.4620000000,29.0393829346
0.4630000000,29.9835205078
0.4640000000,28.4457206726
0.4650000000,28.9678573608
0.4660000000,29.1466712952
0.4670000000,30.2124023438
0.4680000000,28.6746025085
0.4690000000,29.0322303772
0.4700000000,29.3755531311
0.4710000000,30.3483009338
0.4720000000,28.8820266724
0.4730000000,29.2110443115
0.4740000000,29.5758247375
0.4750000000,30.4913520813
0.4760000000,29.0536880493
0.4770000000,29.4327735901
0.4780000000,29.8619270325
0.4790000000,30.3912162781
0.4800000000,29.1824340820
0.4810000000,29.5615196228
0.4820000000,30.0908088684
0.4830000000,30.3626060486
0.4840000000,29.2682647705
0.4850000000,29.5186042786
0.4860000000,30.0478935242
0.4870000000,30.4341316223
0.4880000000,29.2611122131
0.4890000000,29.4899940491
0.4900000000,30.4341316223
0.4910000000,30.2553176880
0.4920000000,29.4041633606
0.4930000000,29.3326377869
0.4940000000,31.0850143433
0.4950000000,29.7260284424
0.4960000000,29.7546386719
0.4970000000,29.3612480164
0.4980000000,30.8918952942
0.4990000000,29.9119949341
0.5000000000,29.5972824097
0.5010000000,29.5901298523
0.5020000000,30.6487083435
0.5030000000,30.0908088684
0.5040000000,29.4113159180
0.5050000000,29.5114517212
0.5060000000,31.0492515564
0.5070000000,29.6688079834
0.5080000000,29.5972824097
0.5090000000,29.4613838196
0.5100000000,31.3496589661
0.5110000000,29.2038917542
0.5120000000,29.6187400818
0.5130000000,29.6115875244
0.5140000000,31.0420989990
0.5150000000,29.3183326721
0.5160000000,29.4828414917
0.5170000000,29.7832489014
0.5180000000,30.8418273926
0.5190000000,29.4256210327
0.5200000000,29.7403335571
0.5210000000,29.8762321472
0.5220000000,30.9705734253
0.5230000000,29.8261642456
0.5240000000,29.9406051636
0.5250000000,30.1694869995
0.5260000000,30.8203697205
0.5270000000,29.6759605408
0.5280000000,29.5686721802
0.5290000000,30.4698944092
0.5300000000,30.3411483765
0.5310000000,29.0894508362
0.5320000000,29.1180610657
0.5330000000,29.7403335571
0.5340000000,30.0264358521
0.5350000000,28.5029411316
0.5360000000,28.4671783447
0.5370000000,29.4542312622
0.5380000000,29.3469429016
0.5390000000,28.1596183777
0.5400000000,28.1882286072
0.5410000000,29.0679931641
0.5420000000,29.2110443115
0.5430000000,28.0094146729
0.5440000000,28.0666351318
0.5450000000,28.5029411316
0.5460000000,29.3684005737
0.5470000000,27.8735160828
0.5480000000,28.0594825745
0.5490000000,28.2454490662
0.5500000000,29.3183326721
0.5510000000,28.1023979187
0.5520000000,27.8162956238
0.5530000000,28.0165672302
0.5540000000,29.4184684753
0.5550000000,27.9307365417
0.5560000000,27.8306007385
0.5570000000,27.4372100830
0.5580000000,29.6902656555
0.5590000000,27.4944305420
0.5600000000,27.9450416565
0.5610000000,27.2798538208
0.5620000000,28.8963317871
0.5630000000,27.8449058533
0.5640000000,27.1725654602
0.5650000000,26.9722938538
0.5660000000,27.7304649353
0.5670000000,28.0308723450
0.5680000000,26.4286994934
0.5690000000,26.6361236572
0.5700000000,26.6575813293
0.5710000000,27.4372100830
0.5720000000,26.7291069031
0.5730000000,26.2141227722
0.5740000000,26.0996818542
0.5750000000,27.1224975586
0.5760000000,26.3428688049
0.5770000000,25.9065628052
0.5780000000,25.5846977234
0.5790000000,26.0281562805
0.5800000000,26.7577171326
0.5810000000,25.1698493958
0.5820000000,25.3343582153
0.5830000000,25.1984596252
0.5840000000,25.9780883789
0.5850000000,25.6848335266
0.5860000000,24.3115425110
0.5870000000,24.6119499207
0.5880000000,24.6763229370
0.5890000000,25.9351730347
0.5900000000,24.4545936584
0.5910000000,24.0182876587
0.5920000000,23.9682197571
0.5930000000,24.3258476257
0.5940000000,25.3701210022
0.5950000000,23.2100486755
0.5960000000,23.8966941833
0.5970000000,23.2744216919
0.5980000000,23.9181518555
0.5990000000,24.2972373962
0.6000000000,22.7451324463
0.6010000000,23.1313705444
0.6020000000,22.7022171021
0.6030000000,23.1456756592
0.6040000000,23.5533714294
0.6050000000,22.5162506104
0.6060000000,22.0370292664
0.6070000000,22.2015380859
0.6080000000,21.9655036926
0.6090000000,22.5949287415
0.6100000000,22.0441818237
0.6110000000,21.1286544800
0.6120000000,21.2574005127
0.6130000000,21.1143493652
0.6140000000,21.8439102173
0.6150000000,21.1501121521
0.6160000000,20.3275680542
0.6170000000,21.0571289063
0.6180000000,20.0629234314
0.6190000000,19.9341773987
0.6200000000,21.4290618896
0.6210000000,19.7196006775
0.6220000000,19.3905830383
0.6230000000,20.1845169067
0.6240000000,18.9757347107
0.6250000000,19.1259384155
0.6260000000,20.0057029724
0.6270000000,19.0687179565
0.6280000000,18.3463096619
0.6290000000,18.6324119568
0.6300000000,18.3677673340
0.6310000000,18.0459022522
0.6320000000,18.5251235962
0.6330000000,18.1889533997
0.6340000000,17.7597999573
0.6350000000,17.1232223511
0.6360000000,17.1518325806
0.6370000000,17.1089172363
0.6380000000,16.7870521545
0.6390000000,17.6382064819
0.6400000000,16.5367126465
0.6410000000,16.0861015320
0.6420000000,16.1147117615
0.6430000000,16.0145759583
0.6440000000,15.3779983521
0.6450000000,15.1848793030
0.6460000000,16.4866447449
0.6470000000,15.3923034668
0.6480000000,14.6770477295
0.6490000000,14.4839286804
0.6500000000,14.9989128113
0.6510000000,14.0976905823
0.6520000000,13.7901306152
0.6530000000,13.5397911072
0.6540000000,14.3122673035
0.6550000000,13.6470794678
0.6560000000,13.2107734680
0.6570000000,12.6743316650
0.6580000000,12.5527381897
0.6590000000,12.5169754028
0.6600000000,11.9805335999
0.6610000000,12.0019912720
0.6620000000,11.4011764526
0.6630000000,11.5942955017
0.6640000000,11.5656852722
0.6650000000,11.0220909119
0.6660000000,11.0149383545
0.6670000000,10.2782249451
0.6680000000,9.9778175354
0.6690000000,9.9277496338
0.6700000000,9.7775459290
0.6710000000,9.4342231750
0.6720000000,9.4485282898
0.6730000000,8.9693069458
0.6740000000,8.9263916016
0.6750000000,9.0694427490
0.6760000000,8.8620185852
0.6770000000,8.1396102905
0.6780000000,7.9393386841
0.6790000000,7.8320503235
0.6800000000,7.3385238647
0.6810000000,7.1525573730
0.6820000000,7.2169303894
0.6830000000,7.0452690125
0.6840000000,6.7734718323
0.6850000000,6.1368942261
0.6860000000,5.9223175049
0.6870000000,5.8507919312
0.6880000000,5.5932998657
0.6890000000,5.3429603577
0.6900000000,5.1712989807
0.6910000000,5.0783157349
0.6920000000,4.9066543579
0.6930000000,4.6348571777
0.6940000000,4.3487548828
0.6950000000,3.8766860962
0.6960000000,3.5476684570
0.6970000000,3.1828880310
0.6980000000,2.9754638672
0.6990000000,2.8038024902
0.7000000000,2.5320053101
0.7010000000,2.3031234741
0.7020000000,2.0170211792
0.7030000000,1.8024444580
0.7040000000,1.4948844910
0.7050000000,1.2230873108
0.7060000000,1.0156631470
0.7070000000,0.7438659668
0.7080000000,0.4720687866
0.7090000000,0.2503395081
0.7100000000,0.0286102295
0.7110000000,-0.0858306885
0.7120000000,-0.0858306885
0.7130000000,-0.0572204590
0.7140000000,-0.0643730164
0.7150000000,-0.1430511475
0.7160000000,-0.1645088196
0.7170000000,-0.2503395081
0.7180000000,-0.3790855408
0.7190000000,-0.4506111145
0.7200000000,-0.4863739014
0.7210000000,-0.5435943604
0.7220000000,-0.6151199341
0.7230000000,-0.6723403931
0.7240000000,-0.8296966553
0.7250000000,-0.9441375732
0.7260000000,-1.1301040649
0.7270000000,-1.2660026550
0.7280000000,-1.4591217041
0.7290000000,-1.7738342285
0.7300000000,-2.1529197693
0.7310000000,-2.6392936707
0.7320000000,-3.1542778015
0.7330000000,-3.7550926208
0.7340000000,-4.3773651123
0.7350000000,-4.9281120300
0.7360000000,-5.3930282593
0.7370000000,-5.5432319641
0.7380000000,-5.8221817017
0.7390000000,-6.1511993408
0.7400000000,-6.6590309143
0.7410000000,-7.2884559631
0.7420000000,-7.6818466187
0.7430000000,-8.2254409790
0.7440000000,-8.8405609131
0.7450000000,-8.9120864868
0.7460000000,-8.8620185852
0.7470000000,-9.2196464539
0.7480000000,-9.8919868469
0.7490000000,-10.1780891418
0.7500000000,-11.0650062561
0.7510000000,-10.7002258301
0.7520000000,-10.4856491089
0.7530000000,-11.0650062561
0.7540000000,-11.4655494690
0.7550000000,-12.1736526489
0.7560000000,-12.4883651733
0.7570000000,-12.2880935669
0.7580000000,-13.1607055664
0.7590000000,-13.0677223206
0.7600000000,-13.4968757629
0.7610000000,-13.0534172058
0.7620000000,-13.4682655334
0.7630000000,-13.9260292053
0.7640000000,-14.1692161560
0.7650000000,-14.3551826477
0.7660000000,-14.7271156311
0.7670000000,-15.2850151062
0.7680000000,-15.2993202209
0.7690000000,-15.0990486145
0.7700000000,-15.2850151062
0.7710000000,-15.5282020569
0.7720000000,-15.9502029419
0.7730000000,-16.0288810730
0.7740000000,-17.0302391052
0.7750000000,-17.2376632690
0.7760000000,-17.4021720886
0.7770000000,-16.4937973022
0.7780000000,-16.9444084167
0.7790000000,-17.8313255310
0.7800000000,-17.6882743835
0.7810000000,-18.6109542847
0.7820000000,-19.2689895630
0.7830000000,-18.4464454651
0.7840000000,-18.0244445801
0.7850000000,-19.0615653992
0.7860000000,-19.2832946777
0.7870000000,-19.6266174316
0.7880000000,-20.6494331360
0.7890000000,-19.9842453003
0.7900000000,-19.6838378906
0.7910000000,-20.2918052673
0.7920000000,-20.4133987427
0.7930000000,-21.3360786438
0.7940000000,-22.0155715942
0.7950000000,-20.9498405457
0.7960000000,-21.1930274963
0.7970000000,-21.4433670044
0.7980000000,-22.1729278564
0.7990000000,-22.9883193970
0.8000000000,-22.6020812988
0.8010000000,-22.0012664795
0.8020000000,-22.7451324463
0.8030000000,-22.7522850037
0.8040000000,-23.9753723145
0.8050000000,-23.7607955933
0.8060000000,-23.1599807739
0.8070000000,-24.1112709045
0.8080000000,-23.8823890686
0.8090000000,-24.8694419861
0.8100000000,-24.3330001831
0.8110000000,-24.5475769043
0.8120000000,-24.8479843140
0.8130000000,-25.2985954285
0.8140000000,-25.8493423462
0.8150000000,-25.1412391663
0.8160000000,-25.1054763794
0.8170000000,-25.3200531006
0.8180000000,-26.6146659851
0.8190000000,-26.9222259521
0.8200000000,-25.5060195923
0.8210000000,-26.1998176575
0.8220000000,-26.4501571655
0.8230000000,-27.8449058533
0.8240000000,-26.2141227722
0.8250000000,-26.7434120178
0.8260000000,-27.0295143127
0.8270000000,-27.9736518860
0.8280000000,-27.3299217224
0.8290000000,-27.3442268372
0.8300000000,-27.5516510010
0.8310000000,-28.5387039185
0.8320000000,-28.2382965088
0.8330000000,-27.6446342468
0.8340000000,-27.6947021484
0.8350000000,-28.7604331970
0.8360000000,-29.3827056885
0.8370000000,-27.6446342468
0.8380000000,-28.3598899841
0.8390000000,-28.7246704102
0.8400000000,-29.9835205078
0.8410000000,-27.6517868042
0.8420000000,-29.0465354919
0.8430000000,-28.8677215576
0.8440000000,-30.2052497864
0.8450000000,-28.3384323120
0.8460000000,-28.8963317871
0.8470000000,-29.4041633606
0.8480000000,-30.2553176880
0.8490000000,-28.9034843445
0.8500000000,-28.7961959839
0.8510000000,-29.7188758850
0.8520000000,-30.6916236877
0.8530000000,-28.6459922791
0.8540000000,-29.2682647705
0.8550000000,-29.6545028687
0.8560000000,-30.9562683105
0.8570000000,-28.5387039185
0.8580000000,-29.9119949341
0.8590000000,-29.8261642456
0.8600000000,-30.9276580811
0.8610000000,-29.1323661804
0.8620000000,-29.7403335571
0.8630000000,-30.3983688354
0.8640000000,-30.7703018188
0.8650000000,-29.6330451965
0.8660000000,-29.6616554260
0.8670000000,-30.8561325073
0.8680000000,-30.8203697205
0.8690000000,-29.4971466064
0.8700000000,-29.9263000488
0.8710000000,-30.9634208679
0.8720000000,-30.4341316223
0.8730000000,-29.4470787048
0.8740000000,-29.7904014587
0.8750000000,-30.8203697205
0.8760000000,-29.9835205078
0.8770000000,-29.3326377869
0.8780000000,-29.5042991638
0.8790000000,-30.7774543762
0.8800000000,-29.3970108032
0.8810000000,-28.9535522461
0.8820000000,-29.1037559509
0.8830000000,-30.4484367371
0.8840000000,-29.0107727051
0.8850000000,-28.6245346069
0.8860000000,-28.6245346069
0.8870000000,-30.0478935242
0.8880000000,-28.5959243774
0.8890000000,-28.5243988037
0.8900000000,-28.6030769348
0.8910000000,-29.4184684753
0.8920000000,-28.5172462463
0.8930000000,-28.6245346069
0.8940000000,-28.4385681152
0.8950000000,-29.4256210327
0.8960000000,-28.8891792297
0.8970000000,-28.4028053284
0.8980000000,-28.2311439514
0.8990000000,-29.3898582458
0.9000000000,-29.0679931641
0.9010000000,-27.7161598206
0.9020000000,-28.0594825745
0.9030000000,-28.5100936890
0.9040000000,-28.9535522461
0.9050000000,-26.7577171326
0.9060000000,-27.8806686401
0.9070000000,-27.4515151978
0.9080000000,-28.2883644104
0.9090000000,-26.5359878540
0.9100000000,-26.7076492310
0.9110000000,-26.6790390015
0.9120000000,-27.5444984436
0.9130000000,-26.2427330017
0.9140000000,-25.8922576904
0.9150000000,-25.6991386414
0.9160000000,-26.6289710999
0.9170000000,-26.4430046082
0.9180000000,-24.8694419861
0.9190000000,-25.1555442810
0.9200000000,-25.1197814941
0.9210000000,-25.8564949036
0.9220000000,-24.6906280518
0.9230000000,-23.7822532654
0.9240000000,-24.6477127075
0.9250000000,-24.2543220520
0.9260000000,-24.8050689697
0.9270000000,-23.2028961182
0.9280000000,-23.1456756592
0.9290000000,-23.2243537903
0.9300000000,-23.3173370361
0.9310000000,-23.5676765442
0.9320000000,-22.1943855286
0.9330000000,-22.1300125122
0.9340000000,-21.8152999878
0.9350000000,-22.0656394958
0.9360000000,-22.2587585449
0.9370000000,-21.5005874634
0.9380000000,-20.5922126770
0.9390000000,-20.7066535950
0.9400000000,-20.2345848083
0.9410000000,-20.6851959229
0.9420000000,-20.9569931030
0.9430000000,-19.2761421204
0.9440000000,-18.7969207764
0.9450000000,-19.6194648743
0.9460000000,-18.6753273010
0.9470000000,-18.9042091370
0.9480000000,-19.1831588745
0.9490000000,-17.9314613342
0.9500000000,-17.3878669739
0.9510000000,-17.3664093018
0.9520000000,-17.2519683838
0.9530000000,-16.9157981873
0.9540000000,-17.1303749084
0.9550000000,-17.0516967773
0.9560000000,-15.6211853027
0.9570000000,-15.6426429749
0.9580000000,-15.1991844177
0.9590000000,-14.9703025818
0.9600000000,-14.7414207458
0.9610000000,-15.0775909424
0.9620000000,-14.6269798279
0.9630000000,-14.3480300903
0.9640000000,-13.0105018616
0.9650000000,-12.9604339600
0.9660000000,-12.6957893372
0.9670000000,-12.8245353699
0.9680000000,-12.1736526489
0.9690000000,-11.8160247803
0.9700000000,-11.9733810425
0.9710000000,-11.5227699280
0.9720000000,-11.4727020264
0.9730000000,-10.5571746826
0.9740000000,-9.5844268799
0.9750000000,-9.5415115356
0.9760000000,-9.3626976013
0.9770000000,-9.3555450439
0.9780000000,-9.2482566833
0.9790000000,-8.6688995361
0.9800000000,-7.9035758972
0.9810000000,-7.6031684875
0.9820000000,-7.7033042908
0.9830000000,-7.2669982910
0.9840000000,-6.7734718323
0.9850000000,-6.6161155701
0.9860000000,-6.2370300293
0.9870000000,-5.6147575378
0.9880000000,-5.0640106201
0.9890000000,-4.5847892761
0.9900000000,-4.4131278992
0.9910000000,-4.1413307190
0.9920000000,-3.8695335388
0.9930000000,-3.4832954407
0.9940000000,-3.1256675720
0.9950000000,-2.7179718018
0.9960000000,-2.3317337036
0.9970000000,-1.9955635071
0.9980000000,-1.6021728516
0.9990000000,-1.3089179993
1.0000000000,-0.9298324585
1.0010000000,-0.5793571472
1.0020000000,-0.2431869507
1.0030000000,0.0786781311
1.0040000000,0.1573562622
1.0050000000,0.1072883606
1.0060000000,0.1215934753
1.0070000000,0.1716613770
1.0080000000,0.2574920654
1.0090000000,0.3504753113
1.0100000000,0.5078315735
1.0110000000,0.7295608521
1.0120000000,0.9298324585
1.0130000000,1.0800361633
1.0140000000,1.4019012451
1.0150000000,1.6808509827
1.0160000000,2.1600723267
1.0170000000,2.5892257690
1.0180000000,3.1900405884
1.0190000000,3.7550926208
1.0200000000,4.1985511780
1.0210000000,4.7206878662
1.0220000000,5.2142143250
1.0230000000,5.8579444885
1.0240000000,6.5445899963
1.0250000000,7.1668624878
1.0260000000,7.3599815369
1.0270000000,7.5244903564
1.0280000000,8.2254409790
1.0290000000,8.6331367493
1.0300000000,8.7904930115
1.0310000000,9.5415115356
1.0320000000,10.2281570435
1.0330000000,10.3926658630
1.0340000000,10.8432769775
1.0350000000,11.3010406494
1.0360000000,11.7802619934
1.0370000000,12.8817558289
1.0380000000,12.7315521240
1.0390000000,13.0248069763
1.0400000000,12.9675865173
1.0410000000,13.5469436646
1.0420000000,14.1835212708
1.0430000000,14.5411491394
1.0440000000,14.8200988770
1.0450000000,15.6426429749
1.0460000000,16.3221359253
1.0470000000,16.0145759583
1.0480000000,15.7284736633
1.0490000000,16.7369842529
1.0500000000,16.8299674988
1.0510000000,17.2734260559
1.0520000000,17.9886817932
1.0530000000,18.7683105469
1.0540000000,18.2819366455
1.0550000000,18.0888175964
1.0560000000,19.0615653992
1.0570000000,18.7397003174
1.0580000000,19.4191932678
1.0590000000,20.8425521851
1.0600000000,20.0986862183
1.0610000000,19.7553634644
1.0620000000,20.6422805786
1.0630000000,20.6279754639
1.0640000000,21.5506553650
1.0650000000,22.1586227417
1.0660000000,21.5220451355
1.0670000000,21.6865539551
1.0680000000,22.2086906433
1.0690000000,22.4232673645
1.0700000000,23.7536430359
1.0710000000,22.9811668396
1.0720000000,22.9883193970
1.0730000000,23.2028961182
1.0740000000,23.5033035278
1.0750000000,25.0840187073
1.0760000000,24.1255760193
1.0770000000,24.3258476257
1.0780000000,24.2757797241
1.0790000000,24.9195098877
1.0800000000,26.1068344116
1.0810000000,25.0339508057
1.0820000000,25.3558158875
1.0830000000,25.4201889038
1.0840000000,26.7720222473
1.0850000000,26.5216827393
1.0860000000,25.7563591003
1.0870000000,26.3714790344
1.0880000000,26.7648696899
1.0890000000,27.9021263123
1.0900000000,26.7148017883
1.0910000000,27.1224975586
1.0920000000,27.2083282471
1.0930000000,28.6889076233
1.0940000000,27.6589393616
1.0950000000,27.9664993286
1.0960000000,27.6374816895
1.0970000000,29.2897224426
1.0980000000,28.4242630005
1.0990000000,28.3741950989
1.1000000000,28.2239913940
1.1010000000,29.7331809998
1.1020000000,28.9535522461
1.1030000000,28.5315513611
1.1040000000,28.8462638855
1.1050000000,30.1766395569
1.1060000000,29.4327735901
1.1070000000,29.0608406067
1.1080000000,29.0608406067
1.1090000000,30.6344032288
1.1100000000,29.6616554260
1.1110000000,29.6616554260
1.1120000000,29.7045707703
1.1130000000,30.6057929993
1.1140000000,30.6773185730
1.1150000000,30.0264358521
1.1160000000,30.2124023438
1.1170000000,31.1350822449
1.1180000000,30.6987762451
1.1190000000,30.3339958191
1.1200000000,29.8619270325
1.1210000000,31.6429138184
1.1220000000,29.8404693604
1.1230000000,30.3196907043
1.1240000000,29.5186042786
1.1250000000,31.0063362122
1.1260000000,29.5186042786
1.1270000000,29.6545028687
1.1280000000,29.2968750000
1.1290000000,30.2195549011
1.1300000000,29.1538238525
1.1310000000,29.1323661804
1.1320000000,28.9821624756
1.1330000000,29.9334526062
1.1340000000,28.9463996887
1.1350000000,28.5601615906
1.1360000000,28.9463996887
1.1370000000,29.8690795898
1.1380000000,28.3312797546
1.1390000000,28.4385681152
1.1400000000,28.4671783447
1.1410000000,29.7617912292
1.1420000000,28.1524658203
1.1430000000,28.1667709351
1.1440000000,27.9664993286
1.1450000000,29.4113159180
1.1460000000,27.8091430664
1.1470000000,27.6088714600
1.1480000000,27.3871421814
1.1490000000,28.9177894592
1.1500000000,27.5373458862
1.1510000000,26.9508361816
1.1520000000,26.8507003784
1.1530000000,27.9235839844
1.1540000000,27.2941589355
1.1550000000,26.0853767395
1.1560000000,25.8636474609
1.1570000000,26.0925292969
1.1580000000,26.9579887390
1.1590000000,25.2056121826
1.1600000000,25.3343582153
1.1610000000,24.6977806091
1.1620000000,25.0697135925
1.1630000000,25.1054763794
1.1640000000,23.9539146423
1.1650000000,23.7894058228
1.1660000000,23.5533714294
1.1670000000,23.9038467407
1.1680000000,23.7035751343
1.1690000000,22.4876403809
1.1700000000,22.2730636597
1.1710000000,22.2229957581
1.1720000000,22.9167938232
1.1730000000,22.1586227417
1.1740000000,20.7853317261
1.1750000000,21.1215019226
1.1760000000,20.4205513000
1.1770000000,20.4205513000
1.1780000000,21.1787223816
1.1790000000,19.8054313660
1.1800000000,18.7969207764
1.1810000000,19.1330909729
1.1820000000,18.1603431702
1.1830000000,18.3033943176
1.1840000000,19.1402435303
1.1850000000,17.7311897278
1.1860000000,16.7441368103
1.1870000000,16.7942047119
1.1880000000,16.4651870728
1.1890000000,16.1862373352
1.1900000000,16.0288810730
1.1910000000,16.5724754333
1.1920000000,15.2707099915
1.1930000000,14.4910812378
1.1940000000,13.8831138611
1.1950000000,14.0118598938
1.1960000000,13.4468078613
1.1970000000,13.3824348450
1.1980000000,12.7387046814
1.1990000000,13.1535530090
1.2000000000,12.3095512390
1.2010000000,11.3797187805
1.2020000000,10.8432769775
1.2030000000,10.2782249451
1.2040000000,10.3855133057
1.2050000000,10.0994110107
1.2060000000,9.2411041260
1.2070000000,9.0551376343
1.2080000000,8.6617469788
1.2090000000,8.0966949463
1.2100000000,8.0037117004
1.2110000000,7.7247619629
1.2120000000,7.0095062256
1.2130000000,6.2227249146
1.2140000000,5.6862831116
1.2150000000,5.3644180298
1.2160000000,4.9781799316
1.2170000000,4.3773651123
1.2180000000,3.9696693420
1.2190000000,3.5548210144
1.2200000000,3.1328201294
1.2210000000,2.7894973755
1.2220000000,2.3245811462
1.2230000000,1.8239021301
1.2240000000,1.4233589172
1.2250000000,0.9584426880
1.2260000000,0.5578994751
1.2270000000,0.0715255737
1.2280000000,-0.1788139343
1.2290000000,-0.2646446228
1.2300000000,-0.3576278687
1.2310000000,-0.4792213440
1.2320000000,-0.6651878357
1.2330000000,-0.7581710815
1.2340000000,-0.8225440979
1.2350000000,-1.0013580322
1.2360000000,-1.2016296387
1.2370000000,-1.4948844910
1.2380000000,-1.9025802612
1.2390000000,-2.1529197693
1.2400000000,-2.4819374084
1.2410000000,-3.1399726868
1.2420000000,-3.6835670471
1.2430000000,-4.4918060303
1.2440000000,-5.2928924561
1.2450000000,-5.9223175049
1.2460000000,-6.5374374390
1.2470000000,-7.3885917664
1.2480000000,-8.1253051758
1.2490000000,-8.3327293396
1.2500000000,-8.4829330444
1.2510000000,-9.2053413391
1.2520000000,-10.0564956665
1.2530000000,-10.5357170105
1.2540000000,-11.5013122559
1.2550000000,-11.7158889771
1.2560000000,-11.8589401245
1.2570000000,-12.8674507141
1.2580000000,-13.2751464844
1.2590000000,-14.1549110413
1.2600000000,-13.6256217957
1.2610000000,-14.2049789429
1.2620000000,-14.8272514343
1.2630000000,-15.7642364502
1.2640000000,-15.6712532043
1.2650000000,-16.7512893677
1.2660000000,-17.0230865479
1.2670000000,-17.3878669739
1.2680000000,-16.9587135315
1.2690000000,-17.6453590393
1.2700000000,-18.5894966125
1.2710000000,-18.5894966125
1.2720000000,-19.4621086121
1.2730000000,-20.1773643494
1.2740000000,-19.2260742188
1.2750000000,-19.8268890381
1.2760000000,-20.8497047424
1.2770000000,-20.7567214966
1.2780000000,-21.5506553650
1.2790000000,-22.0012664795
1.2800000000,-21.2788581848
1.2810000000,-22.2015380859
1.2820000000,-22.3088264465
1.2830000000,-23.0026245117
1.2840000000,-23.8609313965
1.2850000000,-22.7022171021
1.2860000000,-23.5033035278
1.2870000000,-23.8180160522
1.2880000000,-24.6691703796
1.2890000000,-24.9409675598
1.2900000000,-24.3186950684
1.2910000000,-24.5404243469
1.2920000000,-25.1483917236
1.2930000000,-26.4072418213
1.2940000000,-25.7205963135
1.2950000000,-25.4273414612
1.2960000000,-25.7992744446
1.2970000000,-26.9508361816
1.2980000000,-27.5874137878
1.2990000000,-26.0138511658
1.3000000000,-27.0652770996
1.3010000000,-27.2369384766
1.3020000000,-28.2669067383
1.3030000000,-27.1224975586
1.3040000000,-27.5802612305
1.3050000000,-28.0594825745
1.3060000000,-28.7961959839
1.3070000000,-28.3455848694
1.3080000000,-28.2883644104
1.3090000000,-28.3741950989
1.3100000000,-30.0121307373
1.3110000000,-29.2754173279
1.3120000000,-28.8891792297
1.3130000000,-29.0322303772
1.3140000000,-30.4412841797
1.3150000000,-29.9477577209
1.3160000000,-29.0822982788
1.3170000000,-29.7904014587
1.3180000000,-30.6916236877
1.3190000000,-30.2052497864
1.3200000000,-29.5329093933
1.3210000000,-30.0335884094
1.3220000000,-31.1851501465
1.3230000000,-29.9334526062
1.3240000000,-29.7331809998
1.3250000000,-29.9835205078
1.3260000000,-31.1493873596
1.3270000000,-29.7832489014
1.3280000000,-29.4113159180
1.3290000000,-29.9906730652
1.3300000000,-31.0850143433
1.3310000000,-28.8319587708
1.3320000000,-29.5042991638
1.3330000000,-29.1967391968
1.3340000000,-30.8847427368
1.3350000000,-28.3956527710
1.3360000000,-29.0107727051
1.3370000000,-28.8319587708
1.3380000000,-30.0264358521
1.3390000000,-28.5315513611
1.3400000000,-28.1453132629
1.3410000000,-28.7246704102
1.3420000000,-29.5829772949
1.3430000000,-28.1882286072
1.3440000000,-27.9593467712
1.3450000000,-28.1739234924
1.3460000000,-29.4899940491
1.3470000000,-27.8878211975
1.3480000000,-28.0022621155
1.3490000000,-27.8592109680
1.3500000000,-28.4385681152
1.3510000000,-27.6231765747
1.3520000000,-27.0080566406
1.3530000000,-27.2727012634
1.3540000000,-27.3442268372
1.3550000000,-27.0795822144
1.3560000000,-26.1354446411
1.3570000000,-25.7706642151
1.3580000000,-26.1926651001
1.3590000000,-26.2212753296
1.3600000000,-24.9910354614
1.3610000000,-24.6047973633
1.3620000000,-24.2543220520
1.3630000000,-24.8265266418
1.3640000000,-25.0625610352
1.3650000000,-22.8166580200
1.3660000000,-23.0383872986
1.3670000000,-23.0956077576
1.3680000000,-22.6736068726
1.3690000000,-23.4961509705
1.3700000000,-21.2502479553
1.3710000000,-21.0070610046
1.3720000000,-21.5792655945
1.3730000000,-20.7424163818
1.3740000000,-20.9999084473
1.3750000000,-20.2274322510
1.3760000000,-19.5121765137
1.3770000000,-18.9113616943
1.3780000000,-18.5179710388
1.3790000000,-18.8255310059
1.3800000000,-18.4893608093
1.3810000000,-17.8313255310
1.3820000000,-16.6940689087
1.3830000000,-16.6010856628
1.3840000000,-16.1290168762
1.3850000000,-15.5997276306
1.3860000000,-15.7499313354
1.3870000000,-15.1848793030
1.3880000000,-15.2134895325
1.3890000000,-13.5898590088
1.3900000000,-12.8602981567
1.3910000000,-12.6171112061
1.3920000000,-12.8388404846
1.3930000000,-12.4025344849
1.3940000000,-11.2438201904
1.3950000000,-11.1150741577
1.3960000000,-10.7860565186
1.3970000000,-10.5786323547
1.3980000000,-10.1137161255
1.3990000000,-8.8405609131
1.4000000000,-8.0108642578
1.4010000000,-7.8320503235
1.4020000000,-7.4243545532
1.4030000000,-6.9379806519
1.4040000000,-6.7806243896
1.4050000000,-6.2227249146
1.4060000000,-5.6004524231
1.4070000000,-4.9352645874
1.4080000000,-4.2486190796
1.4090000000,-3.8123130798
1.4100000000,-3.3688545227
1.4110000000,-2.8395652771
1.4120000000,-2.4461746216
1.4130000000,-1.9168853760
1.4140000000,-1.4019012451
1.4150000000,-0.8726119995
1.4160000000,-0.3290176392
1.4170000000,0.0572204590
1.4180000000,0.2503395081
1.4190000000,0.2646446228
1.4200000000,0.2431869507
1.4210000000,0.3218650818
1.4220000000,0.5364418030
1.4230000000,0.8082389832
1.4240000000,1.1873245239
1.4250000000,1.4591217041
1.4260000000,1.9025802612
1.4270000000,2.3674964905
1.4280000000,2.8395652771
1.4290000000,3.6835670471
1.4300000000,4.1627883911
1.4310000000,5.0783157349
1.4320000000,5.7864189148
1.4330000000,6.3872337341
1.4340000000,7.0238113403
1.4350000000,7.6031684875
1.4360000000,8.4614753723
1.4370000000,9.0050697327
1.4380000000,9.4485282898
1.4390000000,10.3998184204
1.4400000000,11.1865997314
1.4410000000,11.3296508789
1.4420000000,12.1951103210
1.4430000000,12.0806694031
1.4440000000,12.8173828125
1.4450000000,13.6470794678
1.4460000000,14.2550468445
1.4470000000,14.6913528442
1.4480000000,15.6712532043
1.4490000000,16.4079666138
1.4500000000,16.4508819580
1.4510000000,16.3078308105
1.4520000000,17.4951553345
1.4530000000,17.5166130066
1.4540000000,17.9243087769
1.4550000000,19.8054313660
1.4560000000,19.5622444153
1.4570000000,19.1330909729
1.4580000000,20.0772285461
1.4590000000,20.1702117920
1.4600000000,20.5278396606
1.4610000000,22.2516059875
1.4620000000,21.9511985779
1.4630000000,21.4433670044
1.4640000000,22.0298767090
1.4650000000,22.7737426758
1.4660000000,23.3960151672
1.4670000000,23.9181518555
1.4680000000,23.4603881836
1.4690000000,23.6463546753
1.4700000000,24.3186950684
1.4710000000,25.5274772644
1.4720000000,25.3486633301
1.4730000000,24.8265266418
1.4740000000,25.4988670349
1.4750000000,25.5489349365
1.4760000000,27.5301933289
1.4770000000,25.9137153625
1.4780000000,26.9365310669
1.4790000000,26.2713432312
1.4800000000,28.0451774597
1.4810000000,27.6231765747
1.4820000000,27.0867347717
1.4830000000,27.5731086731
1.4840000000,28.3670425415
1.4850000000,28.9607048035
1.4860000000,27.7447700500
1.4870000000,28.2239913940
1.4880000000,28.9535522461
1.4890000000,29.8619270325
1.4900000000,28.5243988037
1.4910000000,29.1180610657
1.4920000000,29.6616554260
1.4930000000,30.9133529663
1.4940000000,29.4041633606
1.4950000000,29.8261642456
1.4960000000,30.6415557861
1.4970000000,31.1636924744
1.4980000000,29.6831130981
1.4990000000,30.1766395569
1.5000000000,30.8990478516
1.5010000000,30.9491157532
1.5020000000,29.5186042786
1.5030000000,29.7617912292
1.5040000000,30.9562683105
1.5050000000,30.0335884094
1.5060000000,29.5758247375
1.5070000000,29.1538238525
1.5080000000,30.2481651306
1.5090000000,29.4613838196
1.5100000000,29.4399261475
1.5110000000,28.8462638855
1.5120000000,29.5257568359
1.5130000000,29.5114517212
1.5140000000,28.5458564758
1.5150000000,28.6388397217
1.5160000000,29.3898582458
1.5170000000,29.0107727051
1.5180000000,27.9092788696
1.5190000000,28.0380249023
1.5200000000,29.1037559509
1.5210000000,28.4171104431
1.5220000000,27.6231765747
1.5230000000,27.1868705750
1.5240000000,28.2239913940
1.5250000000,28.0022621155
1.5260000000,26.5359878540
1.5270000000,26.6933441162
1.5280000000,26.4573097229
1.5290000000,27.5444984436
1.5300000000,25.8350372314
1.5310000000,25.6133079529
1.5320000000,25.4416465759
1.5330000000,25.8851051331
1.5340000000,25.6490707397
1.5350000000,23.9109992981
1.5360000000,23.7464904785
1.5370000000,23.6034393311
1.5380000000,24.7049331665
1.5390000000,23.2887268066
1.5400000000,22.0513343811
1.5410000000,22.1586227417
1.5420000000,21.4290618896
1.5430000000,22.0441818237
1.5440000000,21.3432312012
1.5450000000,20.2631950378
1.5460000000,20.3061103821
1.5470000000,19.3691253662
1.5480000000,18.9828872681
1.5490000000,19.1903114319
1.5500000000,18.6038017273
1.5510000000,17.8885459900
1.5520000000,17.0445442200
1.5530000000,16.5939331055
1.5540000000,16.5009498596
1.5550000000,15.9358978271
1.5560000000,16.0861015320
1.5570000000,15.0346755981
1.5580000000,14.4195556641
1.5590000000,13.2966041565
1.5600000000,13.1106376648
1.5610000000,12.6171112061
1.5620000000,12.3882293701
1.5630000000,11.6014480591
1.5640000000,11.3940238953
1.5650000000,11.2366676331
1.5660000000,9.9992752075
1.5670000000,9.3269348145
1.5680000000,8.7261199951
1.5690000000,7.9464912415
1.5700000000,7.5960159302
1.5710000000,7.1883201599
1.5720000000,6.7806243896
1.5730000000,6.0510635376
1.5740000000,5.2356719971
1.5750000000,4.7278404236
1.5760000000,4.3129920959
1.5770000000,3.7336349487
1.5780000000,3.0755996704
1.5790000000,2.5320053101
1.5800000000,1.9812583923
1.5810000000,1.4162063599
1.5820000000,0.8296966553
1.5830000000,0.3004074097
1.5840000000,-0.1788139343
1.5850000000,-0.3504753113
1.5860000000,-0.5221366882
1.5870000000,-0.6580352783
1.5880000000,-0.8511543274
1.5890000000,-0.9155273438
1.5900000000,-1.1444091797
1.5910000000,-1.4019012451
1.5920000000,-1.7881393433
1.5930000000,-2.1457672119
1.5940000000,-2.5749206543
1.5950000000,-3.1185150146
1.5960000000,-3.7837028503
1.5970000000,-4.6133995056
1.5980000000,-5.4430961609
1.5990000000,-6.5660476685
1.6000000000,-7.3885917664
1.6010000000,-8.0609321594
1.6020000000,-8.6116790771
1.6030000000,-9.5987319946
1.6040000000,-10.4928016663
1.6050000000,-11.0864639282
1.6060000000,-12.1021270752
1.6070000000,-12.0091438293
1.6080000000,-12.4883651733
1.6090000000,-13.3824348450
1.6100000000,-14.3480300903
1.6110000000,-14.9774551392
1.6120000000,-15.1634216309
1.6130000000,-16.3078308105
1.6140000000,-16.8943405151
1.6150000000,-16.8228149414
1.6160000000,-17.4450874329
1.6170000000,-17.7597999573
1.6180000000,-18.3963775635
1.6190000000,-19.5765495300
1.6200000000,-20.1630592346
1.6210000000,-20.2274322510
1.6220000000,-20.2488899231
1.6230000000,-20.5421447754
1.6240000000,-21.1000442505
1.6250000000,-22.3803520203
1.6260000000,-23.3387947083
1.6270000000,-21.9440460205
1.6280000000,-22.2873687744
1.6290000000,-23.6678123474
1.6300000000,-23.7393379211
1.6310000000,-25.4917144775
1.6320000000,-23.8108634949
1.6330000000,-24.2328643799
1.6340000000,-25.1984596252
1.6350000000,-25.8207321167
1.6360000000,-26.5073776245
1.6370000000,-25.5632400513
1.6380000000,-25.8278846741
1.6390000000,-26.7577171326
1.6400000000,-27.7233123779
1.6410000000,-26.8721580505
1.6420000000,-26.9436836243
1.6430000000,-27.3585319519
1.6440000000,-28.8534164429
1.6450000000,-28.3956527710
1.6460000000,-27.6374816895
1.6470000000,-28.6030769348
1.6480000000,-29.1895866394
1.6490000000,-29.6473503113
1.6500000000,-28.2883644104
1.6510000000,-29.3612480164
1.6520000000,-29.9763679504
1.6530000000,-29.9906730652
1.6540000000,-29.3254852295
1.6550000000,-29.4256210327
1.6560000000,-30.9348106384
1.6570000000,-30.0335884094
1.6580000000,-29.6902656555
1.6590000000,-29.6187400818
1.6600000000,-31.1064720154
1.6610000000,-29.9477577209
1.6620000000,-29.4971466064
1.6630000000,-29.6902656555
1.6640000000,-30.9705734253
1.6650000000,-29.3612480164
1.6660000000,-29.2968750000
1.6670000000,-29.2539596558
1.6680000000,-30.4913520813
1.6690000000,-29.0894508362
1.6700000000,-28.5887718201
1.6710000000,-28.8248062134
1.6720000000,-29.9835205078
1.6730000000,-28.4886360168
1.6740000000,-28.0523300171
1.6750000000,-28.0666351318
1.6760000000,-29.3827056885
1.6770000000,-27.9378890991
1.6780000000,-27.7161598206
1.6790000000,-27.7876853943
1.6800000000,-28.1023979187
1.6810000000,-27.9307365417
1.6820000000,-26.8292427063
1.6830000000,-27.4300575256
1.6840000000,-27.1797180176
1.6850000000,-27.1654129028
1.6860000000,-25.9852409363
1.6870000000,-25.5632400513
1.6880000000,-25.6347656250
1.6890000000,-26.0996818542
1.6900000000,-24.9624252319
1.6910000000,-24.1398811340
1.6920000000,-23.8394737244
1.6930000000,-23.9539146423
1.6940000000,-24.1470336914
1.6950000000,-22.5520133972
1.6960000000,-21.5363502502
1.6970000000,-22.3088264465
1.6980000000,-21.1071968079
1.6990000000,-21.4791297913
1.7000000000,-21.2287902832
1.7010000000,-19.1760063171
1.7020000000,-19.2117691040
1.7030000000,-19.2260742188
1.7040000000,-18.3892250061
1.7050000000,-18.3534622192
1.7060000000,-17.8742408752
1.7070000000,-16.4580345154
1.7080000000,-16.1576271057
1.7090000000,-15.6140327454
1.7100000000,-14.9488449097
1.7110000000,-15.0704383850
1.7120000000,-14.5697593689
1.7130000000,-13.8401985168
1.7140000000,-12.8102302551
1.7150000000,-11.8732452393
1.7160000000,-11.7731094360
1.7170000000,-10.8218193054
1.7180000000,-10.4784965515
1.7190000000,-9.7990036011
1.7200000000,-9.2196464539
1.7210000000,-8.8906288147
1.7220000000,-8.3327293396
1.7230000000,-7.4028968811
1.7240000000,-6.7877769470
1.7250000000,-6.2584877014
1.7260000000,-5.6648254395
1.7270000000,-4.7349929810
1.7280000000,-3.9625167847
1.7290000000,-3.2901763916
1.7300000000,-2.7894973755
1.7310000000,-2.1958351135
1.7320000000,-1.6307830811
1.7330000000,-1.0228157043
1.7340000000,-0.4148483276
1.7350000000,0.1072883606
1.7360000000,0.3433227539
1.7370000000,0.4005432129
1.7380000000,0.3933906555
1.7390000000,0.5364418030
1.7400000000,0.8797645569
1.7410000000,1.3375282288
1.7420000000,1.7452239990
1.7430000000,2.3818016052
1.7440000000,2.9110908508
1.7450000000,3.8266181946
1.7460000000,4.6920776367
1.7470000000,5.6147575378
1.7480000000,6.2656402588
1.7490000000,6.8020820618
1.7500000000,7.4172019958
1.7510000000,8.4042549133
1.7520000000,8.9049339294
1.7530000000,9.8419189453
1.7540000000,10.9720230103
1.7550000000,11.6300582886
1.7560000000,11.7659568787
1.7570000000,12.6528739929
1.7580000000,13.6399269104
1.7590000000,15.3064727783
1.7600000000,14.8558616638
1.7610000000,15.1348114014
1.7620000000,15.7856941223
1.7630000000,17.0230865479
1.7640000000,17.0946121216
1.7650000000,17.9457664490
1.7660000000,19.2832946777
1.7670000000,19.5550918579
1.7680000000,19.5479393005
1.7690000000,19.8411941528
1.7700000000,20.6422805786
1.7710000000,21.2788581848
1.7720000000,22.4518775940
1.7730000000,22.6020812988
1.7740000000,21.9869613647
1.7750000000,22.8238105774
1.7760000000,23.1456756592
1.7770000000,25.4416465759
1.7780000000,24.0254402161
1.7790000000,24.4617462158
1.7800000000,24.6548652649
1.7810000000,25.2342224121
1.7820000000,27.1439552307
1.7830000000,25.3844261169
1.7840000000,26.4930725098
1.7850000000,26.4072418213
1.7860000000,27.8091430664
1.7870000000,27.8377532959
1.7880000000,26.8435478210
1.7890000000,27.6660919189
1.7900000000,28.5100936890
1.7910000000,29.1609764099
1.7920000000,27.8878211975
1.7930000000,28.8248062134
1.7940000000,29.2325019836
1.7950000000,30.2767753601
1.7960000000,29.3469429016
1.7970000000,29.6401977539
1.7980000000,30.2052497864
1.7990000000,30.7989120483
1.8000000000,29.7832489014
1.8010000000,29.9191474915
1.8020000000,30.7631492615
1.8030000000,30.9205055237
1.8040000000,29.3827056885
1.8050000000,29.8190116882
1.8060000000,30.6487083435
1.8070000000,30.4770469666
1.8080000000,29.2110443115
1.8090000000,29.2825698853
1.8100000000,30.2767753601
1.8110000000,29.4971466064
1.8120000000,29.3183326721
1.8130000000,28.5530090332
1.8140000000,29.8047065735
1.8150000000,29.0966033936
1.8160000000,28.7318229675
1.8170000000,28.1667709351
1.8180000000,29.1252136230
1.8190000000,28.9177894592
1.8200000000,27.4801254272
1.8210000000,27.7662277222
1.8220000000,28.2597541809
1.8230000000,28.4099578857
1.8240000000,26.6861915588
1.8250000000,26.7076492310
1.8260000000,26.8864631653
1.8270000000,27.7805328369
1.8280000000,25.5703926086
1.8290000000,25.9423255920
1.8300000000,24.8265266418
1.8310000000,26.6361236572
1.8320000000,24.7478485107
1.8330000000,24.0325927734
1.8340000000,23.7464904785
1.8350000000,23.4675407410
1.8360000000,24.0755081177
1.8370000000,23.1170654297
1.8380000000,21.4791297913
1.8390000000,21.3003158569
1.8400000000,21.1787223816
1.8410000000,21.2359428406
1.8420000000,20.5922126770
1.8430000000,19.5193290710
1.8440000000,18.5465812683
1.8450000000,18.2390213013
1.8460000000,17.7955627441
1.8470000000,17.5666809082
1.8480000000,17.3664093018
1.8490000000,16.2005424500
1.8500000000,15.1062011719
1.8510000000,15.0346755981
1.8520000000,14.1620635986
1.8530000000,13.4754180908
1.8540000000,12.7243995667
1.8550000000,12.8030776978
1.8560000000,12.3238563538
1.8570000000,10.9291076660
1.8580000000,10.5214118958
1.8590000000,9.4413757324
1.8600000000,9.0122222900
1.8610000000,8.5616111755
1.8620000000,7.8034400940
1.8630000000,6.9379806519
1.8640000000,6.2870979309
1.8650000000,5.7649612427
1.8660000000,5.1712989807
1.8670000000,4.3630599976
1.8680000000,3.6478042603
1.8690000000,2.9325485229
1.8700000000,2.3174285889
1.8710000000,1.6307830811
1.8720000000,0.9584426880
1.8730000000,0.2288818359
1.8740000000,-0.2646446228
1.8750000000,-0.6079673767
1.8760000000,-0.8296966553
1.8770000000,-0.9441375732
1.8780000000,-1.1086463928
1.8790000000,-1.2731552124
1.8800000000,-1.6379356384
1.8810000000,-2.0742416382
1.8820000000,-2.4247169495
1.8830000000,-3.0398368835
1.8840000000,-3.8552284241
1.8850000000,-4.8708915710
1.8860000000,-5.7649612427
1.8870000000,-6.5803527832
1.8880000000,-7.6317787170
1.8890000000,-8.7261199951
1.8900000000,-9.4771385193
1.8910000000,-10.2925300598
1.8920000000,-11.6515159607
1.8930000000,-12.2594833374
1.8940000000,-13.1320953369
1.8950000000,-13.4396553040
1.8960000000,-13.8258934021
1.8970000000,-14.8630142212
1.8980000000,-15.4566764832
1.8990000000,-16.2291526794
1.9000000000,-17.3735618591
1.9010000000,-18.1603431702
1.9020000000,-19.2189216614
1.9030000000,-17.9529190063
1.9040000000,-18.7540054321
1.9050000000,-20.5636024475
1.9060000000,-20.3347206116
1.9070000000,-21.7151641846
1.9080000000,-22.4661827087
1.9090000000,-21.1143493652
1.9100000000,-22.4590301514
1.9110000000,-22.8238105774
1.9120000000,-23.9539146423
1.9130000000,-24.6119499207
1.9140000000,-23.8823890686
1.9150000000,-24.1971015930
1.9160000000,-24.8908996582
1.9170000000,-26.4573097229
1.9180000000,-25.9852409363
1.9190000000,-25.8636474609
1.9200000000,-26.2069702148
1.9210000000,-27.5015830994
1.9220000000,-28.2597541809
1.9230000000,-26.8864631653
1.9240000000,-27.9879570007
1.9250000000,-28.1453132629
1.9260000000,-29.1395187378
1.9270000000,-27.9951095581
1.9280000000,-28.8248062134
1.9290000000,-29.2110443115
1.9300000000,-29.7904014587
1.9310000000,-29.1323661804
1.9320000000,-29.0322303772
1.9330000000,-29.8690795898
1.9340000000,-30.6987762451
1.9350000000,-29.4399261475
1.9360000000,-29.2897224426
1.9370000000,-30.0049781799
1.9380000000,-31.2137603760
1.9390000000,-28.8033485413
1.9400000000,-29.8905372620
1.9410000000,-29.5186042786
1.9420000000,-31.1851501465
1.9430000000,-28.4600257874
1.9440000000,-29.5543670654
1.9450000000,-29.3540954590
1.9460000000,-30.2839279175
1.9470000000,-28.6960601807
1.9480000000,-28.3241271973
1.9490000000,-29.1681289673
1.9500000000,-29.4756889343
1.9510000000,-27.9736518860
1.9520000000,-27.5802612305
1.9530000000,-28.1524658203
1.9540000000,-28.9535522461
1.9550000000,-26.9937515259
1.9560000000,-27.3871421814
1.9570000000,-26.9937515259
1.9580000000,-27.6732444763
1.9590000000,-26.6790390015
1.9600000000,-26.1068344116
1.9610000000,-26.3285636902
1.9620000000,-26.1282920837
1.9630000000,-25.9566307068
1.9640000000,-24.6262550354
1.9650000000,-24.0826606750
1.9660000000,-23.8609313965
1.9670000000,-24.3902206421
1.9680000000,-23.5104560852
1.9690000000,-22.3445892334
1.9700000000,-21.6794013977
1.9710000000,-21.2216377258
1.9720000000,-21.4648246765
1.9730000000,-21.4362144470
1.9740000000,-19.2618370056
1.9750000000,-18.4965133667
1.9760000000,-18.9685821533
1.9770000000,-17.7741050720
1.9780000000,-17.4450874329
1.9790000000,-17.5023078918
1.9800000000,-16.4437294006
1.9810000000,-14.7485733032
1.9820000000,-14.2693519592
1.9830000000,-14.4982337952
1.9840000000,-13.4825706482
1.9850000000,-12.4955177307
1.9860000000,-12.3667716980
1.9870000000,-11.5227699280
1.9880000000,-11.0220909119
1.9890000000,-9.6702575684
1.9900000000,-8.8047981262
1.9910000000,-8.4543228149
1.9920000000,-7.7605247498
1.9930000000,-6.8807601929
1.9940000000,-6.2942504883
1.9950000000,-5.6147575378
1.9960000000,-4.8279762268
1.9970000000,-4.0769577026
1.9980000000,-3.3402442932
1.9990000000,-2.6035308838
2.0000000000,-1.8239021301
2.0010000000,-1.1873245239
2.0020000000,-0.4148483276
2.0030000000,0.2074241638
2.0040000000,0.4434585571
2.0050000000,0.4720687866
2.0060000000,0.5006790161
2.0070000000,0.7796287537
2.0080000000,1.2302398682
2.0090000000,1.8024444580
2.0100000000,2.4676322937
2.0110000000,3.1185150146
2.0120000000,3.9410591125
2.0130000000,4.8494338989
2.0140000000,5.8221817017
2.0150000000,6.5588951111
2.0160000000,7.5030326843
2.0170000000,8.6331367493
2.0180000000,9.2697143555
2.0190000000,10.0922584534
2.0200000000,11.4083290100
2.0210000000,11.9733810425
2.0220000000,12.8245353699
2.0230000000,13.3180618286
2.0240000000,13.6971473694
2.0250000000,14.8916244507
2.0260000000,15.6140327454
2.0270000000,16.4008140564
2.0280000000,17.8241729736
2.0290000000,18.2175636292
2.0300000000,18.3963775635
2.0310000000,18.8255310059
2.0320000000,19.8841094971
2.0330000000,20.0271606445
2.0340000000,22.0584869385
2.0350000000,22.1085548401
2.0360000000,21.5506553650
2.0370000000,23.0956077576
2.0380000000,22.7165222168
2.0390000000,24.0683555603
2.0400000000,24.9052047729
2.0410000000,24.1827964783
2.0420000000,24.8193740845
2.0430000000,25.3987312317
2.0440000000,26.5645980835
2.0450000000,26.7291069031
2.0460000000,25.9280204773
2.0470000000,26.7577171326
2.0480000000,27.4872779846
2.0490000000,28.7032127380
2.0500000000,27.5015830994
2.0510000000,28.3813476563
2.0520000000,28.4457206726
2.0530000000,30.0693511963
2.0540000000,29.1466712952
2.0550000000,29.5543670654
2.0560000000,29.5543670654
2.0570000000,30.7774543762
2.0580000000,29.9692153931
2.0590000000,29.7760963440
2.0600000000,30.3339958191
2.0610000000,31.2566757202
2.0620000000,29.5829772949
2.0630000000,29.7617912292
2.0640000000,30.3626060486
2.0650000000,30.7273864746
2.0660000000,29.3684005737
2.0670000000,29.1752815247
2.0680000000,30.0121307373
2.0690000000,29.8905372620
2.0700000000,28.9607048035
2.0710000000,28.7461280823
2.0720000000,29.5114517212
2.0730000000,29.5543670654
2.0740000000,28.1739234924
2.0750000000,28.2740592957
2.0760000000,28.5029411316
2.0770000000,28.9821624756
2.0780000000,27.4014472961
2.0790000000,27.2727012634
2.0800000000,27.3013114929
2.0810000000,28.2526016235
2.0820000000,26.5789031982
2.0830000000,26.4573097229
2.0840000000,25.4130363464
2.0850000000,27.2798538208
2.0860000000,25.3200531006
2.0870000000,24.6834754944
2.0880000000,24.1756439209
2.0890000000,23.8394737244
2.0900000000,24.7979164124
2.0910000000,23.1027603149
2.0920000000,22.2444534302
2.0930000000,21.7652320862
2.0940000000,21.5220451355
2.0950000000,21.8868255615
2.0960000000,20.8640098572
2.0970000000,19.2189216614
2.0980000000,18.7826156616
2.0990000000,18.3320045471
2.1000000000,17.6525115967
2.1010000000,18.0459022522
2.1020000000,16.7298316956
2.1030000000,15.6998634338
2.1040000000,14.6412849426
2.1050000000,14.4982337952
2.1060000000,13.3895874023
2.1070000000,12.9103660583
2.1080000000,12.0019912720
2.1090000000,12.0019912720
2.1100000000,11.1651420593
2.1110000000,9.8276138306
2.1120000000,9.2768669128
2.1130000000,8.1610679626
2.1140000000,7.4386596680
2.1150000000,6.9522857666
2.1160000000,6.2513351440
2.1170000000,5.4001808167
2.1180000000,4.4846534729
2.1190000000,3.6191940308
2.1200000000,2.8610229492
2.1210000000,2.0956993103
2.1220000000,1.4019012451
2.1230000000,0.6937980652
2.1240000000,0.0071525574
2.1250000000,-0.4792213440
2.1260000000,-0.9083747864
2.1270000000,-1.1086463928
2.1280000000,-1.2946128845
2.1290000000,-1.5449523926
2.1300000000,-1.8596649170
2.1310000000,-2.3460388184
2.1320000000,-2.8896331787
2.1330000000,-3.6191940308
2.1340000000,-4.6205520630
2.1350000000,-5.6433677673
2.1360000000,-6.6447257996
2.1370000000,-7.5244903564
2.1380000000,-8.7189674377
2.1390000000,-10.1423263550
2.1400000000,-10.7431411743
2.1410000000,-11.8374824524
2.1420000000,-12.3023986816
2.1430000000,-12.9747390747
2.1440000000,-14.1692161560
2.1450000000,-14.8987770081
2.1460000000,-15.8143043518
2.1470000000,-16.7155265808
2.1480000000,-17.6382064819
2.1490000000,-18.4178352356
2.1500000000,-18.2962417603
2.1510000000,-19.0973281860
2.1520000000,-19.8411941528
2.1530000000,-20.6351280212
2.1540000000,-21.9941139221
2.1550000000,-22.7594375610
2.1560000000,-21.7080116272
2.1570000000,-22.4876403809
2.1580000000,-23.2243537903
2.1590000000,-24.3759155273
2.1600000000,-25.6061553955
2.1610000000,-23.9682197571
2.1620000000,-25.3057479858
2.1630000000,-25.5131721497
2.1640000000,-27.2083282471
2.1650000000,-26.8363952637
2.1660000000,-26.4072418213
2.1670000000,-27.2870063782
2.1680000000,-28.1810760498
2.1690000000,-28.6531448364
2.1700000000,-27.8735160828
2.1710000000,-28.1095504761
2.1720000000,-29.3254852295
2.1730000000,-30.0264358521
2.1740000000,-28.4957885742
2.1750000000,-29.2396545410
2.1760000000,-29.8833847046
2.1770000000,-30.7631492615
2.1780000000,-28.5816192627
2.1790000000,-29.9763679504
2.1800000000,-29.9406051636
2.1810000000,-30.6200981140
2.1820000000,-29.0250778198
2.1830000000,-29.5042991638
2.1840000000,-30.2338600159
2.1850000000,-30.1194190979
2.1860000000,-29.0894508362
2.1870000000,-28.8748741150
2.1880000000,-29.9978256226
2.1890000000,-29.8047065735
2.1900000000,-28.1596183777
2.1910000000,-28.4600257874
2.1920000000,-28.9320945740
2.1930000000,-29.0393829346
2.1940000000,-27.3227691650
2.1950000000,-27.8878211975
2.1960000000,-27.8449058533
2.1970000000,-27.7519226074
2.1980000000,-26.6575813293
2.1990000000,-26.6003608704
2.2000000000,-26.5789031982
2.2010000000,-26.8864631653
2.2020000000,-25.7349014282
2.2030000000,-25.1340866089
2.2040000000,-24.7335433960
2.2050000000,-25.1412391663
2.2060000000,-25.2914428711
2.2070000000,-23.0669975281
2.2080000000,-22.6449966431
2.2090000000,-22.3016738892
2.2100000000,-22.1943855286
2.2110000000,-22.1872329712
2.2120000000,-20.1916694641
2.2130000000,-19.6194648743
2.2140000000,-19.7124481201
2.2150000000,-18.4535980225
2.2160000000,-18.3320045471
2.2170000000,-17.5452232361
2.2180000000,-16.2291526794
2.2190000000,-15.7999992371
2.2200000000,-14.9631500244
2.2210000000,-14.3623352051
2.2220000000,-13.4611129761
2.2230000000,-13.1750106812
2.2240000000,-12.1593475342
2.2250000000,-11.3224983215
2.2260000000,-10.5428695679
2.2270000000,-9.3412399292
2.2280000000,-8.6116790771
2.2290000000,-8.0823898315
2.2300000000,-7.1239471436
2.2310000000,-6.1297416687
2.2320000000,-5.5360794067
2.2330000000,-4.7636032104
2.2340000000,-3.8337707520
2.2350000000,-2.9897689819
2.2360000000,-2.1100044250
2.2370000000,-1.3303756714
2.2380000000,-0.5364418030
2.2390000000,0.2431869507
2.2400000000,0.4005432129
2.2410000000,0.4792213440
2.2420000000,0.6794929504
2.2430000000,1.0442733765
2.2440000000,1.5377998352
2.2450000000,2.1529197693
2.2460000000,2.8538703918
2.2470000000,3.7550926208
2.2480000000,4.6491622925
2.2490000000,5.6362152100
2.2500000000,6.5088272095
2.2510000000,7.7176094055
2.2520000000,8.5544586182
2.2530000000,9.3913078308
2.2540000000,10.8790397644
2.2550000000,11.9519233704
2.2560000000,12.1521949768
2.2570000000,13.1607055664
2.2580000000,13.6113166809
2.2590000000,14.9917602539
2.2600000000,15.5997276306
2.2610000000,16.5295600891
2.2620000000,17.5738334656
2.2630000000,19.0114974976
2.2640000000,18.9256668091
2.2650000000,19.1116333008
2.2660000000,20.4920768738
2.2670000000,20.6136703491
2.2680000000,22.0727920532
2.2690000000,23.1027603149
2.2700000000,22.5448608398
2.2710000000,23.4103202820
2.2720000000,23.6749649048
2.2730000000,24.9266624451
2.2740000000,25.8636474609
2.2750000000,25.0124931335
2.2760000000,25.6705284119
2.2770000000,26.1926651001
2.2780000000,28.0737876892
2.2790000000,27.0867347717
2.2800000000,27.3799896240
2.2810000000,27.6947021484
2.2820000000,29.4542312622
2.2830000000,29.2754173279
2.2840000000,28.8748741150
2.2850000000,29.2897224426
2.2860000000,30.0621986389
2.2870000000,30.5414199829
2.2880000000,29.6616554260
2.2890000000,29.9620628357
2.2900000000,30.6129455566
2.2910000000,30.6057929993
2.2920000000,29.7117233276
2.2930000000,29.6616554260
2.2940000000,31.1207771301
2.2950000000,29.8261642456
2.2960000000,29.5114517212
2.2970000000,29.0751457214
2.2980000000,30.7273864746
2.2990000000,29.1109085083
2.3000000000,29.1180610657
2.3010000000,28.3026695251
2.3020000000,30.0621986389
2.3030000000,28.5887718201
2.3040000000,28.1453132629
2.3050000000,27.6732444763
2.3060000000,29.0465354919
2.3070000000,27.7519226074
2.3080000000,27.0009040833
2.3090000000,26.8006324768
2.3100000000,27.4300575256
2.3110000000,27.0795822144
2.3120000000,25.4702568054
2.3130000000,25.2556800842
2.3140000000,24.9910354614
2.3150000000,25.8708000183
2.3160000000,24.1971015930
2.3170000000,23.4317779541
2.3180000000,22.6521492004
2.3190000000,22.5234031677
2.3200000000,23.1599807739
2.3210000000,21.4719772339
2.3220000000,20.3418731689
2.3230000000,19.9913978577
2.3240000000,19.3548202515
2.3250000000,19.2189216614
2.3260000000,18.8827514648
2.3270000000,17.4593925476
2.3280000000,16.0574913025
2.3290000000,15.7356262207
2.3300000000,14.7557258606
2.3310000000,14.2836570740
2.3320000000,13.5612487793
2.3330000000,13.5397911072
2.3340000000,11.9161605835
2.3350000000,10.8861923218
2.3360000000,9.8705291748
2.3370000000,8.9263916016
2.3380000000,8.4614753723
2.3390000000,7.6818466187
2.3400000000,6.8306922913
2.3410000000,5.6719779968
2.3420000000,4.9281120300
2.3430000000,4.1341781616
2.3440000000,3.3688545227
2.3450000000,2.4104118347
2.3460000000,1.5091896057
2.3470000000,0.6508827209
2.3480000000,-0.0643730164
2.3490000000,-0.6079673767
2.3500000000,-1.0442733765
2.3510000000,-1.3804435730
2.3520000000,-1.5735626221
2.3530000000,-1.9741058350
2.3540000000,-2.3317337036
2.3550000000,-2.7966499329
2.3560000000,-3.4618377686
2.3570000000,-4.4131278992
2.3580000000,-5.6076049805
2.3590000000,-6.9308280945
2.3600000000,-8.0394744873
2.3610000000,-8.9478492737
2.3620000000,-9.9349021912
2.3630000000,-11.4583969116
2.3640000000,-12.3381614685
2.3650000000,-13.7400627136
2.3660000000,-13.7972831726
2.3670000000,-14.3766403198
2.3680000000,-15.2993202209
2.3690000000,-16.8514251709
2.3700000000,-17.2376632690
2.3710000000,-18.8755989075
2.3720000000,-19.6123123169
2.3730000000,-19.3262100220
2.3740000000,-20.2846527100
2.3750000000,-21.0714340210
2.3760000000,-21.7795372009
2.3770000000,-23.0884552002
2.3780000000,-23.3459472656
2.3790000000,-23.4889984131
2.3800000000,-24.1255760193
2.3810000000,-24.7263908386
2.3820000000,-25.9423255920
2.3830000000,-26.1926651001
2.3840000000,-25.5703926086
2.3850000000,-26.7076492310
2.3860000000,-27.3656845093
2.3870000000,-28.6245346069
2.3880000000,-27.1296501160
2.3890000000,-28.0094146729
2.3900000000,-28.6245346069
2.3910000000,-29.7546386719
2.3920000000,-28.5100936890
2.3930000000,-28.9821624756
2.3940000000,-29.4828414917
2.3950000000,-30.7273864746
2.3960000000,-29.0822982788
2.3970000000,-29.5114517212
2.3980000000,-29.6473503113
2.3990000000,-31.1565399170
2.4000000000,-29.1395187378
2.4010000000,-29.5472145081
2.4020000000,-29.7045707703
2.4030000000,-30.6844711304
2.4040000000,-28.7246704102
2.4050000000,-29.1681289673
2.4060000000,-29.4756889343
2.4070000000,-29.7117233276
2.4080000000,-28.4671783447
2.4090000000,-28.3741950989
2.4100000000,-28.6960601807
2.4110000000,-28.6602973938
2.4120000000,-27.5230407715
2.4130000000,-27.3513793945
2.4140000000,-27.2941589355
2.4150000000,-27.8234481812
2.4160000000,-26.3428688049
2.4170000000,-25.9065628052
2.4180000000,-25.6490707397
2.4190000000,-26.0496139526
2.4200000000,-26.1926651001
2.4210000000,-24.1327285767
2.4220000000,-24.1398811340
2.4230000000,-23.4389305115
2.4240000000,-23.9324569702
2.4250000000,-22.7665901184
2.4260000000,-21.6436386108
2.4270000000,-21.1429595947
2.4280000000,-20.3704833984
2.4290000000,-20.4205513000
2.4300000000,-19.4621086121
2.4310000000,-17.9958343506
2.4320000000,-17.5380706787
2.4330000000,-16.7012214661
2.4340000000,-16.0717964172
2.4350000000,-15.2063369751
2.4360000000,-14.6770477295
2.4370000000,-13.8330459595
2.4380000000,-13.0462646484
2.4390000000,-11.4154815674
2.4400000000,-10.7216835022
2.4410000000,-9.9062919617
2.4420000000,-9.1767311096
2.4430000000,-8.4757804871
2.4440000000,-7.4100494385
2.4450000000,-6.3800811768
2.4460000000,-5.5074691772
2.4470000000,-4.7063827515
2.4480000000,-3.8838386536
2.4490000000,-2.9754638672
2.4500000000,-2.0456314087
2.4510000000,-1.1444091797
2.4520000000,-0.2932548523
2.4530000000,0.3862380981
2.4540000000,0.6723403931
2.4550000000,0.9369850159
2.4560000000,1.2516975403
2.4570000000,1.7023086548
2.4580000000,2.3388862610
2.4590000000,3.1042098999
2.4600000000,3.9339065552
2.4610000000,4.9424171448
2.4620000000,5.9437751770
2.4630000000,7.2026252747
2.4640000000,8.3398818970
2.4650000000,9.2482566833
2.4660000000,10.0064277649
2.4670000000,11.2438201904
2.4680000000,12.1307373047
2.4690000000,13.9188766479
2.4700000000,14.4195556641
2.4710000000,15.0275230408
2.4720000000,15.4209136963
2.4730000000,16.9873237610
2.4740000000,17.4307823181
2.4750000000,18.3248519897
2.4760000000,20.1058387756
2.4770000000,20.6208229065
2.4780000000,20.5993652344
2.4790000000,21.4576721191
2.4800000000,22.0441818237
2.4810000000,23.0312347412
2.4820000000,24.7550010681
2.4830000000,24.0898132324
2.4840000000,24.4545936584
2.4850000000,25.1626968384
2.4860000000,26.3142585754
2.4870000000,27.2798538208
2.4880000000,26.2784957886
2.4890000000,27.1868705750
2.4900000000,27.5874137878
2.4910000000,29.5686721802
2.4920000000,28.3098220825
2.4930000000,28.9750099182
2.4940000000,29.0465354919
2.4950000000,30.3697586060
2.4960000000,30.0335884094
2.4970000000,29.6616554260
2.4980000000,30.0264358521
2.4990000000,30.9062004089
2.5000000000,30.2696228027
2.5010000000,29.7474861145
2.5020000000,29.9835205078
2.5030000000,31.2137603760
2.5040000000,29.4470787048
2.5050000000,29.4256210327
2.5060000000,29.6187400818
2.5070000000,30.4985046387
2.5080000000,28.7604331970
2.5090000000,29.0536880493
2.5100000000,28.6388397217
2.5110000000,29.4613838196
2.5120000000,28.3741950989
2.5130000000,27.9664993286
2.5140000000,27.6732444763
2.5150000000,28.1453132629
2.5160000000,27.4014472961
2.5170000000,26.5073776245
2.5180000000,26.2928009033
2.5190000000,27.2583961487
2.5200000000,25.8064270020
2.5210000000,24.8408317566
2.5220000000,24.3186950684
2.5230000000,24.1112709045
2.5240000000,24.7120857239
2.5250000000,22.8738784790
2.5260000000,22.1872329712
2.5270000000,21.3146209717
2.5280000000,20.9069252014
2.5290000000,21.6150283813
2.5300000000,19.9270248413
2.5310000000,18.4464454651
2.5320000000,18.2104110718
2.5330000000,17.1947479248
2.5340000000,16.5653228760
2.5350000000,16.4008140564
2.5360000000,15.5138969421
2.5370000000,14.2264366150
2.5380000000,12.8173828125
2.5390000000,11.9876861572
2.5400000000,11.3654136658
2.5410000000,10.3640556335
2.5420000000,9.7060203552
2.5430000000,8.6331367493
2.5440000000,7.6246261597
2.5450000000,7.0452690125
2.5460000000,6.1368942261
2.5470000000,5.0997734070
2.5480000000,3.8766860962
2.5490000000,2.9039382935
2.5500000000,1.8739700317
2.5510000000,0.9799003601
2.5520000000,0.0786781311
2.5530000000,-0.5722045898
2.5540000000,-1.0371208191
2.5550000000,-1.4233589172
2.5560000000,-1.7237663269
2.5570000000,-2.0742416382
2.5580000000,-2.5606155396
2.5590000000,-3.0326843262
2.5600000000,-3.9553642273
2.5610000000,-4.8208236694
2.5620000000,-5.9366226196
2.5630000000,-6.9594383240
2.5640000000,-8.3327293396
2.5650000000,-9.6344947815
2.5660000000,-10.6430053711
2.5670000000,-12.1951103210
2.5680000000,-12.9246711731
2.5690000000,-13.9403343201
2.5700000000,-15.2850151062
2.5710000000,-16.6368484497
2.5720000000,-16.5081024170
2.5730000000,-17.0946121216
2.5740000000,-18.1818008423
2.5750000000,-19.3476676941
2.5760000000,-20.4062461853
2.5770000000,-21.5721130371
2.5780000000,-21.8653678894
2.5790000000,-21.9583511353
2.5800000000,-23.1814384460
2.5810000000,-23.7464904785
2.5820000000,-25.2914428711
2.5830000000,-25.2485275269
2.5840000000,-25.0339508057
2.5850000000,-26.0782241821
2.5860000000,-26.7219543457
2.5870000000,-28.3384323120
2.5880000000,-26.7648696899
2.5890000000,-27.7233123779
2.5900000000,-28.1381607056
2.5910000000,-29.6044349670
2.5920000000,-28.4314155579
2.5930000000,-28.8534164429
2.5940000000,-29.4542312622
2.5950000000,-30.5700302124
2.5960000000,-29.2110443115
2.5970000000,-29.5829772949
2.5980000000,-29.8047065735
2.5990000000,-30.9991836548
2.6000000000,-29.3254852295
2.6010000000,-29.6187400818
2.6020000000,-29.6473503113
2.6030000000,-30.9062004089
2.6040000000,-28.8105010986
2.6050000000,-29.1323661804
2.6060000000,-29.1252136230
2.6070000000,-30.1194190979
2.6080000000,-28.0380249023
2.6090000000,-28.2239913940
2.6100000000,-28.1810760498
2.6110000000,-28.7747383118
2.6120000000,-27.2083282471
2.6130000000,-27.0295143127
2.6140000000,-26.7791748047
2.6150000000,-27.1725654602
2.6160000000,-25.9351730347
2.6170000000,-25.6562232971
2.6180000000,-25.1626968384
2.6190000000,-25.1340866089
2.6200000000,-25.3558158875
2.6210000000,-23.4675407410
2.6220000000,-22.9167938232
2.6230000000,-22.5806236267
2.6240000000,-22.2802162170
2.6250000000,-22.4089622498
2.6260000000,-20.3847885132
2.6270000000,-19.3619728088
2.6280000000,-19.2117691040
2.6290000000,-18.0029869080
2.6300000000,-17.9314613342
2.6310000000,-17.0159339905
2.6320000000,-15.7427787781
2.6330000000,-14.6627426147
2.6340000000,-13.8115882874
2.6350000000,-12.9461288452
2.6360000000,-12.0377540588
2.6370000000,-11.0149383545
2.6380000000,-10.4141235352
2.6390000000,-9.4413757324
2.6400000000,-8.2755088806
2.6410000000,-7.4601173401
2.6420000000,-6.5374374390
2.6430000000,-5.3286552429
2.6440000000,-4.3272972107
2.6450000000,-3.3688545227
2.6460000000,-2.4175643921
2.6470000000,-1.4662742615
2.6480000000,-0.4506111145
2.6490000000,0.3433227539
2.6500000000,0.7724761963
2.6510000000,1.0228157043
2.6520000000,1.3589859009
2.6530000000,1.8739700317
2.6540000000,2.5177001953
2.6550000000,3.4046173096
2.6560000000,4.4631958008
2.6570000000,5.6576728821
2.6580000000,6.7877769470
2.6590000000,7.6818466187
2.6600000000,8.7761878967
2.6610000000,10.1637840271
2.6620000000,10.8003616333
2.6630000000,11.7015838623
2.6640000000,13.1249427795
2.6650000000,13.9474868774
2.6660000000,15.1562690735
2.6670000000,15.9430503845
2.6680000000,17.5094604492
2.6690000000,18.1889533997
2.6700000000,18.4750556946
2.6710000000,19.4764137268
2.6720000000,20.3633308411
2.6730000000,21.3575363159
2.6740000000,23.1385231018
2.6750000000,22.5949287415
2.6760000000,23.2100486755
2.6770000000,23.9610671997
2.6780000000,24.9195098877
2.6790000000,26.6003608704
2.6800000000,25.6562232971
2.6810000000,26.7219543457
2.6820000000,26.9365310669
2.6830000000,28.3026695251
2.6840000000,28.6746025085
2.6850000000,28.3241271973
2.6860000000,28.9106369019
2.6870000000,29.7188758850
2.6880000000,30.1551818848
2.6890000000,29.3254852295
2.6900000000,29.6401977539
2.6910000000,31.3067436218
2.6920000000,30.0836563110
2.6930000000,29.8547744751
2.6940000000,29.5472145081
2.6950000000,31.2638282776
2.6960000000,29.8047065735
2.6970000000,29.7331809998
2.6980000000,29.2468070984
2.6990000000,30.0121307373
2.7000000000,29.6115875244
2.7010000000,28.9034843445
2.7020000000,28.6459922791
2.7030000000,29.1752815247
2.7040000000,28.7747383118
2.7050000000,27.7018547058
2.7060000000,27.4658203125
2.7070000000,28.4314155579
2.7080000000,27.1010398865
2.7090000000,26.3571739197
2.7100000000,25.8421897888
2.7110000000,26.0925292969
2.7120000000,26.0567665100
2.7130000000,24.2900848389
2.7140000000,24.2042541504
2.7150000000,23.0312347412
2.7160000000,23.7679481506
2.7170000000,22.7737426758
2.7180000000,21.0714340210
2.7190000000,20.8568572998
2.7200000000,19.8554992676
2.7210000000,19.2832946777
2.7220000000,19.6194648743
2.7230000000,17.8313255310
2.7240000000,16.4794921875
2.7250000000,15.9001350403
2.7260000000,14.9345397949
2.7270000000,14.3480300903
2.7280000000,13.1535530090
2.7290000000,12.9604339600
2.7300000000,11.9805335999
2.7310000000,10.1923942566
2.7320000000,9.3340873718
2.7330000000,7.9751014709
2.7340000000,7.0953369141
2.7350000000,6.2942504883
2.7360000000,5.3644180298
2.7370000000,4.3487548828
2.7380000000,3.2472610474
2.7390000000,2.1886825562
2.7400000000,1.1730194092
2.7410000000,0.2002716064
2.7420000000,-0.5292892456
2.7430000000,-1.1014938354
2.7440000000,-1.4519691467
2.7450000000,-1.7523765564
2.7460000000,-2.2029876709
2.7470000000,-2.6464462280
2.7480000000,-3.2973289490
2.7490000000,-4.2128562927
2.7500000000,-5.4001808167
2.7510000000,-6.5445899963
2.7520000000,-8.0394744873
2.7530000000,-9.6058845520
2.7540000000,-10.6358528137
2.7550000000,-12.3095512390
2.7560000000,-12.9461288452
2.7570000000,-13.2322311401
2.7580000000,-14.6412849426
2.7590000000,-15.9144401550
2.7600000000,-16.9873237610
2.7610000000,-18.1245803833
2.7620000000,-19.4048881531
2.7630000000,-20.2775001526
2.7640000000,-20.1416015625
2.7650000000,-21.2216377258
2.7660000000,-22.1729278564
2.7670000000,-23.5962867737
2.7680000000,-24.8765945435
2.7690000000,-23.9682197571
2.7700000000,-24.7049331665
2.7710000000,-25.4917144775
2.7720000000,-26.8578529358
2.7730000000,-27.5230407715
2.7740000000,-26.4430046082
2.7750000000,-27.6732444763
2.7760000000,-28.3026695251
2.7770000000,-29.4899940491
2.7780000000,-28.1238555908
2.7790000000,-29.0036201477
2.7800000000,-29.7260284424
2.7810000000,-30.3912162781
2.7820000000,-29.0036201477
2.7830000000,-29.6115875244
2.7840000000,-30.2124023438
2.7850000000,-30.8561325073
2.7860000000,-29.1466712952
2.7870000000,-29.6902656555
2.7880000000,-29.9692153931
2.7890000000,-30.5986404419
2.7900000000,-28.6960601807
2.7910000000,-29.1323661804
2.7920000000,-29.5114517212
2.7930000000,-29.7403335571
2.7940000000,-27.7304649353
2.7950000000,-28.0809402466
2.7960000000,-28.3384323120
2.7970000000,-28.2526016235
2.7980000000,-26.8507003784
2.7990000000,-26.6003608704
2.8000000000,-26.6647338867
2.8010000000,-26.6289710999
2.8020000000,-25.0625610352
2.8030000000,-25.0339508057
2.8040000000,-24.4331359863
2.8050000000,-24.4188308716
2.8060000000,-24.4402885437
2.8070000000,-22.4447250366
2.8080000000,-21.8868255615
2.8090000000,-21.5435028076
2.8100000000,-20.9212303162
2.8110000000,-20.7781791687
2.8120000000,-19.4263458252
2.8130000000,-17.9743766785
2.8140000000,-17.1804428101
2.8150000000,-16.5724754333
2.8160000000,-15.3493881226
2.8170000000,-15.0775909424
2.8180000000,-14.0619277954
2.8190000000,-12.9103660583
2.8200000000,-11.4297866821
2.8210000000,-10.8003616333
2.8220000000,-9.7060203552
2.8230000000,-8.6617469788
2.8240000000,-7.7819824219
2.8250000000,-6.6232681274
2.8260000000,-5.5146217346
2.8270000000,-4.3559074402
2.8280000000,-3.3259391785
2.8290000000,-2.3174285889
2.8300000000,-1.1801719666
2.8310000000,-0.0715255737
2.8320000000,0.5364418030
2.8330000000,0.9155273438
2.8340000000,1.2874603271
2.8350000000,1.6665458679
2.8360000000,2.3531913757
2.8370000000,3.1328201294
2.8380000000,4.0626525879
2.8390000000,5.2785873413
2.8400000000,6.4659118652
2.8410000000,7.6389312744
2.8420000000,8.6474418640
2.8430000000,9.9420547485
2.8440000000,11.1150741577
2.8450000000,12.0162963867
2.8460000000,13.6899948120
2.8470000000,14.4195556641
2.8480000000,15.6354904175
2.8490000000,16.0646438599
2.8500000000,17.4021720886
2.8510000000,18.2461738586
2.8520000000,19.0043449402
2.8530000000,21.1286544800
2.8540000000,21.2073326111
2.8550000000,21.5291976929
2.8560000000,22.7808952332
2.8570000000,23.2529640198
2.8580000000,25.2342224121
2.8590000000,25.3200531006
2.8600000000,25.0196456909
2.8610000000,26.2427330017
2.8620000000,26.9508361816
2.8630000000,28.5100936890
2.8640000000,27.9664993286
2.8650000000,28.1381607056
2.8660000000,28.8462638855
2.8670000000,29.9549102783
2.8680000000,29.7260284424
2.8690000000,29.4685363770
2.8700000000,29.8118591309
2.8710000000,31.0778617859
2.8720000000,29.9906730652
2.8730000000,30.0478935242
2.8740000000,29.9978256226
2.8750000000,31.3210487366
2.8760000000,29.5257568359
2.8770000000,29.5686721802
2.8780000000,29.7188758850
2.8790000000,30.4841995239
2.8800000000,28.7747383118
2.8810000000,28.6889076233
2.8820000000,28.7818908691
2.8830000000,29.5615196228
2.8840000000,27.7233123779
2.8850000000,27.5158882141
2.8860000000,27.1153450012
2.8870000000,28.4099578857
2.8880000000,26.0066986084
2.8890000000,26.2570381165
2.8900000000,25.1626968384
2.8910000000,25.9065628052
2.8920000000,24.9481201172
2.8930000000,23.3674049377
2.8940000000,23.1027603149
2.8950000000,22.4018096924
2.8960000000,22.4304199219
2.8970000000,21.5506553650
2.8980000000,20.0486183167
2.8990000000,19.2618370056
2.9000000000,18.3391571045
2.9010000000,17.6525115967
2.9020000000,17.6882743835
2.9030000000,16.3793563843
2.9040000000,15.0418281555
2.9050000000,13.5111808777
2.9060000000,13.0891799927
2.9070000000,11.9805335999
2.9080000000,10.8218193054
2.9090000000,9.8919868469
2.9100000000,8.8334083557
2.9110000000,8.2612037659
2.9120000000,7.3170661926
2.9130000000,5.8364868164
2.9140000000,4.4631958008
2.9150000000,3.0970573425
2.9160000000,2.1171569824
2.9170000000,1.0514259338
2.9180000000,0.1287460327
2.9190000000,-0.6365776062
2.9200000000,-1.2302398682
2.9210000000,-1.5735626221
2.9220000000,-1.9526481628
2.9230000000,-2.4533271790
2.9240000000,-2.9754638672
2.9250000000,-3.8337707520
2.9260000000,-5.0854682922
2.9270000000,-6.2155723572
2.9280000000,-7.3170661926
2.9290000000,-8.4114074707
2.9300000000,-9.8991394043
2.9310000000,-11.2795829773
2.9320000000,-13.0748748779
2.9330000000,-14.1549110413
2.9340000000,-14.6126747131
2.9350000000,-16.3078308105
2.9360000000,-18.2604789734
2.9370000000,-17.9457664490
2.9380000000,-18.3892250061
2.9390000000,-20.2417373657
2.9400000000,-20.8926200867
2.9410000000,-22.3088264465
2.9420000000,-23.6821174622
2.9430000000,-23.2887268066
2.9440000000,-23.9610671997
2.9450000000,-24.7335433960
2.9460000000,-26.6146659851
2.9470000000,-26.5932083130
2.9480000000,-26.4430046082
2.9490000000,-27.0009040833
2.9500000000,-28.1310081482
2.9510000000,-29.4756889343
2.9520000000,-27.6017189026
2.9530000000,-29.0822982788
2.9540000000,-29.0751457214
2.9550000000,-30.9848785400
2.9560000000,-28.6245346069
2.9570000000,-29.9549102783
2.9580000000,-29.8047065735
2.9590000000,-30.8775901794
2.9600000000,-29.6115875244
2.9610000000,-29.3540954590
2.9620000000,-30.3840637207
2.9630000000,-30.3339958191
2.9640000000,-29.1323661804
2.9650000000,-28.8462638855
2.9660000000,-29.5615196228
2.9670000000,-29.7760963440
2.9680000000,-27.8663635254
2.9690000000,-28.2883644104
2.9700000000,-27.7733802795
2.9710000000,-28.2955169678
2.9720000000,-26.3428688049
2.9730000000,-26.6075134277
2.9740000000,-25.9637832642
2.9750000000,-26.2069702148
2.9760000000,-25.1054763794
2.9770000000,-24.2257118225
2.9780000000,-23.7751007080
2.9790000000,-23.8180160522
2.9800000000,-23.5962867737
2.9810000000,-21.9583511353
2.9820000000,-21.0857391357
2.9830000000,-20.4706192017
2.9840000000,-19.6409225464
2.9850000000,-19.4334983826
2.9860000000,-19.0043449402
2.9870000000,-16.8585777283
2.9880000000,-15.9358978271
2.9890000000,-15.1205062866
2.9900000000,-14.3694877625
2.9910000000,-12.9032135010
2.9920000000,-12.3238563538
2.9930000000,-11.0650062561
2.9940000000,-10.2925300598
2.9950000000,-9.0551376343
2.9960000000,-7.3528289795
2.9970000000,-6.1297416687
2.9980000000,-5.1569938660
2.9990000000,-4.2128562927
3.0000000000,-3.0040740967
3.0010000000,-1.9025802612
3.0020000000,-0.7081031799
3.0030000000,0.2360343933
3.0040000000,0.7867813110
3.0050000000,1.1801719666
3.0060000000,1.5735626221
3.0070000000,2.1100044250
3.0080000000,2.9325485229
3.0090000000,3.8409233093
3.0100000000,5.0139427185
3.0110000000,6.1726570129
3.0120000000,7.6532363892
3.0130000000,9.1695785522
3.0140000000,10.0064277649
3.0150000000,10.9934806824
3.0160000000,12.2022628784
3.0170000000,13.2250785828
3.0180000000,14.9488449097
3.0190000000,15.5138969421
3.0200000000,16.5939331055
3.0210000000,18.0315971375
3.0220000000,19.4835662842
3.0230000000,19.7839736938
3.0240000000,20.4992294312
3.0250000000,21.5291976929
3.0260000000,22.4876403809
3.0270000000,24.2042541504
3.0280000000,24.7192382813
3.0290000000,24.3186950684
3.0300000000,25.5632400513
3.0310000000,26.6289710999
3.0320000000,28.1381607056
3.0330000000,27.5588035583
3.0340000000,27.8663635254
3.0350000000,28.4457206726
3.0360000000,30.1337242126
3.0370000000,29.2468070984
3.0380000000,29.7188758850
3.0390000000,29.4399261475
3.0400000000,31.0635566711
3.0410000000,30.0335884094
3.0420000000,29.9978256226
3.0430000000,30.0478935242
3.0440000000,31.1851501465
3.0450000000,29.8190116882
3.0460000000,29.4470787048
3.0470000000,29.7546386719
3.0480000000,30.5557250977
3.0490000000,28.8319587708
3.0500000000,28.8391113281
3.0510000000,28.4457206726
3.0520000000,29.3111801147
3.0530000000,27.8878211975
3.0540000000,27.6517868042
3.0550000000,26.7505645752
3.0560000000,27.6231765747
3.0570000000,26.2856483459
3.0580000000,25.8493423462
3.0590000000,24.8408317566
3.0600000000,24.9123573303
3.0610000000,24.6477127075
3.0620000000,22.9883193970
3.0630000000,22.1943855286
3.0640000000,21.7938423157
3.0650000000,21.1000442505
3.0660000000,20.8139419556
3.0670000000,19.5479393005
3.0680000000,17.8098678589
3.0690000000,17.3449516296
3.0700000000,16.2863731384
3.0710000000,15.3136253357
3.0720000000,15.6641006470
3.0730000000,13.8473510742
3.0740000000,12.2165679932
3.0750000000,10.8861923218
3.0760000000,10.0779533386
3.0770000000,9.4342231750
3.0780000000,8.2182884216
3.0790000000,6.6661834717
3.0800000000,5.5575370789
3.0810000000,4.4918060303
3.0820000000,3.4332275391
3.0830000000,2.2673606873
3.0840000000,1.1229515076
3.0850000000,0.0715255737
3.0860000000,-0.7724761963
3.0870000000,-1.3732910156
3.0880000000,-1.8024444580
3.0890000000,-2.2101402283
3.0900000000,-2.6321411133
3.0910000000,-3.3473968506
3.0920000000,-4.3201446533
3.0930000000,-5.6219100952
3.0940000000,-7.3742866516
3.0950000000,-8.8191032410
3.0960000000,-9.8776817322
3.0970000000,-10.9219551086
3.0980000000,-12.7243995667
3.0990000000,-14.2478942871
3.1000000000,-15.9287452698
3.1010000000,-15.5425071716
3.1020000000,-16.6869163513
3.1030000000,-18.6753273010
3.1040000000,-19.3476676941
3.1050000000,-20.7424163818
3.1060000000,-22.2873687744
3.1070000000,-22.0298767090
3.1080000000,-22.9382514954
3.1090000000,-23.6606597900
3.1100000000,-25.5560874939
3.1110000000,-26.2355804443
3.1120000000,-25.8421897888
3.1130000000,-26.3786315918
3.1140000000,-27.2011756897
3.1150000000,-28.8462638855
3.1160000000,-28.2669067383
3.1170000000,-28.1381607056
3.1180000000,-28.9607048035
3.1190000000,-30.2839279175
3.1200000000,-29.6616554260
3.1210000000,-29.2754173279
3.1220000000,-29.7260284424
3.1230000000,-30.9848785400
3.1240000000,-29.9549102783
3.1250000000,-29.6044349670
3.1260000000,-29.8261642456
3.1270000000,-30.9777259827
3.1280000000,-29.4327735901
3.1290000000,-29.0322303772
3.1300000000,-29.1824340820
3.1310000000,-30.2553176880
3.1320000000,-28.1667709351
3.1330000000,-27.9307365417
3.1340000000,-27.4372100830
3.1350000000,-28.4314155579
3.1360000000,-27.1081924438
3.1370000000,-25.6562232971
3.1380000000,-26.0353088379
3.1390000000,-25.5632400513
3.1400000000,-25.8207321167
3.1410000000,-23.9181518555
3.1420000000,-23.2887268066
3.1430000000,-22.6020812988
3.1440000000,-23.0240821838
3.1450000000,-22.3875045776
3.1460000000,-20.5278396606
3.1470000000,-19.6194648743
3.1480000000,-18.9685821533
3.1490000000,-18.1674957275
3.1500000000,-17.6668167114
3.1510000000,-17.3234939575
3.1520000000,-15.1848793030
3.1530000000,-13.6828422546
3.1540000000,-12.7387046814
3.1550000000,-12.3739242554
3.1560000000,-11.0006332397
3.1570000000,-9.4127655029
3.1580000000,-8.4257125854
3.1590000000,-7.3528289795
3.1600000000,-6.1011314392
3.1610000000,-4.8923492432
3.1620000000,-3.7264823914
3.1630000000,-2.3531913757
3.1640000000,-1.0156631470
3.1650000000,0.1287460327
3.1660000000,0.7724761963
3.1670000000,1.2159347534
3.1680000000,1.6379356384
3.1690000000,2.1958351135
3.1700000000,3.0469894409
3.1710000000,3.8623809814
3.1720000000,5.1355361938
3.1730000000,6.4086914063
3.1740000000,7.5960159302
3.1750000000,8.7332725525
3.1760000000,10.3569030762
3.1770000000,11.9090080261
3.1780000000,12.5241279602
3.1790000000,13.6327743530
3.1800000000,15.1276588440
3.1810000000,17.5881385803
3.1820000000,17.3592567444
3.1830000000,17.8098678589
3.1840000000,19.5336341858
3.1850000000,20.2775001526
3.1860000000,21.4648246765
3.1870000000,23.1957435608
3.1880000000,23.7822532654
3.1890000000,23.5390663147
3.1900000000,24.7550010681
3.1910000000,25.9280204773
3.1920000000,27.5659561157
3.1930000000,27.3585319519
3.1940000000,27.4229049683
3.1950000000,28.0809402466
3.1960000000,29.8619270325
3.1970000000,29.2396545410
3.1980000000,29.5615196228
3.1990000000,29.2539596558
3.2000000000,30.9348106384
3.2010000000,30.0979614258
3.2020000000,30.0049781799
3.2030000000,29.9119949341
3.2040000000,31.1064720154
3.2050000000,30.2982330322
3.2060000000,29.3111801147
3.2070000000,29.7045707703
3.2080000000,30.5056571960
3.2090000000,29.3111801147
3.2100000000,28.6173820496
3.2110000000,28.3026695251
3.2120000000,29.9119949341
3.2130000000,27.4586677551
3.2140000000,27.6947021484
3.2150000000,26.3142585754
3.2160000000,28.0594825745
3.2170000000,25.9137153625
3.2180000000,25.3200531006
3.2190000000,24.5904922485
3.2200000000,24.1971015930
3.2210000000,24.3544578552
3.2220000000,23.0097770691
3.2230000000,21.4290618896
3.2240000000,20.9283828735
3.2250000000,20.3132629395
3.2260000000,20.1129913330
3.2270000000,18.7897682190
3.2280000000,17.3020362854
3.2290000000,16.0002708435
3.2300000000,15.3350830078
3.2310000000,14.2407417297
3.2320000000,13.0319595337
3.2330000000,12.8388404846
3.2340000000,11.8732452393
3.2350000000,9.6631050110
3.2360000000,8.4185600281
3.2370000000,7.2240829468
3.2380000000,6.0725212097
3.2390000000,4.9996376038
3.2400000000,4.0054321289
3.2410000000,2.7680397034
3.2420000000,1.4948844910
3.2430000000,0.3004074097
3.2440000000,-0.7081031799
3.2450000000,-1.3732910156
3.2460000000,-1.8882751465
3.2470000000,-2.3174285889
3.2480000000,-2.7179718018
3.2490000000,-3.3187866211
3.2500000000,-4.4846534729
3.2510000000,-5.8364868164
3.2520000000,-7.5316429138
3.2530000000,-8.9764595032
3.2540000000,-10.6859207153
3.2550000000,-12.4096870422
3.2560000000,-12.6600265503
3.2570000000,-13.7472152710
3.2580000000,-15.2349472046
3.2590000000,-17.3306465149
3.2600000000,-17.6882743835
3.2610000000,-19.3119049072
3.2620000000,-21.3003158569
3.2630000000,-20.6565856934
3.2640000000,-21.6078758240
3.2650000000,-23.2028961182
3.2660000000,-24.1899490356
3.2670000000,-25.5131721497
3.2680000000,-25.1913070679
3.2690000000,-25.8994102478
3.2700000000,-26.5359878540
3.2710000000,-28.3885002136
3.2720000000,-28.3670425415
3.2730000000,-27.8520584106
3.2740000000,-28.7890434265
3.2750000000,-29.6401977539
3.2760000000,-30.4412841797
3.2770000000,-28.7818908691
3.2780000000,-29.9692153931
3.2790000000,-30.3697586060
3.2800000000,-30.6773185730
3.2810000000,-29.5186042786
3.2820000000,-29.6902656555
3.2830000000,-30.8489799500
3.2840000000,-29.8190116882
3.2850000000,-29.2181968689
3.2860000000,-28.9249420166
3.2870000000,-30.1051139832
3.2880000000,-28.6316871643
3.2890000000,-28.1238555908
3.2900000000,-27.5373458862
3.2910000000,-27.9521942139
3.2920000000,-27.3013114929
3.2930000000,-25.6705284119
3.2940000000,-26.0066986084
3.2950000000,-25.0911712646
3.2960000000,-25.3701210022
3.2970000000,-23.4746932983
3.2980000000,-22.7022171021
3.2990000000,-22.4590301514
3.3000000000,-21.8510627747
3.3010000000,-21.6007232666
3.3020000000,-20.2131271362
3.3030000000,-19.0901756287
3.3040000000,-17.9028511047
3.3050000000,-16.8657302856
3.3060000000,-16.4365768433
3.3070000000,-15.5639648438
3.3080000000,-14.8773193359
3.3090000000,-13.0748748779
3.3100000000,-11.4583969116
3.3110000000,-10.4641914368
3.3120000000,-9.1981887817
3.3130000000,-8.2898139954
3.3140000000,-6.8736076355
3.3150000000,-5.4860115051
3.3160000000,-4.1055679321
3.3170000000,-2.8252601624
3.3180000000,-1.6450881958
3.3190000000,-0.4291534424
3.3200000000,0.6294250488
3.3210000000,1.1730194092
3.3220000000,1.5878677368
3.3230000000,2.0670890808
3.3240000000,2.9468536377
3.3250000000,3.9482116699
3.3260000000,5.1426887512
3.3270000000,6.5732002258
3.3280000000,7.7891349792
3.3290000000,8.8763237000
3.3300000000,10.4284286499
3.3310000000,11.5728378296
3.3320000000,13.7686729431
3.3330000000,15.1777267456
3.3340000000,15.0990486145
3.3350000000,16.0145759583
3.3360000000,18.1102752686
3.3370000000,18.7397003174
3.3380000000,19.6981430054
3.3390000000,22.4733352661
3.3400000000,22.3231315613
3.3410000000,22.3946571350
3.3420000000,24.1899490356
3.3430000000,24.8694419861
3.3440000000,26.6361236572
3.3450000000,27.1010398865
3.3460000000,26.5645980835
3.3470000000,27.7805328369
3.3480000000,28.9678573608
3.3490000000,29.7904014587
3.3500000000,28.5601615906
3.3510000000,29.5329093933
3.3520000000,30.1837921143
3.3530000000,30.5557250977
3.3540000000,29.9763679504
3.3550000000,29.8619270325
3.3560000000,30.6200981140
3.3570000000,30.4627418518
3.3580000000,29.9549102783
3.3590000000,29.5472145081
3.3600000000,30.3125381470
3.3610000000,29.8905372620
3.3620000000,28.4957885742
3.3630000000,28.6173820496
3.3640000000,29.0822982788
3.3650000000,28.6316871643
3.3660000000,27.0795822144
3.3670000000,26.5789031982
3.3680000000,27.2440910339
3.3690000000,26.7004966736
3.3700000000,24.7907638550
3.3710000000,24.8122215271
3.3720000000,23.4103202820
3.3730000000,24.6977806091
3.3740000000,22.5949287415
3.3750000000,21.1000442505
3.3760000000,20.8425521851
3.3770000000,19.6623802185
3.3780000000,18.8899040222
3.3790000000,18.5251235962
3.3800000000,17.2376632690
3.3810000000,15.3136253357
3.3820000000,14.2478942871
3.3830000000,13.3323669434
3.3840000000,12.4025344849
3.3850000000,11.2938880920
3.3860000000,9.9205970764
3.3870000000,8.9907646179
3.3880000000,7.8392028809
3.3890000000,6.2513351440
3.3900000000,4.8065185547
3.3910000000,3.5905838013
3.3920000000,2.4247169495
3.3930000000,1.1229515076
3.3940000000,-0.1573562622
3.3950000000,-1.0228157043
3.3960000000,-1.7023086548
3.3970000000,-2.0813941956
3.3980000000,-2.5963783264
3.3990000000,-3.1185150146
3.4000000000,-4.0483474731
3.4010000000,-5.4574012756
3.4020000000,-7.0953369141
3.4030000000,-8.3327293396
3.4040000000,-9.6702575684
3.4050000000,-11.3153457642
3.4060000000,-12.7458572388
3.4070000000,-14.1119956970
3.4080000000,-15.3279304504
3.4090000000,-17.0373916626
3.4100000000,-18.5036659241
3.4110000000,-19.5479393005
3.4120000000,-19.8340415955
3.4130000000,-20.8926200867
3.4140000000,-21.9798088074
3.4150000000,-23.7607955933
3.4160000000,-25.2628326416
3.4170000000,-24.4474411011
3.4180000000,-25.2699851990
3.4190000000,-26.5216827393
3.4200000000,-27.5874137878
3.4210000000,-28.6602973938
3.4220000000,-27.3227691650
3.4230000000,-29.0679931641
3.4240000000,-29.4327735901
3.4250000000,-30.1051139832
3.4260000000,-29.3040275574
3.4270000000,-29.5042991638
3.4280000000,-30.9419631958
3.4290000000,-30.4055213928
3.4300000000,-29.6974182129
3.4310000000,-29.6401977539
3.4320000000,-30.9991836548
3.4330000000,-29.9048423767
3.4340000000,-29.2325019836
3.4350000000,-29.2754173279
3.4360000000,-29.6401977539
3.4370000000,-28.7318229675
3.4380000000,-27.8234481812
3.4390000000,-27.7161598206
3.4400000000,-27.7733802795
3.4410000000,-27.0009040833
3.4420000000,-25.7134437561
3.4430000000,-25.0196456909
3.4440000000,-25.0339508057
3.4450000000,-25.0339508057
3.4460000000,-23.1599807739
3.4470000000,-22.3660469055
3.4480000000,-21.6937065125
3.4490000000,-21.0785865784
3.4500000000,-20.7638740540
3.4510000000,-19.9913978577
3.4520000000,-17.9171562195
3.4530000000,-17.0588493347
3.4540000000,-16.5939331055
3.4550000000,-15.0918960571
3.4560000000,-14.3766403198
3.4570000000,-13.1320953369
3.4580000000,-12.2308731079
3.4590000000,-10.3569030762
3.4600000000,-8.6116790771
3.4610000000,-7.5030326843
3.4620000000,-6.3443183899
3.4630000000,-4.9781799316
3.4640000000,-3.6764144897
3.4650000000,-2.3746490479
3.4660000000,-1.0800361633
3.4670000000,0.1716613770
3.4680000000,0.9799003601
3.4690000000,1.5020370483
3.4700000000,2.0098686218
3.4710000000,2.6965141296
3.4720000000,3.7050247192
3.4730000000,4.9495697021
3.4740000000,6.2799453735
3.4750000000,7.5030326843
3.4760000000,8.9764595032
3.4770000000,10.8003616333
3.4780000000,12.0663642883
3.4790000000,12.8245353699
3.4800000000,14.1191482544
3.4810000000,15.5067443848
3.4820000000,17.1303749084
3.4830000000,17.7311897278
3.4840000000,19.0615653992
3.4850000000,21.3146209717
3.4860000000,21.4433670044
3.4870000000,22.1657752991
3.4880000000,23.4031677246
3.4890000000,24.4474411011
3.4900000000,26.3643264771
3.4910000000,26.5574455261
3.4920000000,26.2928009033
3.4930000000,27.5588035583
3.4940000000,28.9106369019
3.4950000000,29.5186042786
3.4960000000,28.4528732300
3.4970000000,29.3827056885
3.4980000000,30.3554534912
3.4990000000,30.4269790649
3.5000000000,30.0049781799
3.5010000000,29.7617912292
3.5020000000,30.7703018188
3.5030000000,30.3697586060
3.5040000000,29.9978256226
3.5050000000,29.4899940491
3.5060000000,30.3912162781
3.5070000000,29.8261642456
3.5080000000,28.4528732300
3.5090000000,28.5530090332
3.5100000000,29.0751457214
3.5110000000,28.4385681152
3.5120000000,26.8793106079
3.5130000000,26.3214111328
3.5140000000,27.1081924438
3.5150000000,26.2641906738
3.5160000000,24.4045257568
3.5170000000,24.3473052979
3.5180000000,22.9597091675
3.5190000000,24.0540504456
3.5200000000,22.0084190369
3.5210000000,20.2703475952
3.5220000000,20.1773643494
3.5230000000,18.7182426453
3.5240000000,17.8313255310
3.5250000000,17.4450874329
3.5260000000,15.9788131714
3.5270000000,14.6770477295
3.5280000000,12.7744674683
3.5290000000,11.9304656982
3.5300000000,10.7932090759
3.5310000000,9.7274780273
3.5320000000,8.5330009460
3.5330000000,6.9880485535
3.5340000000,5.7077407837
3.5350000000,4.5061111450
3.5360000000,3.2043457031
3.5370000000,1.7237663269
3.5380000000,0.4935264587
3.5390000000,-0.7295608521
3.5400000000,-1.5020370483
3.5410000000,-2.1171569824
3.5420000000,-2.5391578674
3.5430000000,-3.0398368835
3.5440000000,-3.8123130798
3.5450000000,-5.1355361938
3.5460000000,-6.7234039307
3.5470000000,-8.3899497986
3.5480000000,-9.6201896667
3.5490000000,-11.3725662231
3.5500000000,-12.7816200256
3.5510000000,-14.1835212708
3.5520000000,-16.2792205811
3.5530000000,-17.4093246460
3.5540000000,-17.9529190063
3.5550000000,-19.0973281860
3.5560000000,-20.1272964478
3.5570000000,-21.2931632996
3.5580000000,-23.2529640198
3.5590000000,-24.7049331665
3.5600000000,-23.6320495605
3.5610000000,-25.1698493958
3.5620000000,-26.0138511658
3.5630000000,-27.5087356567
3.5640000000,-28.1882286072
3.5650000000,-27.2655487061
3.5660000000,-28.8820266724
3.5670000000,-29.5186042786
3.5680000000,-29.9477577209
3.5690000000,-29.3755531311
3.5700000000,-29.4613838196
3.5710000000,-31.0707092285
3.5720000000,-30.3769111633
3.5730000000,-29.8190116882
3.5740000000,-29.7760963440
3.5750000000,-31.1565399170
3.5760000000,-29.7045707703
3.5770000000,-29.3684005737
3.5780000000,-29.2325019836
3.5790000000,-29.7117233276
3.5800000000,-28.4671783447
3.5810000000,-27.8878211975
3.5820000000,-27.5373458862
3.5830000000,-27.6303291321
3.5840000000,-26.6933441162
3.5850000000,-25.3987312317
3.5860000000,-24.7406959534
3.5870000000,-24.6906280518
3.5880000000,-24.5118141174
3.5890000000,-22.6163864136
3.5900000000,-21.7366218567
3.5910000000,-20.9927558899
3.5920000000,-20.2202796936
3.5930000000,-19.8769569397
3.5940000000,-19.3119049072
3.5950000000,-17.0373916626
3.5960000000,-16.1433219910
3.5970000000,-15.3851509094
3.5980000000,-14.2264366150
3.5990000000,-12.6314163208
3.6000000000,-11.7158889771
3.6010000000,-10.1923942566
3.6020000000,-9.1195106506
3.6030000000,-7.5244903564
3.6040000000,-5.7220458984
3.6050000000,-4.2128562927
3.6060000000,-3.0255317688
3.6070000000,-1.7452239990
3.6080000000,-0.4148483276
3.6090000000,0.5722045898
3.6100000000,1.2731552124
3.6110000000,1.8596649170
3.6120000000,2.5033950806
3.6130000000,3.4403800964
3.6140000000,4.6992301941
3.6150000000,6.1511993408
3.6160000000,7.6317787170
3.6170000000,8.6832046509
3.6180000000,9.9992752075
3.6190000000,11.5370750427
3.6200000000,12.6743316650
3.6210000000,14.6341323853
3.6220000000,15.5782699585
3.6230000000,16.7512893677
3.6240000000,18.2890892029
3.6250000000,20.1916694641
3.6260000000,20.5492973328
3.6270000000,21.5792655945
3.6280000000,22.6593017578
3.6290000000,23.8323211670
3.6300000000,25.8278846741
3.6310000000,26.1282920837
3.6320000000,25.9709358215
3.6330000000,27.2226333618
3.6340000000,28.6245346069
3.6350000000,29.3827056885
3.6360000000,28.3241271973
3.6370000000,29.3111801147
3.6380000000,30.2195549011
3.6390000000,30.4484367371
3.6400000000,30.0335884094
3.6410000000,29.7832489014
3.6420000000,30.7273864746
3.6430000000,30.4555892944
3.6440000000,30.0121307373
3.6450000000,29.4971466064
3.6460000000,30.3697586060
3.6470000000,29.8261642456
3.6480000000,28.5100936890
3.6490000000,28.5029411316
3.6500000000,28.9535522461
3.6510000000,28.3455848694
3.6520000000,26.7648696899
3.6530000000,26.1712074280
3.6540000000,26.6790390015
3.6550000000,26.1211395264
3.6560000000,24.0969657898
3.6570000000,24.0612030029
3.6580000000,22.4447250366
3.6590000000,23.2887268066
3.6600000000,21.7723846436
3.6610000000,19.6552276611
3.6620000000,19.5121765137
3.6630000000,17.9243087769
3.6640000000,17.0731544495
3.6650000000,16.1004066467
3.6660000000,15.2993202209
3.6670000000,13.7901306152
3.6680000000,12.0091438293
3.6690000000,10.4498863220
3.6700000000,9.4556808472
3.6710000000,8.3255767822
3.6720000000,6.8092346191
3.6730000000,5.5360794067
3.6740000000,4.3416023254
3.6750000000,2.9397010803
3.6760000000,1.3661384583
3.6770000000,0.0500679016
3.6780000000,-0.9727478027
3.6790000000,-1.7666816711
3.6800000000,-2.3531913757
3.6810000000,-2.8324127197
3.6820000000,-3.4976005554
3.6830000000,-4.4775009155
3.6840000000,-5.8865547180
3.6850000000,-7.7176094055
3.6860000000,-9.1338157654
3.6870000000,-10.6930732727
3.6880000000,-12.6886367798
3.6890000000,-14.2765045166
3.6900000000,-15.6927108765
3.6910000000,-16.3364410400
3.6920000000,-17.6954269409
3.6930000000,-18.8255310059
3.6940000000,-20.0986862183
3.6950000000,-22.0084190369
3.6960000000,-23.5462188721
3.6970000000,-23.2315063477
3.6980000000,-23.8609313965
3.6990000000,-25.7635116577
3.7000000000,-26.2784957886
3.7010000000,-28.4743309021
3.7020000000,-26.6146659851
3.7030000000,-28.5100936890
3.7040000000,-28.7961959839
3.7050000000,-30.2696228027
3.7060000000,-29.2611122131
3.7070000000,-29.3540954590
3.7080000000,-30.5271148682
3.7090000000,-30.9348106384
3.7100000000,-29.7975540161
3.7110000000,-29.6759605408
3.7120000000,-30.5843353271
3.7130000000,-31.0921669006
3.7140000000,-28.6674499512
3.7150000000,-29.6401977539
3.7160000000,-29.0966033936
3.7170000000,-30.0979614258
3.7180000000,-27.2011756897
3.7190000000,-27.9521942139
3.7200000000,-27.0581245422
3.7210000000,-27.5230407715
3.7220000000,-25.5274772644
3.7230000000,-24.5261192322
3.7240000000,-23.8895416260
3.7250000000,-24.4116783142
3.7260000000,-23.1885910034
3.7270000000,-21.5220451355
3.7280000000,-20.5636024475
3.7290000000,-19.6337699890
3.7300000000,-19.3834304810
3.7310000000,-18.6395645142
3.7320000000,-17.4021720886
3.7330000000,-15.4352188110
3.7340000000,-14.4839286804
3.7350000000,-13.7400627136
3.7360000000,-12.2880935669
3.7370000000,-10.4284286499
3.7380000000,-9.4342231750
3.7390000000,-7.9607963562
3.7400000000,-6.3228607178
3.7410000000,-5.0354003906
3.7420000000,-3.5762786865
3.7430000000,-2.0027160645
3.7440000000,-0.5221366882
3.7450000000,0.6651878357
3.7460000000,1.3303756714
3.7470000000,1.9741058350
3.7480000000,2.6464462280
3.7490000000,3.6263465881
3.7500000000,4.6563148499
3.7510000000,6.1011314392
3.7520000000,7.6675415039
3.7530000000,8.9550018311
3.7540000000,10.3712081909
3.7550000000,12.1736526489
3.7560000000,13.4754180908
3.7570000000,14.6627426147
3.7580000000,15.8858299255
3.7590000000,18.3534622192
3.7600000000,18.9614295959
3.7610000000,19.7124481201
3.7620000000,21.3575363159
3.7630000000,22.1657752991
3.7640000000,23.5462188721
3.7650000000,25.4774093628
3.7660000000,25.5131721497
3.7670000000,25.8851051331
3.7680000000,27.1224975586
3.7690000000,28.7032127380
3.7700000000,29.0107727051
3.7710000000,28.3026695251
3.7720000000,29.1609764099
3.7730000000,30.4627418518
3.7740000000,30.1551818848
3.7750000000,30.1694869995
3.7760000000,29.6115875244
3.7770000000,30.9991836548
3.7780000000,30.2481651306
3.7790000000,29.9835205078
3.7800000000,29.4613838196
3.7810000000,30.4985046387
3.7820000000,29.6044349670
3.7830000000,28.4528732300
3.7840000000,28.4743309021
3.7850000000,28.9821624756
3.7860000000,28.0594825745
3.7870000000,26.5645980835
3.7880000000,25.8064270020
3.7890000000,26.6575813293
3.7900000000,25.4416465759
3.7910000000,23.6606597900
3.7920000000,23.4818458557
3.7930000000,21.8868255615
3.7940000000,22.7165222168
3.7950000000,20.9927558899
3.7960000000,18.8970565796
3.7970000000,18.5108184814
3.7980000000,16.9587135315
3.7990000000,16.0717964172
3.8000000000,14.7485733032
3.8010000000,14.1334533691
3.8020000000,12.4168395996
3.8030000000,11.0507011414
3.8040000000,9.1838836670
3.8050000000,7.6746940613
3.8060000000,6.5946578979
3.8070000000,5.2714347839
3.8080000000,3.8981437683
3.8090000000,2.4390220642
3.8100000000,1.0514259338
3.8110000000,-0.3433227539
3.8120000000,-1.3661384583
3.8130000000,-2.0742416382
3.8140000000,-2.6249885559
3.8150000000,-3.1614303589
3.8160000000,-4.0555000305
3.8170000000,-5.3071975708
3.8180000000,-6.8449974060
3.8190000000,-8.6259841919
3.8200000000,-10.7860565186
3.8210000000,-11.9876861572
3.8220000000,-13.8044357300
3.8230000000,-14.5769119263
3.8240000000,-16.1218643188
3.8250000000,-17.3664093018
3.8260000000,-18.8326835632
3.8270000000,-20.3919410706
3.8280000000,-22.1157073975
3.8290000000,-23.1027603149
3.8300000000,-22.6235389709
3.8310000000,-24.8479843140
3.8320000000,-25.3272056580
3.8330000000,-27.5373458862
3.8340000000,-27.0080566406
3.8350000000,-27.3227691650
3.8360000000,-28.4242630005
3.8370000000,-29.7760963440
3.8380000000,-29.5901298523
3.8390000000,-29.3755531311
3.8400000000,-29.6258926392
3.8410000000,-31.2995910645
3.8420000000,-30.1694869995
3.8430000000,-29.9119949341
3.8440000000,-30.0264358521
3.8450000000,-31.3854217529
3.8460000000,-29.4113159180
3.8470000000,-29.4184684753
3.8480000000,-29.0250778198
3.8490000000,-30.2410125732
3.8500000000,-28.0880928040
3.8510000000,-27.6374816895
3.8520000000,-26.9937515259
3.8530000000,-27.5373458862
3.8540000000,-26.1569023132
3.8550000000,-24.7764587402
3.8560000000,-23.9324569702
3.8570000000,-23.9682197571
3.8580000000,-23.4532356262
3.8590000000,-21.5220451355
3.8600000000,-20.5492973328
3.8610000000,-19.5622444153
3.8620000000,-18.4178352356
3.8630000000,-18.1388854980
3.8640000000,-17.4880027771
3.8650000000,-15.8214569092
3.8660000000,-13.6113166809
3.8670000000,-12.5169754028
3.8680000000,-11.8017196655
3.8690000000,-10.5142593384
3.8700000000,-8.4972381592
3.8710000000,-7.0166587830
3.8720000000,-5.6362152100
3.8730000000,-4.3344497681
3.8740000000,-2.7394294739
3.8750000000,-1.1801719666
3.8760000000,0.1931190491
3.8770000000,1.1515617371
3.8780000000,1.8811225891
3.8790000000,2.5963783264
3.8800000000,3.4332275391
3.8810000000,4.4703483582
3.8820000000,5.8436393738
3.8830000000,7.4887275696
3.8840000000,9.2482566833
3.8850000000,10.7789039612
3.8860000000,11.6014480591
3.8870000000,13.1964683533
3.8880000000,15.0203704834
3.8890000000,17.6668167114
3.8900000000,17.6024436951
3.8910000000,18.2533264160
3.8920000000,20.5707550049
3.8930000000,21.3217735291
3.8940000000,22.7880477905
3.8950000000,24.6977806091
3.8960000000,25.1412391663
3.8970000000,25.2127647400
3.8980000000,26.5502929688
3.8990000000,27.9951095581
3.9000000000,28.9678573608
3.9010000000,27.9736518860
3.9020000000,29.0966033936
3.9030000000,29.7904014587
3.9040000000,30.4627418518
3.9050000000,29.8261642456
3.9060000000,29.9119949341
3.9070000000,30.5843353271
3.9080000000,30.7202339172
3.9090000000,29.9763679504
3.9100000000,29.5686721802
3.9110000000,30.2982330322
3.9120000000,29.9477577209
3.9130000000,28.4600257874
3.9140000000,28.4743309021
3.9150000000,28.7604331970
3.9160000000,28.4171104431
3.9170000000,26.4573097229
3.9180000000,25.9637832642
3.9190000000,25.7420539856
3.9200000000,25.8636474609
3.9210000000,23.5104560852
3.9220000000,23.5605239868
3.9230000000,21.6364860535
3.9240000000,21.4862823486
3.9250000000,21.4362144470
3.9260000000,18.8684463501
3.9270000000,17.6167488098
3.9280000000,16.7870521545
3.9290000000,15.1419639587
3.9300000000,14.2407417297
3.9310000000,12.9604339600
3.9320000000,12.0735168457
3.9330000000,10.0779533386
3.9340000000,8.7618827820
3.9350000000,7.1024894714
3.9360000000,5.4287910461
3.9370000000,3.9839744568
3.9380000000,2.6249885559
3.9390000000,1.2946128845
3.9400000000,-0.0929832458
3.9410000000,-1.1587142944
3.9420000000,-1.9955635071
3.9430000000,-2.6106834412
3.9440000000,-3.2329559326
3.9450000000,-4.1985511780
3.9460000000,-5.6219100952
3.9470000000,-7.3170661926
3.9480000000,-8.7404251099
3.9490000000,-10.5428695679
3.9500000000,-12.2165679932
3.9510000000,-13.2393836975
3.9520000000,-15.1205062866
3.9530000000,-16.3435935974
3.9540000000,-17.9028511047
3.9550000000,-19.7339057922
3.9560000000,-21.2430953979
3.9570000000,-22.0513343811
3.9580000000,-22.3731994629
3.9590000000,-23.9753723145
3.9600000000,-24.9409675598
3.9610000000,-26.9079208374
3.9620000000,-26.9794464111
3.9630000000,-26.9293785095
3.9640000000,-28.3455848694
3.9650000000,-29.2754173279
3.9660000000,-29.9263000488
3.9670000000,-29.0679931641
3.9680000000,-29.7331809998
3.9690000000,-30.9991836548
3.9700000000,-30.4055213928
3.9710000000,-29.9906730652
3.9720000000,-29.9334526062
3.9730000000,-31.3282012939
3.9740000000,-29.8190116882
3.9750000000,-29.3111801147
3.9760000000,-29.1395187378
3.9770000000,-30.1337242126
3.9780000000,-28.3885002136
3.9790000000,-27.4443626404
3.9800000000,-27.0438194275
3.9810000000,-27.1725654602
3.9820000000,-26.5359878540
3.9830000000,-24.3544578552
3.9840000000,-24.1684913635
3.9850000000,-23.2458114624
3.9860000000,-23.0741500854
3.9870000000,-21.4862823486
3.9880000000,-20.2274322510
3.9890000000,-18.9685821533
3.9900000000,-17.7597999573
3.9910000000,-17.4593925476
3.9920000000,-16.3364410400
3.9930000000,-15.1848793030
3.9940000000,-12.9961967468
3.9950000000,-11.9447708130
3.9960000000,-10.4713439941
3.9970000000,-8.9550018311
3.9980000000,-7.5173377991
3.9990000000,-5.8865547180
4.0000000000,-4.2843818665
4.0010000000,-2.7465820313
4.0020000000,-1.3017654419
4.0030000000,0.1215934753
4.0040000000,1.1730194092
4.0050000000,1.8954277039
4.0060000000,2.7322769165
4.0070000000,3.6907196045
4.0080000000,4.9138069153
4.0090000000,6.2870979309
4.0100000000,7.8678131104
4.0110000000,9.2124938965
4.0120000000,11.0363960266
4.0130000000,12.2809410095
4.0140000000,14.5268440247
4.0150000000,15.9215927124
4.0160000000,16.9014930725
4.0170000000,17.8599357605
4.0180000000,20.0200080872
4.0190000000,20.7424163818
4.0200000000,22.1014022827
4.0210000000,24.2686271667
4.0220000000,24.3186950684
4.0230000000,25.6204605103
4.0240000000,26.1068344116
4.0250000000,27.9092788696
4.0260000000,28.6889076233
4.0270000000,27.8306007385
4.0280000000,28.9463996887
4.0290000000,30.0836563110
4.0300000000,30.6129455566
4.0310000000,29.4756889343
4.0320000000,29.9048423767
4.0330000000,30.8418273926
4.0340000000,30.5199623108
4.0350000000,30.1623344421
4.0360000000,29.3827056885
4.0370000000,30.4198265076
4.0380000000,29.4613838196
4.0390000000,29.0608406067
4.0400000000,28.1739234924
4.0410000000,28.7246704102
4.0420000000,28.0523300171
4.0430000000,26.2141227722
4.0440000000,25.9423255920
4.0450000000,25.5346298218
4.0460000000,25.2628326416
4.0470000000,23.4818458557
4.0480000000,22.4947929382
4.0490000000,21.2931632996
4.0500000000,20.8282470703
4.0510000000,20.8139419556
4.0520000000,18.1746482849
4.0530000000,16.6440010071
4.0540000000,16.1790847778
4.0550000000,14.1048431396
4.0560000000,12.8960609436
4.0570000000,11.7444992065
4.0580000000,11.1293792725
4.0590000000,9.3412399292
4.0600000000,7.1024894714
4.0610000000,5.4860115051
4.0620000000,4.0054321289
4.0630000000,2.6178359985
4.0640000000,1.1229515076
4.0650000000,-0.2932548523
4.0660000000,-1.3232231140
4.0670000000,-2.2244453430
4.0680000000,-2.8252601624
4.0690000000,-3.4403800964
4.0700000000,-4.4989585876
4.0710000000,-5.9723854065
4.0720000000,-7.9822540283
4.0730000000,-9.5915794373
4.0740000000,-10.5786323547
4.0750000000,-12.0377540588
4.0760000000,-13.8759613037
4.0770000000,-16.1933898926
4.0780000000,-17.2805786133
4.0790000000,-18.6896324158
4.0800000000,-20.9283828735
4.0810000000,-21.4147567749
4.0820000000,-21.5864181519
4.0830000000,-23.9610671997
4.0840000000,-24.5261192322
4.0850000000,-26.6361236572
4.0860000000,-26.4716148376
4.0870000000,-27.1582603455
4.0880000000,-27.7590751648
4.0890000000,-29.7617912292
4.0900000000,-29.4256210327
4.0910000000,-29.3612480164
4.0920000000,-29.5686721802
4.0930000000,-31.2209129333
4.0940000000,-30.4698944092
4.0950000000,-29.9048423767
4.0960000000,-30.1408767700
4.0970000000,-31.3711166382
4.0980000000,-29.7403335571
4.0990000000,-29.4256210327
4.1000000000,-29.0679931641
4.1010000000,-29.9978256226
4.1020000000,-28.2526016235
4.1030000000,-27.3585319519
4.1040000000,-26.6647338867
4.1050000000,-27.3585319519
4.1060000000,-25.9065628052
4.1070000000,-24.4045257568
4.1080000000,-23.4103202820
4.1090000000,-22.9096412659
4.1100000000,-22.6879119873
4.1110000000,-21.0928916931
4.1120000000,-19.4549560547
4.1130000000,-18.6324119568
4.1140000000,-17.5023078918
4.1150000000,-16.3292884827
4.1160000000,-15.2993202209
4.1170000000,-14.4338607788
4.1180000000,-12.2022628784
4.1190000000,-10.3425979614
4.1200000000,-9.1838836670
4.1210000000,-7.6317787170
4.1220000000,-6.1655044556
4.1230000000,-4.7850608826
4.1240000000,-3.0970573425
4.1250000000,-1.3589859009
4.1260000000,0.1215934753
4.1270000000,1.1873245239
4.1280000000,2.0027160645
4.1290000000,2.7966499329
4.1300000000,3.7264823914
4.1310000000,4.8422813416
4.1320000000,6.2942504883
4.1330000000,8.0466270447
4.1340000000,9.4485282898
4.1350000000,11.2295150757
4.1360000000,13.5183334351
4.1370000000,14.4624710083
4.1380000000,15.7928466797
4.1390000000,16.9944763184
4.1400000000,19.1545486450
4.1410000000,19.9127197266
4.1420000000,21.3074684143
4.1430000000,23.5962867737
4.1440000000,23.8323211670
4.1450000000,24.9481201172
4.1460000000,25.6633758545
4.1470000000,27.3084640503
4.1480000000,28.5458564758
4.1490000000,27.6660919189
4.1500000000,28.6531448364
4.1510000000,29.7117233276
4.1520000000,30.7130813599
4.1530000000,29.4113159180
4.1540000000,30.0335884094
4.1550000000,30.4985046387
4.1560000000,30.8418273926
4.1570000000,30.0908088684
4.1580000000,29.5686721802
4.1590000000,30.1766395569
4.1600000000,29.8118591309
4.1610000000,28.9750099182
4.1620000000,28.2955169678
4.1630000000,28.5172462463
4.1640000000,28.2812118530
4.1650000000,26.2141227722
4.1660000000,25.7706642151
4.1670000000,25.3129005432
4.1680000000,25.1913070679
4.1690000000,23.7178802490
4.1700000000,22.0656394958
4.1710000000,21.1286544800
4.1720000000,20.0700759888
4.1730000000,20.7352638245
4.1740000000,18.0315971375
4.1750000000,16.0717964172
4.1760000000,15.3851509094
4.1770000000,14.0047073364
4.1780000000,12.1521949768
4.1790000000,10.8146667480
4.1800000000,9.6130371094
4.1810000000,8.5902214050
4.1820000000,6.9952011108
4.1830000000,4.8422813416
4.1840000000,3.0183792114
4.1850000000,1.4162063599
4.1860000000,0.0858306885
4.1870000000,-1.1372566223
4.1880000000,-2.0527839661
4.1890000000,-2.8467178345
4.1900000000,-3.4403800964
4.1910000000,-4.5061111450
4.1920000000,-5.9080123901
4.1930000000,-7.1597099304
4.1940000000,-8.6474418640
4.1950000000,-10.4498863220
4.1960000000,-12.3953819275
4.1970000000,-14.8200988770
4.1980000000,-15.9859657288
4.1990000000,-17.2090530396
4.2000000000,-19.2332267761
4.2010000000,-21.0356712341
4.2020000000,-20.4563140869
4.2030000000,-22.4661827087
4.2040000000,-23.7894058228
4.2050000000,-25.4702568054
4.2060000000,-26.5932083130
4.2070000000,-26.5932083130
4.2080000000,-27.2512435913
4.2090000000,-28.8748741150
4.2100000000,-29.7760963440
4.2110000000,-29.0679931641
4.2120000000,-29.3755531311
4.2130000000,-30.4841995239
4.2140000000,-31.5427780151
4.2150000000,-29.2825698853
4.2160000000,-30.4841995239
4.2170000000,-30.2910804749
4.2180000000,-31.3496589661
4.2190000000,-28.8248062134
4.2200000000,-29.6330451965
4.2210000000,-29.2539596558
4.2220000000,-29.3183326721
4.2230000000,-27.6017189026
4.2240000000,-26.7934799194
4.2250000000,-27.0938873291
4.2260000000,-26.5932083130
4.2270000000,-24.6620178223
4.2280000000,-23.4246253967
4.2290000000,-22.5234031677
4.2300000000,-22.5162506104
4.2310000000,-21.9082832336
4.2320000000,-19.3691253662
4.2330000000,-18.3391571045
4.2340000000,-17.7669525146
4.2350000000,-16.0288810730
4.2360000000,-14.9846076965
4.2370000000,-13.6327743530
4.2380000000,-12.5670433044
4.2390000000,-10.3926658630
4.2400000000,-8.3470344543
4.2410000000,-7.0309638977
4.2420000000,-5.6791305542
4.2430000000,-4.0197372437
4.2440000000,-2.4247169495
4.2450000000,-0.8082389832
4.2460000000,0.5006790161
4.2470000000,1.5449523926
4.2480000000,2.3531913757
4.2490000000,3.2114982605
4.2500000000,4.4059753418
4.2510000000,5.7578086853
4.2520000000,7.1883201599
4.2530000000,9.0479850769
4.2540000000,11.2223625183
4.2550000000,12.4382972717
4.2560000000,13.7758255005
4.2570000000,15.0561332703
4.2580000000,17.1446800232
4.2590000000,18.4535980225
4.2600000000,19.6266174316
4.2610000000,21.8939781189
4.2620000000,22.9454040527
4.2630000000,23.4103202820
4.2640000000,24.8408317566
4.2650000000,25.7706642151
4.2660000000,27.7304649353
4.2670000000,28.0165672302
4.2680000000,27.6160240173
4.2690000000,28.8391113281
4.2700000000,30.1337242126
4.2710000000,30.3125381470
4.2720000000,29.4613838196
4.2730000000,29.8619270325
4.2740000000,31.0564041138
4.2750000000,30.4055213928
4.2760000000,30.1480293274
4.2770000000,29.3684005737
4.2780000000,30.5271148682
4.2790000000,29.2754173279
4.2800000000,28.9249420166
4.2810000000,28.1381607056
4.2820000000,28.6674499512
4.2830000000,27.6875495911
4.2840000000,25.8493423462
4.2850000000,25.5489349365
4.2860000000,25.0554084778
4.2870000000,24.5618820190
4.2880000000,22.7093696594
4.2890000000,21.5721130371
4.2900000000,20.6708908081
4.2910000000,19.2475318909
4.2920000000,19.1903114319
4.2930000000,17.1446800232
4.2940000000,15.3994560242
4.2950000000,14.1620635986
4.2960000000,12.9318237305
4.2970000000,10.9434127808
4.2980000000,9.6416473389
4.2990000000,7.9679489136
4.3000000000,6.4587593079
4.3010000000,5.0926208496
4.3020000000,3.4546852112
4.3030000000,1.6307830811
4.3040000000,0.0000000000
4.3050000000,-1.3160705566
4.3060000000,-2.2816658020
4.3070000000,-2.9397010803
4.3080000000,-3.5762786865
4.3090000000,-4.5347213745
4.3100000000,-5.9723854065
4.3110000000,-7.8392028809
4.3120000000,-9.7203254700
4.3130000000,-11.4870071411
4.3140000000,-13.6113166809
4.3150000000,-14.7700309753
4.3160000000,-16.6726112366
4.3170000000,-18.3176994324
4.3180000000,-19.5479393005
4.3190000000,-20.2846527100
4.3200000000,-22.1800804138
4.3210000000,-23.3674049377
4.3220000000,-24.9338150024
4.3230000000,-25.9566307068
4.3240000000,-26.2999534607
4.3250000000,-27.0438194275
4.3260000000,-28.6316871643
4.3270000000,-29.6759605408
4.3280000000,-29.0465354919
4.3290000000,-29.3183326721
4.3300000000,-30.2910804749
4.3310000000,-31.5642356873
4.3320000000,-29.3684005737
4.3330000000,-30.5771827698
4.3340000000,-30.1623344421
4.3350000000,-31.4426422119
4.3360000000,-28.8748741150
4.3370000000,-29.7260284424
4.3380000000,-29.1824340820
4.3390000000,-29.4041633606
4.3400000000,-27.5731086731
4.3410000000,-26.7934799194
4.3420000000,-26.8363952637
4.3430000000,-26.5359878540
4.3440000000,-24.5547294617
4.3450000000,-23.2815742493
4.3460000000,-22.2158432007
4.3470000000,-22.0656394958
4.3480000000,-21.4791297913
4.3490000000,-19.1187858582
4.3500000000,-17.8885459900
4.3510000000,-17.0445442200
4.3520000000,-15.6426429749
4.3530000000,-14.0118598938
4.3540000000,-12.8746032715
4.3550000000,-11.3582611084
4.3560000000,-9.8919868469
4.3570000000,-7.6961517334
4.3580000000,-5.8650970459
4.3590000000,-4.3201446533
4.3600000000,-2.8753280640
4.3610000000,-1.3160705566
4.3620000000,0.3504753113
4.3630000000,1.3089179993
4.3640000000,2.2101402283
4.3650000000,3.0398368835
4.3660000000,4.1699409485
4.3670000000,5.6076049805
4.3680000000,7.4601173401
4.3690000000,9.3626976013
4.3700000000,10.4856491089
4.3710000000,12.1378898621
4.3720000000,13.6041641235
4.3730000000,15.4709815979
4.3740000000,17.3091888428
4.3750000000,18.3606147766
4.3760000000,20.0200080872
4.3770000000,22.2802162170
4.3780000000,22.6879119873
4.3790000000,23.9109992981
4.3800000000,24.7836112976
4.3810000000,26.3071060181
4.3820000000,28.0094146729
4.3830000000,27.3799896240
4.3840000000,28.0809402466
4.3850000000,29.2539596558
4.3860000000,30.6272506714
4.3870000000,29.5972824097
4.3880000000,29.8976898193
4.3890000000,30.1337242126
4.3900000000,31.2566757202
4.3910000000,30.1051139832
4.3920000000,29.9763679504
4.3930000000,29.8261642456
4.3940000000,30.1694869995
4.3950000000,28.9463996887
4.3960000000,28.3956527710
4.3970000000,28.1667709351
4.3980000000,28.3741950989
4.3990000000,26.3357162476
4.4000000000,25.4631042480
4.4010000000,25.0196456909
4.4020000000,24.8551368713
4.4030000000,23.5176086426
4.4040000000,21.3289260864
4.4050000000,20.6065177917
4.4060000000,19.2975997925
4.4070000000,18.9900398254
4.4080000000,17.9529190063
4.4090000000,15.4209136963
4.4100000000,13.5469436646
4.4110000000,12.8459930420
4.4120000000,11.2509727478
4.4130000000,9.1481208801
4.4140000000,7.6961517334
4.4150000000,6.2155723572
4.4160000000,4.6133995056
4.4170000000,3.0040740967
4.4180000000,1.3160705566
4.4190000000,-0.2574920654
4.4200000000,-1.4734268188
4.4210000000,-2.5606155396
4.4220000000,-3.1685829163
4.4230000000,-3.9553642273
4.4240000000,-5.3358078003
4.4250000000,-6.8879127502
4.4260000000,-8.6688995361
4.4270000000,-10.9505653381
4.4280000000,-12.6457214355
4.4290000000,-13.7114524841
4.4300000000,-15.9502029419
4.4310000000,-18.3320045471
4.4320000000,-18.9185142517
4.4330000000,-19.3834304810
4.4340000000,-21.8367576599
4.4350000000,-22.7522850037
4.4360000000,-24.7049331665
4.4370000000,-25.8779525757
4.4380000000,-26.0710716248
4.4390000000,-26.8793106079
4.4400000000,-28.5029411316
4.4410000000,-29.5472145081
4.4420000000,-28.9249420166
4.4430000000,-29.2682647705
4.4440000000,-30.2982330322
4.4450000000,-31.6214561462
4.4460000000,-29.3540954590
4.4470000000,-30.5843353271
4.4480000000,-30.2052497864
4.4490000000,-31.4998626709
4.4500000000,-28.9034843445
4.4510000000,-29.7474861145
4.4520000000,-29.2325019836
4.4530000000,-29.3254852295
4.4540000000,-27.4729728699
4.4550000000,-26.6790390015
4.4560000000,-26.6718864441
4.4570000000,-26.3285636902
4.4580000000,-24.3186950684
4.4590000000,-23.0383872986
4.4600000000,-21.8653678894
4.4610000000,-21.6078758240
4.4620000000,-20.9784507751
4.4630000000,-18.6824798584
4.4640000000,-17.2662734985
4.4650000000,-16.3006782532
4.4660000000,-15.1205062866
4.4670000000,-13.0534172058
4.4680000000,-11.9733810425
4.4690000000,-10.1637840271
4.4700000000,-8.7976455688
4.4710000000,-7.0309638977
4.4720000000,-4.9066543579
4.4730000000,-3.1828880310
4.4740000000,-1.5091896057
4.4750000000,0.0429153442
4.4760000000,1.1587142944
4.4770000000,2.0885467529
4.4780000000,3.0541419983
4.4790000000,4.1556358337
4.4800000000,5.8078765869
4.4810000000,7.2169303894
4.4820000000,8.5759162903
4.4830000000,10.4713439941
4.4840000000,11.9948387146
4.4850000000,13.8330459595
4.4860000000,15.9788131714
4.4870000000,16.9229507446
4.4880000000,18.4178352356
4.4890000000,21.2144851685
4.4900000000,21.7795372009
4.4910000000,22.4947929382
4.4920000000,24.0397453308
4.4930000000,25.1483917236
4.4940000000,27.3156166077
4.4950000000,27.5230407715
4.4960000000,27.2870063782
4.4970000000,28.6102294922
4.4980000000,30.0121307373
4.4990000000,30.2481651306
4.5000000000,29.3970108032
4.5010000000,29.8619270325
4.5020000000,31.1279296875
4.5030000000,30.4198265076
4.5040000000,30.2267074585
4.5050000000,29.3970108032
4.5060000000,30.5771827698
4.5070000000,29.2825698853
4.5080000000,28.8176536560
4.5090000000,27.9808044434
4.5100000000,28.5673141479
4.5110000000,27.4372100830
4.5120000000,25.5489349365
4.5130000000,25.1770019531
4.5140000000,24.4975090027
4.5150000000,24.0254402161
4.5160000000,22.1586227417
4.5170000000,20.7138061523
4.5180000000,19.5693969727
4.5190000000,18.1531906128
4.5200000000,18.3677673340
4.5210000000,16.0717964172
4.5220000000,13.9474868774
4.5230000000,12.1736526489
4.5240000000,11.2152099609
4.5250000000,9.6845626831
4.5260000000,7.5459480286
4.5270000000,5.9223175049
4.5280000000,4.2915344238
4.5290000000,2.7966499329
4.5300000000,1.0371208191
4.5310000000,-0.5507469177
4.5320000000,-1.7952919006
4.5330000000,-2.7394294739
4.5340000000,-3.3402442932
4.5350000000,-4.3272972107
4.5360000000,-5.7721138000
4.5370000000,-7.7533721924
4.5380000000,-9.7131729126
4.5390000000,-11.1436843872
4.5400000000,-12.8459930420
4.5410000000,-15.0847434998
4.5420000000,-17.4522399902
4.5430000000,-17.9958343506
4.5440000000,-18.7253952026
4.5450000000,-21.1930274963
4.5460000000,-22.2945213318
4.5470000000,-24.0755081177
4.5480000000,-25.5274772644
4.5490000000,-25.6705284119
4.5500000000,-26.5145301819
4.5510000000,-28.1524658203
4.5520000000,-29.4470787048
4.5530000000,-28.8319587708
4.5540000000,-29.1824340820
4.5550000000,-30.1694869995
4.5560000000,-31.5856933594
4.5570000000,-29.5186042786
4.5580000000,-30.5986404419
4.5590000000,-30.1837921143
4.5600000000,-31.6858291626
4.5610000000,-28.9392471313
4.5620000000,-29.7546386719
4.5630000000,-29.1252136230
4.5640000000,-29.4899940491
4.5650000000,-27.6231765747
4.5660000000,-26.6575813293
4.5670000000,-26.5002250671
4.5680000000,-26.2999534607
4.5690000000,-24.3186950684
4.5700000000,-23.0383872986
4.5710000000,-21.8009948730
4.5720000000,-21.3146209717
4.5730000000,-20.5063819885
4.5740000000,-18.7611579895
4.5750000000,-16.7798995972
4.5760000000,-15.6426429749
4.5770000000,-14.6627426147
4.5780000000,-12.5741958618
4.5790000000,-11.0507011414
4.5800000000,-9.5844268799
4.5810000000,-7.6389312744
4.5820000000,-6.1440467834
4.5830000000,-4.3201446533
4.5840000000,-2.4461746216
4.5850000000,-0.5793571472
4.5860000000,0.8726119995
4.5870000000,1.9598007202
4.5880000000,2.7465820313
4.5890000000,3.7550926208
4.5900000000,5.0854682922
4.5910000000,6.5302848816
4.5920000000,8.3613395691
4.5930000000,10.0064277649
4.5940000000,11.6300582886
4.5950000000,13.9117240906
4.5960000000,15.2564048767
4.5970000000,16.7298316956
4.5980000000,18.4249877930
4.5990000000,20.7924842834
4.6000000000,21.4076042175
4.6010000000,22.6593017578
4.6020000000,23.7536430359
4.6030000000,25.3129005432
4.6040000000,27.2297859192
4.6050000000,27.2154808044
4.6060000000,27.4586677551
4.6070000000,28.6459922791
4.6080000000,30.1766395569
4.6090000000,29.9263000488
4.6100000000,29.5257568359
4.6110000000,29.8690795898
4.6120000000,31.2566757202
4.6130000000,30.2767753601
4.6140000000,30.2410125732
4.6150000000,29.4470787048
4.6160000000,30.5199623108
4.6170000000,29.1037559509
4.6180000000,28.6102294922
4.6190000000,27.9164314270
4.6200000000,28.3455848694
4.6210000000,26.9651412964
4.6220000000,25.4130363464
4.6230000000,24.8265266418
4.6240000000,24.2471694946
4.6250000000,23.4460830688
4.6260000000,21.3289260864
4.6270000000,20.1916694641
4.6280000000,18.8541412354
4.6290000000,17.4236297607
4.6300000000,17.5666809082
4.6310000000,15.1991844177
4.6320000000,13.0319595337
4.6330000000,11.1079216003
4.6340000000,9.9277496338
4.6350000000,8.5186958313
4.6360000000,6.6304206848
4.6370000000,4.6420097351
4.6380000000,2.9253959656
4.6390000000,1.3589859009
4.6400000000,-0.3504753113
4.6410000000,-1.6307830811
4.6420000000,-2.6035308838
4.6430000000,-3.3259391785
4.6440000000,-4.4703483582
4.6450000000,-5.9795379639
4.6460000000,-7.6746940613
4.6470000000,-9.2053413391
4.6480000000,-11.0936164856
4.6490000000,-13.3466720581
4.6500000000,-15.5496597290
4.6510000000,-17.2591209412
4.6520000000,-17.3091888428
4.6530000000,-19.3834304810
4.6540000000,-21.6722488403
4.6550000000,-22.5877761841
4.6560000000,-24.8265266418
4.6570000000,-24.8837471008
4.6580000000,-25.8851051331
4.6590000000,-26.8363952637
4.6600000000,-28.9607048035
4.6610000000,-29.0536880493
4.6620000000,-28.9750099182
4.6630000000,-29.3827056885
4.6640000000,-31.0206413269
4.6650000000,-30.6701660156
4.6660000000,-30.1551818848
4.6670000000,-30.4841995239
4.6680000000,-31.0921669006
4.6690000000,-29.9906730652
4.6700000000,-29.6831130981
4.6710000000,-29.3254852295
4.6720000000,-29.6330451965
4.6730000000,-28.2025337219
4.6740000000,-27.1368026733
4.6750000000,-26.1569023132
4.6760000000,-26.5717506409
4.6770000000,-25.4201889038
4.6780000000,-23.5819816589
4.6790000000,-22.2086906433
4.6800000000,-21.0499763489
4.6810000000,-20.6208229065
4.6820000000,-19.7911262512
4.6830000000,-16.9730186462
4.6840000000,-15.6140327454
4.6850000000,-14.4124031067
4.6860000000,-13.0820274353
4.6870000000,-10.9505653381
4.6880000000,-9.3269348145
4.6890000000,-7.8606605530
4.6900000000,-5.9509277344
4.6910000000,-4.0698051453
4.6920000000,-2.3031234741
4.6930000000,-0.5722045898
4.6940000000,1.0156631470
4.6950000000,1.9669532776
4.6960000000,2.8824806213
4.6970000000,3.9982795715
4.6980000000,5.5861473083
4.6990000000,7.2598457336
4.7000000000,8.6832046509
4.7010000000,10.5643272400
4.7020000000,12.7887725830
4.7030000000,14.2121315002
4.7040000000,15.7499313354
4.7050000000,17.4736976624
4.7060000000,20.1773643494
4.7070000000,20.7710266113
4.7080000000,21.7795372009
4.7090000000,23.2815742493
4.7100000000,24.6477127075
4.7110000000,26.8936157227
4.7120000000,27.1654129028
4.7130000000,27.0152091980
4.7140000000,28.3241271973
4.7150000000,29.9048423767
4.7160000000,30.1051139832
4.7170000000,29.3397903442
4.7180000000,29.8476219177
4.7190000000,31.1350822449
4.7200000000,30.4985046387
4.7210000000,30.2553176880
4.7220000000,29.4113159180
4.7230000000,30.6344032288
4.7240000000,29.2539596558
4.7250000000,28.7246704102
4.7260000000,27.7805328369
4.7270000000,28.3169746399
4.7280000000,27.2011756897
4.7290000000,25.1841545105
4.7300000000,24.7406959534
4.7310000000,23.9181518555
4.7320000000,23.4031677246
4.7330000000,21.6722488403
4.7340000000,19.6409225464
4.7350000000,18.5966491699
4.7360000000,17.1446800232
4.7370000000,16.3793563843
4.7380000000,15.4566764832
4.7390000000,12.6242637634
4.7400000000,10.7574462891
4.7410000000,8.8691711426
4.7420000000,7.6460838318
4.7430000000,6.0653686523
4.7440000000,4.1556358337
4.7450000000,2.2745132446
4.7460000000,0.5149841309
4.7470000000,-1.0728836060
4.7480000000,-2.3460388184
4.7490000000,-3.1828880310
4.7500000000,-4.0125846863
4.7510000000,-5.1784515381
4.7520000000,-6.7090988159
4.7530000000,-8.4757804871
4.7540000000,-10.8146667480
4.7550000000,-12.7601623535
4.7560000000,-15.4137611389
4.7570000000,-15.8929824829
4.7580000000,-17.0946121216
4.7590000000,-19.3333625793
4.7600000000,-21.1071968079
4.7610000000,-22.5520133972
4.7620000000,-24.5761871338
4.7630000000,-24.6620178223
4.7640000000,-25.6562232971
4.7650000000,-26.8077850342
4.7660000000,-29.0608406067
4.7670000000,-28.7604331970
4.7680000000,-28.9964675903
4.7690000000,-29.3970108032
4.7700000000,-31.2352180481
4.7710000000,-30.5914878845
4.7720000000,-30.0192832947
4.7730000000,-30.3339958191
4.7740000000,-31.6572189331
4.7750000000,-29.8547744751
4.7760000000,-29.5758247375
4.7770000000,-29.0894508362
4.7780000000,-29.9048423767
4.7790000000,-28.0308723450
4.7800000000,-26.8793106079
4.7810000000,-25.9566307068
4.7820000000,-26.3857841492
4.7830000000,-24.9552726746
4.7840000000,-23.2529640198
4.7850000000,-21.8439102173
4.7860000000,-20.7424163818
4.7870000000,-20.2131271362
4.7880000000,-19.2189216614
4.7890000000,-16.2291526794
4.7900000000,-14.8558616638
4.7910000000,-13.5254859924
4.7920000000,-12.2022628784
4.7930000000,-9.9921226501
4.7940000000,-8.2325935364
4.7950000000,-6.7305564880
4.7960000000,-4.9424171448
4.7970000000,-2.9540061951
4.7980000000,-1.1086463928
4.7990000000,0.5865097046
4.8000000000,1.7094612122
4.8010000000,2.7680397034
4.8020000000,3.8766860962
4.8030000000,5.2285194397
4.8040000000,6.6518783569
4.8050000000,8.3684921265
4.8060000000,10.6143951416
4.8070000000,12.4454498291
4.8080000000,13.7042999268
4.8090000000,15.4638290405
4.8100000000,17.8670883179
4.8110000000,19.5622444153
4.8120000000,20.4277038574
4.8130000000,21.9082832336
4.8140000000,23.0956077576
4.8150000000,24.7120857239
4.8160000000,26.7505645752
4.8170000000,26.7648696899
4.8180000000,27.1582603455
4.8190000000,28.4671783447
4.8200000000,30.0908088684
4.8210000000,29.8261642456
4.8220000000,29.5042991638
4.8230000000,29.8619270325
4.8240000000,31.2995910645
4.8250000000,30.3483009338
4.8260000000,30.2624702454
4.8270000000,29.4828414917
4.8280000000,30.5271148682
4.8290000000,29.0465354919
4.8300000000,28.5315513611
4.8310000000,27.7662277222
4.8320000000,28.0952453613
4.8330000000,26.6718864441
4.8340000000,25.0840187073
4.8350000000,24.3544578552
4.8360000000,23.6105918884
4.8370000000,22.7880477905
4.8380000000,20.9212303162
4.8390000000,19.1831588745
4.8400000000,17.8885459900
4.8410000000,16.4008140564
4.8420000000,15.5210494995
4.8430000000,14.6269798279
4.8440000000,11.6944313049
4.8450000000,9.8347663879
4.8460000000,7.8535079956
4.8470000000,6.3014030457
4.8480000000,4.7564506531
4.8490000000,2.9039382935
4.8500000000,1.0514259338
4.8510000000,-0.6866455078
4.8520000000,-2.0384788513
4.8530000000,-3.0326843262
4.8540000000,-3.7622451782
4.8550000000,-4.8494338989
4.8560000000,-6.5088272095
4.8570000000,-8.6116790771
4.8580000000,-10.6716156006
4.8590000000,-12.9246711731
4.8600000000,-14.8844718933
4.8610000000,-15.2492523193
4.8620000000,-17.2090530396
4.8630000000,-19.9198722839
4.8640000000,-20.7209587097
4.8650000000,-22.8238105774
4.8660000000,-24.7120857239
4.8670000000,-24.3973731995
4.8680000000,-26.0853767395
4.8690000000,-27.2512435913
4.8700000000,-29.0465354919
4.8710000000,-28.5530090332
4.8720000000,-29.0250778198
4.8730000000,-29.9477577209
4.8740000000,-31.3711166382
4.8750000000,-30.0192832947
4.8760000000,-30.2910804749
4.8770000000,-30.4412841797
4.8780000000,-31.8646430969
4.8790000000,-29.1681289673
4.8800000000,-29.8047065735
4.8810000000,-28.9106369019
4.8820000000,-29.9549102783
4.8830000000,-27.2941589355
4.8840000000,-26.8435478210
4.8850000000,-25.8636474609
4.8860000000,-25.9494781494
4.8870000000,-23.9467620850
4.8880000000,-22.5591659546
4.8890000000,-21.3932991028
4.8900000000,-20.3275680542
4.8910000000,-19.5693969727
4.8920000000,-17.9457664490
4.8930000000,-15.2707099915
4.8940000000,-13.9760971069
4.8950000000,-12.2308731079
4.8960000000,-10.7645988464
4.8970000000,-8.7189674377
4.8980000000,-6.9379806519
4.8990000000,-5.2928924561
4.9000000000,-3.4976005554
4.9010000000,-1.4591217041
4.9020000000,0.3218650818
4.9030000000,1.6379356384
4.9040000000,2.6178359985
4.9050000000,3.6406517029
4.9060000000,4.9424171448
4.9070000000,6.6375732422
4.9080000000,8.5759162903
4.9090000000,10.5285644531
4.9100000000,11.8732452393
4.9110000000,13.8187408447
4.9120000000,15.6784057617
4.9130000000,18.3892250061
4.9140000000,19.2904472351
4.9150000000,20.2059745789
4.9160000000,22.1872329712
4.9170000000,23.2958793640
4.9180000000,25.2771377563
4.9190000000,26.7148017883
4.9200000000,26.3428688049
4.9210000000,27.4586677551
4.9220000000,28.8462638855
4.9230000000,30.3125381470
4.9240000000,29.3540954590
4.9250000000,29.8976898193
4.9260000000,30.1623344421
4.9270000000,31.3210487366
4.9280000000,30.1980972290
4.9290000000,30.0478935242
4.9300000000,29.9549102783
4.9310000000,30.0765037537
4.9320000000,28.7318229675
4.9330000000,28.1596183777
4.9340000000,27.8091430664
4.9350000000,27.8234481812
4.9360000000,25.6061553955
4.9370000000,24.5547294617
4.9380000000,23.9324569702
4.9390000000,23.3602523804
4.9400000000,21.9583511353
4.9410000000,19.6695327759
4.9420000000,18.5251235962
4.9430000000,16.8728828430
4.9440000000,15.3064727783
4.9450000000,14.5769119263
4.9460000000,13.2536888123
4.9470000000,10.3783607483
4.9480000000,8.4900856018
4.9490000000,6.5159797668
4.9500000000,4.7850608826
4.9510000000,3.0398368835
4.9520000000,1.2230873108
4.9530000000,-0.4363059998
4.9540000000,-1.7738342285
4.9550000000,-2.8824806213
4.9560000000,-3.7050247192
4.9570000000,-4.9924850464
4.9580000000,-6.7877769470
4.9590000000,-8.6331367493
4.9600000000,-10.9434127808
4.9610000000,-13.2179260254
4.9620000000,-13.8545036316
4.9630000000,-15.5711174011
4.9640000000,-17.9028511047
4.9650000000,-19.9270248413
4.9660000000,-21.1143493652
4.9670000000,-23.6749649048
4.9680000000,-23.8108634949
4.9690000000,-24.7192382813
4.9700000000,-26.3643264771
4.9710000000,-28.0022621155
4.9720000000,-28.8319587708
4.9730000000,-28.6030769348
4.9740000000,-29.1538238525
4.9750000000,-30.7202339172
4.9760000000,-30.7703018188
4.9770000000,-30.2767753601
4.9780000000,-30.3483009338
4.9790000000,-31.1279296875
4.9800000000,-30.4627418518
4.9810000000,-29.5901298523
4.9820000000,-29.4542312622
4.9830000000,-29.4256210327
4.9840000000,-28.6531448364
4.9850000000,-26.8507003784
4.9860000000,-26.3500213623
4.9870000000,-25.9065628052
4.9880000000,-25.2556800842
4.9890000000,-23.0741500854
4.9900000000,-21.6579437256
4.9910000000,-20.3704833984
4.9920000000,-19.8340415955
4.9930000000,-18.3033943176
4.9940000000,-16.2577629089
4.9950000000,-13.8688087463
4.9960000000,-12.7100944519
4.9970000000,-10.7574462891
4.9980000000,-9.1481208801
4.9990000000,-7.1239471436
