time (s),velocity (rpm)
0.0000000000,-0.2002716064
0.0010000000,0.1072883606
0.0020000000,0.1430511475
0.0030000000,-0.1645088196
0.0040000000,-0.0572204590
0.0050000000,0.1502037048
0.0060000000,-0.0143051147
0.0070000000,-0.1788139343
0.0080000000,0.1502037048
0.0090000000,0.0786781311
0.0100000000,-0.1573562622
0.0110000000,0.0000000000
0.0120000000,0.1645088196
0.0130000000,-0.0715255737
0.0140000000,-0.1215934753
0.0150000000,0.1573562622
0.0160000000,0.0286102295
0.0170000000,-0.1358985901
0.0180000000,0.0858306885
0.0190000000,0.0858306885
0.0200000000,-0.1215934753
0.0210000000,0.0071525574
0.0220000000,0.1072883606
0.0230000000,-0.0643730164
0.0240000000,-0.0429153442
0.0250000000,0.0715255737
0.0260000000,0.0214576721
0.0270000000,-0.0286102295
0.0280000000,0.0143051147
0.0290000000,0.0572204590
0.0300000000,-0.0286102295
0.0310000000,-0.0143051147
0.0320000000,0.0715255737
0.0330000000,-0.0071525574
0.0340000000,-0.0357627869
0.0350000000,0.0572204590
0.0360000000,0.0715255737
0.0370000000,0.0143051147
0.0380000000,0.0357627869
0.0390000000,0.0429153442
0.0400000000,0.0715255737
0.0410000000,0.1716613770
0.0420000000,0.1788139343
0.0430000000,0.1358985901
0.0440000000,0.1716613770
0.0450000000,0.1215934753
0.0460000000,0.1502037048
0.0470000000,0.1287460327
0.0480000000,0.1716613770
0.0490000000,0.1716613770
0.0500000000,0.2074241638
0.0510000000,0.2360343933
0.0520000000,0.2145767212
0.0530000000,0.2574920654
0.0540000000,0.3004074097
0.0550000000,0.2861022949
0.0560000000,0.3862380981
0.0570000000,0.3433227539
0.0580000000,0.3719329834
0.0590000000,0.4148483276
0.0600000000,0.4506111145
0.0610000000,0.4577636719
0.0620000000,0.5793571472
0.0630000000,0.5793571472
0.0640000000,0.6437301636
0.0650000000,0.7009506226
0.0660000000,0.7724761963
0.0670000000,0.8082389832
0.0680000000,0.9512901306
0.0690000000,0.9012222290
0.0700000000,1.0299682617
0.0710000000,1.1801719666
0.0720000000,1.2874603271
0.0730000000,1.4591217041
0.0740000000,1.5592575073
0.0750000000,1.7523765564
0.0760000000,1.8668174744
0.0770000000,1.9383430481
0.0780000000,2.1100044250
0.0790000000,2.2244453430
0.0800000000,2.2745132446
0.0810000000,2.3674964905
0.0820000000,2.4461746216
0.0830000000,2.5749206543
0.0840000000,2.5534629822
0.0850000000,2.6750564575
0.0860000000,2.8467178345
0.0870000000,2.8967857361
0.0880000000,3.0541419983
0.0890000000,3.1256675720
0.0900000000,3.2258033752
0.0910000000,3.2472610474
0.0920000000,3.3402442932
0.0930000000,3.4189224243
0.0940000000,3.4546852112
0.0950000000,3.7407875061
0.0960000000,3.8194656372
0.0970000000,3.9482116699
0.0980000000,4.0197372437
0.0990000000,4.0555000305
0.1000000000,4.0268898010
0.1010000000,4.0555000305
0.1020000000,4.1842460632
0.1030000000,4.3988227844
0.1040000000,4.5561790466
0.1050000000,4.6205520630
0.1060000000,4.5204162598
0.1070000000,4.6849250793
0.1080000000,4.7850608826
0.1090000000,5.0210952759
0.1100000000,5.1784515381
0.1110000000,5.2928924561
0.1120000000,5.4001808167
0.1130000000,5.4144859314
0.1140000000,5.4073333740
0.1150000000,5.6576728821
0.1160000000,5.8507919312
0.1170000000,5.8507919312
0.1180000000,5.9151649475
0.1190000000,6.0725212097
0.1200000000,6.3872337341
0.1210000000,6.6661834717
0.1220000000,6.4802169800
0.1230000000,6.3729286194
0.1240000000,6.6089630127
0.1250000000,6.7949295044
0.1260000000,6.8020820618
0.1270000000,6.7305564880
0.1280000000,6.9808959961
0.1290000000,7.2884559631
0.1300000000,7.5316429138
0.1310000000,7.5101852417
0.1320000000,7.3957443237
0.1330000000,7.7462196350
0.1340000000,7.8392028809
0.1350000000,7.8392028809
0.1360000000,8.2254409790
0.1370000000,8.6331367493
0.1380000000,8.5115432739
0.1390000000,8.3112716675
0.1400000000,8.6402893066
0.1410000000,8.5759162903
0.1420000000,8.5186958313
0.1430000000,8.9693069458
0.1440000000,9.2697143555
0.1450000000,9.2983245850
0.1460000000,9.2697143555
0.1470000000,9.5772743225
0.1480000000,9.5486640930
0.1490000000,9.8347663879
0.1500000000,10.4355812073
0.1510000000,10.1709365845
0.1520000000,10.1065635681
0.1530000000,10.2853775024
0.1540000000,10.0421905518
0.1550000000,10.5214118958
0.1560000000,10.9219551086
0.1570000000,10.7717514038
0.1580000000,10.9434127808
0.1590000000,11.0793113708
0.1600000000,11.3582611084
0.1610000000,12.0449066162
0.1620000000,11.5656852722
0.1630000000,11.5370750427
0.1640000000,11.4727020264
0.1650000000,11.5871429443
0.1660000000,12.1593475342
0.1670000000,12.0806694031
0.1680000000,12.2809410095
0.1690000000,12.3667716980
0.1700000000,12.8459930420
0.1710000000,13.4682655334
0.1720000000,12.7744674683
0.1730000000,13.0033493042
0.1740000000,12.7243995667
0.1750000000,13.4682655334
0.1760000000,13.5540962219
0.1770000000,13.7042999268
0.1780000000,13.8473510742
0.1790000000,14.5483016968
0.1800000000,14.7557258606
0.1810000000,14.2908096313
0.1820000000,14.2192840576
0.1830000000,14.4982337952
0.1840000000,15.0275230408
0.1850000000,14.9631500244
0.1860000000,15.1562690735
0.1870000000,15.9859657288
0.1880000000,15.9573554993
0.1890000000,15.7284736633
0.1900000000,15.4352188110
0.1910000000,16.2005424500
0.1920000000,16.0932540894
0.1930000000,16.3507461548
0.1940000000,16.7155265808
0.1950000000,17.5452232361
0.1960000000,16.8585777283
0.1970000000,16.5724754333
0.1980000000,17.3878669739
0.1990000000,17.2233581543
0.2000000000,17.6167488098
0.2010000000,18.2747840881
0.2020000000,18.4106826782
0.2030000000,18.1174278259
0.2040000000,17.9815292358
0.2050000000,18.6324119568
0.2060000000,18.4822082520
0.2070000000,18.8469886780
0.2080000000,20.0343132019
0.2090000000,19.3762779236
0.2100000000,18.9542770386
0.2110000000,19.8054313660
0.2120000000,19.6337699890
0.2130000000,20.0128555298
0.2140000000,21.1286544800
0.2150000000,20.5278396606
0.2160000000,20.2417373657
0.2170000000,20.6995010376
0.2180000000,20.7924842834
0.2190000000,21.9941139221
0.2200000000,22.0370292664
0.2210000000,21.1071968079
0.2220000000,21.7008590698
0.2230000000,21.7437744141
0.2240000000,22.2015380859
0.2250000000,23.5104560852
0.2260000000,22.3517417908
0.2270000000,22.5377082825
0.2280000000,22.8309631348
0.2290000000,22.8595733643
0.2300000000,24.2686271667
0.2310000000,23.1957435608
0.2320000000,23.5533714294
0.2330000000,24.0898132324
0.2340000000,23.8680839539
0.2350000000,25.1698493958
0.2360000000,23.8895416260
0.2370000000,24.8479843140
0.2380000000,25.0911712646
0.2390000000,25.0411033630
0.2400000000,26.1998176575
0.2410000000,24.9695777893
0.2420000000,26.1569023132
0.2430000000,25.6848335266
0.2440000000,27.2798538208
0.2450000000,26.4930725098
0.2460000000,26.6361236572
0.2470000000,27.1224975586
0.2480000000,27.5158882141
0.2490000000,28.5172462463
0.2500000000,26.8292427063
0.2510000000,27.7662277222
0.2520000000,27.6374816895
0.2530000000,29.4470787048
0.2540000000,27.6160240173
0.2550000000,28.1453132629
0.2560000000,28.2239913940
0.2570000000,29.5829772949
0.2580000000,28.2239913940
0.2590000000,29.0679931641
0.2600000000,28.7389755249
0.2610000000,30.0693511963
0.2620000000,28.9893150330
0.2630000000,29.3469429016
0.2640000000,29.5686721802
0.2650000000,31.0778617859
0.2660000000,29.7331809998
0.2670000000,29.6974182129
0.2680000000,30.2839279175
0.2690000000,31.7645072937
0.2700000000,30.2910804749
0.2710000000,30.6630134583
0.2720000000,31.2781333923
0.2730000000,31.9504737854
0.2740000000,31.0134887695
0.2750000000,31.8574905396
0.2760000000,32.5441360474
0.2770000000,32.2437286377
0.2780000000,32.2723388672
0.2790000000,32.4583053589
0.2800000000,33.8172912598
0.2810000000,32.7086448669
0.2820000000,33.2808494568
0.2830000000,33.8315963745
0.2840000000,33.8530540466
0.2850000000,33.5311889648
0.2860000000,33.6813926697
0.2870000000,35.4409217834
0.2880000000,34.0247154236
0.2890000000,33.9818000793
0.2900000000,35.9058380127
0.2910000000,34.6469879150
0.2920000000,34.9545478821
0.2930000000,35.5339050293
0.2940000000,35.8629226685
0.2950000000,35.6197357178
0.2960000000,35.4480743408
0.2970000000,36.9715690613
0.2980000000,35.9487533569
0.2990000000,35.7413291931
0.3000000000,37.9443168640
0.3010000000,36.7212295532
0.3020000000,36.0274314880
0.3030000000,38.1660461426
0.3040000000,37.4364852905
0.3050000000,37.0502471924
0.3060000000,38.2304191589
0.3070000000,37.7941131592
0.3080000000,38.0802154541
0.3090000000,38.6238098145
0.3100000000,38.4521484375
0.3110000000,38.5308265686
0.3120000000,39.3819808960
0.3130000000,39.5750999451
0.3140000000,38.7740135193
0.3150000000,39.9971008301
0.3160000000,40.2188301086
0.3170000000,39.3748283386
0.3180000000,40.6050682068
0.3190000000,39.9398803711
0.3200000000,40.1115417480
0.3210000000,41.2130355835
0.3220000000,40.4191017151
0.3230000000,40.4191017151
0.3240000000,42.9010391235
0.3250000000,41.2344932556
0.3260000000,40.7481193542
0.3270000000,44.1598892212
0.3280000000,41.5706634521
0.3290000000,42.0856475830
0.3300000000,43.4589385986
0.3310000000,42.3288345337
0.3320000000,43.6592102051
0.3330000000,42.7365303040
0.3340000000,42.8938865662
0.3350000000,43.5590744019
0.3360000000,43.1513786316
0.3370000000,42.8724288940
0.3380000000,44.0955162048
0.3390000000,42.9940223694
0.3400000000,44.0812110901
0.3410000000,44.2385673523
0.3420000000,43.2300567627
0.3430000000,45.1111793518
0.3440000000,44.2314147949
0.3450000000,43.8380241394
0.3460000000,45.8765029907
0.3470000000,44.0812110901
0.3480000000,45.9766387939
0.3490000000,44.6963310242
0.3500000000,44.9109077454
0.3510000000,46.4844703674
0.3520000000,45.3400611877
0.3530000000,45.3042984009
0.3540000000,46.2770462036
0.3550000000,45.4688072205
0.3560000000,47.1282005310
0.3570000000,45.5975532532
0.3580000000,45.8335876465
0.3590000000,46.9851493835
0.3600000000,46.3342666626
0.3610000000,47.0280647278
0.3620000000,46.5846061707
0.3630000000,46.4415550232
0.3640000000,47.7719306946
0.3650000000,46.8492507935
0.3660000000,47.9936599731
0.3670000000,47.0280647278
0.3680000000,47.3928451538
0.3690000000,48.0937957764
0.3700000000,47.2998619080
0.3710000000,48.4013557434
0.3720000000,47.7290153503
0.3730000000,48.1009483337
0.3740000000,48.1152534485
0.3750000000,47.8649139404
0.3760000000,49.7245788574
0.3770000000,47.4858283997
0.3780000000,49.2668151855
0.3790000000,48.2082366943
0.3800000000,48.3727455139
0.3810000000,49.6244430542
0.3820000000,48.5229492188
0.3830000000,49.3884086609
0.3840000000,48.7232208252
0.3850000000,49.1666793823
0.3860000000,49.2453575134
0.3870000000,48.4442710876
0.3880000000,50.5971908569
0.3890000000,48.3798980713
0.3900000000,49.8962402344
0.3910000000,49.4170188904
0.3920000000,48.7232208252
0.3930000000,50.8332252502
0.3940000000,48.8734245300
0.3950000000,50.4255294800
0.3960000000,49.3454933167
0.3970000000,50.2038002014
0.3980000000,49.7746467590
0.3990000000,49.4384765625
0.4000000000,51.0334968567
0.4010000000,49.4241714478
0.4020000000,50.9619712830
0.4030000000,49.1166114807
0.4040000000,50.8117675781
0.4050000000,49.9677658081
0.4060000000,49.3383407593
0.4070000000,51.0191917419
0.4080000000,49.6673583984
0.4090000000,50.6472587585
0.4100000000,49.5529174805
0.4110000000,50.3611564636
0.4120000000,49.7961044312
0.4130000000,49.6387481689
0.4140000000,51.0406494141
0.4150000000,49.0951538086
0.4160000000,50.9262084961
0.4170000000,49.5743751526
0.4180000000,50.1680374146
0.4190000000,50.2252578735
0.4200000000,49.7961044312
0.4210000000,51.4268875122
0.4220000000,49.8676300049
0.4230000000,51.2981414795
0.4240000000,49.5815277100
0.4250000000,51.0835647583
0.4260000000,49.5600700378
0.4270000000,49.5171546936
0.4280000000,50.8117675781
0.4290000000,49.4742393494
0.4300000000,50.1537322998
0.4310000000,49.1237640381
0.4320000000,49.7531890869
0.4330000000,48.9449501038
0.4340000000,48.6588478088
0.4350000000,49.8747825623
0.4360000000,48.3798980713
0.4370000000,49.2739677429
0.4380000000,48.8018989563
0.4390000000,47.8363037109
0.4400000000,49.2739677429
0.4410000000,48.0580329895
0.4420000000,49.4384765625
0.4430000000,47.4071502686
0.4440000000,48.5301017761
0.4450000000,47.6431846619
0.4460000000,47.4357604980
0.4470000000,48.6660003662
0.4480000000,47.1496582031
0.4490000000,47.8577613831
0.4500000000,47.2068786621
0.4510000000,46.5774536133
0.4520000000,48.1367111206
0.4530000000,46.6561317444
0.4540000000,47.4143028259
0.4550000000,46.8420982361
0.4560000000,46.2985038757
0.4570000000,48.2511520386
0.4580000000,45.9551811218
0.4590000000,47.1496582031
0.4600000000,46.0195541382
0.4610000000,45.7477569580
0.4620000000,46.9779968262
0.4630000000,45.2971458435
0.4640000000,45.5474853516
0.4650000000,45.3972816467
0.4660000000,44.7535514832
0.4670000000,45.7406044006
0.4680000000,44.3673133850
0.4690000000,43.4875488281
0.4700000000,45.5832481384
0.4710000000,43.2729721069
0.4720000000,44.1598892212
0.4730000000,43.3588027954
0.4740000000,43.0941581726
0.4750000000,44.1956520081
0.4760000000,42.5505638123
0.4770000000,42.3073768616
0.4780000000,43.4947013855
0.4790000000,41.8853759766
0.4800000000,42.0427322388
0.4810000000,42.4218177795
0.4820000000,41.1343574524
0.4830000000,42.0641899109
0.4840000000,40.8768653870
0.4850000000,40.4119491577
0.4860000000,41.3846969604
0.4870000000,39.9613380432
0.4880000000,39.5464897156
0.4890000000,40.2045249939
0.4900000000,39.3104553223
0.4910000000,38.7668609619
0.4920000000,39.2746925354
0.4930000000,38.3734703064
0.4940000000,38.0802154541
0.4950000000,38.8956069946
0.4960000000,36.8499755859
0.4970000000,37.3792648315
0.4980000000,38.0444526672
0.4990000000,36.0274314880
0.5000000000,36.8499755859
0.5010000000,35.8486175537
0.5020000000,36.0989570618
0.5030000000,35.9129905701
0.5040000000,34.2679023743
0.5050000000,35.4909896851
0.5060000000,34.5396995544
0.5070000000,33.8745117188
0.5080000000,34.2321395874
0.5090000000,33.1449508667
0.5100000000,33.1306457520
0.5110000000,32.3009490967
0.5120000000,32.8302383423
0.5130000000,31.9933891296
0.5140000000,30.9133529663
0.5150000000,31.8431854248
0.5160000000,30.6916236877
0.5170000000,30.1909446716
0.5180000000,29.0966033936
0.5190000000,30.4698944092
0.5200000000,29.0966033936
0.5210000000,28.1810760498
0.5220000000,27.6446342468
0.5230000000,28.6531448364
0.5240000000,28.0737876892
0.5250000000,26.3142585754
0.5260000000,26.1425971985
0.5270000000,26.3500213623
0.5280000000,26.9722938538
0.5290000000,24.9266624451
0.5300000000,24.7979164124
0.5310000000,24.7049331665
0.5320000000,24.2829322815
0.5330000000,24.1398811340
0.5340000000,22.8309631348
0.5350000000,22.7594375610
0.5360000000,22.7236747742
0.5370000000,21.7938423157
0.5380000000,21.9655036926
0.5390000000,21.0285186768
0.5400000000,19.9913978577
0.5410000000,20.3204154968
0.5420000000,19.6266174316
0.5430000000,19.9413299561
0.5440000000,18.9971923828
0.5450000000,17.7812576294
0.5460000000,17.3234939575
0.5470000000,17.6954269409
0.5480000000,17.1732902527
0.5490000000,16.1933898926
0.5500000000,16.7369842529
0.5510000000,15.4566764832
0.5520000000,14.6126747131
0.5530000000,13.9689445496
0.5540000000,14.4982337952
0.5550000000,13.6184692383
0.5560000000,12.8674507141
0.5570000000,12.3238563538
0.5580000000,12.8602981567
0.5590000000,11.9304656982
0.5600000000,10.8432769775
0.5610000000,10.1494789124
0.5620000000,9.4342231750
0.5630000000,9.6631050110
0.5640000000,9.3054771423
0.5650000000,8.4543228149
0.5660000000,7.6675415039
0.5670000000,7.3671340942
0.5680000000,6.7377090454
0.5690000000,6.2012672424
0.5700000000,5.8722496033
0.5710000000,5.6290626526
0.5720000000,5.0926208496
0.5730000000,4.3272972107
0.5740000000,3.6048889160
0.5750000000,3.0183792114
0.5760000000,2.4676322937
0.5770000000,1.8668174744
0.5780000000,1.4734268188
0.5790000000,0.9655952454
0.5800000000,0.5364418030
0.5810000000,0.0429153442
0.5820000000,-0.2145767212
0.5830000000,-0.4291534424
0.5840000000,-0.5149841309
0.5850000000,-0.7152557373
0.5860000000,-0.8225440979
0.5870000000,-1.0085105896
0.5880000000,-1.1515617371
0.5890000000,-1.5163421631
0.5900000000,-1.8668174744
0.5910000000,-2.3531913757
0.5920000000,-2.7751922607
0.5930000000,-3.3974647522
0.5940000000,-4.1055679321
0.5950000000,-4.6992301941
0.5960000000,-5.4287910461
0.5970000000,-5.9723854065
0.5980000000,-6.9022178650
0.5990000000,-7.8964233398
0.6000000000,-8.7118148804
0.6010000000,-9.5629692078
0.6020000000,-10.4928016663
0.6030000000,-10.6930732727
0.6040000000,-11.0006332397
0.6050000000,-12.3453140259
0.6060000000,-13.1320953369
0.6070000000,-14.1406059265
0.6080000000,-13.4897232056
0.6090000000,-13.9832496643
0.6100000000,-15.0203704834
0.6110000000,-16.2863731384
0.6120000000,-16.0002708435
0.6130000000,-17.3306465149
0.6140000000,-18.3248519897
0.6150000000,-18.0387496948
0.6160000000,-18.7969207764
0.6170000000,-19.2189216614
0.6180000000,-19.3834304810
0.6190000000,-21.1644172668
0.6200000000,-21.7580795288
0.6210000000,-21.2001800537
0.6220000000,-21.9511985779
0.6230000000,-22.3445892334
0.6240000000,-22.9310989380
0.6250000000,-24.4116783142
0.6260000000,-24.3759155273
0.6270000000,-23.7751007080
0.6280000000,-25.5489349365
0.6290000000,-25.2842903137
0.6300000000,-27.3013114929
0.6310000000,-25.8851051331
0.6320000000,-26.9222259521
0.6330000000,-27.4372100830
0.6340000000,-28.7604331970
0.6350000000,-28.8105010986
0.6360000000,-28.6602973938
0.6370000000,-29.6330451965
0.6380000000,-30.8632850647
0.6390000000,-30.7345390320
0.6400000000,-30.6701660156
0.6410000000,-31.5856933594
0.6420000000,-32.8159332275
0.6430000000,-32.3081016541
0.6440000000,-32.8087806702
0.6450000000,-32.7730178833
0.6460000000,-34.8114967346
0.6470000000,-33.7314605713
0.6480000000,-34.3894958496
0.6490000000,-35.9988212585
0.6500000000,-34.9330902100
0.6510000000,-35.6411933899
0.6520000000,-36.9215011597
0.6530000000,-36.8428230286
0.6540000000,-36.9429588318
0.6550000000,-37.8870964050
0.6560000000,-38.1875038147
0.6570000000,-38.0587577820
0.6580000000,-39.3247604370
0.6590000000,-39.4248962402
0.6600000000,-39.1459465027
0.6610000000,-40.5335426331
0.6620000000,-40.9340858459
0.6630000000,-40.1043891907
0.6640000000,-41.9855117798
0.6650000000,-41.6421890259
0.6660000000,-41.2559509277
0.6670000000,-43.7307357788
0.6680000000,-42.1571731567
0.6690000000,-42.9582595825
0.6700000000,-44.4316864014
0.6710000000,-43.2729721069
0.6720000000,-44.1384315491
0.6730000000,-44.6248054504
0.6740000000,-44.2528724670
0.6750000000,-45.7906723022
0.6760000000,-44.5461273193
0.6770000000,-45.6690788269
0.6780000000,-45.7620620728
0.6790000000,-45.3186035156
0.6800000000,-47.1210479736
0.6810000000,-46.0767745972
0.6820000000,-46.1268424988
0.6830000000,-47.3356246948
0.6840000000,-46.8707084656
0.6850000000,-47.7361679077
0.6860000000,-46.7920303345
0.6870000000,-47.6002693176
0.6880000000,-48.4728813171
0.6890000000,-47.6360321045
0.6900000000,-48.9735603333
0.6910000000,-48.3727455139
0.6920000000,-48.2869148254
0.6930000000,-49.2811203003
0.6940000000,-48.2368469238
0.6950000000,-50.2967834473
0.6960000000,-48.5587120056
0.6970000000,-49.5529174805
0.6980000000,-49.3097305298
0.6990000000,-49.3097305298
0.7000000000,-49.9105453491
0.7010000000,-49.3311882019
0.7020000000,-50.5685806274
0.7030000000,-48.8877296448
0.7040000000,-50.2610206604
0.7050000000,-50.2324104309
0.7060000000,-49.8533248901
0.7070000000,-51.1765480042
0.7080000000,-50.0392913818
0.7090000000,-51.1264801025
0.7100000000,-50.0249862671
0.7110000000,-50.3325462341
0.7120000000,-50.0822067261
0.7130000000,-50.1036643982
0.7140000000,-51.0835647583
0.7150000000,-49.2238998413
0.7160000000,-51.2766838074
0.7170000000,-49.7317314148
0.7180000000,-49.8533248901
0.7190000000,-49.9463081360
0.7200000000,-49.8533248901
0.7210000000,-50.2538681030
0.7220000000,-48.8877296448
0.7230000000,-50.7688522339
0.7240000000,-48.5372543335
0.7250000000,-49.1237640381
0.7260000000,-49.4742393494
0.7270000000,-48.2082366943
0.7280000000,-49.0951538086
0.7290000000,-48.3012199402
0.7300000000,-48.3942031860
0.7310000000,-47.4286079407
0.7320000000,-47.4786758423
0.7330000000,-48.3083724976
0.7340000000,-46.4987754822
0.7350000000,-47.6932525635
0.7360000000,-46.5917587280
0.7370000000,-46.3771820068
0.7380000000,-46.8707084656
0.7390000000,-46.2555885315
0.7400000000,-46.7562675476
0.7410000000,-45.5546379089
0.7420000000,-45.6762313843
0.7430000000,-46.5273857117
0.7440000000,-44.8608398438
0.7450000000,-45.2542304993
0.7460000000,-44.8679924011
0.7470000000,-43.8308715820
0.7480000000,-44.6891784668
0.7490000000,-43.2801246643
0.7500000000,-42.7722930908
0.7510000000,-43.1299209595
0.7520000000,-41.9425964355
0.7530000000,-42.0069694519
0.7540000000,-41.8925285339
0.7550000000,-40.5192375183
0.7560000000,-41.2130355835
0.7570000000,-40.1687622070
0.7580000000,-39.0601158142
0.7590000000,-39.9184226990
0.7600000000,-38.7454032898
0.7610000000,-37.8298759460
0.7620000000,-38.5165214539
0.7630000000,-37.4865531921
0.7640000000,-36.5710258484
0.7650000000,-36.7426872253
0.7660000000,-36.5066528320
0.7670000000,-35.2120399475
0.7680000000,-34.8401069641
0.7690000000,-35.4695320129
0.7700000000,-33.7672233582
0.7710000000,-33.0662727356
0.7720000000,-33.4954261780
0.7730000000,-32.5298309326
0.7740000000,-31.8932533264
0.7750000000,-30.8203697205
0.7760000000,-31.6214561462
0.7770000000,-29.6545028687
0.7780000000,-29.2325019836
0.7790000000,-28.7103652954
0.7800000000,-29.4756889343
0.7810000000,-27.2512435913
0.7820000000,-26.7934799194
0.7830000000,-25.7921218872
0.7840000000,-26.3786315918
0.7850000000,-25.3200531006
0.7860000000,-24.2543220520
0.7870000000,-23.8108634949
0.7880000000,-22.5806236267
0.7890000000,-22.9096412659
0.7900000000,-21.8582153320
0.7910000000,-20.8497047424
0.7920000000,-20.5278396606
0.7930000000,-19.1044807434
0.7940000000,-19.1974639893
0.7950000000,-18.9542770386
0.7960000000,-17.5094604492
0.7970000000,-16.4723396301
0.7980000000,-15.8643722534
0.7990000000,-15.5425071716
0.8000000000,-14.3480300903
0.8010000000,-14.4624710083
0.8020000000,-13.7472152710
0.8030000000,-13.1464004517
0.8040000000,-11.4226341248
0.8050000000,-10.6072425842
0.8060000000,-10.2210044861
0.8070000000,-9.4199180603
0.8080000000,-9.1195106506
0.8090000000,-8.2397460938
0.8100000000,-7.2813034058
0.8110000000,-6.5445899963
0.8120000000,-5.9652328491
0.8130000000,-5.4574012756
0.8140000000,-4.5132637024
0.8150000000,-3.6549568176
0.8160000000,-2.9110908508
0.8170000000,-2.1600723267
0.8180000000,-1.4662742615
0.8190000000,-0.7009506226
0.8200000000,0.0071525574
0.8210000000,0.4792213440
0.8220000000,0.6580352783
0.8230000000,0.6222724915
0.8240000000,0.6794929504
0.8250000000,0.9727478027
0.8260000000,1.4591217041
0.8270000000,2.1386146545
0.8280000000,2.9325485229
0.8290000000,3.7193298340
0.8300000000,4.6563148499
0.8310000000,5.4645538330
0.8320000000,6.2656402588
0.8330000000,7.2741508484
0.8340000000,8.5115432739
0.8350000000,9.6845626831
0.8360000000,10.3354454041
0.8370000000,11.2366676331
0.8380000000,11.9018554688
0.8390000000,13.0748748779
0.8400000000,14.5053863525
0.8410000000,14.5268440247
0.8420000000,15.1491165161
0.8430000000,16.0503387451
0.8440000000,17.5881385803
0.8450000000,18.0530548096
0.8460000000,18.5680389404
0.8470000000,20.5922126770
0.8480000000,20.4992294312
0.8490000000,20.7352638245
0.8500000000,21.9440460205
0.8510000000,22.5734710693
0.8520000000,24.4688987732
0.8530000000,24.6548652649
0.8540000000,24.1613388062
0.8550000000,25.5703926086
0.8560000000,26.0210037231
0.8570000000,28.4528732300
0.8580000000,27.5945663452
0.8590000000,28.2096862793
0.8600000000,28.3169746399
0.8610000000,30.6558609009
0.8620000000,30.5628776550
0.8630000000,30.8346748352
0.8640000000,31.0921669006
0.8650000000,33.2450866699
0.8660000000,32.6371192932
0.8670000000,33.4310531616
0.8680000000,34.6899032593
0.8690000000,34.9831581116
0.8700000000,34.7685813904
0.8710000000,35.5696678162
0.8720000000,37.7511978149
0.8730000000,36.6854667664
0.8740000000,37.0073318481
0.8750000000,39.2889976501
0.8760000000,38.6238098145
0.8770000000,38.6667251587
0.8780000000,40.9269332886
0.8790000000,40.1186943054
0.8800000000,40.4119491577
0.8810000000,42.6936149597
0.8820000000,41.2201881409
0.8830000000,42.5004959106
0.8840000000,43.4660911560
0.8850000000,42.9439544678
0.8860000000,43.8380241394
0.8870000000,44.1813468933
0.8880000000,44.0669059753
0.8890000000,45.9480285645
0.8900000000,44.7821617126
0.8910000000,45.7119941711
0.8920000000,46.1053848267
0.8930000000,45.7334518433
0.8940000000,47.7504730225
0.8950000000,46.2841987610
0.8960000000,46.9064712524
0.8970000000,47.7147102356
0.8980000000,47.5430488586
0.8990000000,48.6302375793
0.9000000000,47.6431846619
0.9010000000,49.4956970215
0.9020000000,48.4943389893
0.9030000000,48.9807128906
0.9040000000,50.7473945618
0.9050000000,49.3383407593
0.9060000000,50.4827499390
0.9070000000,50.0178337097
0.9080000000,50.3182411194
0.9090000000,49.8533248901
0.9100000000,50.2252578735
0.9110000000,51.1193275452
0.9120000000,49.6673583984
0.9130000000,51.2838363647
0.9140000000,49.9320030212
0.9150000000,50.1823425293
0.9160000000,50.2610206604
0.9170000000,49.6387481689
0.9180000000,50.7330894470
0.9190000000,49.6888160706
0.9200000000,50.8403778076
0.9210000000,49.3383407593
0.9220000000,50.0965118408
0.9230000000,49.9463081360
0.9240000000,48.6874580383
0.9250000000,50.8904457092
0.9260000000,48.5730171204
0.9270000000,49.8676300049
0.9280000000,48.4943389893
0.9290000000,48.5801696777
0.9300000000,48.6588478088
0.9310000000,48.1367111206
0.9320000000,48.9735603333
0.9330000000,47.3213195801
0.9340000000,47.9793548584
0.9350000000,47.3713874817
0.9360000000,46.5559959412
0.9370000000,48.3155250549
0.9380000000,46.1411476135
0.9390000000,46.7491149902
0.9400000000,46.2126731873
0.9410000000,45.5188751221
0.9420000000,46.3128089905
0.9430000000,44.6319580078
0.9440000000,44.4459915161
0.9450000000,44.5818901062
0.9460000000,43.3230400085
0.9470000000,43.7664985657
0.9480000000,42.2573089600
0.9490000000,41.9497489929
0.9500000000,42.1500205994
0.9510000000,41.0628318787
0.9520000000,39.6966934204
0.9530000000,41.0342216492
0.9540000000,39.3891334534
0.9550000000,37.8727912903
0.9560000000,39.7038459778
0.9570000000,37.2505187988
0.9580000000,36.5495681763
0.9590000000,37.7869606018
0.9600000000,35.4337692261
0.9610000000,35.3980064392
0.9620000000,35.2120399475
0.9630000000,34.1892242432
0.9640000000,33.3738327026
0.9650000000,32.1507453918
0.9660000000,33.3094596863
0.9670000000,31.3711166382
0.9680000000,30.0407409668
0.9690000000,29.9763679504
0.9700000000,30.2410125732
0.9710000000,27.9664993286
0.9720000000,27.0152091980
0.9730000000,26.7863273621
0.9740000000,27.0581245422
0.9750000000,24.9123573303
0.9760000000,24.2042541504
0.9770000000,23.2887268066
0.9780000000,23.3459472656
0.9790000000,22.5377082825
0.9800000000,20.5636024475
0.9810000000,20.0057029724
0.9820000000,19.2260742188
0.9830000000,18.6038017273
0.9840000000,18.3749198914
0.9850000000,16.8728828430
0.9860000000,15.6998634338
0.9870000000,14.5268440247
0.9880000000,14.4124031067
0.9890000000,13.2608413696
0.9900000000,12.5813484192
0.9910000000,11.3296508789
0.9920000000,10.7288360596
0.9930000000,10.1637840271
0.9940000000,8.6760520935
0.9950000000,7.6961517334
0.9960000000,6.9379806519
0.9970000000,5.7721138000
0.9980000000,4.9066543579
0.9990000000,4.0268898010
1.0000000000,3.2544136047
1.0010000000,2.3174285889
1.0020000000,1.4519691467
1.0030000000,0.5435943604
1.0040000000,-0.3504753113
1.0050000000,-0.8082389832
1.0060000000,-1.2302398682
1.0070000000,-1.4376640320
1.0080000000,-1.7523765564
1.0090000000,-2.2602081299
1.0100000000,-2.7680397034
1.0110000000,-3.4689903259
1.0120000000,-4.4131278992
1.0130000000,-5.7935714722
1.0140000000,-7.0095062256
1.0150000000,-7.9822540283
1.0160000000,-9.4556808472
1.0170000000,-10.7431411743
1.0180000000,-11.2438201904
1.0190000000,-12.4883651733
1.0200000000,-13.6685371399
1.0210000000,-15.0203704834
1.0220000000,-15.5925750732
1.0230000000,-16.7727470398
1.0240000000,-18.0315971375
1.0250000000,-19.6051597595
1.0260000000,-19.6480751038
1.0270000000,-20.6637382507
1.0280000000,-21.5935707092
1.0290000000,-22.7880477905
1.0300000000,-24.6763229370
1.0310000000,-24.2757797241
1.0320000000,-25.0053405762
1.0330000000,-26.0710716248
1.0340000000,-27.6017189026
1.0350000000,-28.5172462463
1.0360000000,-28.1667709351
1.0370000000,-29.6258926392
1.0380000000,-30.7202339172
1.0390000000,-31.2066078186
1.0400000000,-31.7430496216
1.0410000000,-32.4153900146
1.0420000000,-34.2893600464
1.0430000000,-33.9674949646
1.0440000000,-34.2679023743
1.0450000000,-35.6984138489
1.0460000000,-36.8857383728
1.0470000000,-36.5710258484
1.0480000000,-37.1503829956
1.0490000000,-38.7883186340
1.0500000000,-38.5379791260
1.0510000000,-39.4320487976
1.0520000000,-40.0257110596
1.0530000000,-40.5550003052
1.0540000000,-41.4276123047
1.0550000000,-42.0713424683
1.0560000000,-41.8710708618
1.0570000000,-43.5805320740
1.0580000000,-43.6305999756
1.0590000000,-43.4231758118
1.0600000000,-45.6118583679
1.0610000000,-44.4817543030
1.0620000000,-45.4473495483
1.0630000000,-46.1196899414
1.0640000000,-46.0052490234
1.0650000000,-47.5645065308
1.0660000000,-46.1912155151
1.0670000000,-47.2211837769
1.0680000000,-48.2153892517
1.0690000000,-47.2068786621
1.0700000000,-49.3884086609
1.0710000000,-47.8792190552
1.0720000000,-48.9950180054
1.0730000000,-49.3597984314
1.0740000000,-49.4027137756
1.0750000000,-50.6901741028
1.0760000000,-49.2238998413
1.0770000000,-50.9119033813
1.0780000000,-49.8032569885
1.0790000000,-49.8676300049
1.0800000000,-50.7903099060
1.0810000000,-50.1465797424
1.0820000000,-51.0978698730
1.0830000000,-49.8962402344
1.0840000000,-51.4054298401
1.0850000000,-49.4670867920
1.0860000000,-50.3182411194
1.0870000000,-50.9834289551
1.0880000000,-49.5672225952
1.0890000000,-51.0907173157
1.0900000000,-49.4813919067
1.0910000000,-50.7974624634
1.0920000000,-48.8805770874
1.0930000000,-49.3383407593
1.0940000000,-49.5100021362
1.0950000000,-48.3798980713
1.0960000000,-49.1952896118
1.0970000000,-48.1081008911
1.0980000000,-47.7218627930
1.0990000000,-47.7290153503
1.1000000000,-46.5488433838
1.1010000000,-47.7504730225
1.1020000000,-45.7549095154
1.1030000000,-46.5130805969
1.1040000000,-45.3329086304
1.1050000000,-44.8966026306
1.1060000000,-45.6261634827
1.1070000000,-44.3959236145
1.1080000000,-43.7164306641
1.1090000000,-44.3601608276
1.1100000000,-42.8509712219
1.1110000000,-43.6592102051
1.1120000000,-41.9425964355
1.1130000000,-41.0270690918
1.1140000000,-42.3502922058
1.1150000000,-39.7968292236
1.1160000000,-39.4248962402
1.1170000000,-39.6823883057
1.1180000000,-37.9300117493
1.1190000000,-37.1360778809
1.1200000000,-37.4937057495
1.1210000000,-35.7556343079
1.1220000000,-34.7685813904
1.1230000000,-34.8472595215
1.1240000000,-33.8315963745
1.1250000000,-32.5798988342
1.1260000000,-31.6929817200
1.1270000000,-32.2794914246
1.1280000000,-29.7689437866
1.1290000000,-29.1037559509
1.1300000000,-28.2382965088
1.1310000000,-28.6388397217
1.1320000000,-26.3786315918
1.1330000000,-25.4487991333
1.1340000000,-24.4045257568
1.1350000000,-24.4617462158
1.1360000000,-23.8108634949
1.1370000000,-21.5435028076
1.1380000000,-21.0428237915
1.1390000000,-20.0343132019
1.1400000000,-19.4478034973
1.1410000000,-18.4750556946
1.1420000000,-17.2662734985
1.1430000000,-15.9573554993
1.1440000000,-15.1920318604
1.1450000000,-14.1549110413
1.1460000000,-12.9675865173
1.1470000000,-12.0377540588
1.1480000000,-11.5442276001
1.1490000000,-9.9563598633
1.1500000000,-8.9693069458
1.1510000000,-7.8463554382
1.1520000000,-6.4516067505
1.1530000000,-5.2142143250
1.1540000000,-4.3272972107
1.1550000000,-3.3760070801
1.1560000000,-2.2888183594
1.1570000000,-1.2445449829
1.1580000000,-0.2074241638
1.1590000000,0.6365776062
1.1600000000,1.1229515076
1.1610000000,1.5449523926
1.1620000000,1.9454956055
1.1630000000,2.5606155396
1.1640000000,3.3259391785
1.1650000000,4.3272972107
1.1660000000,5.6791305542
1.1670000000,6.9379806519
1.1680000000,8.2325935364
1.1690000000,9.1195106506
1.1700000000,10.4928016663
1.1710000000,11.4870071411
1.1720000000,12.2666358948
1.1730000000,13.8258934021
1.1740000000,15.1133537292
1.1750000000,16.5724754333
1.1760000000,17.3878669739
1.1770000000,19.2689895630
1.1780000000,20.0915336609
1.1790000000,19.9770927429
1.1800000000,21.7795372009
1.1810000000,22.9954719543
1.1820000000,24.9695777893
1.1830000000,25.5703926086
1.1840000000,25.7563591003
1.1850000000,27.1868705750
1.1860000000,28.0094146729
1.1870000000,30.1051139832
1.1880000000,29.6688079834
1.1890000000,31.0063362122
1.1900000000,32.2079658508
1.1910000000,33.7457656860
1.1920000000,32.7944755554
1.1930000000,34.1963768005
1.1940000000,36.2348556519
1.1950000000,35.6984138489
1.1960000000,36.6568565369
1.1970000000,38.1517410278
1.1980000000,38.1731987000
1.1990000000,39.0386581421
1.2000000000,40.1473045349
1.2010000000,40.4047966003
1.2020000000,40.8411026001
1.2030000000,42.7651405334
1.2040000000,41.7709350586
1.2050000000,42.7651405334
1.2060000000,44.7607040405
1.2070000000,43.5018539429
1.2080000000,44.8966026306
1.2090000000,45.4473495483
1.2100000000,45.6333160400
1.2110000000,47.1782684326
1.2120000000,46.7205047607
1.2130000000,47.6861000061
1.2140000000,48.3369827271
1.2150000000,47.9364395142
1.2160000000,50.1680374146
1.2170000000,48.4156608582
1.2180000000,49.7746467590
1.2190000000,49.2310523987
1.2200000000,49.7388839722
1.2210000000,50.0679016113
1.2220000000,49.7388839722
1.2230000000,51.3553619385
1.2240000000,49.4456291199
1.2250000000,50.7616996765
1.2260000000,50.0750541687
1.2270000000,49.8318672180
1.2280000000,50.5757331848
1.2290000000,50.0965118408
1.2300000000,50.8546829224
1.2310000000,49.6101379395
1.2320000000,50.7974624634
1.2330000000,49.7961044312
1.2340000000,48.9664077759
1.2350000000,50.6973266602
1.2360000000,48.9449501038
1.2370000000,49.5958328247
1.2380000000,48.5944747925
1.2390000000,48.8877296448
1.2400000000,47.9865074158
1.2410000000,47.4643707275
1.2420000000,48.9592552185
1.2430000000,46.3771820068
1.2440000000,47.5215911865
1.2450000000,46.1053848267
1.2460000000,45.4759597778
1.2470000000,46.7705726624
1.2480000000,44.9681282043
1.2490000000,44.8822975159
1.2500000000,44.2671775818
1.2510000000,43.5376167297
1.2520000000,43.9310073853
1.2530000000,41.5778160095
1.2540000000,41.4133071899
1.2550000000,41.9855117798
1.2560000000,39.7467613220
1.2570000000,38.9671325684
1.2580000000,39.4320487976
1.2590000000,37.8155708313
1.2600000000,36.5495681763
1.2610000000,36.8642807007
1.2620000000,34.9402427673
1.2630000000,34.2607498169
1.2640000000,34.2178344727
1.2650000000,32.5727462769
1.2660000000,31.2709808350
1.2670000000,30.1980972290
1.2680000000,31.0921669006
1.2690000000,28.4242630005
1.2700000000,27.7376174927
1.2710000000,26.5073776245
1.2720000000,26.6361236572
1.2730000000,25.1340866089
1.2740000000,23.3030319214
1.2750000000,22.8810310364
1.2760000000,21.5721130371
1.2770000000,21.2502479553
1.2780000000,19.6909904480
1.2790000000,18.1460380554
1.2800000000,17.3091888428
1.2810000000,16.0360336304
1.2820000000,14.7843360901
1.2830000000,13.4110450745
1.2840000000,13.3967399597
1.2850000000,11.9233131409
1.2860000000,10.0207328796
1.2870000000,9.0193748474
1.2880000000,7.5316429138
1.2890000000,6.3514709473
1.2900000000,5.2571296692
1.2910000000,4.1341781616
1.2920000000,3.1399726868
1.2930000000,1.7952919006
1.2940000000,0.5435943604
1.2950000000,-0.3862380981
1.2960000000,-1.0728836060
1.2970000000,-1.6236305237
1.2980000000,-2.0527839661
1.2990000000,-2.6607513428
1.3000000000,-3.2401084900
1.3010000000,-4.0197372437
1.3020000000,-5.2356719971
1.3030000000,-6.7949295044
1.3040000000,-8.5544586182
1.3050000000,-9.9563598633
1.3060000000,-11.4226341248
1.3070000000,-12.9675865173
1.3080000000,-13.3967399597
1.3090000000,-14.9488449097
1.3100000000,-16.4580345154
1.3110000000,-18.1603431702
1.3120000000,-19.3333625793
1.3130000000,-21.0142135620
1.3140000000,-22.0012664795
1.3150000000,-22.4375724792
1.3160000000,-24.3043899536
1.3170000000,-24.9981880188
1.3180000000,-27.1368026733
1.3190000000,-27.5087356567
1.3200000000,-28.6674499512
1.3210000000,-29.5329093933
1.3220000000,-31.5785408020
1.3230000000,-31.8717956543
1.3240000000,-32.6013565063
1.3250000000,-33.9388847351
1.3260000000,-35.5696678162
1.3270000000,-35.4051589966
1.3280000000,-36.1204147339
1.3290000000,-38.7454032898
1.3300000000,-37.6939773560
1.3310000000,-39.1030311584
1.3320000000,-40.8554077148
1.3330000000,-40.0257110596
1.3340000000,-41.3918495178
1.3350000000,-43.1013107300
1.3360000000,-41.7423248291
1.3370000000,-43.6305999756
1.3380000000,-44.3673133850
1.3390000000,-43.8737869263
1.3400000000,-46.0124015808
1.3410000000,-45.1254844666
1.3420000000,-45.7406044006
1.3430000000,-47.5502014160
1.3440000000,-46.6346740723
1.3450000000,-48.3369827271
1.3460000000,-47.6789474487
1.3470000000,-48.8591194153
1.3480000000,-49.5600700378
1.3490000000,-49.0236282349
1.3500000000,-50.4612922668
1.3510000000,-49.3812561035
1.3520000000,-49.9320030212
1.3530000000,-50.5685806274
1.3540000000,-49.8461723328
1.3550000000,-51.0835647583
1.3560000000,-50.1465797424
1.3570000000,-51.5556335449
1.3580000000,-49.6888160706
1.3590000000,-50.6615638733
1.3600000000,-50.7044792175
1.3610000000,-50.0679016113
1.3620000000,-50.9905815125
1.3630000000,-49.4098663330
1.3640000000,-51.0692596436
1.3650000000,-49.0164756775
1.3660000000,-49.5100021362
1.3670000000,-48.7589836121
1.3680000000,-48.4085083008
1.3690000000,-48.8877296448
1.3700000000,-47.2426414490
1.3710000000,-47.5001335144
1.3720000000,-46.8134880066
1.3730000000,-45.8192825317
1.3740000000,-46.3342666626
1.3750000000,-44.8107719421
1.3760000000,-44.8966026306
1.3770000000,-43.8737869263
1.3780000000,-42.9153442383
1.3790000000,-43.6663627625
1.3800000000,-41.9712066650
1.3810000000,-41.0127639771
1.3820000000,-41.9139862061
1.3830000000,-40.1759147644
1.3840000000,-39.1387939453
1.3850000000,-39.5750999451
1.3860000000,-37.5437736511
1.3870000000,-36.8571281433
1.3880000000,-36.9930267334
1.3890000000,-34.3823432922
1.3900000000,-33.8530540466
1.3910000000,-33.4739685059
1.3920000000,-32.2508811951
1.3930000000,-30.9276580811
1.3940000000,-29.0608406067
1.3950000000,-29.5042991638
1.3960000000,-27.6303291321
1.3970000000,-26.3071060181
1.3980000000,-24.5976448059
1.3990000000,-24.2614746094
1.4000000000,-23.8466262817
1.4010000000,-21.0499763489
1.4020000000,-19.9699401855
1.4030000000,-19.0401077271
1.4040000000,-17.6382064819
1.4050000000,-16.9372558594
1.4060000000,-16.0932540894
1.4070000000,-13.6399269104
1.4080000000,-12.1521949768
1.4090000000,-11.1436843872
1.4100000000,-9.9134445190
1.4110000000,-8.8477134705
1.4120000000,-7.4386596680
1.4130000000,-5.9580802917
1.4140000000,-4.7206878662
1.4150000000,-3.4976005554
1.4160000000,-2.2315979004
1.4170000000,-1.0442733765
1.4180000000,0.3290176392
1.4190000000,1.0943412781
1.4200000000,1.7380714417
1.4210000000,2.3174285889
1.4220000000,3.0255317688
1.4230000000,4.1127204895
1.4240000000,5.3858757019
1.4250000000,6.8378448486
1.4260000000,8.3470344543
1.4270000000,9.5272064209
1.4280000000,10.9362602234
1.4290000000,12.4239921570
1.4300000000,13.9617919922
1.4310000000,16.2005424500
1.4320000000,16.7798995972
1.4330000000,17.4665451050
1.4340000000,19.2475318909
1.4350000000,20.6065177917
1.4360000000,21.8939781189
1.4370000000,24.4903564453
1.4380000000,24.6691703796
1.4390000000,25.4487991333
1.4400000000,26.8578529358
1.4410000000,28.7318229675
1.4420000000,30.4412841797
1.4430000000,29.9549102783
1.4440000000,31.5785408020
1.4450000000,33.6527824402
1.4460000000,33.9889526367
1.4470000000,34.3537330627
1.4480000000,36.0202789307
1.4490000000,38.1374359131
1.4500000000,37.1360778809
1.4510000000,38.3234024048
1.4520000000,40.9054756165
1.4530000000,39.8182868958
1.4540000000,40.9698486328
1.4550000000,42.8366661072
1.4560000000,42.6292419434
1.4570000000,44.1384315491
1.4580000000,44.5532798767
1.4590000000,44.7893142700
1.4600000000,47.4143028259
1.4610000000,46.0338592529
1.4620000000,47.6002693176
1.4630000000,47.7433204651
1.4640000000,47.7075576782
1.4650000000,49.5815277100
1.4660000000,48.5444068909
1.4670000000,49.4885444641
1.4680000000,49.5100021362
1.4690000000,49.3311882019
1.4700000000,50.6544113159
1.4710000000,49.3168830872
1.4720000000,51.5055656433
1.4730000000,49.7531890869
1.4740000000,50.6973266602
1.4750000000,50.0750541687
1.4760000000,50.1179695129
1.4770000000,50.6043434143
1.4780000000,49.8390197754
1.4790000000,51.5055656433
1.4800000000,49.1166114807
1.4810000000,50.5828857422
1.4820000000,49.4170188904
1.4830000000,48.4657287598
1.4840000000,49.7674942017
1.4850000000,47.9221343994
1.4860000000,49.2238998413
1.4870000000,47.3141670227
1.4880000000,47.2569465637
1.4890000000,46.6418266296
1.4900000000,46.2126731873
1.4910000000,46.3414192200
1.4920000000,44.7177886963
1.4930000000,44.4388389587
1.4940000000,44.9109077454
1.4950000000,42.7651405334
1.4960000000,43.4446334839
1.4970000000,41.7065620422
1.4980000000,41.0056114197
1.4990000000,40.6122207642
1.5000000000,39.2389297485
1.5010000000,38.1374359131
1.5020000000,37.7655029297
1.5030000000,36.3492965698
1.5040000000,34.9760055542
1.5050000000,34.5182418823
1.5060000000,33.6384773254
1.5070000000,31.5427780151
1.5080000000,30.4269790649
1.5090000000,30.5485725403
1.5100000000,28.4314155579
1.5110000000,26.9794464111
1.5120000000,25.7205963135
1.5130000000,24.8551368713
1.5140000000,23.9682197571
1.5150000000,21.8653678894
1.5160000000,21.0642814636
1.5170000000,19.3905830383
1.5180000000,17.9100036621
1.5190000000,17.5881385803
1.5200000000,15.7070159912
1.5210000000,14.1906738281
1.5220000000,12.3310089111
1.5230000000,11.4083290100
1.5240000000,10.0708007813
1.5250000000,8.3470344543
1.5260000000,7.2026252747
1.5270000000,5.8078765869
1.5280000000,4.3058395386
1.5290000000,2.8467178345
1.5300000000,1.4162063599
1.5310000000,0.1645088196
1.5320000000,-0.8869171143
1.5330000000,-1.6379356384
1.5340000000,-2.2029876709
1.5350000000,-2.8252601624
1.5360000000,-3.5548210144
1.5370000000,-4.5704841614
1.5380000000,-5.8579444885
1.5390000000,-7.2956085205
1.5400000000,-9.1838836670
1.5410000000,-10.8432769775
1.5420000000,-12.4311447144
1.5430000000,-14.8487091064
1.5440000000,-16.4651870728
1.5450000000,-17.8241729736
1.5460000000,-18.6824798584
1.5470000000,-20.5206871033
1.5480000000,-21.7366218567
1.5490000000,-23.8251686096
1.5500000000,-26.0710716248
1.5510000000,-26.0138511658
1.5520000000,-27.5301933289
1.5530000000,-28.6960601807
1.5540000000,-31.4283370972
1.5550000000,-31.5213203430
1.5560000000,-32.5512886047
1.5570000000,-33.8459014893
1.5580000000,-35.7985496521
1.5590000000,-35.2478027344
1.5600000000,-37.3005867004
1.5610000000,-39.1960144043
1.5620000000,-37.9157066345
1.5630000000,-40.1401519775
1.5640000000,-41.9569015503
1.5650000000,-40.8983230591
1.5660000000,-42.4075126648
1.5670000000,-44.0883636475
1.5680000000,-43.4303283691
1.5690000000,-44.7535514832
1.5700000000,-45.9194183350
1.5710000000,-45.2327728271
1.5720000000,-47.8935241699
1.5730000000,-47.0995903015
1.5740000000,-47.9292869568
1.5750000000,-48.4371185303
1.5760000000,-48.7089157104
1.5770000000,-49.7746467590
1.5780000000,-49.1237640381
1.5790000000,-50.5328178406
1.5800000000,-49.7174263000
1.5810000000,-49.9463081360
1.5820000000,-51.2266159058
1.5830000000,-49.6244430542
1.5840000000,-51.4125823975
1.5850000000,-50.1966476440
1.5860000000,-51.5770912170
1.5870000000,-49.8390197754
1.5880000000,-50.5471229553
1.5890000000,-50.8975982666
1.5900000000,-49.3526458740
1.5910000000,-50.7259368896
1.5920000000,-48.9878654480
1.5930000000,-50.0392913818
1.5940000000,-48.0008125305
1.5950000000,-48.1867790222
1.5960000000,-47.9006767273
1.5970000000,-46.6775894165
1.5980000000,-47.5573539734
1.5990000000,-45.0181961060
1.6000000000,-45.0825691223
1.6010000000,-45.1755523682
1.6020000000,-43.1227684021
1.6030000000,-43.2586669922
1.6040000000,-42.2859191895
1.6050000000,-40.9984588623
1.6060000000,-41.0914421082
1.6070000000,-39.4821166992
1.6080000000,-38.3448600769
1.6090000000,-38.9170646667
1.6100000000,-36.8642807007
1.6110000000,-35.5267524719
1.6120000000,-35.7198715210
1.6130000000,-34.3823432922
1.6140000000,-32.5226783752
1.6150000000,-31.3282012939
1.6160000000,-31.2423706055
1.6170000000,-28.8033485413
1.6180000000,-27.6517868042
1.6190000000,-25.5918502808
1.6200000000,-25.2127647400
1.6210000000,-23.5319137573
1.6220000000,-21.8510627747
1.6230000000,-20.6708908081
1.6240000000,-18.4178352356
1.6250000000,-17.8384780884
1.6260000000,-16.5653228760
1.6270000000,-14.8558616638
1.6280000000,-12.4239921570
1.6290000000,-11.3582611084
1.6300000000,-9.8419189453
1.6310000000,-8.6760520935
1.6320000000,-6.9594383240
1.6330000000,-5.4001808167
1.6340000000,-3.8909912109
1.6350000000,-2.2244453430
1.6360000000,-0.9083747864
1.6370000000,0.4506111145
1.6380000000,1.4162063599
1.6390000000,2.1815299988
1.6400000000,3.1471252441
1.6410000000,4.1627883911
1.6420000000,5.5289268494
1.6430000000,6.9880485535
1.6440000000,8.3899497986
1.6450000000,10.1351737976
1.6460000000,11.6944313049
1.6470000000,13.2608413696
1.6480000000,15.8286094666
1.6490000000,16.7441368103
1.6500000000,17.7097320557
1.6510000000,19.2689895630
1.6520000000,21.0428237915
1.6530000000,22.4876403809
1.6540000000,25.2914428711
1.6550000000,25.8135795593
1.6560000000,26.4930725098
1.6570000000,28.3026695251
1.6580000000,30.5843353271
1.6590000000,31.7144393921
1.6600000000,31.8503379822
1.6610000000,33.2450866699
1.6620000000,36.2491607666
1.6630000000,35.5339050293
1.6640000000,36.9000434875
1.6650000000,38.8598442078
1.6660000000,39.2675399780
1.6670000000,40.2116775513
1.6680000000,42.0641899109
1.6690000000,42.1285629272
1.6700000000,43.2658195496
1.6710000000,45.4688072205
1.6720000000,44.4316864014
1.6730000000,46.5917587280
1.6740000000,46.5703010559
1.6750000000,46.6847419739
1.6760000000,48.7160682678
1.6770000000,47.8649139404
1.6780000000,48.9592552185
1.6790000000,48.9735603333
1.6800000000,48.8090515137
1.6810000000,50.8117675781
1.6820000000,49.2596626282
1.6830000000,51.1121749878
1.6840000000,49.7674942017
1.6850000000,50.8189201355
1.6860000000,50.1322746277
1.6870000000,49.9176979065
1.6880000000,51.2981414795
1.6890000000,49.8676300049
1.6900000000,51.3911247253
1.6910000000,49.3526458740
1.6920000000,50.5900382996
1.6930000000,49.0808486938
1.6940000000,48.7518310547
1.6950000000,49.2095947266
1.6960000000,48.1796264648
1.6970000000,48.3584403992
1.6980000000,47.2068786621
1.6990000000,46.0052490234
1.7000000000,46.9994544983
1.7010000000,44.7750091553
1.7020000000,45.5617904663
1.7030000000,43.5519218445
1.7040000000,42.5362586975
1.7050000000,43.6592102051
1.7060000000,41.5635108948
1.7070000000,40.2760505676
1.7080000000,40.3618812561
1.7090000000,38.6381149292
1.7100000000,37.5366210938
1.7110000000,37.3005867004
1.7120000000,34.5969200134
1.7130000000,33.7386131287
1.7140000000,33.8745117188
1.7150000000,31.0420989990
1.7160000000,29.9835205078
1.7170000000,28.2311439514
1.7180000000,28.3098220825
1.7190000000,25.7778167725
1.7200000000,24.4259834290
1.7210000000,22.9024887085
1.7220000000,21.1930274963
1.7230000000,20.6851959229
1.7240000000,18.5322761536
1.7250000000,16.4437294006
1.7260000000,15.5210494995
1.7270000000,13.5111808777
1.7280000000,12.0377540588
1.7290000000,10.5071067810
1.7300000000,9.0551376343
1.7310000000,7.7390670776
1.7320000000,5.9223175049
1.7330000000,4.0268898010
1.7340000000,2.3174285889
1.7350000000,0.6866455078
1.7360000000,-0.6008148193
1.7370000000,-1.4948844910
1.7380000000,-2.3460388184
1.7390000000,-3.1185150146
1.7400000000,-3.9625167847
1.7410000000,-5.1069259644
1.7420000000,-6.3014030457
1.7430000000,-7.9536437988
1.7440000000,-9.8848342896
1.7450000000,-12.0663642883
1.7460000000,-14.0404701233
1.7470000000,-15.9430503845
1.7480000000,-17.4021720886
1.7490000000,-19.9842453003
1.7500000000,-21.9225883484
1.7510000000,-22.1371650696
1.7520000000,-24.1398811340
1.7530000000,-25.5632400513
1.7540000000,-28.0165672302
1.7550000000,-29.3326377869
1.7560000000,-30.4341316223
1.7570000000,-31.4569473267
1.7580000000,-33.7457656860
1.7590000000,-34.4252586365
1.7600000000,-35.6984138489
1.7610000000,-36.8285179138
1.7620000000,-38.3520126343
1.7630000000,-38.7167930603
1.7640000000,-40.2832031250
1.7650000000,-41.6278839111
1.7660000000,-41.4991378784
1.7670000000,-43.6449050903
1.7680000000,-43.9310073853
1.7690000000,-44.6176528931
1.7700000000,-46.3414192200
1.7710000000,-46.4773178101
1.7720000000,-47.0709800720
1.7730000000,-47.8148460388
1.7740000000,-47.8935241699
1.7750000000,-49.7817993164
1.7760000000,-48.5515594482
1.7770000000,-50.1894950867
1.7780000000,-49.6172904968
1.7790000000,-49.8533248901
1.7800000000,-51.1837005615
1.7810000000,-49.7460365295
1.7820000000,-51.5556335449
1.7830000000,-50.2967834473
1.7840000000,-51.6343116760
1.7850000000,-49.9248504639
1.7860000000,-50.6687164307
1.7870000000,-50.9333610535
1.7880000000,-49.4456291199
1.7890000000,-50.7116317749
1.7900000000,-48.8734245300
1.7910000000,-49.8032569885
1.7920000000,-47.8434562683
1.7930000000,-47.9149818420
1.7940000000,-47.4357604980
1.7950000000,-46.1483001709
1.7960000000,-46.8993186951
1.7970000000,-44.2814826965
1.7980000000,-44.0168380737
1.7990000000,-44.2171096802
1.8000000000,-41.9139862061
1.8010000000,-41.3560867310
1.8020000000,-40.9626960754
1.8030000000,-39.5250320435
1.8040000000,-38.2304191589
1.8050000000,-37.7583503723
1.8060000000,-36.4708900452
1.8070000000,-35.1405143738
1.8080000000,-35.0618362427
1.8090000000,-32.4368476868
1.8100000000,-31.2852859497
1.8110000000,-31.2638282776
1.8120000000,-29.2110443115
1.8130000000,-26.9007682800
1.8140000000,-25.3558158875
1.8150000000,-24.4903564453
1.8160000000,-23.4746932983
1.8170000000,-20.3847885132
1.8180000000,-19.0687179565
1.8190000000,-17.6310539246
1.8200000000,-15.4209136963
1.8210000000,-14.2979621887
1.8220000000,-12.5670433044
1.8230000000,-11.2223625183
1.8240000000,-9.0479850769
1.8250000000,-6.9236755371
1.8260000000,-5.3358078003
1.8270000000,-3.8409233093
1.8280000000,-2.2745132446
1.8290000000,-0.5507469177
1.8300000000,0.9584426880
1.8310000000,1.9669532776
1.8320000000,2.8753280640
1.8330000000,3.9124488831
1.8340000000,5.2428245544
1.8350000000,7.0452690125
1.8360000000,9.0336799622
1.8370000000,10.6000900269
1.8380000000,12.0449066162
1.8390000000,13.8473510742
1.8400000000,15.3422355652
1.8410000000,17.8813934326
1.8420000000,19.3262100220
1.8430000000,20.8067893982
1.8440000000,23.3244895935
1.8450000000,24.0039825439
1.8460000000,25.6419181824
1.8470000000,27.4872779846
1.8480000000,29.6401977539
1.8490000000,31.0564041138
1.8500000000,31.4354896545
1.8510000000,32.9446792603
1.8520000000,36.0059738159
1.8530000000,35.8057022095
1.8540000000,37.3935699463
1.8550000000,39.3891334534
1.8560000000,39.7109985352
1.8570000000,41.3775444031
1.8580000000,42.9797172546
1.8590000000,43.0941581726
1.8600000000,44.0454483032
1.8610000000,46.3914871216
1.8620000000,45.1469421387
1.8630000000,47.3427772522
1.8640000000,47.1067428589
1.8650000000,47.5573539734
1.8660000000,49.0808486938
1.8670000000,48.8376617432
1.8680000000,49.7603416443
1.8690000000,49.3311882019
1.8700000000,50.0464439392
1.8710000000,50.5828857422
1.8720000000,49.5171546936
1.8730000000,51.6629219055
1.8740000000,49.9391555786
1.8750000000,50.9905815125
1.8760000000,50.3253936768
1.8770000000,50.4684448242
1.8780000000,50.1680374146
1.8790000000,49.4742393494
1.8800000000,51.0191917419
1.8810000000,48.4371185303
1.8820000000,49.5028495789
1.8830000000,48.2082366943
1.8840000000,47.1425056458
1.8850000000,47.4214553833
1.8860000000,46.3557243347
1.8870000000,46.3771820068
1.8880000000,44.3959236145
1.8890000000,43.5590744019
1.8900000000,44.5246696472
1.8910000000,41.5635108948
1.8920000000,41.4633750916
1.8930000000,40.8053398132
1.8940000000,39.0529632568
1.8950000000,38.5093688965
1.8960000000,36.9858741760
1.8970000000,35.6268882751
1.8980000000,34.1248512268
1.8990000000,33.8172912598
1.9000000000,30.9348106384
1.9010000000,29.9048423767
1.9020000000,28.5100936890
1.9030000000,27.9450416565
1.9040000000,24.7335433960
1.9050000000,23.3817100525
1.9060000000,21.8439102173
1.9070000000,20.5922126770
1.9080000000,19.3476676941
1.9090000000,16.8514251709
1.9100000000,14.4839286804
1.9110000000,13.4968757629
1.9120000000,11.6586685181
1.9130000000,9.6201896667
1.9140000000,8.0251693726
1.9150000000,6.1011314392
1.9160000000,4.2843818665
1.9170000000,2.6249885559
1.9180000000,0.8225440979
1.9190000000,-0.6866455078
1.9200000000,-1.8453598022
1.9210000000,-2.7966499329
1.9220000000,-3.6406517029
1.9230000000,-4.5561790466
1.9240000000,-6.0939788818
1.9250000000,-8.0251693726
1.9260000000,-9.9849700928
1.9270000000,-12.2809410095
1.9280000000,-13.9117240906
1.9290000000,-16.2577629089
1.9300000000,-18.3963775635
1.9310000000,-20.4205513000
1.9320000000,-21.1715698242
1.9330000000,-23.6320495605
1.9340000000,-25.2199172974
1.9350000000,-27.5444984436
1.9360000000,-29.1895866394
1.9370000000,-29.8118591309
1.9380000000,-31.5999984741
1.9390000000,-34.5039367676
1.9400000000,-34.7113609314
1.9410000000,-35.8557701111
1.9420000000,-37.4865531921
1.9430000000,-39.2961502075
1.9440000000,-39.9398803711
1.9450000000,-40.7838821411
1.9460000000,-42.5362586975
1.9470000000,-42.9868698120
1.9480000000,-45.2041625977
1.9490000000,-44.6462631226
1.9500000000,-46.1483001709
1.9510000000,-47.8076934814
1.9520000000,-47.0423698425
1.9530000000,-49.1452217102
1.9540000000,-48.3942031860
1.9550000000,-48.9020347595
1.9560000000,-50.0249862671
1.9570000000,-49.6530532837
1.9580000000,-51.2123107910
1.9590000000,-49.6530532837
1.9600000000,-51.7630577087
1.9610000000,-50.0893592834
1.9620000000,-50.7473945618
1.9630000000,-51.3267517090
1.9640000000,-50.4326820374
1.9650000000,-50.9762763977
1.9660000000,-50.1322746277
1.9670000000,-50.6258010864
1.9680000000,-48.6803054810
1.9690000000,-49.0665435791
1.9700000000,-48.8805770874
1.9710000000,-46.9136238098
1.9720000000,-48.0794906616
1.9730000000,-46.2126731873
1.9740000000,-44.9752807617
1.9750000000,-44.8679924011
1.9760000000,-43.2300567627
1.9770000000,-43.3802604675
1.9780000000,-40.8411026001
1.9790000000,-39.8039817810
1.9800000000,-40.4691696167
1.9810000000,-37.4293327332
1.9820000000,-36.3421440125
1.9830000000,-36.3779067993
1.9840000000,-34.3894958496
1.9850000000,-33.0162048340
1.9860000000,-31.3711166382
1.9870000000,-30.9419631958
1.9880000000,-28.3956527710
1.9890000000,-27.1868705750
1.9900000000,-25.1841545105
1.9910000000,-24.3830680847
1.9920000000,-21.6293334961
1.9930000000,-19.7124481201
1.9940000000,-18.1388854980
1.9950000000,-16.0288810730
1.9960000000,-14.7128105164
1.9970000000,-12.9747390747
1.9980000000,-11.1293792725
1.9990000000,-8.8477134705
2.0000000000,-6.4659118652
2.0010000000,-4.6420097351
2.0020000000,-2.9253959656
2.0030000000,-1.1301040649
2.0040000000,0.4792213440
2.0050000000,1.8382072449
2.0060000000,2.8538703918
2.0070000000,4.0340423584
2.0080000000,5.7148933411
2.0090000000,7.5745582581
2.0100000000,9.4413757324
2.0110000000,11.0077857971
2.0120000000,13.0105018616
2.0130000000,14.1763687134
2.0140000000,16.7298316956
2.0150000000,18.5036659241
2.0160000000,20.4706192017
2.0170000000,23.3387947083
2.0180000000,24.5904922485
2.0190000000,25.1483917236
2.0200000000,27.4229049683
2.0210000000,29.5329093933
2.0220000000,32.3152542114
2.0230000000,32.0291519165
2.0240000000,34.0604782104
2.0250000000,36.9286537170
2.0260000000,37.2505187988
2.0270000000,38.6309623718
2.0280000000,40.6837463379
2.0290000000,41.4991378784
2.0300000000,42.2501564026
2.0310000000,44.4960594177
2.0320000000,44.4674491882
2.0330000000,45.3686714172
2.0340000000,46.4987754822
2.0350000000,46.8850135803
2.0360000000,48.7089157104
2.0370000000,47.8577613831
2.0380000000,48.8662719727
2.0390000000,49.6244430542
2.0400000000,49.2382049561
2.0410000000,51.0263442993
2.0420000000,49.6530532837
2.0430000000,51.2194633484
2.0440000000,50.1608848572
2.0450000000,50.8904457092
2.0460000000,50.3969192505
2.0470000000,49.9033927917
2.0480000000,51.7487525940
2.0490000000,49.3311882019
2.0500000000,50.5113601685
2.0510000000,49.1452217102
2.0520000000,48.6516952515
2.0530000000,48.1581687927
2.0540000000,47.4786758423
2.0550000000,47.5716590881
2.0560000000,45.6905364990
2.0570000000,45.5331802368
2.0580000000,44.6391105652
2.0590000000,42.8295135498
2.0600000000,43.2729721069
2.0610000000,40.9412384033
2.0620000000,39.9255752563
2.0630000000,39.6752357483
2.0640000000,37.5795364380
2.0650000000,36.7999076843
2.0660000000,35.6912612915
2.0670000000,33.3452224731
2.0680000000,32.2794914246
2.0690000000,30.3983688354
2.0700000000,29.9978256226
2.0710000000,26.8149375916
2.0720000000,25.3844261169
2.0730000000,23.3173370361
2.0740000000,22.3231315613
2.0750000000,20.6637382507
2.0760000000,18.0530548096
2.0770000000,15.8357620239
2.0780000000,14.3837928772
2.0790000000,12.2737884521
2.0800000000,10.4713439941
2.0810000000,8.3255767822
2.0820000000,6.5445899963
2.0830000000,4.6277046204
2.0840000000,2.8467178345
2.0850000000,0.6580352783
2.0860000000,-1.1157989502
2.0870000000,-2.4247169495
2.0880000000,-3.3545494080
2.0890000000,-4.1413307190
2.0900000000,-5.3143501282
2.0910000000,-7.1883201599
2.0920000000,-9.5057487488
2.0930000000,-11.6086006165
2.0940000000,-14.1620635986
2.0950000000,-15.9788131714
2.0960000000,-18.3176994324
2.0970000000,-20.5492973328
2.0980000000,-22.1800804138
2.0990000000,-23.7321853638
2.1000000000,-26.0996818542
2.1010000000,-27.7662277222
2.1020000000,-30.3983688354
2.1030000000,-31.0707092285
2.1040000000,-32.6943397522
2.1050000000,-34.4967842102
2.1060000000,-36.8070602417
2.1070000000,-37.3291969299
2.1080000000,-38.5808944702
2.1090000000,-40.6980514526
2.1100000000,-41.3131713867
2.1110000000,-43.0583953857
2.1120000000,-43.9739227295
2.1130000000,-44.6462631226
2.1140000000,-47.2998619080
2.1150000000,-46.0982322693
2.1160000000,-47.6717948914
2.1170000000,-48.6373901367
2.1180000000,-48.2225418091
2.1190000000,-50.3039360046
2.1200000000,-49.5886802673
2.1210000000,-50.3182411194
2.1220000000,-50.1108169556
2.1230000000,-50.7187843323
2.1240000000,-51.1622428894
2.1250000000,-50.1823425293
2.1260000000,-52.0992279053
2.1270000000,-50.1751899719
2.1280000000,-51.4769554138
2.1290000000,-50.2252578735
2.1300000000,-49.7388839722
2.1310000000,-50.0750541687
2.1320000000,-48.6874580383
2.1330000000,-49.2382049561
2.1340000000,-46.9207763672
2.1350000000,-47.4286079407
2.1360000000,-46.0481643677
2.1370000000,-44.4746017456
2.1380000000,-45.0253486633
2.1390000000,-42.9582595825
2.1400000000,-41.6278839111
2.1410000000,-41.0056114197
2.1420000000,-39.4892692566
2.1430000000,-38.0229949951
2.1440000000,-37.2362136841
2.1450000000,-34.8687171936
2.1460000000,-33.5240364075
2.1470000000,-33.6527824402
2.1480000000,-30.4770469666
2.1490000000,-28.7389755249
2.1500000000,-27.3513793945
2.1510000000,-26.7720222473
2.1520000000,-23.8466262817
2.1530000000,-22.0012664795
2.1540000000,-20.3490257263
2.1550000000,-17.8956985474
2.1560000000,-16.5867805481
2.1570000000,-14.8987770081
2.1580000000,-12.2880935669
2.1590000000,-9.8204612732
2.1600000000,-8.1038475037
2.1610000000,-6.1154365540
2.1620000000,-3.9768218994
2.1630000000,-1.9669532776
2.1640000000,-0.0071525574
2.1650000000,1.5592575073
2.1660000000,2.9039382935
2.1670000000,4.1627883911
2.1680000000,5.7649612427
2.1690000000,7.5030326843
2.1700000000,9.2840194702
2.1710000000,11.7802619934
2.1720000000,14.0762329102
2.1730000000,15.5782699585
2.1740000000,17.1947479248
2.1750000000,19.8054313660
2.1760000000,21.8439102173
2.1770000000,23.6177444458
2.1780000000,26.2856483459
2.1790000000,27.1010398865
2.1800000000,29.3612480164
2.1810000000,31.2495231628
2.1820000000,34.4753265381
2.1830000000,34.3394279480
2.1840000000,36.1847877502
2.1850000000,39.0529632568
2.1860000000,39.3748283386
2.1870000000,40.5621528625
2.1880000000,42.9224967957
2.1890000000,43.3731079102
2.1900000000,43.7378883362
2.1910000000,46.2698936462
2.1920000000,45.8264350891
2.1930000000,47.7147102356
2.1940000000,47.5859642029
2.1950000000,47.8577613831
2.1960000000,50.1179695129
2.1970000000,49.1094589233
2.1980000000,50.3897666931
2.1990000000,49.8962402344
2.2000000000,50.8260726929
2.2010000000,50.3826141357
2.2020000000,50.2324104309
2.2030000000,51.6629219055
2.2040000000,49.9248504639
2.2050000000,51.6200065613
2.2060000000,49.5600700378
2.2070000000,50.1680374146
2.2080000000,49.0593910217
2.2090000000,48.5801696777
2.2100000000,48.6159324646
2.2110000000,47.0137596130
2.2120000000,47.4786758423
2.2130000000,45.5045700073
2.2140000000,44.0740585327
2.2150000000,45.1326370239
2.2160000000,42.0141220093
2.2170000000,41.6994094849
2.2180000000,40.1830673218
2.2190000000,38.9885902405
2.2200000000,38.0945205688
2.2210000000,36.4208221436
2.2220000000,34.7185134888
2.2230000000,32.9732894897
2.2240000000,33.0305099487
2.2250000000,29.5829772949
2.2260000000,27.8592109680
2.2270000000,26.0066986084
2.2280000000,25.6276130676
2.2290000000,22.5806236267
2.2300000000,19.8125839233
2.2310000000,18.4822082520
2.2320000000,16.3292884827
2.2330000000,14.0619277954
2.2340000000,12.7387046814
2.2350000000,10.4570388794
2.2360000000,7.9894065857
2.2370000000,5.7649612427
2.2380000000,3.6478042603
2.2390000000,1.4805793762
2.2400000000,-0.4291534424
2.2410000000,-1.9669532776
2.2420000000,-3.1614303589
2.2430000000,-4.1413307190
2.2440000000,-5.3286552429
2.2450000000,-7.2884559631
2.2460000000,-9.8705291748
2.2470000000,-11.8017196655
2.2480000000,-13.6828422546
2.2490000000,-16.4437294006
2.2500000000,-18.9399719238
2.2510000000,-20.7352638245
2.2520000000,-23.3602523804
2.2530000000,-25.6848335266
2.2540000000,-26.4000892639
2.2550000000,-28.7747383118
2.2560000000,-30.8132171631
2.2570000000,-33.5597991943
2.2580000000,-34.0104103088
2.2590000000,-35.4480743408
2.2600000000,-38.5951995850
2.2610000000,-38.8240814209
2.2620000000,-40.2760505676
2.2630000000,-42.9511070251
2.2640000000,-42.6721572876
2.2650000000,-44.5890426636
2.2660000000,-46.1626052856
2.2670000000,-45.9194183350
2.2680000000,-48.3727455139
2.2690000000,-47.8363037109
2.2700000000,-48.4299659729
2.2710000000,-50.0035285950
2.2720000000,-49.4956970215
2.2730000000,-51.0549545288
2.2740000000,-49.9176979065
2.2750000000,-51.6343116760
2.2760000000,-50.3182411194
2.2770000000,-50.8689880371
2.2780000000,-51.7845153809
2.2790000000,-50.1751899719
2.2800000000,-51.5627861023
2.2810000000,-50.2038002014
2.2820000000,-50.4255294800
2.2830000000,-48.6946105957
2.2840000000,-48.9807128906
2.2850000000,-48.3083724976
2.2860000000,-46.2198257446
2.2870000000,-47.6288795471
2.2880000000,-44.5175170898
2.2890000000,-43.9953804016
2.2900000000,-43.5233116150
2.2910000000,-41.5992736816
2.2920000000,-40.5192375183
2.2930000000,-39.4821166992
2.2940000000,-37.7655029297
2.2950000000,-35.7556343079
2.2960000000,-35.1691246033
2.2970000000,-32.6514244080
2.2980000000,-30.3554534912
2.2990000000,-30.3840637207
2.3000000000,-27.9092788696
2.3010000000,-25.3343582153
2.3020000000,-23.6749649048
2.3030000000,-22.2015380859
2.3040000000,-20.8425521851
2.3050000000,-17.7812576294
2.3060000000,-15.3565406799
2.3070000000,-13.4897232056
2.3080000000,-11.7444992065
2.3090000000,-9.3984603882
2.3100000000,-6.9451332092
2.3110000000,-4.8279762268
2.3120000000,-2.7894973755
2.3130000000,-0.6151199341
2.3140000000,1.2373924255
2.3150000000,2.7465820313
2.3160000000,4.1341781616
2.3170000000,5.6934356689
2.3180000000,7.8248977661
2.3190000000,10.0350379944
2.3200000000,11.8231773376
2.3210000000,14.2407417297
2.3220000000,16.4580345154
2.3230000000,19.3691253662
2.3240000000,20.8353996277
2.3250000000,22.2587585449
2.3260000000,25.2485275269
2.3270000000,27.1010398865
2.3280000000,29.8690795898
2.3290000000,30.7774543762
2.3300000000,33.0090522766
2.3310000000,35.2263450623
2.3320000000,37.5723838806
2.3330000000,37.5795364380
2.3340000000,39.6537780762
2.3350000000,42.2859191895
2.3360000000,41.9282913208
2.3370000000,44.0883636475
2.3380000000,44.3887710571
2.3390000000,45.9408760071
2.3400000000,47.3570823669
2.3410000000,46.9279289246
2.3420000000,48.7661361694
2.3430000000,49.0021705627
2.3440000000,48.7589836121
2.3450000000,51.1837005615
2.3460000000,49.6959686279
2.3470000000,50.8546829224
2.3480000000,50.5256652832
2.3490000000,51.0334968567
2.3500000000,50.4684448242
2.3510000000,50.1465797424
2.3520000000,51.6414642334
2.3530000000,49.3097305298
2.3540000000,50.6901741028
2.3550000000,48.7303733826
2.3560000000,48.5157966614
2.3570000000,47.4715232849
2.3580000000,46.8349456787
2.3590000000,46.6632843018
2.3600000000,44.4746017456
2.3610000000,44.0239906311
2.3620000000,43.2586669922
2.3630000000,40.8053398132
2.3640000000,40.7695770264
2.3650000000,38.6166572571
2.3660000000,37.0788574219
2.3670000000,36.0417366028
2.3680000000,34.3751907349
2.3690000000,32.4726104736
2.3700000000,30.4555892944
2.3710000000,29.7331809998
2.3720000000,26.7076492310
2.3730000000,24.7550010681
2.3740000000,22.8738784790
2.3750000000,20.5636024475
2.3760000000,19.6552276611
2.3770000000,16.5438652039
2.3780000000,13.8974189758
2.3790000000,11.4369392395
2.3800000000,9.6702575684
2.3810000000,7.3599815369
2.3820000000,4.7564506531
2.3830000000,2.5963783264
2.3840000000,0.4649162292
2.3850000000,-1.3232231140
2.3860000000,-2.6464462280
2.3870000000,-3.8337707520
2.3880000000,-5.1140785217
2.3890000000,-7.1382522583
2.3900000000,-9.2482566833
2.3910000000,-11.5084648132
2.3920000000,-14.6698951721
2.3930000000,-17.1804428101
2.3940000000,-19.5407867432
2.3950000000,-20.7996368408
2.3960000000,-23.3745574951
2.3970000000,-25.4559516907
2.3980000000,-28.6889076233
2.3990000000,-29.9692153931
2.4000000000,-31.6286087036
2.4010000000,-33.7028503418
2.4020000000,-36.4208221436
2.4030000000,-36.6067886353
2.4040000000,-38.9170646667
2.4050000000,-41.6135787964
2.4060000000,-41.8066978455
2.4070000000,-43.0583953857
2.4080000000,-45.6905364990
2.4090000000,-45.4330444336
2.4100000000,-47.2426414490
2.4110000000,-47.1925735474
2.4120000000,-48.7089157104
2.4130000000,-49.4742393494
2.4140000000,-49.4456291199
2.4150000000,-51.2266159058
2.4160000000,-50.0607490540
2.4170000000,-50.7688522339
2.4180000000,-51.3267517090
2.4190000000,-50.7616996765
2.4200000000,-51.5842437744
2.4210000000,-50.5757331848
2.4220000000,-51.6557693481
2.4230000000,-49.9248504639
2.4240000000,-50.2252578735
2.4250000000,-49.4313240051
2.4260000000,-48.2225418091
2.4270000000,-48.6159324646
2.4280000000,-46.2269783020
2.4290000000,-46.7705726624
2.4300000000,-44.2814826965
2.4310000000,-43.6162948608
2.4320000000,-42.9725646973
2.4330000000,-40.6122207642
2.4340000000,-39.6251678467
2.4350000000,-38.6166572571
2.4360000000,-36.0417366028
2.4370000000,-33.9317321777
2.4380000000,-33.7815284729
2.4390000000,-30.9133529663
2.4400000000,-28.5959243774
2.4410000000,-26.7505645752
2.4420000000,-26.1068344116
2.4430000000,-22.8881835938
2.4440000000,-20.5636024475
2.4450000000,-18.8040733337
2.4460000000,-16.4222717285
2.4470000000,-14.8916244507
2.4480000000,-12.5455856323
2.4490000000,-10.3926658630
2.4500000000,-7.5459480286
2.4510000000,-5.0210952759
2.4520000000,-2.5749206543
2.4530000000,-0.6079673767
2.4540000000,1.3589859009
2.4550000000,2.9397010803
2.4560000000,4.6062469482
2.4570000000,6.4158439636
2.4580000000,8.7118148804
2.4590000000,10.4928016663
2.4600000000,12.9032135010
2.4610000000,14.6341323853
2.4620000000,17.3950195313
2.4630000000,19.7839736938
2.4640000000,22.1300125122
2.4650000000,25.6133079529
2.4660000000,26.7362594604
2.4670000000,28.3455848694
2.4680000000,30.5986404419
2.4690000000,33.7314605713
2.4700000000,34.8901748657
2.4710000000,36.5710258484
2.4720000000,38.7310981750
2.4730000000,40.1329994202
2.4740000000,41.1415100098
2.4750000000,43.5948371887
2.4760000000,43.4017181396
2.4770000000,44.8894500732
2.4780000000,47.3570823669
2.4790000000,46.4987754822
2.4800000000,48.3298301697
2.4810000000,48.7804412842
2.4820000000,48.6373901367
2.4830000000,50.8046150208
2.4840000000,49.7889518738
2.4850000000,51.3625144958
2.4860000000,50.0178337097
2.4870000000,51.5770912170
2.4880000000,50.3969192505
2.4890000000,50.0679016113
2.4900000000,51.2838363647
2.4910000000,49.6459007263
2.4920000000,50.4469871521
2.4930000000,48.5014915466
2.4940000000,48.7518310547
2.4950000000,47.0066070557
2.4960000000,46.1268424988
2.4970000000,46.6632843018
2.4980000000,43.5304641724
2.4990000000,43.3516502380
2.5000000000,42.3717498779
2.5010000000,39.7682189941
2.5020000000,39.3891334534
2.5030000000,37.5938415527
2.5040000000,35.4409217834
2.5050000000,33.7886810303
2.5060000000,33.0305099487
2.5070000000,30.0621986389
2.5080000000,28.6173820496
2.5090000000,26.4859199524
2.5100000000,24.9767303467
2.5110000000,21.9082832336
2.5120000000,19.8268890381
2.5130000000,17.5952911377
2.5140000000,15.1991844177
2.5150000000,12.7601623535
2.5160000000,11.0864639282
2.5170000000,8.3684921265
2.5180000000,5.6791305542
2.5190000000,3.2544136047
2.5200000000,0.8583068848
2.5210000000,-1.1587142944
2.5220000000,-2.7179718018
2.5230000000,-4.0340423584
2.5240000000,-5.7077407837
2.5250000000,-8.1324577332
2.5260000000,-10.1995468140
2.5270000000,-12.0806694031
2.5280000000,-14.9846076965
2.5290000000,-17.6024436951
2.5300000000,-20.0915336609
2.5310000000,-22.7236747742
2.5320000000,-25.6991386414
2.5330000000,-26.4143943787
2.5340000000,-28.6960601807
2.5350000000,-31.0063362122
2.5360000000,-34.3394279480
2.5370000000,-34.7971916199
2.5380000000,-36.9644165039
2.5390000000,-39.6323204041
2.5400000000,-40.3904914856
2.5410000000,-41.9998168945
2.5420000000,-44.7535514832
2.5430000000,-44.0526008606
2.5440000000,-46.0910797119
2.5450000000,-47.5358963013
2.5460000000,-47.3070144653
2.5470000000,-49.9033927917
2.5480000000,-49.2739677429
2.5490000000,-50.0106811523
2.5500000000,-50.4398345947
2.5510000000,-50.9047508240
2.5520000000,-51.5127182007
2.5530000000,-50.2824783325
2.5540000000,-52.5426864624
2.5550000000,-50.3826141357
2.5560000000,-51.5198707581
2.5570000000,-50.3468513489
2.5580000000,-49.8604774475
2.5590000000,-49.9534606934
2.5600000000,-48.2940673828
2.5610000000,-48.8591194153
2.5620000000,-46.1769104004
2.5630000000,-45.9122657776
2.5640000000,-45.2256202698
2.5650000000,-42.6578521729
2.5660000000,-43.1871414185
2.5670000000,-40.0328636169
2.5680000000,-38.8169288635
2.5690000000,-38.1517410278
2.5700000000,-34.9330902100
2.5710000000,-33.4954261780
2.5720000000,-31.5713882446
2.5730000000,-30.2696228027
2.5740000000,-26.7791748047
2.5750000000,-25.0697135925
2.5760000000,-23.1170654297
2.5770000000,-21.7080116272
2.5780000000,-19.2689895630
2.5790000000,-15.9072875977
2.5800000000,-13.8044357300
2.5810000000,-11.6086006165
2.5820000000,-9.4056129456
2.5830000000,-6.8664550781
2.5840000000,-4.3201446533
2.5850000000,-2.0742416382
2.5860000000,0.3647804260
2.5870000000,2.1815299988
2.5880000000,3.8480758667
2.5890000000,5.6290626526
2.5900000000,7.6746940613
2.5910000000,10.1280212402
2.5920000000,12.1665000916
2.5930000000,14.9631500244
2.5940000000,17.5595283508
2.5950000000,20.5063819885
2.5960000000,21.9655036926
2.5970000000,23.8680839539
2.5980000000,27.0223617554
2.5990000000,29.5543670654
2.6000000000,31.8861007690
2.6010000000,32.6800346375
2.6020000000,35.2406501770
2.6030000000,38.0086898804
2.6040000000,38.9027595520
2.6050000000,40.1186943054
2.6060000000,42.8509712219
2.6070000000,43.2300567627
2.6080000000,44.3100929260
2.6090000000,46.7348098755
2.6100000000,46.2412834167
2.6110000000,48.6373901367
2.6120000000,48.4514236450
2.6130000000,48.9807128906
2.6140000000,49.7889518738
2.6150000000,50.2467155457
2.6160000000,51.1908531189
2.6170000000,50.2324104309
2.6180000000,51.6915321350
2.6190000000,50.5971908569
2.6200000000,50.4755973816
2.6210000000,50.6758689880
2.6220000000,49.3454933167
2.6230000000,50.2681732178
2.6240000000,48.4657287598
2.6250000000,48.3727455139
2.6260000000,46.6489791870
2.6270000000,45.4545021057
2.6280000000,46.0982322693
2.6290000000,42.7579879761
2.6300000000,42.7579879761
2.6310000000,40.6694412231
2.6320000000,38.9099121094
2.6330000000,37.7440452576
2.6340000000,35.8700752258
2.6350000000,33.9388847351
2.6360000000,31.5642356873
2.6370000000,31.1493873596
2.6380000000,27.9951095581
2.6390000000,25.8350372314
2.6400000000,23.6034393311
2.6410000000,22.2587585449
2.6420000000,19.3977355957
2.6430000000,16.4580345154
2.6440000000,13.9117240906
2.6450000000,11.9304656982
2.6460000000,9.0909004211
2.6470000000,6.7806243896
2.6480000000,4.3630599976
2.6490000000,1.9812583923
2.6500000000,-0.5507469177
2.6510000000,-2.4318695068
2.6520000000,-4.0912628174
2.6530000000,-5.8507919312
2.6540000000,-7.9321861267
2.6550000000,-10.7288360596
2.6560000000,-12.9246711731
2.6570000000,-15.3994560242
2.6580000000,-18.5823440552
2.6590000000,-21.7938423157
2.6600000000,-22.7665901184
2.6610000000,-25.2342224121
2.6620000000,-27.2297859192
2.6630000000,-31.2209129333
2.6640000000,-32.0363044739
2.6650000000,-34.3465805054
2.6660000000,-36.5209579468
2.6670000000,-38.9242172241
2.6680000000,-40.0900840759
2.6690000000,-41.7852401733
2.6700000000,-44.1598892212
2.6710000000,-44.0812110901
2.6720000000,-46.9708442688
2.6730000000,-46.6418266296
2.6740000000,-47.7361679077
2.6750000000,-49.3597984314
2.6760000000,-49.2882728577
2.6770000000,-51.2623786926
2.6780000000,-49.9892234802
2.6790000000,-51.5699386597
2.6800000000,-51.0549545288
2.6810000000,-50.8475303650
2.6820000000,-51.9633293152
2.6830000000,-50.3396987915
2.6840000000,-51.6057014465
2.6850000000,-50.0321388245
2.6860000000,-50.5471229553
2.6870000000,-48.4013557434
2.6880000000,-48.2082366943
2.6890000000,-47.9149818420
2.6900000000,-45.3114509583
2.6910000000,-45.9265708923
2.6920000000,-43.4088706970
2.6930000000,-41.6636466980
2.6940000000,-41.3846969604
2.6950000000,-38.3663177490
2.6960000000,-37.1146202087
2.6970000000,-35.8772277832
2.6980000000,-32.3796272278
2.6990000000,-30.8418273926
2.7000000000,-28.8462638855
2.7010000000,-27.4729728699
2.7020000000,-23.9753723145
2.7030000000,-21.8009948730
2.7040000000,-19.0973281860
2.7050000000,-17.5023078918
2.7060000000,-15.2993202209
2.7070000000,-12.8960609436
2.7080000000,-9.5272064209
2.7090000000,-7.0023536682
2.7100000000,-4.6133995056
2.7110000000,-2.1100044250
2.7120000000,0.3433227539
2.7130000000,2.2673606873
2.7140000000,4.0769577026
2.7150000000,5.8794021606
2.7160000000,8.0537796021
2.7170000000,11.0220909119
2.7180000000,13.3752822876
2.7190000000,15.5210494995
2.7200000000,17.5023078918
2.7210000000,20.6637382507
2.7220000000,23.4103202820
2.7230000000,26.0424613953
2.7240000000,28.7532806396
2.7250000000,29.5114517212
2.7260000000,32.7515602112
2.7270000000,35.0475311279
2.7280000000,36.8428230286
2.7290000000,38.3019447327
2.7300000000,40.4262542725
2.7310000000,41.9855117798
2.7320000000,43.0154800415
2.7330000000,45.4115867615
2.7340000000,45.5403327942
2.7350000000,46.4344024658
2.7360000000,48.9735603333
2.7370000000,48.1438636780
2.7380000000,49.9320030212
2.7390000000,49.8819351196
2.7400000000,50.3683090210
2.7410000000,50.9905815125
2.7420000000,50.3325462341
2.7430000000,51.6772270203
2.7440000000,50.2681732178
2.7450000000,51.6414642334
2.7460000000,49.5815277100
2.7470000000,50.0178337097
2.7480000000,49.1309165955
2.7490000000,47.5072860718
2.7500000000,48.2869148254
2.7510000000,45.6333160400
2.7520000000,45.8264350891
2.7530000000,43.1013107300
2.7540000000,42.0856475830
2.7550000000,41.8853759766
2.7560000000,38.3234024048
2.7570000000,37.1217727661
2.7580000000,36.1561775208
2.7590000000,33.4882736206
2.7600000000,31.4927101135
2.7610000000,29.0608406067
2.7620000000,28.3026695251
2.7630000000,24.9767303467
2.7640000000,22.9382514954
2.7650000000,20.0057029724
2.7660000000,17.7526473999
2.7670000000,16.2649154663
2.7680000000,13.1106376648
2.7690000000,10.5428695679
2.7700000000,7.5602531433
2.7710000000,4.9567222595
2.7720000000,2.3317337036
2.7730000000,-0.2217292786
2.7740000000,-2.2315979004
2.7750000000,-4.2200088501
2.7760000000,-6.0653686523
2.7770000000,-8.6474418640
2.7780000000,-11.0650062561
2.7790000000,-14.0905380249
2.7800000000,-16.1790847778
2.7810000000,-18.3892250061
2.7820000000,-21.0571289063
2.7830000000,-23.7751007080
2.7840000000,-26.9579887390
2.7850000000,-29.4613838196
2.7860000000,-30.6129455566
2.7870000000,-33.3309173584
2.7880000000,-36.4208221436
2.7890000000,-37.7511978149
2.7900000000,-39.3390655518
2.7910000000,-42.1714782715
2.7920000000,-42.8295135498
2.7930000000,-44.0311431885
2.7940000000,-46.8349456787
2.7950000000,-46.2913513184
2.7960000000,-48.5944747925
2.7970000000,-48.4943389893
2.7980000000,-49.8104095459
2.7990000000,-50.8403778076
2.8000000000,-50.3683090210
2.8010000000,-51.9990921021
2.8020000000,-50.8117675781
2.8030000000,-51.9132614136
2.8040000000,-50.7831573486
2.8050000000,-51.0263442993
2.8060000000,-51.0978698730
2.8070000000,-49.8962402344
2.8080000000,-50.1966476440
2.8090000000,-48.5587120056
2.8100000000,-47.8363037109
2.8110000000,-46.8778610229
2.8120000000,-44.8822975159
2.8130000000,-45.1898574829
2.8140000000,-42.1285629272
2.8150000000,-40.9483909607
2.8160000000,-39.6823883057
2.8170000000,-37.1217727661
2.8180000000,-35.3622436523
2.8190000000,-33.8816642761
2.8200000000,-30.3554534912
2.8210000000,-28.6674499512
2.8220000000,-26.5717506409
2.8230000000,-24.7478485107
2.8240000000,-20.9856033325
2.8250000000,-18.6753273010
2.8260000000,-16.5152549744
2.8270000000,-13.7472152710
2.8280000000,-11.4512443542
2.8290000000,-8.9693069458
2.8300000000,-6.0868263245
2.8310000000,-3.3903121948
2.8320000000,-0.7438659668
2.8330000000,1.7309188843
2.8340000000,3.5619735718
2.8350000000,5.4502487183
2.8360000000,7.7390670776
2.8370000000,9.9205970764
2.8380000000,12.3095512390
2.8390000000,15.4209136963
2.8400000000,18.1961059570
2.8410000000,20.7352638245
2.8420000000,24.2257118225
2.8430000000,25.7134437561
2.8440000000,27.5731086731
2.8450000000,30.6057929993
2.8460000000,33.4167480469
2.8470000000,35.0546836853
2.8480000000,36.8928909302
2.8490000000,39.0958786011
2.8500000000,40.9984588623
2.8510000000,42.1428680420
2.8520000000,44.6462631226
2.8530000000,44.6891784668
2.8540000000,46.1840629578
2.8550000000,48.5229492188
2.8560000000,47.9578971863
2.8570000000,49.5743751526
2.8580000000,49.9320030212
2.8590000000,49.9033927917
2.8600000000,51.2266159058
2.8610000000,50.3611564636
2.8620000000,51.9847869873
2.8630000000,50.1751899719
2.8640000000,51.5627861023
2.8650000000,49.8533248901
2.8660000000,49.6387481689
2.8670000000,49.3955612183
2.8680000000,47.6717948914
2.8690000000,48.1581687927
2.8700000000,45.4974174500
2.8710000000,45.2256202698
2.8720000000,43.1442260742
2.8730000000,41.6636466980
2.8740000000,41.1915779114
2.8750000000,37.6725196838
2.8760000000,36.5924835205
2.8770000000,34.8114967346
2.8780000000,32.7873229980
2.8790000000,30.3339958191
2.8800000000,27.5444984436
2.8810000000,26.5431404114
2.8820000000,23.8609313965
2.8830000000,20.7924842834
2.8840000000,18.6896324158
2.8850000000,15.6641006470
2.8860000000,13.4539604187
2.8870000000,10.7932090759
2.8880000000,8.5473060608
2.8890000000,5.3429603577
2.8900000000,2.1600723267
2.8910000000,-0.6866455078
2.8920000000,-2.9969215393
2.8930000000,-5.0067901611
2.8940000000,-7.0309638977
2.8950000000,-9.0408325195
2.8960000000,-11.6372108459
2.8970000000,-14.5196914673
2.8980000000,-17.3878669739
2.8990000000,-19.8197364807
2.9000000000,-22.9239463806
2.9010000000,-26.5002250671
2.9020000000,-27.5301933289
2.9030000000,-30.1051139832
2.9040000000,-32.6156616211
2.9050000000,-35.9201431274
2.9060000000,-36.8571281433
2.9070000000,-39.4248962402
2.9080000000,-41.8925285339
2.9090000000,-42.4933433533
2.9100000000,-44.3601608276
2.9110000000,-46.3485717773
2.9120000000,-46.2555885315
2.9130000000,-49.2739677429
2.9140000000,-48.5801696777
2.9150000000,-49.9820709229
2.9160000000,-50.1394271851
2.9170000000,-51.2409210205
2.9180000000,-51.5627861023
2.9190000000,-50.9262084961
2.9200000000,-52.4568557739
2.9210000000,-50.8260726929
2.9220000000,-51.4483451843
2.9230000000,-50.3754615784
2.9240000000,-49.6816635132
2.9250000000,-49.6029853821
2.9260000000,-47.9435920715
2.9270000000,-48.2010841370
2.9280000000,-45.4330444336
2.9290000000,-44.6033477783
2.9300000000,-43.8165664673
2.9310000000,-40.9913063049
2.9320000000,-39.6966934204
2.9330000000,-38.1231307983
2.9340000000,-35.2334976196
2.9350000000,-33.2093238831
2.9360000000,-31.8002700806
2.9370000000,-28.1953811646
2.9380000000,-26.2427330017
2.9390000000,-23.8680839539
2.9400000000,-21.6794013977
2.9410000000,-18.4178352356
2.9420000000,-15.4709815979
2.9430000000,-12.9461288452
2.9440000000,-10.5500221252
2.9450000000,-7.6818466187
2.9460000000,-4.8065185547
2.9470000000,-2.0670890808
2.9480000000,0.6294250488
2.9490000000,2.7894973755
2.9500000000,4.7922134399
2.9510000000,6.9236755371
2.9520000000,9.4127655029
2.9530000000,11.8017196655
2.9540000000,14.7199630737
2.9550000000,17.5166130066
2.9560000000,20.8282470703
2.9570000000,22.7022171021
2.9580000000,25.3415107727
2.9590000000,28.1023979187
2.9600000000,30.9133529663
2.9610000000,32.8159332275
2.9620000000,34.8973274231
2.9630000000,36.8499755859
2.9640000000,40.1687622070
2.9650000000,40.7338142395
2.9660000000,42.4933433533
2.9670000000,44.6248054504
2.9680000000,45.2399253845
2.9690000000,47.7647781372
2.9700000000,47.6503372192
2.9710000000,48.3512878418
2.9720000000,50.0249862671
2.9730000000,49.7388839722
2.9740000000,51.2194633484
2.9750000000,50.5971908569
2.9760000000,51.5270233154
2.9770000000,50.8189201355
2.9780000000,50.6687164307
2.9790000000,50.9977340698
2.9800000000,49.0736961365
2.9810000000,50.7903099060
2.9820000000,47.8076934814
2.9830000000,47.8005409241
2.9840000000,45.7906723022
2.9850000000,44.6820259094
2.9860000000,44.4102287292
2.9870000000,41.4705276489
2.9880000000,39.8254394531
2.9890000000,39.2889976501
2.9900000000,35.9773635864
2.9910000000,33.4095954895
2.9920000000,33.3237648010
2.9930000000,29.4113159180
2.9940000000,27.4014472961
2.9950000000,24.5475769043
2.9960000000,23.2100486755
2.9970000000,20.3418731689
2.9980000000,17.3592567444
2.9990000000,14.9917602539
3.0000000000,12.1808052063
3.0010000000,9.0408325195
3.0020000000,6.3943862915
3.0030000000,3.1971931458
3.0040000000,0.3218650818
3.0050000000,-2.1386146545
3.0060000000,-4.2986869812
3.0070000000,-6.3943862915
3.0080000000,-8.7332725525
3.0090000000,-11.9733810425
3.0100000000,-14.4410133362
3.0110000000,-17.3377990723
3.0120000000,-20.5492973328
3.0130000000,-23.2958793640
3.0140000000,-24.8551368713
3.0150000000,-28.4099578857
3.0160000000,-30.7273864746
3.0170000000,-34.1248512268
3.0180000000,-34.8114967346
3.0190000000,-37.5938415527
3.0200000000,-41.3775444031
3.0210000000,-40.9412384033
3.0220000000,-43.3588027954
3.0230000000,-45.5975532532
3.0240000000,-46.3700294495
3.0250000000,-48.0079650879
3.0260000000,-48.3155250549
3.0270000000,-49.4813919067
3.0280000000,-50.7616996765
3.0290000000,-50.1608848572
3.0300000000,-52.4497032166
3.0310000000,-50.6114959717
3.0320000000,-52.4282455444
3.0330000000,-51.1908531189
3.0340000000,-50.8260726929
3.0350000000,-51.1693954468
3.0360000000,-49.5457649231
3.0370000000,-49.9749183655
3.0380000000,-48.0079650879
3.0390000000,-48.0508804321
3.0400000000,-45.4044342041
3.0410000000,-44.6963310242
3.0420000000,-43.6949729919
3.0430000000,-40.6336784363
3.0440000000,-39.1602516174
3.0450000000,-37.9228591919
3.0460000000,-34.4610214233
3.0470000000,-32.2794914246
3.0480000000,-31.1493873596
3.0490000000,-27.7090072632
3.0500000000,-25.1197814941
3.0510000000,-22.1657752991
3.0520000000,-19.8268890381
3.0530000000,-17.3807144165
3.0540000000,-14.6198272705
3.0550000000,-10.8146667480
3.0560000000,-8.4257125854
3.0570000000,-5.6648254395
3.0580000000,-2.6106834412
3.0590000000,0.2217292786
3.0600000000,2.4604797363
3.0610000000,4.5990943909
3.0620000000,6.8235397339
3.0630000000,9.1123580933
3.0640000000,12.1378898621
3.0650000000,15.3923034668
3.0660000000,17.5952911377
3.0670000000,20.0271606445
3.0680000000,23.4675407410
3.0690000000,25.9208679199
3.0700000000,29.0822982788
3.0710000000,30.8489799500
3.0720000000,33.0805778503
3.0730000000,35.4623794556
3.0740000000,39.1674041748
3.0750000000,39.1745567322
3.0760000000,41.2201881409
3.0770000000,44.5818901062
3.0780000000,44.3458557129
3.0790000000,46.6918945313
3.0800000000,47.5931167603
3.0810000000,47.8506088257
3.0820000000,50.3468513489
3.0830000000,49.6745109558
3.0840000000,51.3911247253
3.0850000000,50.2610206604
3.0860000000,51.7916679382
3.0870000000,50.7187843323
3.0880000000,50.4040718079
3.0890000000,51.4268875122
3.0900000000,49.6315956116
3.0910000000,50.1751899719
3.0920000000,48.1081008911
3.0930000000,47.7218627930
3.0940000000,45.6905364990
3.0950000000,44.4531440735
3.0960000000,44.1741943359
3.0970000000,40.8411026001
3.0980000000,39.0028953552
3.0990000000,38.7167930603
3.1000000000,35.3479385376
3.1010000000,33.0018997192
3.1020000000,31.2995910645
3.1030000000,28.8820266724
3.1040000000,25.8636474609
3.1050000000,23.0956077576
3.1060000000,20.5492973328
3.1070000000,19.1473960876
3.1080000000,15.7928466797
3.1090000000,12.6314163208
3.1100000000,9.3340873718
3.1110000000,6.6518783569
3.1120000000,3.6406517029
3.1130000000,0.6651878357
3.1140000000,-2.1100044250
3.1150000000,-4.3344497681
3.1160000000,-6.5732002258
3.1170000000,-8.9621543884
3.1180000000,-12.3596191406
3.1190000000,-15.2564048767
3.1200000000,-18.4679031372
3.1210000000,-20.0700759888
3.1220000000,-23.1313705444
3.1230000000,-26.1926651001
3.1240000000,-29.7331809998
3.1250000000,-32.1078300476
3.1260000000,-33.9889526367
3.1270000000,-36.6210937500
3.1280000000,-39.6180152893
3.1290000000,-40.7338142395
3.1300000000,-42.4218177795
3.1310000000,-45.0468063354
3.1320000000,-45.4044342041
3.1330000000,-48.0437278748
3.1340000000,-47.6789474487
3.1350000000,-49.3168830872
3.1360000000,-50.6758689880
3.1370000000,-50.4755973816
3.1380000000,-52.0491600037
3.1390000000,-51.2981414795
3.1400000000,-52.1421432495
3.1410000000,-51.2051582336
3.1420000000,-51.1550903320
3.1430000000,-50.9119033813
3.1440000000,-49.7460365295
3.1450000000,-50.0035285950
3.1460000000,-47.9006767273
3.1470000000,-47.7719306946
3.1480000000,-45.6261634827
3.1490000000,-44.1455841064
3.1500000000,-43.3087348938
3.1510000000,-40.4977798462
3.1520000000,-38.2089614868
3.1530000000,-37.2433662415
3.1540000000,-33.4739685059
3.1550000000,-31.2852859497
3.1560000000,-29.9620628357
3.1570000000,-26.5502929688
3.1580000000,-23.3674049377
3.1590000000,-21.1286544800
3.1600000000,-17.8813934326
3.1610000000,-15.4352188110
3.1620000000,-12.5098228455
3.1630000000,-9.4699859619
3.1640000000,-5.9938430786
3.1650000000,-2.8824806213
3.1660000000,-0.1931190491
3.1670000000,2.2673606873
3.1680000000,4.5204162598
3.1690000000,7.0309638977
3.1700000000,9.6201896667
3.1710000000,12.0019912720
3.1720000000,15.0275230408
3.1730000000,17.5523757935
3.1740000000,21.1286544800
3.1750000000,23.6749649048
3.1760000000,27.0223617554
3.1770000000,29.1752815247
3.1780000000,31.1994552612
3.1790000000,33.8172912598
3.1800000000,37.5723838806
3.1810000000,38.2876396179
3.1820000000,40.1473045349
3.1830000000,43.6806678772
3.1840000000,43.8809394836
3.1850000000,45.2256202698
3.1860000000,47.6145744324
3.1870000000,47.9006767273
3.1880000000,49.7674942017
3.1890000000,49.6172904968
3.1900000000,50.9190559387
3.1910000000,50.4183769226
3.1920000000,50.8761405945
3.1930000000,51.7416000366
3.1940000000,50.6258010864
3.1950000000,51.5198707581
3.1960000000,49.8318672180
3.1970000000,49.8390197754
3.1980000000,48.5301017761
3.1990000000,46.7205047607
3.2000000000,47.4214553833
3.2010000000,44.1026687622
3.2020000000,43.6949729919
3.2030000000,41.3274765015
3.2040000000,39.2317771912
3.2050000000,38.0802154541
3.2060000000,34.6899032593
3.2070000000,32.9446792603
3.2080000000,30.1766395569
3.2090000000,28.7604331970
3.2100000000,24.9266624451
3.2110000000,22.7165222168
3.2120000000,20.0057029724
3.2130000000,17.0087814331
3.2140000000,15.2564048767
3.2150000000,11.7301940918
3.2160000000,8.1825256348
3.2170000000,5.1355361938
3.2180000000,1.7309188843
3.2190000000,-1.2660026550
3.2200000000,-3.7693977356
3.2210000000,-5.9866905212
3.2220000000,-8.3756446838
3.2230000000,-11.8517875671
3.2240000000,-14.2264366150
3.2250000000,-16.6440010071
3.2260000000,-19.9270248413
3.2270000000,-23.3244895935
3.2280000000,-26.4573097229
3.2290000000,-30.0121307373
3.2300000000,-30.7416915894
3.2310000000,-33.9317321777
3.2320000000,-37.4579429626
3.2330000000,-39.0744209290
3.2340000000,-40.7624244690
3.2350000000,-43.6091423035
3.2360000000,-44.3100929260
3.2370000000,-46.1268424988
3.2380000000,-47.9865074158
3.2390000000,-48.0794906616
3.2400000000,-50.9333610535
3.2410000000,-49.5457649231
3.2420000000,-51.0263442993
3.2430000000,-51.8989562988
3.2440000000,-51.5055656433
3.2450000000,-52.0420074463
3.2460000000,-51.1050224304
3.2470000000,-52.0062446594
3.2480000000,-49.8104095459
3.2490000000,-50.1680374146
3.2500000000,-48.4085083008
3.2510000000,-47.5072860718
3.2520000000,-47.1210479736
3.2530000000,-44.7320938110
3.2540000000,-42.8938865662
3.2550000000,-41.6350364685
3.2560000000,-38.9385223389
3.2570000000,-36.9858741760
3.2580000000,-34.5253944397
3.2590000000,-31.6143035889
3.2600000000,-29.2110443115
3.2610000000,-27.6947021484
3.2620000000,-23.8609313965
3.2630000000,-20.5492973328
3.2640000000,-18.0888175964
3.2650000000,-14.6055221558
3.2660000000,-11.9233131409
3.2670000000,-9.1123580933
3.2680000000,-5.5718421936
3.2690000000,-2.5963783264
3.2700000000,0.5936622620
3.2710000000,3.1900405884
3.2720000000,5.2857398987
3.2730000000,7.8177452087
3.2740000000,10.4212760925
3.2750000000,12.9675865173
3.2760000000,16.6869163513
3.2770000000,19.5264816284
3.2780000000,22.2373008728
3.2790000000,25.8135795593
3.2800000000,27.4658203125
3.2810000000,30.5199623108
3.2820000000,33.0376625061
3.2830000000,36.6353988647
3.2840000000,37.6152992249
3.2850000000,39.4892692566
3.2860000000,43.4803962708
3.2870000000,43.1513786316
3.2880000000,45.4473495483
3.2890000000,47.2211837769
3.2900000000,47.5716590881
3.2910000000,49.9033927917
3.2920000000,49.5600700378
3.2930000000,50.7259368896
3.2940000000,50.6615638733
3.2950000000,51.1479377747
3.2960000000,51.5341758728
3.2970000000,50.4469871521
3.2980000000,52.0133972168
3.2990000000,49.4885444641
3.3000000000,49.7746467590
3.3010000000,48.3870506287
3.3020000000,46.6775894165
3.3030000000,46.4415550232
3.3040000000,43.9739227295
3.3050000000,43.4803962708
3.3060000000,39.9684906006
3.3070000000,38.5737419128
3.3080000000,37.3864173889
3.3090000000,34.0461730957
3.3100000000,31.5928459167
3.3110000000,28.4671783447
3.3120000000,27.5015830994
3.3130000000,23.7965583801
3.3140000000,20.9212303162
3.3150000000,18.3320045471
3.3160000000,15.1491165161
3.3170000000,11.9519233704
3.3180000000,9.2482566833
3.3190000000,6.1154365540
3.3200000000,2.4533271790
3.3210000000,-1.0013580322
3.3220000000,-3.6907196045
3.3230000000,-6.0868263245
3.3240000000,-8.2540512085
3.3250000000,-10.8575820923
3.3260000000,-14.4052505493
3.3270000000,-17.5738334656
3.3280000000,-20.6780433655
3.3290000000,-23.8680839539
3.3300000000,-27.5301933289
3.3310000000,-28.7961959839
3.3320000000,-32.1364402771
3.3330000000,-34.7900390625
3.3340000000,-38.1803512573
3.3350000000,-39.2174720764
3.3360000000,-41.4204597473
3.3370000000,-44.3243980408
3.3380000000,-44.6248054504
3.3390000000,-47.9578971863
3.3400000000,-47.3570823669
3.3410000000,-49.3597984314
3.3420000000,-50.2681732178
3.3430000000,-50.7402420044
3.3440000000,-52.0920753479
3.3450000000,-50.9405136108
3.3460000000,-52.8430938721
3.3470000000,-51.3482093811
3.3480000000,-51.5413284302
3.3490000000,-50.4040718079
3.3500000000,-49.9105453491
3.3510000000,-49.7746467590
3.3520000000,-47.1210479736
3.3530000000,-47.6574897766
3.3540000000,-44.7320938110
3.3550000000,-42.7079200745
3.3560000000,-42.1214103699
3.3570000000,-38.8240814209
3.3580000000,-36.3063812256
3.3590000000,-35.2478027344
3.3600000000,-31.0850143433
3.3610000000,-28.9463996887
3.3620000000,-26.4716148376
3.3630000000,-24.1184234619
3.3640000000,-19.6051597595
3.3650000000,-16.9587135315
3.3660000000,-14.2049789429
3.3670000000,-10.8504295349
3.3680000000,-7.4887275696
3.3690000000,-4.2915344238
3.3700000000,-1.2302398682
3.3710000000,1.6808509827
3.3720000000,4.0626525879
3.3730000000,6.5374374390
3.3740000000,9.3841552734
3.3750000000,12.4025344849
3.3760000000,15.1634216309
3.3770000000,18.2890892029
3.3780000000,22.0584869385
3.3790000000,24.4832038879
3.3800000000,26.5717506409
3.3810000000,30.2481651306
3.3820000000,32.9804420471
3.3830000000,35.3980064392
3.3840000000,37.2076034546
3.3850000000,40.0114059448
3.3860000000,42.8938865662
3.3870000000,43.0727005005
3.3880000000,46.1840629578
3.3890000000,46.8277931213
3.3900000000,47.4572181702
3.3910000000,50.1179695129
3.3920000000,49.7031211853
3.3930000000,51.0048866272
3.3940000000,50.8403778076
3.3950000000,51.7344474792
3.3960000000,50.8117675781
3.3970000000,50.7616996765
3.3980000000,51.2337684631
3.3990000000,49.6172904968
3.4000000000,49.9033927917
3.4010000000,47.8219985962
3.4020000000,46.5917587280
3.4030000000,45.4115867615
3.4040000000,43.1942939758
3.4050000000,42.6435470581
3.4060000000,39.4105911255
3.4070000000,37.0073318481
3.4080000000,36.2062454224
3.4090000000,32.5441360474
3.4100000000,29.9978256226
3.4110000000,26.9365310669
3.4120000000,25.4917144775
3.4130000000,21.7080116272
3.4140000000,18.4035301208
3.4150000000,16.1933898926
3.4160000000,12.5098228455
3.4170000000,9.4556808472
3.4180000000,5.7935714722
3.4190000000,2.5105476379
3.4200000000,-0.6937980652
3.4210000000,-3.3473968506
3.4220000000,-5.9437751770
3.4230000000,-8.7976455688
3.4240000000,-11.4512443542
3.4250000000,-15.1419639587
3.4260000000,-17.5881385803
3.4270000000,-21.3003158569
3.4280000000,-25.1483917236
3.4290000000,-26.9508361816
3.4300000000,-30.3196907043
3.4310000000,-32.7014923096
3.4320000000,-36.4923477173
3.4330000000,-37.3792648315
3.4340000000,-40.2975082397
3.4350000000,-43.3945655823
3.4360000000,-43.8237190247
3.4370000000,-46.1840629578
3.4380000000,-47.7147102356
3.4390000000,-48.5086441040
3.4400000000,-50.4326820374
3.4410000000,-50.3683090210
3.4420000000,-52.0777702332
3.4430000000,-50.7974624634
3.4440000000,-52.3066520691
3.4450000000,-51.6200065613
3.4460000000,-51.3482093811
3.4470000000,-51.5842437744
3.4480000000,-49.9176979065
3.4490000000,-50.0535964966
3.4500000000,-48.0008125305
3.4510000000,-46.8349456787
3.4520000000,-45.3901290894
3.4530000000,-42.5934791565
3.4540000000,-42.7436828613
3.4550000000,-38.3806228638
3.4560000000,-36.3063812256
3.4570000000,-35.3407859802
3.4580000000,-31.1994552612
3.4590000000,-28.6602973938
3.4600000000,-25.5131721497
3.4610000000,-23.3817100525
3.4620000000,-20.1916694641
3.4630000000,-15.7570838928
3.4640000000,-13.1392478943
3.4650000000,-9.8991394043
3.4660000000,-6.7877769470
3.4670000000,-3.2258033752
3.4680000000,0.0286102295
3.4690000000,2.8467178345
3.4700000000,5.3000450134
3.4710000000,7.9035758972
3.4720000000,10.5714797974
3.4730000000,13.8115882874
3.4740000000,16.9515609741
3.4750000000,20.9426879883
3.4760000000,23.3244895935
3.4770000000,25.9423255920
3.4780000000,28.7890434265
3.4790000000,32.3796272278
3.4800000000,34.6827507019
3.4810000000,36.9000434875
3.4820000000,39.5250320435
3.4830000000,41.8925285339
3.4840000000,43.4589385986
3.4850000000,45.7191467285
3.4860000000,46.8564033508
3.4870000000,47.6360321045
3.4880000000,49.7102737427
3.4890000000,49.7317314148
3.4900000000,51.6486167908
3.4910000000,50.5113601685
3.4920000000,51.6414642334
3.4930000000,51.4626502991
3.4940000000,50.3897666931
3.4950000000,51.1765480042
3.4960000000,49.5028495789
3.4970000000,49.7961044312
3.4980000000,47.4214553833
3.4990000000,46.7634201050
3.5000000000,44.4030761719
3.5010000000,42.8581237793
3.5020000000,42.1929359436
3.5030000000,38.6452674866
3.5040000000,36.0417366028
3.5050000000,35.2549552917
3.5060000000,31.4712524414
3.5070000000,28.8891792297
3.5080000000,25.5131721497
3.5090000000,23.8466262817
3.5100000000,20.5206871033
3.5110000000,16.7441368103
3.5120000000,13.5970115662
3.5130000000,10.4212760925
3.5140000000,6.7734718323
3.5150000000,3.2615661621
3.5160000000,-0.0500679016
3.5170000000,-2.9826164246
3.5180000000,-5.4645538330
3.5190000000,-8.4614753723
3.5200000000,-11.3725662231
3.5210000000,-14.2407417297
3.5220000000,-18.0315971375
3.5230000000,-21.7652320862
3.5240000000,-23.7751007080
3.5250000000,-27.0724296570
3.5260000000,-30.1408767700
3.5270000000,-34.1320037842
3.5280000000,-35.5696678162
3.5290000000,-37.7368927002
3.5300000000,-41.5277481079
3.5310000000,-42.5863265991
3.5320000000,-44.2028045654
3.5330000000,-47.3713874817
3.5340000000,-47.7290153503
3.5350000000,-49.0307807922
3.5360000000,-50.1966476440
3.5370000000,-50.9047508240
3.5380000000,-51.9275665283
3.5390000000,-50.9262084961
3.5400000000,-53.2007217407
3.5410000000,-51.0692596436
3.5420000000,-52.2923469543
3.5430000000,-50.1394271851
3.5440000000,-49.9606132507
3.5450000000,-49.0236282349
3.5460000000,-47.1782684326
3.5470000000,-46.9636917114
3.5480000000,-43.6735153198
3.5490000000,-41.6564941406
3.5500000000,-40.6765937805
3.5510000000,-37.3077392578
3.5520000000,-34.3966484070
3.5530000000,-33.1735610962
3.5540000000,-28.7675857544
3.5550000000,-26.3285636902
3.5560000000,-23.0884552002
3.5570000000,-20.5492973328
3.5580000000,-17.1875953674
3.5590000000,-12.9032135010
3.5600000000,-9.8204612732
3.5610000000,-6.5159797668
3.5620000000,-3.1971931458
3.5630000000,0.1072883606
3.5640000000,2.8753280640
3.5650000000,5.5932998657
3.5660000000,8.3327293396
3.5670000000,11.0006332397
3.5680000000,14.9416923523
3.5690000000,18.2032585144
3.5700000000,20.9641456604
3.5710000000,23.7965583801
3.5720000000,26.9651412964
3.5730000000,30.2410125732
3.5740000000,33.4525108337
3.5750000000,35.2334976196
3.5760000000,37.8227233887
3.5770000000,41.4776802063
3.5780000000,41.8281555176
3.5790000000,45.0396537781
3.5800000000,46.0767745972
3.5810000000,47.4143028259
3.5820000000,49.6530532837
3.5830000000,49.4885444641
3.5840000000,50.6329536438
3.5850000000,51.1765480042
3.5860000000,51.0191917419
3.5870000000,51.7058372498
3.5880000000,50.7402420044
3.5890000000,51.9061088562
3.5900000000,49.5386123657
3.5910000000,49.6244430542
3.5920000000,48.1796264648
3.5930000000,45.9051132202
3.5940000000,45.9980964661
3.5950000000,42.8080558777
3.5960000000,41.8424606323
3.5970000000,38.8026237488
3.5980000000,36.4494323730
3.5990000000,34.5540046692
3.6000000000,32.1364402771
3.6010000000,28.1238555908
3.6020000000,25.9494781494
3.6030000000,22.6020812988
3.6040000000,20.5707550049
3.6050000000,16.4079666138
3.6060000000,12.7172470093
3.6070000000,9.0909004211
3.6080000000,5.8794021606
3.6090000000,2.3031234741
3.6100000000,-1.1658668518
3.6110000000,-3.8981437683
3.6120000000,-6.7591667175
3.6130000000,-9.2482566833
3.6140000000,-12.8746032715
3.6150000000,-16.3578987122
3.6160000000,-20.0414657593
3.6170000000,-22.1157073975
3.6180000000,-25.8636474609
3.6190000000,-28.8605690002
3.6200000000,-33.0519676208
3.6210000000,-34.4181060791
3.6220000000,-36.9000434875
3.6230000000,-40.7123565674
3.6240000000,-42.0570373535
3.6250000000,-43.6377525330
3.6260000000,-47.1067428589
3.6270000000,-47.4214553833
3.6280000000,-48.7017631531
3.6290000000,-50.2753257751
3.6300000000,-50.7473945618
3.6310000000,-51.9490242004
3.6320000000,-51.0263442993
3.6330000000,-53.2722473145
3.6340000000,-51.1193275452
3.6350000000,-52.2422790527
3.6360000000,-50.2324104309
3.6370000000,-50.0464439392
3.6380000000,-49.0736961365
3.6390000000,-47.0924377441
3.6400000000,-46.7705726624
3.6410000000,-43.4947013855
3.6420000000,-41.2559509277
3.6430000000,-40.3404235840
3.6440000000,-36.6783142090
3.6450000000,-33.6313247681
3.6460000000,-32.5369834900
3.6470000000,-28.0666351318
3.6480000000,-25.2485275269
3.6490000000,-22.0012664795
3.6500000000,-19.2618370056
3.6510000000,-15.7928466797
3.6520000000,-12.1378898621
3.6530000000,-7.9894065857
3.6540000000,-4.6849250793
3.6550000000,-1.4519691467
3.6560000000,1.7523765564
3.6570000000,4.3773651123
3.6580000000,7.1740150452
3.6590000000,10.4641914368
3.6600000000,13.8902664185
3.6610000000,16.8299674988
3.6620000000,19.4907188416
3.6630000000,23.2958793640
3.6640000000,26.0710716248
3.6650000000,30.0765037537
3.6660000000,32.4511528015
3.6670000000,34.7614288330
3.6680000000,37.9514694214
3.6690000000,40.7695770264
3.6700000000,41.7780876160
3.6710000000,45.1326370239
3.6720000000,45.7763671875
3.6730000000,47.2998619080
3.6740000000,49.9463081360
3.6750000000,49.4956970215
3.6760000000,50.8832931519
3.6770000000,51.2337684631
3.6780000000,51.3482093811
3.6790000000,51.4698028564
3.6800000000,50.8618354797
3.6810000000,51.8202781677
3.6820000000,49.6673583984
3.6830000000,49.5457649231
3.6840000000,47.9292869568
3.6850000000,45.6976890564
3.6860000000,45.4401969910
3.6870000000,42.3645973206
3.6880000000,41.3203239441
3.6890000000,37.9657745361
3.6900000000,35.7127189636
3.6910000000,33.5311889648
3.6920000000,31.2280654907
3.6930000000,26.8077850342
3.6940000000,24.6906280518
3.6950000000,21.1715698242
3.6960000000,18.6967849731
3.6970000000,14.6341323853
3.6980000000,10.9219551086
3.6990000000,6.9451332092
3.7000000000,3.3473968506
3.7010000000,-0.3218650818
3.7020000000,-3.1042098999
3.7030000000,-5.8794021606
3.7040000000,-9.0408325195
3.7050000000,-11.9948387146
3.7060000000,-16.0503387451
3.7070000000,-18.2318687439
3.7080000000,-21.7294692993
3.7090000000,-25.8135795593
3.7100000000,-28.7389755249
3.7110000000,-32.5942039490
3.7120000000,-33.5597991943
3.7130000000,-37.0144844055
3.7140000000,-41.0914421082
3.7150000000,-41.6707992554
3.7160000000,-43.7736511230
3.7170000000,-46.8277931213
3.7180000000,-47.7504730225
3.7190000000,-49.5958328247
3.7200000000,-49.4027137756
3.7210000000,-51.2123107910
3.7220000000,-51.9704818726
3.7230000000,-51.4626502991
3.7240000000,-52.8931617737
3.7250000000,-51.2409210205
3.7260000000,-52.2351264954
3.7270000000,-50.5185127258
3.7280000000,-49.6745109558
3.7290000000,-48.2153892517
3.7300000000,-47.0781326294
3.7310000000,-45.9551811218
3.7320000000,-42.4003601074
3.7330000000,-40.6050682068
3.7340000000,-39.1817092896
3.7350000000,-35.5982780457
3.7360000000,-32.2437286377
3.7370000000,-30.7559967041
3.7380000000,-26.6575813293
3.7390000000,-23.5033035278
3.7400000000,-19.8411941528
3.7410000000,-16.7655944824
3.7420000000,-13.3466720581
3.7430000000,-10.0350379944
3.7440000000,-5.8794021606
3.7450000000,-2.1028518677
3.7460000000,1.2302398682
3.7470000000,4.0340423584
3.7480000000,7.0953369141
3.7490000000,9.9277496338
3.7500000000,12.8889083862
3.7510000000,16.1218643188
3.7520000000,19.6123123169
3.7530000000,23.1027603149
3.7540000000,26.0925292969
3.7550000000,30.3196907043
3.7560000000,32.1507453918
3.7570000000,35.1047515869
3.7580000000,38.6881828308
3.7590000000,40.3189659119
3.7600000000,42.1643257141
3.7610000000,45.7620620728
3.7620000000,46.3128089905
3.7630000000,47.5430488586
3.7640000000,49.6459007263
3.7650000000,49.8461723328
3.7660000000,51.7845153809
3.7670000000,50.7330894470
3.7680000000,52.3281097412
3.7690000000,51.0191917419
3.7700000000,51.6414642334
3.7710000000,50.2753257751
3.7720000000,49.1595268250
3.7730000000,49.7317314148
3.7740000000,46.7562675476
3.7750000000,45.7262992859
3.7760000000,43.5519218445
3.7770000000,41.1987304688
3.7780000000,40.3404235840
3.7790000000,36.2491607666
3.7800000000,34.1105461121
3.7810000000,32.2651863098
3.7820000000,28.7747383118
3.7830000000,24.7836112976
3.7840000000,22.0441818237
3.7850000000,18.4321403503
3.7860000000,15.1920318604
3.7870000000,11.8875503540
3.7880000000,7.3456764221
3.7890000000,3.5548210144
3.7900000000,0.0429153442
3.7910000000,-3.1900405884
3.7920000000,-6.0439109802
3.7930000000,-9.3197822571
3.7940000000,-12.4168395996
3.7950000000,-15.2063369751
3.7960000000,-19.0758705139
3.7970000000,-23.0026245117
3.7980000000,-25.9566307068
3.7990000000,-30.1051139832
3.8000000000,-31.8431854248
3.8010000000,-35.1619720459
3.8020000000,-38.0301475525
3.8030000000,-41.0556793213
3.8040000000,-42.3932075500
3.8050000000,-45.7048416138
3.8060000000,-46.4773178101
3.8070000000,-47.9149818420
3.8080000000,-50.1465797424
3.8090000000,-50.2109527588
3.8100000000,-52.2351264954
3.8110000000,-51.1837005615
3.8120000000,-52.7215003967
3.8130000000,-51.9061088562
3.8140000000,-51.2266159058
3.8150000000,-51.6772270203
3.8160000000,-49.5815277100
3.8170000000,-49.8533248901
3.8180000000,-47.2569465637
3.8190000000,-46.2985038757
3.8200000000,-43.4517860413
3.8210000000,-41.2702560425
3.8220000000,-39.9899482727
3.8230000000,-36.0774993896
3.8240000000,-32.9446792603
3.8250000000,-30.6200981140
3.8260000000,-28.2239913940
3.8270000000,-23.6964225769
3.8280000000,-20.3776359558
3.8290000000,-16.6511535645
3.8300000000,-13.5755538940
3.8310000000,-10.0135803223
3.8320000000,-6.1154365540
3.8330000000,-2.3674964905
3.8340000000,1.3804435730
3.8350000000,4.4631958008
3.8360000000,7.1024894714
3.8370000000,10.2782249451
3.8380000000,13.1964683533
3.8390000000,16.7441368103
3.8400000000,20.5206871033
3.8410000000,23.5748291016
3.8420000000,27.9450416565
3.8430000000,30.2982330322
3.8440000000,33.0662727356
3.8450000000,35.8772277832
3.8460000000,39.4821166992
3.8470000000,40.7838821411
3.8480000000,44.0883636475
3.8490000000,45.4545021057
3.8500000000,46.7920303345
3.8510000000,49.7603416443
3.8520000000,49.3311882019
3.8530000000,50.6544113159
3.8540000000,51.4054298401
3.8550000000,51.1622428894
3.8560000000,51.9633293152
3.8570000000,51.1407852173
3.8580000000,51.9704818726
3.8590000000,49.4098663330
3.8600000000,49.9391555786
3.8610000000,47.6646423340
3.8620000000,45.3257560730
3.8630000000,45.3543663025
3.8640000000,42.0856475830
3.8650000000,39.9613380432
3.8660000000,37.5938415527
3.8670000000,34.7399711609
3.8680000000,31.9719314575
3.8690000000,30.1623344421
3.8700000000,25.4559516907
3.8710000000,22.4804878235
3.8720000000,19.0472602844
3.8730000000,15.1062011719
3.8740000000,11.6729736328
3.8750000000,8.3255767822
3.8760000000,3.8623809814
3.8770000000,-0.1716613770
3.8780000000,-3.5119056702
3.8790000000,-6.5016746521
3.8800000000,-9.1838836670
3.8810000000,-12.0091438293
3.8820000000,-15.8929824829
3.8830000000,-19.5837020874
3.8840000000,-22.8881835938
3.8850000000,-27.1797180176
3.8860000000,-30.5414199829
3.8870000000,-32.1292877197
3.8880000000,-35.4480743408
3.8890000000,-39.6966934204
3.8900000000,-40.8196449280
3.8910000000,-43.2515144348
3.8920000000,-45.9265708923
3.8930000000,-47.2211837769
3.8940000000,-49.5171546936
3.8950000000,-49.3240356445
3.8960000000,-50.9119033813
3.8970000000,-52.1564483643
3.8980000000,-51.5484809875
3.8990000000,-52.8645515442
3.9000000000,-51.6557693481
3.9010000000,-52.0205497742
3.9020000000,-50.6258010864
3.9030000000,-49.7674942017
3.9040000000,-48.1581687927
3.9050000000,-46.3628768921
3.9060000000,-45.8621978760
3.9070000000,-41.8424606323
3.9080000000,-39.6966934204
3.9090000000,-37.9228591919
3.9100000000,-34.4896316528
3.9110000000,-30.9205055237
3.9120000000,-28.5744667053
3.9130000000,-24.8980522156
3.9140000000,-21.3146209717
3.9150000000,-17.9457664490
3.9160000000,-13.6399269104
3.9170000000,-10.0779533386
3.9180000000,-6.9308280945
3.9190000000,-2.7894973755
3.9200000000,1.0871887207
3.9210000000,4.2557716370
3.9220000000,7.0738792419
3.9230000000,9.8490715027
3.9240000000,13.4468078613
3.9250000000,17.2162055969
3.9260000000,20.4277038574
3.9270000000,24.4045257568
3.9280000000,28.3598899841
3.9290000000,29.9477577209
3.9300000000,33.4239006042
3.9310000000,37.3721122742
3.9320000000,38.8312339783
3.9330000000,41.8496131897
3.9340000000,44.5246696472
3.9350000000,45.7334518433
3.9360000000,47.2712516785
3.9370000000,49.7889518738
3.9380000000,49.6459007263
3.9390000000,51.9704818726
3.9400000000,50.6687164307
3.9410000000,52.4425506592
3.9420000000,51.2194633484
3.9430000000,51.2695312500
3.9440000000,50.6401062012
3.9450000000,49.4742393494
3.9460000000,49.6315956116
3.9470000000,46.4630126953
3.9480000000,45.7334518433
3.9490000000,43.2515144348
3.9500000000,40.6408309937
3.9510000000,39.4248962402
3.9520000000,35.4337692261
3.9530000000,33.2951545715
3.9540000000,30.2982330322
3.9550000000,27.6947021484
3.9560000000,22.9954719543
3.9570000000,20.1988220215
3.9580000000,16.1719322205
3.9590000000,12.0377540588
3.9600000000,8.2325935364
3.9610000000,4.6348571777
3.9620000000,0.7295608521
3.9630000000,-2.7537345886
3.9640000000,-5.6862831116
3.9650000000,-8.7118148804
3.9660000000,-12.3453140259
3.9670000000,-15.9573554993
3.9680000000,-19.9341773987
3.9690000000,-22.9525566101
3.9700000000,-27.2798538208
3.9710000000,-29.2682647705
3.9720000000,-32.8087806702
3.9730000000,-36.0274314880
3.9740000000,-39.3390655518
3.9750000000,-40.9269332886
3.9760000000,-43.9453125000
3.9770000000,-46.1912155151
3.9780000000,-46.7491149902
3.9790000000,-50.2467155457
3.9800000000,-50.0965118408
3.9810000000,-51.3911247253
3.9820000000,-51.5770912170
3.9830000000,-52.1135330200
3.9840000000,-52.4640083313
3.9850000000,-51.4626502991
3.9860000000,-52.1278381348
3.9870000000,-49.7817993164
3.9880000000,-50.5399703979
3.9890000000,-47.1568107605
3.9900000000,-46.0839271545
3.9910000000,-44.0669059753
3.9920000000,-41.1558151245
3.9930000000,-38.8813018799
3.9940000000,-36.3135337830
3.9950000000,-32.7086448669
3.9960000000,-29.1824340820
3.9970000000,-27.2512435913
3.9980000000,-22.8524208069
3.9990000000,-18.9328193665
4.0000000000,-15.4352188110
4.0010000000,-11.4870071411
4.0020000000,-7.4315071106
4.0030000000,-3.9625167847
4.0040000000,-0.2145767212
4.0050000000,3.0612945557
4.0060000000,6.1511993408
4.0070000000,9.4413757324
4.0080000000,13.0462646484
4.0090000000,16.5224075317
4.0100000000,19.9842453003
4.0110000000,24.7836112976
4.0120000000,27.2083282471
4.0130000000,29.7117233276
4.0140000000,33.1020355225
4.0150000000,37.6653671265
4.0160000000,38.9599800110
4.0170000000,41.1772727966
4.0180000000,45.1111793518
4.0190000000,45.9694862366
4.0200000000,47.7218627930
4.0210000000,49.3097305298
4.0220000000,49.7889518738
4.0230000000,52.1135330200
4.0240000000,51.0406494141
4.0250000000,52.5856018066
4.0260000000,50.9190559387
4.0270000000,51.9490242004
4.0280000000,50.4970550537
4.0290000000,48.6874580383
4.0300000000,49.3884086609
4.0310000000,46.1697578430
4.0320000000,45.1040267944
4.0330000000,42.1428680420
4.0340000000,40.0686264038
4.0350000000,38.3591651917
4.0360000000,34.5683097839
4.0370000000,31.9576263428
4.0380000000,29.0393829346
4.0390000000,26.6218185425
4.0400000000,21.3718414307
4.0410000000,17.8527832031
4.0420000000,13.8545036316
4.0430000000,10.1780891418
4.0440000000,6.2084197998
4.0450000000,2.1672248840
4.0460000000,-1.4233589172
4.0470000000,-4.5561790466
4.0480000000,-7.9178810120
4.0490000000,-11.0936164856
4.0500000000,-15.1348114014
4.0510000000,-18.4249877930
4.0520000000,-22.4947929382
4.0530000000,-27.0438194275
4.0540000000,-28.5172462463
4.0550000000,-32.0219993591
4.0560000000,-35.6554985046
4.0570000000,-38.8026237488
4.0580000000,-40.9698486328
4.0590000000,-43.8666343689
4.0600000000,-45.4902648926
4.0610000000,-47.3713874817
4.0620000000,-50.0893592834
4.0630000000,-49.7603416443
4.0640000000,-51.7845153809
4.0650000000,-51.6200065613
4.0660000000,-52.2279739380
4.0670000000,-52.2422790527
4.0680000000,-51.9776344299
4.0690000000,-51.5842437744
4.0700000000,-50.0321388245
4.0710000000,-50.1322746277
4.0720000000,-47.1067428589
4.0730000000,-45.1970100403
4.0740000000,-44.1741943359
4.0750000000,-40.1258468628
4.0760000000,-38.3806228638
4.0770000000,-35.2621078491
4.0780000000,-31.6214561462
4.0790000000,-28.3527374268
4.0800000000,-26.0066986084
4.0810000000,-21.5935707092
4.0820000000,-17.3163414001
4.0830000000,-13.6399269104
4.0840000000,-9.9563598633
4.0850000000,-5.9008598328
4.0860000000,-2.1386146545
4.0870000000,1.6951560974
4.0880000000,4.8351287842
4.0890000000,8.1396102905
4.0900000000,11.2867355347
4.0910000000,14.9416923523
4.0920000000,18.8541412354
4.0930000000,23.3817100525
4.0940000000,25.6633758545
4.0950000000,28.7389755249
4.0960000000,32.5512886047
4.0970000000,36.7569923401
4.0980000000,37.9157066345
4.0990000000,41.0199165344
4.1000000000,44.4388389587
4.1010000000,45.7549095154
4.1020000000,47.1067428589
4.1030000000,49.3597984314
4.1040000000,49.5529174805
4.1050000000,52.3924827576
4.1060000000,50.7402420044
4.1070000000,52.4997711182
4.1080000000,51.4054298401
4.1090000000,51.7058372498
4.1100000000,50.3683090210
4.1110000000,49.1309165955
4.1120000000,49.3240356445
4.1130000000,46.2341308594
4.1140000000,45.0325012207
4.1150000000,42.3288345337
4.1160000000,39.7109985352
4.1170000000,38.0229949951
4.1180000000,34.6255302429
4.1190000000,31.3282012939
4.1200000000,28.1882286072
4.1210000000,26.0853767395
4.1220000000,20.8997726440
4.1230000000,16.4508819580
4.1240000000,13.0748748779
4.1250000000,8.7976455688
4.1260000000,5.0139427185
4.1270000000,0.8440017700
4.1280000000,-2.6679039001
4.1290000000,-5.6362152100
4.1300000000,-9.0193748474
4.1310000000,-12.9389762878
4.1320000000,-16.3507461548
4.1330000000,-20.6422805786
4.1340000000,-24.8837471008
4.1350000000,-27.0152091980
4.1360000000,-30.4269790649
4.1370000000,-34.0247154236
4.1380000000,-37.9014015198
4.1390000000,-39.8325920105
4.1400000000,-42.3860549927
4.1410000000,-45.2828407288
4.1420000000,-46.6847419739
4.1430000000,-49.5672225952
4.1440000000,-49.1952896118
4.1450000000,-51.2266159058
4.1460000000,-51.9132614136
4.1470000000,-51.8488883972
4.1480000000,-53.0076026917
4.1490000000,-51.6128540039
4.1500000000,-52.0563125610
4.1510000000,-50.6043434143
4.1520000000,-49.9320030212
4.1530000000,-47.3427772522
4.1540000000,-45.7692146301
4.1550000000,-44.5961952209
4.1560000000,-40.5263900757
4.1570000000,-38.1588935852
4.1580000000,-35.8414649963
4.1590000000,-32.0076942444
4.1600000000,-28.3527374268
4.1610000000,-25.1913070679
4.1620000000,-22.0656394958
4.1630000000,-17.2019004822
4.1640000000,-13.7257575989
4.1650000000,-9.4628334045
4.1660000000,-5.5146217346
4.1670000000,-1.5592575073
4.1680000000,2.2673606873
4.1690000000,5.5217742920
4.1700000000,8.6760520935
4.1710000000,12.3023986816
4.1720000000,15.5925750732
4.1730000000,20.3132629395
4.1740000000,23.5319137573
4.1750000000,26.3214111328
4.1760000000,30.6057929993
4.1770000000,33.9674949646
4.1780000000,36.8857383728
4.1790000000,39.1244888306
4.1800000000,42.7365303040
4.1810000000,44.7607040405
4.1820000000,45.9480285645
4.1830000000,49.3741035461
4.1840000000,48.9878654480
4.1850000000,50.9405136108
4.1860000000,51.2266159058
4.1870000000,51.7058372498
4.1880000000,52.0706176758
4.1890000000,51.1193275452
4.1900000000,52.3924827576
4.1910000000,49.1666793823
4.1920000000,49.6101379395
4.1930000000,47.2140312195
4.1940000000,44.8250770569
4.1950000000,44.0526008606
4.1960000000,40.5478477478
4.1970000000,38.1946563721
4.1980000000,36.0345840454
4.1990000000,32.2365760803
4.2000000000,28.9463996887
4.2010000000,26.2069702148
4.2020000000,22.3374366760
4.2030000000,17.3163414001
4.2040000000,13.3037567139
4.2050000000,9.4771385193
4.2060000000,5.3071975708
4.2070000000,1.2803077698
4.2080000000,-2.4819374084
4.2090000000,-5.8078765869
4.2100000000,-9.3269348145
4.2110000000,-12.5241279602
4.2120000000,-16.5724754333
4.2130000000,-21.1143493652
4.2140000000,-24.5833396912
4.2150000000,-26.8936157227
4.2160000000,-30.8275222778
4.2170000000,-34.9760055542
4.2180000000,-37.9157066345
4.2190000000,-40.2331352234
4.2200000000,-43.0870056152
4.2210000000,-45.3758239746
4.2220000000,-47.0924377441
4.2230000000,-49.8104095459
4.2240000000,-49.4742393494
4.2250000000,-52.5069236755
4.2260000000,-51.1765480042
4.2270000000,-52.4210929871
4.2280000000,-52.5140762329
4.2290000000,-51.8989562988
4.2300000000,-51.6414642334
4.2310000000,-49.8962402344
4.2320000000,-49.9963760376
4.2330000000,-46.4630126953
4.2340000000,-45.2184677124
4.2350000000,-43.0655479431
4.2360000000,-39.1387939453
4.2370000000,-37.2791290283
4.2380000000,-33.9388847351
4.2390000000,-30.4341316223
4.2400000000,-26.2427330017
4.2410000000,-23.3530998230
4.2420000000,-19.8411941528
4.2430000000,-14.7986412048
4.2440000000,-11.2438201904
4.2450000000,-6.8950653076
4.2460000000,-2.7751922607
4.2470000000,1.0728836060
4.2480000000,4.4703483582
4.2490000000,7.8606605530
4.2500000000,11.3654136658
4.2510000000,14.8844718933
4.2520000000,19.5837020874
4.2530000000,22.5591659546
4.2540000000,25.7992744446
4.2550000000,30.1837921143
4.2560000000,33.5526466370
4.2570000000,36.2491607666
4.2580000000,39.0315055847
4.2590000000,42.6793098450
4.2600000000,44.5389747620
4.2610000000,45.7406044006
4.2620000000,49.5028495789
4.2630000000,49.0236282349
4.2640000000,51.0120391846
4.2650000000,51.2766838074
4.2660000000,51.8488883972
4.2670000000,52.0491600037
4.2680000000,51.0692596436
4.2690000000,52.3281097412
4.2700000000,49.1237640381
4.2710000000,49.6244430542
4.2720000000,46.9422340393
4.2730000000,44.4960594177
4.2740000000,43.5590744019
4.2750000000,40.1902198792
4.2760000000,37.7225875854
4.2770000000,35.3693962097
4.2780000000,31.3711166382
4.2790000000,28.1238555908
4.2800000000,24.8908996582
4.2810000000,21.0928916931
4.2820000000,16.0932540894
4.2830000000,11.7087364197
4.2840000000,7.8177452087
4.2850000000,3.6692619324
4.2860000000,-0.3933906555
4.2870000000,-4.0984153748
4.2880000000,-7.3170661926
4.2890000000,-10.7073783875
4.2900000000,-14.8200988770
4.2910000000,-19.1259384155
4.2920000000,-22.9239463806
4.2930000000,-25.3629684448
4.2940000000,-29.4828414917
4.2950000000,-33.1664085388
4.2960000000,-36.9787216187
4.2970000000,-39.3748283386
4.2980000000,-41.7780876160
4.2990000000,-45.0611114502
4.3000000000,-46.3485717773
4.3010000000,-49.7317314148
4.3020000000,-49.1452217102
4.3030000000,-51.4769554138
4.3040000000,-51.6843795776
4.3050000000,-52.1707534790
4.3060000000,-53.0934333801
4.3070000000,-51.6557693481
4.3080000000,-51.9347190857
4.3090000000,-50.5042076111
4.3100000000,-49.9463081360
4.3110000000,-46.7848777771
4.3120000000,-45.2470779419
4.3130000000,-43.6949729919
4.3140000000,-39.4821166992
4.3150000000,-37.0073318481
4.3160000000,-34.4324111938
4.3170000000,-30.2696228027
4.3180000000,-26.6718864441
4.3190000000,-22.8810310364
4.3200000000,-19.5050239563
4.3210000000,-15.0632858276
4.3220000000,-10.5714797974
4.3230000000,-6.5946578979
4.3240000000,-2.2673606873
4.3250000000,1.5377998352
4.3260000000,4.9996376038
4.3270000000,8.3613395691
4.3280000000,11.9733810425
4.3290000000,16.4651870728
4.3300000000,19.7911262512
4.3310000000,23.0741500854
4.3320000000,27.5158882141
4.3330000000,30.9205055237
4.3340000000,34.8758697510
4.3350000000,36.8928909302
4.3360000000,40.0471687317
4.3370000000,44.3673133850
4.3380000000,44.4674491882
4.3390000000,47.4500656128
4.3400000000,49.1309165955
4.3410000000,49.7531890869
4.3420000000,51.7129898071
4.3430000000,51.5413284302
4.3440000000,52.4640083313
4.3450000000,51.3982772827
4.3460000000,51.9776344299
4.3470000000,50.5042076111
4.3480000000,48.7232208252
4.3490000000,49.0307807922
4.3500000000,45.4688072205
4.3510000000,44.1741943359
4.3520000000,41.0270690918
4.3530000000,38.8097763062
4.3540000000,36.4279747009
4.3550000000,32.4368476868
4.3560000000,29.3326377869
4.3570000000,25.3558158875
4.3580000000,22.5877761841
4.3590000000,17.6024436951
4.3600000000,12.8531455994
4.3610000000,8.3398818970
4.3620000000,4.3630599976
4.3630000000,0.2646446228
4.3640000000,-3.6048889160
4.3650000000,-6.7448616028
4.3660000000,-10.5142593384
4.3670000000,-14.7700309753
4.3680000000,-19.1116333008
4.3690000000,-21.8081474304
4.3700000000,-25.2914428711
4.3710000000,-29.2897224426
4.3720000000,-34.0104103088
4.3730000000,-36.2706184387
4.3740000000,-39.2675399780
4.3750000000,-42.5434112549
4.3760000000,-44.9252128601
4.3770000000,-46.4344024658
4.3780000000,-49.5386123657
4.3790000000,-49.6745109558
4.3800000000,-51.9347190857
4.3810000000,-51.3625144958
4.3820000000,-52.4210929871
4.3830000000,-52.6285171509
4.3840000000,-52.1922111511
4.3850000000,-51.7416000366
4.3860000000,-50.1608848572
4.3870000000,-49.8247146606
4.3880000000,-46.7777252197
4.3890000000,-44.5318222046
4.3900000000,-42.7937507629
4.3910000000,-38.7597084045
4.3920000000,-36.2992286682
4.3930000000,-33.2736968994
4.3940000000,-28.8248062134
4.3950000000,-25.4631042480
4.3960000000,-21.7723846436
4.3970000000,-17.9100036621
4.3980000000,-13.4396553040
4.3990000000,-8.6402893066
4.4000000000,-4.3201446533
4.4010000000,-0.4005432129
4.4020000000,3.2329559326
4.4030000000,6.5088272095
4.4040000000,10.3855133057
4.4050000000,14.7199630737
4.4060000000,18.1388854980
4.4070000000,21.5148925781
4.4080000000,25.7492065430
4.4090000000,29.1037559509
4.4100000000,33.9674949646
4.4110000000,36.1418724060
4.4120000000,38.9957427979
4.4130000000,42.7865982056
4.4140000000,44.4316864014
4.4150000000,46.5059280396
4.4160000000,48.7518310547
4.4170000000,49.7388839722
4.4180000000,52.2136688232
4.4190000000,50.9119033813
4.4200000000,52.5498390198
4.4210000000,51.9490242004
4.4220000000,51.3339042664
4.4230000000,50.7259368896
4.4240000000,49.3741035461
4.4250000000,48.9878654480
4.4260000000,45.8407402039
4.4270000000,44.4960594177
4.4280000000,41.6207313538
4.4290000000,38.6381149292
4.4300000000,36.7069244385
4.4310000000,33.1878662109
4.4320000000,29.1180610657
4.4330000000,24.9910354614
4.4340000000,21.5792655945
4.4350000000,17.8384780884
4.4360000000,12.6600265503
4.4370000000,8.2182884216
4.4380000000,3.7980079651
4.4390000000,-0.2360343933
4.4400000000,-4.0483474731
4.4410000000,-7.5960159302
4.4420000000,-11.3725662231
4.4430000000,-15.3923034668
4.4440000000,-19.4334983826
4.4450000000,-22.4590301514
4.4460000000,-27.0223617554
4.4470000000,-30.6200981140
4.4480000000,-35.0904464722
4.4490000000,-36.4494323730
4.4500000000,-40.1544570923
4.4510000000,-44.2743301392
4.4520000000,-45.2756881714
4.4530000000,-47.4929809570
4.4540000000,-49.7031211853
4.4550000000,-50.5042076111
4.4560000000,-52.1421432495
4.4570000000,-51.8846511841
4.4580000000,-53.4582138062
4.4590000000,-51.5055656433
4.4600000000,-52.5784492493
4.4610000000,-50.8046150208
4.4620000000,-49.1380691528
4.4630000000,-48.6159324646
4.4640000000,-45.4831123352
4.4650000000,-44.3243980408
4.4660000000,-39.6108627319
4.4670000000,-37.1360778809
4.4680000000,-35.0332260132
4.4690000000,-30.1623344421
4.4700000000,-26.2856483459
4.4710000000,-22.1014022827
4.4720000000,-19.0758705139
4.4730000000,-14.9273872375
4.4740000000,-10.2496147156
4.4750000000,-5.3286552429
4.4760000000,-1.0156631470
4.4770000000,2.5963783264
4.4780000000,6.4516067505
4.4790000000,10.5714797974
4.4800000000,13.6971473694
4.4810000000,17.4307823181
4.4820000000,21.0428237915
4.4830000000,26.0567665100
4.4840000000,29.8690795898
4.4850000000,34.1820716858
4.4860000000,35.8057022095
4.4870000000,39.3390655518
4.4880000000,43.9095497131
4.4890000000,44.1098213196
4.4900000000,47.2354888916
4.4910000000,49.0236282349
4.4920000000,49.7245788574
4.4930000000,51.8488883972
4.4940000000,51.7344474792
4.4950000000,52.6571273804
4.4960000000,51.6200065613
4.4970000000,51.6986846924
4.4980000000,50.6329536438
4.4990000000,48.5587120056
4.5000000000,48.5658645630
4.5010000000,45.0897216797
4.5020000000,44.0454483032
4.5030000000,40.1616096497
4.5040000000,37.8370285034
4.5050000000,35.8271598816
4.5060000000,31.2638282776
4.5070000000,27.7018547058
4.5080000000,23.4103202820
4.5090000000,19.4120407104
4.5100000000,15.8643722534
4.5110000000,10.4427337646
4.5120000000,6.1583518982
4.5130000000,1.6236305237
4.5140000000,-2.4390220642
4.5150000000,-6.1583518982
4.5160000000,-9.7274780273
4.5170000000,-14.1191482544
4.5180000000,-17.5023078918
4.5190000000,-21.1143493652
4.5200000000,-25.7992744446
4.5210000000,-29.6187400818
4.5220000000,-33.9317321777
4.5230000000,-35.4695320129
4.5240000000,-39.6609306335
4.5250000000,-43.5447692871
4.5260000000,-44.6176528931
4.5270000000,-46.8277931213
4.5280000000,-49.8747825623
4.5290000000,-49.7746467590
4.5300000000,-52.5569915771
4.5310000000,-51.7129898071
4.5320000000,-53.4367561340
4.5330000000,-51.7773628235
4.5340000000,-52.1850585938
4.5350000000,-51.1479377747
4.5360000000,-49.4384765625
4.5370000000,-48.9950180054
4.5380000000,-45.4187393188
4.5390000000,-44.3029403687
4.5400000000,-39.9684906006
4.5410000000,-37.0860099792
4.5420000000,-34.6684455872
4.5430000000,-30.1194190979
4.5440000000,-26.2427330017
4.5450000000,-22.2444534302
4.5460000000,-18.5179710388
4.5470000000,-14.0833854675
4.5480000000,-9.7846984863
4.5490000000,-5.0210952759
4.5500000000,-0.4076957703
4.5510000000,3.3831596375
4.5520000000,7.3170661926
4.5530000000,10.8575820923
4.5540000000,14.3694877625
4.5550000000,18.0315971375
4.5560000000,22.7665901184
4.5570000000,26.5002250671
4.5580000000,31.3711166382
4.5590000000,34.0032577515
4.5600000000,36.9930267334
4.5610000000,40.5406951904
4.5620000000,43.4947013855
4.5630000000,45.2899932861
4.5640000000,48.1867790222
4.5650000000,49.2739677429
4.5660000000,50.8189201355
4.5670000000,51.1336326599
4.5680000000,51.7845153809
4.5690000000,52.7858734131
4.5700000000,51.4125823975
4.5710000000,51.9275665283
4.5720000000,49.7031211853
4.5730000000,49.0593910217
4.5740000000,46.7848777771
4.5750000000,43.9023971558
4.5760000000,43.3301925659
4.5770000000,38.9814376831
4.5780000000,36.1061096191
4.5790000000,34.1963768005
4.5800000000,28.9607048035
4.5810000000,25.5846977234
4.5820000000,20.8997726440
4.5830000000,16.9444084167
4.5840000000,13.0176544189
4.5850000000,7.6818466187
4.5860000000,2.9969215393
4.5870000000,-1.4090538025
4.5880000000,-5.0425529480
4.5890000000,-8.9049339294
4.5900000000,-13.0248069763
4.5910000000,-16.1290168762
4.5920000000,-20.3919410706
4.5930000000,-24.9481201172
4.5940000000,-28.8105010986
4.5950000000,-33.2307815552
4.5960000000,-34.9473953247
4.5970000000,-39.1173362732
4.5980000000,-43.0297851563
4.5990000000,-44.3601608276
4.6000000000,-46.5917587280
4.6010000000,-49.7961044312
4.6020000000,-49.6387481689
4.6030000000,-52.5999069214
4.6040000000,-51.8131256104
4.6050000000,-53.3366203308
4.6060000000,-51.8059730530
4.6070000000,-52.1850585938
4.6080000000,-51.2909889221
4.6090000000,-49.4384765625
4.6100000000,-48.9306449890
4.6110000000,-45.4759597778
4.6120000000,-44.0597534180
4.6130000000,-39.8468971252
4.6140000000,-36.7641448975
4.6150000000,-34.1320037842
4.6160000000,-29.8404693604
4.6170000000,-25.5417823792
4.6180000000,-21.7795372009
4.6190000000,-17.4021720886
4.6200000000,-13.2465362549
4.6210000000,-8.5830688477
4.6220000000,-4.1127204895
4.6230000000,0.5507469177
4.6240000000,4.3773651123
4.6250000000,8.0609321594
4.6260000000,11.8589401245
4.6270000000,15.5067443848
4.6280000000,19.9627876282
4.6290000000,24.3115425110
4.6300000000,28.4028053284
4.6310000000,32.6442718506
4.6320000000,34.4538688660
4.6330000000,38.3663177490
4.6340000000,43.0226325989
4.6350000000,43.8737869263
4.6360000000,46.1912155151
4.6370000000,48.9377975464
4.6380000000,49.6602058411
4.6390000000,52.0062446594
4.6400000000,51.2480735779
4.6410000000,52.8860092163
4.6420000000,51.7416000366
4.6430000000,51.8631935120
4.6440000000,50.1894950867
4.6450000000,48.9306449890
4.6460000000,48.3942031860
4.6470000000,45.3829765320
4.6480000000,43.2801246643
4.6490000000,40.2975082397
4.6500000000,37.4007225037
4.6510000000,34.8687171936
4.6520000000,31.0492515564
4.6530000000,26.2570381165
4.6540000000,22.0012664795
4.6550000000,17.9028511047
4.6560000000,14.0690803528
4.6570000000,9.1123580933
4.6580000000,4.0125846863
4.6590000000,-0.7367134094
4.6600000000,-4.4345855713
4.6610000000,-8.6617469788
4.6620000000,-12.2237205505
4.6630000000,-15.4638290405
4.6640000000,-20.0414657593
4.6650000000,-24.5475769043
4.6660000000,-28.2597541809
4.6670000000,-33.3452224731
4.6680000000,-34.9402427673
4.6690000000,-38.5379791260
4.6700000000,-43.1513786316
4.6710000000,-43.9739227295
4.6720000000,-47.3070144653
4.6730000000,-49.1452217102
4.6740000000,-50.2538681030
4.6750000000,-52.4067878723
4.6760000000,-51.7058372498
4.6770000000,-53.4939765930
4.6780000000,-52.0205497742
4.6790000000,-52.2208213806
4.6800000000,-50.5971908569
4.6810000000,-49.9033927917
4.6820000000,-48.3012199402
4.6830000000,-45.3329086304
4.6840000000,-43.4660911560
4.6850000000,-39.8039817810
4.6860000000,-35.8700752258
4.6870000000,-33.0948829651
4.6880000000,-29.6401977539
4.6890000000,-24.6119499207
4.6900000000,-20.5707550049
4.6910000000,-15.8357620239
4.6920000000,-12.1665000916
4.6930000000,-7.3242187500
4.6940000000,-2.4890899658
4.6950000000,1.8596649170
4.6960000000,5.5360794067
4.6970000000,9.5629692078
4.6980000000,13.1535530090
4.6990000000,17.1589851379
4.7000000000,21.9583511353
4.7010000000,25.5417823792
4.7020000000,30.7703018188
4.7030000000,33.3881378174
4.7040000000,36.7784500122
4.7050000000,40.7123565674
4.7060000000,42.6793098450
4.7070000000,45.2899932861
4.7080000000,48.8734245300
4.7090000000,48.6159324646
4.7100000000,51.4268875122
4.7110000000,51.5627861023
4.7120000000,51.5699386597
4.7130000000,52.7071952820
4.7140000000,51.2409210205
4.7150000000,51.6486167908
4.7160000000,49.4384765625
4.7170000000,49.2238998413
4.7180000000,45.7692146301
4.7190000000,43.3588027954
4.7200000000,42.4575805664
4.7210000000,38.1588935852
4.7220000000,34.4467163086
4.7230000000,32.4726104736
4.7240000000,27.4014472961
4.7250000000,23.4603881836
4.7260000000,18.4535980225
4.7270000000,13.9331817627
4.7280000000,9.9492073059
4.7290000000,5.2499771118
4.7300000000,-0.0429153442
4.7310000000,-4.3129920959
4.7320000000,-8.0037117004
4.7330000000,-11.4226341248
4.7340000000,-15.4781341553
4.7350000000,-20.2703475952
4.7360000000,-24.4545936584
4.7370000000,-28.7032127380
4.7380000000,-32.5155258179
4.7390000000,-35.4123115540
4.7400000000,-39.2103195190
4.7410000000,-42.9081916809
4.7420000000,-44.5461273193
4.7430000000,-47.4786758423
4.7440000000,-49.3168830872
4.7450000000,-50.3325462341
4.7460000000,-52.3138046265
4.7470000000,-52.0992279053
4.7480000000,-53.4439086914
4.7490000000,-51.9347190857
4.7500000000,-52.5069236755
4.7510000000,-50.6114959717
4.7520000000,-49.0379333496
4.7530000000,-48.0008125305
4.7540000000,-44.1098213196
4.7550000000,-43.3588027954
4.7560000000,-38.1517410278
4.7570000000,-35.1548194885
4.7580000000,-32.3224067688
4.7590000000,-27.4944305420
4.7600000000,-23.1885910034
4.7610000000,-19.0401077271
4.7620000000,-14.2836570740
4.7630000000,-10.0851058960
4.7640000000,-5.3358078003
4.7650000000,-0.4506111145
4.7660000000,3.7193298340
4.7670000000,7.3671340942
4.7680000000,11.1007690430
4.7690000000,15.2778625488
4.7700000000,19.9913978577
4.7710000000,24.1184234619
4.7720000000,28.9463996887
4.7730000000,31.6429138184
4.7740000000,35.0975990295
4.7750000000,39.1530990601
4.7760000000,42.6650047302
4.7770000000,44.1884994507
4.7780000000,47.4071502686
4.7790000000,49.0236282349
4.7800000000,49.9963760376
4.7810000000,51.5770912170
4.7820000000,51.8202781677
4.7830000000,53.1578063965
4.7840000000,51.2337684631
4.7850000000,52.1564483643
4.7860000000,49.8962402344
4.7870000000,48.5515594482
4.7880000000,46.8921661377
4.7890000000,44.2171096802
4.7900000000,42.3860549927
4.7910000000,38.6667251587
4.7920000000,35.5052947998
4.7930000000,33.0734252930
4.7940000000,27.8878211975
4.7950000000,23.4031677246
4.7960000000,18.9685821533
4.7970000000,14.5268440247
4.7980000000,9.9635124207
4.7990000000,5.3501129150
4.8000000000,0.2360343933
4.8010000000,-4.1913986206
4.8020000000,-7.6961517334
4.8030000000,-11.5728378296
4.8040000000,-15.9144401550
4.8050000000,-20.5492973328
4.8060000000,-24.4402885437
4.8070000000,-29.7260284424
4.8080000000,-32.5012207031
4.8090000000,-35.6626510620
4.8100000000,-39.5178794861
4.8110000000,-43.1871414185
4.8120000000,-45.0539588928
4.8130000000,-48.4657287598
4.8140000000,-49.1380691528
4.8150000000,-50.8689880371
4.8160000000,-51.9561767578
4.8170000000,-52.4854660034
4.8180000000,-53.3580780029
4.8190000000,-51.5270233154
4.8200000000,-52.5641441345
4.8210000000,-50.5113601685
4.8220000000,-49.0450859070
4.8230000000,-46.3843345642
4.8240000000,-43.9882278442
4.8250000000,-41.9139862061
4.8260000000,-37.0001792908
4.8270000000,-33.6098670959
4.8280000000,-31.3067436218
4.8290000000,-25.8135795593
4.8300000000,-21.2073326111
4.8310000000,-16.9515609741
4.8320000000,-12.2380256653
4.8330000000,-7.9536437988
4.8340000000,-3.2901763916
4.8350000000,1.6379356384
4.8360000000,5.6290626526
4.8370000000,9.0765953064
4.8380000000,13.3681297302
4.8390000000,18.1603431702
4.8400000000,22.0942497253
4.8410000000,26.7791748047
4.8420000000,30.8060646057
4.8430000000,34.0461730957
4.8440000000,37.1646881104
4.8450000000,41.6994094849
4.8460000000,43.2801246643
4.8470000000,46.8850135803
4.8480000000,48.1081008911
4.8490000000,49.4956970215
4.8500000000,52.4353981018
4.8510000000,51.4912605286
4.8520000000,52.7358055115
4.8530000000,51.9275665283
4.8540000000,51.7773628235
4.8550000000,50.2324104309
4.8560000000,48.7804412842
4.8570000000,47.9221343994
4.8580000000,44.4746017456
4.8590000000,43.0655479431
4.8600000000,39.2460823059
4.8610000000,35.9487533569
4.8620000000,32.6156616211
4.8630000000,29.2253494263
4.8640000000,23.8037109375
4.8650000000,19.5550918579
4.8660000000,14.6055221558
4.8670000000,9.9062919617
4.8680000000,5.2428245544
4.8690000000,0.5578994751
4.8700000000,-3.8909912109
4.8710000000,-7.5531005859
4.8720000000,-11.9733810425
4.8730000000,-16.2148475647
4.8740000000,-21.0213661194
4.8750000000,-25.0053405762
4.8760000000,-29.7760963440
4.8770000000,-32.1578979492
4.8780000000,-36.5638732910
4.8790000000,-40.5836105347
4.8800000000,-42.9296493530
4.8810000000,-45.1326370239
4.8820000000,-49.1738319397
4.8830000000,-49.3454933167
4.8840000000,-51.9204139709
4.8850000000,-51.4912605286
4.8860000000,-52.9646873474
4.8870000000,-52.5140762329
4.8880000000,-52.3567199707
4.8890000000,-52.0205497742
4.8900000000,-49.4456291199
4.8910000000,-49.4527816772
4.8920000000,-45.6547737122
4.8930000000,-42.8867340088
4.8940000000,-40.5335426331
4.8950000000,-36.2634658813
4.8960000000,-32.7014923096
4.8970000000,-29.3111801147
4.8980000000,-23.7822532654
4.8990000000,-19.6695327759
4.9000000000,-15.2778625488
4.9010000000,-10.1995468140
4.9020000000,-5.5789947510
4.9030000000,-0.9155273438
4.9040000000,3.4546852112
4.9050000000,7.2598457336
4.9060000000,11.5513801575
4.9070000000,16.0360336304
4.9080000000,20.0486183167
4.9090000000,24.6477127075
4.9100000000,29.4756889343
4.9110000000,32.3081016541
4.9120000000,35.8986854553
4.9130000000,40.4262542725
4.9140000000,42.8295135498
4.9150000000,44.8179244995
4.9160000000,48.5658645630
4.9170000000,49.0951538086
4.9180000000,51.7559051514
4.9190000000,51.1980056763
4.9200000000,52.7143478394
4.9210000000,52.3352622986
4.9220000000,51.1479377747
4.9230000000,51.6414642334
4.9240000000,48.9377975464
4.9250000000,48.4299659729
4.9260000000,45.2470779419
4.9270000000,42.6936149597
4.9280000000,40.3046607971
4.9290000000,36.6711616516
4.9300000000,32.9375267029
4.9310000000,30.2338600159
4.9320000000,24.4474411011
4.9330000000,20.0486183167
4.9340000000,15.0346755981
4.9350000000,10.4856491089
4.9360000000,5.4502487183
4.9370000000,0.9012222290
4.9380000000,-3.6406517029
4.9390000000,-7.7176094055
4.9400000000,-11.9018554688
4.9410000000,-16.2792205811
4.9420000000,-20.5492973328
4.9430000000,-25.5203247070
4.9440000000,-30.1480293274
4.9450000000,-32.1435928345
4.9460000000,-36.5209579468
4.9470000000,-41.5062904358
4.9480000000,-42.6721572876
4.9490000000,-46.1769104004
4.9500000000,-48.5587120056
4.9510000000,-49.6888160706
4.9520000000,-52.4783134460
4.9530000000,-51.7702102661
4.9540000000,-53.0433654785
4.9550000000,-52.5927543640
4.9560000000,-52.1063804626
4.9570000000,-51.3195991516
4.9580000000,-49.6530532837
4.9590000000,-48.4228134155
4.9600000000,-45.0682640076
4.9610000000,-42.5148010254
4.9620000000,-39.4892692566
4.9630000000,-35.0046157837
4.9640000000,-31.2924385071
4.9650000000,-28.1453132629
4.9660000000,-22.5305557251
4.9670000000,-17.9386138916
4.9680000000,-13.4038925171
4.9690000000,-8.3613395691
4.9700000000,-3.4546852112
4.9710000000,0.8296966553
4.9720000000,4.8494338989
4.9730000000,9.1338157654
4.9740000000,13.7829780579
4.9750000000,17.9672241211
4.9760000000,22.1657752991
4.9770000000,27.6446342468
4.9780000000,30.4627418518
4.9790000000,34.1606140137
4.9800000000,38.6953353882
4.9810000000,41.6922569275
4.9820000000,43.9023971558
4.9830000000,47.7433204651
4.9840000000,48.3369827271
4.9850000000,50.7187843323
4.9860000000,51.4483451843
4.9870000000,51.8703460693
4.9880000000,53.1578063965
4.9890000000,51.4841079712
4.9900000000,51.9990921021
4.9910000000,49.4956970215
4.9920000000,48.9592552185
4.9930000000,45.5832481384
4.9940000000,43.4446334839
4.9950000000,41.9425964355
4.9960000000,37.1575355530
4.9970000000,33.9031219482
4.9980000000,30.5771827698
4.9990000000,26.0424613953
