time (s),velocity (rpm)
0.0000000000,0.0000000000
0.0010000000,0.0003769911
0.0020000000,0.0015079645
0.0030000000,0.0033929201
0.0040000000,0.0060318579
0.0050000000,0.0094247778
0.0060000000,0.0135716798
0.0070000000,0.0184725636
0.0080000000,0.0241274290
0.0090000000,0.0305362753
0.0100000000,0.0376991019
0.0110000000,0.0456159078
0.0120000000,0.0542866914
0.0130000000,0.0637114511
0.0140000000,0.0738901845
0.0150000000,0.0848228886
0.0160000000,0.0965095599
0.0170000000,0.1089501937
0.0180000000,0.1221447849
0.0190000000,0.1360933270
0.0200000000,0.1507958124
0.0210000000,0.1662522323
0.0220000000,0.1824625764
0.0230000000,0.1994268328
0.0240000000,0.2171449881
0.0250000000,0.2356170267
0.0260000000,0.2548429310
0.0270000000,0.2748226814
0.0280000000,0.2955562556
0.0290000000,0.3170436288
0.0300000000,0.3392847735
0.0310000000,0.3622796591
0.0320000000,0.3860282517
0.0330000000,0.4105305141
0.0340000000,0.4357864055
0.0350000000,0.4617958810
0.0360000000,0.4885588917
0.0370000000,0.5160753843
0.0380000000,0.5443453010
0.0390000000,0.5733685788
0.0400000000,0.6031451498
0.0410000000,0.6336749406
0.0420000000,0.6649578720
0.0430000000,0.6969938591
0.0440000000,0.7297828102
0.0450000000,0.7633246275
0.0460000000,0.7976192059
0.0470000000,0.8326664333
0.0480000000,0.8684661899
0.0490000000,0.9050183482
0.0500000000,0.9423227723
0.0510000000,0.9803793178
0.0520000000,1.0191878314
0.0530000000,1.0587481504
0.0540000000,1.0990601025
0.0550000000,1.1401235055
0.0560000000,1.1819381667
0.0570000000,1.2245038825
0.0580000000,1.2678204383
0.0590000000,1.3118876077
0.0600000000,1.3567051525
0.0610000000,1.4022728220
0.0620000000,1.4485903526
0.0630000000,1.4956574675
0.0640000000,1.5434738762
0.0650000000,1.5920392740
0.0660000000,1.6413533415
0.0670000000,1.6914157446
0.0680000000,1.7422261332
0.0690000000,1.7937841415
0.0700000000,1.8460893872
0.0710000000,1.8991414709
0.0720000000,1.9529399758
0.0730000000,2.0074844673
0.0740000000,2.0627744920
0.0750000000,2.1188095779
0.0760000000,2.1755892333
0.0770000000,2.2331129464
0.0780000000,2.2913801851
0.0790000000,2.3503903960
0.0800000000,2.4101430040
0.0810000000,2.4706374120
0.0820000000,2.5318730001
0.0830000000,2.5938491250
0.0840000000,2.6565651195
0.0850000000,2.7200202920
0.0860000000,2.7842139257
0.0870000000,2.8491452783
0.0880000000,2.9148135811
0.0890000000,2.9812180387
0.0900000000,3.0483578281
0.0910000000,3.1162320981
0.0920000000,3.1848399690
0.0930000000,3.2541805317
0.0940000000,3.3242528469
0.0950000000,3.3950559450
0.0960000000,3.4665888247
0.0970000000,3.5388504531
0.0980000000,3.6118397646
0.0990000000,3.6855556601
0.1000000000,3.7599970069
0.1010000000,3.8351626375
0.1020000000,3.9110513489
0.1030000000,3.9876619023
0.1040000000,4.0649930221
0.1050000000,4.1430433954
0.1060000000,4.2218116710
0.1070000000,4.3012964588
0.1080000000,4.3814963294
0.1090000000,4.4624098128
0.1100000000,4.5440353981
0.1110000000,4.6263715327
0.1120000000,4.7094166212
0.1130000000,4.7931690253
0.1140000000,4.8776270623
0.1150000000,4.9627890051
0.1160000000,5.0486530806
0.1170000000,5.1352174698
0.1180000000,5.2224803062
0.1190000000,5.3104396758
0.1200000000,5.3990936156
0.1210000000,5.4884401133
0.1220000000,5.5784771063
0.1230000000,5.6692024810
0.1240000000,5.7606140718
0.1250000000,5.8527096605
0.1260000000,5.9454869754
0.1270000000,6.0389436906
0.1280000000,6.1330774248
0.1290000000,6.2278857410
0.1300000000,6.3233661452
0.1310000000,6.4195160860
0.1320000000,6.5163329533
0.1330000000,6.6138140777
0.1340000000,6.7119567299
0.1350000000,6.8107581193
0.1360000000,6.9102153936
0.1370000000,7.0103256376
0.1380000000,7.1110858728
0.1390000000,7.2124930560
0.1400000000,7.3145440788
0.1410000000,7.4172357666
0.1420000000,7.5205648777
0.1430000000,7.6245281025
0.1440000000,7.7291220627
0.1450000000,7.8343433100
0.1460000000,7.9401883258
0.1470000000,8.0466535201
0.1480000000,8.1537352302
0.1490000000,8.2614297205
0.1500000000,8.3697331812
0.1510000000,8.4786417273
0.1520000000,8.5881513982
0.1530000000,8.6982581561
0.1540000000,8.8089578860
0.1550000000,8.9202463937
0.1560000000,9.0321194061
0.1570000000,9.1445725692
0.1580000000,9.2576014481
0.1590000000,9.3712015254
0.1600000000,9.4853682009
0.1610000000,9.6000967900
0.1620000000,9.7153825237
0.1630000000,9.8312205467
0.1640000000,9.9476059175
0.1650000000,10.0645336066
0.1660000000,10.1819984963
0.1670000000,10.2999953793
0.1680000000,10.4185189583
0.1690000000,10.5375638444
0.1700000000,10.6571245570
0.1710000000,10.7771955225
0.1720000000,10.8977710734
0.1730000000,11.0188454473
0.1740000000,11.1404127866
0.1750000000,11.2624671368
0.1760000000,11.3850024462
0.1770000000,11.5080125651
0.1780000000,11.6314912442
0.1790000000,11.7554321347
0.1800000000,11.8798287866
0.1810000000,12.0046746485
0.1820000000,12.1299630661
0.1830000000,12.2556872821
0.1840000000,12.3818404347
0.1850000000,12.5084155571
0.1860000000,12.6354055765
0.1870000000,12.7628033134
0.1880000000,12.8906014807
0.1890000000,13.0187926831
0.1900000000,13.1473694158
0.1910000000,13.2763240642
0.1920000000,13.4056489028
0.1930000000,13.5353360946
0.1940000000,13.6653776902
0.1950000000,13.7957656270
0.1960000000,13.9264917285
0.1970000000,14.0575477035
0.1980000000,14.1889251456
0.1990000000,14.3206155320
0.2000000000,14.4526102231
0.2010000000,14.5849004616
0.2020000000,14.7174773720
0.2030000000,14.8503319597
0.2040000000,14.9834551106
0.2050000000,15.1168375897
0.2060000000,15.2504700416
0.2070000000,15.3843429885
0.2080000000,15.5184468309
0.2090000000,15.6527718458
0.2100000000,15.7873081867
0.2110000000,15.9220458831
0.2120000000,16.0569748394
0.2130000000,16.1920848347
0.2140000000,16.3273655222
0.2150000000,16.4628064285
0.2160000000,16.5983969531
0.2170000000,16.7341263681
0.2180000000,16.8699838173
0.2190000000,17.0059583160
0.2200000000,17.1420387505
0.2210000000,17.2782138774
0.2220000000,17.4144723236
0.2230000000,17.5508025854
0.2240000000,17.6871930284
0.2250000000,17.8236318871
0.2260000000,17.9601072641
0.2270000000,18.0966071305
0.2280000000,18.2331193250
0.2290000000,18.3696315536
0.2300000000,18.5061313897
0.2310000000,18.6426062734
0.2320000000,18.7790435115
0.2330000000,18.9154302771
0.2340000000,19.0517536096
0.2350000000,19.1880004144
0.2360000000,19.3241574625
0.2370000000,19.4602113909
0.2380000000,19.5961487019
0.2390000000,19.7319557635
0.2400000000,19.8676188089
0.2410000000,20.0031239367
0.2420000000,20.1384571109
0.2430000000,20.2736041608
0.2440000000,20.4085507811
0.2450000000,20.5432825318
0.2460000000,20.6777848384
0.2470000000,20.8120429922
0.2480000000,20.9460421501
0.2490000000,21.0797673349
0.2500000000,21.2132034356
0.2510000000,21.3463352074
0.2520000000,21.4791472722
0.2530000000,21.6116241187
0.2540000000,21.7437501027
0.2550000000,21.8755094478
0.2560000000,22.0068862452
0.2570000000,22.1378644546
0.2580000000,22.2684279042
0.2590000000,22.3985602918
0.2600000000,22.5282451844
0.2610000000,22.6574660198
0.2620000000,22.7862061062
0.2630000000,22.9144486234
0.2640000000,23.0421766234
0.2650000000,23.1693730308
0.2660000000,23.2960206436
0.2670000000,23.4221021343
0.2680000000,23.5476000500
0.2690000000,23.6724968139
0.2700000000,23.7967747259
0.2710000000,23.9204159633
0.2720000000,24.0434025822
0.2730000000,24.1657165179
0.2740000000,24.2873395863
0.2750000000,24.4082534850
0.2760000000,24.5284397942
0.2770000000,24.6478799779
0.2780000000,24.7665553849
0.2790000000,24.8844472507
0.2800000000,25.0015366976
0.2810000000,25.1178047373
0.2820000000,25.2332322713
0.2830000000,25.3478000925
0.2840000000,25.4614888871
0.2850000000,25.5742792355
0.2860000000,25.6861516140
0.2870000000,25.7970863967
0.2880000000,25.9070638567
0.2890000000,26.0160641677
0.2900000000,26.1240674063
0.2910000000,26.2310535530
0.2920000000,26.3370024948
0.2930000000,26.4418940261
0.2940000000,26.5457078517
0.2950000000,26.6484235876
0.2960000000,26.7500207641
0.2970000000,26.8504788270
0.2980000000,26.9497771399
0.2990000000,27.0478949869
0.3000000000,27.1448115740
0.3010000000,27.2405060317
0.3020000000,27.3349574175
0.3030000000,27.4281447178
0.3040000000,27.5200468508
0.3050000000,27.6106426685
0.3060000000,27.6999109595
0.3070000000,27.7878304514
0.3080000000,27.8743798135
0.3090000000,27.9595376594
0.3100000000,28.0432825499
0.3110000000,28.1255929955
0.3120000000,28.2064474593
0.3130000000,28.2858243599
0.3140000000,28.3637020747
0.3150000000,28.4400589420
0.3160000000,28.5148732652
0.3170000000,28.5881233147
0.3180000000,28.6597873322
0.3190000000,28.7298435329
0.3200000000,28.7982701096
0.3210000000,28.8650452355
0.3220000000,28.9301470676
0.3230000000,28.9935537504
0.3240000000,29.0552434193
0.3250000000,29.1151942041
0.3260000000,29.1733842324
0.3270000000,29.2297916339
0.3280000000,29.2843945432
0.3290000000,29.3371711045
0.3300000000,29.3880994747
0.3310000000,29.4371578278
0.3320000000,29.4843243586
0.3330000000,29.5295772865
0.3340000000,29.5728948603
0.3350000000,29.6142553613
0.3360000000,29.6536371085
0.3370000000,29.6910184620
0.3380000000,29.7263778277
0.3390000000,29.7596936618
0.3400000000,29.7909444746
0.3410000000,29.8201088357
0.3420000000,29.8471653780
0.3430000000,29.8720928025
0.3440000000,29.8948698828
0.3450000000,29.9154754700
0.3460000000,29.9338884971
0.3470000000,29.9500879841
0.3480000000,29.9640530429
0.3490000000,29.9757628818
0.3500000000,29.9851968110
0.3510000000,29.9923342471
0.3520000000,29.9971547186
0.3530000000,29.9996378707
0.3540000000,29.9997634709
0.3550000000,29.9975114137
0.3560000000,29.9928617261
0.3570000000,29.9857945734
0.3580000000,29.9762902637
0.3590000000,29.9643292542
0.3600000000,29.9498921561
0.3610000000,29.9329597404
0.3620000000,29.9135129435
0.3630000000,29.8915328728
0.3640000000,29.8670008124
0.3650000000,29.8398982287
0.3660000000,29.8102067766
0.3670000000,29.7779083048
0.3680000000,29.7429848620
0.3690000000,29.7054187028
0.3700000000,29.6651922937
0.3710000000,29.6222883188
0.3720000000,29.5766896864
0.3730000000,29.5283795345
0.3740000000,29.4773412376
0.3750000000,29.4235584121
0.3760000000,29.3670149233
0.3770000000,29.3076948911
0.3780000000,29.2455826966
0.3790000000,29.1806629883
0.3800000000,29.1129206884
0.3810000000,29.0423409995
0.3820000000,28.9689094106
0.3830000000,28.8926117041
0.3840000000,28.8134339618
0.3850000000,28.7313625716
0.3860000000,28.6463842344
0.3870000000,28.5584859700
0.3880000000,28.4676551243
0.3890000000,28.3738793758
0.3900000000,28.2771467422
0.3910000000,28.1774455869
0.3920000000,28.0747646261
0.3930000000,27.9690929352
0.3940000000,27.8604199557
0.3950000000,27.7487355019
0.3960000000,27.6340297679
0.3970000000,27.5162933338
0.3980000000,27.3955171734
0.3990000000,27.2716926600
0.4000000000,27.1448115740
0.4010000000,27.0148661095
0.4020000000,26.8818488809
0.4030000000,26.7457529301
0.4040000000,26.6065717331
0.4050000000,26.4642992069
0.4060000000,26.3189297164
0.4070000000,26.1704580810
0.4080000000,26.0188795819
0.4090000000,25.8641899684
0.4100000000,25.7063854651
0.4110000000,25.5454627785
0.4120000000,25.3814191037
0.4130000000,25.2142521315
0.4140000000,25.0439600550
0.4150000000,24.8705415761
0.4160000000,24.6939959125
0.4170000000,24.5143228045
0.4180000000,24.3315225212
0.4190000000,24.1455958676
0.4200000000,23.9565441910
0.4210000000,23.7643693875
0.4220000000,23.5690739088
0.4230000000,23.3706607683
0.4240000000,23.1691335480
0.4250000000,22.9644964048
0.4260000000,22.7567540765
0.4270000000,22.5459118886
0.4280000000,22.3319757604
0.4290000000,22.1149522113
0.4300000000,21.8948483666
0.4310000000,21.6716719643
0.4320000000,21.4454313605
0.4330000000,21.2161355357
0.4340000000,20.9837941006
0.4350000000,20.7484173023
0.4360000000,20.5100160296
0.4370000000,20.2686018189
0.4380000000,20.0241868599
0.4390000000,19.7767840013
0.4400000000,19.5264067559
0.4410000000,19.2730693061
0.4420000000,19.0167865096
0.4430000000,18.7575739039
0.4440000000,18.4954477122
0.4450000000,18.2304248477
0.4460000000,17.9625229191
0.4470000000,17.6917602351
0.4480000000,17.4181558089
0.4490000000,17.1417293635
0.4500000000,16.8625013356
0.4510000000,16.5804928800
0.4520000000,16.2957258742
0.4530000000,16.0082229223
0.4540000000,15.7180073590
0.4550000000,15.4251032537
0.4560000000,15.1295354137
0.4570000000,14.8313293887
0.4580000000,14.5305114735
0.4590000000,14.2271087117
0.4600000000,13.9211488988
0.4610000000,13.6126605856
0.4620000000,13.3016730803
0.4630000000,12.9882164521
0.4640000000,12.6723215335
0.4650000000,12.3540199223
0.4660000000,12.0333439847
0.4670000000,11.7103268566
0.4680000000,11.3850024462
0.4690000000,11.0574054353
0.4700000000,10.7275712811
0.4710000000,10.3955362174
0.4720000000,10.0613372564
0.4730000000,9.7250121888
0.4740000000,9.3865995857
0.4750000000,9.0461387983
0.4760000000,8.7036699592
0.4770000000,8.3592339821
0.4780000000,8.0128725620
0.4790000000,7.6646281752
0.4800000000,7.3145440788
0.4810000000,6.9626643104
0.4820000000,6.6090336868
0.4830000000,6.2536978035
0.4840000000,5.8967030336
0.4850000000,5.5380965256
0.4860000000,5.1779262025
0.4870000000,4.8162407597
0.4880000000,4.4530896627
0.4890000000,4.0885231449
0.4900000000,3.7225922049
0.4910000000,3.3553486038
0.4920000000,2.9868448618
0.4930000000,2.6171342554
0.4940000000,2.2462708133
0.4950000000,1.8743093128
0.4960000000,1.5013052756
0.4970000000,1.1273149636
0.4980000000,0.7523953741
0.4990000000,0.3766042351
0.5000000000,0.0000000000
0.5010000000,-0.3773581578
0.5020000000,-0.7554103506
0.5030000000,-1.1340959822
0.5040000000,-1.5133537543
0.5050000000,-1.8931216731
0.5060000000,-2.2733370559
0.5070000000,-2.6539365384
0.5080000000,-3.0348560818
0.5090000000,-3.4160309808
0.5100000000,-3.7973958714
0.5110000000,-4.1788847390
0.5120000000,-4.5604309271
0.5130000000,-4.9419671463
0.5140000000,-5.3234254832
0.5150000000,-5.7047374097
0.5160000000,-6.0858337932
0.5170000000,-6.4666449063
0.5180000000,-6.8471004373
0.5190000000,-7.2271295006
0.5200000000,-7.6066606481
0.5210000000,-7.9856218801
0.5220000000,-8.3639406570
0.5230000000,-8.7415439113
0.5240000000,-9.1183580596
0.5250000000,-9.4943090154
0.5260000000,-9.8693222017
0.5270000000,-10.2433225640
0.5280000000,-10.6162345842
0.5290000000,-10.9879822943
0.5300000000,-11.3584892899
0.5310000000,-11.7276787455
0.5320000000,-12.0954734286
0.5330000000,-12.4617957149
0.5340000000,-12.8265676039
0.5350000000,-13.1897107340
0.5360000000,-13.5511463993
0.5370000000,-13.9107955652
0.5380000000,-14.2685788854
0.5390000000,-14.6244167187
0.5400000000,-14.9782291464
0.5410000000,-15.3299359897
0.5420000000,-15.6794568276
0.5430000000,-16.0267110154
0.5440000000,-16.3716177025
0.5450000000,-16.7140958520
0.5460000000,-17.0540642594
0.5470000000,-17.3914415721
0.5480000000,-17.7261463089
0.5490000000,-18.0580968805
0.5500000000,-18.3872116096
0.5510000000,-18.7134087512
0.5520000000,-19.0366065140
0.5530000000,-19.3567230815
0.5540000000,-19.6736766331
0.5550000000,-19.9873853666
0.5560000000,-20.2977675196
0.5570000000,-20.6047413921
0.5580000000,-20.9082253694
0.5590000000,-21.2081379444
0.5600000000,-21.5043977415
0.5610000000,-21.7969235394
0.5620000000,-22.0856342950
0.5630000000,-22.3704491676
0.5640000000,-22.6512875429
0.5650000000,-22.9280690573
0.5660000000,-23.2007136232
0.5670000000,-23.4691414530
0.5680000000,-23.7332730852
0.5690000000,-23.9930294094
0.5700000000,-24.2483316919
0.5710000000,-24.4991016016
0.5720000000,-24.7452612362
0.5730000000,-24.9867331482
0.5740000000,-25.2234403719
0.5750000000,-25.4553064494
0.5760000000,-25.6822554581
0.5770000000,-25.9042120371
0.5780000000,-26.1211014152
0.5790000000,-26.3328494375
0.5800000000,-26.5393825936
0.5810000000,-26.7406280449
0.5820000000,-26.9365136528
0.5830000000,-27.1269680063
0.5840000000,-27.3119204505
0.5850000000,-27.4913011146
0.5860000000,-27.6650409406
0.5870000000,-27.8330717113
0.5880000000,-27.9953260793
0.5890000000,-28.1517375956
0.5900000000,-28.3022407381
0.5910000000,-28.4467709407
0.5920000000,-28.5852646224
0.5930000000,-28.7176592155
0.5940000000,-28.8438931953
0.5950000000,-28.9639061090
0.5960000000,-29.0776386046
0.5970000000,-29.1850324598
0.5980000000,-29.2860306115
0.5990000000,-29.3805771849
0.6000000000,-29.4686175219
0.6010000000,-29.5500982108
0.6020000000,-29.6249671152
0.6030000000,-29.6931734027
0.6040000000,-29.7546675738
0.6050000000,-29.8094014910
0.6060000000,-29.8573284073
0.6070000000,-29.8984029949
0.6080000000,-29.9325813739
0.6090000000,-29.9598211404
0.6100000000,-29.9800813950
0.6110000000,-29.9933227710
0.6120000000,-29.9995074623
0.6130000000,-29.9985992511
0.6140000000,-29.9905635359
0.6150000000,-29.9753673586
0.6160000000,-29.9529794321
0.6170000000,-29.9233701669
0.6180000000,-29.8865116984
0.6190000000,-29.8423779129
0.6200000000,-29.7909444746
0.6210000000,-29.7321888510
0.6220000000,-29.6660903389
0.6230000000,-29.5926300900
0.6240000000,-29.5117911356
0.6250000000,-29.4235584121
0.6260000000,-29.3279187846
0.6270000000,-29.2248610719
0.6280000000,-29.1143760694
0.6290000000,-28.9964565733
0.6300000000,-28.8710974028
0.6310000000,-28.7382954233
0.6320000000,-28.5980495679
0.6330000000,-28.4503608597
0.6340000000,-28.2952324327
0.6350000000,-28.1326695525
0.6360000000,-27.9626796368
0.6370000000,-27.7852722751
0.6380000000,-27.6004592479
0.6390000000,-27.4082545454
0.6400000000,-27.2086743859
0.6410000000,-27.0017372334
0.6420000000,-26.7874638143
0.6430000000,-26.5658771345
0.6440000000,-26.3370024948
0.6450000000,-26.1008675061
0.6460000000,-25.8575021046
0.6470000000,-25.6069385653
0.6480000000,-25.3492115152
0.6490000000,-25.0843579465
0.6500000000,-24.8124172282
0.6510000000,-24.5334311174
0.6520000000,-24.2474437696
0.6530000000,-23.9545017492
0.6540000000,-23.6546540378
0.6550000000,-23.3479520429
0.6560000000,-23.0344496055
0.6570000000,-22.7142030064
0.6580000000,-22.3872709726
0.6590000000,-22.0537146823
0.6600000000,-21.7135977690
0.6610000000,-21.3669863252
0.6620000000,-21.0139489047
0.6630000000,-20.6545565248
0.6640000000,-20.2888826665
0.6650000000,-19.9170032751
0.6660000000,-19.5389967588
0.6670000000,-19.1549439870
0.6680000000,-18.7649282874
0.6690000000,-18.3690354425
0.6700000000,-17.9673536846
0.6710000000,-17.5599736902
0.6720000000,-17.1469885736
0.6730000000,-16.7284938789
0.6740000000,-16.3045875717
0.6750000000,-15.8753700292
0.6760000000,-15.4409440298
0.6770000000,-15.0014147413
0.6780000000,-14.5568897079
0.6790000000,-14.1074788371
0.6800000000,-13.6532943843
0.6810000000,-13.1944509370
0.6820000000,-12.7310653981
0.6830000000,-12.2632569678
0.6840000000,-11.7911471242
0.6850000000,-11.3148596033
0.6860000000,-10.8345203779
0.6870000000,-10.3502576346
0.6880000000,-9.8622017508
0.6890000000,-9.3704852700
0.6900000000,-8.8752428755
0.6910000000,-8.3766113642
0.6920000000,-7.8747296180
0.6930000000,-7.3697385752
0.6940000000,-6.8617811994
0.6950000000,-6.3510024489
0.6960000000,-5.8375492434
0.6970000000,-5.3215704308
0.6980000000,-4.8032167520
0.6990000000,-4.2826408047
0.7000000000,-3.7599970069
0.7010000000,-3.2354415578
0.7020000000,-2.7091323986
0.7030000000,-2.1812291720
0.7040000000,-1.6518931805
0.7050000000,-1.1212873431
0.7060000000,-0.5895761514
0.7070000000,-0.0569256247
0.7080000000,0.4764967366
0.7090000000,1.0105219984
0.7100000000,1.5449798416
0.7110000000,2.0796986113
0.7120000000,2.6145053684
0.7130000000,3.1492259405
0.7140000000,3.6836849758
0.7150000000,4.2177059965
0.7160000000,4.7511114546
0.7170000000,5.2837227874
0.7180000000,5.8153604752
0.7190000000,6.3458440997
0.7200000000,6.8749924031
0.7210000000,7.4026233486
0.7220000000,7.9285541818
0.7230000000,8.4526014929
0.7240000000,8.9745812805
0.7250000000,9.4943090154
0.7260000000,10.0115997064
0.7270000000,10.5262679659
0.7280000000,11.0381280777
0.7290000000,11.5469940646
0.7300000000,12.0526797575
0.7310000000,12.5549988650
0.7320000000,13.0537650444
0.7330000000,13.5487919725
0.7340000000,14.0398934187
0.7350000000,14.5268833172
0.7360000000,15.0095758414
0.7370000000,15.4877854779
0.7380000000,15.9613271024
0.7390000000,16.4300160548
0.7400000000,16.8936682163
0.7410000000,17.3521000867
0.7420000000,17.8051288616
0.7430000000,18.2525725115
0.7440000000,18.6942498603
0.7450000000,19.1299806649
0.7460000000,19.5595856950
0.7470000000,19.9828868139
0.7480000000,20.3997070589
0.7490000000,20.8098707228
0.7500000000,21.2132034356
0.7510000000,21.6095322461
0.7520000000,21.9986857044
0.7530000000,22.3804939446
0.7540000000,22.7547887672
0.7550000000,23.1214037220
0.7560000000,23.4801741918
0.7570000000,23.8309374749
0.7580000000,24.1735328689
0.7590000000,24.5078017538
0.7600000000,24.8335876757
0.7610000000,25.1507364297
0.7620000000,25.4590961437
0.7630000000,25.7585173611
0.7640000000,26.0488531242
0.7650000000,26.3299590567
0.7660000000,26.6016934466
0.7670000000,26.8639173284
0.7680000000,27.1164945652
0.7690000000,27.3592919300
0.7700000000,27.5921791876
0.7710000000,27.8150291749
0.7720000000,28.0277178813
0.7730000000,28.2301245287
0.7740000000,28.4221316503
0.7750000000,28.6036251696
0.7760000000,28.7744944781
0.7770000000,28.9346325125
0.7780000000,29.0839358310
0.7790000000,29.2223046892
0.7800000000,29.3496431146
0.7810000000,29.4658589804
0.7820000000,29.5708640787
0.7830000000,29.6645741919
0.7840000000,29.7469091642
0.7850000000,29.8177929707
0.7860000000,29.8771537862
0.7870000000,29.9249240529
0.7880000000,29.9610405463
0.7890000000,29.9854444400
0.7900000000,29.9980813694
0.7910000000,29.9989014937
0.7920000000,29.9878595569
0.7930000000,29.9649149468
0.7940000000,29.9300317527
0.7950000000,29.8831788216
0.7960000000,29.8243298128
0.7970000000,29.7534632505
0.7980000000,29.6705625752
0.7990000000,29.5756161926
0.8000000000,29.4686175219
0.8010000000,29.3495650404
0.8020000000,29.2184623282
0.8030000000,29.0753181096
0.8040000000,28.9201462929
0.8050000000,28.7529660083
0.8060000000,28.5738016433
0.8070000000,28.3826828766
0.8080000000,28.1796447093
0.8090000000,27.9647274940
0.8100000000,27.7379769619
0.8110000000,27.4994442469
0.8120000000,27.2491859085
0.8130000000,26.9872639511
0.8140000000,26.7137458419
0.8150000000,26.4287045253
0.8160000000,26.1322184360
0.8170000000,25.8243715084
0.8180000000,25.5052531843
0.8190000000,25.1749584174
0.8200000000,24.8335876757
0.8210000000,24.4812469405
0.8220000000,24.1180477034
0.8230000000,23.7441069603
0.8240000000,23.3595472025
0.8250000000,22.9644964048
0.8260000000,22.5590880117
0.8270000000,22.1434609194
0.8280000000,21.7177594561
0.8290000000,21.2821333589
0.8300000000,20.8367377471
0.8310000000,20.3817330943
0.8320000000,19.9172851955
0.8330000000,19.4435651326
0.8340000000,18.9607492365
0.8350000000,18.4690190456
0.8360000000,17.9685612625
0.8370000000,17.4595677062
0.8380000000,16.9422352626
0.8390000000,16.4167658305
0.8400000000,15.8833662660
0.8410000000,15.3422483227
0.8420000000,14.7936285891
0.8430000000,14.2377284232
0.8440000000,13.6747738836
0.8450000000,13.1049956578
0.8460000000,12.5286289869
0.8470000000,11.9459135882
0.8480000000,11.3570935734
0.8490000000,10.7624173647
0.8500000000,10.1621376074
0.8510000000,9.5565110794
0.8520000000,8.9457985980
0.8530000000,8.3302649232
0.8540000000,7.7101786584
0.8550000000,7.0858121474
0.8560000000,6.4574413696
0.8570000000,5.8253458308
0.8580000000,5.1898084523
0.8590000000,4.5511154564
0.8600000000,3.9095562490
0.8610000000,3.2654232999
0.8620000000,2.6190120195
0.8630000000,1.9706206334
0.8640000000,1.3205500540
0.8650000000,0.6691037492
0.8660000000,0.0165876084
0.8670000000,-0.6366901934
0.8680000000,-1.2904193350
0.8690000000,-1.9442874905
0.8700000000,-2.5979804731
0.8710000000,-3.2511823820
0.8720000000,-3.9035757507
0.8730000000,-4.5548416986
0.8740000000,-5.2046600841
0.8750000000,-5.8527096605
0.8760000000,-6.4986682333
0.8770000000,-7.1422128206
0.8780000000,-7.7830198145
0.8790000000,-8.4207651450
0.8800000000,-9.0551244456
0.8810000000,-9.6857732209
0.8820000000,-10.3123870152
0.8830000000,-10.9346415841
0.8840000000,-11.5522130660
0.8850000000,-12.1647781567
0.8860000000,-12.7720142838
0.8870000000,-13.3735997837
0.8880000000,-13.9692140795
0.8890000000,-14.5585378594
0.8900000000,-15.1412532567
0.8910000000,-15.7170440310
0.8920000000,-16.2855957496
0.8930000000,-16.8465959701
0.8940000000,-17.3997344233
0.8950000000,-17.9447031973
0.8960000000,-18.4811969212
0.8970000000,-19.0089129497
0.8980000000,-19.5275515483
0.8990000000,-20.0368160774
0.9000000000,-20.5364131779
0.9010000000,-21.0260529554
0.9020000000,-21.5054491655
0.9030000000,-21.9743193978
0.9040000000,-22.4323852597
0.9050000000,-22.8793725603
0.9060000000,-23.3150114925
0.9070000000,-23.7390368156
0.9080000000,-24.1511880362
0.9090000000,-24.5512095883
0.9100000000,-24.9388510121
0.9110000000,-25.3138671324
0.9120000000,-25.6760182344
0.9130000000,-26.0250702388
0.9140000000,-26.3607948754
0.9150000000,-26.6829698543
0.9160000000,-26.9913790359
0.9170000000,-27.2858125985
0.9180000000,-27.5660672042
0.9190000000,-27.8319461620
0.9200000000,-28.0832595893
0.9210000000,-28.3198245701
0.9220000000,-28.5414653111
0.9230000000,-28.7480132953
0.9240000000,-28.9393074319
0.9250000000,-29.1151942041
0.9260000000,-29.2755278131
0.9270000000,-29.4201703198
0.9280000000,-29.5489917816
0.9290000000,-29.6618703877
0.9300000000,-29.7586925888
0.9310000000,-29.8393532249
0.9320000000,-29.9037556478
0.9330000000,-29.9518118403
0.9340000000,-29.9834425316
0.9350000000,-29.9985773078
0.9360000000,-29.9971547186
0.9370000000,-29.9791223793
0.9380000000,-29.9444370685
0.9390000000,-29.8930648208
0.9400000000,-29.8249810151
0.9410000000,-29.7401704577
0.9420000000,-29.6386274607
0.9430000000,-29.5203559151
0.9440000000,-29.3853693586
0.9450000000,-29.2336910388
0.9460000000,-29.0653539697
0.9470000000,-28.8804009843
0.9480000000,-28.6788847802
0.9490000000,-28.4608679606
0.9500000000,-28.2264230686
0.9510000000,-27.9756326166
0.9520000000,-27.7085891088
0.9530000000,-27.4253950587
0.9540000000,-27.1261629994
0.9550000000,-26.8110154891
0.9560000000,-26.4800851086
0.9570000000,-26.1335144542
0.9580000000,-25.7714561234
0.9590000000,-25.3940726942
0.9600000000,-25.0015366976
0.9610000000,-24.5940305849
0.9620000000,-24.1717466866
0.9630000000,-23.7348871659
0.9640000000,-23.2836639652
0.9650000000,-22.8182987458
0.9660000000,-22.3390228210
0.9670000000,-21.8460770822
0.9680000000,-21.3397119184
0.9690000000,-20.8201871290
0.9700000000,-20.2877718292
0.9710000000,-19.7427443494
0.9720000000,-19.1853921272
0.9730000000,-18.6160115924
0.9740000000,-18.0349080455
0.9750000000,-17.4423955296
0.9760000000,-16.8387966946
0.9770000000,-16.2244426555
0.9780000000,-15.5996728434
0.9790000000,-14.9648348499
0.9800000000,-14.3202842646
0.9810000000,-13.6663845061
0.9820000000,-13.0035066467
0.9830000000,-12.3320292294
0.9840000000,-11.6523380795
0.9850000000,-10.9648261093
0.9860000000,-10.2698931161
0.9870000000,-9.5679455742
0.9880000000,-8.8593964205
0.9890000000,-8.1446648340
0.9900000000,-7.4241760089
0.9910000000,-6.6983609222
0.9920000000,-5.9676560946
0.9930000000,-5.2325033465
0.9940000000,-4.4933495475
0.9950000000,-3.7506463608
0.9960000000,-3.0048499816
0.9970000000,-2.2564208710
0.9980000000,-1.5058234836
0.9990000000,-0.7535259912
1.0000000000,-0.0000000000
1.0010000000,0.7542797353
1.0020000000,1.5088356033
1.0030000000,2.2631874318
1.0040000000,3.0168527878
1.0050000000,3.7693472820
1.0060000000,4.5201848774
1.0070000000,5.2688782012
1.0080000000,6.0149388610
1.0090000000,6.7578777640
1.0100000000,7.4972054395
1.0110000000,8.2324323650
1.0120000000,8.9630692943
1.0130000000,9.6886275889
1.0140000000,10.4086195520
1.0150000000,11.1225587640
1.0160000000,11.8299604207
1.0170000000,12.5303416731
1.0180000000,13.2232219687
1.0190000000,13.9081233944
1.0200000000,14.5845710200
1.0210000000,15.2520932431
1.0220000000,15.9102221347
1.0230000000,16.5584937844
1.0240000000,17.1964486468
1.0250000000,17.8236318871
1.0260000000,18.4395937263
1.0270000000,19.0438897865
1.0280000000,19.6360814345
1.0290000000,20.2157361246
1.0300000000,20.7824277404
1.0310000000,21.3357369340
1.0320000000,21.8752514643
1.0330000000,22.4005665321
1.0340000000,22.9112851138
1.0350000000,23.4070182917
1.0360000000,23.8873855808
1.0370000000,24.3520152537
1.0380000000,24.8005446607
1.0390000000,25.2326205465
1.0400000000,25.6478993626
1.0410000000,26.0460475761
1.0420000000,26.4267419725
1.0430000000,26.7896699545
1.0440000000,27.1345298355
1.0450000000,27.4610311273
1.0460000000,27.7688948220
1.0470000000,28.0578536684
1.0480000000,28.3276524415
1.0490000000,28.5780482055
1.0500000000,28.8088105703
1.0510000000,29.0197219408
1.0520000000,29.2105777585
1.0530000000,29.3811867356
1.0540000000,29.5313710817
1.0550000000,29.6609667213
1.0560000000,29.7698235044
1.0570000000,29.8578054069
1.0580000000,29.9247907234
1.0590000000,29.9706722499
1.0600000000,29.9953574578
1.0610000000,29.9987686584
1.0620000000,29.9808431568
1.0630000000,29.9415333965
1.0640000000,29.8808070939
1.0650000000,29.7986473615
1.0660000000,29.6950528215
1.0670000000,29.5700377078
1.0680000000,29.4236319571
1.0690000000,29.2558812894
1.0700000000,29.0668472764
1.0710000000,28.8566073985
1.0720000000,28.6252550905
1.0730000000,28.3728997752
1.0740000000,28.0996668844
1.0750000000,27.8056978692
1.0760000000,27.4911501965
1.0770000000,27.1561973341
1.0780000000,26.8010287227
1.0790000000,26.4258497361
1.0800000000,26.0308816277
1.0810000000,25.6163614648
1.0820000000,25.1825420503
1.0830000000,24.7296918310
1.0840000000,24.2580947928
1.0850000000,23.7680503437
1.0860000000,23.2598731828
1.0870000000,22.7338931572
1.0880000000,22.1904551047
1.0890000000,21.6299186846
1.0900000000,21.0526581942
1.0910000000,20.4590623738
1.0920000000,19.8495341968
1.0930000000,19.2244906486
1.0940000000,18.5843624912
1.0950000000,17.9295940158
1.0960000000,17.2606427825
1.0970000000,16.5779793466
1.0980000000,15.8820869735
1.0990000000,15.1734613397
1.1000000000,14.4526102231
1.1010000000,13.7200531791
1.1020000000,12.9763212069
1.1030000000,12.2219564015
1.1040000000,11.4575115961
1.1050000000,10.6835499911
1.1060000000,9.9006447733
1.1070000000,9.1093787229
1.1080000000,8.3103438098
1.1090000000,7.5041407795
1.1100000000,6.6913787283
1.1110000000,5.8726746678
1.1120000000,5.0486530806
1.1130000000,4.2199454653
1.1140000000,3.3871898725
1.1150000000,2.5510304316
1.1160000000,1.7121168692
1.1170000000,0.8711040184
1.1180000000,0.0286513206
1.1190000000,-0.8145776807
1.1200000000,-1.6579158539
1.1210000000,-2.5006929997
1.1220000000,-3.3422363783
1.1230000000,-4.1818712438
1.1240000000,-5.0189213829
1.1250000000,-5.8527096605
1.1260000000,-6.6825585697
1.1270000000,-7.5077907867
1.1280000000,-8.3277297296
1.1290000000,-9.1417001213
1.1300000000,-9.9490285559
1.1310000000,-10.7490440671
1.1320000000,-11.5410787004
1.1330000000,-12.3244680858
1.1340000000,-13.0985520129
1.1350000000,-13.8626750069
1.1360000000,-14.6161869045
1.1370000000,-15.3584434305
1.1380000000,-16.0888067731
1.1390000000,-16.8066461594
1.1400000000,-17.5113384280
1.1410000000,-18.2022686001
1.1420000000,-18.8788304486
1.1430000000,-19.5404270630
1.1440000000,-20.1864714119
1.1450000000,-20.8163869000
1.1460000000,-21.4296079216
1.1470000000,-22.0255804082
1.1480000000,-22.6037623707
1.1490000000,-23.1636244351
1.1500000000,-23.7046503713
1.1510000000,-24.2263376148
1.1520000000,-24.7281977807
1.1530000000,-25.2097571682
1.1540000000,-25.6705572578
1.1550000000,-26.1101551975
1.1560000000,-26.5281242801
1.1570000000,-26.9240544090
1.1580000000,-27.2975525540
1.1590000000,-27.6482431945
1.1600000000,-27.9757687517
1.1610000000,-28.2797900071
1.1620000000,-28.5599865090
1.1630000000,-28.8160569644
1.1640000000,-29.0477196182
1.1650000000,-29.2547126164
1.1660000000,-29.4367943553
1.1670000000,-29.5937438151
1.1680000000,-29.7253608775
1.1690000000,-29.8314666269
1.1700000000,-29.9119036351
1.1710000000,-29.9665362288
1.1720000000,-29.9952507390
1.1730000000,-29.9979557336
1.1740000000,-29.9745822305
1.1750000000,-29.9250838925
1.1760000000,-29.8494372033
1.1770000000,-29.7476416241
1.1780000000,-29.6197197297
1.1790000000,-29.4657173260
1.1800000000,-29.2857035459
1.1810000000,-29.0797709253
1.1820000000,-28.8480354581
1.1830000000,-28.5906366300
1.1840000000,-28.3077374314
1.1850000000,-27.9995243480
1.1860000000,-27.6662073305
1.1870000000,-27.3080197421
1.1880000000,-26.9252182838
1.1890000000,-26.5180828982
1.1900000000,-26.0869166497
1.1910000000,-25.6320455844
1.1920000000,-25.1538185652
1.1930000000,-24.6526070866
1.1940000000,-24.1288050656
1.1950000000,-23.5828286105
1.1960000000,-23.0151157675
1.1970000000,-22.4261262446
1.1980000000,-21.8163411130
1.1990000000,-21.1862624863
1.2000000000,-20.5364131779
1.2010000000,-19.8673363356
1.2020000000,-19.1795950550
1.2030000000,-18.4737719708
1.2040000000,-17.7504688262
1.2050000000,-17.0103060222
1.2060000000,-16.2539221444
1.2070000000,-15.4819734698
1.2080000000,-14.6951334530
1.2090000000,-13.8940921922
1.2100000000,-13.0795558753
1.2110000000,-12.2522462062
1.2120000000,-11.4128998128
1.2130000000,-10.5622676355
1.2140000000,-9.7011142976
1.2150000000,-8.8302174585
1.2160000000,-7.9503671487
1.2170000000,-7.0623650887
1.2180000000,-6.1670239909
1.2190000000,-5.2651668465
1.2200000000,-4.3576261963
1.2210000000,-3.4452433880
1.2220000000,-2.5288678183
1.2230000000,-1.6093561625
1.2240000000,-0.6875715908
1.2250000000,0.2356170267
1.2260000000,1.1593359275
1.2270000000,2.0827072742
1.2280000000,3.0048499816
1.2290000000,3.9248805538
1.2300000000,4.8419139295
1.2310000000,5.7550643345
1.2320000000,6.6634461421
1.2330000000,7.5661747381
1.2340000000,8.4623673928
1.2350000000,9.3511441362
1.2360000000,10.2316286371
1.2370000000,11.1029490851
1.2380000000,11.9642390743
1.2390000000,12.8146384882
1.2400000000,13.6532943843
1.2410000000,14.4793618781
1.2420000000,15.2920050258
1.2430000000,16.0903977033
1.2440000000,16.8737244828
1.2450000000,17.6411815040
1.2460000000,18.3919773406
1.2470000000,19.1253338600
1.2480000000,19.8404870755
1.2490000000,20.5366879909
1.2500000000,21.2132034356
1.2510000000,21.8693168891
1.2520000000,22.5043292953
1.2530000000,23.1175598641
1.2540000000,23.7083468604
1.2550000000,24.2760483789
1.2560000000,24.8200431049
1.2570000000,25.3397310577
1.2580000000,25.8345343196
1.2590000000,26.3038977454
1.2600000000,26.7472896545
1.2610000000,27.1642025033
1.2620000000,27.5541535377
1.2630000000,27.9166854243
1.2640000000,28.2513668595
1.2650000000,28.5577931564
1.2660000000,28.8355868077
1.2670000000,29.0843980242
1.2680000000,29.3039052491
1.2690000000,29.4938156447
1.2700000000,29.6538655541
1.2710000000,29.7838209348
1.2720000000,29.8834777643
1.2730000000,29.9526624169
1.2740000000,29.9912320116
1.2750000000,29.9990747293
1.2760000000,29.9761101003
1.2770000000,29.9222892597
1.2780000000,29.8375951718
1.2790000000,29.7220428222
1.2800000000,29.5756793767
1.2810000000,29.3985843079
1.2820000000,29.1908694874
1.2830000000,28.9526792450
1.2840000000,28.6841903925
1.2850000000,28.3856122139
1.2860000000,28.0571864203
1.2870000000,27.6991870695
1.2880000000,27.3119204505
1.2890000000,26.8957249326
1.2900000000,26.4509707787
1.2910000000,25.9780599224
1.2920000000,25.4774257106
1.2930000000,24.9495326087
1.2940000000,24.3948758712
1.2950000000,23.8139811760
1.2960000000,23.2074042232
1.2970000000,22.5757302985
1.2980000000,21.9195738013
1.2990000000,21.2395777375
1.3000000000,20.5364131779
1.3010000000,19.8107786817
1.3020000000,19.0633996862
1.3030000000,18.2950278628
1.3040000000,17.5064404389
1.3050000000,16.6984394884
1.3060000000,15.8718511886
1.3070000000,15.0275250459
1.3080000000,14.1663330907
1.3090000000,13.2891690409
1.3100000000,12.3969474367
1.3110000000,11.4906027454
1.3120000000,10.5710884383
1.3130000000,9.6393760405
1.3140000000,8.6964541531
1.3150000000,7.7433274505
1.3160000000,6.7810156525
1.3170000000,5.8105524726
1.3180000000,4.8329845432
1.3190000000,3.8493703196
1.3200000000,2.8607789624
1.3210000000,1.8682892008
1.3220000000,0.8729881775
1.3230000000,-0.1240297246
1.3240000000,-1.1216640707
1.3250000000,-2.1188095779
1.3260000000,-3.1143573332
1.3270000000,-4.1071960223
1.3280000000,-5.0962131715
1.3290000000,-6.0802963971
1.3300000000,-7.0583346650
1.3310000000,-8.0292195563
1.3320000000,-8.9918465382
1.3330000000,-9.9451162399
1.3340000000,-10.8879357302
1.3350000000,-11.8192197968
1.3360000000,-12.7378922253
1.3370000000,-13.6428870761
1.3380000000,-14.5331499582
1.3390000000,-15.4076392979
1.3400000000,-16.2653276018
1.3410000000,-17.1052027108
1.3420000000,-17.9262690458
1.3430000000,-18.7275488417
1.3440000000,-19.5080833689
1.3450000000,-20.2669341411
1.3460000000,-21.0031841072
1.3470000000,-21.7159388260
1.3480000000,-22.4043276225
1.3490000000,-23.0675047233
1.3500000000,-23.7046503713
1.3510000000,-24.3149719163
1.3520000000,-24.8977048814
1.3530000000,-25.4521140024
1.3540000000,-25.9774942409
1.3550000000,-26.4731717668
1.3560000000,-26.9385049117
1.3570000000,-27.3728850889
1.3580000000,-27.7757376817
1.3590000000,-28.1465228960
1.3600000000,-28.4847365773
1.3610000000,-28.7899109908
1.3620000000,-29.0616155626
1.3630000000,-29.2994575816
1.3640000000,-29.5030828607
1.3650000000,-29.6721763558
1.3660000000,-29.8064627416
1.3670000000,-29.9057069441
1.3680000000,-29.9697146273
1.3690000000,-29.9983326342
1.3700000000,-29.9914493810
1.3710000000,-29.9489952029
1.3720000000,-29.8709426526
1.3730000000,-29.7573067478
1.3740000000,-29.6081451700
1.3750000000,-29.4235584121
1.3760000000,-29.2036898749
1.3770000000,-28.9487259114
1.3780000000,-28.6588958195
1.3790000000,-28.3344717817
1.3800000000,-27.9757687517
1.3810000000,-27.5831442879
1.3820000000,-27.1569983335
1.3830000000,-26.6977729428
1.3840000000,-26.2059519539
1.3850000000,-25.6820606077
1.3860000000,-25.1266651128
1.3870000000,-24.5403721576
1.3880000000,-23.9238283685
1.3890000000,-23.2777197151
1.3900000000,-22.6027708628
1.3910000000,-21.8997444725
1.3920000000,-21.1694404496
1.3930000000,-20.4126951399
1.3940000000,-19.6303804765
1.3950000000,-18.8234030752
1.3960000000,-17.9927032820
1.3970000000,-17.1392541704
1.3980000000,-16.2640604931
1.3990000000,-15.3681575851
1.4000000000,-14.4526102231
1.4010000000,-13.5185114385
1.4020000000,-12.5669812888
1.4030000000,-11.5991655861
1.4040000000,-10.6162345842
1.4050000000,-9.6193816280
1.4060000000,-8.6098217630
1.4070000000,-7.5887903096
1.4080000000,-6.5575414020
1.4090000000,-5.5173464940
1.4100000000,-4.4694928323
1.4110000000,-3.4152819015
1.4120000000,-2.3560278390
1.4130000000,-1.2930558255
1.4140000000,-0.2277004492
1.4150000000,0.8386959505
1.4160000000,1.9047849616
1.4170000000,2.9692137957
1.4180000000,4.0306270002
1.4190000000,5.0876681858
1.4200000000,6.1389817656
1.4210000000,7.1832147036
1.4220000000,8.2190182724
1.4230000000,9.2450498147
1.4240000000,10.2599745092
1.4250000000,11.2624671368
1.4260000000,12.2512138457
1.4270000000,13.2249139128
1.4280000000,14.1822814983
1.4290000000,15.1220473928
1.4300000000,16.0429607527
1.4310000000,16.9437908228
1.4320000000,17.8233286432
1.4330000000,18.6803887379
1.4340000000,19.5138107833
1.4350000000,20.3224612537
1.4360000000,21.1052350414
1.4370000000,21.8610570499
1.4380000000,22.5888837564
1.4390000000,23.2877047426
1.4400000000,23.9565441910
1.4410000000,24.5944623439
1.4420000000,25.2005569241
1.4430000000,25.7739645136
1.4440000000,26.3138618894
1.4450000000,26.8194673134
1.4460000000,27.2900417751
1.4470000000,27.7248901838
1.4480000000,28.1233625100
1.4490000000,28.4848548725
1.4500000000,28.8088105703
1.4510000000,29.0947210571
1.4520000000,29.3421268565
1.4530000000,29.5506184168
1.4540000000,29.7198369025
1.4550000000,29.8494749233
1.4560000000,29.9392771960
1.4570000000,29.9890411403
1.4580000000,29.9986174070
1.4590000000,29.9679103351
1.4600000000,29.8968783402
1.4610000000,29.7855342299
1.4620000000,29.6339454474
1.4630000000,29.4422342407
1.4640000000,29.2105777585
1.4650000000,28.9392080706
1.4660000000,28.6284121127
1.4670000000,28.2785315551
1.4680000000,27.8899625957
1.4690000000,27.4631556747
1.4700000000,26.9986151146
1.4710000000,26.4968986809
1.4720000000,25.9586170680
1.4730000000,25.3844333065
1.4740000000,24.7750620956
1.4750000000,24.1312690581
1.4760000000,23.4538699205
1.4770000000,22.7437296179
1.4780000000,22.0017613242
1.4790000000,21.2289254093
1.4800000000,20.4262283236
1.4810000000,19.5947214104
1.4820000000,18.7354996486
1.4830000000,17.8497003261
1.4840000000,16.9385016451
1.4850000000,16.0031212618
1.4860000000,15.0448147606
1.4870000000,14.0648740663
1.4880000000,13.0646257942
1.4890000000,12.0454295416
1.4900000000,11.0086761223
1.4910000000,9.9557857447
1.4920000000,8.8882061389
1.4930000000,7.8074106315
1.4940000000,6.7148961733
1.4950000000,5.6121813211
1.4960000000,4.5008041757
1.4970000000,3.3823202808
1.4980000000,2.2583004828
1.4990000000,1.1303287568
1.5000000000,0.0000000000
1.5010000000,-1.1310822033
1.5020000000,-2.2613078432
1.5030000000,-3.3890627683
1.5040000000,-4.5127309893
1.5050000000,-5.6306969992
1.5060000000,-6.7413481067
1.5070000000,-7.8430767790
1.5080000000,-8.9342829918
1.5090000000,-10.0133765819
1.5100000000,-11.0787795993
1.5110000000,-12.1289286554
1.5120000000,-13.1622772649
1.5130000000,-14.1772981750
1.5140000000,-15.1724856820
1.5150000000,-16.1463579290
1.5160000000,-17.0974591821
1.5170000000,-18.0243620826
1.5180000000,-18.9256698694
1.5190000000,-19.8000185699
1.5200000000,-20.6460791563
1.5210000000,-21.4625596613
1.5220000000,-22.2482072523
1.5230000000,-23.0018102600
1.5240000000,-23.7222001572
1.5250000000,-24.4082534850
1.5260000000,-25.0588937242
1.5270000000,-25.6730931065
1.5280000000,-26.2498743641
1.5290000000,-26.7883124144
1.5300000000,-27.2875359756
1.5310000000,-27.7467291119
1.5320000000,-28.1651327045
1.5330000000,-28.5420458454
1.5340000000,-28.8768271525
1.5350000000,-29.1688960017
1.5360000000,-29.4177336758
1.5370000000,-29.6228844256
1.5380000000,-29.7839564419
1.5390000000,-29.9006227376
1.5400000000,-29.9726219348
1.5410000000,-29.9997589585
1.5420000000,-29.9819056327
1.5430000000,-29.9190011779
1.5440000000,-29.8110526098
1.5450000000,-29.6581350357
1.5460000000,-29.4603918494
1.5470000000,-29.2180348224
1.5480000000,-28.9313440908
1.5490000000,-28.6006680375
1.5500000000,-28.2264230686
1.5510000000,-27.8090932846
1.5520000000,-27.3492300444
1.5530000000,-26.8474514239
1.5540000000,-26.3044415682
1.5550000000,-25.7209499380
1.5560000000,-25.0977904505
1.5570000000,-24.4358405157
1.5580000000,-23.7360399682
1.5590000000,-22.9993898962
1.5600000000,-22.2269513686
1.5610000000,-21.4198440610
1.5620000000,-20.5792447827
1.5630000000,-19.7063859060
1.5640000000,-18.8025536992
1.5650000000,-17.8690865665
1.5660000000,-16.9073731954
1.5670000000,-15.9188506147
1.5680000000,-14.9050021659
1.5690000000,-13.8673553892
1.5700000000,-12.8074798288
1.5710000000,-11.7269847588
1.5720000000,-10.6275168336
1.5730000000,-9.5107576653
1.5740000000,-8.3784213330
1.5750000000,-7.2322518250
1.5760000000,-6.0740204203
1.5770000000,-4.9055230108
1.5780000000,-3.7285773698
1.5790000000,-2.5450203695
1.5800000000,-1.3567051525
1.5810000000,-0.1654982615
1.5820000000,1.0267232692
1.5830000000,2.2180748555
1.5840000000,3.4066673339
1.5850000000,4.5906099561
1.5860000000,5.7680134030
1.5870000000,6.9369928142
1.5880000000,8.0956708266
1.5890000000,9.2421806188
1.5900000000,10.3746689550
1.5910000000,11.4912992253
1.5920000000,12.5902544747
1.5930000000,13.6697404190
1.5940000000,14.7279884398
1.5950000000,15.7632585553
1.5960000000,16.7738423607
1.5970000000,17.7580659351
1.5980000000,18.7142927064
1.5990000000,19.6409262736
1.6000000000,20.5364131779
1.6010000000,21.3992456195
1.6020000000,22.2279641153
1.6030000000,23.0211600915
1.6040000000,23.7774784077
1.6050000000,24.4956198074
1.6060000000,25.1743432897
1.6070000000,25.8124683990
1.6080000000,26.4088774268
1.6090000000,26.9625175227
1.6100000000,27.4724027101
1.6110000000,27.9376158016
1.6120000000,28.3573102121
1.6130000000,28.7307116639
1.6140000000,29.0571197816
1.6150000000,29.3359095728
1.6160000000,29.5665327914
1.6170000000,29.7485191807
1.6180000000,29.8814775928
1.6190000000,29.9650969820
1.6200000000,29.9991472702
1.6210000000,29.9834800805
1.6220000000,29.9180293382
1.6230000000,29.8028117370
1.6240000000,29.6379270682
1.6250000000,29.4235584121
1.6260000000,29.1599721896
1.6270000000,28.8475180738
1.6280000000,28.4866287600
1.6290000000,28.0778195941
1.6300000000,27.6216880592
1.6310000000,27.1189131191
1.6320000000,26.5702544212
1.6330000000,25.9765513563
1.6340000000,25.3387219782
1.6350000000,24.6577617835
1.6360000000,23.9347423522
1.6370000000,23.1708098505
1.6380000000,22.3671833980
1.6390000000,21.5251533015
1.6400000000,20.6460791563
1.6410000000,19.7313878185
1.6420000000,18.7825712501
1.6430000000,17.8011842411
1.6440000000,16.7888420100
1.6450000000,15.7472176874
1.6460000000,14.6780396857
1.6470000000,13.5830889586
1.6480000000,12.4641961553
1.6490000000,11.3232386720
1.6500000000,10.1621376074
1.6510000000,8.9828546243
1.6520000000,7.7873887251
1.6530000000,6.5777729433
1.6540000000,5.3560709581
1.6550000000,4.1243736377
1.6560000000,2.8847955155
1.6570000000,1.6394712060
1.6580000000,0.3905517662
1.6590000000,-0.8597989920
1.6600000000,-2.1094082312
1.6610000000,-3.3560978542
1.6620000000,-4.5976883000
1.6630000000,-5.8320023620
1.6640000000,-7.0568690230
1.6650000000,-8.2701273004
1.6660000000,-9.4696300940
1.6670000000,-10.6532480301
1.6680000000,-11.8188732952
1.6690000000,-12.9644234515
1.6700000000,-14.0878452285
1.6710000000,-15.1871182830
1.6720000000,-16.2602589204
1.6730000000,-17.3053237710
1.6740000000,-18.3204134139
1.6750000000,-19.3036759420
1.6760000000,-20.2533104608
1.6770000000,-21.1675705152
1.6780000000,-22.0447674361
1.6790000000,-22.8832736024
1.6800000000,-23.6815256093
1.6810000000,-24.4380273396
1.6820000000,-25.1513529283
1.6830000000,-25.8201496184
1.6840000000,-26.4431404980
1.6850000000,-27.0191271163
1.6860000000,-27.5469919703
1.6870000000,-28.0257008595
1.6880000000,-28.4543051004
1.6890000000,-28.8319435986
1.6900000000,-29.1578447721
1.6910000000,-29.4313283222
1.6920000000,-29.6518068466
1.6930000000,-29.8187872924
1.6940000000,-29.9318722444
1.6950000000,-29.9907610441
1.6960000000,-29.9952507390
1.6970000000,-29.9452368568
1.6980000000,-29.8407140027
1.6990000000,-29.6817762789
1.7000000000,-29.4686175219
1.7010000000,-29.2015313581
1.7020000000,-28.8809110757
1.7030000000,-28.5072493111
1.7040000000,-28.0811375512
1.7050000000,-27.6032654488
1.7060000000,-27.0744199534
1.7070000000,-26.4954842569
1.7080000000,-25.8674365542
1.7090000000,-25.1913486216
1.7100000000,-24.4683842126
1.7110000000,-23.6997972751
1.7120000000,-22.8869299892
1.7130000000,-22.0312106316
1.7140000000,-21.1341512663
1.7150000000,-20.1973452677
1.7160000000,-19.2224646769
1.7170000000,-18.2112573979
1.7180000000,-17.1655442350
1.7190000000,-16.0872157794
1.7200000000,-14.9782291464
1.7210000000,-13.8406045711
1.7220000000,-12.6764218669
1.7230000000,-11.4878167531
1.7240000000,-10.2769770570
1.7250000000,-9.0461387983
1.7260000000,-7.7975821611
1.7270000000,-6.5336273610
1.7280000000,-5.2566304152
1.7290000000,-3.9689788221
1.7300000000,-2.6730871580
1.7310000000,-1.3713926002
1.7320000000,-0.0663503828
1.7330000000,1.2395708052
1.7340000000,2.5438934713
1.7350000000,3.8441360123
1.7360000000,5.1378174392
1.7370000000,6.4224621251
1.7380000000,7.6956045682
1.7390000000,8.9547941588
1.7400000000,10.1975999437
1.7410000000,11.4216153758
1.7420000000,12.6244630426
1.7430000000,13.8037993620
1.7440000000,14.9573192368
1.7450000000,16.0827606592
1.7460000000,17.1779092553
1.7470000000,18.2406027601
1.7480000000,19.2687354152
1.7490000000,20.2602622779
1.7500000000,21.2132034356
1.7510000000,22.1256481135
1.7520000000,22.9957586694
1.7530000000,23.8217744660
1.7540000000,24.6020156118
1.7550000000,25.3348865636
1.7560000000,26.0188795819
1.7570000000,26.6525780316
1.7580000000,27.2346595202
1.7590000000,27.7638988674
1.7600000000,28.2391708973
1.7610000000,28.6594530489
1.7620000000,29.0238277960
1.7630000000,29.3314848730
1.7640000000,29.5817232990
1.7650000000,29.7739531963
1.7660000000,29.9076973973
1.7670000000,29.9825928361
1.7680000000,29.9983917205
1.7690000000,29.9549624802
1.7700000000,29.8522904885
1.7710000000,29.6904785546
1.7720000000,29.4697471837
1.7730000000,29.1904346028
1.7740000000,28.8529965520
1.7750000000,28.4580058388
1.7760000000,28.0061516546
1.7770000000,27.4982386559
1.7780000000,26.9351858066
1.7790000000,26.3180249862
1.7800000000,25.6478993626
1.7810000000,24.9260615324
1.7820000000,24.1538714305
1.7830000000,23.3327940134
1.7840000000,22.4643967167
1.7850000000,21.5503466932
1.7860000000,20.5924078350
1.7870000000,19.5924375831
1.7880000000,18.5523835320
1.7890000000,17.4742798333
1.7900000000,16.3602434046
1.7910000000,15.2124699510
1.7920000000,14.0332298055
1.7930000000,12.8248635963
1.7940000000,11.5897777483
1.7950000000,10.3304398270
1.7960000000,9.0493737343
1.7970000000,7.7491547641
1.7980000000,6.4324045278
1.7990000000,5.1017857589
1.8000000000,3.7599970069
1.8010000000,2.4097672313
1.8020000000,1.0538503047
1.8030000000,-0.3049805614
1.8040000000,-1.6639384603
1.8050000000,-3.0202284892
1.8060000000,-4.3710534940
1.8070000000,-5.7136198467
1.8080000000,-7.0451432450
1.8090000000,-8.3628545211
1.8100000000,-9.6640054475
1.8110000000,-10.9458745291
1.8120000000,-12.2057727669
1.8130000000,-13.4410493837
1.8140000000,-14.6490974976
1.8150000000,-15.8273597324
1.8160000000,-16.9733337510
1.8170000000,-18.0845777023
1.8180000000,-19.1587155666
1.8190000000,-20.1934423903
1.8200000000,-21.1865293957
1.8210000000,-22.1358289570
1.8220000000,-23.0392794283
1.8230000000,-23.8949098151
1.8240000000,-24.7008442768
1.8250000000,-25.4553064494
1.8260000000,-26.1566235803
1.8270000000,-26.8032304623
1.8280000000,-27.3936731594
1.8290000000,-27.9266125145
1.8300000000,-28.4008274300
1.8310000000,-28.8152179130
1.8320000000,-29.1688078774
1.8330000000,-29.4607476954
1.8340000000,-29.6903164910
1.8350000000,-29.8569241698
1.8360000000,-29.9601131784
1.8370000000,-29.9995599881
1.8380000000,-29.9750762989
1.8390000000,-29.8866099585
1.8400000000,-29.7342455928
1.8410000000,-29.5182049453
1.8420000000,-29.2388469229
1.8430000000,-28.8966673453
1.8440000000,-28.4922983980
1.8450000000,-28.0265077877
1.8460000000,-27.5001976001
1.8470000000,-26.9144028612
1.8480000000,-26.2702898027
1.8490000000,-25.5691538350
1.8500000000,-24.8124172282
1.8510000000,-24.0016265074
1.8520000000,-23.1384495629
1.8530000000,-22.2246724831
1.8540000000,-21.2621961132
1.8550000000,-20.2530323466
1.8560000000,-19.1993001554
1.8570000000,-18.1032213673
1.8580000000,-16.9671161960
1.8590000000,-15.7933985346
1.8600000000,-14.5845710200
1.8610000000,-13.3432198783
1.8620000000,-12.0720095616
1.8630000000,-10.7736771857
1.8640000000,-9.4510267810
1.8650000000,-8.1069233683
1.8660000000,-6.7442868701
1.8670000000,-5.3660858721
1.8680000000,-3.9753312455
1.8690000000,-2.5750696465
1.8700000000,-1.1683769030
1.8710000000,0.2416486937
1.8720000000,1.6518931805
1.8730000000,3.0592337812
1.8740000000,4.4605458180
1.8750000000,5.8527096605
1.8760000000,7.2326176967
1.8770000000,8.5971813109
1.8780000000,9.9433378517
1.8790000000,11.2680575763
1.8800000000,12.5683505540
1.8810000000,13.8412735121
1.8820000000,15.0839366118
1.8830000000,16.2935101346
1.8840000000,17.4672310654
1.8850000000,18.6024095578
1.8860000000,19.6964352634
1.8870000000,20.7467835130
1.8880000000,21.7510213325
1.8890000000,22.7068132804
1.8900000000,23.6119270918
1.8910000000,24.4642391148
1.8920000000,25.2617395264
1.8930000000,26.0025373142
1.8940000000,26.6848650111
1.8950000000,27.3070831710
1.8960000000,27.8676845737
1.8970000000,28.3652981480
1.8980000000,28.7986926013
1.8990000000,29.1667797475
1.9000000000,29.4686175219
1.9010000000,29.7034126759
1.9020000000,29.8705231427
1.9030000000,29.9694600657
1.9040000000,29.9998894858
1.9050000000,29.9616336781
1.9060000000,29.8546721360
1.9070000000,29.6791421963
1.9080000000,29.4353393029
1.9090000000,29.1237169062
1.9100000000,28.7448859957
1.9110000000,28.2996142658
1.9120000000,27.7888249137
1.9130000000,27.2135950709
1.9140000000,26.5751538691
1.9150000000,25.8748801431
1.9160000000,25.1142997752
1.9170000000,24.2950826822
1.9180000000,23.4190394545
1.9190000000,22.4881176483
1.9200000000,21.5043977415
1.9210000000,20.4700887591
1.9220000000,19.3875235763
1.9230000000,18.2591539093
1.9240000000,17.0875450033
1.9250000000,15.8753700292
1.9260000000,14.6254041994
1.9270000000,13.3405186157
1.9280000000,12.0236738630
1.9290000000,10.6779133606
1.9300000000,9.3063564881
1.9310000000,7.9121914980
1.9320000000,6.4986682333
1.9330000000,5.0690906648
1.9340000000,3.6268092647
1.9350000000,2.1752132346
1.9360000000,0.7177226057
1.9370000000,-0.7422197725
1.9380000000,-2.2011563335
1.9390000000,-3.6556229693
1.9400000000,-5.1021572583
1.9410000000,-6.5373067283
1.9420000000,-7.9576371339
1.9430000000,-9.3597407278
1.9440000000,-10.7402445081
1.9450000000,-12.0958184196
1.9460000000,-13.4231834905
1.9470000000,-14.7191198833
1.9480000000,-15.9804748410
1.9490000000,-17.2041705086
1.9500000000,-18.3872116096
1.9510000000,-19.5266929586
1.9520000000,-20.6198067914
1.9530000000,-21.6638498927
1.9540000000,-22.6562305033
1.9550000000,-23.5944749896
1.9560000000,-24.4762342568
1.9570000000,-25.2992898889
1.9580000000,-26.0615599991
1.9590000000,-26.7611047758
1.9600000000,-27.3961317063
1.9610000000,-27.9650004666
1.9620000000,-28.4662274614
1.9630000000,-28.8984900019
1.9640000000,-29.2606301094
1.9650000000,-29.5516579327
1.9660000000,-29.7707547690
1.9670000000,-29.9172756788
1.9680000000,-29.9907516863
1.9690000000,-29.9908915559
1.9700000000,-29.9175831410
1.9710000000,-29.7708942964
1.9720000000,-29.5510733520
1.9730000000,-29.2585491417
1.9740000000,-28.8939305883
1.9750000000,-28.4580058388
1.9760000000,-27.9517409538
1.9770000000,-27.3762781490
1.9780000000,-26.7329335915
1.9790000000,-26.0231947548
1.9800000000,-25.2487173347
1.9810000000,-24.4113217338
1.9820000000,-23.5129891186
1.9830000000,-22.5558570584
1.9840000000,-21.5422147540
1.9850000000,-20.4744978653
1.9860000000,-19.3552829497
1.9870000000,-18.1872815223
1.9880000000,-16.9733337510
1.9890000000,-15.7164017999
1.9900000000,-14.4195628369
1.9910000000,-13.0860017199
1.9920000000,-11.7190033794
1.9930000000,-10.3219449142
1.9940000000,-8.8982874196
1.9950000000,-7.4515675657
1.9960000000,-5.9853889479
1.9970000000,-4.5034132285
1.9980000000,-3.0093510909
1.9990000000,-1.5069530303
2.0000000000,-0.0000000000
2.0010000000,1.5077060602
2.0020000000,3.0123517925
2.0030000000,4.5101220611
2.0040000000,5.9972096407
2.0050000000,7.4698249279
2.0060000000,8.9242056513
2.0070000000,10.3566265561
2.0080000000,11.7634090365
2.0090000000,13.1409306927
2.0100000000,14.4856347866
2.0110000000,15.7940395715
2.0120000000,17.0627474710
2.0130000000,18.2884540833
2.0140000000,19.4679569853
2.0150000000,20.5981643147
2.0160000000,21.6761031045
2.0170000000,22.6989273490
2.0180000000,23.6639257776
2.0190000000,24.5685293153
2.0200000000,25.4103182084
2.0210000000,26.1870287956
2.0220000000,26.8965599051
2.0230000000,27.5369788578
2.0240000000,28.1065270601
2.0250000000,28.6036251696
2.0260000000,29.0268778163
2.0270000000,29.3750778666
2.0280000000,29.6472102151
2.0290000000,29.8424550920
2.0300000000,29.9601908754
2.0310000000,29.9999963972
2.0320000000,29.9616527357
2.0330000000,29.8451444851
2.0340000000,29.6506604980
2.0350000000,29.3785940942
2.0360000000,29.0295427337
2.0370000000,28.6043071511
2.0380000000,28.1038899511
2.0390000000,27.5294936661
2.0400000000,26.8825182771
2.0410000000,26.1645582033
2.0420000000,25.3773987638
2.0430000000,24.5230121190
2.0440000000,23.6035526993
2.0450000000,22.6213521306
2.0460000000,21.5789136670
2.0470000000,20.4789061437
2.0480000000,19.3241574625
2.0490000000,18.1176476260
2.0500000000,16.8625013356
2.0510000000,15.5619801715
2.0520000000,14.2194743729
2.0530000000,12.8384942383
2.0540000000,11.4226611676
2.0550000000,9.9756983667
2.0560000000,8.5014212395
2.0570000000,7.0037274899
2.0580000000,5.4865869600
2.0590000000,3.9540312295
2.0600000000,2.4101430040
2.0610000000,0.8590453193
2.0620000000,-0.6951094109
2.0630000000,-2.2481504731
2.0640000000,-3.7959000316
2.0650000000,-5.3341843722
2.0660000000,-6.8588451856
2.0670000000,-8.3657508571
2.0680000000,-9.8508077339
2.0690000000,-11.3099713379
2.0700000000,-12.7392574942
2.0710000000,-14.1347533443
2.0720000000,-15.4926282128
2.0730000000,-16.8091442976
2.0740000000,-18.0806671541
2.0750000000,-19.3036759420
2.0760000000,-20.4747734069
2.0770000000,-21.5906955675
2.0780000000,-22.6483210798
2.0790000000,-23.6446802517
2.0800000000,-24.5769636805
2.0810000000,-25.4425304883
2.0820000000,-26.2389161302
2.0830000000,-26.9638397514
2.0840000000,-27.6152110708
2.0850000000,-28.1911367691
2.0860000000,-28.6899263619
2.0870000000,-29.1100975385
2.0880000000,-29.4503809480
2.0890000000,-29.7097244179
2.0900000000,-29.8872965900
2.0910000000,-29.9824899595
2.0920000000,-29.9949233071
2.0930000000,-29.9244435136
2.0940000000,-29.7711267482
2.0950000000,-29.5352790248
2.0960000000,-29.2174361206
2.0970000000,-28.8183628542
2.0980000000,-28.3390517227
2.0990000000,-27.7807208961
2.1000000000,-27.1448115740
2.1010000000,-26.4329847059
2.1020000000,-25.6471170836
2.1030000000,-24.7892968112
2.1040000000,-23.8618181633
2.1050000000,-22.8671758429
2.1060000000,-21.8080586508
2.1070000000,-20.6873425825
2.1080000000,-19.5080833689
2.1090000000,-18.2735084777
2.1100000000,-16.9870085975
2.1110000000,-15.6521286239
2.1120000000,-14.2725581715
2.1130000000,-12.8521216365
2.1140000000,-11.3947678348
2.1150000000,-9.9045592442
2.1160000000,-8.3856608773
2.1170000000,-6.8423288169
2.1180000000,-5.2788984431
2.1190000000,-3.6997723853
2.1200000000,-2.1094082312
2.1210000000,-0.5123060269
2.1220000000,1.0870043966
2.1230000000,2.6839762369
2.1240000000,4.2740586357
2.1250000000,5.8527096605
2.1260000000,7.4154093168
2.1270000000,8.9576725517
2.1280000000,10.4750622128
2.1290000000,11.9632019243
2.1300000000,13.4177888429
2.1310000000,14.8346062564
2.1320000000,16.2095359875
2.1330000000,17.5385705658
2.1340000000,18.8178251325
2.1350000000,20.0435490405
2.1360000000,21.2121371169
2.1370000000,22.3201405508
2.1380000000,23.3642773756
2.1390000000,24.3414425109
2.1400000000,25.2487173347
2.1410000000,26.0833787536
2.1420000000,26.8429077438
2.1430000000,27.5249973342
2.1440000000,28.1275600050
2.1450000000,28.6487344797
2.1460000000,29.0868918836
2.1470000000,29.4406412513
2.1480000000,29.7088343616
2.1490000000,29.8905698825
2.1500000000,29.9851968110
2.1510000000,29.9923171939
2.1520000000,29.9117881177
2.1530000000,29.7437229585
2.1540000000,29.4884918832
2.1550000000,29.1467215985
2.1560000000,28.7192943434
2.1570000000,28.2073461242
2.1580000000,27.6122641941
2.1590000000,26.9356837808
2.1600000000,26.1794840671
2.1610000000,25.3457834341
2.1620000000,24.4369339759
2.1630000000,23.4555152991
2.1640000000,22.4043276225
2.1650000000,21.2863841919
2.1660000000,20.1049030320
2.1670000000,18.8632980536
2.1680000000,17.5651695419
2.1690000000,16.2142940493
2.1700000000,14.8146137213
2.1710000000,13.3702250827
2.1720000000,11.8853673179
2.1730000000,10.3644100739
2.1740000000,8.8118408239
2.1750000000,7.2322518250
2.1760000000,5.6303267074
2.1770000000,4.0108267345
2.1780000000,2.3785767722
2.1790000000,0.7384510094
2.1800000000,-0.9046415286
2.1810000000,-2.5457716329
2.1820000000,-4.1800046832
2.1830000000,-5.8024154995
2.1840000000,-7.4081032247
2.1850000000,-8.9922061963
2.1860000000,-10.5499167603
2.1870000000,-12.0764959829
2.1880000000,-13.5672882144
2.1890000000,-15.0177354601
2.1900000000,-16.4233915145
2.1910000000,-17.7799358134
2.1920000000,-19.0831869609
2.1930000000,-20.3291158878
2.1940000000,-21.5138586010
2.1950000000,-22.6337284803
2.1960000000,-23.6852280852
2.1970000000,-24.6650604315
2.1980000000,-25.5701397009
2.1990000000,-26.3976013487
2.2000000000,-27.1448115740
2.2010000000,-27.8093761218
2.2020000000,-28.3891483850
2.2030000000,-28.8822367796
2.2040000000,-29.2870113646
2.2050000000,-29.6021096847
2.2060000000,-29.8264418119
2.2070000000,-29.9591945684
2.2080000000,-29.9998349109
2.2090000000,-29.9481124651
2.2100000000,-29.8040611955
2.2110000000,-29.5680002020
2.2120000000,-29.2405336369
2.2130000000,-28.8225497379
2.2140000000,-28.3152189751
2.2150000000,-27.7199913139
2.2160000000,-27.0385925988
2.2170000000,-26.2730200628
2.2180000000,-25.4255369740
2.2190000000,-24.4986664315
2.2200000000,-23.4951843248
2.2210000000,-22.4181114757
2.2220000000,-21.2707049824
2.2230000000,-20.0564487900
2.2240000000,-18.7790435115
2.2250000000,-17.4423955296
2.2260000000,-16.0506054083
2.2270000000,-14.6079556478
2.2280000000,-13.1188978191
2.2290000000,-11.5880391134
2.2300000000,-10.0201283485
2.2310000000,-8.4200414718
2.2320000000,-6.7927666041
2.2330000000,-5.1433886683
2.2340000000,-3.4770736516
2.2350000000,-1.7990525463
2.2360000000,-0.1146050212
2.2370000000,1.5709571270
2.2380000000,3.2523066920
2.2390000000,4.9241178906
2.2400000000,6.5810832602
2.2410000000,8.2179305654
2.2420000000,9.8294396603
2.2430000000,11.4104592533
2.2440000000,12.9559235192
2.2450000000,14.4608685056
2.2460000000,15.9204482803
2.2470000000,17.3299507657
2.2480000000,18.6848132086
2.2490000000,19.9806372346
2.2500000000,21.2132034356
2.2510000000,22.3784854415
2.2520000000,23.4726634295
2.2530000000,24.4921370229
2.2540000000,25.4335375366
2.2550000000,26.2937395253
2.2560000000,27.0698715949
2.2570000000,27.7593264374
2.2580000000,28.3597700539
2.2590000000,28.8691501321
2.2600000000,29.2857035459
2.2610000000,29.6079629497
2.2620000000,29.8347624412
2.2630000000,29.9652422695
2.2640000000,29.9988525687
2.2650000000,29.9353561006
2.2660000000,29.7748299921
2.2670000000,29.5176664570
2.2680000000,29.1645724949
2.2690000000,28.7165685633
2.2700000000,28.1749862225
2.2710000000,27.5414647548
2.2720000000,26.8179467663
2.2730000000,26.0066727783
2.2740000000,25.1101748229
2.2750000000,24.1312690581
2.2760000000,23.0730474227
2.2770000000,21.9388683527
2.2780000000,20.7323465858
2.2790000000,19.4573420836
2.2800000000,18.1179481029
2.2810000000,16.7184784516
2.2820000000,15.2634539677
2.2830000000,13.7575882618
2.2840000000,12.2057727669
2.2850000000,10.6130611422
2.2860000000,8.9846530781
2.2870000000,7.3258775542
2.2880000000,5.6421756038
2.2890000000,3.9390826378
2.2900000000,2.2222103866
2.2910000000,0.4972285170
2.2920000000,-1.2301540150
2.2930000000,-2.9542078169
2.2940000000,-4.6692020532
2.2950000000,-6.3694235187
2.2960000000,-8.0491957287
2.2970000000,-9.7028979599
2.2980000000,-11.3249841817
2.2990000000,-12.9100018100
2.3000000000,-14.4526102231
2.3010000000,-15.9475989741
2.3020000000,-17.3899056391
2.3030000000,-18.7746332377
2.3040000000,-20.0970671658
2.3050000000,-21.3526915827
2.3060000000,-22.5372051920
2.3070000000,-23.6465363626
2.3080000000,-24.6768575344
2.3090000000,-25.6245988566
2.3100000000,-26.4864610097
2.3110000000,-27.2594271626
2.3120000000,-27.9407740214
2.3130000000,-28.5280819275
2.3140000000,-29.0192439659
2.3150000000,-29.4124740490
2.3160000000,-29.7063139430
2.3170000000,-29.8996392071
2.3180000000,-29.9916640223
2.3190000000,-29.9819448861
2.3200000000,-29.8703831551
2.3210000000,-29.6572264234
2.3220000000,-29.3430687243
2.3230000000,-28.9288495500
2.3240000000,-28.4158516870
2.3250000000,-27.8056978692
2.3260000000,-27.1003462542
2.3270000000,-26.3020847327
2.3280000000,-25.4135240855
2.3290000000,-24.4375900057
2.3300000000,-23.3775140081
2.3310000000,-22.2368232532
2.3320000000,-21.0193293126
2.3330000000,-19.7291159140
2.3340000000,-18.3705256985
2.3350000000,-16.9481460356
2.3360000000,-15.4667939370
2.3370000000,-13.9315001199
2.3380000000,-12.3474922687
2.3390000000,-10.7201775513
2.3400000000,-9.0551244456
2.3410000000,-7.3580439374
2.3420000000,-5.6347701504
2.3430000000,-3.8912404749
2.3440000000,-2.1334752610
2.3450000000,-0.3675571442
2.3460000000,1.4003899239
2.3470000000,3.1642218709
2.3480000000,4.9177958492
2.3490000000,6.6549916602
2.3500000000,8.3697331812
2.3510000000,10.0560097200
2.3520000000,11.7078972231
2.3530000000,13.3195792614
2.3540000000,14.8853677185
2.3550000000,16.3997231088
2.3560000000,17.8572744510
2.3570000000,19.2528386255
2.3580000000,20.5814391449
2.3590000000,21.8383242688
2.3600000000,23.0189843966
2.3610000000,24.1191686714
2.3620000000,25.1349007360
2.3630000000,26.0624935772
2.3640000000,26.8985634059
2.3650000000,27.6400425158
2.3660000000,28.2841910721
2.3670000000,28.8286077838
2.3680000000,29.2712394141
2.3690000000,29.6103890932
2.3700000000,29.8447233955
2.3710000000,29.9732781507
2.3720000000,29.9954629641
2.3730000000,29.9110644216
2.3740000000,29.7202479633
2.3750000000,29.4235584121
2.3760000000,29.0219191500
2.3770000000,28.5166299376
2.3780000000,27.9093633796
2.3790000000,27.2021600415
2.3800000000,26.3974222299
2.3810000000,25.4979064517
2.3820000000,24.5067145734
2.3830000000,23.4272837067
2.3840000000,22.2633748504
2.3850000000,21.0190603238
2.3860000000,19.6987100320
2.3870000000,18.3069766064
2.3880000000,16.8487794693
2.3890000000,15.3292878753
2.3900000000,13.7539029861
2.3910000000,12.1282390387
2.3920000000,10.4581036724
2.3930000000,8.7494774798
2.3940000000,7.0084928548
2.3950000000,5.2414122101
2.3960000000,3.4546056399
2.3970000000,1.6545281084
2.3980000000,-0.1523037576
2.3990000000,-1.9593351863
2.4000000000,-3.7599970069
2.4010000000,-5.5477295372
2.4020000000,-7.3160065252
2.4030000000,-9.0583590599
2.4040000000,-10.7683993614
2.4050000000,-12.4398443629
2.4060000000,-14.0665389988
2.4070000000,-15.6424791103
2.4080000000,-17.1618338831
2.4090000000,-18.6189677334
2.4100000000,-20.0084615584
2.4110000000,-21.3251332700
2.4120000000,-22.5640575333
2.4130000000,-23.7205846340
2.4140000000,-24.7903583989
2.4150000000,-25.7693331023
2.4160000000,-26.6537892877
2.4170000000,-27.4403484445
2.4180000000,-28.1259864774
2.4190000000,-28.7080459147
2.4200000000,-29.1842468052
2.4210000000,-29.5526962539
2.4220000000,-29.8118965599
2.4230000000,-29.9607519148
2.4240000000,-29.9985736340
2.4250000000,-29.9250838925
2.4260000000,-29.7404179458
2.4270000000,-29.4451248198
2.4280000000,-29.0401664602
2.4290000000,-28.5269153390
2.4300000000,-27.9071505180
2.4310000000,-27.1830521785
2.4320000000,-26.3571946299
2.4330000000,-25.4325378176
2.4340000000,-24.4124173538
2.4350000000,-23.3005331028
2.4360000000,-22.1009363576
2.4370000000,-20.8180156484
2.4380000000,-19.4564812315
2.4390000000,-18.0213483099
2.4400000000,-16.5179190441
2.4410000000,-14.9517634152
2.4420000000,-13.3286990071
2.4430000000,-11.6547697791
2.4440000000,-9.9362239062
2.4450000000,-8.1794907644
2.4460000000,-6.3911571464
2.4470000000,-4.5779427929
2.4480000000,-2.7466753308
2.4490000000,-0.9042647089
2.4500000000,0.9423227723
2.4510000000,2.7860907405
2.4520000000,4.6200392426
2.4530000000,6.4371913465
2.4540000000,8.2306197537
2.4550000000,9.9934733192
2.4560000000,11.7190033794
2.4570000000,13.4005897846
2.4580000000,15.0317665366
2.4590000000,16.6062469307
2.4600000000,18.1179481029
2.4610000000,19.5610148879
2.4620000000,20.9298428900
2.4630000000,22.2191006776
2.4640000000,23.4237510106
2.4650000000,24.5390710148
2.4660000000,25.5606712214
2.4670000000,26.4845133927
2.4680000000,27.3069270607
2.4690000000,28.0246247073
2.4700000000,28.6347155236
2.4710000000,29.1347176870
2.4720000000,29.5225691030
2.4730000000,29.7966365627
2.4740000000,29.9557232740
2.4750000000,29.9990747293
2.4760000000,29.9263828809
2.4770000000,29.7377885981
2.4780000000,29.4338823913
2.4790000000,29.0157033907
2.4800000000,28.4847365773
2.4810000000,27.8429082675
2.4820000000,27.0925798626
2.4830000000,26.2365398798
2.4840000000,25.2779942874
2.4850000000,24.2205551745
2.4860000000,23.0682277933
2.4870000000,21.8253960166
2.4880000000,20.4968062597
2.4890000000,19.0875499255
2.4900000000,17.6030444317
2.4910000000,16.0490128921
2.4920000000,14.4314625218
2.4930000000,12.7566618501
2.4940000000,11.0311168217
2.4950000000,9.2615458774
2.4960000000,7.4548541082
2.4970000000,5.6181065795
2.4980000000,3.7585009285
2.4990000000,1.8833393385
2.5000000000,-0.0000000000
2.5010000000,-1.8840918329
2.5020000000,-3.7614930759
2.5030000000,-5.6247722237
2.5040000000,-7.4665388201
2.5050000000,-9.2794728701
2.5060000000,-11.0563540792
2.5070000000,-12.7900908007
2.5080000000,-14.4737485762
2.5090000000,-16.1005781520
2.5100000000,-17.6640428600
2.5110000000,-19.1578452475
2.5120000000,-20.5759528496
2.5130000000,-21.9126229955
2.5140000000,-23.1624265458
2.5150000000,-24.3202704605
2.5160000000,-25.3814191037
2.5170000000,-26.3415141921
2.5180000000,-27.1965933025
2.5190000000,-27.9431068577
2.5200000000,-28.5779335147
2.5210000000,-29.0983938885
2.5220000000,-29.5022625461
2.5230000000,-29.7877782177
2.5240000000,-29.9536521742
2.5250000000,-29.9990747293
2.5260000000,-29.9237198339
2.5270000000,-29.7277477321
2.5280000000,-29.4118056636
2.5290000000,-28.9770265985
2.5300000000,-28.4250260017
2.5310000000,-27.7578966324
2.5320000000,-26.9782013896
2.5330000000,-26.0889642257
2.5340000000,-25.0936591554
2.5350000000,-23.9961973979
2.5360000000,-22.8009126946
2.5370000000,-21.5125448560
2.5380000000,-20.1362215962
2.5390000000,-18.6774387220
2.5400000000,-17.1420387505
2.5410000000,-15.5361880347
2.5420000000,-13.8663524862
2.5430000000,-12.1392719864
2.5440000000,-10.3619335859
2.5450000000,-8.5415435973
2.5460000000,-6.6854986901
2.5470000000,-4.8013561035
2.5480000000,-2.8968030933
2.5490000000,-0.9796257380
2.5500000000,0.9423227723
2.5510000000,2.8611542353
2.5520000000,4.7689777927
2.5530000000,6.6579324127
2.5540000000,8.5202193631
2.5550000000,10.3481345430
2.5560000000,12.1341005365
2.5570000000,13.8706982565
2.5580000000,15.5506980453
2.5590000000,17.1670900998
2.5600000000,18.7131140935
2.5610000000,20.1822878685
2.5620000000,21.5684350736
2.5630000000,22.8657116301
2.5640000000,24.0686309100
2.5650000000,25.1720875154
2.5660000000,26.1713795546
2.5670000000,27.0622293164
2.5680000000,27.8408022474
2.5690000000,28.5037241479
2.5700000000,29.0480965056
2.5710000000,29.4715098952
2.5720000000,29.7720553801
2.5730000000,29.9483338590
2.5740000000,29.9994633099
2.5750000000,29.9250838925
2.5760000000,29.7253608775
2.5770000000,29.4009853818
2.5780000000,28.9531728973
2.5790000000,28.3836596092
2.5800000000,27.6946965109
2.5810000000,26.8890413304
2.5820000000,25.9699482927
2.5830000000,24.9411557525
2.5840000000,23.8068717404
2.5850000000,22.5717574751
2.5860000000,21.2409089012
2.5870000000,19.8198363247
2.5880000000,18.3144422225
2.5890000000,16.7309973131
2.5900000000,15.0761149828
2.5910000000,13.3567241679
2.5920000000,11.5800408036
2.5930000000,9.7535379529
2.5940000000,7.8849147384
2.5950000000,5.9820642036
2.5960000000,4.0530402371
2.5970000000,2.1060236953
2.5980000000,0.1492878668
2.5990000000,-1.8088365787
2.6000000000,-3.7599970069
2.6010000000,-5.6958544538
2.6020000000,-7.6081193240
2.6030000000,-9.4885870020
2.6040000000,-11.3291732226
2.6050000000,-13.1219490471
2.6060000000,-14.8591752938
2.6070000000,-16.5333362730
2.6080000000,-18.1371726765
2.6090000000,-19.6637134787
2.6100000000,-21.1063067063
2.6110000000,-22.4586489391
2.6120000000,-23.7148134099
2.6130000000,-24.8692765754
2.6140000000,-25.9169430371
2.6150000000,-26.8531686986
2.6160000000,-27.6737820486
2.6170000000,-28.3751034734
2.6180000000,-28.9539625034
2.6190000000,-29.4077129121
2.6200000000,-29.7342455928
2.6210000000,-29.9319991464
2.6220000000,-29.9999681267
2.6230000000,-29.9377088950
2.6240000000,-29.7453430507
2.6250000000,-29.4235584121
2.6260000000,-28.9736075312
2.6270000000,-28.3973037415
2.6280000000,-27.6970147434
2.6290000000,-26.8756537462
2.6300000000,-25.9366681944
2.6310000000,-24.8840261180
2.6320000000,-23.7222001572
2.6330000000,-22.4561493202
2.6340000000,-21.0912985469
2.6350000000,-19.6335161568
2.6360000000,-18.0890892735
2.6370000000,-16.4646973234
2.6380000000,-14.7673837196
2.6390000000,-13.0045258452
2.6400000000,-11.1838034648
2.6410000000,-9.3131656932
2.6420000000,-7.4007966648
2.6430000000,-5.4550800466
2.6440000000,-3.4845625502
2.6450000000,-1.4979165971
2.6460000000,0.4960976987
2.6470000000,2.4886710662
2.6480000000,4.4709839619
2.6490000000,6.4342456322
2.6500000000,8.3697331812
2.6510000000,10.2688304690
2.6520000000,12.1230666693
2.6530000000,13.9241543098
2.6540000000,15.6640266269
2.6550000000,17.3348740637
2.6560000000,18.9291797440
2.6570000000,20.4397537627
2.6580000000,21.8597661307
2.6590000000,23.1827782243
2.6600000000,24.4027725904
2.6610000000,25.5141809686
2.6620000000,26.5119103950
2.6630000000,27.3913672659
2.6640000000,28.1484792418
2.6650000000,28.7797148860
2.6660000000,29.2821009400
2.6670000000,29.6532371484
2.6680000000,29.8913085550
2.6690000000,29.9950952064
2.6700000000,29.9639792067
2.6710000000,29.7979490826
2.6720000000,29.4976014251
2.6730000000,29.0641397929
2.6740000000,28.4993708675
2.6750000000,27.8056978692
2.6760000000,26.9861112501
2.6770000000,26.0441766966
2.6780000000,24.9840204845
2.6790000000,23.8103122411
2.6800000000,22.5282451844
2.6810000000,21.1435139159
2.6820000000,19.6622898603
2.6830000000,18.0911944535
2.6840000000,16.4372701908
2.6850000000,14.7079496610
2.6860000000,12.9110226966
2.6870000000,11.0546017841
2.6880000000,9.1470858853
2.6890000000,7.1971228280
2.6900000000,5.2135704323
2.6910000000,3.2054565458
2.6920000000,1.1819381667
2.6930000000,-0.8477401626
2.6940000000,-2.8742885022
2.6950000000,-4.8884140109
2.6960000000,-6.8808635977
2.6970000000,-8.8424665337
2.6980000000,-10.7641768265
2.6990000000,-12.6371151629
2.7000000000,-14.4526102231
2.7010000000,-16.2022391742
2.7020000000,-17.8778671523
2.7030000000,-19.4716855463
2.7040000000,-20.9762489026
2.7050000000,-22.3845102723
2.7060000000,-23.6898548336
2.7070000000,-24.8861316240
2.7080000000,-25.9676832286
2.7090000000,-26.9293732788
2.7100000000,-27.7666116235
2.7110000000,-28.4753770478
2.7120000000,-29.0522374222
2.7130000000,-29.4943671793
2.7140000000,-29.7995620245
2.7150000000,-29.9662508022
2.7160000000,-29.9935044493
2.7170000000,-29.8810419832
2.7180000000,-29.6292334846
2.7190000000,-29.2391000478
2.7200000000,-28.7123106872
2.7210000000,-28.0511762028
2.7220000000,-27.2586400194
2.7230000000,-26.3382660320
2.7240000000,-25.2942235013
2.7250000000,-24.1312690581
2.7260000000,-22.8547258910
2.7270000000,-21.4704602019
2.7280000000,-19.9848550301
2.7290000000,-18.4047815582
2.7300000000,-16.7375680234
2.7310000000,-14.9909663728
2.7320000000,-13.1731168097
2.7330000000,-11.2925103906
2.7340000000,-9.3579498414
2.7350000000,-7.3785087715
2.7360000000,-5.3634894721
2.7370000000,-3.3223794927
2.7380000000,-1.2648071973
2.7390000000,0.7995034935
2.7400000000,2.8607789624
2.7410000000,4.9092421419
2.7420000000,6.9351589302
2.7430000000,8.9288845540
2.7440000000,10.8809096597
2.7450000000,12.7819059105
2.7460000000,14.6227708713
2.7470000000,16.3946719629
2.7480000000,18.0890892735
2.7490000000,19.6978570171
2.7500000000,21.2132034356
2.7510000000,22.6277889473
2.7520000000,23.9347423522
2.7530000000,25.1276949129
2.7540000000,26.2008121383
2.7550000000,27.1488231097
2.7560000000,27.9670471977
2.7570000000,28.6514180314
2.7580000000,29.1985045928
2.7590000000,29.6055293253
2.7600000000,29.8703831551
2.7610000000,29.9916373414
2.7620000000,29.9685520867
2.7630000000,29.8010818512
2.7640000000,29.4898773328
2.7650000000,29.0362840910
2.7660000000,28.4423378061
2.7670000000,27.7107561851
2.7680000000,26.8449275387
2.7690000000,25.8488960729
2.7700000000,24.7273439517
2.7710000000,23.4855702071
2.7720000000,22.1294665850
2.7730000000,20.6654904330
2.7740000000,19.1006347495
2.7750000000,17.4423955296
2.7760000000,15.6987365556
2.7770000000,13.8780517937
2.7780000000,11.9891255708
2.7790000000,10.0410907178
2.7800000000,8.0433848747
2.7810000000,6.0057051648
2.7820000000,3.9379614533
2.7830000000,1.8502284128
2.7840000000,-0.2473033727
2.7850000000,-2.3443770313
2.7860000000,-4.4307195112
2.7870000000,-6.4960919306
2.7880000000,-8.5303399233
2.7890000000,-10.5234437303
2.7900000000,-12.4655677922
2.7910000000,-14.3471095952
2.7920000000,-16.1587475261
2.7930000000,-17.8914874982
2.7940000000,-19.5367081115
2.7950000000,-21.0862041194
2.7960000000,-22.5322279793
2.7970000000,-23.8675292758
2.7980000000,-25.0853918104
2.7990000000,-26.1796681676
2.8000000000,-27.1448115740
2.8010000000,-27.9759048824
2.8020000000,-28.6686865264
2.8030000000,-29.2195733034
2.8040000000,-29.6256798610
2.8050000000,-29.8848347776
2.8060000000,-29.9955931416
2.8070000000,-29.9572455556
2.8080000000,-29.7698235044
2.8090000000,-29.4341010465
2.8100000000,-28.9515928074
2.8110000000,-28.3245482679
2.8120000000,-27.5559423633
2.8130000000,-26.6494624259
2.8140000000,-25.6094915206
2.8150000000,-24.4410882446
2.8160000000,-23.1499630771
2.8170000000,-21.7424513855
2.8180000000,-20.2254832102
2.8190000000,-18.6065499657
2.8200000000,-16.8936682163
2.8210000000,-15.0953406947
2.8220000000,-13.2205147495
2.8230000000,-11.2785384226
2.8240000000,-9.2791143661
2.8250000000,-7.2322518250
2.8260000000,-5.1482169191
2.8270000000,-3.0374814701
2.8280000000,-0.9106706252
2.8290000000,1.2214904607
2.8300000000,3.3482306189
2.8310000000,5.4587870660
2.8320000000,7.5424599334
2.8330000000,9.5886666513
2.8340000000,11.5869959105
2.8350000000,13.5272609261
2.8360000000,15.3995517301
2.8370000000,17.1942862213
2.8380000000,18.9022597107
2.8390000000,20.5146927006
2.8400000000,22.0232766497
2.8410000000,23.4202174822
2.8420000000,24.6982766082
2.8430000000,25.8508092389
2.8440000000,26.8717997881
2.8450000000,27.7558941691
2.8460000000,28.4984288076
2.8470000000,29.0954562115
2.8480000000,29.5437669519
2.8490000000,29.8409079283
2.8500000000,29.9851968110
2.8510000000,29.9757325706
2.8520000000,29.8124020261
2.8530000000,29.4958823625
2.8540000000,29.0276395879
2.8550000000,28.4099229255
2.8560000000,27.6457551499
2.8570000000,26.7389189053
2.8580000000,25.6939390583
2.8590000000,24.5160611630
2.8600000000,23.2112261333
2.8610000000,21.7860412400
2.8620000000,20.2477475679
2.8630000000,18.6041840888
2.8640000000,16.8637485224
2.8650000000,15.0353551770
2.8660000000,13.1283899771
2.8670000000,11.1526629000
2.8680000000,9.1183580596
2.8690000000,7.0359816882
2.8700000000,4.9163082774
2.8710000000,2.7703251549
2.8720000000,0.6091757763
2.8730000000,-1.5558979737
2.8740000000,-3.7136141755
2.8750000000,-5.8527096605
2.8760000000,-7.9619988838
2.8770000000,-10.0304325750
2.8780000000,-12.0471558596
2.8790000000,-14.0015655449
2.8800000000,-15.8833662660
2.8810000000,-17.6826251934
2.8820000000,-19.3898250094
2.8830000000,-20.9959148688
2.8840000000,-22.4923590668
2.8850000000,-23.8711831515
2.8860000000,-25.1250172263
2.8870000000,-26.2471362044
2.8880000000,-27.2314967922
2.8890000000,-28.0727709921
2.8900000000,-28.7663759362
2.8910000000,-29.3084998790
2.8920000000,-29.6961241961
2.8930000000,-29.9270412588
2.8940000000,-29.9998680727
2.8950000000,-29.9140555932
2.8960000000,-29.6698936512
2.8970000000,-29.2685114471
2.8980000000,-28.7118735920
2.8990000000,-28.0027717023
2.9000000000,-27.1448115740
2.9010000000,-26.1423959882
2.9020000000,-25.0007032238
2.9030000000,-23.7256613745
2.9040000000,-22.3239185915
2.9050000000,-20.8028093950
2.9060000000,-19.1703172198
2.9070000000,-17.4350333806
2.9080000000,-15.6061126626
2.9090000000,-13.6932257622
2.9100000000,-11.7065088204
2.9110000000,-9.6565103093
2.9120000000,-7.5541355441
2.9130000000,-5.4105891111
2.9140000000,-3.2373155128
2.9150000000,-1.0459383408
2.9160000000,1.1518017007
2.9170000000,3.3441095930
2.9180000000,5.5191992866
2.9190000000,7.6653571321
2.9200000000,9.7710051174
2.9210000000,11.8247635687
2.9220000000,13.8155129747
2.9230000000,15.7324545983
2.9240000000,17.5651695419
2.9250000000,19.3036759420
2.9260000000,20.9384839767
2.9270000000,22.4606483789
2.9280000000,23.8618181633
2.9290000000,25.1342832845
2.9300000000,26.2710179633
2.9310000000,27.2657204335
2.9320000000,28.1128488779
2.9330000000,28.8076533462
2.9340000000,29.3462034644
2.9350000000,29.7254117696
2.9360000000,29.9430525263
2.9370000000,29.9977759058
2.9380000000,29.8891174319
2.9390000000,29.6175026258
2.9400000000,29.1842468052
2.9410000000,28.5915500211
2.9420000000,27.8424871426
2.9430000000,26.9409931239
2.9440000000,25.8918435181
2.9450000000,24.7006303259
2.9460000000,23.3737332942
2.9470000000,21.9182868054
2.9480000000,20.3421425227
2.9490000000,18.6538279811
2.9500000000,16.8625013356
2.9510000000,14.9779025035
2.9520000000,13.0103009543
2.9530000000,10.9704404231
2.9540000000,8.8694808419
2.9550000000,6.7189377972
2.9560000000,4.5306198409
2.9570000000,2.3165639909
2.9580000000,0.0889697735
2.9590000000,-2.1398678345
2.9600000000,-4.3576261963
2.9610000000,-6.5520231649
2.9620000000,-8.7108852156
2.9630000000,-10.8222151841
2.9640000000,-12.8742592312
2.9650000000,-14.8555726605
2.9660000000,-16.7550842176
2.9670000000,-18.5621585088
2.9680000000,-20.2666561836
2.9690000000,-21.8589915377
2.9700000000,-23.3301872069
2.9710000000,-24.6719256342
2.9720000000,-25.8765970119
2.9730000000,-26.9373434184
2.9740000000,-27.8480988871
2.9750000000,-28.6036251696
2.9760000000,-29.1995429772
2.9770000000,-29.6323585080
2.9780000000,-29.8994850937
2.9790000000,-29.9992598277
2.9800000000,-29.9309550613
2.9810000000,-29.6947846848
2.9820000000,-29.2919051398
2.9830000000,-28.7244111362
2.9840000000,-27.9953260793
2.9850000000,-27.1085872417
2.9860000000,-26.0690257426
2.9870000000,-24.8823414303
2.9880000000,-23.5550727895
2.9890000000,-22.0945620246
2.9900000000,-20.5089155004
2.9910000000,-18.8069597446
2.9920000000,-16.9981932458
2.9930000000,-15.0927343045
2.9940000000,-13.1012652176
2.9950000000,-11.0349730988
2.9960000000,-8.9054876600
2.9970000000,-6.7248162937
2.9980000000,-4.5052768162
2.9990000000,-2.2594282456
3.0000000000,-0.0000000000
3.0010000000,2.2601800857
3.0020000000,4.5082585196
3.0030000000,6.7314292772
3.0040000000,8.9170068744
3.0050000000,11.0524989723
3.0060000000,13.1256780977
3.0070000000,15.1246520651
3.0080000000,17.0379326943
3.0090000000,18.8545024229
3.0100000000,20.5638784255
3.0110000000,22.1561738627
3.0120000000,23.6221558978
3.0130000000,24.9533001376
3.0140000000,26.1418411709
3.0150000000,27.1808189005
3.0160000000,28.0641203864
3.0170000000,28.7865169439
3.0180000000,29.3436962655
3.0190000000,29.7322893630
3.0200000000,29.9498921561
3.0210000000,29.9950815634
3.0220000000,29.8674259824
3.0230000000,29.5674900785
3.0240000000,29.0968338334
3.0250000000,28.4580058388
3.0260000000,27.6545308514
3.0270000000,26.6908916630
3.0280000000,25.5725053673
3.0290000000,24.3056941426
3.0300000000,22.8976506990
3.0310000000,21.3563985715
3.0320000000,19.6907474711
3.0330000000,17.9102439357
3.0340000000,16.0251175494
3.0350000000,14.0462230298
3.0360000000,11.9849785024
3.0370000000,9.8533003113
3.0380000000,7.6635347308
3.0390000000,5.4283869674
3.0400000000,3.1608478561
3.0410000000,0.8741186713
3.0420000000,-1.4184655159
3.0430000000,-3.7035134887
3.0440000000,-5.9676560946
3.0450000000,-8.1976245585
3.0460000000,-10.3803284377
3.0470000000,-12.5029327634
3.0480000000,-14.5529339100
3.0490000000,-16.5182337441
3.0500000000,-18.3872116096
3.0510000000,-20.1487937187
3.0520000000,-21.7925195304
3.0530000000,-23.3086047143
3.0540000000,-24.6880003181
3.0550000000,-25.9224477736
3.0560000000,-27.0045294033
3.0570000000,-27.9277141135
3.0580000000,-28.6863979842
3.0590000000,-29.2759395004
3.0600000000,-29.6926891951
3.0610000000,-29.9340135084
3.0620000000,-29.9983127019
3.0630000000,-29.8850326995
3.0640000000,-29.5946707627
3.0650000000,-29.1287749455
3.0660000000,-28.4899373085
3.0670000000,-27.6817809108
3.0680000000,-26.7089406348
3.0690000000,-25.5770379358
3.0700000000,-24.2926496442
3.0710000000,-22.8632709865
3.0720000000,-21.2972730234
3.0730000000,-19.6038547391
3.0740000000,-17.7929900499
3.0750000000,-15.8753700292
3.0760000000,-13.8623406775
3.0770000000,-11.7658365942
3.0780000000,-9.5983109331
3.0790000000,-7.3726620485
3.0800000000,-5.1021572583
3.0810000000,-2.8003541732
3.0820000000,-0.4810200539
3.0830000000,1.8419503263
3.0840000000,4.1546178243
3.0850000000,6.4430825799
3.0860000000,8.6935676768
3.0870000000,10.8925023072
3.0880000000,13.0266039388
3.0890000000,15.0829589832
3.0900000000,17.0491014762
3.0910000000,18.9130892850
3.0920000000,20.6635773759
3.0930000000,22.2898876871
3.0940000000,23.7820751730
3.0950000000,25.1309896067
3.0960000000,26.3283327498
3.0970000000,27.3667105290
3.0980000000,28.2396798831
3.0990000000,28.9417899784
3.1000000000,29.4686175219
3.1010000000,29.8167959367
3.1020000000,29.9840382006
3.1030000000,29.9691531862
3.1040000000,29.7720553801
3.1050000000,29.3937678987
3.1060000000,28.8364187580
3.1070000000,28.1032303965
3.1080000000,27.1985024915
3.1090000000,26.1275881490
3.1100000000,24.8968635909
3.1110000000,23.5136914995
3.1120000000,21.9863782238
3.1130000000,20.3241250855
3.1140000000,18.5369740643
3.1150000000,16.6357481731
3.1160000000,14.6319868729
3.1170000000,12.5378769043
3.1180000000,10.3661789447
3.1190000000,8.1301505284
3.1200000000,5.8434656883
3.1210000000,3.5201318047
3.1220000000,1.1744041610
3.1230000000,-1.1793012732
3.1240000000,-3.5264963014
3.1250000000,-5.8527096605
3.1260000000,-8.1435763324
3.1270000000,-10.3849264584
3.1280000000,-12.5628733030
3.1290000000,-14.6638997205
3.1300000000,-16.6749425844
3.1310000000,-18.5834746487
3.1320000000,-20.3775833248
3.1330000000,-22.0460458753
3.1340000000,-23.5784005450
3.1350000000,-24.9650131729
3.1360000000,-26.1971388553
3.1370000000,-27.2669782611
3.1380000000,-28.1677282266
3.1390000000,-28.8936262988
3.1400000000,-29.4399889253
3.1410000000,-29.8032430318
3.1420000000,-29.9809507679
3.1430000000,-29.9718272403
3.1440000000,-29.7757511014
3.1450000000,-29.3937678987
3.1460000000,-28.8280861416
3.1470000000,-28.0820660825
3.1480000000,-27.1602012590
3.1490000000,-26.0680928848
3.1500000000,-24.8124172282
3.1510000000,-23.4008861554
3.1520000000,-21.8422010635
3.1530000000,-20.1460004704
3.1540000000,-18.3228015665
3.1550000000,-16.3839360774
3.1560000000,-14.3414808191
3.1570000000,-12.2081833654
3.1580000000,-9.9973832796
3.1590000000,-7.7229293894
3.1600000000,-5.3990936156
3.1610000000,-3.0404818851
3.1620000000,-0.6619426807
3.1630000000,1.7215262015
3.1640000000,4.0948721047
3.1650000000,6.4430825799
3.1660000000,8.7512804703
3.1670000000,11.0048184095
3.1680000000,13.1893721325
3.1690000000,15.2910320020
3.1700000000,17.2963921651
3.1710000000,19.1926367632
3.1720000000,20.9676226392
3.1730000000,22.6099580013
3.1740000000,24.1090765317
3.1750000000,25.4553064494
3.1760000000,26.6399340721
3.1770000000,27.6552614503
3.1780000000,28.4946576878
3.1790000000,29.1526035973
3.1800000000,29.6247293836
3.1810000000,29.9078450885
3.1820000000,29.9999635788
3.1830000000,29.9003159037
3.1840000000,29.6093588963
3.1850000000,29.1287749455
3.1860000000,28.4614639102
3.1870000000,27.6115272024
3.1880000000,26.5842441142
3.1890000000,25.3860405126
3.1900000000,24.0244500785
3.1910000000,22.5080683127
3.1920000000,20.8464995806
3.1930000000,19.0502975115
3.1940000000,17.1308991150
3.1950000000,15.1005530172
3.1960000000,12.9722422591
3.1970000000,10.7596021375
3.1980000000,8.4768336017
3.1990000000,6.1386127515
3.2000000000,3.7599970069
3.2010000000,1.3563285470
3.2020000000,-1.0568643669
3.2030000000,-3.4639675509
3.2040000000,-5.8493818970
3.2050000000,-8.1976245585
3.2060000000,-10.4934296639
3.2070000000,-12.7218479059
3.2080000000,-14.8683443520
3.2090000000,-16.9188938362
3.2100000000,-18.8600733002
3.2110000000,-20.6791504754
3.2120000000,-22.3641683116
3.2130000000,-23.9040245900
3.2140000000,-25.2885461834
3.2150000000,-26.5085574598
3.2160000000,-27.5559423633
3.2170000000,-28.4236997449
3.2180000000,-29.1059915572
3.2190000000,-29.5981835736
3.2200000000,-29.8968783402
3.2210000000,-29.9999401168
3.2220000000,-29.9065116172
3.2230000000,-29.6170224101
3.2240000000,-29.1331888970
3.2250000000,-28.4580058388
3.2260000000,-27.5957294583
3.2270000000,-26.5518521997
3.2280000000,-25.3330692841
3.2290000000,-23.9472372526
3.2300000000,-22.4033247429
3.2310000000,-20.7113557979
3.2320000000,-18.8823460548
3.2330000000,-16.9282322113
3.2340000000,-14.8617952125
3.2350000000,-12.6965776451
3.2360000000,-10.4467958645
3.2370000000,-8.1272474206
3.2380000000,-5.7532143767
3.2390000000,-3.3403631504
3.2400000000,-0.9046415286
3.2410000000,1.5378264712
3.2420000000,3.9708472008
3.2430000000,6.3782647395
3.2440000000,8.7440683010
3.2450000000,11.0524989723
3.2460000000,13.2881550740
3.2470000000,15.4360954341
3.2480000000,17.4819398819
3.2490000000,19.4119662796
3.2500000000,21.2132034356
3.2510000000,22.8735192629
3.2520000000,24.3817035787
3.2530000000,25.7275449735
3.2540000000,26.9019012146
3.2550000000,27.8967626923
3.2560000000,28.7053084595
3.2570000000,29.3219544639
3.2580000000,29.7423936239
3.2590000000,29.9636274511
3.2600000000,29.9839889782
3.2610000000,29.8031568105
3.2620000000,29.4221601744
3.2630000000,28.8433749000
3.2640000000,28.0705103344
3.2650000000,27.1085872417
3.2660000000,25.9639068097
3.2670000000,24.6440109422
3.2680000000,23.1576340741
3.2690000000,21.5146468072
3.2700000000,19.7259917197
3.2710000000,17.8036117561
3.2720000000,15.7603716581
3.2730000000,13.6099729432
3.2740000000,11.3668629860
3.2750000000,9.0461387983
3.2760000000,6.6634461421
3.2770000000,4.2348746435
3.2780000000,1.7768496082
3.2790000000,-0.6939787407
3.2800000000,-3.1608478561
3.2810000000,-5.6069965339
3.2820000000,-8.0157788817
3.2830000000,-10.3707778174
3.2840000000,-12.6559173191
3.2850000000,-14.8555726605
3.2860000000,-16.9546778712
3.2870000000,-18.9388296796
3.2880000000,-20.7943872171
3.2890000000,-22.5085667880
3.2900000000,-24.0695310403
3.2910000000,-25.4664719094
3.2920000000,-26.6896867456
3.2930000000,-27.7306470804
3.2940000000,-28.5820595376
3.2950000000,-29.2379184430
3.2960000000,-29.6935497460
3.2970000000,-29.9456459208
3.2980000000,-29.9922915785
3.2990000000,-29.8329795819
3.3000000000,-29.4686175219
3.3010000000,-28.9015244772
3.3020000000,-28.1354180485
3.3030000000,-27.1753917232
3.3040000000,-26.0278826944
3.3050000000,-24.7006303259
3.3060000000,-23.2026255163
3.3070000000,-21.5440512841
3.3080000000,-19.7362149535
3.3090000000,-17.7914723823
3.3100000000,-15.7231447313
3.3110000000,-13.5454283238
3.3120000000,-11.2732981998
3.3130000000,-8.9224060099
3.3140000000,-6.5089729410
3.3150000000,-4.0496783981
3.3160000000,-1.5615452025
3.3170000000,0.9381779073
3.3180000000,3.4321356643
3.3190000000,5.9029867270
3.3200000000,8.3335243632
3.3210000000,10.7067965238
3.3220000000,13.0062244683
3.3230000000,15.2157191083
3.3240000000,17.3197942512
3.3250000000,19.3036759420
3.3260000000,21.1534071267
3.3270000000,22.8559468897
3.3280000000,24.3992635539
3.3290000000,25.7724209703
3.3300000000,26.9656573709
3.3310000000,27.9704562080
3.3320000000,28.7796084561
3.3330000000,29.3872659107
3.3340000000,29.7889850815
3.3350000000,29.9817613390
3.3360000000,29.9640530429
3.3370000000,29.7357954501
3.3380000000,29.2984042696
3.3390000000,28.6547688061
3.3400000000,27.8092347054
3.3410000000,26.7675763898
3.3420000000,25.5369593433
3.3430000000,24.1258924800
3.3440000000,22.5441708982
3.3450000000,20.8028093950
3.3460000000,18.9139671795
3.3470000000,16.8908642888
3.3480000000,14.7476902717
3.3490000000,12.4995057606
3.3500000000,10.1621376074
3.3510000000,7.7520683034
3.3520000000,5.2863204528
3.3530000000,2.7823370999
3.3540000000,0.2578587498
3.3550000000,-2.2692020554
3.3560000000,-4.7808877212
3.3570000000,-7.2593232458
3.3580000000,-9.6868436204
3.3590000000,-12.0461200745
3.3600000000,-14.3202842646
3.3610000000,-16.4930495099
3.3620000000,-18.5488282039
3.3630000000,-20.4728445475
3.3640000000,-22.2512417840
3.3650000000,-23.8711831515
3.3660000000,-25.3209458081
3.3670000000,-26.5900070362
3.3680000000,-27.6691220818
3.3690000000,-28.5503930446
3.3700000000,-29.2273282937
3.3710000000,-29.6948919536
3.3720000000,-29.9495430715
3.3730000000,-29.9892641507
3.3740000000,-29.8135788109
3.3750000000,-29.4235584121
3.3760000000,-28.8218175589
3.3770000000,-28.0124984817
3.3780000000,-27.0012443696
3.3790000000,-25.7951618130
3.3800000000,-24.4027725904
3.3810000000,-22.8339551133
3.3820000000,-21.0998759174
3.3830000000,-19.2129116645
3.3840000000,-17.1865621872
3.3850000000,-15.0353551770
3.3860000000,-12.7747431779
3.3870000000,-10.4209936083
3.3880000000,-7.9910725847
3.3890000000,-5.5025233694
3.3900000000,-2.9733403085
3.3910000000,-0.4218391593
3.3920000000,2.1334752610
3.3930000000,4.6740431524
3.3940000000,7.1813845653
3.3950000000,9.6372340102
3.3960000000,12.0236738630
3.3970000000,14.3232655900
3.3980000000,16.5191778282
3.3990000000,18.5953103763
3.4000000000,20.5364131779
3.4010000000,22.3281994121
3.4020000000,23.9574518446
3.4030000000,25.4121216407
3.4040000000,26.6814188923
3.4050000000,27.7558941691
3.4060000000,28.6275104680
3.4070000000,29.2897050015
3.4080000000,29.7374403396
3.4090000000,29.9672444952
3.4100000000,29.9772396230
3.4110000000,29.7671590841
3.4120000000,29.3383527134
3.4130000000,28.6937802130
3.4140000000,27.8379926819
3.4150000000,26.7771023794
3.4160000000,25.5187409078
3.4170000000,24.0720060848
3.4180000000,22.4473978617
3.4190000000,20.6567437240
3.4200000000,18.7131140936
3.4210000000,16.6307283232
3.4220000000,14.4248519502
3.4230000000,12.1116859405
3.4240000000,9.7082487172
3.4250000000,7.2322518250
3.4260000000,4.7019701312
3.4270000000,2.1361075089
3.4280000000,-0.4463410159
3.4290000000,-3.0262296408
3.4300000000,-5.5844036519
3.4310000000,-8.1018417275
3.4320000000,-10.5597976238
3.4330000000,-12.9399401854
3.4340000000,-15.2244906329
3.4350000000,-17.3963560960
3.4360000000,-19.4392583844
3.4370000000,-21.3378570201
3.4380000000,-23.0778655947
3.4390000000,-24.6461605621
3.4400000000,-26.0308816277
3.4410000000,-27.2215229571
3.4420000000,-28.2090144941
3.4430000000,-28.9857927451
3.4440000000,-29.5458604671
3.4450000000,-29.8848347776
3.4460000000,-29.9999832864
3.4470000000,-29.8902479417
3.4480000000,-29.5562563711
3.4490000000,-29.0003205933
3.4500000000,-28.2264230686
3.4510000000,-27.2401901546
3.4520000000,-26.0488531242
3.4530000000,-24.6611970022
3.4540000000,-23.0874975651
3.4550000000,-21.3394469431
3.4560000000,-19.4300683467
3.4570000000,-17.3736205305
3.4580000000,-15.1854926782
3.4590000000,-12.8820904773
3.4600000000,-10.4807142130
3.4610000000,-7.9994297803
3.4620000000,-5.4569335671
3.4630000000,-2.8724122123
3.4640000000,-0.2653982855
3.4650000000,2.3443770313
3.4660000000,4.9371331502
3.4670000000,7.4931900473
3.4680000000,9.9931178588
3.4690000000,12.4178849646
3.4700000000,14.7490034291
3.4710000000,16.9686706852
3.4720000000,19.0599063689
3.4730000000,21.0066832486
3.4740000000,22.7940512326
3.4750000000,24.4082534850
3.4760000000,25.8368337426
3.4770000000,27.0687339816
3.4780000000,28.0943816613
3.4790000000,28.9057658418
3.4800000000,29.4965015604
3.4810000000,29.8618819362
3.4820000000,29.9989175651
3.4830000000,29.9063628634
3.4840000000,29.5847291165
3.4850000000,29.0362840910
3.4860000000,28.2650381707
3.4870000000,27.2767170800
3.4880000000,26.0787213617
3.4890000000,24.6800728805
3.4900000000,23.0913487201
3.4910000000,21.3246029453
3.4920000000,19.3932767917
3.4930000000,17.3120979391
3.4940000000,15.0969696110
3.4950000000,12.7648503227
3.4960000000,10.3336251771
3.4970000000,7.8219696759
3.4980000000,5.2492070746
3.4990000000,2.6351603628
3.5000000000,0.0000000000
3.5010000000,-2.6359114298
3.5020000000,-5.2521764507
3.5030000000,-7.8285206014
3.5040000000,-10.3449497954
3.5050000000,-12.7819059105
3.5060000000,-15.1204193950
3.5070000000,-17.3422576966
3.5080000000,-19.4300683467
3.5090000000,-21.3675155712
3.5100000000,-23.1394093440
3.5110000000,-24.7318258566
3.5120000000,-26.1322184360
3.5130000000,-27.3295180191
3.5140000000,-28.3142223659
3.5150000000,-29.0784732802
3.5160000000,-29.6161211990
3.5170000000,-29.9227766035
3.5180000000,-29.9958478127
3.5190000000,-29.8345648169
3.5200000000,-29.4399889253
3.5210000000,-28.8150081047
3.5220000000,-27.9643180021
3.5230000000,-26.8943887558
3.5240000000,-25.6134178097
3.5250000000,-24.1312690581
3.5260000000,-22.4593987556
3.5270000000,-20.6107687334
3.5280000000,-18.5997475630
3.5290000000,-16.4420004093
3.5300000000,-14.1543684022
3.5310000000,-11.7547384446
3.5320000000,-9.2619044531
3.5330000000,-6.6954210976
3.5340000000,-4.0754511699
3.5350000000,-1.4226077667
3.5360000000,1.2422074846
3.5370000000,3.8979688903
3.5380000000,6.5236925539
3.5390000000,9.0986023320
3.5400000000,11.6022945686
3.5410000000,14.0149002999
3.5420000000,16.3172436376
3.5430000000,18.4909950626
3.5440000000,20.5188183975
3.5450000000,22.3845102723
3.5460000000,24.0731309530
3.5470000000,25.5711254659
3.5480000000,26.8664340253
3.5490000000,27.9485908536
3.5500000000,28.8088105703
3.5510000000,29.4400614246
3.5520000000,29.8371247462
3.5530000000,29.9966400996
3.5540000000,29.9171357344
3.5550000000,29.5990440464
3.5560000000,29.0447018774
3.5570000000,28.2583356053
3.5580000000,27.2460310955
3.5590000000,26.0156887093
3.5600000000,24.5769636805
3.5610000000,22.9411922939
3.5620000000,21.1213044135
3.5630000000,19.1317230174
3.5640000000,16.9882515080
3.5650000000,14.7079496610
3.5660000000,12.3089991769
3.5670000000,9.8105598802
3.5680000000,7.2326176967
3.5690000000,4.5958256033
3.5700000000,1.9213388099
3.5710000000,-0.7693545170
3.5720000000,-3.4546056399
3.5730000000,-6.1127793640
3.5740000000,-8.7224284812
3.5750000000,-11.2624671368
3.5760000000,-13.7123417158
3.5770000000,-16.0521978611
3.5780000000,-18.2630422611
3.5790000000,-20.3268978819
3.5800000000,-22.2269513686
3.5810000000,-23.9476913971
3.5820000000,-25.4750368282
3.5830000000,-26.7964535936
3.5840000000,-27.9010593318
3.5850000000,-28.7797148860
3.5860000000,-29.4251018812
3.5870000000,-29.8317857091
3.5880000000,-29.9962633601
3.5890000000,-29.9169956718
3.5900000000,-29.5944236795
3.5910000000,-29.0309688896
3.5920000000,-28.2310174229
3.5930000000,-27.2008881079
3.5940000000,-25.9487847361
3.5950000000,-24.4847328186
3.5960000000,-22.8205013146
3.5970000000,-20.9695099241
3.5980000000,-18.9467226591
3.5990000000,-16.7685285212
3.6000000000,-14.4526102231
3.6010000000,-12.0178019914
3.6020000000,-9.4839375836
3.6030000000,-6.8716897340
3.6040000000,-4.2024023188
3.6050000000,-1.4979165971
3.6060000000,1.2196070658
3.6070000000,3.9278705407
3.6080000000,6.6046208616
3.6090000000,9.2278332384
3.6100000000,11.7758926488
3.6110000000,14.2277725110
3.6120000000,16.5632089555
3.6130000000,18.7628692467
3.6140000000,20.8085129477
3.6150000000,22.6831444760
3.6160000000,24.3711557647
3.6170000000,25.8584578200
3.6180000000,27.1326000555
3.6190000000,28.1828763765
3.6200000000,29.0004170999
3.6210000000,29.5782659016
3.6220000000,29.9114411120
3.6230000000,29.9969808021
3.6240000000,29.8339712371
3.6250000000,29.4235584121
3.6260000000,28.7689425212
3.6270000000,27.8753553553
3.6280000000,26.7500207641
3.6290000000,25.4020984596
3.6300000000,23.8426115784
3.6310000000,22.0843585562
3.6320000000,20.1418100014
3.6330000000,18.0309913807
3.6340000000,15.7693524537
3.6350000000,13.3756245030
3.6360000000,10.8696665175
3.6370000000,8.2723015778
3.6380000000,5.6051447821
3.6390000000,2.8904241258
3.6400000000,0.1507958124
3.6410000000,-2.5908444771
3.6420000000,-5.3115527853
3.6430000000,-7.9885289579
3.6440000000,-10.5993079920
3.6450000000,-13.1219490471
3.6460000000,-15.5352205239
3.6470000000,-17.8187796473
3.6480000000,-19.9533450246
3.6490000000,-21.9208607106
3.6500000000,-23.7046503713
3.6510000000,-25.2895602198
3.6520000000,-26.6620894880
3.6530000000,-27.8105072945
3.6540000000,-28.7249548862
3.6550000000,-29.3975323431
3.6560000000,-29.8223689718
3.6570000000,-29.9956767410
3.6580000000,-29.9157862580
3.6590000000,-29.5831649296
3.6600000000,-29.0004170999
3.6610000000,-28.1722661089
3.6620000000,-27.1055183711
3.6630000000,-25.8090097224
3.6640000000,-24.2935344390
3.6650000000,-22.5717574751
3.6660000000,-20.6581106175
3.6670000000,-18.5686733868
3.6680000000,-16.3210396536
3.6690000000,-13.9341710596
3.6700000000,-11.4282384497
3.6710000000,-8.8244526298
3.6720000000,-6.1448858581
3.6730000000,-3.4122855625
3.6740000000,-0.6498818487
3.6750000000,2.1188095779
3.6760000000,4.8701874100
3.6770000000,7.5807659559
3.6780000000,10.2273758638
3.6790000000,12.7873626332
3.6800000000,15.2387812134
3.6810000000,17.5605850085
3.6820000000,19.7328076576
3.6830000000,21.7367360103
3.6840000000,23.5550727895
3.6850000000,25.1720875154
3.6860000000,26.5737543625
3.6870000000,27.7478757256
3.6880000000,28.6841903925
3.6890000000,29.3744653467
3.6900000000,29.8125703642
3.6910000000,29.9945347083
3.6920000000,29.9185853838
3.6930000000,29.5851665656
3.6940000000,28.9969399765
3.6950000000,28.1587661569
3.6960000000,27.0776667288
3.6970000000,25.7627679239
3.6980000000,24.2252258079
3.6990000000,22.4781337919
3.7000000000,20.5364131779
3.7010000000,18.4166876337
3.7020000000,16.1371426374
3.7030000000,13.7173710610
3.7040000000,11.1782061913
3.7050000000,8.5415435973
3.7060000000,5.8301533554
3.7070000000,3.0674842333
3.7080000000,0.2774615074
3.7090000000,-2.5157198476
3.7100000000,-5.2878048147
3.7110000000,-8.0146890213
3.7120000000,-10.6726286276
3.7130000000,-13.2384475857
3.7140000000,-15.6897404592
3.7150000000,-18.0050690207
3.7160000000,-20.1641508961
3.7170000000,-22.1480385863
3.7180000000,-23.9392872756
3.7190000000,-25.5221099275
3.7200000000,-26.8825182771
3.7210000000,-28.0084484434
3.7220000000,-28.8898700194
3.7230000000,-29.5188776361
3.7240000000,-29.8897641455
3.7250000000,-29.9990747293
3.7260000000,-29.8456414012
3.7270000000,-29.4305975425
3.7280000000,-28.7573722850
3.7290000000,-27.8316647307
3.7300000000,-26.6613981751
3.7310000000,-25.2566546770
3.7320000000,-23.6295904936
3.7330000000,-21.7943330663
3.7340000000,-19.7668604116
3.7350000000,-17.5648639257
3.7360000000,-15.2075957645
3.7370000000,-12.7157020974
3.7380000000,-10.1110436654
3.7390000000,-7.4165051902
3.7400000000,-4.6557952823
3.7410000000,-1.8532385911
3.7420000000,0.9664379911
3.7430000000,3.7783231961
3.7440000000,6.5575414020
3.7450000000,9.2794728701
3.7460000000,11.9199722437
3.7470000000,14.4555833691
3.7480000000,16.8637485224
3.7490000000,19.1230101676
3.7500000000,21.2132034356
3.7510000000,23.1156375846
3.7520000000,24.8132647987
3.7530000000,26.2908347849
3.7540000000,27.5350337536
3.7550000000,28.5346064974
3.7560000000,29.2804604325
3.7570000000,29.7657506232
3.7580000000,29.9859449744
3.7590000000,29.9388689539
3.7600000000,29.6247293836
3.7610000000,29.0461170282
3.7620000000,28.2079878940
3.7630000000,27.1176233436
3.7640000000,25.7845693218
3.7650000000,24.2205551745
3.7660000000,22.4393927281
3.7670000000,20.4568564763
3.7680000000,18.2905458920
3.7690000000,15.9597310478
3.7700000000,13.4851828808
3.7710000000,10.8889895814
3.7720000000,8.1943607142
3.7730000000,5.4254207950
3.7740000000,2.6069941511
3.7750000000,-0.2356170267
3.7760000000,-3.0768594625
3.7770000000,-5.8911583747
3.7780000000,-8.6531477965
3.7790000000,-11.3378995635
3.7800000000,-13.9211488988
3.7810000000,-16.3795145493
3.7820000000,-18.6907114701
3.7830000000,-20.8337541140
3.7840000000,-22.7891484604
3.7850000000,-24.5390710148
3.7860000000,-26.0675331207
3.7870000000,-27.3605290545
3.7880000000,-28.4061665132
3.7890000000,-29.1947782631
3.7900000000,-29.7190138800
3.7910000000,-29.9739106935
3.7920000000,-29.9569432281
3.7930000000,-29.6680506317
3.7940000000,-29.1096417780
3.7950000000,-28.2865779305
3.7960000000,-27.2061330619
3.7970000000,-25.8779321255
3.7980000000,-24.3138677746
3.7990000000,-22.5279962295
3.8000000000,-20.5364131779
3.8010000000,-18.3571107843
3.8020000000,-16.0098170585
3.8030000000,-13.5158189980
3.8040000000,-10.8977710734
3.8050000000,-8.1794907644
3.8060000000,-5.3857429798
3.8070000000,-2.5420152998
3.8080000000,0.3257139269
3.8090000000,3.1912125284
3.8100000000,6.0282343404
3.8110000000,8.8107597326
3.8120000000,11.5132346254
3.8130000000,14.1108057991
3.8140000000,16.5795503246
3.8150000000,18.8966969898
3.8160000000,21.0408376638
3.8170000000,22.9921266256
3.8180000000,24.7324659882
3.8190000000,26.2456754712
3.8200000000,27.5176449128
3.8210000000,28.5364680649
3.8220000000,29.2925563851
3.8230000000,29.7787317170
3.8240000000,29.9902969428
3.8250000000,29.9250838925
3.8260000000,29.5834780006
3.8270000000,28.9684194169
3.8280000000,28.0853804921
3.8290000000,26.9423197790
3.8300000000,25.5496129082
3.8310000000,23.9199609118
3.8320000000,22.0682767797
3.8330000000,20.0115512392
3.8340000000,17.7686989428
3.8350000000,15.3603864361
3.8360000000,12.8088434517
3.8370000000,10.1376592355
3.8380000000,7.3715657547
3.8390000000,4.5362097692
3.8400000000,1.6579158539
3.8410000000,-1.2365574456
3.8420000000,-4.1202660722
3.8430000000,-6.9663312276
3.8440000000,-9.7481901222
3.8450000000,-12.4398443629
3.8460000000,-15.0161036549
3.8470000000,-17.4528225247
3.8480000000,-19.7271278339
3.8490000000,-21.8176349291
3.8500000000,-23.7046503713
3.8510000000,-25.3703593119
3.8520000000,-26.7989957129
3.8530000000,-27.9769937691
3.8540000000,-28.8931190585
3.8550000000,-29.5385781317
3.8560000000,-29.9071054518
3.8570000000,-29.9950268019
3.8580000000,-29.8012984987
3.8590000000,-29.3275219737
3.8600000000,-28.5779335147
3.8610000000,-27.5593691941
3.8620000000,-26.2812052415
3.8630000000,-24.7552743551
3.8640000000,-22.9957586694
3.8650000000,-21.0190603238
3.8660000000,-18.8436507880
3.8670000000,-16.4899003081
3.8680000000,-13.9798890244
3.8690000000,-11.3372014974
3.8700000000,-8.5867065335
3.8710000000,-5.7543243541
3.8720000000,-2.8667832747
3.8730000000,0.0486318330
3.8740000000,2.9643369347
3.8750000000,5.8527096605
3.8760000000,8.6863511017
3.8770000000,11.4383460959
3.8780000000,14.0825195248
3.8790000000,16.5936861802
3.8800000000,18.9478918039
3.8810000000,21.1226429859
3.8820000000,23.0971237023
3.8830000000,24.8523963927
3.8840000000,26.3715856205
3.8850000000,27.6400425158
3.8860000000,28.6454883781
3.8870000000,29.3781360125
3.8880000000,29.8307875763
3.8890000000,29.9989079365
3.8900000000,29.8806727676
3.8910000000,29.4769908595
3.8920000000,28.7915003478
3.8930000000,27.8305388298
3.8940000000,26.6030875788
3.8950000000,25.1206903160
3.8960000000,23.3973472481
3.8970000000,21.4493853157
3.8980000000,19.2953058296
3.8990000000,16.9556108942
3.9000000000,14.4526102231
3.9010000000,11.8102101486
3.9020000000,9.0536868021
3.9030000000,6.2094456019
3.9040000000,3.3047693232
3.9050000000,0.3675571442
3.9060000000,-2.5739428454
3.9070000000,-5.4914051134
3.9080000000,-8.3566995263
3.9090000000,-11.1421629348
3.9100000000,-13.8208668791
3.9110000000,-16.3668788188
3.9120000000,-18.7555143448
3.9130000000,-20.9635779110
3.9140000000,-22.9695897252
3.9150000000,-24.7539965653
3.9160000000,-26.2993644350
3.9170000000,-27.5905511415
3.9180000000,-28.6148570677
3.9190000000,-29.3621526150
3.9200000000,-29.8249810151
3.9210000000,-29.9986354444
3.9220000000,-29.8812096197
3.9230000000,-29.4736213095
3.9240000000,-28.7796084561
3.9250000000,-27.8056978692
3.9260000000,-26.5611467199
3.9270000000,-25.0578573266
3.9280000000,-23.3102659886
3.9290000000,-21.3352068789
3.9300000000,-19.1517522510
3.9310000000,-16.7810304546
3.9320000000,-14.2460234710
3.9330000000,-11.5713458915
3.9340000000,-8.7830074418
3.9350000000,-5.9081613311
3.9360000000,-2.9748408445
3.9370000000,-0.0116867244
3.9380000000,2.9523320170
3.9390000000,5.8882011377
3.9400000000,8.7671452962
3.9410000000,11.5609104895
3.9420000000,14.2420420235
3.9430000000,16.7841552755
3.9440000000,19.1621965710
3.9450000000,21.3526915827
3.9460000000,23.3339787781
3.9470000000,25.0864255752
3.9480000000,26.5926250346
3.9490000000,27.8375710954
3.9500000000,28.8088105703
3.9510000000,29.4965703369
3.9520000000,29.8938584029
3.9530000000,29.9965377754
3.9540000000,29.8033723285
3.9550000000,29.3160441404
3.9560000000,28.5391420471
3.9570000000,27.4801214481
3.9580000000,26.1492356791
3.9590000000,24.5594395535
3.9600000000,22.7262659493
3.9610000000,20.6676765882
3.9620000000,18.4038884150
3.9630000000,15.9571772293
3.9640000000,13.3516604546
3.9650000000,10.6130611422
3.9660000000,7.7684555015
3.9670000000,4.8460064177
3.9680000000,1.8746855672
3.9690000000,-1.1160131379
3.9700000000,-4.0963659505
3.9710000000,-7.0367146383
3.9720000000,-9.9077618524
3.9730000000,-12.6808635695
3.9740000000,-15.3283156856
3.9750000000,-17.8236318871
3.9760000000,-20.1418100014
3.9770000000,-22.2595841371
3.9780000000,-24.1556600549
3.9790000000,-25.8109313725
3.9800000000,-27.2086743859
3.9810000000,-28.3347195027
3.9820000000,-29.1775975037
3.9830000000,-29.7286591004
3.9840000000,-29.9821665171
3.9850000000,-29.9353561006
3.9860000000,-29.5884712515
3.9870000000,-28.9447652636
3.9880000000,-28.0104739602
3.9890000000,-26.7947583185
3.9900000000,-25.3096175765
3.9910000000,-23.5697736131
3.9920000000,-21.5925276872
3.9930000000,-19.3975908993
3.9940000000,-17.0068900117
3.9950000000,-14.4443505141
3.9960000000,-11.7356590601
3.9970000000,-8.9080076113
3.9980000000,-5.9898218213
3.9990000000,-3.0104763576
4.0000000000,-0.0000000000
4.0010000000,3.0112265330
4.0020000000,5.9927769945
4.0030000000,8.9144871694
4.0040000000,11.7467604755
4.0050000000,14.4608685056
4.0060000000,17.0292434531
4.0070000000,19.4257594349
4.0080000000,21.6259998289
4.0090000000,23.6075078756
4.0100000000,25.3500179544
4.0110000000,26.8356651334
4.0120000000,28.0491708035
4.0130000000,28.9780024453
4.0140000000,29.6125058318
4.0150000000,29.9460082471
4.0160000000,29.9748915913
4.0170000000,29.6986345427
4.0180000000,29.1198232654
4.0190000000,28.2441304645
4.0200000000,27.0802629176
4.0210000000,25.6398779308
4.0220000000,23.9374694877
4.0230000000,21.9902251710
4.0240000000,19.8178552391
4.0250000000,17.4423955296
4.0260000000,14.8879861340
4.0270000000,12.1806280431
4.0280000000,9.3479201951
4.0290000000,6.4187795661
4.0300000000,3.4231471270
4.0310000000,0.3916826434
4.0320000000,-2.6445485811
4.0330000000,-5.6543938226
4.0340000000,-8.6069326635
4.0350000000,-11.4717950451
4.0360000000,-14.2194743729
4.0370000000,-16.8216324397
4.0380000000,-19.2513930067
4.0390000000,-21.4836209881
4.0400000000,-23.4951843248
4.0410000000,-25.2651957999
4.0420000000,-26.7752322493
4.0430000000,-28.0095288428
4.0440000000,-28.9551463637
4.0450000000,-29.6021096847
4.0460000000,-29.9435159318
4.0470000000,-29.9756111362
4.0480000000,-29.6978344938
4.0490000000,-29.1128296880
4.0500000000,-28.2264230686
4.0510000000,-27.0475688222
4.0520000000,-25.5882616132
4.0530000000,-23.8634175122
4.0540000000,-21.8907243620
4.0550000000,-19.6904630489
4.0560000000,-17.2853014587
4.0570000000,-14.7000631817
4.0580000000,-11.9614733031
4.0590000000,-9.0978838600
4.0600000000,-6.1389817656
4.0610000000,-3.1154821936
4.0620000000,-0.0588105768
4.0630000000,2.9992234988
4.0640000000,6.0267571258
4.0650000000,8.9922061963
4.0660000000,11.8645953500
4.0670000000,14.6138822980
4.0680000000,17.2112731218
4.0690000000,19.6295252258
4.0700000000,21.8432347444
4.0710000000,23.8291053548
4.0720000000,25.5661956315
4.0730000000,27.0361422961
4.0740000000,28.2233569565
4.0750000000,29.1151942041
4.0760000000,29.7020892275
4.0770000000,29.9776634178
4.0780000000,29.9387967693
4.0790000000,29.5856662271
4.0800000000,28.9217494862
4.0810000000,27.9537941090
4.0820000000,26.6917521918
4.0830000000,25.1486811763
4.0840000000,23.3406117577
4.0850000000,21.2863841919
4.0860000000,19.0074546429
4.0870000000,16.5276735293
4.0880000000,13.8730381334
4.0890000000,11.0714220147
4.0900000000,8.1522840209
4.0910000000,5.1463599158
4.0920000000,2.0853398369
4.0930000000,-0.9984650470
4.0940000000,-4.0724631791
4.0950000000,-7.1041269738
4.0960000000,-10.0613372564
4.0970000000,-12.9127241334
4.0980000000,-15.6280006719
4.0990000000,-18.1782858289
4.1000000000,-20.5364131779
4.1010000000,-22.6772221155
4.1020000000,-24.5778284098
4.1030000000,-26.2178711599
4.1040000000,-27.5797334784
4.1050000000,-28.6487344797
4.1060000000,-29.4132904536
4.1070000000,-29.8650434266
4.1080000000,-29.9989556535
4.1090000000,-29.8133689415
4.1100000000,-29.3100280808
4.1110000000,-28.4940680341
4.1120000000,-27.3739649259
4.1130000000,-25.9614512579
4.1140000000,-24.2713961599
4.1150000000,-22.3216518623
4.1160000000,-20.1328679425
4.1170000000,-17.7282752447
4.1180000000,-15.1334417055
4.1190000000,-12.3760026244
4.1200000000,-9.4853682009
4.1210000000,-6.4924114110
4.1220000000,-3.4291395199
4.1230000000,-0.3283527080
4.1240000000,2.7767065566
4.1250000000,5.8527096605
4.1260000000,8.8665996906
4.1270000000,11.7859471396
4.1280000000,14.5792996410
4.1290000000,17.2165219554
4.1300000000,19.6691225203
4.1310000000,21.9105630131
4.1320000000,23.9165475434
4.1330000000,25.6652883062
4.1340000000,27.1377447645
4.1350000000,28.3178337127
4.1360000000,29.1926078735
4.1370000000,29.7524010169
4.1380000000,29.9909379423
4.1390000000,29.9054080433
4.1400000000,29.4965015604
4.1410000000,28.7684080318
4.1420000000,27.7287768575
4.1430000000,26.3886403038
4.1440000000,24.7622996829
4.1450000000,22.8671758429
4.1460000000,20.7236254976
4.1470000000,18.3547252960
4.1480000000,15.7860258935
4.1490000000,13.0452786148
4.1500000000,10.1621376074
4.1510000000,7.1678406606
4.1520000000,4.0948721047
4.1530000000,0.9766114125
4.1540000000,-2.1530287073
4.1550000000,-5.2599708102
4.1560000000,-8.3103438098
4.1570000000,-11.2708526253
4.1580000000,-14.1091423460
4.1590000000,-16.7941529213
4.1600000000,-19.2964604802
4.1610000000,-21.5886015119
4.1620000000,-23.6453763213
4.1630000000,-25.4441283835
4.1640000000,-26.9649964780
4.1650000000,-28.1911367691
4.1660000000,-29.1089123222
4.1670000000,-29.7080478919
4.1680000000,-29.9817481930
4.1690000000,-29.9267782621
4.1700000000,-29.5435049266
4.1710000000,-28.8358988232
4.1720000000,-27.8114968402
4.1730000000,-26.4813252916
4.1740000000,-24.8597845642
4.1750000000,-22.9644964048
4.1760000000,-20.8161154304
4.1770000000,-18.4381068416
4.1780000000,-15.8564926995
4.1790000000,-13.0995694802
4.1800000000,-10.1975999437
4.1810000000,-7.1824826517
4.1820000000,-4.0874027209
4.1830000000,-0.9464676194
4.1840000000,2.2056680085
4.1850000000,5.3341843722
4.1860000000,8.4044812127
4.1870000000,11.3825608788
4.1880000000,14.2354055580
4.1890000000,16.9313444684
4.1900000000,19.4404069182
4.1910000000,21.7346572801
4.1920000000,23.7885081207
4.1930000000,25.5790079513
4.1940000000,27.0861003396
4.1950000000,28.2928514310
4.1960000000,29.1856432664
4.1970000000,29.7543306593
4.1980000000,29.9923597914
4.1990000000,29.8968471067
4.2000000000,29.4686175219
4.2010000000,28.7122014202
4.2020000000,27.6357903559
4.2030000000,26.2511518528
4.2040000000,24.5735041421
4.2050000000,22.6213521306
4.2060000000,20.4162863309
4.2070000000,17.9827469009
4.2080000000,15.3477553393
4.2090000000,12.5406167508
4.2100000000,9.5925959365
4.2110000000,6.5365708631
4.2120000000,3.4066673339
4.2130000000,0.2378789029
4.2140000000,-2.9343237460
4.2150000000,-6.0743896031
4.2160000000,-9.1470858853
4.2170000000,-12.1178938691
4.2180000000,-14.9533975512
4.2190000000,-17.6216607549
4.2200000000,-20.0925884109
4.2210000000,-22.3382679111
4.2220000000,-24.3332866437
4.2230000000,-26.0550220720
4.2240000000,-27.4839010209
4.2250000000,-28.6036251696
4.2260000000,-29.4013601202
4.2270000000,-29.8678858168
4.2280000000,-29.9977065163
4.2290000000,-29.7891189658
4.2300000000,-29.2442379062
4.2310000000,-28.3689785050
4.2320000000,-27.1729958031
4.2330000000,-25.6695817490
4.2340000000,-23.8755208756
4.2350000000,-21.8109061450
4.2360000000,-19.4989169428
4.2370000000,-16.9655616398
4.2380000000,-14.2393875452
4.2390000000,-11.3511614583
4.2400000000,-8.3335243632
4.2410000000,-5.2206241216
4.2420000000,-2.0477302765
4.2430000000,1.1491647041
4.2440000000,4.3337532447
4.2450000000,7.4698249279
4.2460000000,10.5216785290
4.2470000000,13.4545291292
4.2480000000,16.2349056579
4.2490000000,18.8310343106
4.2500000000,21.2132034356
4.2510000000,23.3541056792
4.2520000000,25.2291534287
4.2530000000,26.8167638814
4.2540000000,28.0986104077
4.2550000000,29.0598372469
4.2560000000,29.6892349885
4.2570000000,29.9793747303
4.2580000000,29.9266992709
4.2590000000,29.5315701824
4.2600000000,28.7982701096
4.2610000000,27.7349601550
4.2620000000,26.3535927195
4.2630000000,24.6697806868
4.2640000000,22.7026243364
4.2650000000,20.4744978653
4.2660000000,18.0107978645
4.2670000000,15.3396565433
4.2680000000,12.4916229053
4.2690000000,9.4993154624
4.2700000000,6.3970504064
4.2710000000,3.2204494586
4.2720000000,0.0060318579
4.2730000000,-3.2092048501
4.2740000000,-6.3882104194
4.2750000000,-9.4943090154
4.2760000000,-12.4916229053
4.2770000000,-15.3454878290
4.2780000000,-18.0228552318
4.2790000000,-20.4926766770
4.2800000000,-22.7262659493
4.2810000000,-24.6976346033
4.2820000000,-26.3837970077
4.2830000000,-27.7650412734
4.2840000000,-28.8251628423
4.2850000000,-29.5516579327
4.2860000000,-29.9358744972
4.2870000000,-29.9731188316
4.2880000000,-29.6627164858
4.2890000000,-29.0080266505
4.2900000000,-28.0164097345
4.2910000000,-26.6991483894
4.2920000000,-25.0713227789
4.2930000000,-23.1516414276
4.2940000000,-20.9622295027
4.2950000000,-18.5283768842
4.2960000000,-15.8782488550
4.2970000000,-13.0425626853
4.2980000000,-10.0542337951
4.2990000000,-6.9479955424
4.3000000000,-3.7599970069
4.3010000000,-0.5273834074
4.3020000000,2.7121359914
4.3030000000,5.9207274651
4.3040000000,9.0608747910
4.3050000000,12.0958184196
4.3060000000,14.9899867139
4.3070000000,17.7094141847
4.3080000000,20.2221417929
4.3090000000,22.4985945822
4.3100000000,24.5119321571
4.3110000000,26.2383678269
4.3120000000,27.6574525918
4.3130000000,28.7523205471
4.3140000000,29.5098927242
4.3150000000,29.9210368701
4.3160000000,29.9806811720
4.3170000000,29.6878804731
4.3180000000,29.0458340806
4.3190000000,28.0618548311
4.3200000000,26.7472896545
4.3210000000,25.1173924483
4.3220000000,23.1911506407
4.3230000000,20.9910673670
4.3240000000,18.5429017197
4.3250000000,15.8753700292
4.3260000000,13.0198116042
4.3270000000,10.0098227913
4.3280000000,6.8808635977
4.3290000000,3.6698414600
4.3300000000,0.4146770242
4.3310000000,-2.8461429670
4.3320000000,-6.0740204203
4.3330000000,-9.2307029011
4.3340000000,-12.2787374958
4.3350000000,-15.1819161366
4.3360000000,-17.9057070845
4.3370000000,-20.4176674131
4.3380000000,-22.6878315482
4.3390000000,-24.6890711842
4.3400000000,-26.3974222299
4.3410000000,-27.7923748097
4.3420000000,-28.8571227780
4.3430000000,-29.5787696739
4.3440000000,-29.9484885533
4.3450000000,-29.9616336781
4.3460000000,-29.6178026086
4.3470000000,-28.9208478339
4.3480000000,-27.8788376725
4.3490000000,-26.5039667838
4.3500000000,-24.8124172282
4.3510000000,-22.8241716138
4.3520000000,-20.5627804388
4.3530000000,-18.0550862984
4.3540000000,-15.3309081431
4.3550000000,-12.4226892698
4.3560000000,-9.3651131653
4.3570000000,-6.1946917253
4.3580000000,-2.9493307129
4.3590000000,0.3321223907
4.3600000000,3.6103427643
4.3610000000,6.8459993103
4.3620000000,10.0002267671
4.3630000000,13.0350931998
4.3640000000,15.9140572409
4.3650000000,18.6024095578
4.3660000000,21.0676931966
4.3670000000,23.2800976909
4.3680000000,25.2128221249
4.3690000000,26.8424026997
4.3700000000,28.1490007651
4.3710000000,29.1166477461
4.3720000000,29.7334439009
4.3730000000,29.9917083959
4.3740000000,29.8880787632
4.3750000000,29.4235584121
4.3760000000,28.6035114902
4.3770000000,27.4376050235
4.3780000000,25.9396989029
4.3790000000,24.1276849165
4.3800000000,22.0232766497
4.3810000000,19.6517526725
4.3820000000,17.0416560092
4.3830000000,14.2244534242
4.3840000000,11.2341585542
4.3850000000,8.1069233683
4.3860000000,4.8806028370
4.3870000000,1.5942980288
4.3880000000,-1.7121168692
4.3890000000,-4.9984778965
4.3900000000,-8.2248191793
4.3910000000,-11.3518593811
4.3920000000,-14.3414808191
4.3930000000,-17.1571953944
4.3940000000,-19.7645916255
4.3950000000,-22.1317572906
4.3960000000,-24.2296724618
4.3970000000,-26.0325680652
4.3980000000,-27.5182455016
4.3990000000,-28.6683533295
4.4000000000,-29.4686175219
4.4010000000,-29.9090223674
4.4020000000,-29.9839396800
4.4030000000,-29.6922046077
4.4040000000,-29.0371369787
4.4050000000,-28.0265077877
4.4060000000,-26.6724510965
4.4070000000,-24.9913222908
4.4080000000,-23.0035042986
4.4090000000,-20.7331640159
4.4100000000,-18.2079618058
4.4110000000,-15.4587175190
4.4120000000,-12.5190370307
4.4130000000,-9.4249037841
4.4140000000,-6.2142402742
4.4150000000,-2.9264447913
4.4160000000,0.3980909372
4.4170000000,3.7184773167
4.4180000000,6.9938295966
4.4190000000,10.1837715449
4.4200000000,13.2489338817
4.4210000000,16.1514413099
4.4220000000,18.8553821066
4.4230000000,21.3272544339
4.4240000000,23.5363838016
4.4250000000,25.4553064494
4.4260000000,27.0601138279
4.4270000000,28.3307538193
4.4280000000,29.2512848653
4.4290000000,29.8100797392
4.4300000000,29.9999763130
4.4310000000,29.8183733213
4.4320000000,29.2672697982
4.4330000000,28.3532475572
4.4340000000,27.0873967917
4.4350000000,25.4851855772
4.4360000000,23.5662747565
4.4370000000,21.3542803731
4.4380000000,18.8764864726
4.4390000000,16.1635117225
4.4400000000,13.2489338817
4.4410000000,10.1688766878
4.4420000000,6.9615642137
4.4430000000,3.6668481629
4.4440000000,0.3257139269
4.4450000000,-3.0202284892
4.4460000000,-6.3292623622
4.4470000000,-9.5600845251
4.4480000000,-12.6723215335
4.4490000000,-15.6270352649
4.4500000000,-18.3872116096
4.4510000000,-20.9182261005
4.4520000000,-23.1882806032
4.4530000000,-25.1688055305
4.4540000000,-26.8348224608
4.4550000000,-28.1652625228
4.4560000000,-29.1432364477
4.4570000000,-29.7562527839
4.4580000000,-29.9963814115
4.4590000000,-29.8603601692
4.4600000000,-29.3496431146
4.4610000000,-28.4703896688
4.4620000000,-27.2333946354
4.4630000000,-25.6539598279
4.4640000000,-23.7517087745
4.4650000000,-21.5503466932
4.4660000000,-19.0773686200
4.4670000000,-16.3637192399
4.4680000000,-13.4434085844
4.4690000000,-10.3530883318
4.4700000000,-7.1315939525
4.4710000000,-3.8194583925
4.4720000000,-0.4584033600
4.4730000000,2.9091854173
4.4740000000,6.2407923759
4.4750000000,9.4943090154
4.4760000000,12.6285667321
4.4770000000,15.6038588380
4.4780000000,18.3824451352
4.4790000000,20.9290326145
4.4800000000,23.2112261333
4.4810000000,25.1999432880
4.4820000000,26.8697881362
4.4830000000,28.1993789271
4.4840000000,29.1716255700
4.4850000000,29.7739531963
4.4860000000,29.9984688442
4.4870000000,29.8420690080
4.4880000000,29.3064865416
4.4890000000,28.3982761702
4.4900000000,27.1287386444
4.4910000000,25.5137843514
4.4920000000,23.5737379714
4.4930000000,21.3330865233
4.4940000000,18.8201738707
4.4950000000,16.0668454530
4.4960000000,13.1080476498
4.4970000000,9.9813867803
4.4980000000,6.7266532681
4.4990000000,3.3853169633
4.5000000000,0.0000000000
4.5010000000,-3.3860661286
4.5020000000,-6.7295923719
4.5030000000,-9.9877857633
4.5040000000,-13.1188978191
4.5050000000,-16.0827606592
4.5060000000,-18.8413039529
4.5070000000,-21.3590460159
4.5080000000,-23.6035526993
4.5090000000,-25.5458581056
4.5100000000,-27.1608416382
4.5110000000,-28.4275564384
4.5120000000,-29.3295048707
4.5130000000,-29.8548573889
4.5140000000,-29.9966118302
4.5150000000,-29.7526909425
4.5160000000,-29.1259767418
4.5170000000,-28.1242811006
4.5180000000,-26.7602527933
4.5190000000,-25.0512220390
4.5200000000,-23.0189843966
4.5210000000,-20.6895266479
4.5220000000,-18.0926980677
4.5230000000,-15.2618311878
4.5240000000,-12.2333168318
4.5250000000,-9.0461387983
4.5260000000,-5.7413741089
4.5270000000,-2.3616651984
4.5280000000,1.0493291914
4.5290000000,4.4474973617
4.5300000000,7.7888449893
4.5310000000,11.0300650732
4.5320000000,14.1291001056
4.5330000000,17.0456891629
4.5340000000,19.7418927826
4.5350000000,22.1825887610
4.5360000000,24.3359323663
4.5370000000,26.1737749026
4.5380000000,27.6720350855
4.5390000000,28.8110182877
4.5400000000,29.5756793767
4.5410000000,29.9558255873
4.5420000000,29.9462566442
4.5430000000,29.5468401577
4.5440000000,28.7625211527
4.5450000000,27.6032654488
4.5460000000,26.0839374676
4.5470000000,24.2241139053
4.5480000000,22.0478355439
4.5490000000,19.5833002939
4.5500000000,16.8625013356
4.5510000000,13.9208149533
4.5520000000,10.7965433316
4.5530000000,7.5304181826
4.5540000000,4.1650716052
4.5550000000,0.7444810247
4.5560000000,-2.6866045819
4.5570000000,-6.0832497019
4.5580000000,-9.4009209022
4.5590000000,-12.5960713354
4.5600000000,-15.6267134576
4.5610000000,-18.4529724121
4.5620000000,-21.0376127663
4.5630000000,-23.3465316190
4.5640000000,-25.3492115152
4.5650000000,-27.0191271163
4.5660000000,-28.3341001667
4.5670000000,-29.2765979597
4.5680000000,-29.8339712371
4.5690000000,-29.9986282436
4.5700000000,-29.7681424895
4.5710000000,-29.1452926399
4.5720000000,-28.1380338422
4.5730000000,-26.7594007051
4.5740000000,-25.0273430446
4.5750000000,-22.9644964048
4.5760000000,-20.5978902291
4.5770000000,-17.9585973875
4.5780000000,-15.0813295546
4.5790000000,-12.0039836598
4.5800000000,-8.7671452962
4.5810000000,-5.4135555573
4.5820000000,-1.9875482785
4.5830000000,1.4655349318
4.5840000000,4.8999441689
4.5850000000,8.2701273004
4.5860000000,11.5313345995
4.5870000000,14.6402139151
4.5880000000,17.5553884497
4.5890000000,20.2380094280
4.5900000000,22.6522762494
4.5910000000,24.7659171294
4.5920000000,26.5506237410
4.5930000000,27.9824339612
4.5940000000,29.0420575015
4.5950000000,29.7151399475
4.5960000000,29.9924615424
4.5970000000,29.8700679070
4.5980000000,29.3493307899
4.5990000000,28.4369378692
4.6000000000,27.1448115740
4.6010000000,25.4899578373
4.6020000000,23.4942466366
4.6030000000,21.1841270905
4.6040000000,18.5902807660
4.6050000000,15.7472176874
4.6060000000,12.6928203171
4.6070000000,9.4678414895
4.6080000000,6.1153629159
4.6090000000,2.6802214223
4.6100000000,-0.7915894642
4.6110000000,-4.2535346111
4.6120000000,-7.6591608441
4.6130000000,-10.9627206274
4.6140000000,-14.1197874833
4.6150000000,-17.0878548632
4.6160000000,-19.8269103784
4.6170000000,-22.2999776102
4.6180000000,-24.4736181319
4.6190000000,-26.3183868907
4.6200000000,-27.8092347054
4.6210000000,-28.9258523322
4.6220000000,-29.6529513222
4.6230000000,-29.9804777323
4.6240000000,-29.9037556478
4.6250000000,-29.4235584121
4.6260000000,-28.5461064305
4.6270000000,-27.2829914023
4.6280000000,-25.6510278308
4.6290000000,-23.6720336455
4.6300000000,-21.3725427349
4.6310000000,-18.7834531180
4.6320000000,-15.9396153633
4.6330000000,-12.8793666876
4.6340000000,-9.6440169182
4.6350000000,-6.2772931695
4.6360000000,-2.8247506681
4.6370000000,0.6668423632
4.6380000000,4.1501374749
4.6390000000,7.5778478655
4.6400000000,10.9033906638
4.6410000000,14.0815208920
4.6420000000,17.0689484717
4.6430000000,19.8249298406
4.6440000000,22.3118260700
4.6450000000,24.4956198074
4.6460000000,26.3463839051
4.6470000000,27.8386952382
4.6480000000,28.9519879396
4.6490000000,29.6708410943
4.6500000000,29.9851968110
4.6510000000,29.8905055321
4.6520000000,29.3877964255
4.6530000000,28.4836717186
4.6540000000,27.1902248732
4.6550000000,25.5248835398
4.6560000000,23.5101792607
4.6570000000,21.1734469003
4.6580000000,18.5464577508
4.6590000000,15.6649911815
4.6600000000,12.5683505540
4.6610000000,9.2988299073
4.6620000000,5.9011386098
4.6630000000,2.4217917702
4.6640000000,-1.0915253070
4.6650000000,-4.5906099561
4.6660000000,-8.0274033503
4.6670000000,-11.3546510005
4.6680000000,-14.5265534710
4.6690000000,-17.4993983398
4.6700000000,-20.2321646648
4.6710000000,-22.6870915701
4.6720000000,-24.8302030385
4.6730000000,-26.6317815768
4.6740000000,-28.0667841058
4.6750000000,-29.1151942041
4.6760000000,-29.7623056975
4.6770000000,-29.9989335182
4.6780000000,-29.8215487524
4.6790000000,-29.2323358319
4.6800000000,-28.2391708973
4.6810000000,-26.8555214458
4.6820000000,-25.1002684667
4.6830000000,-22.9974533436
4.6840000000,-20.5759528496
4.6850000000,-17.8690865665
4.6860000000,-14.9141620089
4.6870000000,-11.7519636102
4.6880000000,-8.4261925244
4.6890000000,-4.9828648985
4.6900000000,-1.4696768689
4.6910000000,2.0646549824
4.6920000000,5.5710686072
4.6930000000,9.0008375647
4.6940000000,12.3062487364
4.6950000000,15.4412672500
4.6960000000,18.3621793309
4.6970000000,21.0282040828
4.6980000000,23.4020656064
4.6990000000,25.4505173930
4.7000000000,27.1448115740
4.7010000000,28.4611063539
4.7020000000,29.3808058012
4.7030000000,29.8908270953
4.7040000000,29.9837913309
4.7050000000,29.6581350357
4.7060000000,28.9181406572
4.7070000000,27.7738854050
4.7080000000,26.2411089705
4.7090000000,24.3410017878
4.7100000000,22.0999166109
4.7110000000,19.5490072684
4.7120000000,16.7237994841
4.7130000000,13.6636996204
4.7140000000,10.4114480853
4.7150000000,7.0125249405
4.7160000000,3.5145159388
4.7170000000,-0.0335522025
4.7180000000,-3.5818980304
4.7190000000,-7.0806834944
4.7200000000,-10.4807142130
4.7210000000,-13.7341320240
4.7220000000,-16.7950900614
4.7230000000,-19.6204008165
4.7240000000,-22.1701479975
4.7250000000,-24.4082534850
4.7260000000,-26.3029912910
4.7270000000,-27.8274411521
4.7280000000,-28.9598752207
4.7290000000,-29.6840722425
4.7300000000,-29.9895546169
4.7310000000,-29.8717448147
4.7320000000,-29.3320387549
4.7330000000,-28.3777949109
4.7340000000,-27.0222391049
4.7350000000,-25.2842861404
4.7360000000,-23.1882806032
4.7370000000,-20.7636603137
4.7380000000,-18.0445470157
4.7390000000,-15.0692699324
4.7400000000,-11.8798287866
4.7410000000,-8.5213037593
4.7420000000,-5.0412206334
4.7430000000,-1.4888800277
4.7440000000,2.0853398369
4.7450000000,5.6306969992
4.7460000000,9.0968061412
4.7470000000,12.4343552671
4.7480000000,15.5958084789
4.7490000000,18.5360848150
4.7500000000,21.2132034356
4.7510000000,23.5888858898
4.7520000000,25.6291067847
4.7530000000,27.3045848892
4.7540000000,28.5912075333
4.7550000000,29.4703820949
4.7560000000,29.9293093889
4.7570000000,29.9611748767
4.7580000000,29.5652547746
4.7590000000,28.7469353474
4.7600000000,27.5176449128
4.7610000000,25.8946993252
4.7620000000,23.9010629505
4.7630000000,21.5650283572
4.7640000000,18.9198191219
4.7650000000,16.0031212618
4.7660000000,12.8565498419
4.7670000000,9.5250582561
4.7680000000,6.0562985199
4.7690000000,2.4999416406
4.7700000000,-1.0930322716
4.7710000000,-4.6710640291
4.7720000000,-8.1827550858
4.7730000000,-11.5776063434
4.7740000000,-14.8067454189
4.7750000000,-17.8236318871
4.7760000000,-20.5847302980
4.7770000000,-23.0501412082
4.7780000000,-25.1841810390
4.7790000000,-26.9559022920
4.7800000000,-28.3395464845
4.7810000000,-29.3149231192
4.7820000000,-29.8677090517
4.7830000000,-29.9896637519
4.7840000000,-29.6787571570
4.7850000000,-28.9392080706
4.7860000000,-27.7814323452
4.7870000000,-26.2219013909
4.7880000000,-24.2829128505
4.7890000000,-21.9922765567
4.7900000000,-19.3829201223
4.7910000000,-16.4924196904
4.7920000000,-13.3624624693
4.7930000000,-10.0382486859
4.7940000000,-6.5678414878
4.7950000000,-3.0014741047
4.7960000000,0.6091757763
4.7970000000,4.2117339626
4.7980000000,7.7538892257
4.7990000000,11.1841532794
4.8000000000,14.4526102231
4.8010000000,17.5116445288
4.8020000000,20.3166369325
4.8030000000,22.8266180294
4.8040000000,25.0048699613
4.8050000000,26.8194673134
4.8060000000,28.2437492002
4.8070000000,29.2567155015
4.8080000000,29.8433412970
4.8090000000,29.9948047247
4.8100000000,29.7086247396
4.8110000000,28.9887065554
4.8120000000,27.8452938943
4.8130000000,26.2948285290
4.8140000000,24.3597189600
4.8150000000,22.0680214018
4.8160000000,19.4530375467
4.8170000000,16.5528348025
4.8180000000,13.4096958545
4.8190000000,10.0695054511
4.8200000000,6.5810832602
4.8210000000,2.9954724510
4.8220000000,-0.6348056611
4.8230000000,-4.2565200503
4.8240000000,-7.8165102657
4.8250000000,-11.2624671368
4.8260000000,-14.5437024280
4.8270000000,-17.6118961054
4.8280000000,-20.4218101762
4.8290000000,-22.9319585247
4.8300000000,-25.1052227865
4.8310000000,-26.9094050708
4.8320000000,-28.3177092461
4.8330000000,-29.3091435360
4.8340000000,-29.8688383105
4.8350000000,-29.9882741935
4.8360000000,-29.6654169174
4.8370000000,-28.9047567234
4.8380000000,-27.7172515061
4.8390000000,-26.1201743264
4.8400000000,-24.1368673263
4.8410000000,-21.7964054723
4.8420000000,-19.1331748947
4.8430000000,-16.1863718680
4.8440000000,-12.9994296679
4.8450000000,-9.6193816280
4.8460000000,-6.0961696873
4.8470000000,-2.4819085516
4.8480000000,1.1698837219
4.8490000000,4.8050773814
4.8500000000,8.3697331812
4.8510000000,11.8109032432
4.8520000000,15.0774186829
4.8530000000,18.1206522670
4.8540000000,20.8952447128
4.8550000000,23.3597837462
4.8560000000,25.4774257106
4.8570000000,27.2164503478
4.8580000000,28.5507403374
4.8590000000,29.4601782860
4.8600000000,29.9309550613
4.8610000000,29.9557846761
4.8620000000,29.5340223069
4.8630000000,28.6716834654
4.8640000000,27.3813638158
4.8650000000,25.6820606077
4.8660000000,23.5988981716
4.8670000000,21.1627613604
4.8680000000,18.4098422086
4.8690000000,15.3811063935
4.8700000000,12.1216872980
4.8710000000,8.6802165815
4.8720000000,5.1081011388
4.8730000000,1.4587571560
4.8740000000,-2.2131873551
4.8750000000,-5.8527096605
4.8760000000,-9.4052168341
4.8770000000,-12.8173653618
4.8780000000,-16.0378635049
4.8790000000,-19.0182443360
4.8800000000,-21.7135977690
4.8810000000,-24.0832504896
4.8820000000,-26.0913834455
4.8830000000,-27.7075774696
4.8840000000,-28.9072786636
4.8850000000,-29.6721763558
4.8860000000,-29.9904877453
4.8870000000,-29.8571447337
4.8880000000,-29.2738799081
4.8890000000,-28.2492101531
4.8900000000,-26.7983179075
4.8910000000,-24.9428316279
4.8920000000,-22.7105085468
4.8930000000,-20.1348242961
4.8940000000,-17.2544753868
4.8950000000,-14.1128018693
4.8960000000,-10.7571387244
4.8970000000,-7.2381056359
4.8980000000,-3.6088457549
4.8990000000,0.0757751342
4.9000000000,3.7599970069
4.9010000000,7.3880090602
4.9020000000,10.9047954925
4.9030000000,14.2569707811
4.9040000000,17.3935917628
4.9050000000,20.2669341411
4.9060000000,22.8332215510
4.9070000000,25.0532960016
4.9080000000,26.8932193781
4.9090000000,28.3247967046
4.9100000000,29.3260130361
4.9110000000,29.8813771382
4.9120000000,29.9821665171
4.9130000000,29.6265698459
4.9140000000,28.8197243901
4.9150000000,27.5736476259
4.9160000000,25.9070638567
4.9170000000,23.8451282386
4.9180000000,21.4190521937
4.9190000000,18.6656357096
4.9200000000,15.6267134577
4.9210000000,12.3485229977
4.9220000000,8.8810045503
4.9230000000,5.2770428886
4.9240000000,1.5916628139
4.9250000000,-2.1188095779
4.9260000000,-5.7976070797
4.9270000000,-9.3883898800
4.9280000000,-12.8361091100
4.9290000000,-16.0878521845
4.9300000000,-19.0936569365
4.9310000000,-21.8072819891
4.9320000000,-24.1869214475
4.9330000000,-26.1958528153
4.9340000000,-27.8030080383
4.9350000000,-28.9834587307
4.9360000000,-29.7188079367
4.9370000000,-29.9974821941
4.9380000000,-29.8149191882
4.9390000000,-29.1736478729
4.9400000000,-28.0832595893
4.9410000000,-26.5602703817
4.9420000000,-24.6278763906
4.9430000000,-22.3156058552
4.9440000000,-19.6588728596
4.9450000000,-16.6984394884
4.9460000000,-13.4797944867
4.9470000000,-10.0524578305
4.9480000000,-6.4692217823
4.9490000000,-2.7853400159
4.9500000000,0.9423227723
4.9510000000,4.6561677055
4.9520000000,8.2987515165
4.9530000000,11.8136755471
4.9540000000,15.1464601924
4.9550000000,18.2453912139
4.9560000000,21.0623247502
4.9570000000,23.5534384531
4.9580000000,25.6799169858
4.9590000000,27.4085611022
4.9600000000,28.7123106872
4.9610000000,29.5706734477
4.9620000000,29.9700523863
4.9630000000,29.9039667460
4.9640000000,29.3731627564
4.9650000000,28.3856122139
4.9660000000,26.9563986706
4.9670000000,25.1074927533
4.9680000000,22.8674198658
4.9690000000,20.2708252100
4.9700000000,17.3579426783
4.9710000000,14.1739756795
4.9720000000,10.7683993614
4.9730000000,7.1941949381
4.9740000000,3.5070279235
4.9750000000,-0.2356170267
4.9760000000,-3.9753312455
4.9770000000,-7.6536932409
4.9780000000,-11.2131817280
4.9790000000,-14.5980762368
4.9800000000,-17.7553311777
4.9810000000,-20.6354096298
4.9820000000,-23.1930637060
4.9830000000,-25.3880491594
4.9840000000,-27.1857628849
4.9850000000,-28.5577931564
4.9860000000,-29.4823737774
4.9870000000,-29.9447348089
4.9880000000,-29.9373441428
4.9890000000,-29.4600358872
4.9900000000,-28.5200232980
4.9910000000,-27.1317957983
4.9920000000,-25.3169014503
4.9930000000,-23.1036180459
4.9940000000,-20.5265177476
4.9950000000,-17.6259318932
4.9960000000,-14.4473241736
4.9970000000,-11.0405818526
4.9980000000,-7.4592360165
4.9990000000,-3.7596229882
