time (s),velocity (rpm)
0.0000000000,0.0000000000
0.0010000000,0.0010995574
0.0020000000,0.0043982297
0.0030000000,0.0098960168
0.0040000000,0.0175929185
0.0050000000,0.0274889343
0.0060000000,0.0395840633
0.0070000000,0.0538783036
0.0080000000,0.0703716522
0.0090000000,0.0890641046
0.0100000000,0.1099556542
0.0110000000,0.1330462919
0.0120000000,0.1583360051
0.0130000000,0.1858247777
0.0140000000,0.2155125887
0.0150000000,0.2473994120
0.0160000000,0.2814852149
0.0170000000,0.3177699577
0.0180000000,0.3562535925
0.0190000000,0.3969360623
0.0200000000,0.4398172994
0.0210000000,0.4848972250
0.0220000000,0.5321757471
0.0230000000,0.5816527600
0.0240000000,0.6333281424
0.0250000000,0.6872017559
0.0260000000,0.7432734441
0.0270000000,0.8015430304
0.0280000000,0.8620103166
0.0290000000,0.9246750815
0.0300000000,0.9895370786
0.0310000000,1.0565960346
0.0320000000,1.1258516477
0.0330000000,1.1973035852
0.0340000000,1.2709514818
0.0350000000,1.3467949375
0.0360000000,1.4248335154
0.0370000000,1.5050667395
0.0380000000,1.5874940925
0.0390000000,1.6721150134
0.0400000000,1.7589288953
0.0410000000,1.8479350825
0.0420000000,1.9391328685
0.0430000000,2.0325214932
0.0440000000,2.1281001403
0.0450000000,2.2258679344
0.0460000000,2.3258239385
0.0470000000,2.4279671511
0.0480000000,2.5322965033
0.0490000000,2.6388108557
0.0500000000,2.7475089956
0.0510000000,2.8583896339
0.0520000000,2.9714514016
0.0530000000,3.0866928474
0.0540000000,3.2041124334
0.0550000000,3.3237085327
0.0560000000,3.4454794254
0.0570000000,3.5694232954
0.0580000000,3.6955382271
0.0590000000,3.8238222011
0.0600000000,3.9542730917
0.0610000000,4.0868886621
0.0620000000,4.2216665612
0.0630000000,4.3586043200
0.0640000000,4.4976993473
0.0650000000,4.6389489257
0.0660000000,4.7823502083
0.0670000000,4.9279002138
0.0680000000,5.0755958230
0.0690000000,5.2254337745
0.0700000000,5.3774106602
0.0710000000,5.5315229215
0.0720000000,5.6877668446
0.0730000000,5.8461385561
0.0740000000,6.0066340191
0.0750000000,6.1692490278
0.0760000000,6.3339792038
0.0770000000,6.5008199910
0.0780000000,6.6697666512
0.0790000000,6.8408142591
0.0800000000,7.0139576978
0.0810000000,7.1891916539
0.0820000000,7.3665106125
0.0830000000,7.5459088527
0.0840000000,7.7273804420
0.0850000000,7.9109192318
0.0860000000,8.0965188521
0.0870000000,8.2841727065
0.0880000000,8.4738739668
0.0890000000,8.6656155681
0.0900000000,8.8593902036
0.0910000000,9.0551903187
0.0920000000,9.2530081064
0.0930000000,9.4528355015
0.0940000000,9.6546641753
0.0950000000,9.8584855300
0.0960000000,10.0642906933
0.0970000000,10.2720705131
0.0980000000,10.4818155514
0.0990000000,10.6935160790
0.1000000000,10.9071620698
0.1010000000,11.1227431953
0.1020000000,11.3402488183
0.1030000000,11.5596679879
0.1040000000,11.7809894330
0.1050000000,12.0042015573
0.1060000000,12.2292924324
0.1070000000,12.4562497930
0.1080000000,12.6850610302
0.1090000000,12.9157131862
0.1100000000,13.1481929478
0.1110000000,13.3824866408
0.1120000000,13.6185802239
0.1130000000,13.8564592828
0.1140000000,14.0961090240
0.1150000000,14.3375142690
0.1160000000,14.5806594482
0.1170000000,14.8255285944
0.1180000000,15.0721053376
0.1190000000,15.3203728983
0.1200000000,15.5703140815
0.1210000000,15.8219112709
0.1220000000,16.0751464224
0.1230000000,16.3300010585
0.1240000000,16.5864562619
0.1250000000,16.8444926696
0.1260000000,17.1040904667
0.1270000000,17.3652293805
0.1280000000,17.6278886744
0.1290000000,17.8920471418
0.1300000000,18.1576831002
0.1310000000,18.4247743852
0.1320000000,18.6932983446
0.1330000000,18.9632318322
0.1340000000,19.2345512023
0.1350000000,19.5072323034
0.1360000000,19.7812504725
0.1370000000,20.0565805297
0.1380000000,20.3331967716
0.1390000000,20.6110729663
0.1400000000,20.8901823473
0.1410000000,21.1704976081
0.1420000000,21.4519908963
0.1430000000,21.7346338083
0.1440000000,22.0183973840
0.1450000000,22.3032521008
0.1460000000,22.5891678687
0.1470000000,22.8761140249
0.1480000000,23.1640593286
0.1490000000,23.4529719556
0.1500000000,23.7428194935
0.1510000000,24.0335689367
0.1520000000,24.3251866813
0.1530000000,24.6176385203
0.1540000000,24.9108896390
0.1550000000,25.2049046103
0.1560000000,25.4996473899
0.1570000000,25.7950813125
0.1580000000,26.0911690865
0.1590000000,26.3878727909
0.1600000000,26.6851538700
0.1610000000,26.9829731305
0.1620000000,27.2812907367
0.1630000000,27.5800662076
0.1640000000,27.8792584125
0.1650000000,28.1788255680
0.1660000000,28.4787252344
0.1670000000,28.7789143130
0.1680000000,29.0793490421
0.1690000000,29.3799849951
0.1700000000,29.6807770772
0.1710000000,29.9816795228
0.1720000000,30.2826458934
0.1730000000,30.5836290751
0.1740000000,30.8845812766
0.1750000000,31.1854540273
0.1760000000,31.4861981757
0.1770000000,31.7867638876
0.1780000000,32.0871006452
0.1790000000,32.3871572456
0.1800000000,32.6868818002
0.1810000000,32.9862217336
0.1820000000,33.2851237836
0.1830000000,33.5835340004
0.1840000000,33.8813977472
0.1850000000,34.1786596996
0.1860000000,34.4752638468
0.1870000000,34.7711534916
0.1880000000,35.0662712519
0.1890000000,35.3605590614
0.1900000000,35.6539581711
0.1910000000,35.9464091513
0.1920000000,36.2378518931
0.1930000000,36.5282256109
0.1940000000,36.8174688450
0.1950000000,37.1055194638
0.1960000000,37.3923146676
0.1970000000,37.6777909916
0.1980000000,37.9618843095
0.1990000000,38.2445298375
0.2000000000,38.5256621388
0.2010000000,38.8052151279
0.2020000000,39.0831220759
0.2030000000,39.3593156151
0.2040000000,39.6337277452
0.2050000000,39.9062898390
0.2060000000,40.1769326486
0.2070000000,40.4455863120
0.2080000000,40.7121803601
0.2090000000,40.9766437239
0.2100000000,41.2389047426
0.2110000000,41.4988911711
0.2120000000,41.7565301887
0.2130000000,42.0117484078
0.2140000000,42.2644718835
0.2150000000,42.5146261224
0.2160000000,42.7621360933
0.2170000000,43.0069262374
0.2180000000,43.2489204787
0.2190000000,43.4880422357
0.2200000000,43.7242144326
0.2210000000,43.9573595119
0.2220000000,44.1873994461
0.2230000000,44.4142557512
0.2240000000,44.6378494996
0.2250000000,44.8581013343
0.2260000000,45.0749314828
0.2270000000,45.2882597715
0.2280000000,45.4980056416
0.2290000000,45.7040881637
0.2300000000,45.9064260546
0.2310000000,46.1049376935
0.2320000000,46.2995411386
0.2330000000,46.4901541451
0.2340000000,46.6766941827
0.2350000000,46.8590784542
0.2360000000,47.0372239143
0.2370000000,47.2110472888
0.2380000000,47.3804650944
0.2390000000,47.5453936596
0.2400000000,47.7057491445
0.2410000000,47.8614475631
0.2420000000,48.0124048045
0.2430000000,48.1585366553
0.2440000000,48.2997588227
0.2450000000,48.4359869574
0.2460000000,48.5671366777
0.2470000000,48.6931235937
0.2480000000,48.8138633323
0.2490000000,48.9292715622
0.2500000000,49.0392640202
0.2510000000,49.1437565371
0.2520000000,49.2426650649
0.2530000000,49.3359057042
0.2540000000,49.4233947319
0.2550000000,49.5050486295
0.2560000000,49.5807841125
0.2570000000,49.6505181593
0.2580000000,49.7141680415
0.2590000000,49.7716513542
0.2600000000,49.8228860468
0.2610000000,49.8677904546
0.2620000000,49.9062833310
0.2630000000,49.9382838793
0.2640000000,49.9637117862
0.2650000000,49.9824872552
0.2660000000,49.9945310400
0.2670000000,49.9997644796
0.2680000000,49.9981095326
0.2690000000,49.9894888130
0.2700000000,49.9738256257
0.2710000000,49.9510440030
0.2720000000,49.9210687413
0.2730000000,49.8838254381
0.2740000000,49.8392405302
0.2750000000,49.7872413312
0.2760000000,49.7277560703
0.2770000000,49.6607139312
0.2780000000,49.5860450918
0.2790000000,49.5036807632
0.2800000000,49.4135532309
0.2810000000,49.3155958946
0.2820000000,49.2097433095
0.2830000000,49.0959312275
0.2840000000,48.9740966392
0.2850000000,48.8441778154
0.2860000000,48.7061143503
0.2870000000,48.5598472033
0.2880000000,48.4053187429
0.2890000000,48.2424727894
0.2900000000,48.0712546590
0.2910000000,47.8916112074
0.2920000000,47.7034908741
0.2930000000,47.5068437271
0.2940000000,47.3016215071
0.2950000000,47.0877776727
0.2960000000,46.8652674455
0.2970000000,46.6340478553
0.2980000000,46.3940777856
0.2990000000,46.1453180193
0.3000000000,45.8877312842
0.3010000000,45.6212822992
0.3020000000,45.3459378200
0.3030000000,45.0616666855
0.3040000000,44.7684398635
0.3050000000,44.4662304971
0.3060000000,44.1550139510
0.3070000000,43.8347678573
0.3080000000,43.5054721622
0.3090000000,43.1671091714
0.3100000000,42.8196635970
0.3110000000,42.4631226026
0.3120000000,42.0974758500
0.3130000000,41.7227155440
0.3140000000,41.3388364789
0.3150000000,40.9458360829
0.3160000000,40.5437144640
0.3170000000,40.1324744547
0.3180000000,39.7121216563
0.3190000000,39.2826644836
0.3200000000,38.8441142088
0.3210000000,38.3964850054
0.3220000000,37.9397939910
0.3230000000,37.4740612707
0.3240000000,36.9993099791
0.3250000000,36.5155663228
0.3260000000,36.0228596214
0.3270000000,35.5212223486
0.3280000000,35.0106901730
0.3290000000,34.4913019972
0.3300000000,33.9630999976
0.3310000000,33.4261296627
0.3320000000,32.8804398306
0.3330000000,32.3260827269
0.3340000000,31.7631140004
0.3350000000,31.1915927588
0.3360000000,30.6115816038
0.3370000000,30.0231466644
0.3380000000,29.4263576305
0.3390000000,28.8212877846
0.3400000000,28.2080140328
0.3410000000,27.5866169354
0.3420000000,26.9571807354
0.3430000000,26.3197933867
0.3440000000,25.6745465810
0.3450000000,25.0215357737
0.3460000000,24.3608602080
0.3470000000,23.6926229384
0.3480000000,23.0169308529
0.3490000000,22.3338946936
0.3500000000,21.6436290760
0.3510000000,20.9462525073
0.3520000000,20.2418874027
0.3530000000,19.5306601007
0.3540000000,18.8127008770
0.3550000000,18.0881439561
0.3560000000,17.3571275224
0.3570000000,16.6197937288
0.3580000000,15.8762887041
0.3590000000,15.1267625588
0.3600000000,14.3713693887
0.3610000000,13.6102672773
0.3620000000,12.8436182960
0.3630000000,12.0715885026
0.3640000000,11.2943479381
0.3650000000,10.5120706211
0.3660000000,9.7249345409
0.3670000000,8.9331216480
0.3680000000,8.1368178431
0.3690000000,7.3362129637
0.3700000000,6.5315007684
0.3710000000,5.7228789199
0.3720000000,4.9105489650
0.3730000000,4.0947163128
0.3740000000,3.2755902103
0.3750000000,2.4533837164
0.3760000000,1.6283136729
0.3770000000,0.8006006735
0.3780000000,-0.0295309692
0.3790000000,-0.8618532603
0.3800000000,-1.6961345602
0.3810000000,-2.5321396253
0.3820000000,-3.3696296514
0.3830000000,-4.2083623195
0.3840000000,-5.0480918436
0.3850000000,-5.8885690218
0.3860000000,-6.7295412895
0.3870000000,-7.5707527757
0.3880000000,-8.4119443611
0.3890000000,-9.2528537399
0.3900000000,-10.0932154836
0.3910000000,-10.9327611075
0.3920000000,-11.7712191403
0.3930000000,-12.6083151960
0.3940000000,-13.4437720492
0.3950000000,-14.2773097123
0.3960000000,-15.1086455160
0.3970000000,-15.9374941927
0.3980000000,-16.7635679624
0.3990000000,-17.5865766214
0.4000000000,-18.4062276342
0.4010000000,-19.2222262279
0.4020000000,-20.0342754890
0.4030000000,-20.8420764644
0.4040000000,-21.6453282635
0.4050000000,-22.4437281645
0.4060000000,-23.2369717229
0.4070000000,-24.0247528826
0.4080000000,-24.8067640905
0.4090000000,-25.5826964135
0.4100000000,-26.3522396581
0.4110000000,-27.1150824931
0.4120000000,-27.8709125752
0.4130000000,-28.6194166767
0.4140000000,-29.3602808168
0.4150000000,-30.0931903948
0.4160000000,-30.8178303266
0.4170000000,-31.5338851834
0.4180000000,-32.2410393335
0.4190000000,-32.9389770862
0.4200000000,-33.6273828385
0.4210000000,-34.3059412247
0.4220000000,-34.9743372677
0.4230000000,-35.6322565336
0.4240000000,-36.2793852878
0.4250000000,-36.9154106546
0.4260000000,-37.5400207782
0.4270000000,-38.1529049861
0.4280000000,-38.7537539553
0.4290000000,-39.3422598800
0.4300000000,-39.9181166417
0.4310000000,-40.4810199815
0.4320000000,-41.0306676741
0.4330000000,-41.5667597037
0.4340000000,-42.0889984420
0.4350000000,-42.5970888280
0.4360000000,-43.0907385490
0.4370000000,-43.5696582241
0.4380000000,-44.0335615881
0.4390000000,-44.4821656782
0.4400000000,-44.9151910206
0.4410000000,-45.3323618200
0.4420000000,-45.7334061489
0.4430000000,-46.1180561387
0.4440000000,-46.4860481721
0.4450000000,-46.8371230754
0.4460000000,-47.1710263125
0.4470000000,-47.4875081795
0.4480000000,-47.7863239997
0.4490000000,-48.0672343187
0.4500000000,-48.3300051008
0.4510000000,-48.5744079252
0.4520000000,-48.8002201817
0.4530000000,-49.0072252677
0.4540000000,-49.1952127841
0.4550000000,-49.3639787313
0.4560000000,-49.5133257051
0.4570000000,-49.6430630915
0.4580000000,-49.7530072615
0.4590000000,-49.8429817650
0.4600000000,-49.9128175232
0.4610000000,-49.9623530212
0.4620000000,-49.9914344978
0.4630000000,-49.9999161358
0.4640000000,-49.9876602491
0.4650000000,-49.9545374695
0.4660000000,-49.9004269309
0.4670000000,-49.8252164520
0.4680000000,-49.7288027170
0.4690000000,-49.6110914532
0.4700000000,-49.4719976078
0.4710000000,-49.3114455203
0.4720000000,-49.1293690937
0.4730000000,-48.9257119620
0.4740000000,-48.7004276547
0.4750000000,-48.4534797585
0.4760000000,-48.1848420753
0.4770000000,-47.8944987763
0.4780000000,-47.5824445535
0.4790000000,-47.2486847658
0.4800000000,-46.8932355824
0.4810000000,-46.5161241213
0.4820000000,-46.1173885829
0.4830000000,-45.6970783805
0.4840000000,-45.2552542643
0.4850000000,-44.7919884418
0.4860000000,-44.3073646923
0.4870000000,-43.8014784767
0.4880000000,-43.2744370412
0.4890000000,-42.7263595160
0.4900000000,-42.1573770078
0.4910000000,-41.5676326868
0.4920000000,-40.9572818664
0.4930000000,-40.3264920784
0.4940000000,-39.6754431400
0.4950000000,-39.0043272153
0.4960000000,-38.3133488695
0.4970000000,-37.6027251159
0.4980000000,-36.8726854564
0.4990000000,-36.1234719143
0.5000000000,-35.3553390593
0.5010000000,-34.5685540260
0.5020000000,-33.7633965233
0.5030000000,-32.9401588366
0.5040000000,-32.0991458220
0.5050000000,-31.2406748920
0.5060000000,-30.3650759929
0.5070000000,-29.4726915739
0.5080000000,-28.5638765472
0.5090000000,-27.6389982400
0.5100000000,-26.6984363366
0.5110000000,-25.7425828127
0.5120000000,-24.7718418592
0.5130000000,-23.7866297986
0.5140000000,-22.7873749899
0.5150000000,-21.7745177257
0.5160000000,-20.7485101193
0.5170000000,-19.7098159815
0.5180000000,-18.6589106889
0.5190000000,-17.5962810409
0.5200000000,-16.5224251086
0.5210000000,-15.4378520719
0.5220000000,-14.3430820480
0.5230000000,-13.2386459091
0.5240000000,-12.1250850903
0.5250000000,-11.0029513871
0.5260000000,-9.8728067426
0.5270000000,-8.7352230255
0.5280000000,-7.5907817960
0.5290000000,-6.4400740635
0.5300000000,-5.2837000323
0.5310000000,-4.1222688384
0.5320000000,-2.9563982748
0.5330000000,-1.7867145079
0.5340000000,-0.6138517829
0.5350000000,0.5615478811
0.5360000000,1.7388350055
0.5370000000,2.9173529770
0.5380000000,4.0964383824
0.5390000000,5.2754213530
0.5400000000,6.4536259191
0.5410000000,7.6303703744
0.5420000000,8.8049676495
0.5430000000,9.9767256952
0.5440000000,11.1449478750
0.5450000000,12.3089333675
0.5460000000,13.4679775768
0.5470000000,14.6213725526
0.5480000000,15.7684074191
0.5490000000,16.9083688121
0.5500000000,18.0405413244
0.5510000000,19.1642079603
0.5520000000,20.2786505971
0.5530000000,21.3831504548
0.5540000000,22.4769885733
0.5550000000,23.5594462970
0.5560000000,24.6298057664
0.5570000000,25.6873504162
0.5580000000,26.7313654805
0.5590000000,27.7611385035
0.5600000000,28.7759598568
0.5610000000,29.7751232620
0.5620000000,30.7579263185
0.5630000000,31.7236710362
0.5640000000,32.6716643736
0.5650000000,33.6012187789
0.5660000000,34.5116527362
0.5670000000,35.4022913145
0.5680000000,36.2724667203
0.5690000000,37.1215188524
0.5700000000,37.9487958599
0.5710000000,38.7536547013
0.5720000000,39.5354617059
0.5730000000,40.2935931353
0.5740000000,41.0274357470
0.5750000000,41.7363873565
0.5760000000,42.4198574005
0.5770000000,43.0772674989
0.5780000000,43.7080520155
0.5790000000,44.3116586167
0.5800000000,44.8875488291
0.5810000000,45.4351985933
0.5820000000,45.9540988149
0.5830000000,46.4437559121
0.5840000000,46.9036923586
0.5850000000,47.3334472220
0.5860000000,47.7325766970
0.5870000000,48.1006546325
0.5880000000,48.4372730524
0.5890000000,48.7420426699
0.5900000000,49.0145933938
0.5910000000,49.2545748266
0.5920000000,49.4616567550
0.5930000000,49.6355296304
0.5940000000,49.7759050397
0.5950000000,49.8825161662
0.5960000000,49.9551182394
0.5970000000,49.9934889735
0.5980000000,49.9974289940
0.5990000000,49.9667622513
0.6000000000,49.9013364214
0.6010000000,49.8010232936
0.6020000000,49.6657191424
0.6030000000,49.4953450863
0.6040000000,49.2898474297
0.6050000000,49.0491979900
0.6060000000,48.7733944076
0.6070000000,48.4624604389
0.6080000000,48.1164462318
0.6090000000,47.7354285835
0.6100000000,47.3195111785
0.6110000000,46.8688248090
0.6120000000,46.3835275741
0.6130000000,45.8638050602
0.6140000000,45.3098704993
0.6150000000,44.7219649076
0.6160000000,44.1003572013
0.6170000000,43.4453442910
0.6180000000,42.7572511533
0.6190000000,42.0364308793
0.6200000000,41.2832647004
0.6210000000,40.4981619892
0.6220000000,39.6815602373
0.6230000000,38.8339250076
0.6240000000,37.9557498629
0.6250000000,37.0475562677
0.6260000000,36.1098934659
0.6270000000,35.1433383315
0.6280000000,34.1484951941
0.6290000000,33.1259956370
0.6300000000,32.0764982699
0.6310000000,31.0006884733
0.6320000000,29.8992781169
0.6330000000,28.7730052504
0.6340000000,27.6226337670
0.6350000000,26.4489530389
0.6360000000,25.2527775263
0.6370000000,24.0349463575
0.6380000000,22.7963228819
0.6390000000,21.5377941956
0.6400000000,20.2602706380
0.6410000000,18.9646852622
0.6420000000,17.6519932771
0.6430000000,16.3231714611
0.6440000000,14.9792175504
0.6450000000,13.6211495978
0.6460000000,12.2500053061
0.6470000000,10.8668413334
0.6480000000,9.4727325729
0.6490000000,8.0687714055
0.6500000000,6.6560669263
0.6510000000,5.2357441465
0.6520000000,3.8089431684
0.6530000000,2.3768183366
0.6540000000,0.9405373644
0.6550000000,-0.4987195639
0.6560000000,-1.9397607142
0.6570000000,-3.3813837466
0.6580000000,-4.8223766822
0.6590000000,-6.2615188911
0.6600000000,-7.6975821022
0.6610000000,-9.1293314326
0.6620000000,-10.5555264382
0.6630000000,-11.9749221814
0.6640000000,-13.3862703191
0.6650000000,-14.7883202063
0.6660000000,-16.1798200180
0.6670000000,-17.5595178852
0.6680000000,-18.9261630471
0.6690000000,-20.2785070164
0.6700000000,-21.6153047579
0.6710000000,-22.9353158787
0.6720000000,-24.2373058298
0.6730000000,-25.5200471169
0.6740000000,-26.7823205207
0.6750000000,-28.0229163241
0.6760000000,-29.2406355464
0.6770000000,-30.4342911828
0.6780000000,-31.6027094476
0.6790000000,-32.7447310207
0.6800000000,-33.8592122959
0.6810000000,-34.9450266290
0.6820000000,-36.0010655856
0.6830000000,-37.0262401860
0.6840000000,-38.0194821475
0.6850000000,-38.9797451207
0.6860000000,-39.9060059201
0.6870000000,-40.7972657475
0.6880000000,-41.6525514048
0.6890000000,-42.4709164978
0.6900000000,-43.2514426277
0.6910000000,-43.9932405682
0.6920000000,-44.6954514292
0.6930000000,-45.3572478033
0.6940000000,-45.9778348947
0.6950000000,-46.5564516286
0.6960000000,-47.0923717408
0.6970000000,-47.5849048436
0.6980000000,-48.0333974692
0.6990000000,-48.4372340875
0.7000000000,-48.7958380969
0.7010000000,-49.1086727877
0.7020000000,-49.3752422747
0.7030000000,-49.5950924004
0.7040000000,-49.7678116040
0.7050000000,-49.8930317573
0.7060000000,-49.9704289655
0.7070000000,-49.9997243301
0.7080000000,-49.9806846751
0.7090000000,-49.9131232322
0.7100000000,-49.7969002862
0.7110000000,-49.6319237778
0.7120000000,-49.4181498625
0.7130000000,-49.1555834258
0.7140000000,-48.8442785510
0.7150000000,-48.4843389411
0.7160000000,-48.0759182917
0.7170000000,-47.6192206142
0.7180000000,-47.1145005090
0.7190000000,-46.5620633869
0.7200000000,-45.9622656375
0.7210000000,-45.3155147444
0.7220000000,-44.6222693459
0.7230000000,-43.8830392400
0.7240000000,-43.0983853338
0.7250000000,-42.2689195352
0.7260000000,-41.3953045878
0.7270000000,-40.4782538469
0.7280000000,-39.5185309970
0.7290000000,-38.5169497095
0.7300000000,-37.4743732412
0.7310000000,-36.3917139720
0.7320000000,-35.2699328822
0.7330000000,-34.1100389689
0.7340000000,-32.9130886018
0.7350000000,-31.6801848172
0.7360000000,-30.4124765509
0.7370000000,-29.1111578106
0.7380000000,-27.7774667867
0.7390000000,-26.4126849016
0.7400000000,-25.0181357999
0.7410000000,-23.5951842766
0.7420000000,-22.1452351468
0.7430000000,-20.6697320551
0.7440000000,-19.1701562263
0.7450000000,-17.6480251584
0.7460000000,-16.1048912578
0.7470000000,-14.5423404179
0.7480000000,-12.9619905418
0.7490000000,-11.3654900113
0.7500000000,-9.7545161008
0.7510000000,-8.1307733399
0.7520000000,-6.4959918244
0.7530000000,-4.8519254773
0.7540000000,-3.2003502617
0.7550000000,-1.5430623463
0.7560000000,0.1181237739
0.7570000000,1.7813772012
0.7580000000,3.4448526002
0.7590000000,5.1066922029
0.7600000000,6.7650278528
0.7610000000,8.4179830837
0.7620000000,10.0636752341
0.7630000000,11.7002175926
0.7640000000,13.3257215733
0.7650000000,14.9382989186
0.7660000000,16.5360639271
0.7670000000,18.1171357039
0.7680000000,19.6796404310
0.7690000000,21.2217136555
0.7700000000,22.7415025924
0.7710000000,24.2371684392
0.7720000000,25.7068887003
0.7730000000,27.1488595180
0.7740000000,28.5612980068
0.7750000000,29.9424445888
0.7760000000,31.2905653261
0.7770000000,32.6039542493
0.7780000000,33.8809356760
0.7790000000,35.1198665192
0.7800000000,36.3191385807
0.7810000000,37.4771808264
0.7820000000,38.5924616411
0.7830000000,39.6634910590
0.7840000000,40.6888229674
0.7850000000,41.6670572783
0.7860000000,42.5968420682
0.7870000000,43.4768756789
0.7880000000,44.3059087792
0.7890000000,45.0827463824
0.7900000000,45.8062498167
0.7910000000,46.4753386464
0.7920000000,47.0889925385
0.7930000000,47.6462530738
0.7940000000,48.1462254978
0.7950000000,48.5880804091
0.7960000000,48.9710553811
0.7970000000,49.2944565158
0.7980000000,49.5576599249
0.7990000000,49.7601131361
0.8000000000,49.9013364214
0.8010000000,49.9809240453
0.8020000000,49.9985454287
0.8030000000,49.9539462277
0.8040000000,49.8469493225
0.8050000000,49.6774557161
0.8060000000,49.4454453388
0.8070000000,49.1509777564
0.8080000000,48.7941927809
0.8090000000,48.3753109797
0.8100000000,47.8946340836
0.8110000000,47.3525452894
0.8120000000,46.7495094568
0.8130000000,46.0860731975
0.8140000000,45.3628648545
0.8150000000,44.5805943714
0.8160000000,43.7400530489
0.8170000000,42.8421131883
0.8180000000,41.8877276210
0.8190000000,40.8779291229
0.8200000000,39.8138297134
0.8210000000,38.6966198370
0.8220000000,37.5275674300
0.8230000000,36.3080168695
0.8240000000,35.0393878050
0.8250000000,33.7231738749
0.8260000000,32.3609413051
0.8270000000,30.9543273922
0.8280000000,29.5050388723
0.8290000000,28.0148501739
0.8300000000,26.4856015587
0.8310000000,24.9191971496
0.8320000000,23.3176028479
0.8330000000,21.6828441420
0.8340000000,20.0170038076
0.8350000000,18.3222195033
0.8360000000,16.6006812624
0.8370000000,14.8546288838
0.8380000000,13.0863492243
0.8390000000,11.2981733952
0.8400000000,9.4924738657
0.8410000000,7.6716614767
0.8420000000,5.8381823677
0.8430000000,3.9945148204
0.8440000000,2.1431660233
0.8450000000,0.2866687591
0.8460000000,-1.5724219783
0.8470000000,-3.4315324355
0.8480000000,-5.2880736152
0.8490000000,-7.1394448495
0.8500000000,-8.9830374297
0.8510000000,-10.8162382836
0.8520000000,-12.6364337002
0.8530000000,-14.4410130917
0.8540000000,-16.2273727925
0.8550000000,-17.9929198858
0.8560000000,-19.7350760553
0.8570000000,-21.4512814548
0.8580000000,-23.1389985909
0.8590000000,-24.7957162125
0.8600000000,-26.4189532015
0.8610000000,-28.0062624591
0.8620000000,-29.5552347810
0.8630000000,-31.0635027158
0.8640000000,-32.5287444006
0.8650000000,-33.9486873677
0.8660000000,-35.3211123150
0.8670000000,-36.6438568356
0.8680000000,-37.9148190992
0.8690000000,-39.1319614789
0.8700000000,-40.2933141177
0.8710000000,-41.3969784282
0.8720000000,-42.4411305182
0.8730000000,-43.4240245383
0.8740000000,-44.3439959422
0.8750000000,-45.1994646562
0.8760000000,-45.9889381501
0.8770000000,-46.7110144042
0.8780000000,-47.3643847662
0.8790000000,-47.9478366917
0.8800000000,-48.4602563640
0.8810000000,-48.9006311853
0.8820000000,-49.2680521360
0.8830000000,-49.5617159944
0.8840000000,-49.7809274144
0.8850000000,-49.9251008533
0.8860000000,-49.9937623463
0.8870000000,-49.9865511230
0.8880000000,-49.9032210609
0.8890000000,-49.7436419711
0.8900000000,-49.5078007139
0.8910000000,-49.1958021380
0.8920000000,-48.8078698415
0.8930000000,-48.3443467505
0.8940000000,-47.8056955122
0.8950000000,-47.1924986997
0.8960000000,-46.5054588261
0.8970000000,-45.7453981649
0.8980000000,-44.9132583754
0.8990000000,-44.0100999312
0.9000000000,-43.0371013502
0.9010000000,-41.9955582246
0.9020000000,-40.8868820510
0.9030000000,-39.7125988601
0.9040000000,-38.4743476440
0.9050000000,-37.1738785848
0.9060000000,-35.8130510812
0.9070000000,-34.3938315772
0.9080000000,-32.9182911922
0.9090000000,-31.3886031548
0.9100000000,-29.8070400424
0.9110000000,-28.1759708289
0.9120000000,-26.4978577428
0.9130000000,-24.7752529397
0.9140000000,-23.0107949911
0.9150000000,-21.2072051952
0.9160000000,-19.3672837126
0.9170000000,-17.4939055317
0.9180000000,-15.5900162689
0.9190000000,-13.6586278085
0.9200000000,-11.7028137888
0.9210000000,-9.7257049389
0.9220000000,-7.7304842743
0.9230000000,-5.7203821554
0.9240000000,-3.6986712197
0.9250000000,-1.6686611905
0.9260000000,0.3663064266
0.9270000000,2.4028637534
0.9280000000,4.4376220463
0.9290000000,6.4671772926
0.9300000000,8.4881158868
0.9310000000,10.4970203783
0.9320000000,12.4904752808
0.9330000000,14.4650729341
0.9340000000,16.4174194087
0.9350000000,18.3441404430
0.9360000000,20.2418874027
0.9370000000,22.1073432523
0.9380000000,23.9372285292
0.9390000000,25.7283073073
0.9400000000,27.4773931422
0.9410000000,29.1813549846
0.9420000000,30.8371230530
0.9430000000,32.4416946534
0.9440000000,33.9921399345
0.9450000000,35.4856075697
0.9460000000,36.9193303508
0.9470000000,38.2906306869
0.9480000000,39.5969259928
0.9490000000,40.8357339597
0.9500000000,42.0046776949
0.9510000000,43.1014907203
0.9520000000,44.1240218188
0.9530000000,45.0702397189
0.9540000000,45.9382376049
0.9550000000,46.7262374454
0.9560000000,47.4325941268
0.9570000000,48.0557993849
0.9580000000,48.5944855227
0.9590000000,49.0474289065
0.9600000000,49.4135532309
0.9610000000,49.6919325437
0.9620000000,49.8817940227
0.9630000000,49.9825204961
0.9640000000,49.9936526996
0.9650000000,49.9148912616
0.9660000000,49.7460984113
0.9670000000,49.4872994024
0.9680000000,49.1386836462
0.9690000000,48.7006055502
0.9700000000,48.1735850554
0.9710000000,47.5583078694
0.9720000000,46.8556253906
0.9730000000,46.0665543206
0.9740000000,45.1922759615
0.9750000000,44.2341351972
0.9760000000,43.1936391550
0.9770000000,42.0724555492
0.9780000000,40.8724107034
0.9790000000,39.5954872545
0.9800000000,38.2438215371
0.9810000000,36.8197006515
0.9820000000,35.3255592159
0.9830000000,33.7639758072
0.9840000000,32.1376690925
0.9850000000,30.4494936562
0.9860000000,28.7024355271
0.9870000000,26.8996074119
0.9880000000,25.0442436391
0.9890000000,23.1396948224
0.9900000000,21.1894222499
0.9910000000,19.1969920063
0.9920000000,17.1660688389
0.9930000000,15.1004097746
0.9940000000,13.0038574995
0.9950000000,10.8803335097
0.9960000000,8.7338310470
0.9970000000,6.5684078288
0.9980000000,4.3881785861
0.9990000000,2.1973074213
1.0000000000,0.0000000000
1.0010000000,-2.1995044094
1.0020000000,-4.3969410350
1.0030000000,-6.5880278227
1.0040000000,-8.7684737671
1.0050000000,-10.9339873332
1.0060000000,-13.0802849553
1.0070000000,-15.2030995952
1.0080000000,-17.2981893440
1.0090000000,-19.3613460492
1.0100000000,-21.3884039510
1.0110000000,-23.3752483093
1.0120000000,-25.3178240043
1.0130000000,-27.2121440920
1.0140000000,-29.0542982975
1.0150000000,-30.8404614270
1.0160000000,-32.5669016806
1.0170000000,-34.2299888479
1.0180000000,-35.8262023680
1.0190000000,-37.3521392350
1.0200000000,-38.8045217326
1.0210000000,-40.1802049777
1.0220000000,-41.4761842571
1.0230000000,-42.6896021384
1.0240000000,-43.8177553389
1.0250000000,-44.8581013343
1.0260000000,-45.8082646920
1.0270000000,-46.6660431106
1.0280000000,-47.4294131525
1.0290000000,-48.0965356520
1.0300000000,-48.6657607842
1.0310000000,-49.1356327824
1.0320000000,-49.5048942870
1.0330000000,-49.7724903159
1.0340000000,-49.9375718416
1.0350000000,-49.9994989642
1.0360000000,-49.9578436700
1.0370000000,-49.8123921633
1.0380000000,-49.5631467638
1.0390000000,-49.2103273605
1.0400000000,-48.7543724136
1.0410000000,-48.1959394982
1.0420000000,-47.5359053834
1.0430000000,-46.7753656424
1.0440000000,-45.9156337886
1.0450000000,-44.9582399354
1.0460000000,-43.9049289770
1.0470000000,-42.7576582896
1.0480000000,-41.5185949537
1.0490000000,-40.1901124965
1.0500000000,-38.7747871586
1.0510000000,-37.2753936880
1.0520000000,-35.6949006643
1.0530000000,-34.0364653601
1.0540000000,-32.3034281457
1.0550000000,-30.4993064444
1.0560000000,-28.6277882475
1.0570000000,-26.6927251988
1.0580000000,-24.6981252596
1.0590000000,-22.6481449661
1.0600000000,-20.5470812923
1.0610000000,-18.3993631330
1.0620000000,-16.2095424214
1.0630000000,-13.9822848976
1.0640000000,-11.7223605463
1.0650000000,-9.4346337199
1.0660000000,-7.1240529682
1.0670000000,-4.7956405928
1.0680000000,-2.4544819487
1.0690000000,-0.1057145140
1.0700000000,2.2454832505
1.0710000000,4.5939032267
1.0720000000,6.9343191274
1.0730000000,9.2614981217
1.0740000000,11.5702125724
1.0750000000,13.8552518605
1.0760000000,16.1114342688
1.0770000000,18.3336189000
1.0780000000,20.5167175999
1.0790000000,22.6557068598
1.0800000000,24.7456396696
1.0810000000,26.7816572939
1.0820000000,28.7590009427
1.0830000000,30.6730233087
1.0840000000,32.5191999424
1.0850000000,34.2931404378
1.0860000000,35.9905993996
1.0870000000,37.6074871645
1.0880000000,39.1398802488
1.0890000000,40.5840314950
1.0900000000,41.9363798907
1.0910000000,43.1935600322
1.0920000000,44.3524112093
1.0930000000,45.4099860824
1.0940000000,46.3635589311
1.0950000000,47.2106334474
1.0960000000,47.9489500516
1.0970000000,48.5764927091
1.0980000000,49.0914952260
1.0990000000,49.4924470030
1.1000000000,49.7780982302
1.1010000000,49.9474645022
1.1020000000,49.9998308390
1.1030000000,49.9347550949
1.1040000000,49.7520707432
1.1050000000,49.4518890223
1.1060000000,49.0346004323
1.1070000000,48.5008755719
1.1080000000,47.8516653067
1.1090000000,47.0882002626
1.1100000000,46.2119896386
1.1110000000,45.2248193343
1.1120000000,44.1287493919
1.1130000000,42.9261107493
1.1140000000,41.6195013091
1.1150000000,40.2117813233
1.1160000000,38.7060680997
1.1170000000,37.1057300370
1.1180000000,35.4143799953
1.1190000000,33.6358680130
1.1200000000,31.7742733817
1.1210000000,29.8338960922
1.1220000000,27.8192476661
1.1230000000,25.7350413919
1.1240000000,23.5861819818
1.1250000000,21.3777546715
1.1260000000,19.1150137828
1.1270000000,16.8033707746
1.1280000000,14.4483818063
1.1290000000,12.0557348400
1.1300000000,9.6312363099
1.1310000000,7.1807973889
1.1320000000,4.7104198824
1.1330000000,2.2261817822
1.1340000000,-0.2657774869
1.1350000000,-2.7592720918
1.1360000000,-5.2480850534
1.1370000000,-7.7259837076
1.1380000000,-10.1867353293
1.1390000000,-12.6241228799
1.1400000000,-15.0319608384
1.1410000000,-17.4041110785
1.1420000000,-19.7344987487
1.1430000000,-22.0171281157
1.1440000000,-24.2460983299
1.1450000000,-26.4156190711
1.1460000000,-28.5200260325
1.1470000000,-30.5537962017
1.1480000000,-32.5115628968
1.1490000000,-34.3881305161
1.1500000000,-36.1784889594
1.1510000000,-37.8778276822
1.1520000000,-39.4815493394
1.1530000000,-40.9852829818
1.1540000000,-42.3848967642
1.1550000000,-43.6765101285
1.1560000000,-44.8565054238
1.1570000000,-45.9215389279
1.1580000000,-46.8685512350
1.1590000000,-47.6947769768
1.1600000000,-48.3977538440
1.1610000000,-48.9753308778
1.1620000000,-49.4256760035
1.1630000000,-49.7472827768
1.1640000000,-49.9389763199
1.1650000000,-49.9999184216
1.1660000000,-49.9296117811
1.1670000000,-49.7279033764
1.1680000000,-49.3949869385
1.1690000000,-48.9314045176
1.1700000000,-48.3380471285
1.1710000000,-47.6161544638
1.1720000000,-46.7673136687
1.1730000000,-45.7934571693
1.1740000000,-44.6968595549
1.1750000000,-43.4801335105
1.1760000000,-42.1462248041
1.1770000000,-40.6984063324
1.1780000000,-39.1402712335
1.1790000000,-37.4757250752
1.1800000000,-35.7089771333
1.1810000000,-33.8445307745
1.1820000000,-31.8871729623
1.1830000000,-29.8419629062
1.1840000000,-27.7142198790
1.1850000000,-25.5095102264
1.1860000000,-23.2336335985
1.1870000000,-20.8926084337
1.1880000000,-18.4926567291
1.1890000000,-16.0401881323
1.1900000000,-13.5417833932
1.1910000000,-11.0041772161
1.1920000000,-8.4342405545
1.1930000000,-5.8389623928
1.1940000000,-3.2254310616
1.1950000000,-0.6008151353
1.1960000000,2.0276560399
1.1970000000,4.6527121336
1.1980000000,7.2670618828
1.1990000000,9.8634133541
1.2000000000,12.4344943582
1.2010000000,14.9730729638
1.2020000000,17.4719780497
1.2030000000,19.9241198407
1.2040000000,22.3225103653
1.2050000000,24.6602837783
1.2060000000,26.9307164877
1.2070000000,29.1272470274
1.2080000000,31.2434956155
1.2090000000,33.2732833392
1.2100000000,35.2106509086
1.2110000000,37.0498769204
1.2120000000,38.7854955744
1.2130000000,40.4123137874
1.2140000000,41.9254276487
1.2150000000,43.3202381633
1.2160000000,44.5924662319
1.2170000000,45.7381668152
1.2180000000,46.7537422359
1.2190000000,47.6359545702
1.2200000000,48.3819370853
1.2210000000,48.9892046803
1.2220000000,49.4556632908
1.2230000000,49.7796182215
1.2240000000,49.9597813702
1.2250000000,49.9952773144
1.2260000000,49.8856482314
1.2270000000,49.6308576260
1.2280000000,49.2312928455
1.2290000000,48.6877663632
1.2300000000,48.0015158148
1.2310000000,47.1742027780
1.2320000000,46.2079102860
1.2330000000,45.1051390726
1.2340000000,43.8688025474
1.2350000000,42.5022205059
1.2360000000,41.0091115820
1.2370000000,39.3935844536
1.2380000000,37.6601278176
1.2390000000,35.8135991531
1.2400000000,33.8592122959
1.2410000000,31.8025238522
1.2420000000,29.6494184808
1.2430000000,27.4060930797
1.2440000000,25.0790399156
1.2450000000,22.6750287366
1.2460000000,20.2010879157
1.2470000000,17.6644846730
1.2480000000,15.0727044284
1.2490000000,12.4334293424
1.2500000000,9.7545161008
1.2510000000,7.0439730073
1.2520000000,4.3099364472
1.2530000000,1.5606467894
1.2540000000,-1.1955762040
1.2550000000,-3.9503583886
1.2560000000,-6.6952965956
1.2570000000,-9.4219842605
1.2580000000,-12.1220372472
1.2590000000,-14.7871197862
1.2600000000,-17.4089704496
1.2610000000,-19.9794280810
1.2620000000,-22.4904575991
1.2630000000,-24.9341755930
1.2640000000,-27.3028756279
1.2650000000,-29.5890531785
1.2660000000,-31.7854301088
1.2670000000,-33.8849786175
1.2680000000,-35.8809445688
1.2690000000,-37.7668701289
1.2700000000,-39.5366156323
1.2710000000,-41.1843806000
1.2720000000,-42.7047238367
1.2730000000,-44.0925825359
1.2740000000,-45.3432903211
1.2750000000,-46.4525941597
1.2760000000,-47.4166700829
1.2770000000,-48.2321376533
1.2780000000,-48.8960731219
1.2790000000,-49.4060212210
1.2800000000,-49.7600055445
1.2810000000,-49.9565374689
1.2820000000,-49.9946235741
1.2830000000,-49.8737715277
1.2840000000,-49.5939944002
1.2850000000,-49.1558133833
1.2860000000,-48.5602588895
1.2870000000,-47.8088700159
1.2880000000,-46.9036923586
1.2890000000,-45.8472741718
1.2900000000,-44.6426608699
1.2910000000,-43.2933878767
1.2920000000,-41.8034718292
1.2930000000,-40.1774001540
1.2940000000,-38.4201190329
1.2950000000,-36.5370197872
1.2960000000,-34.5339237091
1.2970000000,-32.4170653783
1.2980000000,-30.1930745067
1.2990000000,-27.8689563566
1.3000000000,-25.4520707875
1.3010000000,-22.9501099877
1.3020000000,-20.3710749539
1.3030000000,-17.7232507866
1.3040000000,-15.0151808740
1.3050000000,-12.2556400393
1.3060000000,-9.4536067348
1.3070000000,-6.6182343655
1.3080000000,-3.7588218326
1.3090000000,-0.8847833880
1.3100000000,1.9943821044
1.3110000000,4.8691224020
1.3120000000,7.7298635103
1.3130000000,10.5670416002
1.3140000000,13.3711351106
1.3150000000,16.1326969277
1.3160000000,18.8423865348
1.3170000000,21.4910020215
1.3180000000,24.0695118435
1.3190000000,26.5690862218
1.3200000000,28.9811280723
1.3210000000,31.2973033549
1.3220000000,33.5095707358
1.3230000000,35.6102104528
1.3240000000,37.5918522806
1.3250000000,39.4475024908
1.3260000000,41.1705697068
1.3270000000,42.7548895543
1.3280000000,44.1947480131
1.3290000000,45.4849033789
1.3300000000,46.6206067467
1.3310000000,47.5976209337
1.3320000000,48.4122377625
1.3330000000,49.0612936310
1.3340000000,49.5421833011
1.3350000000,49.8528718433
1.3360000000,49.9919046794
1.3370000000,49.9584156747
1.3380000000,49.7521332327
1.3390000000,49.3733843567
1.3400000000,48.8230966457
1.3410000000,48.1027982021
1.3420000000,47.2146154327
1.3430000000,46.1612687355
1.3440000000,44.9460660682
1.3450000000,43.5728944052
1.3460000000,42.0462090955
1.3470000000,40.3710211420
1.3480000000,38.5528824306
1.3490000000,36.5978689454
1.3500000000,34.5125620117
1.3510000000,32.3040276200
1.3520000000,29.9797938867
1.3530000000,27.5478267195
1.3540000000,25.0165037576
1.3550000000,22.3945866681
1.3560000000,19.6911918839
1.3570000000,16.9157598754
1.3580000000,14.0780230562
1.3590000000,11.1879724254
1.3600000000,8.2558230591
1.3610000000,5.2919785653
1.3620000000,2.3069946220
1.3630000000,-0.6884582741
1.3640000000,-3.6836327220
1.3650000000,-6.6677428603
1.3660000000,-9.6300032034
1.3670000000,-12.5596677342
1.3680000000,-15.4460691092
1.3690000000,-18.2786578367
1.3700000000,-21.0470412816
1.3710000000,-23.7410223535
1.3720000000,-26.3506377334
1.3730000000,-28.8661954943
1.3740000000,-31.2783119715
1.3750000000,-33.5779477424
1.3760000000,-35.7564425725
1.3770000000,-37.8055491942
1.3780000000,-39.7174657791
1.3790000000,-41.4848669768
1.3800000000,-43.1009333909
1.3810000000,-44.5593793712
1.3820000000,-45.8544790043
1.3830000000,-46.9810901918
1.3840000000,-47.9346767102
1.3850000000,-48.7113281549
1.3860000000,-49.3077776751
1.3870000000,-49.7214174174
1.3880000000,-49.9503115997
1.3890000000,-49.9932071496
1.3900000000,-49.8495418457
1.3910000000,-49.5194499132
1.3920000000,-49.0037650311
1.3930000000,-48.3040207198
1.3940000000,-47.4224480869
1.3950000000,-46.3619709185
1.3960000000,-45.1261981147
1.3970000000,-43.7194134753
1.3980000000,-42.1465628561
1.3990000000,-40.4132387224
1.4000000000,-38.5256621388
1.4010000000,-36.4906622446
1.4020000000,-34.3156532729
1.4030000000,-32.0086091833
1.4040000000,-29.5780359861
1.4050000000,-27.0329418470
1.4060000000,-24.3828050705
1.4070000000,-21.6375400683
1.4080000000,-18.8074614290
1.4090000000,-15.9032462136
1.4100000000,-12.9358946084
1.4110000000,-9.9166890760
1.4120000000,-6.8571521517
1.4130000000,-3.7690030380
1.4140000000,-0.6641131584
1.4150000000,2.4455391650
1.4160000000,5.5479147390
1.4170000000,8.6309600578
1.4180000000,11.6826542130
1.4190000000,14.6910559751
1.4200000000,17.6443508613
1.4210000000,20.5308980048
1.4220000000,23.3392766397
1.4230000000,26.0583320134
1.4240000000,28.6772205428
1.4250000000,31.1854540273
1.4260000000,33.5729427378
1.4270000000,35.8300372010
1.4280000000,37.9475685031
1.4290000000,39.9168869410
1.4300000000,41.7298988540
1.4310000000,43.3791014750
1.4320000000,44.8576156472
1.4330000000,46.1592162577
1.4340000000,47.2783602495
1.4350000000,48.2102120805
1.4360000000,48.9506665079
1.4370000000,49.4963685845
1.4380000000,49.8447307667
1.4390000000,49.9939470422
1.4400000000,49.9430039968
1.4410000000,49.6916887534
1.4420000000,49.2405937265
1.4430000000,48.5911181482
1.4440000000,47.7454663353
1.4450000000,46.7066426799
1.4460000000,45.4784433589
1.4470000000,44.0654447700
1.4480000000,42.4729887188
1.4490000000,40.7071643907
1.4500000000,38.7747871586
1.4510000000,36.6833742883
1.4520000000,34.4411176183
1.4530000000,32.0568533038
1.4540000000,29.5400287265
1.4550000000,26.9006666854
1.4560000000,24.1493269967
1.4570000000,21.2970656412
1.4580000000,18.3553916101
1.4590000000,15.3362216109
1.4600000000,12.2518328053
1.4610000000,9.1148137605
1.4620000000,5.9380138057
1.4630000000,2.7344909914
1.4640000000,-0.4825411408
1.4650000000,-3.6997677637
1.4660000000,-6.9038277274
1.4670000000,-10.0813690532
1.4680000000,-13.2191047301
1.4690000000,-16.3038685826
1.4700000000,-19.3226709734
1.4710000000,-22.2627541064
1.4720000000,-25.1116466929
1.4730000000,-27.8572177454
1.4740000000,-30.4877292654
1.4750000000,-32.9918875923
1.4760000000,-35.3588931870
1.4770000000,-37.5784886261
1.4780000000,-39.6410045894
1.4790000000,-41.5374036306
1.4800000000,-43.2593215258
1.4810000000,-44.7991060081
1.4820000000,-46.1498527011
1.4830000000,-47.3054380770
1.4840000000,-48.2605492762
1.4850000000,-49.0107106373
1.4860000000,-49.5523067984
1.4870000000,-49.8826022446
1.4880000000,-49.9997571921
1.4890000000,-49.9028397129
1.4900000000,-49.5918340188
1.4910000000,-49.0676448420
1.4920000000,-48.3320978636
1.4930000000,-47.3879361592
1.4940000000,-46.2388126469
1.4950000000,-44.8892785432
1.4960000000,-43.3447678446
1.4970000000,-41.6115778762
1.4980000000,-39.6968459617
1.4990000000,-37.6085222885
1.5000000000,-35.3553390593
1.5010000000,-32.9467760382
1.5020000000,-30.3930226150
1.5030000000,-27.7049365308
1.5040000000,-24.8939994209
1.5050000000,-21.9722693474
1.5060000000,-18.9523305106
1.5070000000,-15.8472403393
1.5080000000,-12.6704741751
1.5090000000,-9.4358677800
1.5100000000,-6.1575579040
1.5110000000,-2.8499211647
1.5120000000,0.4724885028
1.5130000000,3.7950035561
1.5140000000,7.1029074422
1.5150000000,10.3814997957
1.5160000000,13.6161619541
1.5170000000,16.7924224974
1.5180000000,19.8960225189
1.5190000000,22.9129803316
1.5200000000,25.8296553164
1.5210000000,28.6328106171
1.5220000000,31.3096743922
1.5230000000,33.8479993366
1.5240000000,36.2361201901
1.5250000000,38.4630089609
1.5260000000,40.5183275947
1.5270000000,42.3924778329
1.5280000000,44.0766480138
1.5290000000,45.5628565812
1.5300000000,46.8439920780
1.5310000000,47.9138494190
1.5320000000,48.7671622478
1.5330000000,49.3996312044
1.5340000000,49.8079479431
1.5350000000,49.9898147599
1.5360000000,49.9439597090
1.5370000000,49.6701471061
1.5380000000,49.1691833361
1.5390000000,48.4429179065
1.5400000000,47.4942397061
1.5410000000,46.3270684532
1.5420000000,44.9463413373
1.5430000000,43.3579948829
1.5440000000,41.5689420845
1.5450000000,39.5870448855
1.5460000000,37.4210820966
1.5470000000,35.0807128684
1.5480000000,32.5764358593
1.5490000000,29.9195442567
1.5500000000,27.1220768332
1.5510000000,24.1967652378
1.5520000000,21.1569777437
1.5530000000,18.0166596891
1.5540000000,14.7902708692
1.5550000000,11.4927201518
1.5560000000,8.1392976040
1.5570000000,4.7456044324
1.5580000000,1.3274810529
1.5590000000,-2.0990663836
1.5600000000,-5.5179406738
1.5610000000,-8.9130291060
1.5620000000,-12.2682795141
1.5630000000,-15.5677764839
1.5640000000,-18.7958173502
1.5650000000,-21.9369876209
1.5660000000,-24.9762354657
1.5670000000,-27.8989449053
1.5680000000,-30.6910073438
1.5690000000,-33.3388910898
1.5700000000,-35.8297085180
1.5710000000,-38.1512805337
1.5720000000,-40.2921980115
1.5730000000,-42.2418798900
1.5740000000,-43.9906276215
1.5750000000,-45.5296756864
1.5760000000,-46.8512379028
1.5770000000,-47.9485492761
1.5780000000,-48.8159031569
1.5790000000,-49.4486834925
1.5800000000,-49.8433919825
1.5810000000,-49.9976699701
1.5820000000,-49.9103149271
1.5830000000,-49.5812914134
1.5840000000,-49.0117364193
1.5850000000,-48.2039590268
1.5860000000,-47.1614343495
1.5870000000,-45.8887917441
1.5880000000,-44.3917973087
1.5890000000,-42.6773307157
1.5900000000,-40.7533564538
1.5910000000,-38.6288895811
1.5920000000,-36.3139561204
1.5930000000,-33.8195482553
1.5940000000,-31.1575745117
1.5950000000,-28.3408051363
1.5960000000,-25.3828129106
1.5970000000,-22.2979096603
1.5980000000,-19.1010787466
1.5990000000,-15.8079038480
1.6000000000,-12.4344943582
1.6010000000,-8.9974077531
1.6020000000,-5.5135692880
1.6030000000,-2.0001894120
1.6040000000,1.5253207057
1.6050000000,5.0454351274
1.6060000000,8.5426001546
1.6070000000,11.9993219643
1.6080000000,15.3982544361
1.6090000000,18.7222867307
1.6100000000,21.9546301770
1.6110000000,25.0789040242
1.6120000000,28.0792196190
1.6130000000,30.9402625712
1.6140000000,33.6473724778
1.6150000000,36.1866197859
1.6160000000,38.5448793838
1.6170000000,40.7099005247
1.6180000000,42.6703727026
1.6190000000,44.4159871167
1.6200000000,45.9374933816
1.6210000000,47.2267511607
1.6220000000,48.2767764253
1.6230000000,49.0817820653
1.6240000000,49.6372126057
1.6250000000,49.9397728103
1.6260000000,49.9874499847
1.6270000000,49.7795298213
1.6280000000,49.3166056597
1.6290000000,48.6005810723
1.6300000000,47.6346657149
1.6310000000,46.4233644186
1.6320000000,44.9724595346
1.6330000000,43.2889865760
1.6340000000,41.3812032402
1.6350000000,39.2585519254
1.6360000000,36.9316158943
1.6370000000,34.4120692693
1.6380000000,31.7126210782
1.6390000000,28.8469536033
1.6400000000,25.8296553164
1.6410000000,22.6761487147
1.6420000000,19.4026134017
1.6430000000,16.0259047826
1.6440000000,12.5634687749
1.6450000000,9.0332529514
1.6460000000,5.4536145635
1.6470000000,1.8432259048
1.6480000000,-1.7790225006
1.6490000000,-5.3941203910
1.6500000000,-8.9830374297
1.6510000000,-12.5268235187
1.6520000000,-16.0067092363
1.6530000000,-19.4042058651
1.6540000000,-22.7012044786
1.6550000000,-25.8800735504
1.6560000000,-28.9237545592
1.6570000000,-31.8158550638
1.6580000000,-34.5407387366
1.6590000000,-37.0836118532
1.6600000000,-39.4306057518
1.6610000000,-41.5688547942
1.6620000000,-43.4865693802
1.6630000000,-45.1731035908
1.6640000000,-46.6190170604
1.6650000000,-47.8161307075
1.6660000000,-48.7575759820
1.6670000000,-49.4378373214
1.6680000000,-49.8527875412
1.6690000000,-49.9997159212
1.6700000000,-49.8773487879
1.6710000000,-49.4858624314
1.6720000000,-48.8268882367
1.6730000000,-47.9035099495
1.6740000000,-46.7202530400
1.6750000000,-45.2830661709
1.6760000000,-43.5992948175
1.6770000000,-41.6776471341
1.6780000000,-39.5281522004
1.6790000000,-37.1621108281
1.6800000000,-34.5920391470
1.6810000000,-31.8316052334
1.6820000000,-28.8955590831
1.6830000000,-25.7996562708
1.6840000000,-22.5605756735
1.6850000000,-19.1958316742
1.6860000000,-15.7236812929
1.6870000000,-12.1630267256
1.6880000000,-8.5333138002
1.6890000000,-4.8544268843
1.6900000000,-1.1465808048
1.6910000000,2.5697896394
1.6920000000,6.2741419756
1.6930000000,9.9459395505
1.6940000000,13.5647655974
1.6950000000,17.1104372416
1.6960000000,20.5631188096
1.6970000000,23.9034338036
1.6980000000,27.1125749051
1.6990000000,30.1724113804
1.7000000000,33.0655932662
1.7010000000,35.7756517318
1.7020000000,38.2870950276
1.7030000000,40.5854994509
1.7040000000,42.6575947857
1.7050000000,44.4913436967
1.7060000000,46.0760145918
1.7070000000,47.4022474975
1.7080000000,48.4621125304
1.7090000000,49.2491605840
1.7100000000,49.7584658949
1.7110000000,49.9866601922
1.7120000000,49.9319581832
1.7130000000,49.5941741743
1.7140000000,48.9747296739
1.7150000000,48.0766518779
1.7160000000,46.9045629864
1.7170000000,45.4646603545
1.7180000000,43.7646875317
1.7190000000,41.8138962982
1.7200000000,39.6229998567
1.7210000000,37.2041173939
1.7220000000,34.5707102747
1.7230000000,31.7375101822
1.7240000000,28.7204395680
1.7250000000,25.5365248213
1.7260000000,22.2038026136
1.7270000000,18.7412199165
1.7280000000,15.1685282316
1.7290000000,11.5061726095
1.7300000000,7.7751760685
1.7310000000,3.9970200562
1.7320000000,0.1935216243
1.7330000000,-3.6132919890
1.7340000000,-7.4013106531
1.7350000000,-11.1484697843
1.7360000000,-14.8328791877
1.7370000000,-18.4329515486
1.7380000000,-21.9275298181
1.7390000000,-25.2960127408
1.7400000000,-28.5184777725
1.7410000000,-31.5758006504
1.7420000000,-34.4497708908
1.7430000000,-37.1232025062
1.7440000000,-39.5800392607
1.7450000000,-41.8054538049
1.7460000000,-43.7859400671
1.7470000000,-45.5093983107
1.7480000000,-46.9652123074
1.7490000000,-48.1443181179
1.7500000000,-49.0392640202
1.7510000000,-49.6442611707
1.7520000000,-49.9552246414
1.7530000000,-49.9698045253
1.7540000000,-49.6874068629
1.7550000000,-49.1092042012
1.7560000000,-48.2381356565
1.7570000000,-47.0788964144
1.7580000000,-45.6379166644
1.7590000000,-43.9233300293
1.7600000000,-41.9449316114
1.7610000000,-39.7141258464
1.7620000000,-37.2438644112
1.7630000000,-34.5485745010
1.7640000000,-31.6440778460
1.7650000000,-28.5475009006
1.7660000000,-25.2771766928
1.7670000000,-21.8525388758
1.7680000000,-18.2940085760
1.7690000000,-14.6228746786
1.7700000000,-10.8611682385
1.7710000000,-7.0315317418
1.7720000000,-3.1570839850
1.7730000000,0.7387186350
1.7740000000,4.6322235929
1.7750000000,8.4997256232
1.7760000000,12.3176111592
1.7770000000,16.0625029449
1.7780000000,19.7114039332
1.7790000000,23.2418395842
1.7800000000,26.6319976793
1.7810000000,29.8608647737
1.7820000000,32.9083584285
1.7830000000,35.7554543807
1.7840000000,38.3843078327
1.7850000000,40.7783680792
1.7860000000,42.9224857178
1.7870000000,44.8030117356
1.7880000000,46.4078878077
1.7890000000,47.7267271910
1.7900000000,48.7508856547
1.7910000000,49.4735219445
1.7920000000,49.8896473382
1.7930000000,49.9961639191
1.7940000000,49.7918912567
1.7950000000,49.2775812580
1.7960000000,48.4559210238
1.7970000000,47.3315236176
1.7980000000,45.9109067326
1.7990000000,44.2024593140
1.8000000000,42.2163962751
1.8010000000,39.9647015168
1.8020000000,37.4610595393
1.8030000000,34.7207760065
1.8040000000,31.7606876968
1.8050000000,28.5990623445
1.8060000000,25.2554889437
1.8070000000,21.7507591500
1.8080000000,18.1067404787
1.8090000000,14.3462420526
1.8100000000,10.4928737080
1.8110000000,6.5708993137
1.8120000000,2.6050852013
1.8130000000,-1.3794553564
1.8140000000,-5.3574206515
1.8150000000,-9.3034810364
1.8160000000,-13.1924403955
1.8170000000,-16.9993975649
1.8180000000,-20.6999066660
1.8190000000,-24.2701353173
1.8200000000,-27.6870196959
1.8210000000,-30.9284154333
1.8220000000,-33.9732433477
1.8230000000,-36.8016290449
1.8240000000,-39.3950354474
1.8250000000,-41.7363873565
1.8260000000,-43.8101871915
1.8270000000,-45.6026211054
1.8280000000,-47.1016547305
1.8290000000,-48.2971178717
1.8300000000,-49.1807775300
1.8310000000,-49.7463987118
1.8320000000,-49.9897925550
1.8330000000,-49.9088513815
1.8340000000,-49.5035703696
1.8350000000,-48.7760556243
1.8360000000,-47.7305185104
1.8370000000,-46.3732562040
1.8380000000,-44.7126185063
1.8390000000,-42.7589610551
1.8400000000,-40.5245851594
1.8410000000,-38.0236645727
1.8420000000,-35.2721596073
1.8430000000,-32.2877190811
1.8440000000,-29.0895706678
1.8450000000,-25.6984003078
1.8460000000,-22.1362214077
1.8470000000,-18.4262346348
1.8480000000,-14.5926791775
1.8490000000,-10.6606764062
1.8500000000,-6.6560669263
1.8510000000,-2.6052420676
1.8520000000,1.4650291055
1.8530000000,5.5277761358
1.8540000000,9.5560057141
1.8550000000,13.5228812402
1.8560000000,17.4019022117
1.8570000000,21.1670822414
1.8580000000,24.7931245024
1.8590000000,28.2555934122
1.8600000000,31.5310813817
1.8610000000,34.5973694800
1.8620000000,37.4335809004
1.8630000000,40.0203261528
1.8640000000,42.3398389540
1.8650000000,44.3761018477
1.8660000000,46.1149606429
1.8670000000,47.5442268346
1.8680000000,48.6537672397
1.8690000000,49.4355801696
1.8700000000,49.8838575410
1.8710000000,49.9950324219
1.8720000000,49.7678116040
1.8730000000,49.2031928916
1.8740000000,48.3044669001
1.8750000000,47.0772032592
1.8760000000,45.5292212249
1.8770000000,43.6705448089
1.8780000000,41.5133426397
1.8790000000,39.0718528793
1.8800000000,36.3622936212
1.8810000000,33.4027592982
1.8820000000,30.2131037298
1.8830000000,26.8148105352
1.8840000000,23.2308517272
1.8850000000,19.4855353931
1.8860000000,15.6043434486
1.8870000000,11.6137605253
1.8880000000,7.5410951220
1.8890000000,3.4142942123
1.8900000000,-0.7382474475
1.8910000000,-4.8878820202
1.8920000000,-9.0059059701
1.8930000000,-13.0637587741
1.8940000000,-17.0332215846
1.8950000000,-20.8866144651
1.8960000000,-24.5969908132
1.8970000000,-28.1383276016
1.8980000000,-31.4857100834
1.8990000000,-34.6155096389
1.9000000000,-37.5055534815
1.9010000000,-40.1352849856
1.9020000000,-42.4859134591
1.9030000000,-44.5405522489
1.9040000000,-46.2843441404
1.9050000000,-47.7045730974
1.9060000000,-48.7907614754
1.9070000000,-49.5347519402
1.9080000000,-49.9307734256
1.9090000000,-49.9754905714
1.9100000000,-49.6680361982
1.9110000000,-49.0100264900
1.9120000000,-48.0055586787
1.9130000000,-46.6611911445
1.9140000000,-44.9859059731
1.9150000000,-42.9910541350
1.9160000000,-40.6902835756
1.9170000000,-38.0994506304
1.9180000000,-35.2365153011
1.9190000000,-32.1214210464
1.9200000000,-28.7759598568
1.9210000000,-25.2236234949
1.9220000000,-21.4894418843
1.9230000000,-17.5998097332
1.9240000000,-13.5823025673
1.9250000000,-9.4654834323
1.9260000000,-5.2787016019
1.9270000000,-1.0518846933
1.9280000000,3.1846743508
1.9290000000,7.4005339064
1.9300000000,11.5653223979
1.9310000000,15.6489575435
1.9320000000,19.6218645349
1.9330000000,23.4551915657
1.9340000000,27.1210211319
1.9350000000,30.5925755475
1.9360000000,33.8444151506
1.9370000000,36.8526277173
1.9380000000,39.5950076555
1.9390000000,42.0512236155
1.9400000000,44.2029732297
1.9410000000,46.0341237783
1.9420000000,47.5308376747
1.9430000000,48.6816817649
1.9440000000,49.4777195519
1.9450000000,49.9125855684
1.9460000000,49.9825412556
1.9470000000,49.6865118290
1.9480000000,49.0261037553
1.9490000000,48.0056026009
1.9500000000,46.6319511572
1.9510000000,44.9147078919
1.9520000000,42.8659859228
1.9530000000,40.5003728541
1.9540000000,37.8348319600
1.9550000000,34.8885853431
1.9560000000,31.6829798297
1.9570000000,28.2413365018
1.9580000000,24.5887848893
1.9590000000,20.7520829690
1.9600000000,16.7594242303
1.9610000000,12.6402331709
1.9620000000,8.4249506834
1.9630000000,4.1448108768
1.9640000000,-0.1683890479
1.9650000000,-4.4825241852
1.9660000000,-8.7653808434
1.9670000000,-12.9848972244
1.9680000000,-17.1094040670
1.9690000000,-21.1078634491
1.9700000000,-24.9501039421
1.9710000000,-28.6070503278
1.9720000000,-32.0509461183
1.9730000000,-35.2555671600
1.9740000000,-38.1964246600
1.9750000000,-40.8509560433
1.9760000000,-43.1987021277
1.9770000000,-45.2214692002
1.9780000000,-46.9034746831
1.9790000000,-48.2314751916
1.9800000000,-49.1948759143
1.9810000000,-49.7858203810
1.9820000000,-49.9992598249
1.9830000000,-49.8330014985
1.9840000000,-49.2877354568
1.9850000000,-48.3670394854
1.9860000000,-47.0773620127
1.9870000000,-45.4279830156
1.9880000000,-43.4309530965
1.9890000000,-41.1010110749
1.9900000000,-38.4554806099
1.9910000000,-35.5141465280
1.9920000000,-32.2991116959
1.9930000000,-28.8346354309
1.9940000000,-25.1469545913
1.9950000000,-21.2640886295
1.9960000000,-17.2156300238
1.9970000000,-13.0325216261
1.9980000000,-8.7468225748
1.9990000000,-4.3914645204
2.0000000000,-0.0000000000
2.0010000000,4.3936551326
2.0020000000,8.7554832550
2.0030000000,13.0516284920
2.0040000000,17.2486601603
2.0050000000,21.3138340923
2.0060000000,25.2153497898
2.0070000000,28.9226013789
2.0080000000,32.4064203744
2.0090000000,35.6393083089
2.0100000000,38.5956573536
2.0110000000,41.2519571352
2.0120000000,43.5869860542
2.0130000000,45.5819855161
2.0140000000,47.2208156159
2.0150000000,48.4900909491
2.0160000000,49.3792953716
2.0170000000,49.8808746901
2.0180000000,49.9903064312
2.0190000000,49.7061460132
2.0200000000,49.0300488268
2.0210000000,47.9667679194
2.0220000000,46.5241271675
2.0230000000,44.7129700160
2.0240000000,42.5470840591
2.0250000000,40.0431019284
2.0260000000,37.2203791480
2.0270000000,34.1008498028
2.0280000000,30.7088610482
2.0290000000,27.0709876662
2.0300000000,23.2158280379
2.0310000000,19.1737830616
2.0320000000,14.9768196925
2.0330000000,10.6582209098
2.0340000000,6.2523240435
2.0350000000,1.7942494945
2.0360000000,-2.6803780275
2.0370000000,-7.1357135477
2.0380000000,-11.5359788978
2.0390000000,-15.8457505191
2.0400000000,-20.0302456846
2.0410000000,-24.0556048207
2.0420000000,-27.8891676304
2.0430000000,-31.4997407518
2.0440000000,-34.8578547421
2.0450000000,-37.9360082484
2.0460000000,-40.7088973175
2.0470000000,-43.1536279049
2.0480000000,-45.2499097658
2.0490000000,-46.9802300532
2.0500000000,-48.3300051008
2.0510000000,-49.2877090374
2.0520000000,-49.8449780600
2.0530000000,-49.9966893841
2.0540000000,-49.7410140898
2.0550000000,-49.0794432928
2.0560000000,-48.0167872813
2.0570000000,-46.5611474829
2.0580000000,-44.7238613440
2.0590000000,-42.5194204299
2.0600000000,-39.9653622753
2.0610000000,-37.0821367336
2.0620000000,-33.8929477880
2.0630000000,-30.4235719985
2.0640000000,-26.7021549552
2.0650000000,-22.7589873016
2.0660000000,-18.6262620700
2.0670000000,-14.3378152350
2.0680000000,-9.9288515451
2.0690000000,-5.4356578242
2.0700000000,-0.8953060558
2.0710000000,3.6546513399
2.0720000000,8.1764915457
2.0730000000,12.6326341516
2.0740000000,16.9859541351
2.0750000000,21.2000924094
2.0760000000,25.2397613351
2.0770000000,29.0710426186
2.0780000000,32.6616750661
2.0790000000,35.9813297315
2.0800000000,39.0018700883
2.0810000000,41.6975949639
2.0820000000,44.0454621071
2.0830000000,46.0252904093
2.0840000000,47.6199389647
2.0850000000,48.8154613421
2.0860000000,49.6012336367
2.0870000000,49.9700550840
2.0880000000,49.9182202423
2.0890000000,49.4455619826
2.0900000000,48.5554647710
2.0910000000,47.2548479710
2.0920000000,45.5541191524
2.0930000000,43.4670976427
2.0940000000,41.0109088136
2.0950000000,38.2058498471
2.0960000000,35.0752279717
2.0970000000,31.6451724016
2.0980000000,27.9444214428
2.0990000000,24.0040864506
2.1000000000,19.8573945317
2.1010000000,15.5394120791
2.1020000000,11.0867514009
2.1030000000,6.5372628692
2.1040000000,1.9297151467
2.1050000000,-2.6965338247
2.1060000000,-7.3018723005
2.1070000000,-11.8467738256
2.1080000000,-16.2921370432
2.1090000000,-20.5996233003
2.1100000000,-24.7319891295
2.1110000000,-28.6534107102
2.1120000000,-32.3297974700
2.1130000000,-35.7290920555
2.1140000000,-38.8215540106
2.1150000000,-41.5800246187
2.1160000000,-43.9801705164
2.1170000000,-46.0007038561
2.1180000000,-47.6235769821
2.1190000000,-48.8341497968
2.1200000000,-49.6213282194
2.1210000000,-49.9776723805
2.1220000000,-49.8994734529
2.1230000000,-49.3867982856
2.1240000000,-48.4435012832
2.1250000000,-47.0772032592
2.1260000000,-45.2992372733
2.1270000000,-43.1245617597
2.1280000000,-40.5716415349
2.1290000000,-37.6622975649
2.1300000000,-34.4215266473
2.1310000000,-30.8772924390
2.1320000000,-27.0602895181
2.1330000000,-23.0036824192
2.1340000000,-18.7428218119
2.1350000000,-14.3149402084
2.1360000000,-9.7588297820
2.1370000000,-5.1145050504
2.1380000000,-0.4228533305
2.1390000000,4.2747240037
2.1400000000,8.9366763274
2.1410000000,13.5216714313
2.1420000000,17.9889627987
2.1430000000,22.2987532246
2.1440000000,26.4125515273
2.1450000000,30.2935191366
2.1460000000,33.9068034214
2.1470000000,37.2198547130
2.1480000000,40.2027241099
2.1490000000,42.8283393053
2.1500000000,45.0727558556
2.1510000000,46.9153815153
2.1520000000,48.3391714896
2.1530000000,49.3307927040
2.1540000000,49.8807554577
2.1550000000,49.9835111106
2.1560000000,49.6375147515
2.1570000000,48.8452521045
2.1580000000,47.6132302476
2.1590000000,45.9519320440
2.1600000000,43.8757345099
2.1610000000,41.4027916749
2.1620000000,38.5548828118
2.1630000000,35.3572272342
2.1640000000,31.8382671685
2.1650000000,28.0294205095
2.1660000000,23.9648055481
2.1670000000,19.6809400315
2.1680000000,15.2164171623
2.1690000000,10.6115613682
2.1700000000,5.9080668765
2.1710000000,1.1486223021
2.1720000000,-3.6234753943
2.1730000000,-8.3647141056
2.1740000000,-13.0317633750
2.1750000000,-17.5818711761
2.1760000000,-21.9732570408
2.1770000000,-26.1654979119
2.1780000000,-30.1199031416
2.1790000000,-33.7998751354
2.1800000000,-37.1712522523
2.1810000000,-40.2026307172
2.1820000000,-42.8656624709
2.1830000000,-45.1353260926
2.1840000000,-46.9901681565
2.1850000000,-48.4125126448
2.1860000000,-49.3886363188
2.1870000000,-49.9089082551
2.1880000000,-49.9678920711
2.1890000000,-49.5644097074
2.1900000000,-48.7015659782
2.1910000000,-47.3867334677
2.1920000000,-45.6314977099
2.1930000000,-43.4515629654
2.1940000000,-40.8666192726
2.1950000000,-37.9001718195
2.1960000000,-34.5793340373
2.1970000000,-30.9345861687
2.1980000000,-26.9995013914
2.1990000000,-22.8104418992
2.2000000000,-18.4062276342
2.2010000000,-13.8277806399
2.2020000000,-9.1177482477
2.2030000000,-4.3201085308
2.2040000000,0.5202383562
2.2050000000,5.3578891773
2.2060000000,10.1473630624
2.2070000000,14.8435294238
2.2080000000,19.4020343183
2.2090000000,23.7797212218
2.2100000000,27.9350422122
2.2110000000,31.8284556241
2.2120000000,35.4228063431
2.2130000000,38.6836850499
2.2140000000,41.5797629028
2.2150000000,44.0830983593
2.2160000000,46.1694130821
2.2170000000,47.8183341541
2.2180000000,49.0136001279
2.2190000000,49.7432287679
2.2200000000,49.9996446947
2.2210000000,49.7797655159
2.2220000000,49.0850454130
2.2230000000,47.9214755576
2.2240000000,46.2995411386
2.2250000000,44.2341351972
2.2260000000,41.7444298816
2.2270000000,38.8537061456
2.2280000000,35.5891433218
2.2290000000,31.9815703925
2.2300000000,28.0651811626
2.2310000000,23.8772158987
2.2320000000,19.4576123370
2.2330000000,14.8486292753
2.2340000000,10.0944462477
2.2350000000,5.2407430338
2.2360000000,0.3342629684
2.2370000000,-4.5776357981
2.2380000000,-9.4474368034
2.2390000000,-14.2279251478
2.2400000000,-18.8726462959
2.2410000000,-23.3363593403
2.2420000000,-27.5754802932
2.2430000000,-31.5485110433
2.2440000000,-35.2164497269
2.2450000000,-38.5431784227
2.2460000000,-41.4958242744
2.2470000000,-44.0450903843
2.2480000000,-46.1655530937
2.2490000000,-47.8359225774
2.2500000000,-49.0392640202
2.2510000000,-49.7631770143
2.2520000000,-49.9999312128
2.2530000000,-49.7465566935
2.2540000000,-49.0048879230
2.2550000000,-47.7815606624
2.2560000000,-46.0879616144
2.2570000000,-43.9401310776
2.2580000000,-41.3586193381
2.2590000000,-38.3682979913
2.2600000000,-34.9981278370
2.2610000000,-31.2808854321
2.2620000000,-27.2528508064
2.2630000000,-22.9534592440
2.2640000000,-18.4249204110
2.2650000000,-13.7118084472
2.2660000000,-8.8606269541
2.2670000000,-3.9193530818
2.2680000000,1.0630348527
2.2690000000,6.0370415874
2.2700000000,10.9531462127
2.2710000000,15.7622956740
2.2720000000,20.4163955633
2.2730000000,24.8687932833
2.2740000000,29.0747487112
2.2750000000,32.9918875923
2.2760000000,36.5806330346
2.2770000000,39.8046106719
2.2780000000,42.6310233008
2.2790000000,45.0309910802
2.2800000000,46.9798537053
2.2810000000,48.4574313320
2.2820000000,49.4482414235
2.2830000000,49.9416691208
2.2840000000,49.9320891922
2.2850000000,49.4189380979
2.2860000000,48.4067352009
2.2870000000,46.9050526624
2.2880000000,44.9284340818
2.2890000000,42.4962624573
2.2900000000,39.6325785633
2.2910000000,36.3658513490
2.2920000000,32.7287024621
2.2930000000,28.7575874766
2.2940000000,24.4924368630
2.2950000000,19.9762601642
2.2960000000,15.2547172368
2.2970000000,10.3756607760
2.2980000000,5.3886546582
2.2990000000,0.3444729094
2.3000000000,-4.7054156659
2.3010000000,-9.7093719870
2.3020000000,-14.6161149980
2.3030000000,-19.3752483663
2.3040000000,-23.9377801622
2.3050000000,-28.2566301469
2.3060000000,-32.2871193901
2.3070000000,-35.9874370953
2.3080000000,-39.3190797115
2.3090000000,-42.2472576723
2.3100000000,-44.7412654097
2.3110000000,-46.7748106455
2.3120000000,-48.3262993609
2.3130000000,-49.3790732854
2.3140000000,-49.9215972181
2.3150000000,-49.9475940014
2.3160000000,-49.4561254981
2.3170000000,-48.4516184730
2.3180000000,-46.9438348493
2.3190000000,-44.9477863839
2.3200000000,-42.4835943852
2.3210000000,-39.5762956765
2.3220000000,-36.2555965693
2.3230000000,-32.5555771716
2.3240000000,-28.5143488810
2.3250000000,-24.1736684242
2.3260000000,-19.5785122735
2.3270000000,-14.7766157114
2.3280000000,-9.8179812055
2.3290000000,-4.7543611081
2.3300000000,0.3612800114
2.3310000000,5.4753178458
2.3320000000,10.5340299015
2.3330000000,15.4841602530
2.3340000000,20.2734815649
2.3350000000,24.8513484438
2.3360000000,29.1692362369
2.3370000000,33.1812595201
2.3380000000,36.8446646958
2.3390000000,40.1202913685
2.3400000000,42.9729974638
2.3410000000,45.3720434151
2.3420000000,47.2914311496
2.3430000000,48.7101940616
2.3440000000,49.6126346623
2.3450000000,49.9885071318
2.3460000000,49.8331425716
2.3470000000,49.1475153546
2.3480000000,47.9382495879
2.3490000000,46.2175653384
2.3500000000,44.0031649146
2.3510000000,41.3180601357
2.3520000000,38.1903421637
2.3530000000,34.6528960899
2.3540000000,30.7430630784
2.3550000000,26.5022534435
2.3560000000,21.9755145857
2.3570000000,17.2110582169
2.3580000000,12.2597517672
2.3590000000,7.1745792815
2.3600000000,2.0100774681
2.3610000000,-3.1782471363
2.3620000000,-8.3345136854
2.3630000000,-13.4030688532
2.3640000000,-18.3290885023
2.3650000000,-23.0591726803
2.3660000000,-27.5419274714
2.3670000000,-31.7285273404
2.3680000000,-35.5732517767
2.3690000000,-39.0339902974
2.3700000000,-42.0727101749
2.3710000000,-44.6558816324
2.3720000000,-46.7548556822
2.3730000000,-48.3461902719
2.3740000000,-49.4119209460
2.3750000000,-49.9397728103
2.3760000000,-49.9233112147
2.3770000000,-49.3620292231
2.3780000000,-48.2613706203
2.3790000000,-46.6326879067
2.3800000000,-44.4931354387
2.3810000000,-41.8654985866
2.3820000000,-38.7779604880
2.3830000000,-35.2638086701
2.3840000000,-31.3610844867
2.3850000000,-27.1121789614
2.3860000000,-22.5633792398
2.3870000000,-17.7643704192
2.3880000000,-12.7676980428
2.3890000000,-7.6281970107
2.3900000000,-2.4023930588
2.3910000000,2.8521167016
2.3920000000,8.0772974292
2.3930000000,13.2153174286
2.3940000000,18.2091891903
2.3950000000,23.0034034828
2.3960000000,27.5445494274
2.3970000000,31.7819136009
2.3980000000,35.6680514086
2.3990000000,39.1593242412
2.4000000000,42.2163962751
2.4010000000,44.8046851943
2.4020000000,46.8947615917
2.4030000000,48.4626923564
2.4040000000,49.4903239523
2.4050000000,49.9655021439
2.4060000000,49.8822254190
2.4070000000,49.2407300851
2.4080000000,48.0475057740
2.4090000000,46.3152408611
2.4100000000,44.0626980916
2.4110000000,41.3145214937
2.4120000000,38.1009764360
2.4130000000,34.4576254504
2.4140000000,30.4249431809
2.4150000000,26.0478745209
2.4160000000,21.3753406698
2.4170000000,16.4596984485
2.4180000000,11.3561587742
2.4190000000,6.1221706890
2.4200000000,0.8167777593
2.4210000000,-4.5000459846
2.4220000000,-9.7680731303
2.4230000000,-14.9275053592
2.4240000000,-19.9196535866
2.4250000000,-24.6876080232
2.4260000000,-29.1768904852
2.4270000000,-33.3360814440
2.4280000000,-37.1174145533
2.4290000000,-40.4773317222
2.4300000000,-43.3769922201
2.4310000000,-45.7827297851
2.4320000000,-47.6664522747
2.4330000000,-49.0059790224
2.4340000000,-49.7853117551
2.4350000000,-49.9948356642
2.4360000000,-49.6314480070
2.4370000000,-48.6986124343
2.4380000000,-47.2063380837
2.4390000000,-45.1710833396
2.4400000000,-42.6155850270
2.4410000000,-39.5686146701
2.4420000000,-36.0646642976
2.4430000000,-32.1435651018
2.4440000000,-27.8500430533
2.4450000000,-23.2332163236
2.4460000000,-18.3460400661
2.4470000000,-13.2447047480
2.4480000000,-7.9879947944
2.4490000000,-2.6366148031
2.4500000000,2.7475089956
2.4510000000,8.1019440315
2.4520000000,13.3644752008
2.4530000000,18.4738288024
2.4540000000,23.3703881767
2.4550000000,27.9968926697
2.4560000000,32.2991116959
2.4570000000,36.2264859211
2.4580000000,39.7327279272
2.4590000000,42.7763751563
2.4600000000,45.3212884490
2.4610000000,47.3370900962
2.4620000000,48.7995360011
2.4630000000,49.6908172890
2.4640000000,49.9997875115
2.4650000000,49.7221124417
2.4660000000,48.8603403536
2.4670000000,47.4238916038
2.4680000000,45.4289672775
2.4690000000,42.8983776143
2.4700000000,39.8612918795
2.4710000000,36.3529122839
2.4720000000,32.4140754646
2.4730000000,28.0907859177
2.4740000000,23.4336865996
2.4750000000,18.4974726877
2.4760000000,13.3402551950
2.4770000000,8.0228817654
2.4780000000,2.6082225219
2.4790000000,-2.8395707021
2.4800000000,-8.2558230591
2.4810000000,-13.5761043615
2.4820000000,-18.7369966304
2.4830000000,-23.6768523702
2.4840000000,-28.3365344815
2.4850000000,-32.6601288986
2.4860000000,-36.5956213140
2.4870000000,-40.0955297404
2.4880000000,-43.1174851433
2.4890000000,-45.6247529606
2.4900000000,-47.5866889953
2.4910000000,-48.9791239239
2.4920000000,-49.7846714857
2.4930000000,-49.9929563153
2.4940000000,-49.6007583216
2.4950000000,-48.6120715080
2.4960000000,-47.0380761470
2.4970000000,-44.8970242632
2.4980000000,-42.2140394224
2.4990000000,-39.0208328673
2.5000000000,-35.3553390593
2.5010000000,-31.2612746812
2.5020000000,-26.7876260971
2.5030000000,-21.9880711660
2.5040000000,-16.9203421252
2.5050000000,-11.6455370159
2.5060000000,-6.2273877832
2.5070000000,-0.7314937529
2.5080000000,4.7754703458
2.5090000000,10.2265622847
2.5100000000,15.5553863993
2.5110000000,20.6969039130
2.5120000000,25.5882296230
2.5130000000,30.1694051593
2.5140000000,34.3841392684
2.5150000000,38.1805059248
2.5160000000,41.5115915405
2.5170000000,44.3360831261
2.5180000000,46.6187899329
2.5190000000,48.3310918887
2.5200000000,49.4513089998
2.5210000000,49.9649868371
2.5220000000,49.8650942280
2.5230000000,49.1521303381
2.5240000000,47.8341394289
2.5250000000,45.9266327064
2.5260000000,43.4524178185
2.5270000000,40.4413377048
2.5280000000,36.9299216282
2.5290000000,32.9609523218
2.5300000000,28.5829542408
2.5310000000,23.8496089136
2.5320000000,18.8191043199
2.5330000000,13.5534260803
2.5340000000,8.1175989998
2.5350000000,2.5788881745
2.5360000000,-2.9940305848
2.5370000000,-8.5319208209
2.5380000000,-13.9658454973
2.5390000000,-19.2280263866
2.5400000000,-24.2526920619
2.5410000000,-28.9769038555
2.5420000000,-33.3413493744
2.5430000000,-37.2910935100
2.5440000000,-40.7762773639
2.5450000000,-43.7527561130
2.5460000000,-46.1826675559
2.5470000000,-48.0349239123
2.5480000000,-49.2856203706
2.5490000000,-49.9183548927
2.5500000000,-49.9244548725
2.5510000000,-49.3031073952
2.5520000000,-48.0613910398
2.5530000000,-46.2142084003
2.5540000000,-43.7841197485
2.5550000000,-40.8010795091
2.5560000000,-37.3020784583
2.5570000000,-33.3306957599
2.5580000000,-28.9365661181
2.5590000000,-24.1747684252
2.5600000000,-19.1051433117
2.5610000000,-13.7915479450
2.5620000000,-8.3010572614
2.5630000000,-2.7031215445
2.5640000000,2.9313091331
2.5650000000,8.5306826114
2.5660000000,14.0237531582
2.5670000000,19.3404892719
2.5680000000,24.4129691962
2.5690000000,29.1762526707
2.5700000000,33.5692176856
2.5710000000,37.5353513978
2.5720000000,41.0234849012
2.5730000000,43.9884622056
2.5740000000,46.3917345762
2.5750000000,48.2018722967
2.5760000000,49.3949869385
2.5770000000,49.9550583328
2.5780000000,49.8741616375
2.5790000000,49.1525911534
2.5800000000,47.7988788553
2.5810000000,45.8297069496
2.5820000000,43.2697151337
2.5830000000,40.1512045925
2.5840000000,36.5137421135
2.5850000000,32.4036690063
2.5860000000,27.8735207704
2.5870000000,22.9813646368
2.5880000000,17.7900632114
2.5890000000,12.3664734448
2.5900000000,6.7805910410
2.5910000000,1.1046511732
2.5920000000,-4.5878029984
2.5930000000,-10.2228720403
2.5940000000,-15.7272598975
2.5950000000,-21.0292290260
2.5960000000,-26.0595385465
2.5970000000,-30.7523531156
2.5980000000,-35.0461105348
2.5990000000,-38.8843365933
2.6000000000,-42.2163962751
2.6010000000,-44.9981712375
2.6020000000,-47.1926543829
2.6030000000,-48.7704533867
2.6040000000,-49.7101961965
2.6050000000,-49.9988327696
2.6060000000,-49.6318286481
2.6070000000,-48.6132473737
2.6080000000,-46.9557201868
2.6090000000,-44.6803029348
2.6100000000,-41.8162215949
2.6110000000,-38.4005092969
2.6120000000,-34.4775391735
2.6130000000,-30.0984587639
2.6140000000,-25.3205330258
2.6150000000,-20.2064042536
2.6160000000,-14.8232783425
2.6170000000,-9.2420478600
2.6180000000,-3.5363632746
2.6190000000,2.2183355616
2.6200000000,7.9458149956
2.6210000000,13.5700571144
2.6220000000,19.0162698906
2.6230000000,24.2118845005
2.6240000000,29.0875264897
2.6250000000,33.5779477424
2.6260000000,37.6229066681
2.6270000000,41.1679846490
2.6280000000,44.1653275813
2.6290000000,46.5743022923
2.6300000000,48.3620587001
2.6310000000,49.5039898004
2.6320000000,49.9840828939
2.6330000000,49.7951568933
2.6340000000,48.9389820508
2.6350000000,47.4262800083
2.6360000000,45.2766036691
2.6370000000,42.5180980033
2.6380000000,39.1871445070
2.6390000000,35.3278936156
2.6400000000,30.9916909005
2.6410000000,26.2364043438
2.6420000000,21.1256613509
2.6430000000,15.7280054288
2.6440000000,10.1159835869
2.6450000000,4.3651765123
2.6460000000,-1.4468155946
2.6470000000,-7.2414179778
2.6480000000,-12.9401430412
2.6490000000,-18.4656544942
2.6500000000,-23.7428194935
2.6510000000,-28.6997344420
2.6520000000,-33.2687103898
2.6530000000,-37.3872044675
2.6540000000,-40.9986844463
2.6550000000,-44.0534143697
2.6560000000,-46.5091502191
2.6570000000,-48.3317357470
2.6580000000,-49.4955899299
2.6590000000,-49.9840789305
2.6600000000,-49.7897670044
2.6610000000,-48.9145424163
2.6620000000,-47.3696161242
2.6630000000,-45.1753927237
2.6640000000,-42.3612148923
2.6650000000,-38.9649843214
2.6660000000,-35.0326638303
2.6670000000,-30.6176670157
2.6680000000,-25.7801433705
2.6690000000,-20.5861682802
2.6700000000,-15.1068486654
2.6710000000,-9.4173562533
2.6720000000,-3.5959015181
2.6730000000,2.2773377846
2.6740000000,8.1213188722
2.6750000000,13.8552518605
2.6760000000,19.3997179542
2.6770000000,24.6777724172
2.6780000000,29.6160169726
2.6790000000,34.1456266320
2.6800000000,38.2033165152
2.6810000000,41.7322349818
2.6820000000,44.6827703581
2.6830000000,47.0132596803
2.6840000000,48.6905891856
2.6850000000,49.6906777409
2.6860000000,49.9988359873
2.6870000000,49.6099956820
2.6880000000,48.5288055009
2.6890000000,46.7695914178
2.6900000000,44.3561816584
2.6910000000,41.3215981252
2.6920000000,37.7076180681
2.6930000000,33.5642116124
2.6940000000,28.9488625277
2.6950000000,23.9257812911
2.6960000000,18.5650210605
2.6970000000,12.9415085876
2.6980000000,7.1340033542
2.6990000000,1.2239992935
2.7000000000,-4.7054156659
2.7010000000,-10.5707263282
2.7020000000,-16.2891668740
2.7030000000,-21.7798908484
2.7040000000,-26.9651179349
2.7050000000,-31.7712412038
2.7060000000,-36.1298790068
2.7070000000,-39.9788563974
2.7080000000,-43.2631018804
2.7090000000,-45.9354464307
2.7100000000,-47.9573130426
2.7110000000,-49.2992865720
2.7120000000,-49.9415552860
2.7130000000,-49.8742173182
2.7140000000,-49.0974471193
2.7150000000,-47.6215189636
2.7160000000,-45.4666865977
2.7170000000,-42.6629201630
2.7180000000,-39.2495035714
2.7190000000,-35.2744975189
2.7200000000,-30.7940752716
2.7210000000,-25.8717402123
2.7220000000,-20.5774358703
2.7230000000,-14.9865607548
2.7240000000,-9.1789017293
2.7250000000,-3.2375009065
2.7260000000,2.7525279354
2.7270000000,8.7052166099
2.7280000000,14.5349760835
2.7290000000,20.1578286531
2.7300000000,25.4926209899
2.7310000000,30.4622004877
2.7320000000,34.9945378022
2.7330000000,39.0237791614
2.7340000000,42.4912129648
2.7350000000,45.3461363536
2.7360000000,47.5466088149
2.7370000000,49.0600814554
2.7380000000,49.8638923286
2.7390000000,49.9456200965
2.7400000000,49.3032903248
2.7410000000,47.9454308249
2.7420000000,45.8909746318
2.7430000000,43.1690114173
2.7440000000,39.8183903459
2.7450000000,35.8871795605
2.7460000000,31.4319895991
2.7470000000,26.5171700607
2.7480000000,21.2138907368
2.7490000000,15.5991201620
2.7500000000,9.7545161008
2.7510000000,3.7652438420
2.7520000000,-2.2812606930
2.7530000000,-8.2965651353
2.7540000000,-14.1925336216
2.7550000000,-19.8826196274
2.7560000000,-25.2831397044
2.7570000000,-30.3145093391
2.7580000000,-34.9024226138
2.7590000000,-38.9789580965
2.7600000000,-42.4835943852
2.7610000000,-45.3641199883
2.7620000000,-47.5774237062
2.7630000000,-49.0901533790
2.7640000000,-49.8792327510
2.7650000000,-49.9322282509
2.7660000000,-49.2475596686
2.7670000000,-47.8345509884
2.7680000000,-45.7133199930
2.7690000000,-42.9145076289
2.7700000000,-39.4788505119
2.7710000000,-35.4566022893
2.7720000000,-30.9068118505
2.7730000000,-25.8964685422
2.7740000000,-20.4995265698
2.7750000000,-14.7958226207
2.7760000000,-8.8699024050
2.7770000000,-2.8097732359
2.7780000000,3.2943990403
2.7790000000,9.3516295421
2.7800000000,15.2714704181
2.7810000000,20.9653632819
2.7820000000,26.3479677757
2.7830000000,31.3384462871
2.7840000000,35.8616854041
2.7850000000,39.8494355541
2.7860000000,43.2413514093
2.7870000000,45.9859170539
2.7880000000,48.0412415612
2.7890000000,49.3757125121
2.7900000000,49.9684970640
2.7910000000,49.8098824280
2.7920000000,48.9014499916
2.7930000000,47.2560798061
2.7940000000,44.8977847038
2.7950000000,41.8613758751
2.7960000000,38.1919642954
2.7970000000,33.9443048904
2.7980000000,29.1819927414
2.7990000000,23.9765229168
2.8000000000,18.4062276342
2.8010000000,12.5551063831
2.8020000000,6.5115663340
2.8030000000,0.3670918036
2.8040000000,-5.7851372909
2.8050000000,-11.8516571850
2.8060000000,-17.7401408685
2.8070000000,-23.3608059449
2.8080000000,-28.6277882475
2.8090000000,-33.4604601390
2.8100000000,-37.7846731622
2.8110000000,-41.5339057765
2.8120000000,-44.6502982704
2.8130000000,-47.0855585877
2.8140000000,-48.8017247008
2.8150000000,-49.7717713002
2.8160000000,-49.9800508926
2.8170000000,-49.4225619000
2.8180000000,-48.1070389682
2.8190000000,-46.0528634041
2.8200000000,-43.2907944152
2.8210000000,-39.8625245845
2.8220000000,-35.8200657343
2.8230000000,-31.2249739731
2.8240000000,-26.1474252399
2.8250000000,-20.6651550173
2.8260000000,-14.8622780444
2.8270000000,-8.8280057874
2.8280000000,-2.6552810875
2.8290000000,3.5606492242
2.8300000000,9.7237018991
2.8310000000,15.7384424605
2.8320000000,21.5115650671
2.8330000000,26.9533440789
2.8340000000,31.9790346937
2.8350000000,36.5102007039
2.8360000000,40.4759484601
2.8370000000,43.8140474870
2.8380000000,46.4719198742
2.8390000000,48.4074825263
2.8400000000,49.5898285753
2.8410000000,49.9997367066
2.8420000000,49.6299997838
2.8430000000,48.4855669397
2.8440000000,46.5834961909
2.8450000000,43.9527175843
2.8460000000,40.6336098471
2.8470000000,36.6773964502
2.8480000000,32.1453698503
2.8490000000,27.1079554113
2.8500000000,21.6436290760
2.8510000000,15.8377052201
2.8520000000,9.7810132348
2.8530000000,3.5684832217
2.8540000000,-2.7023372946
2.8550000000,-8.9328125433
2.8560000000,-15.0247696528
2.8570000000,-20.8820473878
2.8580000000,-26.4120180273
2.8590000000,-31.5270582483
2.8600000000,-36.1459455728
2.8610000000,-40.1951580095
2.8620000000,-43.6100559490
2.8630000000,-46.3359271452
2.8640000000,-48.3288776943
2.8650000000,-49.5565542915
2.8660000000,-49.9986856547
2.8670000000,-49.6474338229
2.8680000000,-48.5075490161
2.8690000000,-46.5963248414
2.8700000000,-43.9433537896
2.8710000000,-40.5900861521
2.8720000000,-36.5891986324
2.8730000000,-32.0037819900
2.8740000000,-26.9063599895
2.8750000000,-21.3777546715
2.8760000000,-15.5058154927
2.8770000000,-9.3840321341
2.8780000000,-3.1100527323
2.8790000000,3.2158691025
2.8800000000,9.4924738657
2.8810000000,15.6191168662
2.8820000000,21.4973841338
2.8830000000,27.0326775625
2.8840000000,32.1357437001
2.8850000000,36.7241213854
2.8860000000,40.7234846314
2.8870000000,44.0688587292
2.8880000000,46.7056894960
2.8890000000,48.5907478649
2.8900000000,49.6928545934
2.8910000000,49.9934127046
2.8920000000,49.4867383237
2.8930000000,48.1801837962
2.8940000000,46.0940503023
2.8950000000,43.2612905832
2.8960000000,39.7270057979
2.8970000000,35.5477438844
2.8980000000,30.7906100565
2.8990000000,25.5322031633
2.9000000000,19.8573945317
2.9010000000,13.8579685484
2.9020000000,7.6311465722
2.9030000000,1.2780177686
2.9040000000,-5.0980979251
2.9050000000,-11.3933282698
2.9060000000,-17.5049414048
2.9070000000,-23.3330251594
2.9080000000,-28.7821255079
2.9090000000,-33.7628172310
2.9100000000,-38.1931808309
2.9110000000,-42.0001611673
2.9120000000,-45.1207851123
2.9130000000,-47.5032177281
2.9140000000,-49.1076390340
2.9150000000,-49.9069262901
2.9160000000,-49.8871298584
2.9170000000,-49.0477340371
2.9180000000,-47.4016977689
2.9190000000,-44.9752737205
2.9200000000,-41.8076078787
2.9210000000,-37.9501254356
2.9220000000,-33.4657122855
2.9230000000,-28.4277048752
2.9240000000,-22.9187043674
2.9250000000,-17.0292340579
2.9260000000,-10.8562616596
2.9270000000,-4.5016104039
2.9280000000,1.9297151467
2.9290000000,8.3312611457
2.9300000000,14.5968858651
2.9310000000,20.6225213304
2.9320000000,26.3079059341
2.9330000000,31.5582591258
2.9340000000,36.2858701129
2.9350000000,40.4115738107
2.9360000000,43.8660890428
2.9370000000,46.5911961747
2.9380000000,48.5407339439
2.9390000000,49.6813981741
2.9400000000,49.9933282958
2.9410000000,49.4704710792
2.9420000000,48.1207146628
2.9430000000,45.9657897766
2.9440000000,43.0409389427
2.9450000000,39.3943583278
2.9460000000,35.0864207557
2.9470000000,30.1886920970
2.9480000000,24.7827567788
2.9490000000,18.9588714299
2.9500000000,12.8144686566
2.9510000000,6.4525355577
2.9520000000,-0.0201061924
2.9530000000,-6.4945900871
2.9540000000,-12.8618344483
2.9550000000,-19.0143812929
2.9560000000,-24.8482133982
2.9570000000,-30.2645187947
2.9580000000,-35.1713726676
2.9590000000,-39.4853079114
2.9600000000,-43.1327473430
2.9610000000,-46.0512728026
2.9620000000,-48.1907090264
2.9630000000,-49.5140032232
2.9640000000,-49.9978846666
2.9650000000,-49.6332922871
2.9660000000,-48.4255621350
2.9670000000,-46.3943706353
2.9680000000,-43.5734336950
2.9690000000,-40.0099658798
2.9700000000,-35.7639079872
2.9710000000,-30.9069353261
2.9720000000,-25.5212628134
2.9730000000,-19.6982665346
2.9740000000,-13.5369446408
2.9750000000,-7.1422432993
2.9760000000,-0.6232758396
2.9770000000,5.9085348138
2.9780000000,12.3413588844
2.9790000000,18.5648752100
2.9800000000,24.4721666238
2.9810000000,29.9615626397
2.9820000000,34.9383975960
2.9830000000,39.3166537269
2.9840000000,43.0204604750
2.9850000000,45.9854237102
2.9860000000,48.1597613352
2.9870000000,49.5052249916
2.9880000000,49.9977911830
2.9890000000,49.6281090394
2.9900000000,48.4016960930
2.9910000000,46.3388777561
2.9920000000,43.4744706034
2.9930000000,39.8572139971
2.9940000000,35.5489589705
2.9950000000,30.6236275320
2.9960000000,25.1659595888
2.9970000000,19.2700684513
2.9980000000,13.0378292938
2.9990000000,6.5771279534
3.0000000000,-0.0000000000
3.0010000000,-6.5793079527
3.0020000000,-13.0463212342
3.0030000000,-19.2883300212
3.0040000000,-25.1963574573
3.0050000000,-30.6670685705
3.0060000000,-35.6045864523
3.0070000000,-39.9221836389
3.0080000000,-43.5438186776
3.0090000000,-46.4054904397
3.0100000000,-48.4563858115
3.0110000000,-49.6597999104
3.0120000000,-49.9938118699
3.0130000000,-49.4517034483
3.0140000000,-48.0421121788
3.0150000000,-45.7889154010
3.0160000000,-42.7308462296
3.0170000000,-38.9208472336
3.0180000000,-34.4251722403
3.0190000000,-29.3222511575
3.0200000000,-23.7013369488
3.0210000000,-17.6609578182
3.0220000000,-11.3072011976
3.0230000000,-4.7518592157
3.0240000000,1.8895321007
3.0250000000,8.4997256232
3.0260000000,14.9618322235
3.0270000000,21.1613896961
3.0280000000,26.9883948588
3.0290000000,32.3392626867
3.0300000000,37.1186774739
3.0310000000,41.2413027803
3.0320000000,44.6333192902
3.0330000000,47.2337626319
3.0340000000,48.9956366469
3.0350000000,49.8867814870
3.0360000000,49.8904801956
3.0370000000,49.0057920189
3.0380000000,47.2476055145
3.0390000000,44.6464094957
3.0400000000,41.2477848779
3.0410000000,37.1116254922
3.0420000000,32.3111008140
3.0430000000,26.9313782235
3.0440000000,21.0681267955
3.0450000000,14.8258286255
3.0460000000,8.3159272560
3.0470000000,1.6548458192
3.0480000000,-5.0380900135
3.0490000000,-11.6427873236
3.0500000000,-18.0405413244
3.0510000000,-24.1161721455
3.0520000000,-29.7601045158
3.0530000000,-34.8703526963
3.0540000000,-39.3543745662
3.0550000000,-43.1307609660
3.0560000000,-46.1307292342
3.0570000000,-48.2993932727
3.0580000000,-49.5967863974
3.0590000000,-49.9986175983
3.0600000000,-49.4967465722
3.0610000000,-48.0993679210
3.0620000000,-45.8309001328
3.0630000000,-42.7315802976
3.0640000000,-38.8567708492
3.0650000000,-34.2759898763
3.0660000000,-29.0716816173
3.0670000000,-23.3377485431
3.0680000000,-17.1778708579
3.0690000000,-10.7036432279
3.0700000000,-4.0325619981
3.0710000000,2.7141009729
3.0720000000,9.4134995167
3.0730000000,15.9434495140
3.0740000000,22.1846597248
3.0750000000,28.0229163241
3.0760000000,33.3511810615
3.0770000000,38.0715643641
3.0780000000,42.0971368334
3.0790000000,45.3535453904
3.0800000000,47.7804037580
3.0810000000,49.3324309830
3.0820000000,49.9803162117
3.0830000000,49.7112928636
3.0840000000,48.5294106223
3.0850000000,46.4554991628
3.0860000000,43.5268231845
3.0870000000,39.7964339973
3.0880000000,35.3322285214
3.0890000000,30.2157319988
3.0900000000,24.5406258813
3.0910000000,18.4110471506
3.0920000000,11.9396896590
3.0930000000,5.2457418680
3.0940000000,-1.5473014707
3.0950000000,-8.3139136552
3.0960000000,-14.9288545959
3.0970000000,-21.2694908106
3.0980000000,-27.2180738505
3.0990000000,-32.6639347514
3.1000000000,-37.5055534815
3.1010000000,-41.6524645087
3.1020000000,-45.0269624927
3.1030000000,-47.5655756744
3.1040000000,-49.2202787212
3.1050000000,-49.9594215224
3.1060000000,-49.7683556227
3.1070000000,-48.6497455429
3.1080000000,-46.6235580642
3.1090000000,-43.7267285363
3.1100000000,-40.0125092984
3.1110000000,-35.5495112684
3.1120000000,-30.4204555399
3.1130000000,-24.7206573273
3.1140000000,-18.5562697039
3.1150000000,-12.0423191971
3.1160000000,-5.3005693405
3.1170000000,1.5427483367
3.1180000000,8.3592937482
3.1190000000,15.0210241084
3.1200000000,21.4026011430
3.1210000000,27.3837543739
3.1220000000,32.8515558360
3.1230000000,37.7025630697
3.1240000000,41.8447895318
3.1250000000,45.1994646562
3.1260000000,47.7025496080
3.1270000000,49.3059792464
3.1280000000,49.9786058658
3.1290000000,49.7068258207
3.1300000000,48.4948760636
3.1310000000,46.3647938214
3.1320000000,43.3560389906
3.1330000000,39.5247852229
3.1340000000,34.9428919867
3.1350000000,29.6965759934
3.1360000000,23.8848061675
3.1370000000,17.6174516934
3.1380000000,11.0132174909
3.1390000000,4.1974056598
3.1400000000,-2.7004550921
3.1410000000,-9.5490673328
3.1420000000,-16.2178635481
3.1430000000,-22.5794980169
3.1440000000,-28.5122843271
3.1450000000,-33.9025317815
3.1460000000,-38.6467356827
3.1470000000,-42.6535790946
3.1480000000,-45.8457071119
3.1490000000,-48.1612388647
3.1500000000,-49.5549873683
3.1510000000,-49.9993628076
3.1520000000,-49.4849408206
3.1530000000,-48.0206836999
3.1540000000,-45.6338090524
3.1550000000,-42.3693072117
3.1560000000,-38.2891154610
3.1570000000,-33.4709637633
3.1580000000,-28.0069130857
3.1590000000,-22.0016134154
3.1600000000,-15.5703140815
3.1610000000,-8.8366639165
3.1620000000,-1.9303429969
3.1630000000,5.0154288642
3.1640000000,11.8664591360
3.1650000000,18.4901757031
3.1660000000,24.7581960095
3.1670000000,30.5488223670
3.1680000000,35.7494148093
3.1690000000,40.2585950483
3.1700000000,43.9882381762
3.1710000000,46.8652127016
3.1720000000,48.8328342376
3.1730000000,49.8520035850
3.1740000000,49.9020059743
3.1750000000,48.9809547342
3.1760000000,47.1058695111
3.1770000000,44.3123862496
3.1780000000,40.6541033148
3.1790000000,36.2015752574
3.1800000000,31.0409726523
3.1810000000,25.2724330432
3.1820000000,19.0081341668
3.1830000000,12.3701261951
3.1840000000,5.4879646010
3.1850000000,-1.5038106714
3.1860000000,-8.4683008488
3.1870000000,-15.2689276462
3.1880000000,-21.7721138599
3.1890000000,-27.8499125967
3.1900000000,-33.3825332958
3.1910000000,-38.2607145172
3.1920000000,-42.3878962824
3.1930000000,-45.6821485086
3.1940000000,-48.0778167035
3.1950000000,-49.5268515087
3.1960000000,-49.9997947755
3.1970000000,-49.4864015300
3.1980000000,-47.9958842902
3.1990000000,-45.5567736083
3.2000000000,-42.2163962751
3.2010000000,-38.0399801968
3.2020000000,-33.1094023835
3.2030000000,-27.5216036265
3.2040000000,-21.3867001460
3.2050000000,-14.8258286255
3.2060000000,-7.9687664901
3.2070000000,-0.9513739191
3.2080000000,6.0870921830
3.2090000000,13.0067392858
3.2100000000,19.6698207186
3.2110000000,25.9434822349
3.2120000000,31.7024188164
3.2130000000,36.8313884480
3.2140000000,41.2275322304
3.2150000000,44.8024538594
3.2160000000,47.4840161173
3.2170000000,49.2178175070
3.2180000000,49.9683184066
3.2190000000,49.7195930132
3.2200000000,48.4756907420
3.2210000000,46.2605985054
3.2220000000,43.1178032659
3.2230000000,39.1094622716
3.2240000000,34.3151962902
3.2250000000,28.8305287906
3.2260000000,22.7650012303
3.2270000000,16.2400012435
3.2280000000,9.3863464489
3.2290000000,2.3416716905
3.2300000000,-4.7523283215
3.2310000000,-11.7527458805
3.2320000000,-18.5183395438
3.2330000000,-24.9123877823
3.2340000000,-30.8054593007
3.2350000000,-36.0780437624
3.2360000000,-40.6229892493
3.2370000000,-44.3476964834
3.2380000000,-47.1760245580
3.2390000000,-49.0498685957
3.2400000000,-49.9303762356
3.2410000000,-49.7987770515
3.2420000000,-48.6568067532
3.2430000000,-46.5267161808
3.2440000000,-43.4508635015
3.2450000000,-39.4908964863
3.2460000000,-34.7265401141
3.2470000000,-29.2540128481
3.2480000000,-23.1841025858
3.2490000000,-16.6399403499
3.2500000000,-9.7545161008
3.2510000000,-2.6679864976
3.2520000000,4.4751711218
3.2530000000,11.5291009074
3.2540000000,18.3495469820
3.2550000000,24.7968074324
3.2560000000,30.7386032542
3.2570000000,36.0528031981
3.2580000000,40.6299481815
3.2590000000,44.3755228189
3.2600000000,47.2119266026
3.2610000000,49.0801032449
3.2620000000,49.9407935527
3.2630000000,49.7753848065
3.2640000000,48.5863378122
3.2650000000,46.3971814097
3.2660000000,43.2520730966
3.2670000000,39.2149333582
3.2680000000,34.3681701212
3.2690000000,28.8110182706
3.2700000000,22.6575272183
3.2710000000,16.0342369138
3.2720000000,9.0775892918
3.2730000000,1.9311278093
3.2740000000,-5.2574576780
3.2750000000,-12.3393800204
3.2760000000,-19.1678349896
3.2770000000,-25.6010488427
3.2780000000,-31.5052298943
3.2790000000,-36.7573624991
3.2800000000,-41.2477848779
3.2810000000,-44.8824964793
3.2820000000,-47.5851459827
3.2830000000,-49.2986574988
3.2840000000,-49.9864598929
3.2850000000,-49.6332922871
3.2860000000,-48.2455675277
3.2870000000,-45.8512845562
3.2880000000,-42.4994900036
3.2890000000,-38.2592987436
3.2900000000,-33.2184924025
3.2910000000,-27.4817237199
3.2920000000,-21.1683630180
3.2930000000,-14.4100306726
3.2940000000,-7.3478662320
3.2950000000,-0.1295905519
3.2960000000,7.0935781212
3.2970000000,14.1700898796
3.2980000000,20.9512444858
3.2990000000,27.2943215073
3.3000000000,33.0655932662
3.3010000000,38.1431568259
3.3020000000,42.4195247903
3.3030000000,45.8039195402
3.3040000000,48.2242215607
3.3050000000,49.6285296197
3.3060000000,49.9862985790
3.3070000000,49.2890294097
3.3080000000,47.5504953409
3.3090000000,44.8064978205
3.3100000000,41.1141558857
3.3110000000,36.5507424351
3.3120000000,31.2120905432
3.3130000000,25.2106021638
3.3140000000,18.6729001264
3.3150000000,11.7371720612
3.3160000000,4.5502616192
3.3170000000,-2.7354320582
3.3180000000,-9.9651813518
3.3190000000,-16.9852154448
3.3200000000,-23.6459941464
3.3210000000,-29.8054005084
3.3220000000,-35.3317839400
3.3230000000,-40.1067884460
3.3240000000,-44.0279049440
3.3250000000,-47.0106922668
3.3260000000,-48.9906183161
3.3270000000,-49.9244807650
3.3280000000,-49.7913755374
3.3290000000,-48.5931908487
3.3300000000,-46.3546146615
3.3310000000,-43.1226537906
3.3320000000,-38.9656733512
3.3330000000,-33.9719755710
3.3340000000,-28.2479469434
3.3350000000,-21.9158120884
3.3360000000,-15.1110412833
3.3370000000,-7.9794662604
3.3380000000,-0.6741653546
3.3390000000,6.6478157101
3.3400000000,13.8288373090
3.3410000000,20.7140612876
3.3420000000,27.1547950716
3.3430000000,33.0117121891
3.3440000000,38.1578792719
3.3450000000,42.4815235058
3.3460000000,45.8884798577
3.3470000000,48.3042640980
3.3480000000,49.6757255249
3.3490000000,49.9722422216
3.3500000000,49.1864314475
3.3510000000,47.3343581676
3.3520000000,44.4552355523
3.3530000000,40.6106222782
3.3540000000,35.8831324162
3.3550000000,30.3746843410
3.3560000000,24.2043252305
3.3570000000,17.5056770952
3.3580000000,10.4240587001
3.3590000000,3.1133450104
3.3600000000,-4.2673682453
3.3610000000,-11.5572227892
3.3620000000,-18.5971037223
3.3630000000,-25.2331167692
3.3640000000,-31.3199607748
3.3650000000,-36.7241213854
3.3660000000,-41.3268154687
3.3670000000,-45.0266210159
3.3680000000,-47.7417339022
3.3690000000,-49.4118008360
3.3700000000,-49.9992869228
3.3710000000,-49.4903463231
3.3720000000,-47.8951752702
3.3730000000,-45.2478380043
3.3740000000,-41.6055677315
3.3750000000,-37.0475562677
3.3760000000,-31.6732573341
3.3770000000,-25.6002392752
3.3780000000,-18.9616330376
3.3790000000,-11.9032303445
3.3800000000,-4.5802949305
3.3810000000,2.8458437243
3.3820000000,10.2113396519
3.3830000000,17.3534446883
3.3840000000,24.1141081084
3.3850000000,30.3434819255
3.3860000000,35.9032539649
3.3870000000,40.6697343314
3.3880000000,44.5366260749
3.3890000000,47.4174175931
3.3900000000,49.2473424650
3.3910000000,49.9848618051
3.3920000000,49.6126346623
3.3930000000,48.1379532359
3.3940000000,45.5926314959
3.3950000000,42.0323479138
3.3960000000,37.5354551699
3.3970000000,32.2012816281
3.3980000000,26.1479607941
3.3990000000,19.5098356416
3.4000000000,12.4344943582
3.4010000000,5.0795025126
3.4020000000,-2.3910963263
3.4030000000,-9.8104340309
3.4040000000,-17.0125441908
3.4050000000,-23.8360780531
3.4060000000,-30.1279268724
3.4070000000,-35.7466691967
3.4080000000,-40.5657652260
3.4090000000,-44.4764257638
3.4100000000,-47.3900903077
3.4110000000,-49.2404573559
3.4120000000,-49.9850198572
3.4130000000,-49.6060696790
3.4140000000,-48.1111467823
3.4150000000,-45.5329211997
3.4160000000,-41.9285086520
3.4170000000,-37.3782334030
3.4180000000,-31.9838644763
3.4190000000,-25.8663633441
3.4200000000,-19.1631923709
3.4210000000,-12.0252434116
3.4220000000,-4.6134547754
3.4230000000,2.9048079230
3.4240000000,10.3595258744
3.4250000000,17.5818711761
3.4260000000,24.4080340460
3.4270000000,30.6829463223
3.4280000000,36.2638164489
3.4290000000,41.0233951001
3.4300000000,44.8528964149
3.4310000000,47.6645073487
3.4320000000,49.3934267665
3.4330000000,49.9993863761
3.4340000000,49.4676172191
3.4350000000,47.8092379290
3.4360000000,45.0610540558
3.4370000000,41.2847711491
3.4380000000,36.5656376789
3.4390000000,31.0105469545
3.4400000000,24.7456396696
3.4410000000,17.9134602792
3.4420000000,10.6697308164
3.4430000000,3.1798147545
3.4440000000,-4.3850491072
3.4450000000,-11.8516571850
3.4460000000,-19.0488068978
3.4470000000,-25.8112269103
3.4480000000,-31.9833815207
3.4490000000,-37.4230614283
3.4500000000,-42.0046776949
3.4510000000,-45.6221822264
3.4520000000,-48.1915464013
3.4530000000,-49.6527393912
3.4540000000,-49.9711590161
3.4550000000,-49.1384804216
3.4560000000,-47.1729011574
3.4570000000,-44.1187750805
3.4580000000,-40.0456415924
3.4590000000,-35.0466707061
3.4600000000,-29.2365580218
3.4610000000,-22.7489165375
3.4620000000,-15.7332240398
3.4630000000,-8.3513953322
3.4640000000,-0.7740575073
3.4650000000,6.8233863532
3.4660000000,14.2648144391
3.4670000000,21.3774706745
3.4680000000,27.9959816416
3.4690000000,33.9662124380
3.4700000000,39.1488713330
3.4710000000,43.4227785947
3.4720000000,46.6877223574
3.4730000000,48.8668337261
3.4740000000,49.9084242645
3.4750000000,49.7872413312
3.4760000000,48.5051101427
3.4770000000,46.0909456399
3.4780000000,42.6001318876
3.4790000000,38.1132815066
3.4800000000,32.7344021798
3.4810000000,26.5885112465
3.4820000000,19.8187524682
3.4830000000,12.5830809127
3.4840000000,5.0505922693
3.4850000000,-2.6024184708
3.4860000000,-10.1965773676
3.4870000000,-17.5536347745
3.4880000000,-24.5006530194
3.4890000000,-30.8740800721
3.4900000000,-36.5236130618
3.4910000000,-41.3157600926
3.4920000000,-45.1370155680
3.4930000000,-47.8965730206
3.4940000000,-49.5285100649
3.4950000000,-49.9933922912
3.4960000000,-49.2792564337
3.4970000000,-47.4019476526
3.4980000000,-44.4048009311
3.4990000000,-40.3576720575
3.5000000000,-35.3553390593
3.5010000000,-29.5153099348
3.5020000000,-22.9750867141
3.5030000000,-15.8889489479
3.5040000000,-8.4243313481
3.5050000000,-0.7578802038
3.5060000000,6.9287188630
3.5070000000,14.4530434694
3.5080000000,21.6362655748
3.5090000000,28.3074082654
3.5100000000,34.3074267553
3.5110000000,39.4930159476
3.5120000000,43.7400530489
3.5130000000,46.9465920835
3.5140000000,49.0353375317
3.5150000000,49.9555364673
3.5160000000,49.6842422264
3.5170000000,48.2269174681
3.5180000000,45.6173601579
3.5190000000,41.9169521244
3.5200000000,37.2132460455
3.5210000000,31.6179226113
3.5220000000,25.2641648094
3.5230000000,18.3035104171
3.5240000000,10.9022565220
3.5250000000,3.2375009065
3.5260000000,-4.5070858365
3.5270000000,-12.1456567788
3.5280000000,-19.4946486227
3.5290000000,-26.3771981437
3.5300000000,-32.6274087481
3.5310000000,-38.0943640008
3.5320000000,-42.6457906916
3.5330000000,-46.1712820930
3.5340000000,-48.5850023407
3.5350000000,-49.8278050896
3.5360000000,-49.8687134935
3.5370000000,-48.7057237839
3.5380000000,-46.3659109292
3.5390000000,-42.9048316528
3.5400000000,-38.4052370645
3.5410000000,-32.9751239209
3.5420000000,-26.7451696483
3.5430000000,-19.8656113652
3.5440000000,-12.5026428400
3.5450000000,-4.8344152860
3.5460000000,2.9532621728
3.5470000000,10.6714188862
3.5480000000,18.1325072718
3.5490000000,25.1549644335
3.5500000000,31.5676397725
3.5510000000,37.2139804139
3.5520000000,41.9558717730
3.5530000000,45.6770386156
3.5540000000,48.2859223341
3.5550000000,49.7179626335
3.5560000000,49.9372260958
3.5570000000,48.9373398310
3.5580000000,46.7417052561
3.5590000000,43.4029845480
3.5600000000,39.0018700883
3.5610000000,33.6451648026
3.5620000000,27.4632182780
3.5630000000,20.6067794941
3.5640000000,13.2433415275
3.5650000000,5.5530663285
3.5660000000,-2.2756117005
3.5670000000,-10.0505963495
3.5680000000,-17.5808418363
3.5690000000,-24.6810510929
3.5700000000,-31.1762444873
3.5710000000,-36.9060861302
3.5720000000,-41.7288604786
3.5730000000,-45.5250001738
3.5740000000,-48.2000767576
3.5750000000,-49.6871788381
3.5760000000,-49.9486171255
3.5770000000,-48.9769121596
3.5780000000,-46.7950381201
3.5790000000,-43.4559144044
3.5800000000,-39.0411552404
3.5810000000,-33.6591060021
3.5820000000,-27.4422126683
3.5830000000,-20.5437875586
3.5840000000,-13.1342496771
3.5850000000,-5.3969313139
3.5860000000,2.4764463462
3.5870000000,10.2905172666
3.5880000000,17.8511170506
3.5890000000,24.9701117048
3.5900000000,31.4700885067
3.5910000000,37.1887918023
3.5920000000,41.9831924914
3.5930000000,45.7330886808
3.5940000000,48.3441463069
3.5950000000,49.7503021674
3.5960000000,49.9154674391
3.5970000000,48.8344870016
3.5980000000,46.5333283234
3.5990000000,43.0684928356
3.6000000000,38.5256621388
3.6010000000,33.0176105912
3.6020000000,26.6814343073
3.6030000000,19.6751639088
3.6040000000,12.1738440621
3.6050000000,4.3651765123
3.6060000000,-3.5551653737
3.6070000000,-11.3884339005
3.6080000000,-18.9377937786
3.6090000000,-26.0132732137
3.6100000000,-32.4365547128
3.6110000000,-38.0454845508
3.6120000000,-42.6981864938
3.6130000000,-46.2766749337
3.6140000000,-48.6898748306
3.6150000000,-49.8759704909
3.6160000000,-49.8040218670
3.6170000000,-48.4748053393
3.6180000000,-45.9208553843
3.6190000000,-42.2057036458
3.6200000000,-37.4223322164
3.6210000000,-31.6908778838
3.6220000000,-25.1556431940
3.6230000000,-17.9814879476
3.6240000000,-10.3496907146
3.6250000000,-2.4533837164
3.6260000000,5.5073243771
3.6270000000,13.3304148546
3.6280000000,20.8170864457
3.6290000000,27.7768137376
3.6300000000,34.0322076757
3.6310000000,39.4235538748
3.6320000000,43.8129122227
3.6330000000,47.0876720205
3.6340000000,49.1634704016
3.6350000000,49.9863976803
3.6360000000,49.5344312060
3.6370000000,47.8180587827
3.6380000000,44.8800732826
3.6390000000,40.7945411972
3.6400000000,35.6649690057
3.6410000000,29.6217118524
3.6420000000,22.8186885794
3.6430000000,15.4294851603
3.6440000000,7.6429445463
3.6450000000,-0.3416455425
3.6460000000,-8.3196446365
3.6470000000,-16.0863014800
3.6480000000,-23.4420117621
3.6490000000,-30.1974565513
3.6500000000,-36.1784889594
3.6510000000,-41.2306425641
3.6520000000,-45.2231444068
3.6530000000,-48.0523277269
3.6540000000,-49.6443546861
3.6550000000,-49.9571768116
3.6560000000,-48.9816802949
3.6570000000,-46.7419841332
3.6580000000,-43.2948808707
3.6590000000,-38.7284318101
3.6600000000,-33.1597504738
3.6610000000,-26.7320292077
3.6620000000,-19.6108836089
3.6630000000,-11.9801073886
3.6640000000,-4.0369458845
3.6650000000,4.0129906968
3.6660000000,11.9610434547
3.6670000000,19.6009131158
3.6680000000,26.7340203498
3.6690000000,33.1746786811
3.6700000000,38.7549449730
3.6710000000,43.3290203710
3.6720000000,46.7770858395
3.6730000000,49.0084707391
3.6740000000,49.9640699074
3.6750000000,49.6179439964
3.6760000000,47.9780588892
3.6770000000,45.0861423295
3.6780000000,41.0166588668
3.6790000000,35.8749272579
3.6800000000,29.7944269636
3.6810000000,22.9333617496
3.6820000000,15.4705680819
3.6830000000,7.6008734659
3.6840000000,-0.4699753403
3.6850000000,-8.5306826114
3.6860000000,-16.3699325230
3.6870000000,-23.7819320302
3.6880000000,-30.5718223074
3.6890000000,-36.5608162409
3.6900000000,-41.5909261613
3.6910000000,-45.5291563001
3.6920000000,-48.2710480915
3.6930000000,-49.7434830861
3.6940000000,-49.9066674532
3.6950000000,-48.7552433515
3.6960000000,-46.3184952719
3.6970000000,-42.6596432183
3.6980000000,-37.8742386653
3.6990000000,-32.0877029793
3.7000000000,-25.4520707875
3.7010000000,-18.1420220158
3.7020000000,-10.3503054243
3.7030000000,-2.2826729366
3.7040000000,5.8475425738
3.7050000000,13.8250634602
3.7060000000,21.4383686952
3.7070000000,28.4853094782
3.7080000000,34.7784898048
3.7090000000,40.1502684620
3.7100000000,44.4572484669
3.7110000000,47.5841331193
3.7120000000,49.4468442596
3.7130000000,49.9948175876
3.7140000000,49.2124115086
3.7150000000,47.1193893595
3.7160000000,43.7704594261
3.7170000000,39.2538822256
3.7180000000,33.6891794504
3.7190000000,27.2240030651
3.7200000000,20.0302456846
3.7210000000,12.2994939179
3.7220000000,4.2379442827
3.7230000000,-3.9390839078
3.7240000000,-12.0128930317
3.7250000000,-19.7672559617
3.7260000000,-26.9942128008
3.7270000000,-33.4996600146
3.7280000000,-39.1085814526
3.7290000000,-43.6697798347
3.7300000000,-47.0599802000
3.7310000000,-49.1871932387
3.7320000000,-49.9932459317
3.7330000000,-49.4554089936
3.7340000000,-47.5870746733
3.7350000000,-44.4374638698
3.7360000000,-40.0903675958
3.7370000000,-34.6619538646
3.7380000000,-28.2976963830
3.7390000000,-21.1685053255
3.7400000000,-13.4661622802
3.7410000000,-5.3981806074
3.7420000000,2.8177716019
3.7430000000,10.9597364770
3.7440000000,18.8074614290
3.7450000000,26.1483624571
3.7460000000,32.7832941284
3.7470000000,38.5319693427
3.7480000000,43.2378809379
3.7490000000,46.7725901961
3.7500000000,49.0392640202
3.7510000000,49.9753625441
3.7520000000,49.5544016784
3.7530000000,47.7867399759
3.7540000000,44.7193655647
3.7550000000,40.4346860153
3.7560000000,35.0483511680
3.7570000000,28.7061653916
3.7580000000,21.5801707534
3.7590000000,13.8640054739
3.7600000000,5.7676621704
3.7610000000,-2.4882127909
3.7620000000,-10.6783244938
3.7630000000,-18.5788760260
3.7640000000,-25.9736887632
3.7650000000,-32.6601288986
3.7660000000,-38.4546774598
3.7670000000,-43.1979902527
3.7680000000,-46.7593076214
3.7690000000,-49.0400912511
3.7700000000,-49.9767860196
3.7710000000,-49.5426285609
3.7720000000,-47.7484501103
3.7730000000,-44.6424486465
3.7740000000,-40.3089335918
3.7750000000,-34.8660745947
3.7760000000,-28.4627134355
3.7770000000,-21.2743240842
3.7780000000,-13.4982297003
3.7790000000,-5.3482062150
3.7800000000,2.9513805060
3.7810000000,11.1717435462
3.7820000000,19.0859804969
3.7830000000,26.4753419647
3.7840000000,33.1352897254
3.7850000000,38.8811764471
3.7860000000,43.5533887901
3.7870000000,47.0218100039
3.7880000000,49.1894764891
3.7890000000,49.9953246910
3.7900000000,49.4159495534
3.7910000000,47.4663229013
3.7920000000,44.1994488069
3.7930000000,39.7049624235
3.7940000000,34.1067081451
3.7950000000,27.5593614357
3.7960000000,20.2441854861
3.7970000000,12.3640382389
3.7980000000,4.1377665807
3.7990000000,-4.2058579581
3.8000000000,-12.4344943582
3.8010000000,-20.3187017969
3.8020000000,-27.6383437429
3.8030000000,-34.1887475574
3.8040000000,-39.7864469097
3.8050000000,-44.2743453849
3.8060000000,-47.5261552862
3.8070000000,-49.4499854078
3.8080000000,-49.9909749368
3.8090000000,-49.1328969972
3.8100000000,-46.8986839492
3.8110000000,-43.3498566132
3.8120000000,-38.5848702607
3.8130000000,-32.7364206513
3.8140000000,-25.9677827291
3.8150000000,-18.4682820127
3.8160000000,-10.4480234191
3.8170000000,-2.1320235660
3.8180000000,6.2460901263
3.8190000000,14.4506374669
3.8200000000,22.2505167515
3.8210000000,29.4257226502
3.8220000000,35.7735666891
3.8230000000,41.1144240559
3.8240000000,45.2968432200
3.8250000000,48.2018722967
3.8260000000,49.7464777088
3.8270000000,49.8859559323
3.8280000000,48.6152672449
3.8290000000,45.9692506533
3.8300000000,42.0217107059
3.8310000000,36.8833988133
3.8320000000,30.6989430992
3.8330000000,23.6428107992
3.8340000000,15.9144149461
3.8350000000,7.7325017488
3.8360000000,-0.6710240462
3.8370000000,-9.0576620218
3.8380000000,-17.1890817710
3.8390000000,-24.8338995857
3.8400000000,-31.7742733817
3.8410000000,-37.8121276128
3.8420000000,-42.7748298265
3.8430000000,-46.5201555411
3.8440000000,-48.9403978584
3.8450000000,-49.9655021439
3.8460000000,-49.5651335253
3.8470000000,-47.7496151231
3.8480000000,-44.5697069857
3.8490000000,-40.1152287346
3.8500000000,-34.5125620117
3.8510000000,-27.9211009932
3.8520000000,-20.5287495863
3.8530000000,-12.5465915627
3.8540000000,-4.2028840151
3.8550000000,4.2634555699
3.8560000000,12.6096832219
3.8570000000,20.5961881468
3.8580000000,27.9933786294
3.8590000000,34.5882961221
3.8600000000,40.1907666097
3.8610000000,44.6389110064
3.8620000000,47.8038541915
3.8630000000,49.5934948197
3.8640000000,49.9552246414
3.8650000000,48.8775159694
3.8660000000,46.3903282988
3.8670000000,42.5643189908
3.8680000000,37.5088774080
3.8690000000,31.3690359342
3.8700000000,24.3213439485
3.8710000000,16.5688210944
3.8720000000,8.3351332126
3.8730000000,-0.1418427181
3.8740000000,-8.6168800349
3.8750000000,-16.8444926696
3.8760000000,-24.5860493872
3.8770000000,-31.6167057376
3.8780000000,-37.7319520729
3.8790000000,-42.7535864512
3.8800000000,-46.5349373170
3.8810000000,-48.9651820607
3.8820000000,-49.9726333377
3.8830000000,-49.5268946248
3.8840000000,-47.6398190799
3.8850000000,-44.3652403950
3.8860000000,-39.7974800131
3.8870000000,-34.0686707622
3.8880000000,-27.3449716159
3.8890000000,-19.8217808987
3.8900000000,-11.7180848550
3.8910000000,-3.2701042137
3.8920000000,5.2755775558
3.8930000000,13.6692048363
3.8940000000,21.6651498438
3.8950000000,29.0291086426
3.8960000000,35.5449821670
3.8970000000,41.0212397532
3.8980000000,45.2965771783
3.8990000000,48.2447012709
3.9000000000,49.7780982302
3.9010000000,49.8506721542
3.9020000000,48.4591730914
3.9030000000,45.6433692343
3.9040000000,41.4849546605
3.9050000000,36.1052211923
3.9060000000,29.6615594283
3.9070000000,22.3428886957
3.9080000000,14.3641475651
3.9090000000,5.9600047067
3.9100000000,-2.6220266098
3.9110000000,-11.1288688549
3.9120000000,-19.3093415794
3.9130000000,-26.9215838549
3.9140000000,-33.7402183361
3.9150000000,-39.5630443776
3.9160000000,-44.2170608685
3.9170000000,-47.5636386258
3.9180000000,-49.5026867808
3.9190000000,-49.9756868854
3.9200000000,-48.9675016169
3.9210000000,-46.5069010003
3.9220000000,-42.6657869371
3.9230000000,-37.5571354201
3.9240000000,-31.3317139698
3.9250000000,-24.1736684242
3.9260000000,-16.2951071481
3.9270000000,-7.9298409821
3.9280000000,0.6735370932
3.9290000000,9.2590283276
3.9300000000,17.5708420925
3.9310000000,25.3610209741
3.9320000000,32.3968496693
3.9330000000,38.4678259849
3.9340000000,43.3919845843
3.9350000000,47.0213827699
3.9360000000,49.2465820076
3.9370000000,49.9999883813
3.9380000000,49.2579488539
3.9390000000,47.0415371200
3.9400000000,43.4160018568
3.9410000000,38.4888901786
3.9420000000,32.4068988559
3.9430000000,25.3515441951
3.9440000000,17.5337772300
3.9450000000,9.1877029570
3.9460000000,0.5635897870
3.9470000000,-8.0796226665
3.9480000000,-16.4820935768
3.9490000000,-24.3908956841
3.9500000000,-31.5676397725
3.9510000000,-37.7956787008
3.9520000000,-42.8866727633
3.9530000000,-46.6863166873
3.9540000000,-49.0790532108
3.9550000000,-49.9916281875
3.9560000000,-49.3953766695
3.9570000000,-47.3071673902
3.9580000000,-43.7889733782
3.9590000000,-38.9460778727
3.9600000000,-32.9239660279
3.9610000000,-25.9039928385
3.9620000000,-18.0979550790
3.9630000000,-9.7417286738
3.9640000000,-1.0881617777
3.9650000000,7.6005629577
3.9660000000,16.0608666465
3.9670000000,24.0357727985
3.9680000000,31.2827235349
3.9690000000,37.5809753547
3.9700000000,42.7383484259
3.9710000000,46.5971222992
3.9720000000,49.0388962487
3.9730000000,49.9882633754
3.9740000000,49.4151832608
3.9750000000,47.3359772527
3.9760000000,43.8129122227
3.9770000000,38.9523815971
3.9780000000,32.9017353129
3.9790000000,25.8448517878
3.9800000000,17.9965837400
3.9810000000,9.5962445551
3.9820000000,0.9003317936
3.9830000000,-7.8252915832
3.9840000000,-16.3135203620
3.9850000000,-24.3041865962
3.9860000000,-31.5520449535
3.9870000000,-37.8343184886
3.9880000000,-42.9575721254
3.9890000000,-46.7637010129
3.9900000000,-49.1348474104
3.9910000000,-49.9970920753
3.9920000000,-49.3228033020
3.9930000000,-47.1315676684
3.9940000000,-43.4896699483
3.9950000000,-38.5081342103
3.9960000000,-32.3393824868
3.9970000000,-25.1726101879
3.9980000000,-17.2280173249
3.9990000000,-8.7500703616
4.0000000000,-0.0000000000
4.0010000000,8.7522355317
4.0020000000,17.2362748592
4.0030000000,25.1897089892
4.0040000000,32.3662096647
4.0050000000,38.5431784227
4.0060000000,43.5286782489
4.0070000000,47.1674311733
4.0080000000,49.3456933940
4.0090000000,49.9948537092
4.0100000000,49.0936401403
4.0110000000,46.6688624552
4.0120000000,42.7946635241
4.0130000000,37.5902986844
4.0140000000,31.2165081019
4.0150000000,23.8705910815
4.0160000000,15.7803320222
4.0170000000,7.1969639370
4.0180000000,-1.6126139613
4.0190000000,-10.3741241673
4.0200000000,-18.8144473062
4.0210000000,-26.6701415132
4.0220000000,-33.6956788856
4.0230000000,-39.6711410956
4.0240000000,-44.4091323166
4.0250000000,-47.7606912950
4.0260000000,-49.6200149887
4.0270000000,-49.9278427689
4.0280000000,-48.6733916168
4.0290000000,-45.8947777670
4.0300000000,-41.6779074632
4.0310000000,-36.1538674205
4.0320000000,-29.4948927377
4.0330000000,-21.9090348899
4.0340000000,-13.6336936303
4.0350000000,-4.9282128434
4.0360000000,3.9342295554
4.0370000000,12.6751846398
4.0380000000,21.0196803219
4.0390000000,28.7048792584
4.0400000000,35.4883739929
4.0410000000,41.1558570611
4.0420000000,45.5279226422
4.0430000000,48.4657829441
4.0440000000,49.8757160465
4.0450000000,49.7121013795
4.0460000000,47.9789431534
4.0470000000,44.7298295055
4.0480000000,40.0663244105
4.0490000000,34.1348389539
4.0500000000,27.1220768332
4.0510000000,19.2491943887
4.0520000000,10.7648566305
4.0530000000,1.9374062913
4.0540000000,-6.9536082479
4.0550000000,-15.6262791915
4.0560000000,-23.8052800239
4.0570000000,-31.2306170722
4.0580000000,-37.6659134460
4.0590000000,-42.9059608309
4.0600000000,-46.7832970480
4.0610000000,-49.1735975093
4.0620000000,-49.9997057716
4.0630000000,-49.2341711716
4.0640000000,-46.9002086625
4.0650000000,-43.0710459954
4.0660000000,-37.8676747072
4.0670000000,-31.4550723533
4.0680000000,-24.0370124440
4.0690000000,-15.8496240190
4.0700000000,-7.1539032606
4.0710000000,1.7725862988
4.0720000000,10.6445617196
4.0730000000,19.1781351080
4.0740000000,27.0999035100
4.0750000000,34.1557230362
4.0760000000,40.1188851971
4.0770000000,44.7974317005
4.0780000000,48.0403707540
4.0790000000,49.7425924225
4.0800000000,49.8483217125
4.0810000000,48.3529945249
4.0820000000,45.3034919373
4.0830000000,40.7967208664
4.0840000000,34.9765823240
4.0850000000,28.0294205095
4.0860000000,20.1780952053
4.0870000000,11.6748647478
4.0880000000,2.7933057849
4.0890000000,-6.1804721844
4.0900000000,-14.9570359215
4.0910000000,-23.2529650692
4.0920000000,-30.8000150861
4.0930000000,-37.3538099521
4.0940000000,-42.7017823662
4.0950000000,-46.6701026020
4.0960000000,-49.1293690937
4.0970000000,-49.9988731991
4.0980000000,-49.2492961771
4.0990000000,-46.9037467763
4.1000000000,-43.0371013502
4.1010000000,-37.7736633540
4.1020000000,-31.2832136839
4.1030000000,-23.7755757941
4.1040000000,-15.4938681718
4.1050000000,-6.7066599630
4.1060000000,2.3007181101
4.1070000000,11.2354271154
4.1080000000,19.8066378835
4.1090000000,27.7350043466
4.1100000000,34.7617834762
4.1110000000,40.6573036008
4.1120000000,45.2285031930
4.1130000000,48.3252916688
4.1140000000,49.8455214127
4.1150000000,49.7384049382
4.1160000000,48.0062613762
4.1170000000,44.7045307386
4.1180000000,39.9400508707
4.1190000000,33.8676488413
4.1200000000,26.6851538700
4.1210000000,18.6269909345
4.1220000000,9.9565612147
4.1230000000,0.9576559594
4.1240000000,-8.0748171562
4.1250000000,-16.8444926696
4.1260000000,-25.0632748613
4.1270000000,-32.4608148128
4.1280000000,-38.7934248557
4.1290000000,-43.8521357943
4.1300000000,-47.4696295612
4.1310000000,-49.5258161372
4.1320000000,-49.9518674894
4.1330000000,-48.7325715271
4.1340000000,-45.9069240237
4.1350000000,-41.5669343036
4.1360000000,-35.8546793530
4.1370000000,-28.9576989458
4.1380000000,-21.1028794532
4.1390000000,-12.5490244082
4.1400000000,-3.5783539331
4.1410000000,5.5127886789
4.1420000000,14.4237178260
4.1430000000,22.8593514093
4.1440000000,30.5399926223
4.1450000000,37.2106231543
4.1460000000,42.6493984242
4.1470000000,46.6750609599
4.1480000000,49.1530230550
4.1490000000,49.9999132341
4.1500000000,49.1864314475
4.1510000000,46.7384136346
4.1520000000,42.7360655267
4.1530000000,37.3113863315
4.1540000000,30.6438632538
4.1550000000,22.9545756338
4.1560000000,14.4989009025
4.1570000000,5.5580617522
4.1580000000,-3.5702066893
4.1590000000,-12.5815606658
4.1600000000,-21.1751935408
4.1610000000,-29.0638853433
4.1620000000,-35.9836201235
4.1630000000,-41.7024485316
4.1640000000,-46.0282972658
4.1650000000,-48.8154613421
4.1660000000,-49.9695584037
4.1670000000,-49.4507751096
4.1680000000,-47.2752923334
4.1690000000,-43.5148366016
4.1700000000,-38.2943678805
4.1710000000,-31.7879763808
4.1720000000,-24.2131214031
4.1730000000,-15.8234013411
4.1740000000,-6.9000939065
4.1750000000,2.2572522741
4.1760000000,11.3408607621
4.1770000000,20.0450688442
4.1780000000,28.0766201487
4.1790000000,35.1645615531
4.1800000000,41.0694098514
4.1810000000,45.5912772333
4.1820000000,48.5766787775
4.1830000000,49.9237887822
4.1840000000,49.5859644042
4.1850000000,47.5734130398
4.1860000000,43.9529422321
4.1870000000,38.8457955306
4.1880000000,32.4236424846
4.1890000000,24.9028536355
4.1900000000,16.5372498461
4.1910000000,7.6095675735
4.1920000000,-1.5780740379
4.1930000000,-10.7143836405
4.1940000000,-19.4894411564
4.1950000000,-27.6052172902
4.1960000000,-34.7857118347
4.1970000000,-40.7863653721
4.1980000000,-45.4024225996
4.1990000000,-48.4759601621
4.2000000000,-49.9013364214
4.2010000000,-49.6288735545
4.2020000000,-47.6666419813
4.2030000000,-44.0802813721
4.2040000000,-38.9908592062
4.2050000000,-32.5708347786
4.2060000000,-25.0382613971
4.2070000000,-16.6494200619
4.2080000000,-7.6901320792
4.2090000000,1.5339560417
4.2100000000,10.7077860198
4.2110000000,19.5176452819
4.2120000000,27.6619013411
4.2130000000,34.8613455884
4.2140000000,40.8687912528
4.2150000000,45.4775947467
4.2160000000,48.5288055009
4.2170000000,49.9166955211
4.2180000000,49.5924747270
4.2190000000,47.5660598192
4.2200000000,43.9058308589
4.2210000000,38.7363786890
4.2220000000,32.2343154034
4.2230000000,24.6222869090
4.2240000000,16.1613889193
4.2250000000,7.1422432993
4.2260000000,-2.1249613903
4.2270000000,-11.3211246734
4.2280000000,-20.1292187753
4.2290000000,-28.2452250847
4.2300000000,-35.3886449740
4.2310000000,-41.3122210265
4.2320000000,-45.8105308732
4.2330000000,-48.7271537646
4.2340000000,-49.9601584266
4.2350000000,-49.4657180417
4.2360000000,-47.2597224121
4.2370000000,-43.4173263019
4.2380000000,-38.0704442533
4.2390000000,-31.4032733659
4.2400000000,-23.6459941464
4.2410000000,-15.0668631918
4.2420000000,-5.9629679303
4.2430000000,3.3500390774
4.2440000000,12.5488723563
4.2450000000,21.3138340923
4.2460000000,29.3399337176
4.2470000000,36.3475194818
4.2480000000,42.0920507875
4.2490000000,46.3726688451
4.2500000000,49.0392640202
4.2510000000,49.9977897063
4.2520000000,49.2136329372
4.2530000000,46.7129191499
4.2540000000,42.5817002357
4.2550000000,36.9630487632
4.2560000000,30.0521544662
4.2570000000,22.0895892013
4.2580000000,13.3529711187
4.2590000000,4.1473154955
4.2600000000,-5.2055934876
4.2610000000,-14.3784404410
4.2620000000,-23.0498338761
4.2630000000,-30.9155778592
4.2640000000,-37.6993645481
4.2650000000,-43.1625110641
4.2660000000,-47.1123965407
4.2670000000,-49.4092997848
4.2680000000,-49.9713932559
4.2690000000,-48.7777131203
4.2700000000,-45.8689957533
4.2710000000,-41.3463457782
4.2720000000,-35.3677769427
4.2730000000,-28.1427421547
4.2740000000,-19.9248401866
4.2750000000,-11.0029513871
4.2760000000,-1.6911108964
4.2770000000,7.6825266670
4.2780000000,16.7872439421
4.2790000000,25.3014322927
4.2800000000,32.9239660279
4.2810000000,39.3848766543
4.2820000000,44.4549479649
4.2830000000,47.9538897976
4.2840000000,49.7567975573
4.2850000000,49.7986644091
4.2860000000,48.0767813200
4.2870000000,44.6509344885
4.2880000000,39.6413875187
4.2890000000,33.2247142449
4.2900000000,25.6276245875
4.2910000000,17.1189975131
4.2920000000,8.0003995089
4.2930000000,-1.4045783555
4.2940000000,-10.7617886914
4.2950000000,-19.7383955073
4.2960000000,-28.0147200660
4.2970000000,-35.2956430720
4.2980000000,-41.3211559122
4.2990000000,-45.8756827680
4.3000000000,-48.7958380969
4.3010000000,-49.9763387869
4.3020000000,-49.3738552885
4.3030000000,-47.0086589730
4.3040000000,-42.9640012494
4.3050000000,-37.3832408453
4.3060000000,-30.4648162118
4.3070000000,-22.4552373939
4.3080000000,-13.6403431030
4.3090000000,-4.3351315861
4.3100000000,5.1274740986
4.3110000000,14.4085265180
4.3120000000,23.1751950570
4.3130000000,31.1127129980
4.3140000000,37.9357012738
4.3150000000,43.3984607712
4.3160000000,47.3038608798
4.3170000000,49.5105013125
4.3180000000,49.9378853279
4.3190000000,48.5694132322
4.3200000000,45.4530828997
4.3210000000,40.6998662659
4.3220000000,34.4798143641
4.3230000000,27.0160254888
4.3240000000,18.5766885099
4.3250000000,9.4654834323
4.3260000000,0.0106814149
4.3270000000,-9.4466655515
4.3280000000,-18.5650210606
4.3290000000,-27.0147037143
4.3300000000,-34.4898235857
4.3310000000,-40.7193829892
4.3320000000,-45.4771377702
4.3330000000,-48.5898589892
4.3340000000,-49.9436917312
4.3350000000,-49.4883758178
4.3360000000,-47.2391700019
4.3370000000,-43.2764040488
4.3380000000,-37.7426689494
4.3390000000,-30.8377412872
4.3400000000,-22.8114203599
4.3410000000,-13.9545330321
4.3420000000,-4.5884286660
4.3430000000,4.9466576464
4.3440000000,14.3039530153
4.3450000000,23.1427581734
4.3460000000,31.1408637742
4.3470000000,38.0063186956
4.3480000000,43.4881197501
4.3490000000,47.3854302480
4.3500000000,49.5549873683
4.3510000000,49.9164233899
4.3520000000,48.4553011997
4.3530000000,45.2237474128
4.3540000000,40.3386539045
4.3550000000,33.9775073900
4.3560000000,26.3719936491
4.3570000000,17.7996048793
4.3580000000,8.5735524751
4.3590000000,-0.9686494934
4.3600000000,-10.4775150123
4.3610000000,-19.6043812179
4.3620000000,-28.0141996317
4.3630000000,-35.3978540601
4.3640000000,-41.4835516711
4.3650000000,-46.0468664563
4.3660000000,-48.9190625710
4.3670000000,-49.9933871829
4.3680000000,-49.2290962395
4.3690000000,-46.6530592960
4.3700000000,-42.3588782333
4.3710000000,-36.5035460854
4.3720000000,-29.3017629300
4.3730000000,-21.0181125352
4.3740000000,-11.9573829682
4.3750000000,-2.4533837164
4.3760000000,7.1433315791
4.3770000000,16.4783860302
4.3780000000,25.2066681856
4.3790000000,33.0051050116
4.3800000000,39.5846459334
4.3810000000,44.7010124977
4.3820000000,48.1638125959
4.3830000000,49.8436775748
4.3840000000,49.6771528201
4.3850000000,47.6691548823
4.3860000000,43.8928979228
4.3870000000,38.4872858771
4.3880000000,31.6518608025
4.3890000000,23.6394889139
4.3900000000,14.7470504100
4.3910000000,5.3044741860
4.3920000000,-4.3374789029
4.3930000000,-13.8202328094
4.3940000000,-22.7907305574
4.3950000000,-30.9145902168
4.3960000000,-37.8885919851
4.3970000000,-43.4520292553
4.3980000000,-47.3964975378
4.3990000000,-49.5737521293
4.4000000000,-49.9013364214
4.4010000000,-48.3657651147
4.4020000000,-45.0231373177
4.4030000000,-39.9971502096
4.4040000000,-33.4745810588
4.4050000000,-25.6984003078
4.4060000000,-16.9587675752
4.4070000000,-7.5822424435
4.4080000000,2.0803902404
4.4090000000,11.6672277262
4.4100000000,20.8188002480
4.4110000000,29.1915582298
4.4120000000,36.4707894966
4.4130000000,42.3824800913
4.4140000000,46.7036705490
4.4150000000,49.2709147076
4.4160000000,49.9865183157
4.4170000000,48.8223172673
4.4180000000,45.8208471725
4.4190000000,41.0938537528
4.4200000000,34.8181935628
4.4210000000,27.2292730212
4.4220000000,18.6122669801
4.4230000000,9.2914425116
4.4240000000,-0.3820139500
4.4250000000,-10.0432103098
4.4260000000,-19.3273069061
4.4270000000,-27.8833005223
4.4280000000,-35.3873133407
4.4290000000,-41.5548830611
4.4300000000,-46.1517867189
4.4310000000,-49.0029848763
4.4320000000,-49.9993428279
4.4330000000,-49.1018686808
4.4340000000,-46.3433015285
4.4350000000,-41.8269829363
4.4360000000,-35.7230478280
4.4370000000,-28.2620727107
4.4380000000,-19.7264161302
4.4390000000,-10.4395746055
4.4400000000,-0.7539536618
4.4410000000,8.9624849898
4.4420000000,18.3401949744
4.4430000000,27.0221053080
4.4440000000,34.6772338942
4.4450000000,41.0133348195
4.4460000000,45.7880951098
4.4470000000,48.8184504986
4.4480000000,49.9876602491
4.4490000000,49.2498655351
4.4500000000,46.6319511572
4.4510000000,42.2326328369
4.4520000000,36.2187981250
4.4530000000,28.8192340274
4.4540000000,20.3159747908
4.4550000000,11.0335950272
4.4560000000,1.3268529558
4.4570000000,-8.4328470929
4.4580000000,-17.8716571639
4.4590000000,-26.6276104145
4.4600000000,-34.3645190968
4.4610000000,-40.7849115507
4.4620000000,-45.6415093116
4.4630000000,-48.7468000389
4.4640000000,-49.9803338365
4.4650000000,-49.2934569520
4.4660000000,-46.7112945473
4.4670000000,-42.3318995091
4.4680000000,-36.3225930955
4.4690000000,-28.9136314093
4.4700000000,-20.3894350907
4.4710000000,-11.0777142134
4.4720000000,-1.3369024850
4.4730000000,8.4576187366
4.4740000000,17.9279780025
4.4750000000,26.7083964575
4.4760000000,34.4593327492
4.4770000000,40.8806425491
4.4780000000,45.7232415752
4.4790000000,48.7988174041
4.4800000000,49.9872095381
4.4810000000,49.2411663507
4.4820000000,46.5882882768
4.4830000000,42.1300750725
4.4840000000,36.0381069853
4.4850000000,28.5475009006
4.4860000000,19.9478886578
4.4870000000,10.5722616138
4.4880000000,0.7841093833
4.4890000000,-9.0366518163
4.4900000000,-18.5084173088
4.4910000000,-27.2627272050
4.4920000000,-34.9586180085
4.4930000000,-41.2959329208
4.4940000000,-46.0270701092
4.4950000000,-48.9667075383
4.4960000000,-49.9991204866
4.4970000000,-49.0828006079
4.4980000000,-46.2521898071
4.4990000000,-41.6164542374
4.5000000000,-35.3553390593
4.5010000000,-27.7122587231
4.5020000000,-18.9848860006
4.5030000000,-9.5136015174
4.5040000000,0.3317497501
4.5050000000,10.1662810270
4.5060000000,19.6051037251
4.5070000000,28.2783974496
4.5080000000,35.8459197507
4.5090000000,42.0103856011
4.5100000000,46.5291892580
4.5110000000,49.2240046785
4.5120000000,49.9878825734
4.5130000000,48.7895593808
4.5140000000,45.6748021301
4.5150000000,40.7647291464
4.5160000000,34.2511652611
4.5170000000,26.3892070046
4.5180000000,17.4872835416
4.5190000000,7.8950985158
4.5200000000,-2.0100774681
4.5210000000,-11.8382276587
4.5220000000,-21.2019417840
4.5230000000,-29.7316963613
4.5240000000,-37.0904596829
4.5250000000,-42.9870433974
4.5260000000,-47.1876704426
4.5270000000,-49.5252980291
4.5280000000,-49.9063217787
4.5290000000,-48.3143896006
4.5300000000,-44.8111674409
4.5310000000,-39.5340192188
4.5320000000,-32.6906853311
4.5330000000,-24.5511632307
4.5340000000,-15.4371050456
4.5350000000,-5.7091465366
4.5360000000,4.2473350701
4.5370000000,14.0374730792
4.5380000000,23.2725701603
4.5390000000,31.5855431498
4.5400000000,38.6455396781
4.5410000000,44.1711436450
4.5420000000,47.9416410169
4.5430000000,49.8058930795
4.5440000000,49.6884582109
4.5450000000,47.5927117796
4.5460000000,43.6008326384
4.5470000000,37.8706491904
4.5480000000,30.6294631962
4.5490000000,22.1650903816
4.5500000000,12.8144686567
4.5510000000,2.9502828651
4.5520000000,-7.0338645130
4.5530000000,-16.7391476722
4.5540000000,-25.7774515160
4.5550000000,-33.7869087526
4.5560000000,-40.4464174625
4.5570000000,-45.4885555834
4.5580000000,-48.7103712961
4.5590000000,-49.9816119103
4.5600000000,-49.2500552735
4.5610000000,-46.5437229578
4.5620000000,-41.9698789399
4.5630000000,-35.7108462300
4.5640000000,-28.0168017594
4.5650000000,-19.1958316742
4.5660000000,-9.6016400783
4.5670000000,0.3806002744
4.5680000000,10.3496907146
4.5690000000,19.9045245482
4.5700000000,28.6602328951
4.5710000000,36.2637083060
4.5720000000,42.4078792133
4.5730000000,46.8441568453
4.5740000000,49.3925482923
4.5750000000,49.9490221343
4.5760000000,48.4898227616
4.5770000000,45.0725518672
4.5780000000,39.8339656745
4.5790000000,32.9845690502
4.5800000000,24.8002173937
4.5810000000,15.6110588256
4.5820000000,5.7882577729
4.5830000000,-4.2709678834
4.5840000000,-14.1593941180
4.5850000000,-23.4762749055
4.5860000000,-31.8435960322
4.5870000000,-38.9214388649
4.5880000000,-44.4218286110
4.5890000000,-48.1205013540
4.5900000000,-49.8661070621
4.5910000000,-49.5864685731
4.5920000000,-47.2916351397
4.5930000000,-43.0735987200
4.5940000000,-37.1026765821
4.5950000000,-29.6206994726
4.5960000000,-20.9312750524
4.5970000000,-11.3875161935
4.5980000000,-1.3777281374
4.5990000000,8.6903668777
4.6000000000,18.4062276342
4.6010000000,27.3732393387
4.6020000000,35.2249232322
4.6030000000,41.6399471855
4.6040000000,46.3553211724
4.6050000000,49.1772339718
4.6060000000,49.9890823685
4.6070000000,48.7563577131
4.6080000000,45.5281823731
4.6090000000,40.4354251941
4.6100000000,33.6854650192
4.6110000000,25.5538088719
4.6120000000,16.3729009386
4.6130000000,6.5185746538
4.6140000000,-3.6053018271
4.6150000000,-13.5833607750
4.6160000000,-23.0057744134
4.6170000000,-31.4850999611
4.6180000000,-38.6722373596
4.6190000000,-44.2708413950
4.6200000000,-48.0495916599
4.6210000000,-49.8518102923
4.6220000000,-49.6020252018
4.6230000000,-47.3092011853
4.6240000000,-43.0664978766
4.6250000000,-37.0475562677
4.6260000000,-29.4994587289
4.6270000000,-20.7326451213
4.6280000000,-11.1081940499
4.6290000000,-1.0229882634
4.6300000000,9.1066279140
4.6310000000,18.8620272008
4.6320000000,27.8396056534
4.6330000000,35.6675009998
4.6340000000,42.0210297039
4.6350000000,46.6362005651
4.6360000000,49.3207405365
4.6370000000,49.9621699663
4.6380000000,48.5325854980
4.6390000000,45.0899444695
4.6400000000,39.7757892444
4.6410000000,32.8094975229
4.6420000000,24.4792892029
4.6430000000,15.1303557621
4.6440000000,5.1505987646
4.6450000000,-5.0454351274
4.6460000000,-15.0337585814
4.6470000000,-24.3985741355
4.6480000000,-32.7495977874
4.6490000000,-39.7383533110
4.6500000000,-45.0727558556
4.6510000000,-48.5293728058
4.6520000000,-49.9628450524
4.6530000000,-49.3120688707
4.6540000000,-46.6028727168
4.6550000000,-41.9470688948
4.6560000000,-35.5379111716
4.6570000000,-27.6421397312
4.6580000000,-18.5889380688
4.6590000000,-8.7562565169
4.6600000000,1.4449314273
4.6610000000,11.5877856716
4.6620000000,21.2474536954
4.6630000000,30.0188757826
4.6640000000,37.5337947709
4.6650000000,43.4762550537
4.6660000000,47.5959369708
4.6670000000,49.7187617757
4.6680000000,49.7543154174
4.6690000000,47.6997717756
4.6700000000,43.6401422305
4.6710000000,37.7448324452
4.6720000000,30.2606425310
4.6730000000,21.5014968229
4.6740000000,11.8353279831
4.6750000000,1.6686611905
4.6760000000,-8.5704573952
4.6770000000,-18.4504721199
4.6780000000,-27.5545118684
4.6790000000,-35.4979994394
4.6800000000,-41.9449316114
4.6810000000,-46.6221393168
4.6820000000,-49.3309207664
4.6830000000,-49.9555497124
4.6840000000,-48.4682917925
4.6850000000,-44.9307085869
4.6860000000,-39.4911855149
4.6870000000,-32.3787793876
4.6880000000,-23.8936375826
4.6890000000,-14.3943867695
4.6900000000,-4.2830186834
4.6910000000,6.0120919541
4.6920000000,16.0543212609
4.6930000000,25.4173147998
4.6940000000,33.7031055346
4.6950000000,40.5590605591
4.6960000000,45.6929336707
4.6970000000,48.8853793940
4.6980000000,49.9993902610
4.6990000000,48.9862485934
4.7000000000,45.8877312842
4.7010000000,40.8344649392
4.7020000000,34.0404924762
4.7030000000,25.7942739363
4.7040000000,16.4464969356
4.7050000000,6.3952093217
4.7060000000,-3.9310976953
4.7070000000,-14.0917384319
4.7080000000,-23.6526372560
4.7090000000,-32.2048864811
4.7100000000,-39.3822637005
4.7110000000,-44.8769569467
4.7120000000,-48.4528206792
4.7130000000,-49.9555894356
4.7140000000,-49.3196046876
4.7150000000,-46.5707586069
4.7160000000,-41.8255197728
4.7170000000,-35.2860734843
4.7180000000,-27.2317760998
4.7190000000,-18.0072815586
4.7200000000,-8.0078420951
4.7210000000,2.3375920937
4.7220000000,12.5847531699
4.7230000000,22.2931293126
4.7240000000,31.0449130759
4.7250000000,38.4630089609
4.7260000000,44.2273229634
4.7270000000,48.0886287115
4.7280000000,49.8794072629
4.7290000000,49.5211864029
4.7300000000,47.0280549079
4.7310000000,42.5061913302
4.7320000000,36.1494183976
4.7330000000,28.2309657212
4.7340000000,19.0917877573
4.7350000000,9.1259337509
4.7360000000,-1.2364048279
4.7370000000,-11.5474417026
4.7380000000,-21.3611394260
4.7390000000,-30.2525139497
4.7400000000,-37.8360642533
4.7410000000,-43.7825267656
4.7420000000,-47.8332247152
4.7430000000,-49.8113848141
4.7440000000,-49.6299234831
4.7450000000,-47.2953566477
4.7460000000,-42.9076544424
4.7470000000,-36.6560377630
4.7480000000,-28.8108898902
4.7490000000,-19.7121257216
4.7500000000,-9.7545161008
4.7510000000,0.6294014646
4.7520000000,10.9880876566
4.7530000000,20.8706287714
4.7540000000,29.8463739348
4.7550000000,37.5237265718
4.7560000000,43.5672691277
4.7570000000,47.7124704783
4.7580000000,49.7773288760
4.7590000000,49.6704352557
4.7600000000,47.3950966111
4.7610000000,43.0493302640
4.7620000000,36.8217197669
4.7630000000,28.9833040623
4.7640000000,19.8758454774
4.7650000000,9.8969815006
4.7660000000,-0.5170969326
4.7670000000,-10.9106878642
4.7680000000,-20.8285112354
4.7690000000,-29.8356608108
4.7700000000,-37.5367004070
4.7710000000,-43.5930648826
4.7720000000,-47.7379984536
4.7730000000,-49.7883689188
4.7740000000,-49.6528317894
4.7750000000,-47.3359772527
4.7760000000,-42.9382684742
4.7770000000,-36.6517642887
4.7780000000,-28.7518047576
4.7790000000,-19.5850162223
4.7800000000,-9.5541554978
4.7810000000,0.8995465227
4.7820000000,11.3157695998
4.7830000000,21.2353666865
4.7840000000,30.2206127207
4.7850000000,37.8745463132
4.7860000000,43.8585485860
4.7870000000,47.9073789398
4.7880000000,49.8409977539
4.7890000000,49.5726461999
4.7900000000,47.1128173939
4.7910000000,42.5689338462
4.7920000000,36.1407356507
4.7930000000,28.1115737402
4.7940000000,18.8359844000
4.7950000000,8.7240870019
4.7960000000,-1.7765108156
4.7970000000,-12.2005039239
4.7980000000,-22.0855024613
4.7990000000,-30.9925537522
4.8000000000,-38.5256621388
4.8010000000,-44.3494375206
4.8020000000,-48.2040841927
4.8030000000,-49.9170576729
4.8040000000,-49.4108635599
4.8050000000,-46.7066426799
4.8060000000,-41.9233733485
4.8070000000,-35.2727162669
4.8080000000,-27.0497217260
4.8090000000,-17.6198037657
4.8100000000,-7.4025534440
4.8110000000,3.1468941168
4.8120000000,13.5581131720
4.8130000000,23.3663609956
4.8140000000,32.1333368453
4.8150000000,39.4667984495
4.8160000000,45.0381567736
4.8170000000,48.5972578459
4.8180000000,49.9836841061
4.8190000000,49.1340616848
4.8200000000,46.0850374285
4.8210000000,40.9717825034
4.8220000000,34.0220794438
4.8230000000,25.5462476080
4.8240000000,15.9233492959
4.8250000000,5.5842868040
4.8260000000,-5.0074581434
4.8270000000,-15.3765832860
4.8280000000,-25.0572941423
4.8290000000,-33.6142447657
4.8300000000,-40.6621488124
4.8310000000,-45.8831760568
4.8320000000,-49.0413467418
4.8330000000,-49.9932691477
4.8340000000,-48.6947286544
4.8350000000,-45.2028221084
4.8360000000,-39.6735312181
4.8370000000,-32.3548340236
4.8380000000,-23.5756549746
4.8390000000,-13.7311427073
4.8400000000,-3.2649316665
4.8410000000,7.3508183286
4.8420000000,17.6367079746
4.8430000000,27.1277509339
4.8440000000,35.3944148035
4.8450000000,42.0620976069
4.8460000000,46.8281550458
4.8470000000,49.4757022484
4.8480000000,49.8835577417
4.8490000000,48.0318704453
4.8500000000,44.0031649146
4.8510000000,37.9787470820
4.8520000000,30.2306230382
4.8530000000,21.1092874011
4.8540000000,11.0279262818
4.8550000000,0.4437441370
4.8560000000,-10.1627436367
4.8570000000,-20.3095158035
4.8580000000,-29.5349591087
4.8590000000,-37.4188942591
4.8600000000,-43.6017552483
4.8610000000,-47.8010447242
4.8620000000,-49.8243098212
4.8630000000,-49.5780394029
4.8640000000,-47.0720679755
4.8650000000,-42.4192753282
4.8660000000,-35.8305849989
4.8670000000,-27.6054792279
4.8680000000,-18.1184533441
4.8690000000,-7.8020191233
4.8700000000,2.8729740267
4.8710000000,13.4188065414
4.8720000000,23.3531671478
4.8730000000,32.2212248929
4.8740000000,39.6164841024
4.8750000000,45.1994646562
4.8760000000,48.7133470392
4.8770000000,49.9958584235
4.8780000000,48.9868464448
4.8790000000,45.7311836357
4.8800000000,40.3768587685
4.8810000000,33.1683318996
4.8820000000,24.4354475947
4.8830000000,14.5784056463
4.8840000000,4.0494711019
4.8850000000,-6.6677428603
4.8860000000,-17.0804718196
4.8870000000,-26.7094587828
4.8880000000,-35.1110326896
4.8890000000,-41.8975887659
4.8900000000,-46.7555236613
4.8910000000,-49.4597930992
4.8920000000,-49.8844132873
4.8930000000,-48.0084126325
4.8940000000,-43.9169489380
4.8950000000,-37.7975296802
4.8960000000,-29.9314989475
4.8970000000,-20.6811737355
4.8980000000,-10.4732143921
4.8990000000,0.2210103235
4.9000000000,10.9071620698
4.9010000000,21.0907744010
4.9020000000,30.3001419571
4.9030000000,38.1081974342
4.9040000000,44.1523604940
4.9050000000,48.1514340932
4.9060000000,49.9187581788
4.9070000000,49.3710022220
4.9080000000,46.5321788218
4.9090000000,41.5326813726
4.9100000000,34.6033793761
4.9110000000,26.0650347113
4.9120000000,16.3135203620
4.9130000000,5.8015195660
4.9140000000,-4.9824511271
4.9150000000,-15.5367246376
4.9160000000,-25.3698197422
4.9170000000,-34.0233456150
4.9180000000,-41.0934063340
4.9190000000,-46.2495042695
4.9200000000,-49.2500552735
4.9210000000,-49.9537843173
4.9220000000,-48.3264605640
4.9230000000,-44.4426470428
4.9240000000,-38.4823720989
4.9250000000,-30.7228668460
4.9260000000,-21.5257438772
4.9270000000,-11.3202066705
4.9280000000,-0.5830663808
4.9290000000,10.1835058208
4.9300000000,20.4754542335
4.9310000000,29.8104450693
4.9320000000,37.7504979652
4.9330000000,43.9225794752
4.9340000000,48.0361882396
4.9350000000,49.8971001207
4.9360000000,49.4166196497
4.9370000000,46.6158934121
4.9380000000,41.6250717960
4.9390000000,34.6773470564
4.9400000000,26.0981365999
4.9410000000,16.2899094223
4.9420000000,5.7133599279
4.9430000000,-5.1341928660
4.9440000000,-15.7421697874
4.9450000000,-25.6107629428
4.9460000000,-34.2745031358
4.9470000000,-41.3242511892
4.9480000000,-46.4265725138
4.9490000000,-49.3395750044
4.9500000000,-49.9244548725
4.9510000000,-48.1521957236
4.9520000000,-44.1050936912
4.9530000000,-37.9730251030
4.9540000000,-30.0446214932
4.9550000000,-20.6937580752
4.9560000000,-10.3619845989
4.9570000000,0.4622787727
4.9580000000,11.2668025919
4.9590000000,21.5397788066
4.9600000000,30.7940752716
4.9610000000,38.5903642428
4.9620000000,44.5580254124
4.9630000000,48.4128267672
4.9640000000,49.9705368980
4.9650000000,49.1558133833
4.9660000000,46.0059345780
4.9670000000,40.6691860733
4.9680000000,33.3979667444
4.9690000000,24.5369306265
4.9700000000,14.5067178919
4.9710000000,3.7840396077
4.9720000000,-7.1209434135
4.9730000000,-17.6888760015
4.9740000000,-27.4159459064
4.9750000000,-35.8379246380
4.9760000000,-42.5523636903
4.9770000000,-47.2378829991
4.9780000000,-49.6696245151
4.9790000000,-49.7301244969
4.9800000000,-47.4150750426
4.9810000000,-42.8336882638
4.9820000000,-36.2036338112
4.9830000000,-27.8407799487
4.9840000000,-18.1442176185
4.9850000000,-7.5772739887
4.9860000000,3.3545841367
4.9870000000,14.1279053243
4.9880000000,24.2263138267
4.9890000000,33.1652757014
4.9900000000,40.5153822185
4.9910000000,45.9230301053
4.9920000000,49.1275002246
4.9930000000,49.9736066455
4.9940000000,48.4192987235
4.9950000000,44.5378397616
4.9960000000,38.5144456057
4.9970000000,30.6375326952
4.9980000000,21.2849848587
4.9990000000,10.9060889907
