time (s),velocity (rpm)
0.0000000000,0.0000000000
0.0010000000,0.0005654867
0.0020000000,0.0022619467
0.0030000000,0.0050893801
0.0040000000,0.0090477867
0.0050000000,0.0141371664
0.0060000000,0.0203575188
0.0070000000,0.0277088433
0.0080000000,0.0361911386
0.0090000000,0.0458044031
0.0100000000,0.0565486343
0.0110000000,0.0684238287
0.0120000000,0.0814299816
0.0130000000,0.0955670869
0.0140000000,0.1108351367
0.0150000000,0.1272341210
0.0160000000,0.1447640277
0.0170000000,0.1634248416
0.0180000000,0.1832165446
0.0190000000,0.2041391152
0.0200000000,0.2261925279
0.0210000000,0.2493767528
0.0220000000,0.2736917553
0.0230000000,0.2991374953
0.0240000000,0.3257139269
0.0250000000,0.3534209981
0.0260000000,0.3822586496
0.0270000000,0.4122268147
0.0280000000,0.4433254185
0.0290000000,0.4755543774
0.0300000000,0.5089135984
0.0310000000,0.5434029781
0.0320000000,0.5790224024
0.0330000000,0.6157717458
0.0340000000,0.6536508701
0.0350000000,0.6926596242
0.0360000000,0.7327978430
0.0370000000,0.7740653466
0.0380000000,0.8164619397
0.0390000000,0.8599874101
0.0400000000,0.9046415286
0.0410000000,0.9504240474
0.0420000000,0.9973346995
0.0430000000,1.0453731977
0.0440000000,1.0945392335
0.0450000000,1.1448324761
0.0460000000,1.1962525714
0.0470000000,1.2487991410
0.0480000000,1.3024717808
0.0490000000,1.3572700604
0.0500000000,1.4131935213
0.0510000000,1.4702416764
0.0520000000,1.5284140083
0.0530000000,1.5877099685
0.0540000000,1.6481289757
0.0550000000,1.7096704151
0.0560000000,1.7723336365
0.0570000000,1.8361179535
0.0580000000,1.9010226420
0.0590000000,1.9670469387
0.0600000000,2.0341900400
0.0610000000,2.1024511005
0.0620000000,2.1718292312
0.0630000000,2.2423234987
0.0640000000,2.3139329235
0.0650000000,2.3866564781
0.0660000000,2.4604930861
0.0670000000,2.5354416203
0.0680000000,2.6115009013
0.0690000000,2.6886696956
0.0700000000,2.7669467145
0.0710000000,2.8463306123
0.0720000000,2.9268199842
0.0730000000,3.0084133655
0.0740000000,3.0911092289
0.0750000000,3.1749059838
0.0760000000,3.2598019737
0.0770000000,3.3457954750
0.0780000000,3.4328846950
0.0790000000,3.5210677702
0.0800000000,3.6103427643
0.0810000000,3.7007076666
0.0820000000,3.7921603900
0.0830000000,3.8846987692
0.0840000000,3.9783205585
0.0850000000,4.0730234305
0.0860000000,4.1688049735
0.0870000000,4.2656626900
0.0880000000,4.3635939944
0.0890000000,4.4625962113
0.0900000000,4.5626665732
0.0910000000,4.6638022186
0.0920000000,4.7660001900
0.0930000000,4.8692574318
0.0940000000,4.9735707881
0.0950000000,5.0789370007
0.0960000000,5.1853527069
0.0970000000,5.2928144374
0.0980000000,5.4013186142
0.0990000000,5.5108615483
0.1000000000,5.6214394376
0.1010000000,5.7330483646
0.1020000000,5.8456842943
0.1030000000,5.9593430718
0.1040000000,6.0740204203
0.1050000000,6.1897119385
0.1060000000,6.3064130985
0.1070000000,6.4241192436
0.1080000000,6.5428255858
0.1090000000,6.6625272036
0.1100000000,6.7832190395
0.1110000000,6.9048958979
0.1120000000,7.0275524426
0.1130000000,7.1511831943
0.1140000000,7.2757825285
0.1150000000,7.4013446730
0.1160000000,7.5278637053
0.1170000000,7.6553335505
0.1180000000,7.7837479786
0.1190000000,7.9131006024
0.1200000000,8.0433848747
0.1210000000,8.1745940860
0.1220000000,8.3067213624
0.1230000000,8.4397596624
0.1240000000,8.5737017752
0.1250000000,8.7085403176
0.1260000000,8.8442677322
0.1270000000,8.9808762843
0.1280000000,9.1183580596
0.1290000000,9.2567049622
0.1300000000,9.3959087114
0.1310000000,9.5359608396
0.1320000000,9.6768526898
0.1330000000,9.8185754133
0.1340000000,9.9611199666
0.1350000000,10.1044771097
0.1360000000,10.2486374031
0.1370000000,10.3935912055
0.1380000000,10.5393286715
0.1390000000,10.6858397488
0.1400000000,10.8331141760
0.1410000000,10.9811414801
0.1420000000,11.1299109740
0.1430000000,11.2794117541
0.1440000000,11.4296326981
0.1450000000,11.5805624620
0.1460000000,11.7321894785
0.1470000000,11.8845019540
0.1480000000,12.0374878666
0.1490000000,12.1911349632
0.1500000000,12.3454307582
0.1510000000,12.5003625298
0.1520000000,12.6559173191
0.1530000000,12.8120819265
0.1540000000,12.9688429107
0.1550000000,13.1261865852
0.1560000000,13.2840990172
0.1570000000,13.4425660246
0.1580000000,13.6015731743
0.1590000000,13.7611057797
0.1600000000,13.9211488988
0.1610000000,14.0816873322
0.1620000000,14.2427056206
0.1630000000,14.4041880432
0.1640000000,14.5661186157
0.1650000000,14.7284810877
0.1660000000,14.8912589417
0.1670000000,15.0544353905
0.1680000000,15.2179933755
0.1690000000,15.3819155651
0.1700000000,15.5461843525
0.1710000000,15.7107818543
0.1720000000,15.8756899088
0.1730000000,16.0408900740
0.1740000000,16.2063636263
0.1750000000,16.3720915589
0.1760000000,16.5380545800
0.1770000000,16.7042331116
0.1780000000,16.8706072882
0.1790000000,17.0371569549
0.1800000000,17.2038616668
0.1810000000,17.3707006869
0.1820000000,17.5376529857
0.1830000000,17.7046972396
0.1840000000,17.8718118299
0.1850000000,18.0389748418
0.1860000000,18.2061640635
0.1870000000,18.3733569851
0.1880000000,18.5405307981
0.1890000000,18.7076623943
0.1900000000,18.8747283654
0.1910000000,19.0417050021
0.1920000000,19.2085682938
0.1930000000,19.3752939280
0.1940000000,19.5418572901
0.1950000000,19.7082334628
0.1960000000,19.8743972259
0.1970000000,20.0403230565
0.1980000000,20.2059851285
0.1990000000,20.3713573129
0.2000000000,20.5364131779
0.2010000000,20.7011259888
0.2020000000,20.8654687087
0.2030000000,21.0294139986
0.2040000000,21.1929342181
0.2050000000,21.3560014257
0.2060000000,21.5185873797
0.2070000000,21.6806635390
0.2080000000,21.8422010635
0.2090000000,22.0031708160
0.2100000000,22.1635433623
0.2110000000,22.3232889731
0.2120000000,22.4823776250
0.2130000000,22.6407790018
0.2140000000,22.7984624965
0.2150000000,22.9553972123
0.2160000000,23.1115519651
0.2170000000,23.2668952848
0.2180000000,23.4213954175
0.2190000000,23.5750203276
0.2200000000,23.7277377003
0.2210000000,23.8795149436
0.2220000000,24.0303191911
0.2230000000,24.1801173045
0.2240000000,24.3288758764
0.2250000000,24.4765612333
0.2260000000,24.6231394385
0.2270000000,24.7685762954
0.2280000000,24.9128373508
0.2290000000,25.0558878984
0.2300000000,25.1976929823
0.2310000000,25.3382174009
0.2320000000,25.4774257106
0.2330000000,25.6152822303
0.2340000000,25.7517510449
0.2350000000,25.8867960105
0.2360000000,26.0203807581
0.2370000000,26.1524686990
0.2380000000,26.2830230289
0.2390000000,26.4120067335
0.2400000000,26.5393825936
0.2410000000,26.6651131898
0.2420000000,26.7891609087
0.2430000000,26.9114879483
0.2440000000,27.0320563235
0.2450000000,27.1508278727
0.2460000000,27.2677642633
0.2470000000,27.3828269986
0.2480000000,27.4959774236
0.2490000000,27.6071767327
0.2500000000,27.7163859753
0.2510000000,27.8235660640
0.2520000000,27.9286777810
0.2530000000,28.0316817859
0.2540000000,28.1325386228
0.2550000000,28.2312087289
0.2560000000,28.3276524415
0.2570000000,28.4218300066
0.2580000000,28.5137015873
0.2590000000,28.6032272719
0.2600000000,28.6903670830
0.2610000000,28.7750809858
0.2620000000,28.8573288980
0.2630000000,28.9370706980
0.2640000000,29.0142662354
0.2650000000,29.0888753397
0.2660000000,29.1608578308
0.2670000000,29.2301735284
0.2680000000,29.2967822629
0.2690000000,29.3606438851
0.2700000000,29.4217182772
0.2710000000,29.4799653635
0.2720000000,29.5353451213
0.2730000000,29.5878175921
0.2740000000,29.6373428929
0.2750000000,29.6838812280
0.2760000000,29.7273929003
0.2770000000,29.7678383236
0.2780000000,29.8051780346
0.2790000000,29.8393727052
0.2800000000,29.8703831551
0.2810000000,29.8981703642
0.2820000000,29.9226954859
0.2830000000,29.9439198600
0.2840000000,29.9618050260
0.2850000000,29.9763127362
0.2860000000,29.9874049701
0.2870000000,29.9950439474
0.2880000000,29.9991921426
0.2890000000,29.9998122987
0.2900000000,29.9968674421
0.2910000000,29.9903208967
0.2920000000,29.9801362990
0.2930000000,29.9662776124
0.2940000000,29.9487091431
0.2950000000,29.9273955547
0.2960000000,29.9023018838
0.2970000000,29.8733935555
0.2980000000,29.8406363995
0.2990000000,29.8039966654
0.3000000000,29.7634410394
0.3010000000,29.7189366600
0.3020000000,29.6704511347
0.3030000000,29.6179525562
0.3040000000,29.5614095194
0.3050000000,29.5007911380
0.3060000000,29.4360670615
0.3070000000,29.3672074924
0.3080000000,29.2941832030
0.3090000000,29.2169655534
0.3100000000,29.1355265082
0.3110000000,29.0498386548
0.3120000000,28.9598752207
0.3130000000,28.8656100912
0.3140000000,28.7670178278
0.3150000000,28.6640736855
0.3160000000,28.5567536317
0.3170000000,28.4450343639
0.3180000000,28.3288933281
0.3190000000,28.2083087372
0.3200000000,28.0832595893
0.3210000000,27.9537256865
0.3220000000,27.8196876533
0.3230000000,27.6811269551
0.3240000000,27.5380259172
0.3250000000,27.3903677432
0.3260000000,27.2381365340
0.3270000000,27.0813173066
0.3280000000,26.9198960126
0.3290000000,26.7538595574
0.3300000000,26.5831958190
0.3310000000,26.4078936666
0.3320000000,26.2279429796
0.3330000000,26.0433346667
0.3340000000,25.8540606840
0.3350000000,25.6601140547
0.3360000000,25.4614888871
0.3370000000,25.2581803936
0.3380000000,25.0501849094
0.3390000000,24.8374999109
0.3400000000,24.6201240346
0.3410000000,24.3980570948
0.3420000000,24.1713001028
0.3430000000,23.9398552847
0.3440000000,23.7037260993
0.3450000000,23.4629172567
0.3460000000,23.2174347358
0.3470000000,22.9672858022
0.3480000000,22.7124790257
0.3490000000,22.4530242979
0.3500000000,22.1889328494
0.3510000000,21.9202172668
0.3520000000,21.6468915099
0.3530000000,21.3689709281
0.3540000000,21.0864722771
0.3550000000,20.7994137353
0.3560000000,20.5078149194
0.3570000000,20.2116969006
0.3580000000,19.9110822202
0.3590000000,19.6059949045
0.3600000000,19.2964604802
0.3610000000,18.9825059889
0.3620000000,18.6641600014
0.3630000000,18.3414526321
0.3640000000,18.0144155527
0.3650000000,17.6830820052
0.3660000000,17.3474868156
0.3670000000,17.0076664062
0.3680000000,16.6636588081
0.3690000000,16.3155036730
0.3700000000,15.9632422848
0.3710000000,15.6069175707
0.3720000000,15.2465741122
0.3730000000,14.8822581547
0.3740000000,14.5140176179
0.3750000000,14.1419021048
0.3760000000,13.7659629106
0.3770000000,13.3862530312
0.3780000000,13.0028271708
0.3790000000,12.6157417493
0.3800000000,12.2250549092
0.3810000000,11.8308265218
0.3820000000,11.4331181926
0.3830000000,11.0319932668
0.3840000000,10.6275168336
0.3850000000,10.2197557299
0.3860000000,9.8087785441
0.3870000000,9.3946556182
0.3880000000,8.9774590504
0.3890000000,8.5572626957
0.3900000000,8.1341421673
0.3910000000,7.7081748364
0.3920000000,7.2794398311
0.3930000000,6.8480180356
0.3940000000,6.4139920878
0.3950000000,5.9774463763
0.3960000000,5.5384670369
0.3970000000,5.0971419486
0.3980000000,4.6535607278
0.3990000000,4.2078147228
0.4000000000,3.7599970069
0.4010000000,3.3102023711
0.4020000000,2.8585273154
0.4030000000,2.4050700398
0.4040000000,1.9499304342
0.4050000000,1.4932100675
0.4060000000,1.0350121758
0.4070000000,0.5754416498
0.4080000000,0.1146050212
0.4090000000,-0.3473895517
0.4100000000,-0.8104322996
0.4110000000,-1.2744118582
0.4120000000,-1.7392152855
0.4130000000,-2.2047280803
0.4140000000,-2.6708342008
0.4150000000,-3.1374160851
0.4160000000,-3.6043546720
0.4170000000,-4.0715294235
0.4180000000,-4.5388183473
0.4190000000,-5.0060980211
0.4200000000,-5.4732436176
0.4210000000,-5.9401289307
0.4220000000,-6.4066264024
0.4230000000,-6.8726071509
0.4240000000,-7.3379409999
0.4250000000,-7.8024965085
0.4260000000,-8.2661410029
0.4270000000,-8.7287406081
0.4280000000,-9.1901602814
0.4290000000,-9.6502638471
0.4300000000,-10.1089140315
0.4310000000,-10.5659724997
0.4320000000,-11.0212998928
0.4330000000,-11.4747558670
0.4340000000,-11.9261991329
0.4350000000,-12.3754874964
0.4360000000,-12.8224779007
0.4370000000,-13.2670264690
0.4380000000,-13.7089885483
0.4390000000,-14.1482187548
0.4400000000,-14.5845710200
0.4410000000,-15.0178986373
0.4420000000,-15.4480543111
0.4430000000,-15.8748902052
0.4440000000,-16.2982579937
0.4450000000,-16.7180089122
0.4460000000,-17.1339938100
0.4470000000,-17.5460632039
0.4480000000,-17.9540673324
0.4490000000,-18.3578562113
0.4500000000,-18.7572796901
0.4510000000,-19.1521875093
0.4520000000,-19.5424293594
0.4530000000,-19.9278549398
0.4540000000,-20.3083140194
0.4550000000,-20.6836564981
0.4560000000,-21.0537324688
0.4570000000,-21.4183922810
0.4580000000,-21.7774866043
0.4590000000,-22.1308664943
0.4600000000,-22.4783834576
0.4610000000,-22.8198895192
0.4620000000,-23.1552372897
0.4630000000,-23.4842800341
0.4640000000,-23.8068717404
0.4650000000,-24.1228671904
0.4660000000,-24.4321220296
0.4670000000,-24.7344928395
0.4680000000,-25.0298372090
0.4690000000,-25.3180138081
0.4700000000,-25.5988824607
0.4710000000,-25.8723042194
0.4720000000,-26.1381414398
0.4730000000,-26.3962578562
0.4740000000,-26.6465186574
0.4750000000,-26.8887905632
0.4760000000,-27.1229419012
0.4770000000,-27.3488426844
0.4780000000,-27.5663646889
0.4790000000,-27.7753815322
0.4800000000,-27.9757687517
0.4810000000,-28.1674038836
0.4820000000,-28.3501665423
0.4830000000,-28.5239384994
0.4840000000,-28.6886037639
0.4850000000,-28.8440486617
0.4860000000,-28.9901619156
0.4870000000,-29.1268347256
0.4880000000,-29.2539608484
0.4890000000,-29.3714366785
0.4900000000,-29.4791613275
0.4910000000,-29.5770367042
0.4920000000,-29.6649675950
0.4930000000,-29.7428617432
0.4940000000,-29.8106299286
0.4950000000,-29.8681860468
0.4960000000,-29.9154471882
0.4970000000,-29.9523337166
0.4980000000,-29.9787693472
0.4990000000,-29.9946812246
0.5000000000,-30.0000000000
0.5010000000,-29.9946599076
0.5020000000,-29.9785988408
0.5030000000,-29.9517584280
0.5040000000,-29.9140841065
0.5050000000,-29.8655251970
0.5060000000,-29.8060349766
0.5070000000,-29.7355707508
0.5080000000,-29.6540939248
0.5090000000,-29.5615700739
0.5100000000,-29.4579690126
0.5110000000,-29.3432648628
0.5120000000,-29.2174361206
0.5130000000,-29.0804657220
0.5140000000,-28.9323411076
0.5150000000,-28.7730542854
0.5160000000,-28.6026018924
0.5170000000,-28.4209852553
0.5180000000,-28.2282104484
0.5190000000,-28.0242883517
0.5200000000,-27.8092347054
0.5210000000,-27.5830701643
0.5220000000,-27.3458203497
0.5230000000,-27.0975158992
0.5240000000,-26.8381925154
0.5250000000,-26.5678910121
0.5260000000,-26.2866573585
0.5270000000,-25.9945427217
0.5280000000,-25.6916035066
0.5290000000,-25.3779013939
0.5300000000,-25.0535033761
0.5310000000,-24.7184817902
0.5320000000,-24.3729143495
0.5330000000,-24.0168841717
0.5340000000,-23.6504798049
0.5350000000,-23.2737952515
0.5360000000,-22.8869299892
0.5370000000,-22.4899889889
0.5380000000,-22.0830827303
0.5390000000,-21.6663272152
0.5400000000,-21.2398439769
0.5410000000,-20.8037600877
0.5420000000,-20.3582081626
0.5430000000,-19.9033263610
0.5440000000,-19.4392583844
0.5450000000,-18.9661534717
0.5460000000,-18.4841663906
0.5470000000,-17.9934574272
0.5480000000,-17.4941923705
0.5490000000,-16.9865424951
0.5500000000,-16.4706845399
0.5510000000,-15.9468006838
0.5520000000,-15.4150785173
0.5530000000,-14.8757110114
0.5540000000,-14.3288964827
0.5550000000,-13.7748385550
0.5560000000,-13.2137461171
0.5570000000,-12.6458332773
0.5580000000,-12.0713193144
0.5590000000,-11.4904286242
0.5600000000,-10.9033906638
0.5610000000,-10.3104398902
0.5620000000,-9.7118156971
0.5630000000,-9.1077623467
0.5640000000,-8.4985288981
0.5650000000,-7.8843691317
0.5660000000,-7.2655414702
0.5670000000,-6.6423088953
0.5680000000,-6.0149388610
0.5690000000,-5.3837032022
0.5700000000,-4.7488780407
0.5710000000,-4.1107436860
0.5720000000,-3.4695845334
0.5730000000,-2.8256889573
0.5740000000,-2.1793492011
0.5750000000,-1.5308612632
0.5760000000,-0.8805247792
0.5770000000,-0.2286428998
0.5780000000,0.4244778346
0.5790000000,1.0785276230
0.5800000000,1.7331935375
0.5810000000,2.3881596600
0.5820000000,3.0431072229
0.5830000000,3.6977147535
0.5840000000,4.3516582221
0.5850000000,5.0046111936
0.5860000000,5.6562449831
0.5870000000,6.3062288147
0.5880000000,6.9542299835
0.5890000000,7.5999140221
0.5900000000,8.2429448693
0.5910000000,8.8829850431
0.5920000000,9.5196958164
0.5930000000,10.1527373962
0.5940000000,10.7817691060
0.5950000000,11.4064495710
0.5960000000,12.0264369069
0.5970000000,12.6413889106
0.5980000000,13.2509632552
0.5990000000,13.8548176866
0.6000000000,14.4526102231
0.6010000000,15.0439993580
0.6020000000,15.6286442642
0.6030000000,16.2062050015
0.6040000000,16.7763427263
0.6050000000,17.3387199026
0.6060000000,17.8930005169
0.6070000000,18.4388502930
0.6080000000,18.9759369103
0.6090000000,19.5039302228
0.6100000000,20.0225024804
0.6110000000,20.5313285510
0.6120000000,21.0300861450
0.6130000000,21.5184560396
0.6140000000,21.9961223058
0.6150000000,22.4627725350
0.6160000000,22.9180980669
0.6170000000,23.3617942187
0.6180000000,23.7935605136
0.6190000000,24.2131009107
0.6200000000,24.6201240346
0.6210000000,25.0143434049
0.6220000000,25.3954776663
0.6230000000,25.7632508178
0.6240000000,26.1173924413
0.6250000000,26.4576379305
0.6260000000,26.7837287178
0.6270000000,27.0954125014
0.6280000000,27.3924434707
0.6290000000,27.6745825298
0.6300000000,27.9415975210
0.6310000000,28.1932634452
0.6320000000,28.4293626811
0.6330000000,28.6496852023
0.6340000000,28.8540287920
0.6350000000,29.0421992556
0.6360000000,29.2140106302
0.6370000000,29.3692853914
0.6380000000,29.5078546577
0.6390000000,29.6295583907
0.6400000000,29.7342455928
0.6410000000,29.8217745005
0.6420000000,29.8920127748
0.6430000000,29.9448376867
0.6440000000,29.9801362990
0.6450000000,29.9978056436
0.6460000000,29.9977528944
0.6470000000,29.9798955351
0.6480000000,29.9441615219
0.6490000000,29.8904894416
0.6500000000,29.8188286637
0.6510000000,29.7291394872
0.6520000000,29.6213932816
0.6530000000,29.4955726220
0.6540000000,29.3516714176
0.6550000000,29.1896950344
0.6560000000,29.0096604110
0.6570000000,28.8115961679
0.6580000000,28.5955427094
0.6590000000,28.3615523190
0.6600000000,28.1096892474
0.6610000000,27.8400297922
0.6620000000,27.5526623712
0.6630000000,27.2476875869
0.6640000000,26.9252182838
0.6650000000,26.5853795968
0.6660000000,26.2283089916
0.6670000000,25.8541562969
0.6680000000,25.4630837277
0.6690000000,25.0552658996
0.6700000000,24.6308898346
0.6710000000,24.1901549580
0.6720000000,23.7332730852
0.6730000000,23.2604684002
0.6740000000,22.7719774240
0.6750000000,22.2680489740
0.6760000000,21.7489441130
0.6770000000,21.2149360892
0.6780000000,20.6663102657
0.6790000000,20.1033640404
0.6800000000,19.5264067559
0.6810000000,18.9357595987
0.6820000000,18.3317554893
0.6830000000,17.7147389604
0.6840000000,17.0850660268
0.6850000000,16.4431040430
0.6860000000,15.7892315517
0.6870000000,15.1238381215
0.6880000000,14.4473241736
0.6890000000,13.7601007990
0.6900000000,13.0625895644
0.6910000000,12.3552223080
0.6920000000,11.6384409246
0.6930000000,10.9126971407
0.6940000000,10.1784522785
0.6950000000,9.4361770103
0.6960000000,8.6863511017
0.6970000000,7.9294631455
0.6980000000,7.1660102843
0.6990000000,6.3964979243
0.7000000000,5.6214394376
0.7010000000,4.8413558557
0.7020000000,4.0567755529
0.7030000000,3.2682339194
0.7040000000,2.4762730258
0.7050000000,1.6814412773
0.7060000000,0.8842930592
0.7070000000,0.0853883730
0.7080000000,-0.7147075363
0.7090000000,-1.5154245620
0.7100000000,-2.3161881252
0.7110000000,-3.1164195739
0.7120000000,-3.9155365892
0.7130000000,-4.7129535998
0.7140000000,-5.5080822042
0.7150000000,-6.3003316005
0.7160000000,-7.0891090228
0.7170000000,-7.8738201849
0.7180000000,-8.6538697306
0.7190000000,-9.4286616904
0.7200000000,-10.1975999437
0.7210000000,-10.9600886873
0.7220000000,-11.7155329090
0.7230000000,-12.4633388662
0.7240000000,-13.2029145693
0.7250000000,-13.9336702692
0.7260000000,-14.6550189492
0.7270000000,-15.3663768202
0.7280000000,-16.0671638193
0.7290000000,-16.7568041108
0.7300000000,-17.4347265900
0.7310000000,-18.1003653893
0.7320000000,-18.7531603852
0.7330000000,-19.3925577067
0.7340000000,-20.0180102451
0.7350000000,-20.6289781628
0.7360000000,-21.2249294033
0.7370000000,-21.8053401994
0.7380000000,-22.3696955814
0.7390000000,-22.9174898829
0.7400000000,-23.4482272448
0.7410000000,-23.9614221171
0.7420000000,-24.4565997576
0.7430000000,-24.9332967265
0.7440000000,-25.3910613779
0.7450000000,-25.8294543462
0.7460000000,-26.2480490279
0.7470000000,-26.6464320576
0.7480000000,-27.0242037778
0.7490000000,-27.3809787028
0.7500000000,-27.7163859753
0.7510000000,-28.0300698149
0.7520000000,-28.3216899591
0.7530000000,-28.5909220958
0.7540000000,-28.8374582861
0.7550000000,-29.0610073778
0.7560000000,-29.2612954092
0.7570000000,-29.4380660008
0.7580000000,-29.5910807378
0.7590000000,-29.7201195390
0.7600000000,-29.8249810151
0.7610000000,-29.9054828128
0.7620000000,-29.9614619469
0.7630000000,-29.9927751184
0.7640000000,-29.9992990176
0.7650000000,-29.9809306139
0.7660000000,-29.9375874291
0.7670000000,-29.8692077962
0.7680000000,-29.7757511014
0.7690000000,-29.6571980100
0.7700000000,-29.5135506748
0.7710000000,-29.3448329279
0.7720000000,-29.1510904543
0.7730000000,-28.9323909465
0.7740000000,-28.6888242422
0.7750000000,-28.4205024414
0.7760000000,-28.1275600050
0.7770000000,-27.8101538332
0.7780000000,-27.4684633243
0.7790000000,-27.1026904127
0.7800000000,-26.7130595862
0.7810000000,-26.2998178829
0.7820000000,-25.8632348656
0.7830000000,-25.4036025762
0.7840000000,-24.9212354668
0.7850000000,-24.4164703098
0.7860000000,-23.8896660857
0.7870000000,-23.3412038475
0.7880000000,-22.7714865640
0.7890000000,-22.1809389394
0.7900000000,-21.5700072101
0.7910000000,-20.9391589190
0.7920000000,-20.2888826665
0.7930000000,-19.6196878384
0.7940000000,-18.9321043107
0.7950000000,-18.2266821314
0.7960000000,-17.5039911790
0.7970000000,-16.7646207980
0.7980000000,-16.0091794116
0.7990000000,-15.2382941112
0.8000000000,-14.4526102231
0.8010000000,-13.6527908525
0.8020000000,-12.8395164057
0.8030000000,-12.0134840888
0.8040000000,-11.1754073850
0.8050000000,-10.3260155105
0.8060000000,-9.4660528476
0.8070000000,-8.5962783578
0.8080000000,-7.7174649731
0.8090000000,-6.8303989674
0.8100000000,-5.9358793067
0.8110000000,-5.0347169808
0.8120000000,-4.1277343145
0.8130000000,-3.2157642606
0.8140000000,-2.2996496744
0.8150000000,-1.3802425702
0.8160000000,-0.4584033600
0.8170000000,0.4649999232
0.8180000000,1.3890924197
0.8190000000,2.3129932522
0.8200000000,3.2358163498
0.8210000000,4.1566712862
0.8220000000,5.0746641316
0.8230000000,5.9888983172
0.8240000000,6.8984755116
0.8250000000,7.8024965085
0.8260000000,8.7000621249
0.8270000000,9.5902741083
0.8280000000,10.4722360539
0.8290000000,11.3450543281
0.8300000000,12.2078390000
0.8310000000,13.0597047785
0.8320000000,13.8997719548
0.8330000000,14.7271673484
0.8340000000,15.5410252571
0.8350000000,16.3404884087
0.8360000000,17.1247089136
0.8370000000,17.8928492182
0.8380000000,18.6440830568
0.8390000000,19.3775964018
0.8400000000,20.0925884109
0.8410000000,20.7882723697
0.8420000000,21.4638766299
0.8430000000,22.1186455406
0.8440000000,22.7518403720
0.8450000000,23.3627402312
0.8460000000,23.9506429676
0.8470000000,24.5148660681
0.8480000000,25.0547475400
0.8490000000,25.5696467805
0.8500000000,26.0589454331
0.8510000000,26.5220482271
0.8520000000,26.9583838018
0.8530000000,27.3674055122
0.8540000000,27.7485922168
0.8550000000,28.1014490448
0.8560000000,28.4255081423
0.8570000000,28.7203293966
0.8580000000,28.9855011375
0.8590000000,29.2206408134
0.8600000000,29.4253956430
0.8610000000,29.5994432402
0.8620000000,29.7424922106
0.8630000000,29.8542827211
0.8640000000,29.9345870384
0.8650000000,29.9832100383
0.8660000000,29.9999896819
0.8670000000,29.9847974612
0.8680000000,29.9375388096
0.8690000000,29.8581534797
0.8700000000,29.7466158843
0.8710000000,29.6029354034
0.8720000000,29.4271566525
0.8730000000,29.2193597149
0.8740000000,28.9796603348
0.8750000000,28.7082100720
0.8760000000,28.4051964167
0.8770000000,28.0708428644
0.8780000000,27.7054089494
0.8790000000,27.3091902376
0.8800000000,26.8825182771
0.8810000000,26.4257605067
0.8820000000,25.9393201217
0.8830000000,25.4236358962
0.8840000000,24.8791819631
0.8850000000,24.3064675490
0.8860000000,23.7060366670
0.8870000000,23.0784677637
0.8880000000,22.4243733237
0.8890000000,21.7443994291
0.8900000000,21.0392252749
0.8910000000,20.3095626404
0.8920000000,19.5561553171
0.8930000000,18.7797784922
0.8940000000,17.9812380886
0.8950000000,17.1613700616
0.8960000000,16.3210396536
0.8970000000,15.4611406046
0.8980000000,14.5825943219
0.8990000000,13.6863490080
0.9000000000,12.7733787470
0.9010000000,11.8446825514
0.9020000000,10.9012833690
0.9030000000,9.9442270507
0.9040000000,8.9745812805
0.9050000000,7.9934344685
0.9060000000,7.0018946075
0.9070000000,6.0010880943
0.9080000000,4.9921585172
0.9090000000,3.9762654102
0.9100000000,2.9545829755
0.9110000000,1.9282987756
0.9120000000,0.8986123955
0.9130000000,-0.1332659221
0.9140000000,-1.1661166691
0.9150000000,-2.1987124887
0.9160000000,-3.2298196162
0.9170000000,-4.2581993409
0.9180000000,-5.2826094897
0.9190000000,-6.3018059280
0.9200000000,-7.3145440788
0.9210000000,-8.3195804566
0.9220000000,-9.3156742139
0.9230000000,-10.3015887013
0.9240000000,-11.2760930351
0.9250000000,-12.2379636743
0.9260000000,-13.1859860024
0.9270000000,-14.1189559141
0.9280000000,-15.0356814028
0.9290000000,-15.9349841481
0.9300000000,-16.8157011019
0.9310000000,-17.6766860686
0.9320000000,-18.5168112798
0.9330000000,-19.3349689600
0.9340000000,-20.1300728814
0.9350000000,-20.9010599055
0.9360000000,-21.6468915099
0.9370000000,-22.3665552969
0.9380000000,-23.0590664834
0.9390000000,-23.7234693681
0.9400000000,-24.3588387749
0.9410000000,-24.9642814703
0.9420000000,-25.5389375519
0.9430000000,-26.0819818063
0.9440000000,-26.5926250346
0.9450000000,-27.0701153420
0.9460000000,-27.5137393911
0.9470000000,-27.9228236155
0.9480000000,-28.2967353921
0.9490000000,-28.6348841700
0.9500000000,-28.9367225537
0.9510000000,-29.2017473395
0.9520000000,-29.4295005014
0.9530000000,-29.6195701271
0.9540000000,-29.7715912993
0.9550000000,-29.8852469232
0.9560000000,-29.9602684967
0.9570000000,-29.9964368222
0.9580000000,-29.9935826583
0.9590000000,-29.9515873099
0.9600000000,-29.8703831551
0.9610000000,-29.7499541072
0.9620000000,-29.5903360114
0.9630000000,-29.3916169730
0.9640000000,-29.1539376187
0.9650000000,-28.8774912865
0.9660000000,-28.5625241463
0.9670000000,-28.2093352482
0.9680000000,-27.8182764983
0.9690000000,-27.3897525614
0.9700000000,-26.9242206896
0.9710000000,-26.4221904762
0.9720000000,-25.8842235350
0.9730000000,-25.3109331036
0.9740000000,-24.7029835716
0.9750000000,-24.0610899322
0.9760000000,-23.3860171590
0.9770000000,-22.6785795053
0.9780000000,-21.9396397295
0.9790000000,-21.1701082436
0.9800000000,-20.3709421876
0.9810000000,-19.5431444286
0.9820000000,-18.6877624869
0.9830000000,-17.8058873880
0.9840000000,-16.8986524429
0.9850000000,-15.9672319565
0.9860000000,-15.0128398667
0.9870000000,-14.0367283130
0.9880000000,-13.0401861389
0.9890000000,-12.0245373273
0.9900000000,-10.9911393706
0.9910000000,-9.9413815792
0.9920000000,-8.8766833278
0.9930000000,-7.7984922424
0.9940000000,-6.7082823302
0.9950000000,-5.6075520551
0.9960000000,-4.4978223585
0.9970000000,-3.3806346319
0.9980000000,-2.2575486391
0.9990000000,-1.1301403950
1.0000000000,-0.0000000000
1.0010000000,1.1312705648
1.0020000000,2.2620596797
1.0030000000,3.3907483631
1.0040000000,4.5157125788
1.0050000000,5.6353255717
1.0060000000,6.7479602286
1.0070000000,7.8519914594
1.0080000000,8.9457985980
1.0090000000,10.0277678165
1.0100000000,11.0962945515
1.0110000000,12.1497859376
1.0120000000,13.1866632451
1.0130000000,14.2053643176
1.0140000000,15.2043460067
1.0150000000,16.1820865995
1.0160000000,17.1370882344
1.0170000000,18.0678793030
1.0180000000,18.9730168329
1.0190000000,19.8510888476
1.0200000000,20.7007167008
1.0210000000,21.5205573793
1.0220000000,22.3093057728
1.0230000000,23.0656969046
1.0240000000,23.7885081207
1.0250000000,24.4765612333
1.0260000000,25.1287246138
1.0270000000,25.7439152333
1.0280000000,26.3211006448
1.0290000000,26.8593009052
1.0300000000,27.3575904324
1.0310000000,27.8150997936
1.0320000000,28.2310174229
1.0330000000,28.6045912620
1.0340000000,28.9351303241
1.0350000000,29.2220061740
1.0360000000,29.4646543244
1.0370000000,29.6625755427
1.0380000000,29.8153370674
1.0390000000,29.9225737297
1.0400000000,29.9839889782
1.0410000000,29.9993558039
1.0420000000,29.9685175631
1.0430000000,29.8913886951
1.0440000000,29.7679553340
1.0450000000,29.5982758109
1.0460000000,29.3824810451
1.0470000000,29.1207748228
1.0480000000,28.8134339618
1.0490000000,28.4608083595
1.0500000000,28.0633209249
1.0510000000,27.6214673918
1.0520000000,27.1358160128
1.0530000000,26.6070071342
1.0540000000,26.0357526497
1.0550000000,25.4228353340
1.0560000000,24.7691080553
1.0570000000,24.0754928669
1.0580000000,23.3429799787
1.0590000000,22.5726266082
1.0600000000,21.7655557124
1.0610000000,20.9229546009
1.0620000000,20.0460734317
1.0630000000,19.1362235912
1.0640000000,18.1947759591
1.0650000000,17.2231590608
1.0660000000,16.2228571087
1.0670000000,15.1954079348
1.0680000000,14.1424008170
1.0690000000,13.0654742013
1.0700000000,11.9663133234
1.0710000000,10.8466477320
1.0720000000,9.7082487172
1.0730000000,8.5529266479
1.0740000000,7.3825282206
1.0750000000,6.1989336253
1.0760000000,5.0040536300
1.0770000000,3.7998265907
1.0780000000,2.5882153886
1.0790000000,1.3712043017
1.0800000000,0.1507958124
1.0810000000,-1.0709926407
1.0820000000,-2.2921319641
1.0830000000,-3.5105847584
1.0840000000,-4.7243087083
1.0850000000,-5.9312600096
1.0860000000,-7.1293968270
1.0870000000,-8.3166827769
1.0880000000,-9.4910904301
1.0890000000,-10.6506048269
1.0900000000,-11.7932270007
1.0910000000,-12.9169775025
1.0920000000,-14.0198999203
1.0930000000,-15.1000643879
1.0940000000,-16.1555710762
1.0950000000,-17.1845536605
1.0960000000,-18.1851827583
1.0970000000,-19.1556693305
1.0980000000,-20.0942680392
1.0990000000,-20.9992805575
1.1000000000,-21.8690588226
1.1010000000,-22.7020082279
1.1020000000,-23.4965907458
1.1030000000,-24.2513279772
1.1040000000,-24.9648041199
1.1050000000,-25.6356688497
1.1060000000,-26.2626401093
1.1070000000,-26.8445067985
1.1080000000,-27.3801313592
1.1090000000,-27.8684522510
1.1100000000,-28.3084863100
1.1110000000,-28.6993309873
1.1120000000,-29.0401664602
1.1130000000,-29.3302576126
1.1140000000,-29.5689558782
1.1150000000,-29.7557009431
1.1160000000,-29.8900223023
1.1170000000,-29.9715406669
1.1180000000,-29.9999692163
1.1190000000,-29.9751146939
1.1200000000,-29.8968783402
1.1210000000,-29.7652566624
1.1220000000,-29.5803420356
1.1230000000,-29.3423231340
1.1240000000,-29.0514851889
1.1250000000,-28.7082100720
1.1260000000,-28.3129762019
1.1270000000,-27.8663582722
1.1280000000,-27.3690267993
1.1290000000,-26.8217474909
1.1300000000,-26.2253804322
1.1310000000,-25.5808790919
1.1320000000,-24.8892891461
1.1330000000,-24.1517471220
1.1340000000,-23.3694788615
1.1350000000,-22.5437978061
1.1360000000,-21.6761031045
1.1370000000,-20.7678775449
1.1380000000,-19.8206853144
1.1390000000,-18.8361695872
1.1400000000,-17.8160499459
1.1410000000,-16.7621196381
1.1420000000,-15.6762426728
1.1430000000,-14.5603507596
1.1440000000,-13.4164400962
1.1450000000,-12.2465680080
1.1460000000,-11.0528494453
1.1470000000,-9.8374533434
1.1480000000,-8.6025988513
1.1490000000,-7.3505514347
1.1500000000,-6.0836188607
1.1510000000,-4.8041470691
1.1520000000,-3.5145159388
1.1530000000,-2.2171349562
1.1540000000,-0.9144387918
1.1550000000,0.3911172048
1.1560000000,1.6970615864
1.1570000000,3.0009114548
1.1580000000,4.3001771674
1.1590000000,5.5923670920
1.1600000000,6.8749924031
1.1610000000,8.1455719098
1.1620000000,9.4016369057
1.1630000000,10.6407360324
1.1640000000,11.8604401466
1.1650000000,13.0583471807
1.1660000000,14.2320869880
1.1670000000,15.3793261628
1.1680000000,16.4977728242
1.1690000000,17.5851813562
1.1700000000,18.6393570908
1.1710000000,19.6581609282
1.1720000000,20.6395138805
1.1730000000,21.5814015319
1.1740000000,22.4818784038
1.1750000000,23.3390722163
1.1760000000,24.1511880362
1.1770000000,24.9165123012
1.1780000000,25.6334167125
1.1790000000,26.3003619860
1.1800000000,26.9159014525
1.1810000000,27.4786844993
1.1820000000,27.9874598443
1.1830000000,28.4410786343
1.1840000000,28.8384973587
1.1850000000,29.1787805736
1.1860000000,29.4611034250
1.1870000000,29.6847539683
1.1880000000,29.8491352737
1.1890000000,29.9537673139
1.1900000000,29.9982886269
1.1910000000,29.9824577484
1.1920000000,29.9061544098
1.1930000000,29.7693804950
1.1940000000,29.5722607547
1.1950000000,29.3150432720
1.1960000000,28.9980996770
1.1970000000,28.6219251084
1.1980000000,28.1871379182
1.1990000000,27.6944791192
1.2000000000,27.1448115740
1.2010000000,26.5391189233
1.2020000000,25.8785042557
1.2030000000,25.1641885178
1.2040000000,24.3975086658
1.2050000000,23.5799155608
1.2060000000,22.7129716095
1.2070000000,21.7983481528
1.2080000000,20.8378226059
1.2090000000,19.8332753537
1.2100000000,18.7866864054
1.2110000000,17.7001318144
1.2120000000,16.5757798675
1.2130000000,15.4158870505
1.2140000000,14.2227937966
1.2150000000,12.9989200247
1.2160000000,11.7467604755
1.2170000000,10.4688798527
1.2180000000,9.1679077799
1.2190000000,7.8465335801
1.2200000000,6.5075008893
1.2210000000,5.1536021137
1.2220000000,3.7876727411
1.2230000000,2.4125855176
1.2240000000,1.0312445007
1.2250000000,-0.3534209981
1.2260000000,-1.7384625709
1.2270000000,-3.1209189566
1.2280000000,-4.4978223585
1.2290000000,-5.8662048223
1.2300000000,-7.2231046602
1.2310000000,-8.5655729100
1.2320000000,-9.8906798120
1.2330000000,-11.1955212917
1.2340000000,-12.4772254339
1.2350000000,-13.7329589330
1.2360000000,-14.9599335048
1.2370000000,-16.1554122470
1.2380000000,-17.3167159315
1.2390000000,-18.4412292154
1.2400000000,-19.5264067559
1.2410000000,-20.5697792139
1.2420000000,-21.5689591327
1.2430000000,-22.5216466771
1.2440000000,-23.4256352188
1.2450000000,-24.2788167543
1.2460000000,-25.0791871420
1.2470000000,-25.8248511438
1.2480000000,-26.5140272596
1.2490000000,-27.1450523417
1.2500000000,-27.7163859753
1.2510000000,-28.2266146154
1.2520000000,-28.6744554660
1.2530000000,-29.0587600931
1.2540000000,-29.3785177588
1.2550000000,-29.6328584679
1.2560000000,-29.8210557165
1.2570000000,-29.9425289344
1.2580000000,-29.9968456129
1.2590000000,-29.9837231097
1.2600000000,-29.9030301257
1.2610000000,-29.7547878446
1.2620000000,-29.5391707326
1.2630000000,-29.2565069918
1.2640000000,-28.9072786636
1.2650000000,-28.4921213787
1.2660000000,-28.0118237518
1.2670000000,-27.4673264181
1.2680000000,-26.8597207126
1.2690000000,-26.1902469899
1.2700000000,-25.4602925878
1.2710000000,-24.6713894339
1.2720000000,-23.8252112998
1.2730000000,-22.9235707053
1.2740000000,-21.9684154765
1.2750000000,-20.9618249641
1.2760000000,-19.9060059266
1.2770000000,-18.8032880865
1.2780000000,-17.6561193657
1.2790000000,-16.4670608105
1.2800000000,-15.2387812134
1.2810000000,-13.9740514439
1.2820000000,-12.6757384980
1.2830000000,-11.3467992784
1.2840000000,-9.9902741187
1.2850000000,-8.6092800634
1.2860000000,-7.2070039193
1.2870000000,-5.7866950918
1.2880000000,-4.3516582221
1.2890000000,-2.9052456411
1.2900000000,-1.4508496567
1.2910000000,0.0081053089
1.2920000000,1.4681707132
1.2930000000,2.9258820010
1.2940000000,4.3777668075
1.2950000000,5.8203532367
1.2960000000,7.2501781965
1.2970000000,8.6637957703
1.2980000000,10.0577856051
1.2990000000,11.4287612962
1.3000000000,12.7733787470
1.3010000000,14.0883444840
1.3020000000,15.3704239070
1.3030000000,16.6164494511
1.3040000000,17.8233286432
1.3050000000,18.9880520290
1.3060000000,20.1077009524
1.3070000000,21.1794551657
1.3080000000,22.2006002496
1.3090000000,23.1685348252
1.3100000000,24.0807775362
1.3110000000,24.9349737833
1.3120000000,25.7289021920
1.3130000000,26.4604807938
1.3140000000,27.1277729061
1.3150000000,27.7289926902
1.3160000000,28.2625103735
1.3170000000,28.7268571182
1.3180000000,29.1207295221
1.3190000000,29.4429937378
1.3200000000,29.6926891951
1.3210000000,29.8690319155
1.3220000000,29.9714174060
1.3230000000,29.9994231221
1.3240000000,29.9528104898
1.3250000000,29.8315264778
1.3260000000,29.6357047124
1.3270000000,29.3656661283
1.3280000000,29.0219191500
1.3290000000,28.6051593993
1.3300000000,28.1162689253
1.3310000000,27.5563149564
1.3320000000,26.9265481714
1.3330000000,26.2284004920
1.3340000000,25.4634823976
1.3350000000,24.6335797655
1.3360000000,23.7406502403
1.3370000000,22.7868191394
1.3380000000,21.7743748991
1.3390000000,20.7057640720
1.3400000000,19.5835858821
1.3410000000,18.4105863511
1.3420000000,17.1896520045
1.3430000000,15.9238031735
1.3440000000,14.6161869045
1.3450000000,13.2700694928
1.3460000000,11.8888286560
1.3470000000,10.4759453658
1.3480000000,9.0349953558
1.3490000000,7.5696403256
1.3500000000,6.0836188607
1.3510000000,4.5807370920
1.3520000000,3.0648591149
1.3530000000,1.5398971927
1.3540000000,0.0098017689
1.3550000000,-1.5214486886
1.3560000000,-3.0498579836
1.3570000000,-4.5714226036
1.3580000000,-6.0821422198
1.3590000000,-7.5780302484
1.3600000000,-9.0551244456
1.3610000000,-10.5094975083
1.3620000000,-11.9372676512
1.3630000000,-13.3346091338
1.3640000000,-14.6977627066
1.3650000000,-16.0230459491
1.3660000000,-17.3068634708
1.3670000000,-18.5457169458
1.3680000000,-19.7362149535
1.3690000000,-20.8750825972
1.3700000000,-21.9591708723
1.3710000000,-22.9854657570
1.3720000000,-23.9510969986
1.3730000000,-24.8533465698
1.3740000000,-25.6896567672
1.3750000000,-26.4576379305
1.3760000000,-27.1550757548
1.3770000000,-27.7799381754
1.3780000000,-28.3303818016
1.3790000000,-28.8047578779
1.3800000000,-29.2016177541
1.3810000000,-29.5197178441
1.3820000000,-29.7580240555
1.3830000000,-29.9157156745
1.3840000000,-29.9921886908
1.3850000000,-29.9870585482
1.3860000000,-29.9001623096
1.3870000000,-29.7315602256
1.3880000000,-29.4815366967
1.3890000000,-29.1506006231
1.3900000000,-28.7394851353
1.3910000000,-28.2491467011
1.3920000000,-27.6807636081
1.3930000000,-27.0357338189
1.3940000000,-26.3156722016
1.3950000000,-25.5224071380
1.3960000000,-24.6579765139
1.3970000000,-23.7246230978
1.3980000000,-22.7247893171
1.3990000000,-21.6611114401
1.4000000000,-20.5364131779
1.4010000000,-19.3536987165
1.4020000000,-18.1161451982
1.4030000000,-16.8270946655
1.4040000000,-15.4900454893
1.4050000000,-14.1086432992
1.4060000000,-12.6866714391
1.4070000000,-11.2280409724
1.4080000000,-9.7367802591
1.4090000000,-8.2170241339
1.4100000000,-6.6730027121
1.4110000000,-5.1090298515
1.4120000000,-3.5294913031
1.4130000000,-1.9388325793
1.4140000000,-0.3415465746
1.4150000000,1.2578390286
1.4160000000,2.8547745344
1.4170000000,4.4447011519
1.4180000000,6.0230640226
1.4190000000,7.5853253189
1.4200000000,9.1269773763
1.4210000000,10.6435558225
1.4220000000,12.1306526637
1.4230000000,13.5839292911
1.4240000000,14.9991293679
1.4250000000,16.3720915589
1.4260000000,17.6987620642
1.4270000000,18.9752069191
1.4280000000,20.1976240207
1.4290000000,21.3623548471
1.4300000000,22.4658958283
1.4310000000,23.5049093364
1.4320000000,24.4762342568
1.4330000000,25.3768961086
1.4340000000,26.2041166779
1.4350000000,26.9553231353
1.4360000000,27.6281566030
1.4370000000,28.2204801448
1.4380000000,28.7303861488
1.4390000000,29.1562030777
1.4400000000,29.4965015604
1.4410000000,29.7500998029
1.4420000000,29.9160682965
1.4430000000,29.9937338036
1.4440000000,29.9826826045
1.4450000000,29.8827629892
1.4460000000,29.6940869807
1.4470000000,29.4170312799
1.4480000000,29.0522374222
1.4490000000,28.6006111396
1.4500000000,28.0633209249
1.4510000000,27.4417957952
1.4520000000,26.7377222563
1.4530000000,25.9530404706
1.4540000000,25.0899396346
1.4550000000,24.1508525733
1.4560000000,23.1384495629
1.4570000000,22.0556313944
1.4580000000,20.9055216931
1.4590000000,19.6914585132
1.4600000000,18.4169852260
1.4610000000,17.0858407255
1.4620000000,15.7019489763
1.4630000000,14.2694079301
1.4640000000,12.7924778413
1.4650000000,11.2755690122
1.4660000000,9.7232290019
1.4670000000,8.1401293344
1.4680000000,6.5310517424
1.4690000000,4.9008739880
1.4700000000,3.2545552981
1.4710000000,1.5971214597
1.4720000000,-0.0663503828
1.4730000000,-1.7307471823
1.4740000000,-3.3909356507
1.4750000000,-5.0417780780
1.4760000000,-6.6781482625
1.4770000000,-8.2949475027
1.4780000000,-9.8871206004
1.4790000000,-11.4496718252
1.4800000000,-12.9776807906
1.4810000000,-14.4663181903
1.4820000000,-15.9108613442
1.4830000000,-17.3067095039
1.4840000000,-18.6493988676
1.4850000000,-19.9346172538
1.4860000000,-21.1582183866
1.4870000000,-22.3162357423
1.4880000000,-23.4048959118
1.4890000000,-24.4206314317
1.4900000000,-25.3600930394
1.4910000000,-26.2201613097
1.4920000000,-26.9979576303
1.4930000000,-27.6908544757
1.4940000000,-28.2964849436
1.4950000000,-28.8127515153
1.4960000000,-29.2378340080
1.4970000000,-29.5701966865
1.4980000000,-29.8085945060
1.4990000000,-29.9520784584
1.5000000000,-30.0000000000
1.5010000000,-29.9520145375
1.5020000000,-29.8080839557
1.5030000000,-29.5684781714
1.5040000000,-29.2337757000
1.5050000000,-28.8048632279
1.5060000000,-28.2829341833
1.5070000000,-27.6694863029
1.5080000000,-26.9663181957
1.5090000000,-26.1755249074
1.5100000000,-25.2994924924
1.5110000000,-24.3408916046
1.5120000000,-23.3026701199
1.5130000000,-22.1880448088
1.5140000000,-21.0004920786
1.5150000000,-19.7437378086
1.5160000000,-18.4217463069
1.5170000000,-17.0387084168
1.5180000000,-15.5990288073
1.5190000000,-14.1073124832
1.5200000000,-12.5683505540
1.5210000000,-10.9871053037
1.5220000000,-9.3686946054
1.5230000000,-7.7183757282
1.5240000000,-6.0415285861
1.5250000000,-4.3436384797
1.5260000000,-2.6302783864
1.5270000000,-0.9070908535
1.5280000000,0.8202304480
1.5290000000,2.5459594485
1.5300000000,4.2643566234
1.5310000000,5.9696880943
1.5320000000,7.6562448230
1.5330000000,9.3183618347
1.5340000000,10.9504374076
1.5350000000,12.5469521604
1.5360000000,14.1024879764
1.5370000000,15.6117466958
1.5380000000,17.0695685125
1.5390000000,18.4709500115
1.5400000000,19.8110617815
1.5410000000,21.0852655411
1.5420000000,22.2891307158
1.5430000000,23.4184504060
1.5440000000,24.4692566871
1.5450000000,25.4378351838
1.5460000000,26.3207388649
1.5470000000,27.1148010041
1.5480000000,27.8171472581
1.5490000000,28.4252068129
1.5500000000,28.9367225537
1.5510000000,29.3497602172
1.5520000000,29.6627164858
1.5530000000,29.8743259900
1.5540000000,29.9836671859
1.5550000000,29.9901670802
1.5560000000,29.8936047777
1.5570000000,29.6941138301
1.5580000000,29.3921833716
1.5590000000,28.9886580257
1.5600000000,28.4847365773
1.5610000000,27.8819694055
1.5620000000,27.1822546758
1.5630000000,26.3878332988
1.5640000000,25.5012826621
1.5650000000,24.5255091502
1.5660000000,23.4637394695
1.5670000000,22.3195108003
1.5680000000,21.0966598032
1.5690000000,19.7993105095
1.5700000000,18.4318611310
1.5710000000,16.9989698283
1.5720000000,15.5055394807
1.5730000000,13.9567015040
1.5740000000,12.3577987683
1.5750000000,10.7143676684
1.5760000000,9.0321194061
1.5770000000,7.3169205447
1.5780000000,5.5747729008
1.5790000000,3.8117928387
1.5800000000,2.0341900400
1.5810000000,0.2482458184
1.5820000000,-1.5397089456
1.5830000000,-3.3233161715
1.5840000000,-5.0962131715
1.5850000000,-6.8520553881
1.5860000000,-8.5845391957
1.5870000000,-10.2874246848
1.5880000000,-11.9545583462
1.5890000000,-13.5798955731
1.5900000000,-15.1575228974
1.5910000000,-16.6816798789
1.5920000000,-18.1467805648
1.5930000000,-19.5474344387
1.5940000000,-20.8784667803
1.5950000000,-22.1349383564
1.5960000000,-23.3121643668
1.5970000000,-24.4057325727
1.5980000000,-25.4115205327
1.5990000000,-26.3257118802
1.6000000000,-27.1448115740
1.6010000000,-27.8656600592
1.6020000000,-28.4854462808
1.6030000000,-29.0017194911
1.6040000000,-29.4123998026
1.6050000000,-29.7157874360
1.6060000000,-29.9105706219
1.6070000000,-29.9958321178
1.6080000000,-29.9710543048
1.6090000000,-29.8361228391
1.6100000000,-29.5913288304
1.6110000000,-29.2373695331
1.6120000000,-28.7753475348
1.6130000000,-28.2067684361
1.6140000000,-27.5335370196
1.6150000000,-26.7579519129
1.6160000000,-25.8826987535
1.6170000000,-24.9108418732
1.6180000000,-23.8458145214
1.6190000000,-22.6914076542
1.6200000000,-21.4517573229
1.6210000000,-20.1313306982
1.6220000000,-18.7349107739
1.6230000000,-17.2675797994
1.6240000000,-15.7347014946
1.6250000000,-14.1419021048
1.6260000000,-12.4950503620
1.6270000000,-10.8002364183
1.6280000000,-9.0637498263
1.6290000000,-7.2920566423
1.6300000000,-5.4917757345
1.6310000000,-3.6696543800
1.6320000000,-1.8325432389
1.6330000000,0.0126292021
1.6340000000,1.8588826248
1.6350000000,3.6992112147
1.6360000000,5.5266102392
1.6370000000,7.3341027676
1.6380000000,9.1147664329
1.6390000000,10.8617601307
1.6400000000,12.5683505540
1.6410000000,14.2279384595
1.6420000000,15.8340845632
1.6430000000,17.3805349618
1.6440000000,18.8612459795
1.6450000000,20.2704083398
1.6460000000,21.6024705638
1.6470000000,22.8521615002
1.6480000000,24.0145118919
1.6490000000,25.0848748908
1.6500000000,26.0589454331
1.6510000000,26.9327783915
1.6520000000,27.7028054258
1.6530000000,28.3658504586
1.6540000000,28.9191437034
1.6550000000,29.3603341841
1.6560000000,29.6875006837
1.6570000000,29.8991610714
1.6580000000,29.9942799580
1.6590000000,29.9722746415
1.6600000000,29.8330193046
1.6610000000,29.5768474393
1.6620000000,29.2045524746
1.6630000000,28.7173865950
1.6640000000,28.1170577408
1.6650000000,27.4057247913
1.6660000000,26.5859909370
1.6670000000,25.6608952562
1.6680000000,24.6339025163
1.6690000000,23.5088912305
1.6700000000,22.2901400038
1.6710000000,20.9823122132
1.6720000000,19.5904390717
1.6730000000,18.1199011336
1.6740000000,16.5764083032
1.6750000000,14.9659784206
1.6760000000,13.2949144970
1.6770000000,11.5697806860
1.6780000000,9.7973770764
1.6790000000,7.9847134017
1.6800000000,6.1389817656
1.6810000000,4.2675284852
1.6820000000,2.3778251628
1.6830000000,0.4774390952
1.6840000000,-1.4259968607
1.6850000000,-3.3248148506
1.6860000000,-5.2113428897
1.6870000000,-7.0779359116
1.6880000000,-8.9170068744
1.6890000000,-10.7210577964
1.6900000000,-12.4827105950
1.6910000000,-14.1947376018
1.6920000000,-15.8500916261
1.6930000000,-17.4419354418
1.6940000000,-18.9636705719
1.6950000000,-20.4089652496
1.6960000000,-21.7717814332
1.6970000000,-23.0464007604
1.6980000000,-24.2274493261
1.6990000000,-25.3099211746
1.7000000000,-26.2892004013
1.7010000000,-27.1610817627
1.7020000000,-27.9217897006
1.7030000000,-28.5679956908
1.7040000000,-29.0968338334
1.7050000000,-29.5059146100
1.7060000000,-29.7933367364
1.7070000000,-29.9576970513
1.7080000000,-29.9980983858
1.7090000000,-29.9141553690
1.7100000000,-29.7059981307
1.7110000000,-29.3742738734
1.7120000000,-28.9201462929
1.7130000000,-28.3452928357
1.7140000000,-27.6518997915
1.7150000000,-26.8426552266
1.7160000000,-25.9207397755
1.7170000000,-24.8898153138
1.7180000000,-23.7540115483
1.7190000000,-22.5179105659
1.7200000000,-21.1865293957
1.7210000000,-19.7653006426
1.7220000000,-18.2600512645
1.7230000000,-16.6769795693
1.7240000000,-15.0226305199
1.7250000000,-13.3038694390
1.7260000000,-11.5278542174
1.7270000000,-9.7020061335
1.7280000000,-7.8339794000
1.7290000000,-5.9316295588
1.7300000000,-4.0029808536
1.7310000000,-2.0561927116
1.7320000000,-0.0995254727
1.7330000000,1.8586944914
1.7340000000,3.8101101222
1.7350000000,5.7463693352
1.7360000000,7.6591608441
1.7370000000,9.5402499967
1.7380000000,11.3815144658
1.7390000000,13.1749796420
1.7400000000,14.9128535729
1.7410000000,16.5875612940
1.7420000000,18.1917783998
1.7430000000,19.7184637040
1.7440000000,21.1608908411
1.7450000000,22.5126786662
1.7460000000,23.7678203120
1.7470000000,24.9207107690
1.7480000000,25.9661728579
1.7490000000,26.8994814727
1.7500000000,27.7163859753
1.7510000000,28.4131306341
1.7520000000,28.9864730026
1.7530000000,29.4337001466
1.7540000000,29.7526426333
1.7550000000,29.9416862085
1.7560000000,29.9997810940
1.7570000000,29.9264488516
1.7580000000,29.7217867658
1.7590000000,29.3864697121
1.7600000000,28.9217494862
1.7610000000,28.3294515812
1.7620000000,27.6119694105
1.7630000000,26.7722559878
1.7640000000,25.8138130833
1.7650000000,24.7406778892
1.7660000000,23.5574072395
1.7670000000,22.2690594371
1.7680000000,20.8811737560
1.7690000000,19.3997476947
1.7700000000,17.8312120691
1.7710000000,16.1824040427
1.7720000000,14.4605382017
1.7730000000,12.6731757934
1.7740000000,10.8281922541
1.7750000000,8.9337431623
1.7760000000,6.9982287598
1.7770000000,5.0302571926
1.7780000000,3.0386066293
1.7790000000,1.0321864210
1.7800000000,-0.9800025280
1.7810000000,-2.9889080037
1.7820000000,-4.9854671614
1.7830000000,-6.9606474590
1.7840000000,-8.9054876600
1.7850000000,-10.8111387197
1.7860000000,-12.6689043688
1.7870000000,-14.4702812067
1.7880000000,-16.2069981190
1.7890000000,-17.8710548352
1.7900000000,-19.4547594444
1.7910000000,-20.9507646917
1.7920000000,-22.3521028811
1.7930000000,-23.6522192156
1.7940000000,-24.8450034136
1.7950000000,-25.9248194431
1.7960000000,-26.8865332280
1.7970000000,-27.7255381844
1.7980000000,-28.4377784567
1.7990000000,-29.0197697320
1.8000000000,-29.4686175219
1.8010000000,-29.7820328107
1.8020000000,-29.9583449835
1.8030000000,-29.9965119546
1.8040000000,-29.8961274347
1.8050000000,-29.6574252848
1.8060000000,-29.2812809175
1.8070000000,-28.7692097233
1.8080000000,-28.1233625100
1.8090000000,-27.3465179573
1.8100000000,-26.4420721061
1.8110000000,-25.4140249111
1.8120000000,-24.2669639036
1.8130000000,-23.0060450228
1.8140000000,-21.6369706880
1.8150000000,-20.1659651989
1.8160000000,-18.5997475630
1.8170000000,-16.9455018618
1.8180000000,-15.2108452822
1.8190000000,-13.4037939481
1.8200000000,-11.5327267013
1.8210000000,-9.6063469906
1.8220000000,-7.6336430374
1.8230000000,-5.6238464570
1.8240000000,-3.5863895220
1.8250000000,-1.5308612632
1.8260000000,0.5330373909
1.8270000000,2.5955392280
1.8280000000,4.6468569056
1.8290000000,6.6772294293
1.8300000000,8.6769687339
1.8310000000,10.6365061457
1.8320000000,12.5464385038
1.8330000000,14.3975737158
1.8340000000,16.1809755279
1.8350000000,17.8880072872
1.8360000000,19.5103744825
1.8370000000,21.0401658496
1.8380000000,22.4698928349
1.8390000000,23.7925272176
1.8400000000,25.0015366976
1.8410000000,26.0909182650
1.8420000000,27.0552291753
1.8430000000,27.8896153684
1.8440000000,28.5898371758
1.8450000000,29.1522921766
1.8460000000,29.5740350734
1.8470000000,29.8527944742
1.8480000000,29.9869864795
1.8490000000,29.9757249898
1.8500000000,29.8188286637
1.8510000000,29.5168244719
1.8520000000,29.0709478107
1.8530000000,28.4831391525
1.8540000000,27.7560372307
1.8550000000,26.8929687701
1.8560000000,25.8979347945
1.8570000000,24.7755935572
1.8580000000,23.5312401590
1.8590000000,22.1707829339
1.8600000000,20.7007167008
1.8610000000,19.1280929937
1.8620000000,17.4604874003
1.8630000000,15.7059641533
1.8640000000,13.8730381334
1.8650000000,11.9706344571
1.8660000000,10.0080458367
1.8670000000,7.9948879090
1.8680000000,5.9410527456
1.8690000000,3.8566607633
1.8700000000,1.7520112664
1.8710000000,-0.3624681409
1.8720000000,-2.4762730258
1.8730000000,-4.5788742305
1.8740000000,-6.6597703487
1.8750000000,-8.7085403176
1.8760000000,-10.7148958586
1.8770000000,-12.6687335053
1.8780000000,-14.5601859533
1.8790000000,-16.3796724698
1.8800000000,-18.1179481029
1.8810000000,-19.7661514374
1.8820000000,-21.3158506439
1.8830000000,-22.7590875826
1.8840000000,-24.0884197234
1.8850000000,-25.2969596607
1.8860000000,-26.3784120053
1.8870000000,-27.3271074536
1.8880000000,-28.1380338422
1.8890000000,-28.8068640142
1.8900000000,-29.3299803352
1.8910000000,-29.7044957161
1.8920000000,-29.9282710130
1.8930000000,-29.9999286967
1.8940000000,-29.9188626980
1.8950000000,-29.6852443574
1.8960000000,-29.3000244257
1.8970000000,-28.7649310823
1.8980000000,-28.0824639580
1.8990000000,-27.2558841709
1.9000000000,-26.2892004013
1.9010000000,-25.1871510572
1.9020000000,-23.9551825972
1.9030000000,-22.5994241019
1.9040000000,-21.1266582030
1.9050000000,-19.5442884992
1.9060000000,-17.8603036076
1.9070000000,-16.0832380173
1.9080000000,-14.2221299298
1.9090000000,-12.2864762877
1.9100000000,-10.2861852096
1.9110000000,-8.2315260634
1.9120000000,-6.1330774248
1.9130000000,-4.0016731797
1.9140000000,-1.8483470419
1.9150000000,0.3157242333
1.9160000000,2.4792786506
1.9170000000,4.6310274936
1.9180000000,6.7597142593
1.9190000000,8.8541736997
1.9200000000,10.9033906638
1.9210000000,12.8965584262
1.9220000000,14.8231361948
1.9230000000,16.6729054883
1.9240000000,18.4360250807
1.9250000000,20.1030842134
1.9260000000,21.6651537851
1.9270000000,23.1138352355
1.9280000000,24.4413068517
1.9290000000,25.6403672373
1.9300000000,26.7044756960
1.9310000000,27.6277892984
1.9320000000,28.4051964167
1.9330000000,29.0323465266
1.9340000000,29.5056760977
1.9350000000,29.8224304124
1.9360000000,29.9806811720
1.9370000000,29.9793397733
1.9380000000,29.8181661592
1.9390000000,29.4977731712
1.9400000000,29.0196263550
1.9410000000,28.3860391932
1.9420000000,27.6001637668
1.9430000000,26.6659768677
1.9440000000,25.5882616132
1.9450000000,24.3725846336
1.9460000000,23.0252689339
1.9470000000,21.5533625488
1.9480000000,19.9646031386
1.9490000000,18.2673786938
1.9500000000,16.4706845399
1.9510000000,14.5840768532
1.9520000000,12.6176229222
1.9530000000,10.5818484048
1.9540000000,8.4876818531
1.9550000000,6.3463967894
1.9560000000,4.1695516393
1.9570000000,1.9689278342
1.9580000000,-0.2435335877
1.9590000000,-2.4557965430
1.9600000000,-4.6557952823
1.9610000000,-6.8315002320
1.9620000000,-8.9709839406
1.9630000000,-11.0624867683
1.9640000000,-13.0944819578
1.9650000000,-15.0557397234
1.9660000000,-16.9353900030
1.9670000000,-18.7229835154
1.9680000000,-20.4085507811
1.9690000000,-21.9826587655
1.9700000000,-23.4364648207
1.9710000000,-24.7617676102
1.9720000000,-25.9510547193
1.9730000000,-26.9975466680
1.9740000000,-27.8952370606
1.9750000000,-28.6389286306
1.9760000000,-29.2242649541
1.9770000000,-29.6477576330
1.9780000000,-29.9068087707
1.9790000000,-29.9997285889
1.9800000000,-29.9257480594
1.9810000000,-29.6850264536
1.9820000000,-29.2786537380
1.9830000000,-28.7086477747
1.9840000000,-27.9779463131
1.9850000000,-27.0903937888
1.9860000000,-26.0507229754
1.9870000000,-24.8645315636
1.9880000000,-23.5382537711
1.9890000000,-22.0791271159
1.9900000000,-20.4951545140
1.9910000000,-18.7950618889
1.9920000000,-16.9882515080
1.9930000000,-15.0847512860
1.9940000000,-13.0951603210
1.9950000000,-11.0305909494
1.9960000000,-8.9026076313
1.9970000000,-6.7231629940
1.9980000000,-4.5045313833
1.9990000000,-2.2592402854
2.0000000000,-0.0000000000
2.0010000000,2.2603680455
2.0020000000,4.5090039384
2.0030000000,6.7330824693
2.0040000000,8.9198864528
2.0050000000,11.0568797592
2.0060000000,13.1317796397
2.0070000000,15.1326279231
2.0080000000,17.0478606727
2.0090000000,18.8663758910
2.0100000000,20.5775988747
2.0110000000,22.1715448286
2.0120000000,23.6388783650
2.0130000000,24.9709695245
2.0140000000,26.1599459799
2.0150000000,27.1987410966
2.0160000000,28.0811375512
2.0170000000,28.8018062303
2.0180000000,29.3563401582
2.0190000000,29.7412832296
2.0200000000,29.9541535521
2.0210000000,29.9934612324
2.0220000000,29.8587204743
2.0230000000,29.5504558845
2.0240000000,29.0702029200
2.0250000000,28.4205024414
2.0260000000,27.6048893722
2.0270000000,26.6278754981
2.0280000000,25.4949264761
2.0290000000,24.2124331554
2.0300000000,22.7876773481
2.0310000000,21.2287922213
2.0320000000,19.5447175129
2.0330000000,17.7451498076
2.0340000000,15.8404881388
2.0350000000,13.8417752121
2.0360000000,11.7606345734
2.0370000000,9.6092040705
2.0380000000,7.4000659830
2.0390000000,5.1461742144
2.0400000000,2.8607789624
2.0410000000,0.5573493018
2.0420000000,-1.7505058734
2.0430000000,-4.0491180866
2.0440000000,-6.3248402234
2.0450000000,-8.5641277067
2.0460000000,-10.7536194186
2.0470000000,-12.8802178859
2.0480000000,-14.9311682464
2.0490000000,-16.8941355166
2.0500000000,-18.7572796901
2.0510000000,-20.5093282049
2.0520000000,-22.1396453315
2.0530000000,-23.6382980479
2.0540000000,-24.9961179886
2.0550000000,-26.2047590716
2.0560000000,-27.2567504368
2.0570000000,-28.1455443481
2.0580000000,-28.8655587464
2.0590000000,-29.4122141661
2.0600000000,-29.7819647627
2.0610000000,-29.9723232324
2.0620000000,-29.9818794401
2.0630000000,-29.8103126087
2.0640000000,-29.4583969628
2.0650000000,-28.9280007557
2.0660000000,-28.2220786520
2.0670000000,-27.3446574761
2.0680000000,-26.3008153768
2.0690000000,-25.0966545024
2.0700000000,-23.7392673161
2.0710000000,-22.2366967243
2.0720000000,-20.5978902291
2.0730000000,-18.8326483528
2.0740000000,-16.9515676205
2.0750000000,-14.9659784206
2.0760000000,-12.8878780980
2.0770000000,-10.7298596651
2.0780000000,-8.5050365455
2.0790000000,-6.2269637924
2.0800000000,-3.9095562490
2.0810000000,-1.5670041376
2.0820000000,0.7863134139
2.0830000000,3.1359163857
2.0840000000,5.4673128835
2.0850000000,7.7660886152
2.0860000000,10.0179962734
2.0870000000,12.2090442706
2.0880000000,14.3255842721
2.0890000000,16.3543969768
2.0900000000,18.2827756034
2.0910000000,20.0986065502
2.0920000000,21.7904467114
2.0930000000,23.3475969494
2.0940000000,24.7601712453
2.0950000000,26.0191610725
2.0960000000,27.1164945652
2.0970000000,28.0450900850
2.0980000000,28.7989038199
2.0990000000,29.3729710859
2.1000000000,29.7634410394
2.1010000000,29.9676045471
2.1020000000,29.9839150025
2.1030000000,29.8120019213
2.1040000000,29.4526771914
2.1050000000,28.9079339007
2.1060000000,28.1809377100
2.1070000000,27.2760107874
2.1080000000,26.1986083671
2.1090000000,24.9552880408
2.1100000000,23.5536719409
2.1110000000,22.0024020153
2.1120000000,20.3110886445
2.1130000000,18.4902528905
2.1140000000,16.5512627128
2.1150000000,14.5062635260
2.1160000000,12.3681035116
2.1170000000,10.1502541335
2.1180000000,7.8667263395
2.1190000000,5.5319829615
2.1200000000,3.1608478561
2.1210000000,0.7684123488
2.1220000000,-1.6300604315
2.1230000000,-4.0192327255
2.1240000000,-6.3837902080
2.1250000000,-8.7085403176
2.1260000000,-10.9785102222
2.1270000000,-13.1790437849
2.1280000000,-15.2958969038
2.1290000000,-17.3153305983
2.1300000000,-19.2242012332
2.1310000000,-21.0100472790
2.1320000000,-22.6611720326
2.1330000000,-24.1667217392
2.1340000000,-25.5167585874
2.1350000000,-26.7023280760
2.1360000000,-27.7155202870
2.1370000000,-28.5495246351
2.1380000000,-29.1986777030
2.1390000000,-29.6585038170
2.1400000000,-29.9257480594
2.1410000000,-29.9984014646
2.1420000000,-29.8757181933
2.1430000000,-29.5582245324
2.1440000000,-29.0477196182
2.1450000000,-28.3472678369
2.1460000000,-27.4611829089
2.1470000000,-26.3950037184
2.1480000000,-25.1554620053
2.1490000000,-23.7504420891
2.1500000000,-22.1889328494
2.1510000000,-20.4809722392
2.1520000000,-18.6375846593
2.1530000000,-16.6707115681
2.1540000000,-14.5931357531
2.1550000000,-12.4183997300
2.1560000000,-10.1607187797
2.1570000000,-7.8348891727
2.1580000000,-5.4561921615
2.1590000000,-3.0402943600
2.1600000000,-0.6031451498
2.1610000000,1.8391282191
2.1620000000,4.2703271464
2.1630000000,6.6742891190
2.1640000000,9.0349953558
2.1650000000,11.3366779431
2.1660000000,13.5639257431
2.1670000000,15.7017883611
2.1680000000,17.7358774670
2.1690000000,19.6524647785
2.1700000000,21.4385760333
2.1710000000,23.0820802994
2.1720000000,24.5717740004
2.1730000000,25.8974590643
2.1740000000,27.0500146410
2.1750000000,28.0214618724
2.1760000000,28.8050212444
2.1770000000,29.3951620957
2.1780000000,29.7876439101
2.1790000000,29.9795490716
2.1800000000,29.9693068176
2.1810000000,29.7567081836
2.1820000000,29.3429117927
2.1830000000,28.7304404042
2.1840000000,27.9231681987
2.1850000000,26.9262988382
2.1860000000,25.7463344052
2.1870000000,24.3910353848
2.1880000000,22.8693719184
2.1890000000,21.1914666165
2.1900000000,19.3685292790
2.1910000000,17.4127839272
2.1920000000,15.3373886090
2.1930000000,13.1563484884
2.1940000000,10.8844227809
2.1950000000,8.5370261427
2.1960000000,6.1301251615
2.1970000000,3.6801306354
2.1980000000,1.2037863593
2.1990000000,-1.2819448340
2.2000000000,-3.7599970069
2.2010000000,-6.2133182347
2.2020000000,-8.6249881068
2.2030000000,-10.9783348015
2.2040000000,-13.2570509237
2.2050000000,-15.4453072969
2.2060000000,-17.5278639135
2.2070000000,-19.4901772582
2.2080000000,-21.3185032437
2.2090000000,-22.9999950212
2.2100000000,-24.5227949616
2.2110000000,-25.8761201371
2.2120000000,-27.0503406775
2.2130000000,-28.0370504186
2.2140000000,-28.8291293121
2.2150000000,-29.4207971208
2.2160000000,-29.8076579794
2.2170000000,-29.9867354660
2.2180000000,-29.9564978889
2.2190000000,-29.7168735660
2.2200000000,-29.2692559373
2.2210000000,-28.6164984258
2.2220000000,-27.7628990319
2.2230000000,-26.7141747174
2.2240000000,-25.4774257106
2.2250000000,-24.0610899322
2.2260000000,-22.4748878157
2.2270000000,-20.7297578626
2.2280000000,-18.8377833432
2.2290000000,-16.8121106160
2.2300000000,-14.6668596025
2.2310000000,-12.4170270125
2.2320000000,-10.0783829696
2.2330000000,-7.6673617386
2.2340000000,-5.2009472993
2.2350000000,-2.6965545567
2.2360000000,-0.1719070092
2.2370000000,2.3550882710
2.2380000000,4.8664674684
2.2390000000,7.3443377698
2.2400000000,9.7710051174
2.2410000000,12.1291010584
2.2420000000,14.4017077771
2.2430000000,16.5724804084
2.2440000000,18.6257657420
2.2450000000,20.5467164484
2.2460000000,22.3213999858
2.2470000000,23.9369013793
2.2480000000,25.3814191037
2.2490000000,26.6443533460
2.2500000000,27.7163859753
2.2510000000,28.5895516028
2.2520000000,29.2572991750
2.2530000000,29.7145436105
2.2540000000,29.9577070573
2.2550000000,29.9847494225
2.2560000000,29.7951878998
2.2570000000,29.3901053004
2.2580000000,28.7721470726
2.2590000000,27.9455069747
2.2600000000,26.9159014525
2.2610000000,25.6905328501
2.2620000000,24.2780416696
2.2630000000,22.6884481719
2.2640000000,20.9330836942
2.2650000000,19.0245121340
2.2660000000,16.9764421265
2.2670000000,14.8036305105
2.2680000000,12.5217777478
2.2690000000,10.1474160229
2.2700000000,7.6977908058
2.2710000000,5.1907367177
2.2720000000,2.6445485811
2.2730000000,0.0778485786
2.2740000000,-2.4905495199
2.2750000000,-5.0417780780
2.2760000000,-7.5570542559
2.2770000000,-10.0178185979
2.2780000000,-12.4058725204
2.2790000000,-14.7035136810
2.2800000000,-16.8936682163
2.2810000000,-18.9600188558
2.2820000000,-20.8871279416
2.2830000000,-22.6605544197
2.2840000000,-24.2669639036
2.2850000000,-25.6942309612
2.2860000000,-26.9315328259
2.2870000000,-27.9694337948
2.2880000000,-28.7999596398
2.2890000000,-29.4166614295
2.2900000000,-29.8146682347
2.2910000000,-29.9907282711
2.2920000000,-29.9432381155
2.2930000000,-29.6722597200
2.2940000000,-29.1795250386
2.2950000000,-28.4684281714
2.2960000000,-27.5440050257
2.2970000000,-26.4129005866
2.2980000000,-25.0833239837
2.2990000000,-23.5649916327
2.3000000000,-21.8690588226
2.3010000000,-20.0080402087
2.3020000000,-17.9957197563
2.3030000000,-15.8470507655
2.3040000000,-13.5780466824
2.3050000000,-11.2056634800
2.3060000000,-8.7476744547
2.3070000000,-6.2225383535
2.3080000000,-3.6492617955
2.3090000000,-1.0472570065
2.3100000000,1.5638040785
2.3110000000,4.1641382529
2.3120000000,6.7340009001
2.3130000000,9.2538361460
2.3140000000,11.7044261609
2.3150000000,14.0670384678
2.3160000000,16.3235701248
2.3170000000,18.4566876667
2.3180000000,20.4499617143
2.3190000000,22.2879951994
2.3200000000,23.9565441910
2.3210000000,25.4426303642
2.3220000000,26.7346442089
2.3230000000,27.8224381418
2.3240000000,28.6974087601
2.3250000000,29.3525675522
2.3260000000,29.7825994664
2.3270000000,29.9839088302
2.3280000000,29.9546522054
2.3290000000,29.6947578647
2.3300000000,29.2059316748
2.3310000000,28.4916492778
2.3320000000,27.5571345655
2.3330000000,26.4093245488
2.3340000000,25.0568208299
2.3350000000,23.5098279909
2.3360000000,21.7800793137
2.3370000000,19.8807503501
2.3380000000,17.8263609553
2.3390000000,15.6326664924
2.3400000000,13.3165390054
2.3410000000,10.8958392374
2.3420000000,8.3892804509
2.3430000000,5.8162850733
2.3440000000,3.1968352540
2.3450000000,0.5513184737
2.3460000000,-2.0996306097
2.3470000000,-4.7352908580
2.3480000000,-7.3350166440
2.3490000000,-9.8783998723
2.3500000000,-12.3454307582
2.3510000000,-14.7166560946
2.3520000000,-16.9733337510
2.3530000000,-19.0975821700
2.3540000000,-21.0725236606
2.3550000000,-22.8824203285
2.3560000000,-24.5128015376
2.3570000000,-25.9505818548
2.3580000000,-27.1841685019
2.3590000000,-28.2035574154
2.3600000000,-29.0004170999
2.3610000000,-29.5681595543
2.3620000000,-29.9019976469
2.3630000000,-29.9989884212
2.3640000000,-29.8580619228
2.3650000000,-29.4800352505
2.3660000000,-28.8676116506
2.3670000000,-28.0253645923
2.3680000000,-26.9597068820
2.3690000000,-25.6788449909
2.3700000000,-24.1927188953
2.3710000000,-22.5129278398
2.3720000000,-20.6526425542
2.3730000000,-18.6265045623
2.3740000000,-16.4505133305
2.3750000000,-14.1419021048
2.3760000000,-11.7190033794
2.3770000000,-9.2011050302
2.3780000000,-6.6082982263
2.3790000000,-3.9613183059
2.3800000000,-1.2813798636
2.3810000000,1.4099926460
2.3820000000,4.0911374451
2.3830000000,6.7404297291
2.3840000000,9.3364563251
2.3850000000,11.8581892989
2.3860000000,14.2851571028
2.3870000000,16.5976118653
2.3880000000,18.7766914485
2.3890000000,20.8045749352
2.3900000000,22.6646302514
2.3910000000,24.3415526893
2.3920000000,25.8214931611
2.3930000000,27.0921750929
2.3940000000,28.1429989535
2.3950000000,28.9651335091
2.3960000000,29.5515929979
2.3970000000,29.8972995294
2.3980000000,29.9991301304
2.3990000000,29.8559479824
2.4000000000,29.4686175219
2.4010000000,28.8400032052
2.4020000000,27.9749518746
2.4030000000,26.8802587927
2.4040000000,25.5646175516
2.4050000000,24.0385541939
2.4060000000,22.3143460149
2.4070000000,20.4059256454
2.4080000000,18.3287711378
2.4090000000,16.0997828982
2.4100000000,13.7371484217
2.4110000000,11.2601958906
2.4120000000,8.6892377976
2.4130000000,6.0454058416
2.4140000000,3.3504784242
2.4150000000,0.6267021438
2.4160000000,-2.1033912599
2.4170000000,-4.8171710104
2.4180000000,-7.4920949155
2.4190000000,-10.1058969518
2.4200000000,-12.6367732496
2.4210000000,-15.0635649221
2.4220000000,-17.3659362001
2.4230000000,-19.5245463629
2.4240000000,-21.5212140033
2.4250000000,-23.3390722163
2.4260000000,-24.9627133736
2.4270000000,-26.3783222235
2.4280000000,-27.5737961484
2.4290000000,-28.5388515123
2.4300000000,-29.2651151435
2.4310000000,-29.7462001150
2.4320000000,-29.9777651167
2.4330000000,-29.9575568426
2.4340000000,-29.6854349617
2.4350000000,-29.1633793816
2.4360000000,-28.3954796641
2.4370000000,-27.3879066010
2.4380000000,-26.1488661106
2.4390000000,-24.6885357633
2.4400000000,-23.0189843966
2.4410000000,-21.1540754219
2.4420000000,-19.1093545725
2.4430000000,-16.9019229703
2.4440000000,-14.5502965275
2.4450000000,-12.0742528126
2.4460000000,-9.4946666285
2.4470000000,-6.8333356515
2.4480000000,-4.1127975697
2.4490000000,-1.3561402441
2.4500000000,1.4131935213
2.4510000000,4.1716049566
2.4520000000,6.8955403668
2.4530000000,9.5616925264
2.4540000000,12.1472007052
2.4550000000,14.6298476054
2.4560000000,16.9882515080
2.4570000000,19.2020519581
2.4580000000,21.2520873656
2.4590000000,23.1205629580
2.4600000000,24.7912075986
2.4610000000,26.2494180690
2.4620000000,27.4823895172
2.4630000000,28.4792308855
2.4640000000,29.2310642522
2.4650000000,29.7311071611
2.4660000000,29.9747371475
2.4670000000,29.9595378252
2.4680000000,29.6853260520
2.4690000000,29.1541598549
2.4700000000,28.3703269591
2.4710000000,27.3403139351
2.4720000000,26.0727561444
2.4730000000,24.5783688341
2.4740000000,22.8698598955
2.4750000000,20.9618249641
2.4760000000,18.8706256980
2.4770000000,16.6142522193
2.4780000000,14.2121708503
2.4790000000,11.6851584079
2.4800000000,9.0551244456
2.4810000000,6.3449229453
2.4820000000,3.5781550585
2.4830000000,0.7789645892
2.4840000000,-2.0281720234
2.4850000000,-4.8186594015
2.4860000000,-7.5679987449
2.4870000000,-10.2520032795
2.4880000000,-12.8470117425
2.4890000000,-15.3300980168
2.4900000000,-17.6792750484
2.4910000000,-19.8736912251
2.4920000000,-21.8938174485
2.4930000000,-23.7216232057
2.4940000000,-25.3407400372
2.4950000000,-26.7366108970
2.4960000000,-27.8966240205
2.4970000000,-28.8102300475
2.4980000000,-29.4690412846
2.4990000000,-29.8669121498
2.5000000000,-30.0000000000
2.5010000000,-29.8668057158
2.5020000000,-29.4681935916
2.5030000000,-28.8073902640
2.5040000000,-27.8899625957
2.5050000000,-26.7237746185
2.5060000000,-25.3189238291
2.5070000000,-23.6876573147
2.5080000000,-21.8442683701
2.5090000000,-19.8049744455
2.5100000000,-17.5877774361
2.5110000000,-15.2123074868
2.5120000000,-12.6996516421
2.5130000000,-10.0721688111
2.5140000000,-7.3532926508
2.5150000000,-4.5673240858
2.5160000000,-1.7392152855
2.5170000000,1.1056529917
2.5180000000,3.9416987133
2.5190000000,6.7433685139
2.5200000000,9.4853682009
2.5210000000,12.1428917448
2.5220000000,14.6918466772
2.5230000000,17.1090738420
2.5240000000,19.3725594861
2.5250000000,21.4616377328
2.5260000000,23.3571815625
2.5270000000,25.0417805150
2.5280000000,26.4999034428
2.5290000000,27.7180447709
2.5300000000,28.6848528602
2.5310000000,29.3912392289
2.5320000000,29.8304675520
2.5330000000,29.9982215411
2.5340000000,29.8926509921
2.5350000000,29.5143954856
2.5360000000,28.8665854264
2.5370000000,27.9548203141
2.5380000000,26.7871243447
2.5390000000,25.3738796514
2.5400000000,23.7277377003
2.5410000000,21.8635095587
2.5420000000,19.7980359516
2.5430000000,17.5500382141
2.5440000000,15.1399514271
2.5450000000,12.5897411947
2.5460000000,9.9227056810
2.5470000000,7.1632646668
2.5480000000,4.3367375173
2.5490000000,1.4691120610
2.5500000000,-1.4131935213
2.5510000000,-4.2835736277
2.5520000000,-7.1154807581
2.5530000000,-9.8826713664
2.5540000000,-12.5594497632
2.5550000000,-15.1209078006
2.5560000000,-17.5431580926
2.5570000000,-19.8035585788
2.5580000000,-21.8809263045
2.5590000000,-23.7557383824
2.5600000000,-25.4103182084
2.5610000000,-26.8290051328
2.5620000000,-27.9983059335
2.5630000000,-28.9070265979
2.5640000000,-29.5463830994
2.5650000000,-29.9100900404
2.5660000000,-29.9944262401
2.5670000000,-29.7982765508
2.5680000000,-29.3231494119
2.5690000000,-28.5731698701
2.5700000000,-27.5550480288
2.5710000000,-26.2780231149
2.5720000000,-24.7537835867
2.5730000000,-22.9963639306
2.5740000000,-21.0220190187
2.5750000000,-18.8490771148
2.5760000000,-16.4977728242
2.5770000000,-13.9900614772
2.5780000000,-11.3494166200
2.5790000000,-8.6006124553
2.5800000000,-5.7694932255
2.5810000000,-2.8827316660
2.5820000000,0.0324212299
2.5830000000,2.9483927993
2.5840000000,5.8375492434
2.5850000000,8.6724576504
2.5860000000,11.4261470230
2.5870000000,14.0723658254
2.5880000000,16.5858335819
2.5890000000,18.9424841078
2.5900000000,21.1196980164
2.5910000000,23.0965222396
2.5920000000,24.8538744116
2.5930000000,26.3747300974
2.5940000000,27.6442910049
2.5950000000,28.6501324880
2.5960000000,29.3823288430
2.5970000000,29.8335551005
2.5980000000,29.9991642395
2.5990000000,29.8772389757
2.6000000000,29.4686175219
2.6010000000,28.7768929589
2.6020000000,27.8083861150
2.6030000000,26.5720920997
2.6040000000,25.0796008975
2.6050000000,23.3449926767
2.6060000000,21.3847087167
2.6070000000,19.2173990971
2.6080000000,16.8637485224
2.6090000000,14.3462818751
2.6100000000,11.6891512923
2.6110000000,8.9179067523
2.6120000000,6.0592523231
2.6130000000,3.1407903797
2.6140000000,0.1907562205
2.6150000000,-2.7622543776
2.6160000000,-5.6895620466
2.6170000000,-8.5626824818
2.6180000000,-11.3536041567
2.6190000000,-14.0350623875
2.6200000000,-16.5808070599
2.6210000000,-18.9658613770
2.6220000000,-21.1667690646
2.6230000000,-23.1618275668
2.6240000000,-24.9313048941
2.6250000000,-26.4576379305
2.6260000000,-27.7256101790
2.6270000000,-28.7225071181
2.6280000000,-29.4382475482
2.6290000000,-29.8654895398
2.6300000000,-29.9997098341
2.6310000000,-29.8392558056
2.6320000000,-29.3853693586
2.6330000000,-28.6421824059
2.6340000000,-27.6166838550
2.6350000000,-26.3186583082
2.6360000000,-24.7605969641
2.6370000000,-22.9575814835
2.6380000000,-20.9271418562
2.6390000000,-18.6890895659
2.6400000000,-16.2653276018
2.6410000000,-13.6796391042
2.6420000000,-10.9574566499
2.6430000000,-8.1256143864
2.6440000000,-5.2120854072
2.6450000000,-2.2457069136
2.6460000000,0.7441041497
2.6470000000,3.7276421977
2.6480000000,6.6752079732
2.6490000000,9.5574044549
2.6500000000,12.3454307582
2.6510000000,15.0113710846
2.6520000000,17.5284758136
2.6530000000,19.8714318909
2.6540000000,22.0166197653
2.6550000000,23.9423542440
2.6560000000,25.6291067847
2.6570000000,27.0597069204
2.6580000000,28.2195207062
2.6590000000,29.0966043016
2.6600000000,29.6818310408
2.6610000000,29.9689906039
2.6620000000,29.9548591735
2.6630000000,29.6392397513
2.6640000000,29.0249721036
2.6650000000,28.1179121105
2.6660000000,26.9268806007
2.6670000000,25.4635820626
2.6680000000,23.7424939293
2.6690000000,21.7807274373
2.6700000000,19.5978613496
2.6710000000,17.2157501174
2.6720000000,14.6583083205
2.6730000000,11.9512734771
2.6740000000,9.1219495424
2.6750000000,6.1989336253
2.6760000000,3.2118286329
2.6770000000,0.1909447122
2.6780000000,-2.8330075172
2.6790000000,-5.8292288435
2.6800000000,-8.7671452962
2.6810000000,-11.6167207345
2.6820000000,-14.3487649930
2.6830000000,-16.9352344139
2.6840000000,-19.3495216586
2.6850000000,-21.5667317873
2.6860000000,-23.5639417203
2.6870000000,-25.3204403508
2.6880000000,-26.8179467663
2.6890000000,-28.0408042467
2.6900000000,-28.9761479451
2.6910000000,-29.6140444199
2.6920000000,-29.9476014646
2.6930000000,-29.9730469837
2.6940000000,-29.6897759742
2.6950000000,-29.1003649975
2.6960000000,-28.2105538598
2.6970000000,-27.0291945553
2.6980000000,-25.5681678681
2.6990000000,-23.8422683622
2.7000000000,-21.8690588226
2.7010000000,-19.6686955315
2.7020000000,-17.2637260715
2.7030000000,-14.6788616449
2.7040000000,-11.9407261675
2.7050000000,-9.0775846520
2.7060000000,-6.1190536223
2.7070000000,-3.0957964982
2.7080000000,-0.0392070652
2.7090000000,3.0189157210
2.7100000000,6.0466982367
2.7110000000,9.0125245708
2.7120000000,11.8853673179
2.7130000000,14.6351133191
2.7140000000,17.2328809215
2.7150000000,19.6513253995
2.7160000000,21.8649292898
2.7170000000,23.8502745334
2.7180000000,25.5862934964
2.7190000000,27.0544961457
2.7200000000,28.2391708973
2.7210000000,29.1275569163
2.7220000000,29.7099859412
2.7230000000,29.9799920146
2.7240000000,29.9343878334
2.7250000000,29.5733067785
2.7260000000,28.9002100422
2.7270000000,27.9218586360
2.7280000000,26.6482504332
2.7290000000,25.0925227714
2.7300000000,23.2708215069
2.7310000000,21.2021377729
2.7320000000,18.9081140423
2.7330000000,16.4128214282
2.7340000000,13.7425104727
2.7350000000,10.9253379629
2.7360000000,7.9910725847
2.7370000000,4.9707824592
2.7380000000,1.8965078188
2.7390000000,-1.1990777508
2.7400000000,-4.2830139344
2.7410000000,-7.3224045105
2.7420000000,-10.2847686422
2.7430000000,-13.1383888852
2.7440000000,-15.8526521756
2.7450000000,-18.3983801209
2.7460000000,-20.7481450123
2.7470000000,-22.8765681149
2.7480000000,-24.7605969641
2.7490000000,-26.3797586074
2.7500000000,-27.7163859753
2.7510000000,-28.7558148400
2.7520000000,-29.4865491244
2.7530000000,-29.9003926564
2.7540000000,-29.9925458139
2.7550000000,-29.7616658779
2.7560000000,-29.2098902985
2.7570000000,-28.3428224729
2.7580000000,-27.1694800406
2.7590000000,-25.7022061046
2.7600000000,-23.9565441910
2.7610000000,-21.9510781569
2.7620000000,-19.7072386409
2.7630000000,-17.2490780215
2.7640000000,-14.6030162017
2.7650000000,-11.7975598615
2.7660000000,-8.8629981255
2.7670000000,-5.8310778616
2.7680000000,-2.7346620616
2.7690000000,0.3926250407
2.7700000000,3.5167623002
2.7710000000,6.6037015042
2.7720000000,9.6197387129
2.7730000000,12.5318830483
2.7740000000,15.3082188890
2.7750000000,17.9182574843
2.7760000000,20.3332740952
2.7770000000,22.5266269138
2.7780000000,24.4740541914
2.7790000000,26.1539462297
2.7800000000,27.5475891504
2.7810000000,28.6393776533
2.7820000000,29.4169943001
2.7830000000,29.8715532204
2.7840000000,29.9977065163
2.7850000000,29.7937120465
2.7860000000,29.2614616879
2.7870000000,28.4064696095
2.7880000000,27.2378205279
2.7890000000,25.7680783583
2.7900000000,24.0131561157
2.7910000000,21.9921483516
2.7920000000,19.7271278339
2.7930000000,17.2429085826
2.7940000000,14.5667777544
2.7950000000,11.7281992307
2.7960000000,8.7584920868
2.7970000000,5.6904874169
2.7980000000,2.5581672464
2.7990000000,-0.6037105220
2.8000000000,-3.7599970069
2.8010000000,-6.8755428394
2.8020000000,-9.9155899166
2.8030000000,-12.8461600491
2.8040000000,-15.6344361506
2.8050000000,-18.2491316802
2.8060000000,-20.6608441598
2.8070000000,-22.8423887479
2.8080000000,-24.7691080553
2.8090000000,-26.4191546380
2.8100000000,-27.7737428914
2.8110000000,-28.8173673993
2.8120000000,-29.5379851531
2.8130000000,-29.9271594531
2.8140000000,-29.9801637225
2.8150000000,-29.6960439081
2.8160000000,-29.0776386046
2.8170000000,-28.1315565090
2.8180000000,-26.8681112929
2.8190000000,-25.3012144615
2.8200000000,-23.4482272448
2.8210000000,-21.3297730362
2.8220000000,-18.9695123445
2.8230000000,-16.3938826615
2.8240000000,-13.6318060538
2.8250000000,-10.7143676684
2.8260000000,-7.6744686847
2.8270000000,-4.5464575525
2.8280000000,-1.3657436206
2.8290000000,1.8316025202
2.8300000000,5.0092574875
2.8310000000,8.1310577327
2.8320000000,11.1614116602
2.8330000000,14.0657065395
2.8340000000,16.8107055477
2.8350000000,19.3649303732
2.8360000000,21.6990249526
2.8370000000,23.7860961104
2.8380000000,25.6020271150
2.8390000000,27.1257604559
2.8400000000,28.3395464845
2.8410000000,29.2291549353
2.8420000000,29.7840467564
2.8430000000,29.9975041248
2.8440000000,29.8667169884
2.8450000000,29.3928249744
2.8460000000,28.5809140068
2.8470000000,27.4399674978
2.8480000000,25.9827724994
2.8490000000,24.2257817233
2.8500000000,22.1889328494
2.8510000000,19.8954270442
2.8520000000,17.3714690908
2.8530000000,14.6459719849
2.8540000000,11.7502292783
2.8550000000,8.7175588379
2.8560000000,5.5829220366
2.8570000000,2.3825226968
2.8580000000,-0.8466096403
2.8590000000,-4.0670473409
2.8600000000,-7.2413982760
2.8610000000,-10.3327403708
2.8620000000,-13.3050520569
2.8630000000,-16.1236335973
2.8640000000,-18.7555143448
2.8650000000,-21.1698411285
2.8660000000,-23.3382431681
2.8670000000,-25.2351691631
2.8680000000,-26.8381925154
2.8690000000,-28.1282809915
2.8700000000,-29.0900275358
2.8710000000,-29.7118393834
2.8720000000,-29.9860830958
2.8730000000,-29.9091836523
2.8740000000,-29.4816762567
2.8750000000,-28.7082100720
2.8760000000,-27.5975036523
2.8770000000,-26.1622524144
2.8780000000,-24.4189890499
2.8790000000,-22.3878983449
2.8800000000,-20.0925884109
2.8810000000,-17.5598208589
2.8820000000,-14.8192029420
2.8830000000,-11.9028451547
2.8840000000,-8.8449882018
2.8850000000,-5.6816036303
2.8860000000,-2.4499727453
2.8870000000,0.8117512862
2.8880000000,4.0649930221
2.8890000000,7.2712107387
2.8900000000,10.3923534448
2.8910000000,13.3913134980
2.8920000000,16.2323694287
2.8930000000,18.8816136722
2.8940000000,21.3073600631
2.8950000000,23.4805261657
2.8960000000,25.3749857904
2.8970000000,26.9678873815
2.8980000000,28.2399343492
2.8990000000,29.1756238545
2.9000000000,29.7634410394
2.9010000000,29.9960062097
2.9020000000,29.8701730322
2.9030000000,29.3870763860
2.9040000000,28.5521291029
2.9050000000,27.3749674420
2.9060000000,25.8693457591
2.9070000000,24.0529814417
2.9080000000,21.9473517827
2.9090000000,19.5774450538
2.9100000000,16.9714685970
2.9110000000,14.1605172847
2.9120000000,11.1782061913
2.9130000000,8.0602717675
2.9140000000,4.8441462073
2.9150000000,1.5685100415
2.9160000000,-1.7271717194
2.9170000000,-5.0031243534
2.9180000000,-8.2197434040
2.9190000000,-11.3380740789
2.9200000000,-14.3202842646
2.9210000000,-17.1301253990
2.9220000000,-19.7333755714
2.9230000000,-22.0982594034
2.9240000000,-24.1958395282
2.9250000000,-26.0003748033
2.9260000000,-27.4896407763
2.9270000000,-28.6452083636
2.9280000000,-29.4526771914
2.9290000000,-29.9018605862
2.9300000000,-29.9869197769
2.9310000000,-29.7064454816
2.9320000000,-29.0634856840
2.9330000000,-28.0655190601
2.9340000000,-26.7243741729
2.9350000000,-25.0560952235
2.9360000000,-23.0807557982
2.9370000000,-20.8222227008
2.9380000000,-18.3078725757
2.9390000000,-15.5682646218
2.9400000000,-12.6367732496
2.9410000000,-9.5491850439
2.9420000000,-6.3432648515
2.9430000000,-3.0582962150
2.9440000000,0.2653982855
2.9450000000,3.5869509527
2.9460000000,6.8654511192
2.9470000000,10.0604493585
2.9480000000,13.1324575473
2.9490000000,16.0434385864
2.9500000000,18.7572796901
2.9510000000,21.2402433298
2.9520000000,23.4613901696
2.9530000000,25.3929686496
2.9540000000,27.0107662679
2.9550000000,28.2944180610
2.9560000000,29.2276682955
2.9570000000,29.7985819490
2.9580000000,29.9997031638
2.9590000000,29.8281585069
2.9600000000,29.2857035459
2.9610000000,28.3787119506
2.9620000000,27.1181070415
2.9630000000,25.5192364249
2.9640000000,23.6016910671
2.9650000000,21.3890708605
2.9660000000,18.9086994097
2.9670000000,16.1912914166
2.9680000000,13.2705766469
2.9690000000,10.1828850256
2.9700000000,6.9666979133
2.9710000000,3.6621710622
2.9720000000,0.3106351305
2.9730000000,-3.0459200588
2.9740000000,-6.3653710988
2.9750000000,-9.6059898488
2.9760000000,-12.7269689158
2.9770000000,-15.6889371418
2.9780000000,-18.4544585685
2.9790000000,-20.9885085302
2.9800000000,-23.2589207873
2.9810000000,-25.2367999510
2.9820000000,-26.8968938644
2.9830000000,-28.2179210849
2.9840000000,-29.1828491641
2.9850000000,-29.7791200209
2.9860000000,-29.9988193599
2.9870000000,-29.8387877831
2.9880000000,-29.3006719699
2.9890000000,-28.3909150568
2.9900000000,-27.1206861130
2.9910000000,-25.5057493863
2.9920000000,-23.5662747565
2.9930000000,-21.3265915933
2.9940000000,-18.8148889422
2.9950000000,-16.0628656601
2.9960000000,-13.1053347763
2.9970000000,-9.9797869548
2.9980000000,-6.7259184815
2.9990000000,-3.3851296716
3.0000000000,-0.0000000000
3.0010000000,3.3862534196
3.0020000000,6.7303271372
3.0030000000,9.9893854293
3.0040000000,13.1216100300
3.0050000000,16.0867384689
3.0060000000,18.8465840641
3.0070000000,21.3655308291
3.0080000000,23.6109968423
3.0090000000,25.5538600072
3.0100000000,27.1688405879
3.0110000000,28.4348354379
3.0120000000,29.3351994401
3.0130000000,29.8579703365
3.0140000000,29.9960338424
3.0150000000,29.7472266933
3.0160000000,29.1143760694
3.0170000000,28.1052746547
3.0180000000,26.7325914174
3.0190000000,25.0137190340
3.0200000000,22.9705597001
3.0210000000,20.6292518789
3.0220000000,18.0198413168
3.0230000000,15.1759003897
3.0240000000,12.1341005365
3.0250000000,8.9337431623
3.0260000000,5.6162549606
3.0270000000,2.2246540895
3.0280000000,-1.1970059536
3.0290000000,-4.6042075955
3.0300000000,-7.9525481970
3.0310000000,-11.1983192853
3.0320000000,-14.2990784475
3.0330000000,-17.2142063904
3.0340000000,-19.9054418311
3.0350000000,-22.3373871427
3.0360000000,-24.4779780309
3.0370000000,-26.2989109612
3.0380000000,-27.7760225816
3.0390000000,-28.8896159915
3.0400000000,-29.6247293836
3.0410000000,-29.9713433217
3.0420000000,-29.9245237098
3.0430000000,-29.4844983401
3.0440000000,-28.6566657708
3.0450000000,-27.4515361746
3.0460000000,-25.8846046895
3.0470000000,-23.9761586968
3.0480000000,-21.7510213325
3.0490000000,-19.2382343832
3.0500000000,-16.4706845399
3.0510000000,-13.4846777420
3.0520000000,-10.3194670545
3.0530000000,-7.0167401596
3.0540000000,-3.6200731028
3.0550000000,-0.1743574107
3.0560000000,3.2747919189
3.0570000000,6.6816397682
3.0580000000,10.0009376232
3.0590000000,13.1885256195
3.0600000000,16.2019218907
3.0610000000,19.0008913338
3.0620000000,21.5479861445
3.0630000000,23.8090508224
3.0640000000,25.7536847865
3.0650000000,27.3556562778
3.0660000000,28.5932618505
3.0670000000,29.4496264554
3.0680000000,29.9129398910
3.0690000000,29.9766262329
3.0700000000,29.6394437335
3.0710000000,28.9055136050
3.0720000000,27.7842770448
3.0730000000,26.2903808232
3.0740000000,24.4434927107
3.0750000000,22.2680489740
3.0760000000,19.7929370866
3.0770000000,17.0511176900
3.0780000000,14.0791906709
3.0790000000,10.9169109964
3.0800000000,7.6066606481
3.0810000000,4.1928836149
3.0820000000,0.7214914321
3.0830000000,-2.7607528154
3.0840000000,-6.2068637866
3.0850000000,-9.5702680170
3.0860000000,-12.8054343337
3.0870000000,-15.8684920124
3.0880000000,-18.7178282611
3.0890000000,-21.3146568643
3.0900000000,-23.6235501755
3.0910000000,-25.6129271120
3.0920000000,-27.2554903706
3.0930000000,-28.5286067454
3.0940000000,-29.4146251761
3.0950000000,-29.9011279812
3.0960000000,-29.9811116164
3.0970000000,-29.6530942499
3.0980000000,-28.9211484258
3.0990000000,-27.7948581048
3.1000000000,-26.2892004013
3.1010000000,-24.4243533606
3.1020000000,-22.2254321432
3.1030000000,-19.7221569661
3.1040000000,-16.9484571021
3.1050000000,-13.9420161305
3.1060000000,-10.7437644589
3.1070000000,-7.3973258850
3.1080000000,-3.9484256245
3.1090000000,-0.4442677932
3.1100000000,3.0671092179
3.1110000000,6.5374906940
3.1120000000,9.9191478771
3.1130000000,13.1654954770
3.1140000000,16.2317353458
3.1150000000,19.0754773998
3.1160000000,21.6573291476
3.1170000000,23.9414455844
3.1180000000,25.8960317204
3.1190000000,27.4937906372
3.1200000000,28.7123106872
3.1210000000,29.5343862668
3.1220000000,29.9482674905
3.1230000000,29.9478350578
3.1240000000,29.5326976270
3.1250000000,28.7082100720
3.1260000000,27.4854120905
3.1270000000,25.8808877357
3.1280000000,23.9165475434
3.1290000000,21.6193360109
3.1300000000,19.0208682343
3.1310000000,16.1570005102
3.1320000000,13.0673406516
3.1330000000,9.7947046281
3.1340000000,6.3845269200
3.1350000000,2.8842326488
3.1360000000,-0.6574198811
3.1370000000,-4.1910171518
3.1380000000,-7.6671795032
3.1390000000,-11.0372517088
3.1400000000,-14.2539853942
3.1410000000,-17.2722037105
3.1420000000,-20.0494388877
3.1430000000,-22.5465336286
3.1440000000,-24.7281977807
3.1450000000,-26.5635123095
3.1460000000,-28.0263733107
3.1470000000,-29.0958696066
3.1480000000,-29.7565883827
3.1490000000,-29.9988443109
3.1500000000,-29.8188286637
3.1510000000,-29.2186760378
3.1520000000,-28.2064474593
3.1530000000,-26.7960298145
3.1540000000,-25.0069527378
3.1550000000,-22.8641252528
3.1560000000,-20.3974956129
3.1570000000,-17.6416388848
3.1580000000,-14.6352778631
3.1590000000,-11.4207438702
3.1600000000,-8.0433848747
3.1610000000,-4.5509291424
3.1620000000,-0.9928132954
3.1630000000,2.5805158003
3.1640000000,6.1183154888
3.1650000000,9.5702680170
3.1660000000,12.8871972320
3.1670000000,16.0217710651
3.1680000000,18.9291797440
3.1690000000,21.5677799805
3.1700000000,23.8996958249
3.1710000000,25.8913674607
3.1720000000,27.5140399201
3.1730000000,28.7441845256
3.1740000000,29.5638467991
3.1750000000,29.9609156034
3.1760000000,29.9293093889
3.1770000000,29.4690765906
3.1780000000,28.5864084379
3.1790000000,27.2935636891
3.1800000000,25.6087060687
3.1810000000,23.5556564368
3.1820000000,21.1635629614
3.1830000000,18.4664937504
3.1840000000,15.5029575404
3.1850000000,12.3153590939
3.1860000000,8.9493969283
3.1870000000,5.4534118598
3.1880000000,1.8776955924
3.1890000000,-1.7262308040
3.1900000000,-5.3063582097
3.1910000000,-8.8109399153
3.1920000000,-12.1892404050
3.1930000000,-15.3922716195
3.1940000000,-18.3735059929
3.1950000000,-21.0895558517
3.1960000000,-23.5008092072
3.1970000000,-25.5720125681
3.1980000000,-27.2727921287
3.1990000000,-28.5781055491
3.2000000000,-29.4686175219
3.2010000000,-29.9309933996
3.2020000000,-29.9581063289
3.2030000000,-29.5491545764
3.2040000000,-28.7096870279
3.2050000000,-27.4515361746
3.2060000000,-25.7926592451
3.2070000000,-23.7568894879
3.2080000000,-21.3736009299
3.2090000000,-18.6772912135
3.2100000000,-15.7070883335
3.2110000000,-12.5061882331
3.2120000000,-9.1212312574
3.2130000000,-5.6016263927
3.2140000000,-1.9988330225
3.2150000000,1.6343894078
3.2160000000,5.2447529110
3.2170000000,8.7792224008
3.2180000000,12.1857956046
3.2190000000,15.4142699689
3.2200000000,18.4169852260
3.2210000000,21.1495306024
3.2220000000,23.5714061262
3.2230000000,25.6466281263
3.2240000000,27.3442697975
3.2250000000,28.6389286306
3.2260000000,29.5111135510
3.2270000000,29.9475457703
3.2280000000,29.9413686064
3.2290000000,29.4922628555
3.2300000000,28.6064656863
3.2310000000,27.2966924476
3.2320000000,25.5819622172
3.2330000000,23.4873293531
3.2340000000,21.0435247130
3.2350000000,18.2865115627
3.2360000000,15.2569624865
3.2370000000,11.9996648091
3.2380000000,8.5628631361
3.2390000000,4.9975485903
3.2400000000,1.3567051525
3.2410000000,-2.3054758001
3.2420000000,-5.9344011476
3.2430000000,-9.4758899153
3.2440000000,-12.8769832649
3.2450000000,-16.0867384689
3.2460000000,-19.0569949400
3.2470000000,-21.7431007549
3.2480000000,-24.1045886614
3.2490000000,-26.1057912662
3.2500000000,-27.7163859753
3.2510000000,-28.9118612731
3.2520000000,-29.6738970740
3.2530000000,-29.9906531435
3.2540000000,-29.8569609423
3.2550000000,-29.2744156801
3.2560000000,-28.2513668595
3.2570000000,-26.8028071064
3.2580000000,-24.9501606188
3.2590000000,-22.7209740860
3.2600000000,-20.1485144082
3.2610000000,-17.2712789774
3.2620000000,-14.1324256182
3.2630000000,-10.7791305352
3.2640000000,-7.2618837313
3.2650000000,-3.6337323488
3.2660000000,0.0505167860
3.2670000000,3.7351234713
3.2680000000,7.3642568620
3.2690000000,10.8828418976
3.2700000000,14.2373965921
3.2710000000,17.3768474380
3.2720000000,20.2533104608
3.2730000000,22.8228259315
3.2740000000,25.0460354020
3.2750000000,26.8887905632
3.2760000000,28.3226844218
3.2770000000,29.3254964368
3.2780000000,29.8815445388
3.2790000000,29.9819383468
3.2800000000,29.6247293836
3.2810000000,28.8149556497
3.2820000000,27.5645795192
3.2830000000,25.8923195498
3.2840000000,23.8233784271
3.2850000000,21.3890708605
3.2860000000,18.6263567997
3.2870000000,15.5772868129
3.2880000000,12.2883678430
3.2890000000,8.8098588136
3.2900000000,5.1950066728
3.2910000000,1.4992344188
3.2920000000,-2.2207065620
3.2930000000,-5.9076069180
3.2940000000,-9.5046791864
3.2950000000,-12.9564335512
3.2960000000,-16.2095359875
3.2970000000,-19.2136354932
3.2980000000,-21.9221475335
3.2990000000,-24.2929814494
3.3000000000,-26.2892004013
3.3010000000,-27.8796034131
3.3020000000,-29.0392202516
3.3030000000,-29.7497111871
3.3040000000,-29.9996651226
3.3050000000,-29.7847911334
3.3060000000,-29.1080000888
3.3070000000,-27.9793747230
3.3080000000,-26.4160282510
3.3090000000,-24.4418533527
3.3100000000,-22.0871650664
3.3110000000,-19.3882427952
3.3120000000,-16.3867782206
3.3130000000,-13.1292374122
3.3140000000,-9.6661467920
3.3150000000,-6.0513138381
3.3160000000,-2.3409944720
3.3170000000,1.4069800429
3.3180000000,5.1341031850
3.3190000000,8.7821062554
3.3200000000,12.2938702156
3.3210000000,15.6143220024
3.3220000000,18.6913012313
3.3230000000,21.4763836050
3.3240000000,23.9256479704
3.3250000000,26.0003748033
3.3260000000,27.6676649246
3.3270000000,28.9009684642
3.3280000000,29.6805154618
3.3290000000,29.9936410042
3.3300000000,29.8349994350
3.3310000000,29.2066638947
3.3320000000,28.1181092461
3.3330000000,26.5860782671
3.3340000000,24.6343328372
3.3350000000,22.2932936659
3.3360000000,19.5995738859
3.3370000000,16.5954135321
3.3380000000,13.3280235229
3.3390000000,9.8488492268
3.3400000000,6.2127650081
3.3410000000,2.4772122862
3.3420000000,-1.2987054141
3.3430000000,-5.0551562104
3.3440000000,-8.7325276816
3.3450000000,-12.2723737537
3.3460000000,-15.6183456029
3.3470000000,-18.7170917223
3.3480000000,-21.5191127316
3.3490000000,-23.9795571746
3.3500000000,-26.0589454331
3.3510000000,-27.7238099858
3.3520000000,-28.9472415255
3.3530000000,-29.7093319132
3.3540000000,-29.9975065556
3.3550000000,-29.8067405364
3.3560000000,-29.1396546627
3.3570000000,-28.0064894978
3.3580000000,-26.4249573954
3.3590000000,-24.4199745050
3.3600000000,-22.0232766497
3.3610000000,-19.2729248541
3.3620000000,-16.2127080927
3.3630000000,-12.8914525111
3.3640000000,-9.3622479067
3.3650000000,-5.6816036303
3.3660000000,-1.9085472512
3.3670000000,1.8963197002
3.3680000000,5.6717938490
3.3690000000,9.3570543844
3.3700000000,12.8926439323
3.3710000000,16.2214300618
3.3720000000,19.2895318451
3.3730000000,22.0471963961
3.3740000000,24.4496110623
3.3750000000,26.4576379305
3.3760000000,28.0384585109
3.3770000000,29.1661178739
3.3780000000,29.8219590976
3.3790000000,29.9949406303
3.3800000000,29.6818310408
3.3810000000,28.8872775968
3.3820000000,27.6237471483
3.3830000000,25.9113398600
3.3840000000,23.7774784077
3.3850000000,21.2564772856
3.3860000000,18.3889988459
3.3870000000,15.2214045555
3.3880000000,11.8050117010
3.3890000000,8.1952673481
3.3900000000,4.4508527613
3.3910000000,0.6327326727
3.3920000000,-3.1968352539
3.3930000000,-6.9753147099
3.3940000000,-10.6409122725
3.3950000000,-14.1335894949
3.3960000000,-17.3960489589
3.3970000000,-20.3746780553
3.3980000000,-23.0204348925
3.3990000000,-25.2896616180
3.4000000000,-27.1448115740
3.4010000000,-28.5550780736
3.4020000000,-29.4969141494
3.4030000000,-29.9544343798
3.4040000000,-29.9196918057
3.4050000000,-29.3928249744
3.4060000000,-28.3820722730
3.4070000000,-26.9036528839
3.4080000000,-24.9815158953
3.4090000000,-22.6469612788
3.4100000000,-19.9381385743
3.4110000000,-16.8994311666
3.4120000000,-13.5807359565
3.4130000000,-10.0366499983
3.4140000000,-6.3255772566
3.4150000000,-2.5087700092
3.4160000000,1.3506794384
3.4170000000,5.1888801817
3.4180000000,8.9422001264
3.4190000000,12.5483218895
3.4200000000,15.9472796599
3.4210000000,19.0824597342
3.4220000000,21.9015479864
3.4230000000,24.3574083428
3.4240000000,26.4088774268
3.4250000000,28.0214618724
3.4260000000,29.1679263812
3.4270000000,29.8287623679
3.4280000000,29.9925289975
3.4290000000,29.6560605118
3.4300000000,28.8245359567
3.4310000000,27.5114097018
3.4320000000,25.7382034692
3.4330000000,23.5341629039
3.4340000000,20.9357840007
3.4350000000,17.9862169000
3.4360000000,14.7345566480
3.4370000000,11.2350324501
3.4380000000,7.5461086929
3.4390000000,3.7295125382
3.4400000000,-0.1507958124
3.4410000000,-4.0296930655
3.4420000000,-7.8419851344
3.4430000000,-11.5235034838
3.4440000000,-15.0121870806
3.4450000000,-18.2491316802
3.4460000000,-21.1795886635
3.4470000000,-23.7538964185
3.4480000000,-25.9283283400
3.4490000000,-27.6658428637
3.4500000000,-28.9367225537
3.4510000000,-29.7190910894
3.4520000000,-29.9992990176
3.4530000000,-29.7721713269
3.4540000000,-29.0411122101
3.4550000000,-27.8180647872
3.4560000000,-26.1233260075
3.4570000000,-23.9852194109
3.4580000000,-21.4396308480
3.4590000000,-18.5294146055
3.4600000000,-15.3036796162
3.4610000000,-11.8169675030
3.4620000000,-8.1283360957
3.4630000000,-4.3003637164
3.4640000000,-0.3980909372
3.4650000000,3.5120823582
3.4660000000,7.3635259471
3.4670000000,11.0905151012
3.4680000000,14.6293539144
3.4690000000,17.9194669039
3.4700000000,20.9044401301
3.4710000000,23.5329938756
3.4720000000,25.7598700265
3.4730000000,27.5466186974
3.4740000000,28.8622703073
3.4750000000,29.6838812280
3.4760000000,29.9969432475
3.4770000000,29.7956493938
3.4780000000,29.0830111001
3.4790000000,27.8708242300
3.4800000000,26.1794840671
3.4810000000,24.0376519745
3.4820000000,21.4817789885
3.4830000000,18.5554940981
3.4840000000,15.3088673179
3.4850000000,11.7975598615
3.4860000000,8.0818757126
3.4870000000,4.2257306486
3.4880000000,0.2955562556
3.4890000000,-3.6408423389
3.4900000000,-7.5154554158
3.4910000000,-11.2612441674
3.4920000000,-14.8133024311
3.4930000000,-18.1099844965
3.4940000000,-21.0939793416
3.4950000000,-23.7133125083
3.4960000000,-25.9222580124
3.4970000000,-27.6821441813
3.4980000000,-28.9620390923
3.4990000000,-29.7393033247
3.5000000000,-30.0000000000
3.5010000000,-29.7391545289
3.5020000000,-28.9608590731
3.5030000000,-27.6782194143
3.5040000000,-25.9131446618
3.5050000000,-23.6959829703
3.5060000000,-21.0650091397
3.5070000000,-18.0657725743
3.5080000000,-14.7503165494
3.5090000000,-11.1762820241
3.5100000000,-7.4059113059
3.5110000000,-3.5049686804
3.5120000000,0.4584033600
3.5130000000,4.4148724624
3.5140000000,8.2951286495
3.5150000000,12.0310992677
3.5160000000,15.5571453430
3.5170000000,18.8112182866
3.5180000000,21.7359565122
3.5190000000,24.2797025080
3.5200000000,26.3974222299
3.5210000000,28.0515103391
3.5220000000,29.2124667513
3.5230000000,29.8594321811
3.5240000000,29.9805728034
3.5250000000,29.5733067785
3.5260000000,28.6443681506
3.5270000000,27.2097064846
3.5280000000,25.2942235013
3.5290000000,22.9313508565
3.5300000000,20.1624760356
3.5310000000,17.0362260455
3.5320000000,13.6076211433
3.5330000000,9.9371131837
3.5340000000,6.0895252705
3.5350000000,2.1329112057
3.5360000000,-1.8626452773
3.5370000000,-5.8262703668
3.5380000000,-9.6875572124
3.5390000000,-13.3778178630
3.5400000000,-16.8313078266
3.5410000000,-19.9864013772
3.5420000000,-22.7866965345
3.5430000000,-25.1820298142
3.5440000000,-27.1293823843
3.5450000000,-28.5936611312
3.5460000000,-29.5483403110
3.5470000000,-29.9759518982
3.5480000000,-29.8684154045
3.5490000000,-29.2272007739
3.5500000000,-28.0633209249
3.5510000000,-26.3971535439
3.5520000000,-24.2580947928
3.5530000000,-21.6840506116
3.5540000000,-18.7207742316
3.5550000000,-15.4210613028
3.5560000000,-11.8438166372
3.5570000000,-8.0530089248
3.5580000000,-4.1165318535
3.5590000000,-0.1049918122
3.5600000000,3.9095562490
3.5610000000,7.8549022143
3.5620000000,11.6599802601
3.5630000000,15.2561509836
3.5640000000,18.5784430425
3.5650000000,21.5667317873
3.5660000000,24.1668334257
3.5670000000,26.3314947040
3.5680000000,28.0212599063
3.5690000000,29.2051991217
3.5700000000,29.8614841822
3.5710000000,29.9778013815
3.5720000000,29.5515929979
3.5730000000,28.5901227206
3.5740000000,27.1103632499
3.5750000000,25.1387075640
3.5760000000,22.7105085468
3.5770000000,19.8694548086
3.5780000000,16.6667935326
3.5790000000,13.1604140037
3.5800000000,9.4138080563
3.5810000000,5.4949259790
3.5820000000,1.4749483847
3.5830000000,-2.5730038417
3.5840000000,-6.5751981941
3.5850000000,-10.4586336844
3.5860000000,-14.1523740058
3.5870000000,-17.5888463519
3.5880000000,-20.7050820602
3.5890000000,-23.4438762265
3.5900000000,-25.7548448363
3.5910000000,-27.5953597555
3.5920000000,-28.9313440908
3.5930000000,-29.7379129204
3.5940000000,-29.9998471808
3.5950000000,-29.7118915074
3.5960000000,-28.8788700261
3.5970000000,-27.5156174124
3.5980000000,-25.6467259198
3.5990000000,-23.3061124648
3.6000000000,-20.5364131779
3.6010000000,-17.3882160336
3.6020000000,-13.9191451926
3.6030000000,-10.1928134673
3.6040000000,-6.2776618149
3.6050000000,-2.2457069136
3.6060000000,1.8287803533
3.6070000000,5.8706413184
3.6080000000,9.8052157557
3.6090000000,13.5597223528
3.6100000000,17.0646078844
3.6110000000,20.2548400321
3.6120000000,23.0711197458
3.6130000000,25.4609904466
3.6140000000,27.3798232018
3.6150000000,28.7916592272
3.6160000000,29.6698936512
3.6170000000,29.9977873671
3.6180000000,29.7687969415
3.6190000000,28.9867158974
3.6200000000,27.6656241705
3.6210000000,25.8296460953
3.6220000000,23.5125208461
3.6230000000,20.7569927610
3.6240000000,17.6140323659
3.6250000000,14.1419021048
3.6260000000,10.4050837374
3.6270000000,6.4730870024
3.6280000000,2.4191614357
3.6290000000,-1.6810648787
3.6300000000,-5.7509943973
3.6310000000,-9.7144908314
3.6320000000,-13.4973047739
3.6330000000,-17.0284675255
3.6340000000,-20.2416269085
3.6350000000,-23.0762998487
3.6360000000,-25.4790179771
3.6370000000,-27.4043444288
3.6380000000,-28.8157423543
3.6390000000,-29.6862783763
3.6400000000,-29.9991472702
3.6410000000,-29.7480074576
3.6420000000,-28.9371204284
3.6430000000,-27.5812908729
3.6440000000,-25.7056080517
3.6450000000,-23.3449926767
3.6460000000,-20.5435572638
3.6470000000,-17.3537914649
3.6480000000,-13.8355872346
3.6490000000,-10.0551217625
3.6500000000,-6.0836188607
3.6510000000,-1.9960118631
3.6520000000,2.1304669574
3.6530000000,6.2177439683
3.6540000000,10.1883812831
3.6550000000,13.9670454553
3.6560000000,17.4819398819
3.6570000000,20.6661736289
3.6580000000,23.4590404992
3.6590000000,25.8071837774
3.6600000000,27.6656241705
3.6610000000,28.9986309861
3.6620000000,29.7804195016
3.6630000000,29.9956607264
3.6640000000,29.6397932839
3.6650000000,28.7191308765
3.6660000000,27.2507626695
3.6670000000,25.2622478742
3.6680000000,22.7911097420
3.6690000000,19.8841380332
3.6700000000,16.5965127147
3.6710000000,12.9907651065
3.6720000000,9.1355958628
3.6730000000,5.1045719846
3.6740000000,0.9747274540
3.6750000000,-3.1749059838
3.6760000000,-7.2648099316
3.6770000000,-11.2165034839
3.6780000000,-14.9540511891
3.6790000000,-18.4055258242
3.6800000000,-21.5043977415
3.6810000000,-24.1908238599
3.6820000000,-26.4128112060
3.6830000000,-28.1272322395
3.6840000000,-29.3006719699
3.6850000000,-29.9100900404
3.6860000000,-29.9432844655
3.6870000000,-29.3991474861
3.6880000000,-28.2877079848
3.6890000000,-26.6299590050
3.6900000000,-24.4574730664
3.6910000000,-21.8118120785
3.6920000000,-18.7437426517
3.6930000000,-15.3122714108
3.6940000000,-11.5835184485
3.6950000000,-7.6294502609
3.6960000000,-3.5264963014
3.6970000000,0.6459243652
3.6980000000,4.8069379920
3.6990000000,8.8757830477
3.7000000000,12.7733787470
3.7010000000,16.4238647339
3.7020000000,19.7560818990
3.7030000000,22.7049653446
3.7040000000,25.2128221249
3.7050000000,27.2304685353
3.7060000000,28.7182043715
3.7070000000,29.6466046827
3.7080000000,29.9971130307
3.7090000000,29.7624240886
3.7100000000,28.9466474832
3.7110000000,27.5652490313
3.7120000000,25.6447698577
3.7130000000,23.2223282326
3.7140000000,20.3449132318
3.7150000000,17.0684834341
3.7160000000,13.4568877352
3.7170000000,9.5806289066
3.7180000000,5.5154936796
3.7190000000,1.3410758439
3.7200000000,-2.8607789624
3.7210000000,-7.0075764530
3.7220000000,-11.0177935160
3.7230000000,-14.8124828557
3.7240000000,-18.3168308379
3.7250000000,-21.4616377328
3.7260000000,-24.1846909724
3.7270000000,-26.4320040435
3.7280000000,-28.1588961932
3.7290000000,-29.3308911762
3.7300000000,-29.9244167721
3.7310000000,-29.9272906679
3.7320000000,-29.3389824785
3.7330000000,-28.1706460622
3.7340000000,-26.4449208172
3.7350000000,-24.1955052105
3.7360000000,-21.4665103130
3.7370000000,-18.3116055013
3.7380000000,-14.7929726495
3.7390000000,-10.9800889886
3.7400000000,-6.9483622830
3.7410000000,-2.7776449873
3.7420000000,1.4493434549
3.7430000000,5.6486550832
3.7440000000,9.7367802591
3.7450000000,13.6323097875
3.7460000000,17.2575592209
3.7470000000,20.5401228808
3.7480000000,23.4143264192
3.7490000000,25.8225486617
3.7500000000,27.7163859753
3.7510000000,29.0576354595
3.7520000000,29.8190767921
3.7530000000,29.9850365182
3.7540000000,29.5517228628
3.7550000000,28.5273236962
3.7560000000,26.9318650001
3.7570000000,24.7968319644
3.7580000000,22.1645596141
3.7590000000,19.0874045042
3.7600000000,15.6267134577
3.7610000000,11.8516094441
3.7620000000,7.8376184444
3.7630000000,3.6651644171
3.7640000000,-0.5820377666
3.7650000000,-4.8186594015
3.7660000000,-8.9594715013
3.7670000000,-12.9210604370
3.7680000000,-16.6235111110
3.7690000000,-19.9920236528
3.7700000000,-22.9584308430
3.7710000000,-25.4625853676
3.7720000000,-27.4535885184
3.7730000000,-28.8908350655
3.7740000000,-29.7448526539
3.7750000000,-29.9979181544
3.7760000000,-29.6444378537
3.7770000000,-28.6910831000
3.7780000000,-27.1566779466
3.7790000000,-25.0718403469
3.7800000000,-22.4783834576
3.7810000000,-19.4284884926
3.7820000000,-15.9836652478
3.7830000000,-12.2135207832
3.7840000000,-8.1943607142
3.7850000000,-4.0076510544
3.7860000000,0.2616285197
3.7870000000,4.5267067952
3.7880000000,8.7007837027
3.7890000000,12.6987977703
3.7900000000,16.4391623483
3.7910000000,19.8454351176
3.7920000000,22.8478866314
3.7930000000,25.3849355860
3.7940000000,27.4044211248
3.7950000000,28.8646857100
3.7960000000,29.7354458767
3.7970000000,29.9984324467
3.7980000000,29.6477864327
3.7990000000,28.6902018211
3.8000000000,27.1448115740
3.8010000000,25.0428184456
3.8020000000,22.4268774433
3.8030000000,19.3502418868
3.8040000000,15.8756899088
3.8050000000,12.0742528126
3.8060000000,8.0237708432
3.8070000000,3.8073055678
3.8080000000,-0.4885588917
3.8090000000,-4.7754911305
3.8100000000,-8.9652279022
3.8110000000,-12.9713924412
3.8120000000,-16.7112781934
3.8130000000,-20.1075610640
3.8140000000,-23.0899046464
3.8150000000,-25.5964249795
3.8160000000,-27.5749841718
3.8170000000,-28.9842856623
3.8180000000,-29.7947478994
3.8190000000,-29.9891377215
3.8200000000,-29.5629496382
3.8210000000,-28.5245224243
3.8220000000,-26.8948898540
3.8230000000,-24.7073679062
3.8240000000,-22.0068862452
3.8250000000,-18.8490771148
3.8260000000,-15.2991398698
3.8270000000,-11.4305040886
3.8280000000,-7.3233184795
3.8290000000,-3.0627965052
3.8300000000,1.2625472582
3.8310000000,5.5627336251
3.8320000000,9.7481901222
3.8330000000,13.7316182250
3.8340000000,17.4298175656
3.8350000000,20.7654289260
3.8360000000,23.6685594056
3.8370000000,26.0782554810
3.8380000000,27.9437927433
3.8390000000,29.2257548246
3.8400000000,29.8968783402
3.8410000000,29.9426454951
3.8420000000,29.3616112225
3.8430000000,28.1654572420
3.8440000000,26.3787711221
3.8450000000,24.0385541939
3.8460000000,21.1934678663
3.8470000000,17.9028334163
3.8480000000,14.2354055580
3.8490000000,10.2679449186
3.8500000000,6.0836188607
3.8510000000,1.7702638026
3.8520000000,-2.5814547836
3.8530000000,-6.8799462419
3.8540000000,-11.0346225368
3.8550000000,-14.9578094235
3.8560000000,-18.5666006250
3.8570000000,-21.7846157275
3.8580000000,-24.5436244043
3.8590000000,-26.7850022761
3.8600000000,-28.4609871595
3.8610000000,-29.5357085681
3.8620000000,-29.9859680420
3.8630000000,-29.8017530755
3.8640000000,-28.9864730026
3.8650000000,-27.5569110488
3.8660000000,-25.5428927590
3.8670000000,-22.9866770282
3.8680000000,-19.9420818692
3.8690000000,-16.4733627276
3.8700000000,-12.6538664684
3.8710000000,-8.5644890096
3.8720000000,-4.2919688436
3.8730000000,0.0729477095
3.8740000000,4.4374308217
3.8750000000,8.7085403176
3.8760000000,12.7952057664
3.8770000000,16.6101713049
3.8780000000,20.0718636062
3.8790000000,23.1061429058
3.8800000000,25.6478993626
3.8810000000,27.6424602097
3.8820000000,29.0467770788
3.8830000000,29.8303674826
3.8840000000,29.9759896127
3.8850000000,29.4800352505
3.8860000000,28.3526315781
3.8870000000,26.6174488820
3.8880000000,24.3112174427
3.8890000000,21.4829631502
3.8900000000,18.1929774580
3.8910000000,14.5115430452
3.8920000000,10.5174418764
3.8930000000,6.2962771181
3.8940000000,1.9386444777
3.8950000000,-2.4618081074
3.8960000000,-6.8103909713
3.8970000000,-11.0134103004
3.8980000000,-14.9801889539
3.8990000000,-18.6250269034
3.9000000000,-21.8690588226
3.9010000000,-24.6419684428
3.9020000000,-26.8835222441
3.9030000000,-28.5448888348
3.9040000000,-29.5897148920
3.9050000000,-29.9949337046
3.9060000000,-29.7512880686
3.9070000000,-28.8635554093
3.9080000000,-27.3504694152
3.9090000000,-25.2443390271
3.9100000000,-22.5903721958
3.9110000000,-19.4457182477
3.9120000000,-15.8782488550
3.9130000000,-11.9651033530
3.9140000000,-7.7910293487
3.9150000000,-3.4465541238
3.9160000000,0.9739738695
3.9170000000,5.3744311619
3.9180000000,9.6590087635
3.9190000000,13.7342996063
3.9200000000,17.5113384280
3.9210000000,20.9075494813
3.9220000000,23.8485593136
3.9230000000,26.2698346686
3.9240000000,28.1181092461
3.9250000000,29.3525675522
3.9260000000,29.9457592778
3.9270000000,29.8842234489
3.9280000000,29.1688078774
3.9290000000,27.8146760650
3.9300000000,25.8510005330
3.9310000000,23.3203484240
3.9320000000,20.2777719868
3.9330000000,16.7896230745
3.9340000000,12.9321169087
3.9350000000,8.7896759515
3.9360000000,4.4530896627
3.9370000000,0.0175300860
3.9380000000,-4.4195334900
3.9390000000,-8.7604751843
3.9400000000,-12.9096615104
3.9410000000,-16.7755613802
3.9420000000,-20.2727705092
3.9430000000,-23.3239053427
3.9440000000,-25.8613243537
3.9450000000,-27.8286382343
3.9460000000,-29.1819750394
3.9470000000,-29.8909716447
3.9480000000,-29.9394688371
3.9490000000,-29.3258938382
3.9500000000,-28.0633209249
3.9510000000,-26.1792079087
3.9520000000,-23.7148134099
3.9530000000,-20.7243069533
3.9540000000,-17.2735907642
3.9550000000,-13.4388586042
3.9560000000,-9.3049229036
3.9570000000,-4.9633466997
3.9580000000,-0.5104213452
3.9590000000,3.9549654833
3.9600000000,8.3335243632
3.9610000000,12.5277726253
3.9620000000,16.4442076448
3.9630000000,19.9953964119
3.9640000000,23.1019345826
3.9650000000,25.6942309612
3.9660000000,27.7140771230
3.9670000000,29.1159665448
3.9680000000,29.8681330898
3.9690000000,29.9532848685
3.9700000000,29.3690162248
3.9710000000,28.1278877428
3.9720000000,26.2571715634
3.9730000000,23.7982667884
3.9740000000,20.8057971509
3.9750000000,17.3464102970
3.9760000000,13.4973047739
3.9770000000,9.3445170164
3.9780000000,4.9810061158
3.9790000000,0.5045788191
3.9800000000,-3.9842990638
3.9810000000,-8.3847559633
3.9820000000,-12.5977820674
3.9830000000,-16.5284600721
3.9840000000,-20.0881088436
3.9850000000,-23.1962914722
3.9860000000,-25.7826420908
3.9870000000,-27.7884697733
3.9880000000,-29.1681027173
3.9890000000,-29.8899416608
3.9900000000,-29.9371979440
3.9910000000,-29.3082986754
3.9920000000,-28.0169489256
3.9930000000,-26.0918486002
3.9940000000,-23.5760694444
3.9950000000,-20.5261053468
3.9960000000,-17.0106165525
3.9970000000,-13.1088953957
3.9980000000,-8.9090875693
3.9990000000,-4.5062086034
4.0000000000,-0.0000000000
4.0010000000,4.5073267422
4.0020000000,8.9134072747
4.0030000000,13.1180502260
4.0040000000,17.0255188471
4.0050000000,20.5467164484
4.0060000000,23.6012256218
4.0070000000,26.1191544096
4.0080000000,28.0427468290
4.0090000000,29.3277203936
4.0100000000,29.9442993803
4.0110000000,29.8779194303
4.0120000000,29.1295864993
4.0130000000,27.7158810096
4.0140000000,25.6686061388
4.0150000000,23.0340873101
4.0160000000,19.8721379544
4.0170000000,16.2547142976
4.0180000000,12.2642891251
4.0190000000,7.9919810079
4.0200000000,3.5354811993
4.0210000000,-1.0031748130
4.0220000000,-5.5199403976
4.0230000000,-9.9111422458
4.0240000000,-14.0758615947
4.0250000000,-17.9182574843
4.0260000000,-21.3497784851
4.0270000000,-24.2912117216
4.0280000000,-26.6745215988
4.0290000000,-28.4444353254
4.0300000000,-29.5597380230
4.0310000000,-29.9942467835
4.0320000000,-29.7374403396
4.0330000000,-28.7947288854
4.0340000000,-27.1873568385
4.0350000000,-24.9519397883
4.0360000000,-22.1396453315
4.0370000000,-18.8150357588
4.0380000000,-15.0545984342
4.0390000000,-10.9449970190
4.0400000000,-6.5810832602
4.0410000000,-2.0637147382
4.0420000000,2.5025713903
4.0430000000,7.0119751185
4.0440000000,11.3598849777
4.0450000000,15.4453072969
4.0460000000,19.1732168764
4.0470000000,22.4567742582
4.0480000000,25.2193577051
4.0490000000,27.3963621382
4.0500000000,28.9367225537
4.0510000000,29.8041257150
4.0520000000,29.9778810599
4.0530000000,29.4534296086
4.0540000000,28.2424780292
4.0550000000,26.3727537180
4.0560000000,23.8873855808
4.0570000000,20.8439239555
4.0580000000,17.3130215868
4.0590000000,13.3768055541
4.0600000000,9.1269773763
4.0610000000,4.6626849921
4.0620000000,0.0882157946
4.0630000000,-4.4894357541
4.0640000000,-8.9630692943
4.0650000000,-13.2277900980
4.0660000000,-17.1834720986
4.0670000000,-20.7371145130
4.0680000000,-23.8050364609
4.0690000000,-26.3148576125
4.0700000000,-28.2072177568
4.0710000000,-29.4371941687
4.0720000000,-29.9753826302
4.0730000000,-29.8086157642
4.0740000000,-28.9403007932
4.0750000000,-27.3903677432
4.0760000000,-25.1948282606
4.0770000000,-22.4049543935
4.0780000000,-19.0860956793
4.0790000000,-15.3161614762
4.0800000000,-11.1838034648
4.0810000000,-6.7863404384
4.0820000000,-2.2274737283
4.0830000000,2.3851532902
4.0840000000,6.9424943016
4.0850000000,11.3366779431
4.0860000000,15.4635635529
4.0870000000,19.2252141739
4.0880000000,22.5322279793
4.0890000000,25.3058724597
4.0900000000,27.4799702088
4.0910000000,29.0024908846
4.0920000000,29.8368107522
4.0930000000,29.9626089909
4.0940000000,29.3763784855
4.0950000000,28.0915379208
4.0960000000,26.1381414398
4.0970000000,23.5621916990
4.0980000000,20.4245716151
4.0990000000,16.7996192353
4.1000000000,12.7733787470
4.1010000000,8.4415684726
4.1020000000,3.9073135806
4.1030000000,-0.7213029911
4.1040000000,-5.3338133878
4.1050000000,-9.8200003148
4.1060000000,-14.0725322961
4.1070000000,-17.9895356781
4.1080000000,-21.4770416549
4.1090000000,-24.4512493925
4.1100000000,-26.8405505450
4.1110000000,-28.5872660033
4.1120000000,-29.6490524635
4.1130000000,-29.9999441880
4.1140000000,-29.6310039801
4.1150000000,-28.5505666961
4.1160000000,-26.7840683566
4.1170000000,-24.3734638568
4.1180000000,-21.3762461812
4.1190000000,-17.8640896567
4.1200000000,-13.9211488988
4.1210000000,-9.6420535013
4.1220000000,-5.1296459729
4.1230000000,-0.4925167693
4.1240000000,4.1576046714
4.1250000000,8.7085403176
4.1260000000,13.0503706271
4.1270000000,17.0780929797
4.1280000000,20.6941670926
4.1290000000,23.8108855756
4.1300000000,26.3525118218
4.1310000000,28.2571328772
4.1320000000,29.4781816701
4.1330000000,29.9855908468
4.1340000000,29.7665492704
4.1350000000,28.8258417834
4.1360000000,27.1857628849
4.1370000000,24.8856052844
4.1380000000,21.9807346214
4.1390000000,18.5412717312
4.1400000000,14.6504134405
4.1410000000,10.4024317686
4.1420000000,5.9003993564
4.1430000000,1.2536957610
4.1440000000,-3.4246452382
4.1450000000,-8.0206831126
4.1460000000,-12.4223461179
4.1470000000,-16.5221672733
4.1480000000,-20.2199139260
4.1490000000,-23.4250464291
4.1500000000,-26.0589454331
4.1510000000,-28.0568527547
4.1520000000,-29.3694776184
4.1530000000,-29.9642281004
4.1540000000,-29.8260366473
4.1550000000,-28.9577583895
4.1560000000,-27.3801313592
4.1570000000,-25.1312984321
4.1580000000,-22.2659015531
4.1590000000,-18.8537693327
4.1600000000,-14.9782291464
4.1610000000,-10.7340841860
4.1620000000,-6.2253042694
4.1630000000,-1.5624864019
4.1640000000,3.1398530797
4.1650000000,7.7660886152
4.1660000000,12.2023288909
4.1670000000,16.3392237456
4.1680000000,20.0746652702
4.1690000000,23.3163162479
4.1700000000,25.9839031363
4.1710000000,28.0112164003
4.1720000000,29.3477680541
4.1730000000,29.9600645793
4.1740000000,29.8324627576
4.1750000000,28.9675861651
4.1760000000,27.3862908747
4.1770000000,25.1271800252
4.1780000000,22.2456780894
4.1790000000,18.8126866045
4.1800000000,14.9128535729
4.1810000000,10.6424984138
4.1820000000,6.1072430220
4.1830000000,1.4194069390
4.1840000000,-3.3047693232
4.1850000000,-7.9480042954
4.1860000000,-12.3948876141
4.1870000000,-16.5347518268
4.1880000000,-20.2644324084
4.1890000000,-23.4908470193
4.1900000000,-26.1333293211
4.1910000000,-28.1256585786
4.1920000000,-29.4177336758
4.1930000000,-29.9768488810
4.1940000000,-29.7885384948
4.1950000000,-28.8569681761
4.1960000000,-27.2048619875
4.1970000000,-24.8729657655
4.1980000000,-21.9190590133
4.1990000000,-18.4165388365
4.2000000000,-14.4526102231
4.2010000000,-10.1261269260
4.2020000000,-5.5451360922
4.2030000000,-0.8241873678
4.2040000000,3.9185267000
4.2050000000,8.5641277067
4.2060000000,12.9960319597
4.2070000000,17.1028798294
4.2080000000,20.7813402002
4.2090000000,23.9387192428
4.2100000000,26.4953074351
4.2110000000,28.3864051318
4.2120000000,29.5639748902
4.2130000000,29.9978779916
4.2140000000,29.6766629368
4.2150000000,28.6078848859
4.2160000000,26.8179467663
4.2170000000,24.3514648087
4.2180000000,21.2701732788
4.2190000000,17.6513948474
4.2200000000,13.5861140927
4.2210000000,9.1767017729
4.2220000000,4.5343464777
4.2230000000,-0.2237421545
4.2240000000,-4.9772884912
4.2250000000,-9.6059898488
4.2260000000,-13.9925625852
4.2270000000,-18.0257181875
4.2280000000,-21.6029937367
4.2290000000,-24.6333645934
4.2300000000,-27.0395724509
4.2310000000,-28.7601089238
4.2320000000,-29.7508034028
4.2330000000,-29.9859738059
4.2340000000,-29.4591098410
4.2350000000,-28.1830701881
4.2360000000,-26.1897873254
4.2370000000,-23.5294862334
4.2380000000,-20.2694356146
4.2390000000,-16.4922622338
4.2400000000,-12.2938702156
4.2410000000,-7.7810173380
4.2420000000,-3.0686092768
4.2430000000,1.7232198633
4.2440000000,6.4721667221
4.2450000000,11.0568797592
4.2460000000,15.3600626079
4.2470000000,19.2714802923
4.2480000000,22.6907911379
4.2490000000,25.5301314286
4.2500000000,27.7163859753
4.2510000000,29.1930856064
4.2520000000,29.9218819704
4.2530000000,29.8835607361
4.2540000000,29.0785659990
4.2550000000,27.5270211677
4.2560000000,25.2682444954
4.2570000000,22.3597703990
4.2580000000,18.8759004488
4.2590000000,14.9058200840
4.2600000000,10.5513283923
4.2610000000,5.9242383977
4.2620000000,1.1435139672
4.2630000000,-3.6677835722
4.2640000000,-8.3856608774
4.2650000000,-12.8883887422
4.2660000000,-17.0596465665
4.2670000000,-20.7915338285
4.2680000000,-23.9873704401
4.2690000000,-26.5642130781
4.2700000000,-28.4550217093
4.2710000000,-29.6104193727
4.2720000000,-29.9999986356
4.2730000000,-29.6131397363
4.2740000000,-28.4593179659
4.2750000000,-26.5678910121
4.2760000000,-23.9873704401
4.2770000000,-20.7841948814
4.2780000000,-17.0410354836
4.2790000000,-12.8546764122
4.2800000000,-8.3335243632
4.2810000000,-3.5948108490
4.2820000000,1.2384407969
4.2830000000,6.0406054145
4.2840000000,10.6867204059
4.2850000000,15.0557397234
4.2860000000,19.0336926789
4.2870000000,22.5166650177
4.2880000000,25.4135240855
4.2890000000,27.6483163532
4.2900000000,29.1622738988
4.2910000000,29.9153764630
4.2920000000,29.8874271410
4.2930000000,29.0786123567
4.2940000000,27.5095301599
4.2950000000,25.2206847466
4.2960000000,22.2714590614
4.2970000000,18.7385910466
4.2980000000,14.7141921751
4.2990000000,10.3033590205
4.3000000000,5.6214394376
4.3010000000,0.7910241743
4.3020000000,-4.0612578473
4.3030000000,-8.8080569496
4.3040000000,-13.3246459761
4.3050000000,-17.4922016418
4.3060000000,-21.2009375352
4.3070000000,-24.3530059942
4.3080000000,-26.8650919058
4.3090000000,-28.6706293632
4.3100000000,-29.7215818362
4.3110000000,-29.9897378335
4.3120000000,-29.4674866688
4.3130000000,-28.1680525418
4.3140000000,-26.1251793807
4.3150000000,-23.3922733647
4.3160000000,-20.0410243930
4.3170000000,-16.1595415987
4.3180000000,-11.8500509585
4.3190000000,-7.2262147763
4.3200000000,-2.4101430040
4.3210000000,2.4708252672
4.3220000000,7.2874854921
4.3230000000,11.9121877746
4.3240000000,16.2222228720
4.3250000000,20.1030842134
4.3260000000,23.4515190648
4.3270000000,26.1782873134
4.3280000000,28.2105538598
4.3290000000,29.4938501243
4.3300000000,29.9935514315
4.3310000000,29.6958297551
4.3320000000,28.6080551425
4.3330000000,26.7586337355
4.3340000000,24.1962852718
4.3350000000,20.9887778956
4.3360000000,17.2211526266
4.3370000000,12.9934835439
4.3380000000,8.4182322656
4.3390000000,3.6172663140
4.3400000000,-1.2813798636
4.3410000000,-6.1469153326
4.3420000000,-10.8492838436
4.3430000000,-15.2626425853
4.3440000000,-19.2687354152
4.3450000000,-22.7600700144
4.3460000000,-25.6428133906
4.3470000000,-27.8393274448
4.3480000000,-29.2902757315
4.3490000000,-29.9562438353
4.3500000000,-29.8188286637
4.3510000000,-28.8811660786
4.3520000000,-27.1678812802
4.3530000000,-24.7244618178
4.3540000000,-21.6160686226
4.3550000000,-17.9258156142
4.3560000000,-13.7525628206
4.3570000000,-9.2082811809
4.3580000000,-4.4150589056
4.3590000000,0.4981708651
4.3600000000,5.3990936156
4.3610000000,10.1555753145
4.3620000000,14.6392267463
4.3630000000,18.7288741259
4.3640000000,22.3138420541
4.3650000000,25.2969596607
4.3660000000,27.5972079969
4.3670000000,29.1519361982
4.3680000000,29.9185853838
4.3690000000,29.8758724049
4.3700000000,29.0244000323
4.3710000000,27.3866756147
4.3720000000,25.0065362141
4.3730000000,21.9479943130
4.3740000000,18.2935339447
4.3750000000,14.1419021048
4.3760000000,9.6054541333
4.3770000000,4.8071240520
4.3780000000,-0.1228987609
4.3790000000,-5.0506969477
4.3800000000,-9.8422611758
4.3810000000,-14.3671361028
4.3820000000,-18.5019770762
4.3830000000,-22.1339204747
4.3840000000,-25.1636753922
4.3850000000,-27.5082516837
4.3860000000,-29.1032490654
4.3870000000,-29.9046437088
4.3880000000,-29.8900223023
4.3890000000,-29.0592284954
4.3900000000,-27.4344025914
4.3910000000,-25.0594118860
4.3920000000,-21.9986857044
4.3930000000,-18.3354855215
4.3940000000,-14.1696561009
4.3950000000,-9.6149179388
4.3960000000,-4.7957740445
4.3970000000,0.1558851260
4.3980000000,5.1043862376
4.3990000000,9.9139887833
4.4000000000,14.4526102231
4.4010000000,18.5954582931
4.4020000000,22.2284704676
4.4030000000,25.2514655626
4.4040000000,27.5809201082
4.4050000000,29.1522921766
4.4060000000,29.9218275848
4.4070000000,29.8677974490
4.4080000000,28.9911315836
4.4090000000,27.3154287834
4.4100000000,24.8863421530
4.4110000000,21.7703548804
4.4120000000,18.0529787212
4.4130000000,13.8364234915
4.4140000000,9.2368006246
4.4150000000,4.3809369055
4.4160000000,-0.5971144989
4.4170000000,-5.5597699687
4.4180000000,-10.3697165636
4.4190000000,-14.8937133932
4.4200000000,-19.0062879435
4.4210000000,-22.5932246791
4.4220000000,-25.5547486989
4.4230000000,-27.8083153920
4.4240000000,-29.2909277168
4.4250000000,-29.9609156034
4.4260000000,-29.7991267295
4.4270000000,-28.8094941258
4.4280000000,-27.0189632847
4.4290000000,-24.4767792128
4.4300000000,-21.2531516725
4.4310000000,-17.4373342226
4.4320000000,-13.1351690949
4.4330000000,-8.4661649798
4.4340000000,-3.5601880077
4.4350000000,1.4461427638
4.4360000000,6.4132555375
4.4370000000,11.2025160635
4.4380000000,15.6800996289
4.4390000000,19.7207365430
4.4400000000,23.2112261333
4.4410000000,26.0536204318
4.4420000000,28.1679876809
4.4430000000,29.4946772865
4.4440000000,29.9960215730
4.4450000000,29.6574252848
4.4460000000,28.4878107893
4.4470000000,26.5194049100
4.4480000000,23.8068717404
4.4490000000,20.4258141574
4.4500000000,16.4706845399
4.4510000000,12.0521619128
4.4520000000,7.2940678914
4.4530000000,2.3299069847
4.4540000000,-2.7008723773
4.4550000000,-7.6567915828
4.4560000000,-12.3983206127
4.4570000000,-16.7918099667
4.4580000000,-20.7132648529
4.4590000000,-24.0518548731
4.4600000000,-26.7130595862
4.4610000000,-28.6213603148
4.4620000000,-29.7224011041
4.4630000000,-29.9845565102
4.4640000000,-29.3998604703
4.4650000000,-27.9842684304
4.4660000000,-25.7772436783
4.4670000000,-22.8406779228
4.4680000000,-19.2571750260
4.4690000000,-15.1277449150
4.4700000000,-10.5689715407
4.4710000000,-5.7097338444
4.4720000000,-0.6875715908
4.4730000000,4.3552017280
4.4740000000,9.2755292458
4.4750000000,13.9336702692
4.4760000000,18.1971737996
4.4770000000,21.9446529188
4.4780000000,25.0692522593
4.4790000000,27.4817091990
4.4800000000,29.1129206884
4.4810000000,29.9159414376
4.4820000000,29.8673551679
4.4830000000,28.9679783248
4.4840000000,27.2428745615
4.4850000000,24.7406778892
4.4860000000,21.5322421108
4.4870000000,17.7086534326
4.4880000000,13.3786614393
4.4890000000,8.6656003937
4.4900000000,3.7038875958
4.4910000000,-1.3648021193
4.4920000000,-6.3955771156
4.4930000000,-11.2444698192
4.4940000000,-15.7725594076
4.4950000000,-19.8499582019
4.4960000000,-23.3595472025
4.4970000000,-26.2003530684
4.4980000000,-28.2904688164
4.4990000000,-29.5694333223
4.5000000000,-30.0000000000
4.5010000000,-29.5692423762
4.5020000000,-28.2889631763
4.5030000000,-26.1953934662
4.5040000000,-23.3481887673
4.5050000000,-19.8287493119
4.5060000000,-15.7379111352
4.5070000000,-11.1930729544
4.5080000000,-6.3248402234
4.5090000000,-1.2732819048
4.5100000000,3.8160930586
4.5110000000,8.7965241967
4.5120000000,13.5242324207
4.5130000000,17.8625752899
4.5140000000,21.6860044287
4.5150000000,24.8837102582
4.5160000000,27.3628479176
4.5170000000,29.0512500557
4.5180000000,29.8995467532
4.5190000000,29.8826297671
4.5200000000,29.0004170999
4.5210000000,27.2778940404
4.5220000000,24.7644277295
4.5230000000,21.5323733616
4.5240000000,17.6750107389
4.5250000000,13.3038694390
4.5260000000,8.5455187830
4.5270000000,3.5379145538
4.5280000000,-1.5735924382
4.5290000000,-6.6404707098
4.5300000000,-11.5153233350
4.5310000000,-16.0561787159
4.5320000000,-20.1306319190
4.5330000000,-23.6197155886
4.5340000000,-26.4213869893
4.5350000000,-28.4535285914
4.5360000000,-29.6563735105
4.5370000000,-29.9942836382
4.5380000000,-29.4568269933
4.5390000000,-28.0591211348
4.5400000000,-25.8414308259
4.5410000000,-22.8680299070
4.5420000000,-19.2253588766
4.5430000000,-15.0195303773
4.5440000000,-10.3732540188
4.5450000000,-5.4222691767
4.5460000000,-0.3113890722
4.5470000000,4.8097288721
4.5480000000,9.7909630544
4.5490000000,14.4861299810
4.5500000000,18.7572796901
4.5510000000,22.4787579494
4.5520000000,25.5409153571
4.5530000000,27.8533535073
4.5540000000,29.3476116785
4.5550000000,29.9792136830
4.5560000000,29.7290131107
4.5570000000,28.6037956802
4.5580000000,26.6361191672
4.5590000000,23.8833937896
4.5600000000,20.4262283236
4.5610000000,16.3660889483
4.5620000000,11.8223382273
4.5630000000,6.9287401209
4.5640000000,1.8295329327
4.5650000000,-3.3248148506
4.5660000000,-8.3820411713
4.5670000000,-13.1925887631
4.5680000000,-17.6140323659
4.5690000000,-21.5153036224
4.5700000000,-24.7805881009
4.5710000000,-27.3127782446
4.5720000000,-29.0363788747
4.5730000000,-29.8997778082
4.5740000000,-29.8768127332
4.5750000000,-28.9675861651
4.5760000000,-27.1985024915
4.5770000000,-24.6215241383
4.5780000000,-21.3126670800
4.5790000000,-17.3697785796
4.5800000000,-12.9096615104
4.5810000000,-8.0646292288
4.5820000000,-2.9785921517
4.5830000000,2.1972085769
4.5840000000,7.3086941087
4.5850000000,12.2035342694
4.5860000000,16.7356907965
4.5870000000,20.7697818427
4.5880000000,24.1851370980
4.5890000000,26.8794217502
4.5900000000,28.7717200353
4.5910000000,29.8049849632
4.5920000000,29.9477794877
4.5930000000,29.1952553621
4.5940000000,27.5693385788
4.5950000000,25.1181139437
4.5960000000,21.9144252985
4.5970000000,18.0537314434
4.5980000000,13.6512802282
4.5990000000,8.8386839032
4.6000000000,3.7599970069
4.6010000000,-1.4325867135
4.6020000000,-6.5832900914
4.6030000000,-11.5374248299
4.6040000000,-16.1460401960
4.6050000000,-20.2704083398
4.6060000000,-23.7862109775
4.6070000000,-26.5873007786
4.6080000000,-28.5889232430
4.6090000000,-29.7303007741
4.6100000000,-29.9764995929
4.6110000000,-29.3195215235
4.6120000000,-27.7785858908
4.6130000000,-25.3995910973
4.6140000000,-22.2537701739
4.6150000000,-18.4355789705
4.6160000000,-14.0598789355
4.6170000000,-9.2584979248
4.6180000000,-4.1762715126
4.6190000000,1.0333167240
4.6200000000,6.2127650081
4.6210000000,11.2053137741
4.6220000000,15.8596928607
4.6230000000,20.0347116527
4.6240000000,23.6035526993
4.6250000000,26.4576379305
4.6260000000,28.5099491925
4.6270000000,29.6977010497
4.6280000000,29.9842831764
4.6290000000,29.3604116163
4.6300000000,27.8444520534
4.6310000000,25.4819033036
4.6320000000,22.3440547425
4.6330000000,18.5258565548
4.6340000000,14.1430657588
4.6350000000,9.3287531894
4.6360000000,4.2292763269
4.6370000000,-1.0001605656
4.6380000000,-6.2002246126
4.6390000000,-11.2123075552
4.6400000000,-15.8833662660
4.6410000000,-20.0706027540
4.6420000000,-23.6458403491
4.6430000000,-26.4994616419
4.6440000000,-28.5437867723
4.6450000000,-29.7157874360
4.6460000000,-29.9790520096
4.6470000000,-29.3249398803
4.6480000000,-27.7728877182
4.6490000000,-25.3698563061
4.6500000000,-22.1889328494
4.6510000000,-18.3271296211
4.6520000000,-13.9024445648
4.6530000000,-9.0502723070
4.6540000000,-3.9192742215
4.6550000000,1.3331668979
4.6560000000,6.5457688814
4.6570000000,11.5583013823
4.6580000000,16.2165142810
4.6590000000,20.3768916261
4.6600000000,23.9110843865
4.6610000000,26.7098847758
4.6620000000,28.6866186437
4.6630000000,29.7798500242
4.6640000000,29.9553128382
4.6650000000,29.2070083535
4.6660000000,27.5574325726
4.6670000000,25.0569244841
4.6680000000,21.7821532336
4.6690000000,17.8337889302
4.6700000000,13.3334271601
4.6710000000,8.4198605527
4.6720000000,3.2448112049
4.6730000000,-2.0317452307
4.6740000000,-7.2465199764
4.6750000000,-12.2379636743
4.6760000000,-16.8512747373
4.6770000000,-20.9432081389
4.6780000000,-24.3865350291
4.6790000000,-27.0740139863
4.6800000000,-28.9217494862
4.6810000000,-29.8718318559
4.6820000000,-29.8941750097
4.6830000000,-28.9874929684
4.6840000000,-27.1793827776
4.6850000000,-24.5255091502
4.6860000000,-21.1079141036
4.6870000000,-17.0325021657
4.6880000000,-12.4257775487
4.6890000000,-7.4309332066
4.6900000000,-2.2034121773
4.6910000000,3.0939215996
4.6920000000,8.2958532334
4.6930000000,13.2399699146
4.6940000000,17.7717363138
4.6950000000,21.7493336084
4.6960000000,25.0481103534
4.6970000000,27.5645051235
4.6980000000,29.2193169937
4.6990000000,29.9602199922
4.7000000000,29.7634410394
4.7010000000,28.6345468671
4.7020000000,26.6083131800
4.7030000000,23.7476780180
4.7040000000,20.1418100014
4.7050000000,15.9033499980
4.7060000000,11.1649108559
4.7070000000,6.0749433754
4.7080000000,0.7930969026
4.7090000000,-4.5147808370
4.7100000000,-9.6818483049
4.7110000000,-14.5455158970
4.7120000000,-18.9525679043
4.7130000000,-22.7639991667
4.7140000000,-25.8594134333
4.7150000000,-28.1408438381
4.7160000000,-29.5358737246
4.7170000000,-29.9999577844
4.7180000000,-29.5178684251
4.7190000000,-28.1042196868
4.7200000000,-25.8030500175
4.7210000000,-22.6864748971
4.7220000000,-18.8524497234
4.7230000000,-14.4217116095
4.7240000000,-9.5339949034
4.7250000000,-4.3436384797
4.7260000000,0.9852775717
4.7270000000,6.2841129492
4.7280000000,11.3850024462
4.7290000000,16.1261768269
4.7300000000,20.3571005346
4.7310000000,23.9432628430
4.7320000000,26.7704696095
4.7330000000,28.7484982238
4.7340000000,29.8139981967
4.7350000000,29.9325434788
4.7360000000,29.0997693049
4.7370000000,27.3415552922
4.7380000000,24.7132467557
4.7390000000,21.2979367937
4.7400000000,17.2038616667
4.7410000000,12.5609903807
4.7420000000,7.5169152858
4.7430000000,2.2321730823
4.7440000000,-3.1248558582
4.7450000000,-8.3833080835
4.7460000000,-13.3752870551
4.7470000000,-17.9412287127
4.7480000000,-21.9350110009
4.7490000000,-25.2286434613
4.7500000000,-27.7163859753
4.7510000000,-29.3181635890
4.7520000000,-29.9821665171
4.7530000000,-29.6865502053
4.7540000000,-28.4401789227
4.7550000000,-26.2823868505
4.7560000000,-23.2817620552
4.7570000000,-19.5339900865
4.7580000000,-15.1588242102
4.7590000000,-10.2962775000
4.7600000000,-5.1021572583
4.7610000000,0.2569163067
4.7620000000,5.6088482635
4.7630000000,10.7815932043
4.7640000000,15.6086883143
4.7650000000,19.9346172538
4.7660000000,23.6198318032
4.7670000000,26.5452687732
4.7680000000,28.6162155008
4.7690000000,29.7653978469
4.7700000000,29.9551893385
4.7710000000,29.1788681750
4.7720000000,27.4608793414
4.7730000000,24.8560910794
4.7740000000,21.4480674153
4.7750000000,17.3464102970
4.7760000000,12.6832551153
4.7770000000,7.6090309867
4.7780000000,2.2876212684
4.7790000000,-3.1089204454
4.7800000000,-8.4059287822
4.7810000000,-13.4317800885
4.7820000000,-18.0234579807
4.7830000000,-22.0318503231
4.7840000000,-25.3266052220
4.7850000000,-27.8003874694
4.7860000000,-29.3723959006
4.7870000000,-29.9910257503
4.7880000000,-29.6355875591
4.7890000000,-28.3170245998
4.7900000000,-26.0776032047
4.7910000000,-22.9895837088
4.7920000000,-19.1529129246
4.7930000000,-14.6920110215
4.7940000000,-9.7517553812
4.7950000000,-4.4927904390
4.7960000000,0.9136851596
4.7970000000,6.2914853019
4.7980000000,11.4651762642
4.7990000000,16.2658027569
4.8000000000,20.5364131779
4.8010000000,24.1372031466
4.8020000000,26.9501083782
4.8030000000,28.8826954975
4.8040000000,29.8712219485
4.8050000000,29.8827629892
4.8060000000,28.9163340233
4.8070000000,27.0029692250
4.8080000000,24.2047514955
4.8090000000,20.6128231488
4.8100000000,16.3444402146
4.8110000000,11.5391647933
4.8120000000,6.3543184267
4.8130000000,0.9598440474
4.8140000000,-4.4672561168
4.8150000000,-9.7487249208
4.8160000000,-14.7109067459
4.8170000000,-19.1904635713
4.8180000000,-23.0397623305
4.8190000000,-26.1317555234
4.8200000000,-28.3641932548
4.8210000000,-29.6630264578
4.8220000000,-29.9848873295
4.8230000000,-29.3185631204
4.8240000000,-27.6854123861
4.8250000000,-25.1387075640
4.8260000000,-21.7619231277
4.8270000000,-17.6660234390
4.8280000000,-12.9858376040
4.8290000000,-7.8756390434
4.8300000000,-2.5040740957
4.8310000000,2.9513941127
4.8320000000,8.3103438098
4.8330000000,13.3953615289
4.8340000000,18.0379205371
4.8350000000,22.0839758176
4.8360000000,25.3990895496
4.8370000000,27.8729160963
4.8380000000,29.4228962981
4.8390000000,29.9970366987
4.8400000000,29.5756793767
4.8410000000,28.1722013204
4.8420000000,25.8326176851
4.8430000000,22.6340996328
4.8440000000,18.6824535735
4.8450000000,14.1086432992
4.8460000000,9.0644685708
4.8470000000,3.7175421050
4.8480000000,-1.7542693475
4.8490000000,-7.1687558382
4.8500000000,-12.3454307582
4.8510000000,-17.1115511445
4.8520000000,-21.3078908254
4.8530000000,-24.7940731851
4.8540000000,-27.4532845173
4.8550000000,-29.1962091417
4.8560000000,-29.9640530429
4.8570000000,-29.7305528992
4.8580000000,-28.5029010269
4.8590000000,-26.3215528462
4.8600000000,-23.2589207873
4.8610000000,-19.4169958525
4.8620000000,-14.9239740774
4.8630000000,-9.9299986890
4.8640000000,-4.6021586980
4.8650000000,0.8810900221
4.8660000000,6.3358953003
4.8670000000,11.5791713638
4.8680000000,16.4347471688
4.8690000000,20.7392938028
4.8700000000,24.3478312689
4.8710000000,27.1386285694
4.8720000000,29.0173309205
4.8730000000,29.9201734881
4.8740000000,29.8161714132
4.8750000000,28.7082100720
4.8760000000,26.6329963671
4.8770000000,23.6598701270
4.8780000000,19.8885131213
4.8790000000,15.4456304842
4.8800000000,10.4807142130
4.8810000000,5.1610296874
4.8820000000,-0.3340072301
4.8830000000,-5.8188739174
4.8840000000,-11.1082022172
4.8850000000,-16.0230459491
4.8860000000,-20.3969427192
4.8870000000,-24.0815644349
4.8880000000,-26.9517643142
4.8890000000,-28.9098481034
4.8900000000,-29.8889230497
4.8910000000,-29.8552090449
4.8920000000,-28.8092312426
4.8930000000,-26.7858511829
4.8940000000,-23.8531327622
4.8950000000,-20.1100789352
4.8960000000,-15.6833134867
4.8970000000,-10.7228182548
4.8980000000,-5.3968685863
4.8990000000,0.1136625503
4.9000000000,5.6214394376
4.9010000000,10.9390296638
4.9020000000,15.8852851297
4.9030000000,20.2915206997
4.9040000000,24.0072795083
4.9050000000,26.9054874636
4.9060000000,28.8868198025
4.9070000000,29.8831289606
4.9080000000,29.8598146652
4.9090000000,28.8170529598
4.9100000000,26.7898396280
4.9110000000,23.8468438820
4.9120000000,20.0881088436
4.9130000000,15.6416748838
4.9140000000,10.6592389404
4.9150000000,5.3109962315
4.9160000000,-0.2201608369
4.9170000000,-5.7448892854
4.9180000000,-11.0738746286
4.9190000000,-16.0243207927
4.9200000000,-20.4262283236
4.9210000000,-24.1282450030
4.9220000000,-27.0028870997
4.9230000000,-28.9509505616
4.9240000000,-29.9049588067
4.9250000000,-29.8315264778
4.9260000000,-28.7325554782
4.9270000000,-26.6452195494
4.9280000000,-23.6407352226
4.9290000000,-19.8219587462
4.9300000000,-15.3198891288
4.9310000000,-10.2891953291
4.9320000000,-4.9029195729
4.9330000000,0.6534624192
4.9340000000,6.1884208535
4.9350000000,11.5109717828
4.9360000000,16.4372701908
4.9370000000,20.7969685425
4.9380000000,24.4391206068
4.9390000000,27.2374254960
4.9400000000,29.0946291421
4.9410000000,29.9459290917
4.9420000000,29.7612625892
4.9430000000,28.5463962610
4.9440000000,26.3427770015
4.9450000000,23.2261464764
4.9460000000,19.3039645209
4.9470000000,14.7117281250
4.9480000000,9.6083112435
4.9490000000,4.1704849678
4.9500000000,-1.4131935213
4.9510000000,-6.9489123919
4.9520000000,-12.2443309975
4.9530000000,-17.1152667740
4.9540000000,-21.3921105987
4.9550000000,-24.9257468524
4.9560000000,-27.5927710737
4.9570000000,-29.2998220074
4.9580000000,-29.9868752139
4.9590000000,-29.6293811867
4.9600000000,-28.2391708973
4.9610000000,-25.8640944627
4.9620000000,-22.5864027386
4.9630000000,-18.5199255340
4.9640000000,-13.8061422982
4.9650000000,-8.6092800634
4.9660000000,-3.1106077664
4.9670000000,2.4978753952
4.9680000000,8.0201382094
4.9690000000,13.2629688399
4.9700000000,18.0427399310
4.9710000000,22.1918503947
4.9720000000,25.5646175516
4.9730000000,28.0424119674
4.9740000000,29.5378533287
4.9750000000,29.9979181544
4.9760000000,29.4058479265
4.9770000000,27.7817880287
4.9780000000,25.1821322634
4.9790000000,21.6975931142
4.9800000000,17.4500627477
4.9810000000,12.5883724262
4.9820000000,7.2830970188
4.9830000000,1.7205852759
4.9840000000,-3.9035757507
4.9850000000,-9.3914332953
4.9860000000,-14.5496371589
4.9870000000,-19.1962583710
4.9880000000,-23.1672175543
4.9890000000,-26.3220954536
4.9900000000,-28.5491192905
4.9910000000,-29.7691471617
4.9920000000,-29.9385076055
4.9930000000,-29.0505915304
4.9940000000,-27.1361375143
4.9950000000,-24.2621975185
4.9960000000,-20.5298166912
4.9970000000,-16.0705065123
4.9980000000,-11.0416334443
4.9990000000,-5.6208839662
