time (s),velocity (rpm)
0.0000000000,0.0000000000
0.0010000000,0.0001884956
0.0020000000,0.0007539822
0.0030000000,0.0016964600
0.0040000000,0.0030159289
0.0050000000,0.0047123890
0.0060000000,0.0067858401
0.0070000000,0.0092362823
0.0080000000,0.0120637155
0.0090000000,0.0152681396
0.0100000000,0.0188495547
0.0110000000,0.0228079605
0.0120000000,0.0271433568
0.0130000000,0.0318557435
0.0140000000,0.0369451203
0.0150000000,0.0424114867
0.0160000000,0.0482548424
0.0170000000,0.0544751867
0.0180000000,0.0610725190
0.0190000000,0.0680468385
0.0200000000,0.0753981443
0.0210000000,0.0831264352
0.0220000000,0.0912317100
0.0230000000,0.0997139672
0.0240000000,0.1085732051
0.0250000000,0.1178094217
0.0260000000,0.1274226149
0.0270000000,0.1374127822
0.0280000000,0.1477799208
0.0290000000,0.1585240276
0.0300000000,0.1696450992
0.0310000000,0.1811431317
0.0320000000,0.1930181209
0.0330000000,0.2052700622
0.0340000000,0.2178989505
0.0350000000,0.2309047801
0.0360000000,0.2442875450
0.0370000000,0.2580472384
0.0380000000,0.2721838532
0.0390000000,0.2866973815
0.0400000000,0.3015878147
0.0410000000,0.3168551438
0.0420000000,0.3324993587
0.0430000000,0.3485204490
0.0440000000,0.3649184031
0.0450000000,0.3816932087
0.0460000000,0.3988448529
0.0470000000,0.4163733215
0.0480000000,0.4342785996
0.0490000000,0.4525606712
0.0500000000,0.4712195194
0.0510000000,0.4902551260
0.0520000000,0.5096674720
0.0530000000,0.5294565369
0.0540000000,0.5496222993
0.0550000000,0.5701647363
0.0560000000,0.5910838239
0.0570000000,0.6123795366
0.0580000000,0.6340518475
0.0590000000,0.6561007284
0.0600000000,0.6785261495
0.0610000000,0.7013280794
0.0620000000,0.7245064851
0.0630000000,0.7480613321
0.0640000000,0.7719925840
0.0650000000,0.7963002026
0.0660000000,0.8209841481
0.0670000000,0.8460443787
0.0680000000,0.8714808505
0.0690000000,0.8972935178
0.0700000000,0.9234823328
0.0710000000,0.9500472455
0.0720000000,0.9769882037
0.0730000000,1.0043051531
0.0740000000,1.0319980370
0.0750000000,1.0600667963
0.0760000000,1.0885113695
0.0770000000,1.1173316924
0.0780000000,1.1465276986
0.0790000000,1.1760993188
0.0800000000,1.2060464809
0.0810000000,1.2363691102
0.0820000000,1.2670671292
0.0830000000,1.2981404573
0.0840000000,1.3295890109
0.0850000000,1.3614127034
0.0860000000,1.3936114452
0.0870000000,1.4261851432
0.0880000000,1.4591337011
0.0890000000,1.4924570193
0.0900000000,1.5261549947
0.0910000000,1.5602275207
0.0920000000,1.5946744871
0.0930000000,1.6294957799
0.0940000000,1.6646912813
0.0950000000,1.7002608700
0.0960000000,1.7362044203
0.0970000000,1.7725218028
0.0980000000,1.8092128838
0.0990000000,1.8462775255
0.1000000000,1.8837155859
0.1010000000,1.9215269185
0.1020000000,1.9597113723
0.1030000000,1.9982687921
0.1040000000,2.0371990176
0.1050000000,2.0765018840
0.1060000000,2.1161772219
0.1070000000,2.1562248566
0.1080000000,2.1966446086
0.1090000000,2.2374362933
0.1100000000,2.2785997210
0.1110000000,2.3201346965
0.1120000000,2.3620410194
0.1130000000,2.4043184837
0.1140000000,2.4469668779
0.1150000000,2.4899859848
0.1160000000,2.5333755815
0.1170000000,2.5771354390
0.1180000000,2.6212653227
0.1190000000,2.6657649915
0.1200000000,2.7106341984
0.1210000000,2.7558726900
0.1220000000,2.8014802065
0.1230000000,2.8474564817
0.1240000000,2.8938012427
0.1250000000,2.9405142099
0.1260000000,2.9875950969
0.1270000000,3.0350436103
0.1280000000,3.0828594499
0.1290000000,3.1310423079
0.1300000000,3.1795918698
0.1310000000,3.2285078133
0.1320000000,3.2777898087
0.1330000000,3.3274375189
0.1340000000,3.3774505989
0.1350000000,3.4278286958
0.1360000000,3.4785714489
0.1370000000,3.5296784895
0.1380000000,3.5811494405
0.1390000000,3.6329839167
0.1400000000,3.6851815244
0.1410000000,3.7377418613
0.1420000000,3.7906645166
0.1430000000,3.8439490706
0.1440000000,3.8975950946
0.1450000000,3.9516021512
0.1460000000,4.0059697935
0.1470000000,4.0606975656
0.1480000000,4.1157850019
0.1490000000,4.1712316276
0.1500000000,4.2270369581
0.1510000000,4.2832004990
0.1520000000,4.3397217460
0.1530000000,4.3966001848
0.1540000000,4.4538352909
0.1550000000,4.5114265296
0.1560000000,4.5693733556
0.1570000000,4.6276752132
0.1580000000,4.6863315360
0.1590000000,4.7453417467
0.1600000000,4.8047052571
0.1610000000,4.8644214678
0.1620000000,4.9244897684
0.1630000000,4.9849095369
0.1640000000,5.0456801400
0.1650000000,5.1068009326
0.1660000000,5.1682712580
0.1670000000,5.2300904474
0.1680000000,5.2922578201
0.1690000000,5.3547726833
0.1700000000,5.4176343316
0.1710000000,5.4808420473
0.1720000000,5.5443951001
0.1730000000,5.6082927469
0.1740000000,5.6725342318
0.1750000000,5.7371187858
0.1760000000,5.8020456266
0.1770000000,5.8673139588
0.1780000000,5.9329229734
0.1790000000,5.9988718479
0.1800000000,6.0651597459
0.1810000000,6.1317858172
0.1820000000,6.1987491975
0.1830000000,6.2660490084
0.1840000000,6.3336843570
0.1850000000,6.4016543359
0.1860000000,6.4699580234
0.1870000000,6.5385944825
0.1880000000,6.6075627617
0.1890000000,6.6768618942
0.1900000000,6.7464908980
0.1910000000,6.8164487756
0.1920000000,6.8867345142
0.1930000000,6.9573470851
0.1940000000,7.0282854438
0.1950000000,7.0995485298
0.1960000000,7.1711352666
0.1970000000,7.2430445613
0.1980000000,7.3152753043
0.1990000000,7.3878263698
0.2000000000,7.4606966149
0.2010000000,7.5338848801
0.2020000000,7.6073899884
0.2030000000,7.6812107461
0.2040000000,7.7553459415
0.2050000000,7.8297943459
0.2060000000,7.9045547127
0.2070000000,7.9796257773
0.2080000000,8.0550062572
0.2090000000,8.1306948519
0.2100000000,8.2066902424
0.2110000000,8.2829910911
0.2120000000,8.3595960419
0.2130000000,8.4365037201
0.2140000000,8.5137127316
0.2150000000,8.5912216636
0.2160000000,8.6690290838
0.2170000000,8.7471335405
0.2180000000,8.8255335624
0.2190000000,8.9042276585
0.2200000000,8.9832143179
0.2210000000,9.0624920096
0.2220000000,9.1420591824
0.2230000000,9.2219142646
0.2240000000,9.3020556641
0.2250000000,9.3824817681
0.2260000000,9.4631909428
0.2270000000,9.5441815335
0.2280000000,9.6254518644
0.2290000000,9.7070002380
0.2300000000,9.7888249358
0.2310000000,9.8709242172
0.2320000000,9.9532963201
0.2330000000,10.0359394602
0.2340000000,10.1188518312
0.2350000000,10.2020316046
0.2360000000,10.2854769291
0.2370000000,10.3691859312
0.2380000000,10.4531567144
0.2390000000,10.5373873594
0.2400000000,10.6218759236
0.2410000000,10.7066204414
0.2420000000,10.7916189237
0.2430000000,10.8768693579
0.2440000000,10.9623697077
0.2450000000,11.0481179127
0.2460000000,11.1341118889
0.2470000000,11.2203495278
0.2480000000,11.3068286967
0.2490000000,11.3935472384
0.2500000000,11.4805029710
0.2510000000,11.5676936878
0.2520000000,11.6551171574
0.2530000000,11.7427711229
0.2540000000,11.8306533025
0.2550000000,11.9187613888
0.2560000000,12.0070930490
0.2570000000,12.0956459244
0.2580000000,12.1844176305
0.2590000000,12.2734057570
0.2600000000,12.3626078672
0.2610000000,12.4520214981
0.2620000000,12.5416441606
0.2630000000,12.6314733385
0.2640000000,12.7215064892
0.2650000000,12.8117410430
0.2660000000,12.9021744035
0.2670000000,12.9928039468
0.2680000000,13.0836270218
0.2690000000,13.1746409499
0.2700000000,13.2658430250
0.2710000000,13.3572305131
0.2720000000,13.4488006525
0.2730000000,13.5405506533
0.2740000000,13.6324776976
0.2750000000,13.7245789391
0.2760000000,13.8168515031
0.2770000000,13.9092924864
0.2780000000,14.0018989570
0.2790000000,14.0946679540
0.2800000000,14.1875964878
0.2810000000,14.2806815396
0.2820000000,14.3739200612
0.2830000000,14.4673089752
0.2840000000,14.5608451748
0.2850000000,14.6545255235
0.2860000000,14.7483468551
0.2870000000,14.8423059734
0.2880000000,14.9363996525
0.2890000000,15.0306246363
0.2900000000,15.1249776384
0.2910000000,15.2194553423
0.2920000000,15.3140544007
0.2930000000,15.4087714361
0.2940000000,15.5036030401
0.2950000000,15.5985457738
0.2960000000,15.6935961670
0.2970000000,15.7887507189
0.2980000000,15.8840058973
0.2990000000,15.9793581390
0.3000000000,16.0748038494
0.3010000000,16.1703394024
0.3020000000,16.2659611407
0.3030000000,16.3616653750
0.3040000000,16.4574483845
0.3050000000,16.5533064167
0.3060000000,16.6492356869
0.3070000000,16.7452323788
0.3080000000,16.8412926436
0.3090000000,16.9374126008
0.3100000000,17.0335883373
0.3110000000,17.1298159079
0.3120000000,17.2260913348
0.3130000000,17.3224106080
0.3140000000,17.4187696846
0.3150000000,17.5151644894
0.3160000000,17.6115909142
0.3170000000,17.7080448182
0.3180000000,17.8045220279
0.3190000000,17.9010183365
0.3200000000,17.9975295045
0.3210000000,18.0940512595
0.3220000000,18.1905792957
0.3230000000,18.2871092743
0.3240000000,18.3836368235
0.3250000000,18.4801575379
0.3260000000,18.5766669791
0.3270000000,18.6731606751
0.3280000000,18.7696341209
0.3290000000,18.8660827778
0.3300000000,18.9625020737
0.3310000000,19.0588874030
0.3320000000,19.1552341266
0.3330000000,19.2515375720
0.3340000000,19.3477930329
0.3350000000,19.4439957695
0.3360000000,19.5401410084
0.3370000000,19.6362239425
0.3380000000,19.7322397313
0.3390000000,19.8281835003
0.3400000000,19.9240503415
0.3410000000,20.0198353133
0.3420000000,20.1155334403
0.3430000000,20.2111397136
0.3440000000,20.3066490904
0.3450000000,20.4020564944
0.3460000000,20.4973568157
0.3470000000,20.5925449107
0.3480000000,20.6876156021
0.3490000000,20.7825636793
0.3500000000,20.8773838978
0.3510000000,20.9720709797
0.3520000000,21.0666196138
0.3530000000,21.1610244550
0.3540000000,21.2552801253
0.3550000000,21.3493812129
0.3560000000,21.4433222728
0.3570000000,21.5370978269
0.3580000000,21.6307023635
0.3590000000,21.7241303380
0.3600000000,21.8173761727
0.3610000000,21.9104342568
0.3620000000,22.0032989464
0.3630000000,22.0959645650
0.3640000000,22.1884254029
0.3650000000,22.2806757180
0.3660000000,22.3727097353
0.3670000000,22.4645216475
0.3680000000,22.5561056147
0.3690000000,22.6474557644
0.3700000000,22.7385661924
0.3710000000,22.8294309617
0.3720000000,22.9200441038
0.3730000000,23.0103996180
0.3740000000,23.1004914717
0.3750000000,23.1903136009
0.3760000000,23.2798599098
0.3770000000,23.3691242715
0.3780000000,23.4581005274
0.3790000000,23.5467824880
0.3800000000,23.6351639330
0.3810000000,23.7232386109
0.3820000000,23.8110002397
0.3830000000,23.8984425070
0.3840000000,23.9855590698
0.3850000000,24.0723435552
0.3860000000,24.1587895602
0.3870000000,24.2448906518
0.3880000000,24.3306403678
0.3890000000,24.4160322160
0.3900000000,24.5010596756
0.3910000000,24.5857161963
0.3920000000,24.6699951991
0.3930000000,24.7538900765
0.3940000000,24.8373941925
0.3950000000,24.9205008830
0.3960000000,25.0032034558
0.3970000000,25.0854951913
0.3980000000,25.1673693421
0.3990000000,25.2488191339
0.4000000000,25.3298377651
0.4010000000,25.4104184076
0.4020000000,25.4905542068
0.4030000000,25.5702382819
0.4040000000,25.6494637263
0.4050000000,25.7282236076
0.4060000000,25.8065109681
0.4070000000,25.8843188251
0.4080000000,25.9616401711
0.4090000000,26.0384679741
0.4100000000,26.1147951780
0.4110000000,26.1906147029
0.4120000000,26.2659194453
0.4130000000,26.3407022784
0.4140000000,26.4149560528
0.4150000000,26.4886735965
0.4160000000,26.5618477150
0.4170000000,26.6344711925
0.4180000000,26.7065367912
0.4190000000,26.7780372526
0.4200000000,26.8489652971
0.4210000000,26.9193136251
0.4220000000,26.9890749166
0.4230000000,27.0582418323
0.4240000000,27.1268070135
0.4250000000,27.1947630828
0.4260000000,27.2621026444
0.4270000000,27.3288182843
0.4280000000,27.3949025713
0.4290000000,27.4603480565
0.4300000000,27.5251472749
0.4310000000,27.5892927448
0.4320000000,27.6527769686
0.4330000000,27.7155924337
0.4340000000,27.7777316123
0.4350000000,27.8391869621
0.4360000000,27.8999509270
0.4370000000,27.9600159371
0.4380000000,28.0193744098
0.4390000000,28.0780187497
0.4400000000,28.1359413495
0.4410000000,28.1931345902
0.4420000000,28.2495908421
0.4430000000,28.3053024646
0.4440000000,28.3602618073
0.4450000000,28.4144612104
0.4460000000,28.4678930052
0.4470000000,28.5205495144
0.4480000000,28.5724230532
0.4490000000,28.6235059293
0.4500000000,28.6737904439
0.4510000000,28.7232688920
0.4520000000,28.7719335630
0.4530000000,28.8197767415
0.4540000000,28.8667907077
0.4550000000,28.9129677380
0.4560000000,28.9583001057
0.4570000000,29.0027800816
0.4580000000,29.0463999346
0.4590000000,29.0891519322
0.4600000000,29.1310283416
0.4610000000,29.1720214297
0.4620000000,29.2121234641
0.4630000000,29.2513267140
0.4640000000,29.2896234501
0.4650000000,29.3270059463
0.4660000000,29.3634664795
0.4670000000,29.3989973308
0.4680000000,29.4335907858
0.4690000000,29.4672391358
0.4700000000,29.4999346782
0.4710000000,29.5316697170
0.4720000000,29.5624365640
0.4730000000,29.5922275394
0.4740000000,29.6210349721
0.4750000000,29.6488512011
0.4760000000,29.6756685758
0.4770000000,29.7014794569
0.4780000000,29.7262762172
0.4790000000,29.7500512424
0.4800000000,29.7727969316
0.4810000000,29.7945056986
0.4820000000,29.8151699722
0.4830000000,29.8347821972
0.4840000000,29.8533348353
0.4850000000,29.8708203657
0.4860000000,29.8872312862
0.4870000000,29.9025601139
0.4880000000,29.9167993857
0.4890000000,29.9299416598
0.4900000000,29.9419795161
0.4910000000,29.9529055571
0.4920000000,29.9627124088
0.4930000000,29.9713927219
0.4940000000,29.9789391719
0.4950000000,29.9853444608
0.4960000000,29.9906013175
0.4970000000,29.9947024991
0.4980000000,29.9976407912
0.4990000000,29.9994090094
0.5000000000,30.0000000000
0.5010000000,29.9994066407
0.5020000000,29.9976218421
0.5030000000,29.9946385478
0.5040000000,29.9904497364
0.5050000000,29.9850484213
0.5060000000,29.9784276528
0.5070000000,29.9705805180
0.5080000000,29.9615001425
0.5090000000,29.9511796913
0.5100000000,29.9396123694
0.5110000000,29.9267914231
0.5120000000,29.9127101410
0.5130000000,29.8973618547
0.5140000000,29.8807399402
0.5150000000,29.8628378187
0.5160000000,29.8436489578
0.5170000000,29.8231668721
0.5180000000,29.8013851248
0.5190000000,29.7782973282
0.5200000000,29.7538971452
0.5210000000,29.7281782900
0.5220000000,29.7011345295
0.5230000000,29.6727596840
0.5240000000,29.6430476284
0.5250000000,29.6119922934
0.5260000000,29.5795876663
0.5270000000,29.5458277926
0.5280000000,29.5107067765
0.5290000000,29.4742187821
0.5300000000,29.4363580348
0.5310000000,29.3971188223
0.5320000000,29.3564954955
0.5330000000,29.3144824697
0.5340000000,29.2710742260
0.5350000000,29.2262653119
0.5360000000,29.1800503429
0.5370000000,29.1324240033
0.5380000000,29.0833810476
0.5390000000,29.0329163013
0.5400000000,28.9810246624
0.5410000000,28.9277011024
0.5420000000,28.8729406674
0.5430000000,28.8167384793
0.5440000000,28.7590897369
0.5450000000,28.6999897171
0.5460000000,28.6394337761
0.5470000000,28.5774173506
0.5480000000,28.5139359589
0.5490000000,28.4489852020
0.5500000000,28.3825607648
0.5510000000,28.3146584176
0.5520000000,28.2452740167
0.5530000000,28.1744035062
0.5540000000,28.1020429186
0.5550000000,28.0281883765
0.5560000000,27.9528360935
0.5570000000,27.8759823755
0.5580000000,27.7976236217
0.5590000000,27.7177563263
0.5600000000,27.6363770789
0.5610000000,27.5534825666
0.5620000000,27.4690695745
0.5630000000,27.3831349873
0.5640000000,27.2956757902
0.5650000000,27.2066890706
0.5660000000,27.1161720185
0.5670000000,27.0241219287
0.5680000000,26.9305362011
0.5690000000,26.8354123427
0.5700000000,26.7387479681
0.5710000000,26.6405408011
0.5720000000,26.5407886759
0.5730000000,26.4394895383
0.5740000000,26.3366414467
0.5750000000,26.2322425736
0.5760000000,26.1262912066
0.5770000000,26.0187857497
0.5780000000,25.9097247244
0.5790000000,25.7991067713
0.5800000000,25.6869306505
0.5810000000,25.5731952438
0.5820000000,25.4578995550
0.5830000000,25.3410427116
0.5840000000,25.2226239660
0.5850000000,25.1026426965
0.5860000000,24.9810984086
0.5870000000,24.8579907360
0.5880000000,24.7333194422
0.5890000000,24.6070844212
0.5900000000,24.4792856991
0.5910000000,24.3499234349
0.5920000000,24.2189979218
0.5930000000,24.0865095888
0.5940000000,23.9524590010
0.5950000000,23.8168468615
0.5960000000,23.6796740124
0.5970000000,23.5409414355
0.5980000000,23.4006502541
0.5990000000,23.2588017337
0.6000000000,23.1153972833
0.6010000000,22.9704384564
0.6020000000,22.8239269524
0.6030000000,22.6758646174
0.6040000000,22.5262534454
0.6050000000,22.3750955797
0.6060000000,22.2223933134
0.6070000000,22.0681490912
0.6080000000,21.9123655098
0.6090000000,21.7550453196
0.6100000000,21.5961914252
0.6110000000,21.4358068870
0.6120000000,21.2738949217
0.6130000000,21.1104589038
0.6140000000,20.9455023666
0.6150000000,20.7790290028
0.6160000000,20.6110426660
0.6170000000,20.4415473715
0.6180000000,20.2705472973
0.6190000000,20.0980467852
0.6200000000,19.9240503415
0.6210000000,19.7485626384
0.6220000000,19.5715885145
0.6230000000,19.3931329762
0.6240000000,19.2132011983
0.6250000000,19.0317985249
0.6260000000,18.8489304707
0.6270000000,18.6646027216
0.6280000000,18.4788211354
0.6290000000,18.2915917433
0.6300000000,18.1029207502
0.6310000000,17.9128145356
0.6320000000,17.7212796549
0.6330000000,17.5283228396
0.6340000000,17.3339509987
0.6350000000,17.1381712190
0.6360000000,16.9409907662
0.6370000000,16.7424170857
0.6380000000,16.5424578030
0.6390000000,16.3411207247
0.6400000000,16.1384138395
0.6410000000,15.9343453183
0.6420000000,15.7289235153
0.6430000000,15.5221569686
0.6440000000,15.3140544007
0.6450000000,15.1046247195
0.6460000000,14.8938770186
0.6470000000,14.6818205781
0.6480000000,14.4684648650
0.6490000000,14.2538195340
0.6500000000,14.0378944278
0.6510000000,13.8206995780
0.6520000000,13.6022452052
0.6530000000,13.3825417199
0.6540000000,13.1615997226
0.6550000000,12.9394300046
0.6560000000,12.7160435482
0.6570000000,12.4914515273
0.6580000000,12.2656653076
0.6590000000,12.0386964472
0.6600000000,11.8105566968
0.6610000000,11.5812580001
0.6620000000,11.3508124942
0.6630000000,11.1192325097
0.6640000000,10.8865305711
0.6650000000,10.6527193970
0.6660000000,10.4178119006
0.6670000000,10.1818211892
0.6680000000,9.9447605654
0.6690000000,9.7066435262
0.6700000000,9.4674837641
0.6710000000,9.2272951663
0.6720000000,8.9860918155
0.6730000000,8.7438879897
0.6740000000,8.5006981622
0.6750000000,8.2565370016
0.6760000000,8.0114193718
0.6770000000,7.7653603320
0.6780000000,7.5183751368
0.6790000000,7.2704792357
0.6800000000,7.0216882733
0.6810000000,6.7720180890
0.6820000000,6.5214847169
0.6830000000,6.2701043858
0.6840000000,6.0178935184
0.6850000000,5.7648687317
0.6860000000,5.5110468361
0.6870000000,5.2564448358
0.6880000000,5.0010799276
0.6890000000,4.7449695013
0.6900000000,4.4881311389
0.6910000000,4.2305826142
0.6920000000,3.9723418924
0.6930000000,3.7134271296
0.6940000000,3.4538566723
0.6950000000,3.1936490567
0.6960000000,2.9328230084
0.6970000000,2.6713974415
0.6980000000,2.4093914581
0.6990000000,2.1468243476
0.7000000000,1.8837155859
0.7010000000,1.6200848348
0.7020000000,1.3559519412
0.7030000000,1.0913369362
0.7040000000,0.8262600344
0.7050000000,0.5607416327
0.7060000000,0.2948023098
0.7070000000,0.0284628252
0.7080000000,-0.2382558822
0.7090000000,-0.5053326945
0.7100000000,-0.7727463163
0.7110000000,-1.0404752756
0.7120000000,-1.3084979249
0.7130000000,-1.5767924424
0.7140000000,-1.8453368333
0.7150000000,-2.1141089306
0.7160000000,-2.3830863969
0.7170000000,-2.6522467254
0.7180000000,-2.9215672410
0.7190000000,-3.1910251022
0.7200000000,-3.4605973022
0.7210000000,-3.7302606703
0.7220000000,-3.9999918733
0.7230000000,-4.2697674172
0.7240000000,-4.5395636489
0.7250000000,-4.8093567573
0.7260000000,-5.0791227752
0.7270000000,-5.3488375811
0.7280000000,-5.6184769006
0.7290000000,-5.8880163084
0.7300000000,-6.1574312298
0.7310000000,-6.4266969426
0.7320000000,-6.6957885794
0.7330000000,-6.9646811285
0.7340000000,-7.2333494368
0.7350000000,-7.5017682113
0.7360000000,-7.7699120212
0.7370000000,-8.0377552998
0.7380000000,-8.3052723467
0.7390000000,-8.5724373300
0.7400000000,-8.8392242884
0.7410000000,-9.1056071333
0.7420000000,-9.3715596510
0.7430000000,-9.6370555052
0.7440000000,-9.9020682392
0.7450000000,-10.1665712781
0.7460000000,-10.4305379317
0.7470000000,-10.6939413960
0.7480000000,-10.9567547568
0.7490000000,-11.2189509912
0.7500000000,-11.4805029710
0.7510000000,-11.7413834645
0.7520000000,-12.0015651399
0.7530000000,-12.2610205673
0.7540000000,-12.5197222219
0.7550000000,-12.7776424864
0.7560000000,-13.0347536540
0.7570000000,-13.2910279313
0.7580000000,-13.5464374409
0.7590000000,-13.8009542244
0.7600000000,-14.0545502454
0.7610000000,-14.3071973927
0.7620000000,-14.5588674828
0.7630000000,-14.8095322634
0.7640000000,-15.0591634164
0.7650000000,-15.3077325610
0.7660000000,-15.5552112569
0.7670000000,-15.8015710074
0.7680000000,-16.0467832629
0.7690000000,-16.2908194241
0.7700000000,-16.5336508451
0.7710000000,-16.7752488372
0.7720000000,-17.0155846720
0.7730000000,-17.2546295850
0.7740000000,-17.4923547789
0.7750000000,-17.7287314274
0.7760000000,-17.9637306786
0.7770000000,-18.1973236585
0.7780000000,-18.4294814750
0.7790000000,-18.6601752212
0.7800000000,-18.8893759791
0.7810000000,-19.1170548237
0.7820000000,-19.3431828267
0.7830000000,-19.5677310598
0.7840000000,-19.7906705994
0.7850000000,-20.0119725297
0.7860000000,-20.2316079472
0.7870000000,-20.4495479644
0.7880000000,-20.6657637138
0.7890000000,-20.8802263520
0.7900000000,-21.0929070637
0.7910000000,-21.3037770658
0.7920000000,-21.5128076118
0.7930000000,-21.7199699953
0.7940000000,-21.9252355551
0.7950000000,-22.1285756787
0.7960000000,-22.3299618067
0.7970000000,-22.5293654375
0.7980000000,-22.7267581313
0.7990000000,-22.9221115142
0.8000000000,-23.1153972833
0.8010000000,-23.3065872103
0.8020000000,-23.4956531466
0.8030000000,-23.6825670275
0.8040000000,-23.8673008765
0.8050000000,-24.0498268103
0.8060000000,-24.2301170430
0.8070000000,-24.4081438907
0.8080000000,-24.5838797764
0.8090000000,-24.7572972343
0.8100000000,-24.9283689147
0.8110000000,-25.0970675883
0.8120000000,-25.2633661516
0.8130000000,-25.4272376311
0.8140000000,-25.5886551880
0.8150000000,-25.7475921235
0.8160000000,-25.9040218831
0.8170000000,-26.0579180616
0.8180000000,-26.2092544080
0.8190000000,-26.3580048303
0.8200000000,-26.5041434006
0.8210000000,-26.6476443595
0.8220000000,-26.7884821217
0.8230000000,-26.9266312803
0.8240000000,-27.0620666122
0.8250000000,-27.1947630828
0.8260000000,-27.3246958513
0.8270000000,-27.4518402754
0.8280000000,-27.5761719165
0.8290000000,-27.6976665446
0.8300000000,-27.8163001434
0.8310000000,-27.9320489156
0.8320000000,-28.0448892876
0.8330000000,-28.1547979147
0.8340000000,-28.2617516862
0.8350000000,-28.3657277307
0.8360000000,-28.4667034210
0.8370000000,-28.5646563789
0.8380000000,-28.6595644812
0.8390000000,-28.7514058639
0.8400000000,-28.8401589278
0.8410000000,-28.9258023437
0.8420000000,-29.0083150573
0.8430000000,-29.0876762944
0.8440000000,-29.1638655661
0.8450000000,-29.2368626740
0.8460000000,-29.3066477150
0.8470000000,-29.3732010870
0.8480000000,-29.4365034935
0.8490000000,-29.4965359492
0.8500000000,-29.5532797846
0.8510000000,-29.6067166517
0.8520000000,-29.6568285285
0.8530000000,-29.7035977248
0.8540000000,-29.7470068866
0.8550000000,-29.7870390018
0.8560000000,-29.8236774048
0.8570000000,-29.8569057819
0.8580000000,-29.8867081761
0.8590000000,-29.9130689926
0.8600000000,-29.9359730030
0.8610000000,-29.9554053512
0.8620000000,-29.9713515580
0.8630000000,-29.9837975258
0.8640000000,-29.9927295440
0.8650000000,-29.9981342940
0.8660000000,-29.9999988535
0.8670000000,-29.9983107022
0.8680000000,-29.9930577259
0.8690000000,-29.9842282219
0.8700000000,-29.9718109038
0.8710000000,-29.9557949057
0.8720000000,-29.9361697878
0.8730000000,-29.9129255405
0.8740000000,-29.8860525895
0.8750000000,-29.8555418002
0.8760000000,-29.8213844824
0.8770000000,-29.7835723953
0.8780000000,-29.7420977513
0.8790000000,-29.6969532212
0.8800000000,-29.6481319386
0.8810000000,-29.5956275039
0.8820000000,-29.5394339894
0.8830000000,-29.4795459432
0.8840000000,-29.4159583937
0.8850000000,-29.3486668537
0.8860000000,-29.2776673250
0.8870000000,-29.2029563026
0.8880000000,-29.1245307782
0.8890000000,-29.0423882451
0.8900000000,-28.9565267020
0.8910000000,-28.8669446567
0.8920000000,-28.7736411305
0.8930000000,-28.6766156618
0.8940000000,-28.5758683100
0.8950000000,-28.4713996594
0.8960000000,-28.3632108229
0.8970000000,-28.2513034454
0.8980000000,-28.1356797079
0.8990000000,-28.0163423306
0.9000000000,-27.8932945766
0.9010000000,-27.7665402555
0.9020000000,-27.6360837261
0.9030000000,-27.5019299006
0.9040000000,-27.3640842471
0.9050000000,-27.2225527930
0.9060000000,-27.0773421282
0.9070000000,-26.9284594079
0.9080000000,-26.7759123558
0.9090000000,-26.6197092665
0.9100000000,-26.4598590088
0.9110000000,-26.2963710282
0.9120000000,-26.1292553494
0.9130000000,-25.9585225791
0.9140000000,-25.7841839082
0.9150000000,-25.6062511144
0.9160000000,-25.4247365643
0.9170000000,-25.2396532161
0.9180000000,-25.0510146210
0.9190000000,-24.8588349258
0.9200000000,-24.6631288746
0.9210000000,-24.4639118108
0.9220000000,-24.2611996789
0.9230000000,-24.0550090259
0.9240000000,-23.8453570033
0.9250000000,-23.6322613682
0.9260000000,-23.4157404851
0.9270000000,-23.1958133268
0.9280000000,-22.9724994758
0.9290000000,-22.7458191255
0.9300000000,-22.5157930811
0.9310000000,-22.2824427603
0.9320000000,-22.0457901944
0.9330000000,-21.8058580290
0.9340000000,-21.5626695241
0.9350000000,-21.3162485554
0.9360000000,-21.0666196138
0.9370000000,-20.8138078062
0.9380000000,-20.5578388557
0.9390000000,-20.2987391013
0.9400000000,-20.0365354978
0.9410000000,-19.7712556160
0.9420000000,-19.5029276423
0.9430000000,-19.2315803779
0.9440000000,-18.9572432386
0.9450000000,-18.6799462543
0.9460000000,-18.3997200678
0.9470000000,-18.1165959340
0.9480000000,-17.8306057193
0.9490000000,-17.5417819000
0.9500000000,-17.2501575613
0.9510000000,-16.9557663957
0.9520000000,-16.6586427016
0.9530000000,-16.3588213819
0.9540000000,-16.0563379419
0.9550000000,-15.7512284875
0.9560000000,-15.4435297232
0.9570000000,-15.1332789502
0.9580000000,-14.8205140637
0.9590000000,-14.5052735508
0.9600000000,-14.1875964878
0.9610000000,-13.8675225377
0.9620000000,-13.5450919472
0.9630000000,-13.2203455439
0.9640000000,-12.8933247332
0.9650000000,-12.5640714950
0.9660000000,-12.2326283807
0.9670000000,-11.8990385092
0.9680000000,-11.5633455637
0.9690000000,-11.2255937877
0.9700000000,-10.8858279812
0.9710000000,-10.5440934969
0.9720000000,-10.2004362356
0.9730000000,-9.8549026422
0.9740000000,-9.5075397011
0.9750000000,-9.1583949317
0.9760000000,-8.8075163836
0.9770000000,-8.4549526319
0.9780000000,-8.1007527718
0.9790000000,-7.7449664141
0.9800000000,-7.3876436791
0.9810000000,-7.0288351917
0.9820000000,-6.6685920759
0.9830000000,-6.3069659485
0.9840000000,-5.9440089138
0.9850000000,-5.5797735574
0.9860000000,-5.2143129399
0.9870000000,-4.8476805908
0.9880000000,-4.4799305019
0.9890000000,-4.1111171208
0.9900000000,-3.7412953444
0.9910000000,-3.3705205115
0.9920000000,-2.9988483961
0.9930000000,-2.6263352004
0.9940000000,-2.2530375472
0.9950000000,-1.8790124725
0.9960000000,-1.5043174181
0.9970000000,-1.1290102236
0.9980000000,-0.7531491189
0.9990000000,-0.3767927158
1.0000000000,-0.0000000000
1.0010000000,0.3771696772
1.0020000000,0.7546566072
1.0030000000,1.1324007329
1.0040000000,1.5103416575
1.0050000000,1.8884186528
1.0060000000,2.2665706689
1.0070000000,2.6447363428
1.0080000000,3.0228540081
1.0090000000,3.4008617040
1.0100000000,3.7786971850
1.0110000000,4.1562979309
1.0120000000,4.5336011560
1.0130000000,4.9105438195
1.0140000000,5.2870626354
1.0150000000,5.6630940827
1.0160000000,6.0385744160
1.0170000000,6.4134396754
1.0180000000,6.7876256978
1.0190000000,7.1610681270
1.0200000000,7.5337024250
1.0210000000,7.9054638827
1.0220000000,8.2762876310
1.0230000000,8.6461086524
1.0240000000,9.0148617917
1.0250000000,9.3824817681
1.0260000000,9.7489031863
1.0270000000,10.1140605484
1.0280000000,10.4778882658
1.0290000000,10.8403206710
1.0300000000,11.2012920295
1.0310000000,11.5607365522
1.0320000000,11.9185884077
1.0330000000,12.2747817342
1.0340000000,12.6292506525
1.0350000000,12.9819292783
1.0360000000,13.3327517349
1.0370000000,13.6816521661
1.0380000000,14.0285647488
1.0390000000,14.3734237063
1.0400000000,14.7161633211
1.0410000000,15.0567179482
1.0420000000,15.3950220281
1.0430000000,15.7310101007
1.0440000000,16.0646168178
1.0450000000,16.3957769577
1.0460000000,16.7244254377
1.0470000000,17.0504973287
1.0480000000,17.3739278680
1.0490000000,17.6946524741
1.0500000000,18.0126067598
1.0510000000,18.3277265464
1.0520000000,18.6399478778
1.0530000000,18.9492070346
1.0540000000,19.2554405479
1.0550000000,19.5585852141
1.0560000000,19.8585781084
1.0570000000,20.1553565999
1.0580000000,20.4488583651
1.0590000000,20.7390214031
1.0600000000,21.0257840495
1.0610000000,21.3090849912
1.0620000000,21.5888632808
1.0630000000,21.8650583510
1.0640000000,22.1376100296
1.0650000000,22.4064585537
1.0660000000,22.6715445845
1.0670000000,22.9328092221
1.0680000000,23.1901940201
1.0690000000,23.4436410002
1.0700000000,23.6930926671
1.0710000000,23.9384920231
1.0720000000,24.1797825829
1.0730000000,24.4169083882
1.0740000000,24.6498140228
1.0750000000,24.8784446269
1.0760000000,25.1027459120
1.0770000000,25.3226641759
1.0780000000,25.5381463169
1.0790000000,25.7491398487
1.0800000000,25.9555929155
1.0810000000,26.1574543057
1.0820000000,26.3546734674
1.0830000000,26.5472005226
1.0840000000,26.7349862817
1.0850000000,26.9179822581
1.0860000000,27.0961406825
1.0870000000,27.2694145177
1.0880000000,27.4377574726
1.0890000000,27.6011240166
1.0900000000,27.7594693938
1.0910000000,27.9127496373
1.0920000000,28.0609215832
1.0930000000,28.2039428849
1.0940000000,28.3417720265
1.0950000000,28.4743683374
1.0960000000,28.6016920056
1.0970000000,28.7237040916
1.0980000000,28.8403665420
1.0990000000,28.9516422030
1.1000000000,29.0574948339
1.1010000000,29.1578891204
1.1020000000,29.2527906879
1.1030000000,29.3421661144
1.1040000000,29.4259829436
1.1050000000,29.5042096979
1.1060000000,29.5768158910
1.1070000000,29.6437720405
1.1080000000,29.7050496805
1.1090000000,29.7606213738
1.1100000000,29.8104607243
1.1110000000,29.8545423887
1.1120000000,29.8928420891
1.1130000000,29.9253366238
1.1140000000,29.9520038798
1.1150000000,29.9728228437
1.1160000000,29.9877736130
1.1170000000,29.9968374074
1.1180000000,29.9999965796
1.1190000000,29.9972346261
1.1200000000,29.9885361977
1.1210000000,29.9738871098
1.1220000000,29.9532743527
1.1230000000,29.9266861016
1.1240000000,29.8941117261
1.1250000000,29.8555418002
1.1260000000,29.8109681112
1.1270000000,29.7603836693
1.1280000000,29.7037827162
1.1290000000,29.6411607338
1.1300000000,29.5725144530
1.1310000000,29.4978418615
1.1320000000,29.4171422124
1.1330000000,29.3304160313
1.1340000000,29.2376651242
1.1350000000,29.1388925849
1.1360000000,29.0341028018
1.1370000000,28.9233014648
1.1380000000,28.8064955717
1.1390000000,28.6836934346
1.1400000000,28.5549046859
1.1410000000,28.4201402840
1.1420000000,28.2794125184
1.1430000000,28.1327350156
1.1440000000,27.9801227434
1.1450000000,27.8215920155
1.1460000000,27.6571604964
1.1470000000,27.4868472046
1.1480000000,27.3106725171
1.1490000000,27.1286581721
1.1500000000,26.9408272728
1.1510000000,26.7472042899
1.1520000000,26.5478150638
1.1530000000,26.3426868076
1.1540000000,26.1318481080
1.1550000000,25.9153289276
1.1560000000,25.6931606059
1.1570000000,25.4653758602
1.1580000000,25.2320087858
1.1590000000,24.9930948571
1.1600000000,24.7486709267
1.1610000000,24.4987752254
1.1620000000,24.2434473613
1.1630000000,23.9827283186
1.1640000000,23.7166604563
1.1650000000,23.4452875064
1.1660000000,23.1686545716
1.1670000000,22.8868081228
1.1680000000,22.5997959963
1.1690000000,22.3076673907
1.1700000000,22.0104728629
1.1710000000,21.7082643246
1.1720000000,21.4010950376
1.1730000000,21.0890196095
1.1740000000,20.7720939883
1.1750000000,20.4503754570
1.1760000000,20.1239226280
1.1770000000,19.7927954370
1.1780000000,19.4570551360
1.1790000000,19.1167642867
1.1800000000,18.7719867532
1.1810000000,18.4227876941
1.1820000000,18.0692335548
1.1830000000,17.7113920585
1.1840000000,17.3493321980
1.1850000000,16.9831242259
1.1860000000,16.6128396453
1.1870000000,16.2385511997
1.1880000000,15.8603328629
1.1890000000,15.4782598276
1.1900000000,15.0924084950
1.1910000000,14.7028564627
1.1920000000,14.3096825130
1.1930000000,13.9129666004
1.1940000000,13.5127898393
1.1950000000,13.1092344904
1.1960000000,12.7023839475
1.1970000000,12.2923227235
1.1980000000,11.8791364364
1.1990000000,11.4629117943
1.2000000000,11.0437365805
1.2010000000,10.6216996382
1.2020000000,10.1968908546
1.2030000000,9.7694011445
1.2040000000,9.3393224342
1.2050000000,8.9067476442
1.2060000000,8.4717706721
1.2070000000,8.0344863744
1.2080000000,7.5949905492
1.2090000000,7.1533799172
1.2100000000,6.7097521028
1.2110000000,6.2642056154
1.2120000000,5.8168398294
1.2130000000,5.3677549644
1.2140000000,4.9170520649
1.2150000000,4.4648329797
1.2160000000,4.0112003409
1.2170000000,3.5562575425
1.2180000000,3.1001087184
1.2190000000,2.6428587210
1.2200000000,2.1846130981
1.2210000000,1.7254780705
1.2220000000,1.2655605087
1.2230000000,0.8049679099
1.2240000000,0.3438083737
1.2250000000,-0.1178094217
1.2260000000,-0.5797762440
1.2270000000,-1.0419823315
1.2280000000,-1.5043174181
1.2290000000,-1.9666707587
1.2300000000,-2.4289311550
1.2310000000,-2.8909869812
1.2320000000,-3.3527262105
1.2330000000,-3.8140364416
1.2340000000,-4.2748049254
1.2350000000,-4.7349185924
1.2360000000,-5.1942640797
1.2370000000,-5.6527277591
1.2380000000,-6.1101957648
1.2390000000,-6.5665540215
1.2400000000,-7.0216882733
1.2410000000,-7.4754841117
1.2420000000,-7.9278270052
1.2430000000,-8.3786023280
1.2440000000,-8.8276953898
1.2450000000,-9.2749914651
1.2460000000,-9.7203758231
1.2470000000,-10.1637337577
1.2480000000,-10.6049506182
1.2490000000,-11.0439118391
1.2500000000,-11.4805029710
1.2510000000,-11.9146097115
1.2520000000,-12.3461179361
1.2530000000,-12.7749137295
1.2540000000,-13.2008834163
1.2550000000,-13.6239135935
1.2560000000,-14.0438911609
1.2570000000,-14.4607033539
1.2580000000,-14.8742377746
1.2590000000,-15.2843824242
1.2600000000,-15.6910257348
1.2610000000,-16.0940566017
1.2620000000,-16.4933644157
1.2630000000,-16.8888390956
1.2640000000,-17.2803711202
1.2650000000,-17.6678515611
1.2660000000,-18.0511721153
1.2670000000,-18.4302251375
1.2680000000,-18.8049036732
1.2690000000,-19.1751014908
1.2700000000,-19.5407131146
1.2710000000,-19.9016338577
1.2720000000,-20.2577598541
1.2730000000,-20.6089880919
1.2740000000,-20.9552164458
1.2750000000,-21.2963437097
1.2760000000,-21.6322696291
1.2770000000,-21.9628949341
1.2780000000,-22.2881213714
1.2790000000,-22.6078517372
1.2800000000,-22.9219899091
1.2810000000,-23.2304408784
1.2820000000,-23.5331107826
1.2830000000,-23.8299069370
1.2840000000,-24.1207378667
1.2850000000,-24.4055133388
1.2860000000,-24.6841443934
1.2870000000,-24.9565433755
1.2880000000,-25.2226239660
1.2890000000,-25.4823012133
1.2900000000,-25.7354915639
1.2910000000,-25.9821128930
1.2920000000,-26.2220845356
1.2930000000,-26.4553273164
1.2940000000,-26.6817635800
1.2950000000,-26.9013172207
1.2960000000,-27.1139137123
1.2970000000,-27.3194801373
1.2980000000,-27.5179452159
1.2990000000,-27.7092393350
1.3000000000,-27.8932945766
1.3010000000,-28.0700447459
1.3020000000,-28.2394253991
1.3030000000,-28.4013738712
1.3040000000,-28.5558293031
1.3050000000,-28.7027326683
1.3060000000,-28.8420267994
1.3070000000,-28.9736564145
1.3080000000,-29.0975681424
1.3090000000,-29.2137105486
1.3100000000,-29.3220341595
1.3110000000,-29.4224914875
1.3120000000,-29.5150370548
1.3130000000,-29.5996274169
1.3140000000,-29.6762211860
1.3150000000,-29.7447790538
1.3160000000,-29.8052638136
1.3170000000,-29.8576403818
1.3180000000,-29.9018758199
1.3190000000,-29.9379393545
1.3200000000,-29.9658023981
1.3210000000,-29.9854385683
1.3220000000,-29.9968237078
1.3230000000,-29.9999359023
1.3240000000,-29.9947554987
1.3250000000,-29.9812651232
1.3260000000,-29.9594496975
1.3270000000,-29.9292964559
1.3280000000,-29.8907949602
1.3290000000,-29.8439371159
1.3300000000,-29.7887171859
1.3310000000,-29.7251318049
1.3320000000,-29.6531799926
1.3330000000,-29.5728631661
1.3340000000,-29.4841851524
1.3350000000,-29.3871521994
1.3360000000,-29.2817729865
1.3370000000,-29.1680586350
1.3380000000,-29.0460227170
1.3390000000,-28.9156812642
1.3400000000,-28.7770527758
1.3410000000,-28.6301582259
1.3420000000,-28.4750210695
1.3430000000,-28.3116672486
1.3440000000,-28.1401251975
1.3450000000,-27.9604258463
1.3460000000,-27.7726026253
1.3470000000,-27.5766914672
1.3480000000,-27.3727308092
1.3490000000,-27.1607615946
1.3500000000,-26.9408272728
1.3510000000,-26.7129737995
1.3520000000,-26.4772496351
1.3530000000,-26.2337057432
1.3540000000,-25.9823955876
1.3550000000,-25.7233751293
1.3560000000,-25.4567028214
1.3570000000,-25.1824396051
1.3580000000,-24.9006489026
1.3590000000,-24.6113966113
1.3600000000,-24.3147510957
1.3610000000,-24.0107831789
1.3620000000,-23.6995661341
1.3630000000,-23.3811756736
1.3640000000,-23.0556899384
1.3650000000,-22.7231894864
1.3660000000,-22.3837572798
1.3670000000,-22.0374786713
1.3680000000,-21.6844413904
1.3690000000,-21.3247355277
1.3700000000,-20.9584535193
1.3710000000,-20.5856901296
1.3720000000,-20.2065424336
1.3730000000,-19.8211097988
1.3740000000,-19.4294938650
1.3750000000,-19.0317985249
1.3760000000,-18.6281299021
1.3770000000,-18.2185963295
1.3780000000,-17.8033083266
1.3790000000,-17.3823785755
1.3800000000,-16.9559218965
1.3810000000,-16.5240552225
1.3820000000,-16.0868975731
1.3830000000,-15.6445700270
1.3840000000,-15.1971956944
1.3850000000,-14.7448996883
1.3860000000,-14.2878090944
1.3870000000,-13.8260529411
1.3880000000,-13.3597621681
1.3890000000,-12.8890695940
1.3900000000,-12.4141098837
1.3910000000,-11.9350195146
1.3920000000,-11.4519367419
1.3930000000,-10.9650015634
1.3940000000,-10.4743556830
1.3950000000,-9.9801424743
1.3960000000,-9.4825069424
1.3970000000,-8.9815956856
1.3980000000,-8.4775568560
1.3990000000,-7.9705401195
1.4000000000,-7.4606966149
1.4010000000,-6.9481789128
1.4020000000,-6.4331409726
1.4030000000,-5.9157381000
1.4040000000,-5.3961269030
1.4050000000,-4.8744652477
1.4060000000,-4.3509122129
1.4070000000,-3.8256280444
1.4080000000,-3.2987741086
1.4090000000,-2.7705128450
1.4100000000,-2.2410077186
1.4110000000,-1.7104231714
1.4120000000,-1.1789245734
1.4130000000,-0.6466781724
1.4140000000,-0.1138510445
1.4150000000,0.4193889578
1.4160000000,0.9528732565
1.4170000000,1.4864326001
1.4180000000,2.0198971166
1.4190000000,2.5530963667
1.4200000000,3.0858593968
1.4210000000,3.6180147941
1.4220000000,4.1493907408
1.4230000000,4.6798150692
1.4240000000,5.2091153174
1.4250000000,5.7371187858
1.4260000000,6.2636525927
1.4270000000,6.7885437322
1.4280000000,7.3116191307
1.4290000000,7.8327057052
1.4300000000,8.3516304207
1.4310000000,8.8682203492
1.4320000000,9.3823027281
1.4330000000,9.8937050190
1.4340000000,10.4022549674
1.4350000000,10.9077806621
1.4360000000,11.4101105948
1.4370000000,11.9090737203
1.4380000000,12.4044995167
1.4390000000,12.8962180461
1.4400000000,13.3840600145
1.4410000000,13.8678568332
1.4420000000,14.3474406793
1.4430000000,14.8226445566
1.4440000000,15.2933023571
1.4450000000,15.7592489215
1.4460000000,16.2203201006
1.4470000000,16.6763528166
1.4480000000,17.1271851240
1.4490000000,17.5726562709
1.4500000000,18.0126067598
1.4510000000,18.4468784089
1.4520000000,18.8753144130
1.4530000000,19.2977594039
1.4540000000,19.7140595114
1.4550000000,20.1240624236
1.4560000000,20.5276174474
1.4570000000,20.9245755681
1.4580000000,21.3147895098
1.4590000000,21.6981137947
1.4600000000,22.0744048022
1.4610000000,22.4435208283
1.4620000000,22.8053221439
1.4630000000,23.1596710533
1.4640000000,23.5064319520
1.4650000000,23.8454713842
1.4660000000,24.1766581000
1.4670000000,24.4998631121
1.4680000000,24.8149597514
1.4690000000,25.1218237235
1.4700000000,25.4203331632
1.4710000000,25.7103686893
1.4720000000,25.9918134584
1.4730000000,26.2645532186
1.4740000000,26.5284763622
1.4750000000,26.7834739775
1.4760000000,27.0294399009
1.4770000000,27.2662707670
1.4780000000,27.4938660588
1.4790000000,27.7121281575
1.4800000000,27.9209623902
1.4810000000,28.1202770784
1.4820000000,28.3099835844
1.4830000000,28.4899963577
1.4840000000,28.6602329799
1.4850000000,28.8206142093
1.4860000000,28.9710640243
1.4870000000,29.1115096657
1.4880000000,29.2418816783
1.4890000000,29.3621139517
1.4900000000,29.4721437593
1.4910000000,29.5719117976
1.4920000000,29.6613622229
1.4930000000,29.7404426882
1.4940000000,29.8091043784
1.4950000000,29.8673020446
1.4960000000,29.9149940369
1.4970000000,29.9521423368
1.4980000000,29.9787125875
1.4990000000,29.9946741237
1.5000000000,30.0000000000
1.5010000000,29.9946670180
1.5020000000,29.9786557520
1.5030000000,29.9519505739
1.5040000000,29.9145396764
1.5050000000,29.8664150946
1.5060000000,29.8075727277
1.5070000000,29.7380123571
1.5080000000,29.6577376653
1.5090000000,29.5667562524
1.5100000000,29.4650796507
1.5110000000,29.3527233392
1.5120000000,29.2297067557
1.5130000000,29.0960533079
1.5140000000,28.9517903827
1.5150000000,28.7969493542
1.5160000000,28.6315655905
1.5170000000,28.4556784588
1.5180000000,28.2693313285
1.5190000000,28.0725715738
1.5200000000,27.8654505739
1.5210000000,27.6480237119
1.5220000000,27.4203503726
1.5230000000,27.1824939379
1.5240000000,26.9345217814
1.5250000000,26.6765052611
1.5260000000,26.4085197104
1.5270000000,26.1306444278
1.5280000000,25.8429626647
1.5290000000,25.5455616118
1.5300000000,25.2385323837
1.5310000000,24.9219700024
1.5320000000,24.5959733782
1.5330000000,24.2606452900
1.5340000000,23.9160923634
1.5350000000,23.5624250473
1.5360000000,23.1997575887
1.5370000000,22.8282080063
1.5380000000,22.4478980620
1.5390000000,22.0589532312
1.5400000000,21.6615026707
1.5410000000,21.2556791863
1.5420000000,20.8416191971
1.5430000000,20.4194626995
1.5440000000,19.9893532293
1.5450000000,19.5514378215
1.5460000000,19.1058669691
1.5470000000,18.6527945805
1.5480000000,18.1923779347
1.5490000000,17.7247776349
1.5500000000,17.2501575613
1.5510000000,16.7686848215
1.5520000000,16.2805296997
1.5530000000,15.7858656041
1.5540000000,15.2848690131
1.5550000000,14.7777194198
1.5560000000,14.2645992747
1.5570000000,13.7456939276
1.5580000000,13.2211915668
1.5590000000,12.6912831585
1.5600000000,12.1561623828
1.5610000000,11.6160255700
1.5620000000,11.0710716343
1.5630000000,10.5215020066
1.5640000000,9.9675205656
1.5650000000,9.4093335682
1.5660000000,8.8471495772
1.5670000000,8.2811793892
1.5680000000,7.7116359603
1.5690000000,7.1387343303
1.5700000000,6.5626915465
1.5710000000,5.9837265853
1.5720000000,5.4020602736
1.5730000000,4.8179152075
1.5740000000,4.2315156716
1.5750000000,3.6430875558
1.5760000000,3.0528582716
1.5770000000,2.4610566672
1.5780000000,1.8679129413
1.5790000000,1.2736585562
1.5800000000,0.6785261495
1.5810000000,0.0827494456
1.5820000000,-0.5134368350
1.5830000000,-1.1097970661
1.5840000000,-1.7060948078
1.5850000000,-2.3020928991
1.5860000000,-2.8975535514
1.5870000000,-3.4922384428
1.5880000000,-4.0859088131
1.5890000000,-4.6783255592
1.5900000000,-5.2692493321
1.5910000000,-5.8584406332
1.5920000000,-6.4456599126
1.5930000000,-7.0306676670
1.5940000000,-7.6132245383
1.5950000000,-8.1930914131
1.5960000000,-8.7700295222
1.5970000000,-9.3438005407
1.5980000000,-9.9141666886
1.5990000000,-10.4808908312
1.6000000000,-11.0437365805
1.6010000000,-11.6024683966
1.6020000000,-12.1568516889
1.6030000000,-12.7066529176
1.6040000000,-13.2516396963
1.6050000000,-13.7915808929
1.6060000000,-14.3262467323
1.6070000000,-14.8554088976
1.6080000000,-15.3788406325
1.6090000000,-15.8963168425
1.6100000000,-16.4076141970
1.6110000000,-16.9125112301
1.6120000000,-17.4107884423
1.6130000000,-17.9022284010
1.6140000000,-18.3866158409
1.6150000000,-18.8637377648
1.6160000000,-19.3333835423
1.6170000000,-19.7953450102
1.6180000000,-20.2494165701
1.6190000000,-20.6953952875
1.6200000000,-21.1330809889
1.6210000000,-21.5622763585
1.6220000000,-21.9827870349
1.6230000000,-22.3944217062
1.6240000000,-22.7969922048
1.6250000000,-23.1903136009
1.6260000000,-23.5742042958
1.6270000000,-23.9484861136
1.6280000000,-24.3129843921
1.6290000000,-24.6675280729
1.6300000000,-25.0119497902
1.6310000000,-25.3460859584
1.6320000000,-25.6697768588
1.6330000000,-25.9828667248
1.6340000000,-26.2852038259
1.6350000000,-26.5766405505
1.6360000000,-26.8570334872
1.6370000000,-27.1262435049
1.6380000000,-27.3841358313
1.6390000000,-27.6305801295
1.6400000000,-27.8654505739
1.6410000000,-28.0886259241
1.6420000000,-28.2999895968
1.6430000000,-28.4994297367
1.6440000000,-28.6868392851
1.6450000000,-28.8621160472
1.6460000000,-29.0251627574
1.6470000000,-29.1758871425
1.6480000000,-29.3142019836
1.6490000000,-29.4400251755
1.6500000000,-29.5532797846
1.6510000000,-29.6538941045
1.6520000000,-29.7418017095
1.6530000000,-29.8169415064
1.6540000000,-29.8792577837
1.6550000000,-29.9287002593
1.6560000000,-29.9652241251
1.6570000000,-29.9887900903
1.6580000000,-29.9993644218
1.6590000000,-29.9969189827
1.6600000000,-29.9814312682
1.6610000000,-29.9528844393
1.6620000000,-29.9112673541
1.6630000000,-29.8565745966
1.6640000000,-29.7888065033
1.6650000000,-29.7079691869
1.6660000000,-29.6140745579
1.6670000000,-29.5071403436
1.6680000000,-29.3871901043
1.6690000000,-29.2542532471
1.6700000000,-29.1083650373
1.6710000000,-28.9495666068
1.6720000000,-28.7779049601
1.6730000000,-28.5934329776
1.6740000000,-28.3962094161
1.6750000000,-28.1862989069
1.6760000000,-27.9637719510
1.6770000000,-27.7287049110
1.6780000000,-27.4811800019
1.6790000000,-27.2212852768
1.6800000000,-26.9491146124
1.6810000000,-26.6647676891
1.6820000000,-26.3683499709
1.6830000000,-26.0599726803
1.6840000000,-25.7397527718
1.6850000000,-25.4078129020
1.6860000000,-25.0642813974
1.6870000000,-24.7092922182
1.6880000000,-24.3429849209
1.6890000000,-23.9655046171
1.6900000000,-23.5770019293
1.6910000000,-23.1776329449
1.6920000000,-22.7675591661
1.6930000000,-22.3469474583
1.6940000000,-21.9159699947
1.6950000000,-21.4748041987
1.6960000000,-21.0236326830
1.6970000000,-20.5626431868
1.6980000000,-20.0920285094
1.6990000000,-19.6119864411
1.7000000000,-19.1227196925
1.7010000000,-18.6244358193
1.7020000000,-18.1173471461
1.7030000000,-17.6016706866
1.7040000000,-17.0776280613
1.7050000000,-16.5454454127
1.7060000000,-16.0053533179
1.7070000000,-15.4575866987
1.7080000000,-14.9023847289
1.7090000000,-14.3399907394
1.7100000000,-13.7706521206
1.7110000000,-13.1946202224
1.7120000000,-12.6121502519
1.7130000000,-12.0235011687
1.7140000000,-11.4289355775
1.7150000000,-10.8287196189
1.7160000000,-10.2231228578
1.7170000000,-9.6124181692
1.7180000000,-8.9968816224
1.7190000000,-8.3767923625
1.7200000000,-7.7524324903
1.7210000000,-7.1240869397
1.7220000000,-6.4920433534
1.7230000000,-5.8565919566
1.7240000000,-5.2180254286
1.7250000000,-4.5766387728
1.7260000000,-3.9327291847
1.7270000000,-3.2865959186
1.7280000000,-2.6385401514
1.7290000000,-1.9888648466
1.7300000000,-1.3378746151
1.7310000000,-0.6858755753
1.7320000000,-0.0331752117
1.7330000000,0.6199177685
1.7340000000,1.2730935791
1.7350000000,1.9260415008
1.7360000000,2.5784500279
1.7370000000,3.2300070161
1.7380000000,3.8803998316
1.7390000000,4.5293155011
1.7400000000,5.1764408624
1.7410000000,5.8214627166
1.7420000000,6.4640679803
1.7430000000,7.1039438394
1.7440000000,7.7407779023
1.7450000000,8.3742583553
1.7460000000,9.0040741167
1.7470000000,9.6299149932
1.7480000000,10.2514718350
1.7490000000,10.8684366922
1.7500000000,11.4805029710
1.7510000000,12.0873655901
1.7520000000,12.6887211373
1.7530000000,13.2842680256
1.7540000000,13.8737066499
1.7550000000,14.4567395427
1.7560000000,15.0330715300
1.7570000000,15.6024098870
1.7580000000,16.1644644929
1.7590000000,16.7189479852
1.7600000000,17.2655759141
1.7610000000,17.8040668952
1.7620000000,18.3341427620
1.7630000000,18.8555287179
1.7640000000,19.3679534862
1.7650000000,19.8711494599
1.7660000000,20.3648528507
1.7670000000,20.8488038355
1.7680000000,21.3227467029
1.7690000000,21.7864299980
1.7700000000,22.2396066653
1.7710000000,22.6820341906
1.7720000000,23.1134747410
1.7730000000,23.5336953037
1.7740000000,23.9424678222
1.7750000000,24.3395693313
1.7760000000,24.7247820900
1.7770000000,25.0978937126
1.7780000000,25.4586972969
1.7790000000,25.8069915513
1.7800000000,26.1425809190
1.7810000000,26.4652757000
1.7820000000,26.7748921706
1.7830000000,27.0712527009
1.7840000000,27.3541858689
1.7850000000,27.6235265725
1.7860000000,27.8791161391
1.7870000000,28.1208024314
1.7880000000,28.3484399517
1.7890000000,28.5618899416
1.7900000000,28.7610204806
1.7910000000,28.9457065797
1.7920000000,29.1158302735
1.7930000000,29.2712807082
1.7940000000,29.4119542262
1.7950000000,29.5377544482
1.7960000000,29.6485923508
1.7970000000,29.7443863418
1.7980000000,29.8250623306
1.7990000000,29.8905537967
1.8000000000,29.9408018528
1.8010000000,29.9757553058
1.8020000000,29.9953707124
1.8030000000,29.9996124327
1.8040000000,29.9884526784
1.8050000000,29.9618715578
1.8060000000,29.9198571169
1.8070000000,29.8624053765
1.8080000000,29.7895203647
1.8090000000,29.7012141457
1.8100000000,29.5975068452
1.8110000000,29.4784266700
1.8120000000,29.3440099249
1.8130000000,29.1943010246
1.8140000000,29.0293525016
1.8150000000,28.8492250097
1.8160000000,28.6539873229
1.8170000000,28.4437163309
1.8180000000,28.2184970288
1.8190000000,27.9784225038
1.8200000000,27.7235939166
1.8210000000,27.4541204786
1.8220000000,27.1701194246
1.8230000000,26.8717159815
1.8240000000,26.5590433319
1.8250000000,26.2322425736
1.8260000000,25.8914626743
1.8270000000,25.5368604223
1.8280000000,25.1686003726
1.8290000000,24.7868547881
1.8300000000,24.3918035765
1.8310000000,23.9836342234
1.8320000000,23.5625417200
1.8330000000,23.1287284870
1.8340000000,22.6824042938
1.8350000000,22.2237861731
1.8360000000,21.7530983321
1.8370000000,21.2705720578
1.8380000000,20.7764456193
1.8390000000,20.2709641652
1.8400000000,19.7543796168
1.8410000000,19.2269505571
1.8420000000,18.6889421156
1.8430000000,18.1406258490
1.8440000000,17.5822796176
1.8450000000,17.0141874579
1.8460000000,16.4366394509
1.8470000000,15.8499315864
1.8480000000,15.2543656241
1.8490000000,14.6502489497
1.8500000000,14.0378944278
1.8510000000,13.4176202514
1.8520000000,12.7897497869
1.8530000000,12.1546114160
1.8540000000,11.5125383743
1.8550000000,10.8638685854
1.8560000000,10.2089444929
1.8570000000,9.5481128880
1.8580000000,8.8817247344
1.8590000000,8.2101349899
1.8600000000,7.5337024250
1.8610000000,6.8527894381
1.8620000000,6.1677618684
1.8630000000,5.4789888053
1.8640000000,4.7868423957
1.8650000000,4.0916976482
1.8660000000,3.3939322348
1.8670000000,2.6939262905
1.8680000000,1.9920622101
1.8690000000,1.2887244431
1.8700000000,0.5842992859
1.8710000000,-0.1208253268
1.8720000000,-0.8262600344
1.8730000000,-1.5316142627
1.8740000000,-2.2364964393
1.8750000000,-2.9405142099
1.8760000000,-3.6432746563
1.8770000000,-4.3443845156
1.8780000000,-5.0434504010
1.8790000000,-5.7400790232
1.8800000000,-6.4338774134
1.8810000000,-7.1244531464
1.8820000000,-7.8114145655
1.8830000000,-8.4943710068
1.8840000000,-9.1729330253
1.8850000000,-9.8467126199
1.8860000000,-10.5153234604
1.8870000000,-11.1783811129
1.8880000000,-11.8355032661
1.8890000000,-12.4863099577
1.8900000000,-13.1304237995
1.8910000000,-13.7674702031
1.8920000000,-14.3970776046
1.8930000000,-15.0188776884
1.8940000000,-15.6325056107
1.8950000000,-16.2376002215
1.8960000000,-16.8338042861
1.8970000000,-17.4207647047
1.8980000000,-17.9981327312
1.8990000000,-18.5655641902
1.9000000000,-19.1227196925
1.9010000000,-19.6692648484
1.9020000000,-20.2048704800
1.9030000000,-20.7292128305
1.9040000000,-21.2419737718
1.9050000000,-21.7428410097
1.9060000000,-22.2315082865
1.9070000000,-22.7076755814
1.9080000000,-23.1710493076
1.9090000000,-23.6213425071
1.9100000000,-24.0582750421
1.9110000000,-24.4815737836
1.9120000000,-24.8909727963
1.9130000000,-25.2862135208
1.9140000000,-25.6670449517
1.9150000000,-26.0332238121
1.9160000000,-26.3845147247
1.9170000000,-26.7206903790
1.9180000000,-27.0415316940
1.9190000000,-27.3468279771
1.9200000000,-27.6363770789
1.9210000000,-27.9099855436
1.9220000000,-28.1674687544
1.9230000000,-28.4086510751
1.9240000000,-28.6333659864
1.9250000000,-28.8414562174
1.9260000000,-29.0327738731
1.9270000000,-29.2071805552
1.9280000000,-29.3645474794
1.9290000000,-29.5047555866
1.9300000000,-29.6276956490
1.9310000000,-29.7332683706
1.9320000000,-29.8213844824
1.9330000000,-29.8919648324
1.9340000000,-29.9449404687
1.9350000000,-29.9802527183
1.9360000000,-29.9978532587
1.9370000000,-29.9977041850
1.9380000000,-29.9797780695
1.9390000000,-29.9440580163
1.9400000000,-29.8905377097
1.9410000000,-29.8192214553
1.9420000000,-29.7301242167
1.9430000000,-29.6232716441
1.9440000000,-29.4987000973
1.9450000000,-29.3564566629
1.9460000000,-29.1965991635
1.9470000000,-29.0191961621
1.9480000000,-28.8243269584
1.9490000000,-28.6120815798
1.9500000000,-28.3825607648
1.9510000000,-28.1358759407
1.9520000000,-27.8721491936
1.9530000000,-27.5915132325
1.9540000000,-27.2941113463
1.9550000000,-26.9800973546
1.9560000000,-26.6496355509
1.9570000000,-26.3029006398
1.9580000000,-25.9400776677
1.9590000000,-25.5613619457
1.9600000000,-25.1669589668
1.9610000000,-24.7570843163
1.9620000000,-24.3319635749
1.9630000000,-23.8918322159
1.9640000000,-23.4369354953
1.9650000000,-22.9675283358
1.9660000000,-22.4838752034
1.9670000000,-21.9862499787
1.9680000000,-21.4749358205
1.9690000000,-20.9502250240
1.9700000000,-20.4124188719
1.9710000000,-19.8618274799
1.9720000000,-19.2987696352
1.9730000000,-18.7235726297
1.9740000000,-18.1365720861
1.9750000000,-17.5381117789
1.9760000000,-16.9285434490
1.9770000000,-16.3082266127
1.9780000000,-15.6775283644
1.9790000000,-15.0368231743
1.9800000000,-14.3864926803
1.9810000000,-13.7269254740
1.9820000000,-13.0585168822
1.9830000000,-12.3816687425
1.9840000000,-11.6967891736
1.9850000000,-11.0042923415
1.9860000000,-10.3045982197
1.9870000000,-9.5981323454
1.9880000000,-8.8853255708
1.9890000000,-8.1666138099
1.9900000000,-7.4424377810
1.9910000000,-6.7132427448
1.9920000000,-5.9794782385
1.9930000000,-5.2415978063
1.9940000000,-4.5000587257
1.9950000000,-3.7553217302
1.9960000000,-3.0078507288
1.9970000000,-2.2581125220
1.9980000000,-1.5065765150
1.9990000000,-0.7537144273
2.0000000000,-0.0000000000
2.0010000000,0.7540912993
2.0020000000,1.5080825748
2.0030000000,2.2614958024
2.0040000000,3.0138521319
2.0050000000,3.7646721909
2.0060000000,4.5134763910
2.0070000000,5.2597852345
2.0080000000,6.0031196236
2.0090000000,6.7430011695
2.0100000000,7.4789525035
2.0110000000,8.2104975881
2.0120000000,8.9371620289
2.0130000000,9.6584733867
2.0140000000,10.3739614902
2.0150000000,11.0831587476
2.0160000000,11.7856004591
2.0170000000,12.4808251278
2.0180000000,13.1683747709
2.0190000000,13.8477952290
2.0200000000,14.5186364753
2.0210000000,15.1804529223
2.0220000000,15.8328037280
2.0230000000,16.4752530998
2.0240000000,17.1073705963
2.0250000000,17.7287314274
2.0260000000,18.3389167517
2.0270000000,18.9375139710
2.0280000000,19.5241170230
2.0290000000,20.0983266693
2.0300000000,20.6597507820
2.0310000000,21.2080046257
2.0320000000,21.7427111358
2.0330000000,22.2635011938
2.0340000000,22.7700138976
2.0350000000,23.2618968282
2.0360000000,23.7388063114
2.0370000000,24.2004076753
2.0380000000,24.6463755027
2.0390000000,25.0763938784
2.0400000000,25.4901566311
2.0410000000,25.8873675706
2.0420000000,26.2677407179
2.0430000000,26.6310005314
2.0440000000,26.9768821252
2.0450000000,27.3051314826
2.0460000000,27.6155056625
2.0470000000,27.9077729994
2.0480000000,28.1817132967
2.0490000000,28.4371180136
2.0500000000,28.6737904439
2.0510000000,28.8915458886
2.0520000000,29.0902118206
2.0530000000,29.2696280420
2.0540000000,29.4296468340
2.0550000000,29.5701330985
2.0560000000,29.6909644924
2.0570000000,29.7920315528
2.0580000000,29.8732378154
2.0590000000,29.9344999234
2.0600000000,29.9757477286
2.0610000000,29.9969243832
2.0620000000,29.9979864243
2.0630000000,29.9789038479
2.0640000000,29.9396601757
2.0650000000,29.8802525114
2.0660000000,29.8006915892
2.0670000000,29.7010018124
2.0680000000,29.5812212830
2.0690000000,29.4414018224
2.0700000000,29.2816089820
2.0710000000,29.1019220450
2.0720000000,28.9024340188
2.0730000000,28.6832516173
2.0740000000,28.4444952343
2.0750000000,28.1862989069
2.0760000000,27.9088102700
2.0770000000,27.6121904998
2.0780000000,27.2966142497
2.0790000000,26.9622695745
2.0800000000,26.6093578465
2.0810000000,26.2380936612
2.0820000000,25.8487047339
2.0830000000,25.4414317861
2.0840000000,25.0165284230
2.0850000000,24.5742610010
2.0860000000,24.1149084863
2.0870000000,23.6387623034
2.0880000000,23.1461261747
2.0890000000,22.6373159506
2.0900000000,22.1126594307
2.0910000000,21.5724961754
2.0920000000,21.0171773088
2.0930000000,20.4470653124
2.0940000000,19.8625338101
2.0950000000,19.2639673444
2.0960000000,18.6517611439
2.0970000000,18.0263208823
2.0980000000,17.3880624290
2.0990000000,16.7374115914
2.1000000000,16.0748038494
2.1010000000,15.4006840811
2.1020000000,14.7155062818
2.1030000000,14.0197332743
2.1040000000,13.3138364126
2.1050000000,12.5982952773
2.1060000000,11.8735973649
2.1070000000,11.1402377693
2.1080000000,10.3987188571
2.1090000000,9.6495499360
2.1100000000,8.8932469169
2.1110000000,8.1303319699
2.1120000000,7.3613331746
2.1130000000,6.5867841643
2.1140000000,5.8072237645
2.1150000000,5.0231956273
2.1160000000,4.2352478593
2.1170000000,3.4439326456
2.1180000000,2.6498058694
2.1190000000,1.8534267266
2.1200000000,1.0553573372
2.1210000000,0.2561623521
2.1220000000,-0.5435914427
2.1230000000,-1.3433355256
2.1240000000,-2.1425000422
2.1250000000,-2.9405142099
2.1260000000,-3.7368067254
2.1270000000,-4.5308061744
2.1280000000,-5.3219414430
2.1290000000,-6.1096421302
2.1300000000,-6.8933389624
2.1310000000,-7.6724642081
2.1320000000,-8.4464520937
2.1330000000,-9.2147392193
2.1340000000,-9.9767649750
2.1350000000,-10.7319719561
2.1360000000,-11.4798063786
2.1370000000,-12.2197184932
2.1380000000,-12.9511629985
2.1390000000,-13.6735994520
2.1400000000,-14.3864926803
2.1410000000,-15.0893131860
2.1420000000,-15.7815375533
2.1430000000,-16.4626488497
2.1440000000,-17.1321370255
2.1450000000,-17.7894993094
2.1460000000,-18.4342406007
2.1470000000,-19.0658738571
2.1480000000,-19.6839204787
2.1490000000,-20.2879106866
2.1500000000,-20.8773838978
2.1510000000,-21.4518890931
2.1520000000,-22.0109851812
2.1530000000,-22.5542413561
2.1540000000,-23.0812374477
2.1550000000,-23.5915642679
2.1560000000,-24.0848239477
2.1570000000,-24.5606302688
2.1580000000,-25.0186089876
2.1590000000,-25.4583981512
2.1600000000,-25.8796484058
2.1610000000,-26.2820232972
2.1620000000,-26.6651995623
2.1630000000,-27.0288674128
2.1640000000,-27.3727308092
2.1650000000,-27.6965077257
2.1660000000,-27.9999304066
2.1670000000,-28.2827456114
2.1680000000,-28.5447148520
2.1690000000,-28.7856146177
2.1700000000,-29.0052365918
2.1710000000,-29.2033878560
2.1720000000,-29.3798910853
2.1730000000,-29.5345847309
2.1740000000,-29.6673231929
2.1750000000,-29.7779769807
2.1760000000,-29.8664328625
2.1770000000,-29.9325940033
2.1780000000,-29.9763800898
2.1790000000,-29.9977274451
2.1800000000,-29.9965891294
2.1810000000,-29.9729350296
2.1820000000,-29.9267519364
2.1830000000,-29.8580436079
2.1840000000,-29.7668308216
2.1850000000,-29.6531514129
2.1860000000,-29.5170603011
2.1870000000,-29.3586295027
2.1880000000,-29.1779481305
2.1890000000,-28.9751223810
2.1900000000,-28.7502755082
2.1910000000,-28.5035477834
2.1920000000,-28.2350964429
2.1930000000,-27.9450956221
2.1940000000,-27.6337362754
2.1950000000,-27.3012260848
2.1960000000,-26.9477893529
2.1970000000,-26.5736668844
2.1980000000,-26.1791158538
2.1990000000,-25.7644096594
2.2000000000,-25.3298377651
2.2010000000,-24.8757055281
2.2020000000,-24.4023340148
2.2030000000,-23.9100598025
2.2040000000,-23.3992347688
2.2050000000,-22.8702258688
2.2060000000,-22.3234148986
2.2070000000,-21.7591982470
2.2080000000,-21.1779866349
2.2090000000,-20.5802048418
2.2100000000,-19.9662914207
2.2110000000,-19.3366984012
2.2120000000,-18.6918909807
2.2130000000,-18.0323472038
2.2140000000,-17.3585576304
2.2150000000,-16.6710249932
2.2160000000,-15.9702638436
2.2170000000,-15.2568001871
2.2180000000,-14.5311711084
2.2190000000,-13.7939243859
2.2200000000,-13.0456180967
2.2210000000,-12.2868202112
2.2220000000,-11.5181081793
2.2230000000,-10.7400685061
2.2240000000,-9.9532963201
2.2250000000,-9.1583949317
2.2260000000,-8.3559753842
2.2270000000,-7.5466559965
2.2280000000,-6.7310618983
2.2290000000,-5.9098245579
2.2300000000,-5.0835813033
2.2310000000,-4.2529748365
2.2320000000,-3.4186527416
2.2330000000,-2.5812669872
2.2340000000,-1.7414734229
2.2350000000,-0.8999312715
2.2360000000,-0.0573026152
2.2370000000,0.7857481214
2.2380000000,1.6285546926
2.2390000000,2.4704495567
2.2400000000,3.3107644043
2.2410000000,4.1488306885
2.2420000000,4.9839801588
2.2430000000,5.8155453953
2.2440000000,6.6428603459
2.2450000000,7.4652608635
2.2460000000,8.2820852442
2.2470000000,9.0926747658
2.2480000000,9.8963742256
2.2490000000,10.6925324780
2.2500000000,11.4805029710
2.2510000000,12.2596442802
2.2520000000,13.0293206422
2.2530000000,13.7889024846
2.2540000000,14.5377669530
2.2550000000,15.2752984353
2.2560000000,16.0008890818
2.2570000000,16.7139393210
2.2580000000,17.4138583709
2.2590000000,18.1000647450
2.2600000000,18.7719867532
2.2610000000,19.4290629957
2.2620000000,20.0707428519
2.2630000000,20.6964869608
2.2640000000,21.3057676956
2.2650000000,21.8980696294
2.2660000000,22.4728899937
2.2670000000,23.0297391274
2.2680000000,23.5681409176
2.2690000000,24.0876332307
2.2700000000,24.5877683335
2.2710000000,25.0681133049
2.2720000000,25.5282504355
2.2730000000,25.9677776181
2.2740000000,26.3863087256
2.2750000000,26.7834739775
2.2760000000,27.1589202946
2.2770000000,27.5123116408
2.2780000000,27.8433293528
2.2790000000,28.1516724557
2.2800000000,28.4370579666
2.2810000000,28.6992211831
2.2820000000,28.9379159583
2.2830000000,29.1529149616
2.2840000000,29.3440099249
2.2850000000,29.5110118731
2.2860000000,29.6537513407
2.2870000000,29.7720785718
2.2880000000,29.8658637053
2.2890000000,29.9349969435
2.2900000000,29.9793887048
2.2910000000,29.9989697607
2.2920000000,29.9936913552
2.2930000000,29.9635253083
2.2940000000,29.9084641021
2.2950000000,29.8285209507
2.2960000000,29.7237298517
2.2970000000,29.5941456215
2.2980000000,29.4398439128
2.2990000000,29.2609212144
2.3000000000,29.0574948339
2.3010000000,28.8297028619
2.3020000000,28.5777041197
2.3030000000,28.3016780885
2.3040000000,28.0018248204
2.3050000000,27.6783648329
2.3060000000,27.3315389843
2.3070000000,26.9616083324
2.3080000000,26.5688539748
2.3090000000,26.1535768718
2.3100000000,25.7160976516
2.3110000000,25.2567563984
2.3120000000,24.7759124224
2.3130000000,24.2739440130
2.3140000000,23.7512481748
2.3150000000,23.2082403462
2.3160000000,22.6453541018
2.3170000000,22.0630408375
2.3180000000,21.4617694394
2.3190000000,20.8420259364
2.3200000000,20.2043131366
2.3210000000,19.5491502482
2.3220000000,18.8770724844
2.3230000000,18.1886306534
2.3240000000,17.4843907331
2.3250000000,16.7649334311
2.3260000000,16.0308537307
2.3270000000,15.2827604221
2.3280000000,14.5212756206
2.3290000000,13.7470342710
2.3300000000,12.9606836388
2.3310000000,12.1628827894
2.3320000000,11.3543020544
2.3330000000,10.5356224865
2.3340000000,9.7075353028
2.3350000000,8.8707413174
2.3360000000,8.0259503627
2.3370000000,7.1738807016
2.3380000000,6.3152584296
2.3390000000,5.4508168678
2.3400000000,4.5812959469
2.3410000000,3.7074415843
2.3420000000,2.8300050516
2.3430000000,1.9497423372
2.3440000000,1.0674135004
2.3450000000,0.1837820207
2.3460000000,-0.7003858588
2.3470000000,-1.5843217932
2.3480000000,-2.4672560016
2.3490000000,-3.3484179367
2.3500000000,-4.2270369581
2.3510000000,-5.1023430077
2.3520000000,-5.9735672873
2.3530000000,-6.8399429383
2.3540000000,-7.7007057211
2.3550000000,-8.5550946961
2.3560000000,-9.4023529032
2.3570000000,-10.2417280413
2.3580000000,-11.0724731454
2.3590000000,-11.8938472627
2.3600000000,-12.7051161245
2.3610000000,-13.5055528161
2.3620000000,-14.2944384416
2.3630000000,-15.0710627851
2.3640000000,-15.8347249658
2.3650000000,-16.5847340875
2.3660000000,-17.3204098824
2.3670000000,-18.0410833466
2.3680000000,-18.7460973693
2.3690000000,-19.4348073524
2.3700000000,-20.1065818224
2.3710000000,-20.7608030321
2.3720000000,-21.3968675529
2.3730000000,-22.0141868559
2.3740000000,-22.6121878820
2.3750000000,-23.1903136009
2.3760000000,-23.7480235564
2.3770000000,-24.2847944007
2.3780000000,-24.8001204133
2.3790000000,-25.2935140078
2.3800000000,-25.7645062230
2.3810000000,-26.2126471994
2.3820000000,-26.6375066409
2.3830000000,-27.0386742590
2.3840000000,-27.4157602024
2.3850000000,-27.7683954683
2.3860000000,-28.0962322969
2.3870000000,-28.3989445484
2.3880000000,-28.6762280612
2.3890000000,-28.9278009914
2.3900000000,-29.1534041344
2.3910000000,-29.3528012257
2.3920000000,-29.5257792224
2.3930000000,-29.6721485654
2.3940000000,-29.7917434195
2.3950000000,-29.8844218946
2.3960000000,-29.9500662444
2.3970000000,-29.9885830441
2.3980000000,-29.9999033474
2.3990000000,-29.9839828201
2.4000000000,-29.9408018528
2.4010000000,-29.8703656513
2.4020000000,-29.7727043035
2.4030000000,-29.6478728250
2.4040000000,-29.4959511809
2.4050000000,-29.3170442854
2.4060000000,-29.1112819779
2.4070000000,-28.8788189765
2.4080000000,-28.6198348077
2.4090000000,-28.3345337137
2.4100000000,-28.0231445356
2.4110000000,-27.6859205746
2.4120000000,-27.3231394287
2.4130000000,-26.9351028071
2.4140000000,-26.5221363215
2.4150000000,-26.0845892538
2.4160000000,-25.6228343020
2.4170000000,-25.1372673023
2.4180000000,-24.6283069293
2.4190000000,-24.0963943734
2.4200000000,-23.5419929965
2.4210000000,-22.9655879652
2.4220000000,-22.3676858629
2.4230000000,-21.7488142795
2.4240000000,-21.1095213808
2.4250000000,-20.4503754570
2.4260000000,-19.7719644497
2.4270000000,-19.0748954603
2.4280000000,-18.3597942369
2.4290000000,-17.6273046432
2.4300000000,-16.8780881076
2.4310000000,-16.1128230538
2.4320000000,-15.3322043138
2.4330000000,-14.5369425226
2.4340000000,-13.7277634964
2.4350000000,-12.9054075934
2.4360000000,-12.0706290595
2.4370000000,-11.2241953574
2.4380000000,-10.3668864816
2.4390000000,-9.4994942586
2.4400000000,-8.6228216332
2.4410000000,-7.7376819419
2.4420000000,-6.8448981737
2.4430000000,-5.9453022186
2.4440000000,-5.0397341057
2.4450000000,-4.1290412301
2.4460000000,-3.2140775699
2.4470000000,-2.2957028946
2.4480000000,-1.3747819646
2.4490000000,-0.4521837229
2.4500000000,0.4712195194
2.4510000000,1.3945529048
2.4520000000,2.3169398562
2.4530000000,3.2375029076
2.4540000000,4.1553645400
2.4550000000,5.0696480196
2.4560000000,5.9794782385
2.4570000000,6.8839825567
2.4580000000,7.7822916456
2.4590000000,8.6735403300
2.4600000000,9.5568684307
2.4610000000,10.4314216046
2.4620000000,11.2963521818
2.4630000000,12.1508200004
2.4640000000,12.9939932363
2.4650000000,13.8250492281
2.4660000000,14.6431752966
2.4670000000,15.4475695567
2.4680000000,16.2374417229
2.4690000000,17.0120139057
2.4700000000,17.7705213990
2.4710000000,18.5122134582
2.4720000000,19.2363540663
2.4730000000,19.9422226898
2.4740000000,20.6291150213
2.4750000000,21.2963437097
2.4760000000,21.9432390758
2.4770000000,22.5691498139
2.4780000000,23.1734436777
2.4790000000,23.7555081500
2.4800000000,24.3147510957
2.4810000000,24.8506013968
2.4820000000,25.3625095701
2.4830000000,25.8499483647
2.4840000000,26.3124133405
2.4850000000,26.7494234263
2.4860000000,27.1605214572
2.4870000000,27.5452746897
2.4880000000,27.9032752957
2.4890000000,28.2341408322
2.4900000000,28.5375146897
2.4910000000,28.8130665145
2.4920000000,29.0604926085
2.4930000000,29.2795163031
2.4940000000,29.4698883076
2.4950000000,29.6313870323
2.4960000000,29.7638188852
2.4970000000,29.8670185413
2.4980000000,29.9408491863
2.4990000000,29.9852027312
2.5000000000,30.0000000000
2.5010000000,29.9851908896
2.5020000000,29.9407545005
2.5030000000,29.8666992393
2.5040000000,29.7630628929
2.5050000000,29.6299126723
2.5060000000,29.4673452284
2.5070000000,29.2754866380
2.5080000000,29.0544923605
2.5090000000,28.8045471641
2.5100000000,28.5258650242
2.5110000000,28.2186889900
2.5120000000,27.8832910235
2.5130000000,27.5199718071
2.5140000000,27.1290605229
2.5150000000,26.7109146022
2.5160000000,26.2659194453
2.5170000000,25.7944881124
2.5180000000,25.2970609859
2.5190000000,24.7741054031
2.5200000000,24.2261152611
2.5210000000,23.6536105930
2.5220000000,23.0571371165
2.5230000000,22.4372657546
2.5240000000,21.7945921291
2.5250000000,21.1297360277
2.5260000000,20.4433408439
2.5270000000,19.7360729918
2.5280000000,19.0086212944
2.5290000000,18.2616963483
2.5300000000,17.4960298626
2.5310000000,16.7123739749
2.5320000000,15.9115005436
2.5330000000,15.0942004178
2.5340000000,14.2612826848
2.5350000000,13.4135738970
2.5360000000,12.5519172777
2.5370000000,11.6771719069
2.5380000000,10.7902118887
2.5390000000,9.8919254991
2.5400000000,8.9832143179
2.5410000000,8.0649923423
2.5420000000,7.1381850857
2.5430000000,6.2037286607
2.5440000000,5.2625688487
2.5450000000,4.3156601557
2.5460000000,3.3639648558
2.5470000000,2.4084520236
2.5480000000,1.4500965562
2.5490000000,0.4898781852
2.5500000000,-0.4712195194
2.5510000000,-1.4322101523
2.5520000000,-2.3921054838
2.5530000000,-3.3499164747
2.5540000000,-4.3046542964
2.5550000000,-5.2553313546
2.5560000000,-6.2009623143
2.5570000000,-7.1405651274
2.5580000000,-8.0731620592
2.5590000000,-8.9977807153
2.5600000000,-9.9134550651
2.5610000000,-10.8192264639
2.5620000000,-11.7141446691
2.5630000000,-12.5972688530
2.5640000000,-13.4676686080
2.5650000000,-14.3244249449
2.5660000000,-15.1666312828
2.5670000000,-15.9933944295
2.5680000000,-16.8038355510
2.5690000000,-17.5970911298
2.5700000000,-18.3723139100
2.5710000000,-19.1286738292
2.5720000000,-19.8653589349
2.5730000000,-20.5815762856
2.5740000000,-21.2765528349
2.5750000000,-21.9495362974
2.5760000000,-22.5997959963
2.5770000000,-23.2266236909
2.5780000000,-23.8293343829
2.5790000000,-24.4072671018
2.5800000000,-24.9597856665
2.5810000000,-25.4862794249
2.5820000000,-25.9861639670
2.5830000000,-26.4588818148
2.5840000000,-26.9039030841
2.5850000000,-27.3207261210
2.5860000000,-27.7088781092
2.5870000000,-28.0679156497
2.5880000000,-28.3974253107
2.5890000000,-28.6970241482
2.5900000000,-28.9663601945
2.5910000000,-29.2051129170
2.5920000000,-29.4129936443
2.5930000000,-29.5897459591
2.5940000000,-29.7351460593
2.5950000000,-29.8490030846
2.5960000000,-29.9311594091
2.5970000000,-29.9814908993
2.5980000000,-29.9999071373
2.5990000000,-29.9863516084
2.6000000000,-29.9408018528
2.6010000000,-29.8632695819
2.6020000000,-29.7538007570
2.6030000000,-29.6124756330
2.6040000000,-29.4394087638
2.6050000000,-29.2347489719
2.6060000000,-28.9986792800
2.6070000000,-28.7314168066
2.6080000000,-28.4332126227
2.6090000000,-28.1043515733
2.6100000000,-27.7451520601
2.6110000000,-27.3559657879
2.6120000000,-26.9371774738
2.6130000000,-26.4892045200
2.6140000000,-26.0124966494
2.6150000000,-25.5075355051
2.6160000000,-24.9748342139
2.6170000000,-24.4149369141
2.6180000000,-23.8284182476
2.6190000000,-23.2158828175
2.6200000000,-22.5779646106
2.6210000000,-21.9153263864
2.6220000000,-21.2286590324
2.6230000000,-20.5186808860
2.6240000000,-19.7861370248
2.6250000000,-19.0317985249
2.6260000000,-18.2564616879
2.6270000000,-17.4609472381
2.6280000000,-16.6460994895
2.6290000000,-15.8127854849
2.6300000000,-14.9618941066
2.6310000000,-14.0943351598
2.6320000000,-13.2110384304
2.6330000000,-12.3129527171
2.6340000000,-11.4010448398
2.6350000000,-10.4762986240
2.6360000000,-9.5397138640
2.6370000000,-8.5923052633
2.6380000000,-7.6351013571
2.6390000000,-6.6691434137
2.6400000000,-5.6954843194
2.6410000000,-4.7151874464
2.6420000000,-3.7293255048
2.6430000000,-2.7389793812
2.6440000000,-1.7452369633
2.6450000000,-0.7491919533
2.6460000000,0.2480573293
2.6470000000,1.2454091538
2.6480000000,2.2417595935
2.6490000000,3.2360037456
2.6500000000,4.2270369581
2.6510000000,5.2137560595
2.6520000000,6.1950605913
2.6530000000,7.1698540419
2.6540000000,8.1370450799
2.6550000000,9.0955487862
2.6560000000,10.0442878824
2.6570000000,10.9821939560
2.6580000000,11.9082086781
2.6590000000,12.8212850157
2.6600000000,13.7203884342
2.6610000000,14.6044980900
2.6620000000,15.4726080129
2.6630000000,16.3237282738
2.6640000000,17.1568861401
2.6650000000,17.9711272147
2.6660000000,18.7655165581
2.6670000000,19.5391397927
2.6680000000,20.2911041874
2.6690000000,21.0205397214
2.6700000000,21.7266001260
2.6710000000,22.4084639025
2.6720000000,23.0653353163
2.6730000000,23.6964453645
2.6740000000,24.3010527166
2.6750000000,24.8784446269
2.6760000000,25.4279378174
2.6770000000,25.9488793305
2.6780000000,26.4406473496
2.6790000000,26.9026519873
2.6800000000,27.3343360395
2.6810000000,27.7351757052
2.6820000000,28.1046812702
2.6830000000,28.4423977543
2.6840000000,28.7479055209
2.6850000000,29.0208208485
2.6860000000,29.2607964621
2.6870000000,29.4675220260
2.6880000000,29.6407245944
2.6890000000,29.7801690221
2.6900000000,29.8856583314
2.6910000000,29.9570340381
2.6920000000,29.9941764333
2.6930000000,29.9970048217
2.6940000000,29.9654777158
2.6950000000,29.8995929854
2.6960000000,29.7993879630
2.6970000000,29.6649395024
2.6980000000,29.4963639935
2.6990000000,29.2938173303
2.7000000000,29.0574948339
2.7010000000,28.7876311287
2.7020000000,28.4844999735
2.7030000000,28.1484140464
2.7040000000,27.7797246831
2.7050000000,27.3788215709
2.7060000000,26.9461323956
2.7070000000,26.4821224439
2.7080000000,25.9872941608
2.7090000000,25.4621866615
2.7100000000,24.9073751999
2.7110000000,24.3234705923
2.7120000000,23.7111185982
2.7130000000,23.0709992583
2.7140000000,22.4038261897
2.7150000000,21.7103458402
2.7160000000,20.9913367008
2.7170000000,20.2476084792
2.7180000000,19.4800012329
2.7190000000,18.6893844642
2.7200000000,17.8766561781
2.7210000000,17.0427419030
2.7220000000,16.1885936757
2.7230000000,15.3151889925
2.7240000000,14.4235297265
2.7250000000,13.5146410124
2.7260000000,12.5895701004
2.7270000000,11.6493851803
2.7280000000,10.6951741771
2.7290000000,9.7280435184
2.7300000000,8.7491168775
2.7310000000,7.7595338903
2.7320000000,6.7604488499
2.7330000000,5.7530293797
2.7340000000,4.7384550855
2.7350000000,3.7179161901
2.7360000000,2.6926121496
2.7370000000,1.6637502548
2.7380000000,0.6325442191
2.7390000000,-0.3997872472
2.7400000000,-1.4320218717
2.7410000000,-2.4629352646
2.7420000000,-3.4913023708
2.7430000000,-4.5158989266
2.7440000000,-5.5355029214
2.7450000000,-6.5488960605
2.7460000000,-7.5548652292
2.7470000000,-8.5522039543
2.7480000000,-9.5397138640
2.7490000000,-10.5162061410
2.7500000000,-11.4805029710
2.7510000000,-12.4314389805
2.7520000000,-13.3678626664
2.7530000000,-14.2886378122
2.7540000000,-15.1926448909
2.7550000000,-16.0787824527
2.7560000000,-16.9459684948
2.7570000000,-17.7931418128
2.7580000000,-18.6192633314
2.7590000000,-19.4233174118
2.7600000000,-20.2043131366
2.7610000000,-20.9612855677
2.7620000000,-21.6932969771
2.7630000000,-22.3994380497
2.7640000000,-23.0788290542
2.7650000000,-23.7306209826
2.7660000000,-24.3539966568
2.7670000000,-24.9481717985
2.7680000000,-25.5123960643
2.7690000000,-26.0459540419
2.7700000000,-26.5481662072
2.7710000000,-27.0183898407
2.7720000000,-27.4560199027
2.7730000000,-27.8604898644
2.7740000000,-28.2312724954
2.7750000000,-28.5678806052
2.7760000000,-28.8698677391
2.7770000000,-29.1368288251
2.7780000000,-29.3684007737
2.7790000000,-29.5642630270
2.7800000000,-29.7241380587
2.7810000000,-29.8477918215
2.7820000000,-29.9350341437
2.7830000000,-29.9857190728
2.7840000000,-29.9997451656
2.7850000000,-29.9770557249
2.7860000000,-29.9176389818
2.7870000000,-29.8215282228
2.7880000000,-29.6888018623
2.7890000000,-29.5195834598
2.7900000000,-29.3140416803
2.7910000000,-29.0723902003
2.7920000000,-28.7948875568
2.7930000000,-28.4818369411
2.7940000000,-28.1335859355
2.7950000000,-27.7505261958
2.7960000000,-27.3330930765
2.7970000000,-26.8817652016
2.7980000000,-26.3970639798
2.7990000000,-25.8795530656
2.8000000000,-25.3298377651
2.8010000000,-24.7485643891
2.8020000000,-24.1364195525
2.8030000000,-23.4941294214
2.8040000000,-22.8224589084
2.8050000000,-22.1222108169
2.8060000000,-21.3942249357
2.8070000000,-20.6393770840
2.8080000000,-19.8585781084
2.8090000000,-19.0527728335
2.8100000000,-18.2229389654
2.8110000000,-17.3700859514
2.8120000000,-16.4952537962
2.8130000000,-15.5995118353
2.8140000000,-14.6839574686
2.8150000000,-13.7497148538
2.8160000000,-12.7979335622
2.8170000000,-11.8297871990
2.8180000000,-10.8464719878
2.8190000000,-9.8492053225
2.8200000000,-8.8392242884
2.8210000000,-7.8177841529
2.8220000000,-6.7861568289
2.8230000000,-5.7456293121
2.8240000000,-4.6975020946
2.8250000000,-3.6430875558
2.8260000000,-2.5837083333
2.8270000000,-1.5206956761
2.8280000000,-0.4553877808
2.8290000000,0.6108718855
2.8300000000,1.6767362752
2.8310000000,2.7408564589
2.8320000000,3.8018833333
2.8330000000,4.8584693339
2.8340000000,5.9092701511
2.8350000000,6.9529464480
2.8360000000,7.9881655776
2.8370000000,9.0136032956
2.8380000000,10.0279454698
2.8390000000,11.0298897803
2.8400000000,12.0181474108
2.8410000000,12.9914447281
2.8420000000,13.9485249472
2.8430000000,14.8881497799
2.8440000000,15.8091010653
2.8450000000,16.7101823795
2.8460000000,17.5902206222
2.8470000000,18.4480675789
2.8480000000,19.2826014555
2.8490000000,20.0927283842
2.8500000000,20.8773838978
2.8510000000,21.6355343707
2.8520000000,22.3661784257
2.8530000000,23.0683483018
2.8540000000,23.7411111850
2.8550000000,24.3835704964
2.8560000000,24.9948671383
2.8570000000,25.5741806958
2.8580000000,26.1207305920
2.8590000000,26.6337771948
2.8600000000,27.1126228748
2.8610000000,27.5566130113
2.8620000000,27.9651369462
2.8630000000,28.3376288836
2.8640000000,28.6735687337
2.8650000000,28.9724829000
2.8660000000,29.2339450085
2.8670000000,29.4575765778
2.8680000000,29.6430476284
2.8690000000,29.7900772309
2.8700000000,29.8984339923
2.8710000000,29.9679364780
2.8720000000,29.9984535710
2.8730000000,29.9899047657
2.8740000000,29.9422603964
2.8750000000,29.8555418002
2.8760000000,29.7298214132
2.8770000000,29.5652228002
2.8780000000,29.3619206175
2.8790000000,29.1201405076
2.8800000000,28.8401589278
2.8810000000,28.5223029106
2.8820000000,28.1669497568
2.8830000000,27.7745266616
2.8840000000,27.3455102738
2.8850000000,26.8804261884
2.8860000000,26.3798483725
2.8870000000,25.8443985264
2.8880000000,25.2747453784
2.8890000000,24.6716039169
2.8900000000,24.0357345568
2.8910000000,23.3679422447
2.8920000000,22.6690755020
2.8930000000,21.9400254062
2.8940000000,21.1817245142
2.8950000000,20.3951457256
2.8960000000,19.5813010897
2.8970000000,18.7412405567
2.8980000000,17.8760506741
2.8990000000,16.9868532307
2.9000000000,16.0748038494
2.9010000000,15.1410905301
2.9020000000,14.1869321455
2.9030000000,13.2135768906
2.9040000000,12.2223006879
2.9050000000,11.2144055514
2.9060000000,10.1912179099
2.9070000000,9.1540868927
2.9080000000,8.1043825792
2.9090000000,7.0434942161
2.9100000000,5.9728284014
2.9110000000,4.8938072418
2.9120000000,3.8078664814
2.9130000000,2.7164536080
2.9140000000,1.6210259365
2.9150000000,0.5230486740
2.9160000000,-0.5760070324
2.9170000000,-1.6746660611
2.9180000000,-2.7714512938
2.9190000000,-3.8648856012
2.9200000000,-4.9534938355
2.9210000000,-6.0358048261
2.9220000000,-7.1103533762
2.9230000000,-8.1756822571
2.9240000000,-9.2303441984
2.9250000000,-10.2729038703
2.9260000000,-11.3019398563
2.9270000000,-12.3160466127
2.9280000000,-13.3138364126
2.9290000000,-14.2939412719
2.9300000000,-15.2550148542
2.9310000000,-16.1957343519
2.9320000000,-17.1148023416
2.9330000000,-18.0109486097
2.9340000000,-18.8829319474
2.9350000000,-19.7295419113
2.9360000000,-20.5496005467
2.9370000000,-21.3419640730
2.9380000000,-22.1055245268
2.9390000000,-22.8392113606
2.9400000000,-23.5419929965
2.9410000000,-24.2128783294
2.9420000000,-24.8509181814
2.9430000000,-25.4552067011
2.9440000000,-26.0248827089
2.9450000000,-26.5591309851
2.9460000000,-27.0571834978
2.9470000000,-27.5183205703
2.9480000000,-27.9418719856
2.9490000000,-28.3272180255
2.9500000000,-28.6737904439
2.9510000000,-28.9810733718
2.9520000000,-29.2486041522
2.9530000000,-29.4759741051
2.9540000000,-29.6628292193
2.9550000000,-29.8088707710
2.9560000000,-29.9138558680
2.9570000000,-29.9775979175
2.9580000000,-29.9999670182
2.9590000000,-29.9808902739
2.9600000000,-29.9203520302
2.9610000000,-29.8183940310
2.9620000000,-29.6751154969
2.9630000000,-29.4906731229
2.9640000000,-29.2652809971
2.9650000000,-28.9992104380
2.9660000000,-28.6927897529
2.9670000000,-28.3464039149
2.9680000000,-27.9604941607
2.9690000000,-27.5355575078
2.9700000000,-27.0721461931
2.9710000000,-26.5708670321
2.9720000000,-26.0323806997
2.9730000000,-25.4574009336
2.9740000000,-24.8466936611
2.9750000000,-24.2010760499
2.9760000000,-23.5214154838
2.9770000000,-22.8086284652
2.9780000000,-22.0636794455
2.9790000000,-21.2875795837
2.9800000000,-20.4813854365
2.9810000000,-19.6461975800
2.9820000000,-18.7831591650
2.9830000000,-17.8934544087
2.9840000000,-16.9783070231
2.9850000000,-16.0389785833
2.9860000000,-15.0767668376
2.9870000000,-14.0930039609
2.9880000000,-13.0890547544
2.9890000000,-12.0663147937
2.9900000000,-11.0262085279
2.9910000000,-9.9701873314
2.9920000000,-8.8997275126
2.9930000000,-7.8163282805
2.9940000000,-6.7215096729
2.9950000000,-5.6168104486
2.9960000000,-4.5037859474
2.9970000000,-3.3840059189
2.9980000000,-2.2590523250
2.9990000000,-1.1305171184
3.0000000000,-0.0000000000
3.0010000000,1.1308938417
3.0020000000,2.2605560052
3.0030000000,3.3873771627
3.0040000000,4.5097493543
3.0050000000,5.6260682878
3.0060000000,6.7347356399
3.0070000000,7.8341613551
3.0080000000,8.9227659410
3.0090000000,9.9989827538
3.0100000000,11.0612602733
3.0110000000,12.1080643627
3.0120000000,13.1378805097
3.0130000000,14.1492160469
3.0140000000,15.1406023467
3.0150000000,16.1105969884
3.0160000000,17.0577858944
3.0170000000,17.9807854310
3.0180000000,18.8782444724
3.0190000000,19.7488464238
3.0200000000,20.5913112001
3.0210000000,21.4043971581
3.0220000000,22.1869029793
3.0230000000,22.9376694991
3.0240000000,23.6555814808
3.0250000000,24.3395693313
3.0260000000,24.9886107556
3.0270000000,25.6017323476
3.0280000000,26.1780111146
3.0290000000,26.7165759331
3.0300000000,27.2166089334
3.0310000000,27.6773468111
3.0320000000,28.0980820629
3.0330000000,28.4781641444
3.0340000000,28.8170005492
3.0350000000,29.1140578054
3.0360000000,29.3688623899
3.0370000000,29.5810015570
3.0380000000,29.7501240814
3.0390000000,29.8759409127
3.0400000000,29.9582257413
3.0410000000,29.9968154739
3.0420000000,29.9916106178
3.0430000000,29.9425755729
3.0440000000,29.8497388313
3.0450000000,29.7131930829
3.0460000000,29.5330952268
3.0470000000,29.3096662893
3.0480000000,29.0431912458
3.0490000000,28.7340187495
3.0500000000,28.3825607648
3.0510000000,27.9892921060
3.0520000000,27.5547498825
3.0530000000,27.0795328501
3.0540000000,26.5643006694
3.0550000000,26.0097730720
3.0560000000,25.4167289354
3.0570000000,24.7860052674
3.0580000000,24.1184961020
3.0590000000,23.4151513071
3.0600000000,22.6769753057
3.0610000000,21.9050257130
3.0620000000,21.1004118898
3.0630000000,20.2642934157
3.0640000000,19.3978784820
3.0650000000,18.5024222086
3.0660000000,17.5792248853
3.0670000000,16.6296301414
3.0680000000,15.6550230443
3.0690000000,14.6568281320
3.0700000000,13.6365073800
3.0710000000,12.5955581061
3.0720000000,11.5355108176
3.0730000000,10.4579270009
3.0740000000,9.3643968595
3.0750000000,8.2565370016
3.0760000000,7.1359880818
3.0770000000,6.0044124000
3.0780000000,4.8634914598
3.0790000000,3.7149234925
3.0800000000,2.5604209472
3.0810000000,1.4017079531
3.0820000000,0.2405177569
3.0830000000,-0.9214098620
3.0840000000,-2.0823311925
3.0850000000,-3.2405012069
3.0860000000,-4.3941761859
3.0870000000,-5.5416163484
3.0880000000,-6.6810884842
3.0890000000,-7.8108685833
3.0900000000,-8.9292444598
3.0910000000,-10.0345183650
3.0920000000,-11.1250095867
3.0930000000,-12.1990570301
3.0940000000,-13.2550217762
3.0950000000,-14.2912896143
3.0960000000,-15.3062735444
3.0970000000,-16.2984162457
3.0980000000,-17.2661925065
3.0990000000,-18.2081116130
3.1000000000,-19.1227196925
3.1010000000,-20.0086020068
3.1020000000,-20.8643851933
3.1030000000,-21.6887394490
3.1040000000,-22.4803806549
3.1050000000,-23.2380724360
3.1060000000,-23.9606281553
3.1070000000,-24.6469128372
3.1080000000,-25.2958450169
3.1090000000,-25.9063985144
3.1100000000,-26.4776041278
3.1110000000,-27.0085512450
3.1120000000,-27.4983893699
3.1130000000,-27.9463295609
3.1140000000,-28.3516457787
3.1150000000,-28.7136761421
3.1160000000,-29.0318240881
3.1170000000,-29.3055594351
3.1180000000,-29.5344193471
3.1190000000,-29.7180091969
3.1200000000,-29.8560033267
3.1210000000,-29.9481457044
3.1220000000,-29.9942504743
3.1230000000,-29.9942024015
3.1240000000,-29.9479572081
3.1250000000,-29.8555418002
3.1260000000,-29.7170543865
3.1270000000,-29.5326644861
3.1280000000,-29.3026128259
3.1290000000,-29.0272111275
3.1300000000,-28.7068417835
3.1310000000,-28.3419574229
3.1320000000,-27.9330803663
3.1330000000,-27.4808019714
3.1340000000,-26.9857818686
3.1350000000,-26.4487470894
3.1360000000,-25.8704910860
3.1370000000,-25.2518726457
3.1380000000,-24.5938146996
3.1390000000,-23.8973030280
3.1400000000,-23.1633848645
3.1410000000,-22.3931673993
3.1420000000,-21.5878161848
3.1430000000,-20.7485534461
3.1440000000,-19.8766562966
3.1450000000,-18.9734548636
3.1460000000,-18.0403303252
3.1470000000,-17.0787128614
3.1480000000,-16.0900795224
3.1490000000,-15.0759520176
3.1500000000,-14.0378944278
3.1510000000,-12.9775108444
3.1520000000,-11.8964429388
3.1530000000,-10.7963674657
3.1540000000,-9.6789937044
3.1550000000,-8.5460608411
3.1560000000,-7.3993352967
3.1570000000,-6.2406080039
3.1580000000,-5.0716916384
3.1590000000,-3.8944178070
3.1600000000,-2.7106341984
3.1610000000,-1.5222017001
3.1620000000,-0.3309914864
3.1630000000,0.8611179181
3.1640000000,2.0522435957
3.1650000000,3.2405012069
3.1660000000,4.4240079739
3.1670000000,5.6008856690
3.1680000000,6.7692636044
3.1690000000,7.9272816194
3.1700000000,9.0730930583
3.1710000000,10.2048677355
3.1720000000,11.3207948833
3.1730000000,12.4190860769
3.1740000000,13.4979781314
3.1750000000,14.5557359677
3.1760000000,15.5906554413
3.1770000000,16.6010661293
3.1780000000,17.5853340723
3.1790000000,18.5418644646
3.1800000000,19.4691042902
3.1810000000,20.3655448992
3.1820000000,21.2297245200
3.1830000000,22.0602307040
3.1840000000,22.8557026972
3.1850000000,23.6148337368
3.1860000000,24.3363732663
3.1870000000,25.0191290671
3.1880000000,25.6619693023
3.1890000000,26.2638244690
3.1900000000,26.8236892554
3.1910000000,27.3406243003
3.1920000000,27.8137578507
3.1930000000,28.2422873151
3.1940000000,28.6254807097
3.1950000000,28.9626779943
3.1960000000,29.2532922961
3.1970000000,29.4968110179
3.1980000000,29.6927968296
3.1990000000,29.8408885410
3.2000000000,29.9408018528
3.2010000000,29.9923299855
3.2020000000,29.9953441843
3.2030000000,29.9497940984
3.2040000000,29.8557080346
3.2050000000,29.7131930829
3.2060000000,29.5224351149
3.2070000000,29.2836986541
3.2080000000,28.9973266166
3.2090000000,28.6637399250
3.2100000000,28.2834369924
3.2110000000,27.8569930798
3.2120000000,27.3850595251
3.2130000000,26.8683628465
3.2140000000,26.3077037199
3.2150000000,25.7039558326
3.2160000000,25.0580646140
3.2170000000,24.3710458449
3.2180000000,23.6439841485
3.2190000000,22.8780313634
3.2200000000,22.0744048022
3.2210000000,21.2343853977
3.2220000000,20.3593157393
3.2230000000,19.4505980022
3.2240000000,18.5096917740
3.2250000000,17.5381117789
3.2260000000,16.5374255063
3.2270000000,15.5092507452
3.2280000000,14.4552530287
3.2290000000,13.3771429925
3.2300000000,12.2766736522
3.2310000000,11.1556376020
3.2320000000,10.0158641413
3.2330000000,8.8592163316
3.2340000000,7.6875879896
3.2350000000,6.5029006214
3.2360000000,5.3071003020
3.2370000000,4.1021545049
3.2380000000,2.8900488883
3.2390000000,1.6727840414
3.2400000000,0.4523721971
3.2410000000,-0.7691660835
3.2420000000,-1.9898052500
3.2430000000,-3.2075181194
3.2440000000,-4.4202792443
3.2450000000,-5.6260682878
3.2460000000,-6.8228733993
3.2470000000,-8.0086945855
3.2480000000,-9.1815470709
3.2490000000,-10.3394646422
3.2500000000,-11.4805029710
3.2510000000,-12.6027429089
3.2520000000,-13.7042937501
3.2530000000,-14.7832964548
3.2540000000,-15.8379268286
3.2550000000,-16.8663986529
3.2560000000,-17.8669667592
3.2570000000,-18.8379300438
3.2580000000,-19.7776344167
3.2590000000,-20.6844756794
3.2600000000,-21.5569023266
3.2610000000,-22.3934182677
3.2620000000,-23.1925854616
3.2630000000,-23.9530264618
3.2640000000,-24.6734268655
3.2650000000,-25.3525376640
3.2660000000,-25.9891774887
3.2670000000,-26.5822347490
3.2680000000,-27.1306696584
3.2690000000,-27.6335161447
3.2700000000,-28.0898836406
3.2710000000,-28.4989587517
3.2720000000,-28.8600067981
3.2730000000,-29.1723732267
3.2740000000,-29.4354848918
3.2750000000,-29.6488512011
3.2760000000,-29.8120651240
3.2770000000,-29.9248040617
3.2780000000,-29.9868305751
3.2790000000,-29.9979929706
3.2800000000,-29.9582257413
3.2810000000,-29.8675498623
3.2820000000,-29.7260729398
3.2830000000,-29.5339892126
3.2840000000,-29.2915794062
3.2850000000,-28.9992104380
3.2860000000,-28.6573349755
3.2870000000,-28.2664908457
3.2880000000,-27.8273002980
3.2890000000,-27.3404691198
3.2900000000,-26.8067856075
3.2910000000,-26.2271193922
3.2920000000,-25.6024201240
3.2930000000,-24.9337160143
3.2940000000,-24.2221122397
3.2950000000,-23.4687892095
3.2960000000,-22.6750006985
3.2970000000,-21.8420718496
3.2980000000,-20.9713970467
3.2990000000,-20.0644376639
3.3000000000,-19.1227196925
3.3010000000,-18.1478312495
3.3020000000,-17.1414199739
3.3030000000,-16.1051903108
3.3040000000,-15.0409006924
3.3050000000,-13.9503606159
3.3060000000,-12.8354276266
3.3070000000,-11.6980042087
3.3080000000,-10.5400345907
3.3090000000,-9.3635014690
3.3100000000,-8.1704226560
3.3110000000,-6.9628476588
3.3120000000,-5.7428541932
3.3130000000,-4.5125446385
3.3140000000,-3.2740424412
3.3150000000,-2.0294884715
3.3160000000,-0.7810373394
3.3170000000,0.4691463229
3.3180000000,1.7188916055
3.3190000000,2.9660250878
3.3200000000,4.2083746187
3.3210000000,5.4437731056
3.3220000000,6.6700623048
3.3230000000,7.8850966067
3.3240000000,9.0867468087
3.3250000000,10.2729038703
3.3260000000,11.4414826428
3.3270000000,12.5904255671
3.3280000000,13.7177063333
3.3290000000,14.8213334958
3.3300000000,15.8993540360
3.3310000000,16.9498568685
3.3320000000,17.9709762820
3.3330000000,18.9608953103
3.3340000000,19.9178490269
3.3350000000,20.8401277560
3.3360000000,21.7260801963
3.3370000000,22.5741164491
3.3380000000,23.3827109467
3.3390000000,24.1504052761
3.3400000000,24.8758108904
3.3410000000,25.5576117049
3.3420000000,26.1945665727
3.3430000000,26.7855116329
3.3440000000,27.3293625301
3.3450000000,27.8251164980
3.3460000000,28.2718543049
3.3470000000,28.6687420553
3.3480000000,29.0150328465
3.3490000000,29.3100682741
3.3500000000,29.5532797846
3.3510000000,29.7441898730
3.3520000000,29.8824131202
3.3530000000,29.9676570708
3.3540000000,29.9997229472
3.3550000000,29.9785061986
3.3560000000,29.9039968840
3.3570000000,29.7762798876
3.3580000000,29.5955349651
3.3590000000,29.3620366215
3.3600000000,29.0761538184
3.3610000000,28.7383495130
3.3620000000,28.3491800265
3.3630000000,27.9092942447
3.3640000000,27.4194326503
3.3650000000,26.8804261884
3.3660000000,26.2931949675
3.3670000000,25.6587467962
3.3680000000,24.9781755595
3.3690000000,24.2526594356
3.3700000000,23.4834589565
3.3710000000,22.6719149160
3.3720000000,21.8194461269
3.3730000000,20.9275470323
3.3740000000,19.9977851746
3.3750000000,19.0317985249
3.3760000000,18.0312926797
3.3770000000,16.9980379273
3.3780000000,15.9338661894
3.3790000000,14.8406678441
3.3800000000,13.7203884342
3.3810000000,12.5750252666
3.3820000000,11.4066239100
3.3830000000,10.2172745951
3.3840000000,9.0091085244
3.3850000000,7.7842940984
3.3860000000,6.5450330637
3.3870000000,5.2935565907
3.3880000000,4.0321212874
3.3890000000,2.7630051561
3.3900000000,1.4885035010
3.3910000000,0.2109247930
3.3920000000,-1.0674135004
3.3930000000,-2.3441891121
3.3940000000,-3.6170791936
3.3950000000,-4.8837645436
3.3960000000,-6.1419338429
3.3970000000,-7.3892878850
3.3980000000,-8.6235437965
3.3990000000,-9.8424392383
3.4000000000,-11.0437365805
3.4010000000,-12.2252270440
3.4020000000,-13.3847347984
3.4030000000,-14.5201210126
3.4040000000,-15.6292878466
3.4050000000,-16.7101823795
3.4060000000,-17.7608004652
3.4070000000,-18.7791905091
3.4080000000,-19.7634571576
3.4090000000,-20.7117648946
3.4100000000,-21.6223415371
3.4110000000,-22.4934816234
3.4120000000,-23.3235496881
3.4130000000,-24.1109834154
3.4140000000,-24.8542966674
3.4150000000,-25.5520823788
3.4160000000,-26.2030153136
3.4170000000,-26.8058546784
3.4180000000,-27.3594465857
3.4190000000,-27.8627263635
3.4200000000,-28.3147207062
3.4210000000,-28.7145496614
3.4220000000,-29.0614284495
3.4230000000,-29.3546691113
3.4240000000,-29.5936819812
3.4250000000,-29.7779769807
3.4260000000,-29.9071647314
3.4270000000,-29.9809574835
3.4280000000,-29.9991698580
3.4290000000,-29.9617193999
3.4300000000,-29.8686269424
3.4310000000,-29.7200167786
3.4320000000,-29.5161166415
3.4330000000,-29.2572574916
3.4340000000,-28.9438731099
3.4350000000,-28.5764994999
3.4360000000,-28.1557740954
3.4370000000,-27.6824347780
3.4380000000,-27.1573187032
3.4390000000,-26.5813609388
3.4400000000,-25.9555929155
3.4410000000,-25.2811406935
3.4420000000,-24.5592230472
3.4430000000,-23.7911493711
3.4440000000,-22.9783174098
3.4450000000,-22.1222108169
3.4460000000,-21.2243965455
3.4470000000,-20.2865220759
3.4480000000,-19.3103124842
3.4490000000,-18.2975673577
3.4500000000,-17.2501575613
3.4510000000,-16.1700218621
3.4520000000,-15.0591634164
3.4530000000,-13.9196461266
3.4540000000,-12.7535908737
3.4550000000,-11.5631716328
3.4560000000,-10.3506114774
3.4570000000,-9.1181784817
3.4580000000,-7.8681815258
3.4590000000,-6.6029660135
3.4600000000,-5.3249095099
3.4610000000,-4.0364173064
3.4620000000,-2.7399179214
3.4630000000,-1.4378585458
3.4640000000,-0.1327004409
3.4650000000,1.1730857024
3.4660000000,2.4770244344
3.4670000000,3.7766402383
3.4680000000,5.0694622349
3.4690000000,6.3530288894
3.4700000000,7.6248927144
3.4710000000,8.8826249566
3.4720000000,10.1238202614
3.4730000000,11.3461013037
3.4740000000,12.5471233783
3.4750000000,13.7245789391
3.4760000000,14.8762020797
3.4770000000,15.9997729455
3.4780000000,17.0931220690
3.4790000000,18.1541346209
3.4800000000,19.1807545664
3.4810000000,20.1709887199
3.4820000000,21.1229106904
3.4830000000,22.0346647077
3.4840000000,22.9044693242
3.4850000000,23.7306209826
3.4860000000,24.5114974436
3.4870000000,25.2455610657
3.4880000000,25.9313619316
3.4890000000,26.5675408124
3.4900000000,27.1528319658
3.4910000000,27.6860657615
3.4920000000,28.1661711268
3.4930000000,28.5921778098
3.4940000000,28.9632184529
3.4950000000,29.2785304728
3.4960000000,29.5374577437
3.4970000000,29.7394520782
3.4980000000,29.8840745031
3.4990000000,29.9709963275
3.5000000000,30.0000000000
3.5010000000,29.9709797520
3.5020000000,29.8839420266
3.5030000000,29.7390056909
3.5040000000,29.5364020295
3.5050000000,29.2764745212
3.5060000000,28.9596783954
3.5070000000,28.5865799713
3.5080000000,28.1578557785
3.5090000000,27.6742914610
3.5100000000,27.1367804658
3.5110000000,26.5463225176
3.5120000000,25.9040218831
3.5130000000,25.2110854261
3.5140000000,24.4688204576
3.5150000000,23.6786323839
3.5160000000,22.8420221574
3.5170000000,21.9605835333
3.5180000000,21.0360001381
3.5190000000,20.0700423547
3.5200000000,19.0645640290
3.5210000000,18.0214990053
3.5220000000,16.9428574947
3.5230000000,15.8307222856
3.5240000000,14.6872448012
3.5250000000,13.5146410124
3.5260000000,12.3151872130
3.5270000000,11.0912156660
3.5280000000,9.8451101280
3.5290000000,8.5793012614
3.5300000000,7.2962619416
3.5310000000,5.9985024702
3.5320000000,4.6885657011
3.5330000000,3.3690220903
3.5340000000,2.0424646786
3.5350000000,0.7115040172
3.5360000000,-0.6212369551
3.5370000000,-1.9531280715
3.5380000000,-3.2815371245
3.5390000000,-4.6038350703
3.5400000000,-5.9174012406
3.5410000000,-7.2196285506
3.5420000000,-8.5079286935
3.5430000000,-9.7797373109
3.5440000000,-11.0325191287
3.5450000000,-12.2637730486
3.5460000000,-13.4710371842
3.5470000000,-14.6518938321
3.5480000000,-15.8039743671
3.5490000000,-16.9249640536
3.5500000000,-18.0126067598
3.5510000000,-19.0647095685
3.5520000000,-20.0791472731
3.5530000000,-21.0538667494
3.5540000000,-21.9868911952
3.5550000000,-22.8763242275
3.5560000000,-23.7203538299
3.5570000000,-24.5172561407
3.5580000000,-25.2653990742
3.5590000000,-25.9632457678
3.5600000000,-26.6093578465
3.5610000000,-27.2023984984
3.5620000000,-27.7411353544
3.5630000000,-28.2244431648
3.5640000000,-28.6513062687
3.5650000000,-29.0208208485
3.5660000000,-29.3321969651
3.5670000000,-29.5847603705
3.5680000000,-29.7779540899
3.5690000000,-29.9113397739
3.5700000000,-29.9845988133
3.5710000000,-29.9975332164
3.5720000000,-29.9500662444
3.5730000000,-29.8422428041
3.5740000000,-29.6742295961
3.5750000000,-29.4463150163
3.5760000000,-29.1589088124
3.5770000000,-28.8125414931
3.5780000000,-28.4078634913
3.5790000000,-27.9456440834
3.5800000000,-27.4267700636
3.5810000000,-26.8522441777
3.5820000000,-26.2231833169
3.5830000000,-25.5408164764
3.5840000000,-24.8064824801
3.5850000000,-24.0216274768
3.5860000000,-23.1878022124
3.5870000000,-22.3066590816
3.5880000000,-21.3799489659
3.5890000000,-20.4095178630
3.5900000000,-19.3973033136
3.5910000000,-18.3453306328
3.5920000000,-17.2557089531
3.5930000000,-16.1306270866
3.5940000000,-14.9723492129
3.5950000000,-13.7832104042
3.5960000000,-12.5656119920
3.5970000000,-11.3220167886
3.5980000000,-10.0549441698
3.5990000000,-8.7669650291
3.6000000000,-7.4606966149
3.6010000000,-6.1387972587
3.6020000000,-4.8039610060
3.6030000000,-3.4589121613
3.6040000000,-2.1063997562
3.6050000000,-0.7491919533
3.6060000000,0.6099296028
3.6070000000,1.9681754769
3.6080000000,3.3227541646
3.6090000000,4.6708778324
3.6100000000,6.0097680642
3.6110000000,7.3366616033
3.6120000000,8.6488160769
3.6130000000,9.9435156922
3.6140000000,11.2180768914
3.6150000000,12.4698539545
3.6160000000,13.6962445379
3.6170000000,14.8946951368
3.6180000000,16.0627064602
3.6190000000,17.1978387072
3.6200000000,18.2977167332
3.6210000000,19.3600350945
3.6220000000,20.3825629613
3.6230000000,21.3631488881
3.6240000000,22.2997254308
3.6250000000,23.1903136009
3.6260000000,24.0330271472
3.6270000000,24.8260766548
3.6280000000,25.5677734531
3.6290000000,26.2565333233
3.6300000000,26.8908799984
3.6310000000,27.4694484457
3.6320000000,27.9909879264
3.6330000000,28.4543648239
3.6340000000,28.8585652347
3.6350000000,29.2026973151
3.6360000000,29.4859933799
3.6370000000,29.7078117451
3.6380000000,29.8676383127
3.6390000000,29.9650878915
3.6400000000,29.9999052518
3.6410000000,29.9719659102
3.6420000000,29.8812766413
3.6430000000,29.7279757168
3.6440000000,29.5123328679
3.6450000000,29.2347489719
3.6460000000,28.8957554626
3.6470000000,28.4960134644
3.6480000000,28.0363126516
3.6490000000,27.5175698343
3.6500000000,26.9408272728
3.6510000000,26.3072507238
3.6520000000,25.6181272210
3.6530000000,24.8748625950
3.6540000000,24.0789787355
3.6550000000,23.2321106027
3.6560000000,22.3360029908
3.6570000000,21.3925070534
3.6580000000,20.4035765933
3.6590000000,19.3712641278
3.6600000000,18.2977167332
3.6610000000,17.1851716809
3.6620000000,16.0359518698
3.6630000000,14.8524610668
3.6640000000,13.6371789635
3.6650000000,12.3926560600
3.6660000000,11.1215083850
3.6670000000,9.8264120644
3.6680000000,8.5100977481
3.6690000000,7.1753449075
3.6700000000,5.8249760147
3.6710000000,4.4618506162
3.6720000000,3.0888593126
3.6730000000,1.7089176577
3.6740000000,0.3249599890
3.6750000000,-1.0600667963
3.6760000000,-2.4432095088
3.6770000000,-3.8215149614
3.6780000000,-5.1920362807
3.6790000000,-6.5518392197
3.6800000000,-7.8980084586
3.6810000000,-9.2276538814
3.6820000000,-10.5379168131
3.6830000000,-11.8259762051
3.6840000000,-13.0890547544
3.6850000000,-14.3244249449
3.6860000000,-15.5294149959
3.6870000000,-16.7014147050
3.6880000000,-17.8378811736
3.6890000000,-18.9363444015
3.6900000000,-19.9944127375
3.6910000000,-21.0097781756
3.6920000000,-21.9802214834
3.6930000000,-22.9036171511
3.6940000000,-23.7779381518
3.6950000000,-24.6012604991
3.6960000000,-25.3717675949
3.6970000000,-26.0877543547
3.6980000000,-26.7476311023
3.6990000000,-27.3499272245
3.7000000000,-27.8932945766
3.7010000000,-28.3765106317
3.7020000000,-28.7984813646
3.7030000000,-29.1582438649
3.7040000000,-29.4549686723
3.7050000000,-29.6879618266
3.7060000000,-29.8566666308
3.7070000000,-29.9606651178
3.7080000000,-29.9996792211
3.7090000000,-29.9735716430
3.7100000000,-29.8823464195
3.7110000000,-29.7261491776
3.7120000000,-29.5052670865
3.7130000000,-29.2201284985
3.7140000000,-28.8713022830
3.7150000000,-28.4594968502
3.7160000000,-27.9855588703
3.7170000000,-27.4504716853
3.7180000000,-26.8553534200
3.7190000000,-26.2014547926
3.7200000000,-25.4901566311
3.7210000000,-24.7229670978
3.7220000000,-23.9015186289
3.7230000000,-23.0275645941
3.7240000000,-22.1029756835
3.7250000000,-21.1297360277
3.7260000000,-20.1099390602
3.7270000000,-19.0457831295
3.7280000000,-17.9395668702
3.7290000000,-16.7936843423
3.7300000000,-15.6106199495
3.7310000000,-14.3929431455
3.7320000000,-13.1433029410
3.7330000000,-11.8644222219
3.7340000000,-10.5590918912
3.7350000000,-9.2301648465
3.7360000000,-7.8805498063
3.7370000000,-6.5132049983
3.7380000000,-5.1311317233
3.7390000000,-3.7373678074
3.7400000000,-2.3349809594
3.7410000000,-0.9270620446
3.7420000000,0.4832817084
3.7430000000,1.8929335532
3.7440000000,3.2987741086
3.7450000000,4.6976882649
3.7460000000,6.0865720964
3.7470000000,7.4623397656
3.7480000000,8.8219304051
3.7490000000,10.1623149590
3.7500000000,11.4805029710
3.7510000000,12.7735493026
3.7520000000,14.0385607670
3.7530000000,15.2727026625
3.7540000000,16.4732051923
3.7550000000,17.6373697540
3.7560000000,18.7625750862
3.7570000000,19.8462832570
3.7580000000,20.8860454811
3.7590000000,21.8795077512
3.7600000000,22.8244162716
3.7610000000,23.7186226804
3.7620000000,24.5600890491
3.7630000000,25.3468926458
3.7640000000,26.0772304527
3.7650000000,26.7494234263
3.7660000000,27.3619204890
3.7670000000,27.9133022444
3.7680000000,28.4022844048
3.7690000000,28.8277209243
3.7700000000,29.1886068289
3.7710000000,29.4840807355
3.7720000000,29.7134270550
3.7730000000,29.8760778718
3.7740000000,29.9716144956
3.7750000000,29.9997686814
3.7760000000,29.9604235122
3.7770000000,29.8536139434
3.7780000000,29.6795270059
3.7790000000,29.4385016658
3.7800000000,29.1310283416
3.7810000000,28.7577480769
3.7820000000,28.3194513715
3.7830000000,27.8170766713
3.7840000000,27.2517085196
3.7850000000,26.6245753739
3.7860000000,25.9370470903
3.7870000000,25.1906320826
3.7880000000,24.3869741594
3.7890000000,23.5278490476
3.7900000000,22.6151606065
3.7910000000,21.6509367437
3.7920000000,20.6373250380
3.7930000000,19.5765880804
3.7940000000,18.4710985422
3.7950000000,17.3233339808
3.7960000000,16.1358713945
3.7970000000,14.9113815374
3.7980000000,13.6526230075
3.7990000000,12.3624361202
3.8000000000,11.0437365805
3.8010000000,9.6995089687
3.8020000000,8.3328000524
3.8030000000,6.9467119416
3.8040000000,5.5443951001
3.8050000000,4.1290412301
3.8060000000,2.7038760453
3.8070000000,1.2721519497
3.8080000000,-0.1628593632
3.8090000000,-1.5978743722
3.8100000000,-3.0296052348
3.8110000000,-4.4547673222
3.8120000000,-5.8700867636
3.8130000000,-7.2723079846
3.8140000000,-8.6582012205
3.8150000000,-10.0245699887
3.8160000000,-11.3682585015
3.8170000000,-12.6861590033
3.8180000000,-13.9752190141
3.8190000000,-15.2324484625
3.8200000000,-16.4549266922
3.8210000000,-17.6398093241
3.8220000000,-18.7843349593
3.8230000000,-19.8858317052
3.8240000000,-20.9417235113
3.8250000000,-21.9495362974
3.8260000000,-22.9069038604
3.8270000000,-23.8115735461
3.8280000000,-24.6614116703
3.8290000000,-25.4544086777
3.8300000000,-26.1886840252
3.8310000000,-26.8624907765
3.8320000000,-27.4742198990
3.8330000000,-28.0224042490
3.8340000000,-28.5057222378
3.8350000000,-28.9230011675
3.8360000000,-29.2732202284
3.8370000000,-29.5555131504
3.8380000000,-29.7691705003
3.8390000000,-29.9136416199
3.8400000000,-29.9885361977
3.8410000000,-29.9936254714
3.8420000000,-29.9288430555
3.8430000000,-29.7942853926
3.8440000000,-29.5902118249
3.8450000000,-29.3170442854
3.8460000000,-28.9753666087
3.8470000000,-28.5659234610
3.8480000000,-28.0896188914
3.8490000000,-27.5475145067
3.8500000000,-26.9408272728
3.8510000000,-26.2709269469
3.8520000000,-25.5393331452
3.8530000000,-24.7477120524
3.8540000000,-23.8978727793
3.8550000000,-22.9917633763
3.8560000000,-22.0314665108
3.8570000000,-21.0191948186
3.8580000000,-19.9572859381
3.8590000000,-18.8481972391
3.8600000000,-17.6945002573
3.8610000000,-16.4988748466
3.8620000000,-15.2641030628
3.8630000000,-13.9930627919
3.8640000000,-12.6887211373
3.8650000000,-11.3541275806
3.8660000000,-9.9924069333
3.8670000000,-8.6067520919
3.8680000000,-7.2004166172
3.8690000000,-5.7767071515
3.8700000000,-4.3389756929
3.8710000000,-2.8906117444
3.8720000000,-1.4350343554
3.8730000000,0.0243159245
3.8740000000,1.4839851626
3.8750000000,2.9405142099
3.8760000000,4.3904468995
3.8770000000,5.8303382571
3.8780000000,7.2567627042
3.8790000000,8.6663222334
3.8800000000,10.0556545382
3.8810000000,11.4214410755
3.8820000000,12.7604150441
3.8830000000,14.0693692567
3.8840000000,15.3451638893
3.8850000000,16.5847340875
3.8860000000,17.7850974114
3.8870000000,18.9433611011
3.8880000000,20.0567291449
3.8890000000,21.1225091324
3.8900000000,22.1381188761
3.8910000000,23.1010927839
3.8920000000,24.0090879682
3.8930000000,24.8598900746
3.8940000000,25.6514188164
3.8950000000,26.3817331999
3.8960000000,27.0490364288
3.8970000000,27.6516804726
3.8980000000,28.1881702892
3.8990000000,28.6571676896
3.9000000000,29.0574948339
3.9010000000,29.3881373507
3.9020000000,29.6482470697
3.9030000000,29.8371443609
3.9040000000,29.9543200726
3.9050000000,29.9994370642
3.9060000000,29.9723313267
3.9070000000,29.8730126889
3.9080000000,29.7016651049
3.9090000000,29.4586465231
3.9100000000,29.1444883329
3.9110000000,28.7598943922
3.9120000000,28.3057396351
3.9130000000,27.7830682619
3.9140000000,27.1930915166
3.9150000000,26.5371850529
3.9160000000,25.8168858972
3.9170000000,25.0338890123
3.9180000000,24.1900434710
3.9190000000,23.2873482462
3.9200000000,22.3279476273
3.9210000000,21.3141262736
3.9220000000,20.2483039148
3.9230000000,19.1330297104
3.9240000000,17.9709762820
3.9250000000,16.7649334311
3.9260000000,15.5178015565
3.9270000000,14.2325847878
3.9280000000,12.9123838501
3.9290000000,11.5603886763
3.9300000000,10.1798707849
3.9310000000,8.7741754417
3.9320000000,7.3467136224
3.9330000000,5.9009537968
3.9340000000,4.4404135535
3.9350000000,2.9686510850
3.9360000000,1.4892565541
3.9370000000,0.0058433623
3.9380000000,-1.4779606590
3.9390000000,-2.9585221124
3.9400000000,-4.4322109331
3.9410000000,-5.8954092986
3.9420000000,-7.3445205294
3.9430000000,-8.7759779583
3.9440000000,-10.1862537454
3.9450000000,-11.5718676184
3.9460000000,-12.9293955157
3.9470000000,-14.2554781104
3.9480000000,-15.5468291952
3.9490000000,-16.8002439052
3.9500000000,-18.0126067598
3.9510000000,-19.1808995019
3.9520000000,-20.3022087153
3.9530000000,-21.3737332005
3.9540000000,-22.3927910899
3.9550000000,-23.3568266847
3.9560000000,-24.2634169949
3.9570000000,-25.1102779660
3.9580000000,-25.8952703763
3.9590000000,-26.6164053881
3.9600000000,-27.2718497398
3.9610000000,-27.8599305636
3.9620000000,-28.3791398162
3.9630000000,-28.8281383109
3.9640000000,-29.2057593393
3.9650000000,-29.5110118731
3.9660000000,-29.7430833359
3.9670000000,-29.9013419386
3.9680000000,-29.9853385690
3.9690000000,-29.9948082319
3.9700000000,-29.9296710339
3.9710000000,-29.7900327087
3.9720000000,-29.5761846810
3.9730000000,-29.2886036679
3.9740000000,-28.9279508163
3.9750000000,-28.4950703784
3.9760000000,-27.9909879264
3.9770000000,-27.4169081103
3.9780000000,-26.7742119626
3.9790000000,-26.0644537562
3.9800000000,-25.2893574205
3.9810000000,-24.4508125257
3.9820000000,-23.5508698421
3.9830000000,-22.5917364858
3.9840000000,-21.5757706614
3.9850000000,-20.5054760126
3.9860000000,-19.3834955969
3.9870000000,-18.2126054943
3.9880000000,-16.9957080689
3.9890000000,-15.7358248970
3.9900000000,-14.4360893795
3.9910000000,-13.0997390562
3.9920000000,-11.7301076407
3.9930000000,-10.3306167943
3.9940000000,-8.9047676613
3.9950000000,-7.4561321823
3.9960000000,-5.9883442119
3.9970000000,-4.5050904582
3.9980000000,-3.0101012692
3.9990000000,-1.5071412879
4.0000000000,-0.0000000000
4.0010000000,1.5075178028
4.0020000000,3.0116016200
4.0030000000,4.5084448746
4.0040000000,5.9942545584
4.0050000000,7.4652608635
4.0060000000,8.9177267774
4.0070000000,10.3479576161
4.0080000000,11.7523104710
4.0090000000,13.1272035462
4.0100000000,14.4691253609
4.0110000000,15.7746437940
4.0120000000,17.0404149473
4.0130000000,18.2631918033
4.0140000000,19.4398326574
4.0150000000,20.5673092991
4.0160000000,21.6427149232
4.0170000000,22.6632717491
4.0180000000,23.6263383280
4.0190000000,24.5294165187
4.0200000000,25.3701581126
4.0210000000,26.1463710911
4.0220000000,26.8560254978
4.0230000000,27.4972589085
4.0240000000,28.0683814864
4.0250000000,28.5678806052
4.0260000000,28.9944250299
4.0270000000,29.3468686415
4.0280000000,29.6242536958
4.0290000000,29.8258136060
4.0300000000,29.9509752418
4.0310000000,29.9993607356
4.0320000000,29.9707887925
4.0330000000,29.8652754974
4.0340000000,29.6830346165
4.0350000000,29.4244773906
4.0360000000,29.0902118206
4.0370000000,28.6810414438
4.0380000000,28.1979636041
4.0390000000,27.6421672192
4.0400000000,27.0150300477
4.0410000000,26.3181154639
4.0420000000,25.5531687461
4.0430000000,24.7221128863
4.0440000000,23.8270439317
4.0450000000,22.8702258688
4.0460000000,21.8540850609
4.0470000000,20.7812042540
4.0480000000,19.6543161633
4.0490000000,18.4762966585
4.0500000000,17.2501575613
4.0510000000,15.9790390756
4.0520000000,14.6662018672
4.0530000000,13.3150188135
4.0540000000,11.9289664433
4.0550000000,10.5116160887
4.0560000000,9.0666247700
4.0570000000,7.5977258389
4.0580000000,6.1087194011
4.0590000000,4.6034625444
4.0600000000,3.0858593968
4.0610000000,1.5598510397
4.0620000000,0.0294053025
4.0630000000,-1.5014935349
4.0640000000,-3.0288551062
4.0650000000,-4.5486933603
4.0660000000,-6.0570369764
4.0670000000,-7.5499397620
4.0680000000,-9.0234910093
4.0690000000,-10.4738257813
4.0700000000,-11.8971351012
4.0710000000,-13.2896760173
4.0720000000,-14.6477815177
4.0730000000,-15.9678702675
4.0740000000,-17.2464561431
4.0750000000,-18.4801575379
4.0760000000,-19.6657064139
4.0770000000,-20.7999570753
4.0780000000,-21.8798946397
4.0790000000,-22.9026431848
4.0800000000,-23.8654735466
4.0810000000,-24.7658107500
4.0820000000,-25.6012410485
4.0830000000,-26.3695185555
4.0840000000,-27.0685714484
4.0850000000,-27.6965077257
4.0860000000,-28.2516205049
4.0870000000,-28.7323928414
4.0880000000,-29.1375020577
4.0890000000,-29.4658235686
4.0900000000,-29.7164341912
4.0910000000,-29.8886149303
4.0920000000,-29.9818532285
4.0930000000,-29.9958446761
4.0940000000,-29.9304941727
4.0950000000,-29.7859165375
4.0960000000,-29.5624365640
4.0970000000,-29.2605885184
4.0980000000,-28.8811150803
4.0990000000,-28.4249657291
4.1000000000,-27.8932945766
4.1010000000,-27.2874576516
4.1020000000,-26.6090096411
4.1030000000,-25.8597000974
4.1040000000,-25.0414691166
4.1050000000,-24.1564425013
4.1060000000,-23.2069264185
4.1070000000,-22.1954015634
4.1080000000,-21.1245168473
4.1090000000,-19.9970826210
4.1100000000,-18.8160634540
4.1110000000,-17.5845704847
4.1120000000,-16.3058533637
4.1130000000,-14.9832918083
4.1140000000,-13.6203867910
4.1150000000,-12.2207513841
4.1160000000,-10.7881012850
4.1170000000,-9.3262450447
4.1180000000,-7.8390740275
4.1190000000,-6.3305521255
4.1200000000,-4.8047052571
4.1210000000,-3.2656106754
4.1220000000,-1.7173861162
4.1230000000,-0.1641788125
4.1240000000,1.3898455928
4.1250000000,2.9405142099
4.1260000000,4.4836581066
4.1270000000,6.0151235289
4.1280000000,7.5307831032
4.1290000000,9.0265469937
4.1300000000,10.4983739817
4.1310000000,11.9422824382
4.1320000000,13.3543611607
4.1330000000,14.7307800420
4.1340000000,16.0678005443
4.1350000000,17.3617859489
4.1360000000,18.6092113524
4.1370000000,19.8066733824
4.1380000000,20.9508996066
4.1390000000,22.0387576065
4.1400000000,23.0672636926
4.1410000000,24.0335912359
4.1420000000,24.9350785910
4.1430000000,25.7692365896
4.1440000000,26.5337555821
4.1450000000,27.2265120077
4.1460000000,27.8455744727
4.1470000000,28.3892093204
4.1480000000,28.8558856758
4.1490000000,29.2442799488
4.1500000000,29.5532797846
4.1510000000,29.7819874465
4.1520000000,29.9297226219
4.1530000000,29.9960246421
4.1540000000,29.9806541082
4.1550000000,29.8835939166
4.1560000000,29.7050496805
4.1570000000,29.4454495444
4.1580000000,29.1054433898
4.1590000000,28.6859014340
4.1600000000,28.1879122232
4.1610000000,27.6127800234
4.1620000000,26.9620216167
4.1630000000,26.2373625073
4.1640000000,25.4407325487
4.1650000000,24.5742610010
4.1660000000,23.6402710306
4.1670000000,22.6412736662
4.1680000000,21.5799612266
4.1690000000,20.4592002355
4.1700000000,19.2820238439
4.1710000000,18.0516237764
4.1720000000,16.7713418257
4.1730000000,15.4446609150
4.1740000000,14.0751957527
4.1750000000,12.6666831045
4.1760000000,11.2229717076
4.1770000000,9.7480118552
4.1780000000,8.2458446779
4.1790000000,6.7205911518
4.1800000000,5.1764408624
4.1810000000,3.6176405544
4.1820000000,2.0484824996
4.1830000000,0.4732927136
4.1840000000,-1.1035809466
4.1850000000,-2.6777807701
4.1860000000,-4.2449512341
4.1870000000,-5.8007510640
4.1880000000,-7.3408652816
4.1890000000,-8.8610172051
4.1900000000,-10.3569803695
4.1910000000,-11.8245903330
4.1920000000,-13.2597563364
4.1930000000,-14.6584727830
4.1940000000,-16.0168305069
4.1950000000,-17.3310277970
4.1960000000,-18.5973811456
4.1970000000,-19.8123356921
4.1980000000,-20.9724753296
4.1990000000,-22.0745324480
4.2000000000,-23.1153972833
4.2010000000,-24.0921268472
4.2020000000,-25.0019534109
4.2030000000,-25.8422925174
4.2040000000,-26.6107504998
4.2050000000,-27.3051314826
4.2060000000,-27.9234438453
4.2070000000,-28.4639061286
4.2080000000,-28.9249523652
4.2090000000,-29.3052368198
4.2100000000,-29.6036381215
4.2110000000,-29.8192627771
4.2120000000,-29.9514480536
4.2130000000,-29.9997642188
4.2140000000,-29.9640161343
4.2150000000,-29.8442441923
4.2160000000,-29.6407245944
4.2170000000,-29.3539689671
4.2180000000,-28.9847233157
4.2190000000,-28.5339663171
4.2200000000,-28.0029069535
4.2210000000,-27.3929814935
4.2220000000,-26.7058498270
4.2230000000,-25.9433911611
4.2240000000,-25.1076990902
4.2250000000,-24.2010760499
4.2260000000,-23.2260271705
4.2270000000,-22.1852535448
4.2280000000,-21.0816449285
4.2290000000,-19.9182718921
4.2300000000,-18.6983774450
4.2310000000,-17.4253681535
4.2320000000,-16.1028047782
4.2330000000,-14.7343924541
4.2340000000,-13.3239704415
4.2350000000,-11.8755014749
4.2360000000,-10.3930607391
4.2370000000,-8.8808245034
4.2380000000,-7.3430584442
4.2390000000,-5.7841056897
4.2400000000,-4.2083746187
4.2410000000,-2.6203264482
4.2420000000,-1.0244626446
4.2430000000,0.5746878061
4.2440000000,2.1725812344
4.2450000000,3.7646721909
4.2460000000,5.3464263840
4.2470000000,6.9133336120
4.2480000000,8.4609206543
4.2490000000,9.9847640850
4.2500000000,11.4805029710
4.2510000000,12.9438514184
4.2520000000,14.3706109323
4.2530000000,15.7566825518
4.2540000000,17.0980787265
4.2550000000,18.3909349005
4.2560000000,19.6315207673
4.2570000000,20.8162511656
4.2580000000,21.9416965820
4.2590000000,23.0045932294
4.2600000000,24.0018526729
4.2610000000,24.9305709716
4.2620000000,25.7880373114
4.2630000000,26.5717421014
4.2640000000,27.2793845091
4.2650000000,27.9088794125
4.2660000000,28.4583637456
4.2670000000,28.9262022194
4.2680000000,29.3109924000
4.2690000000,29.6115691257
4.2700000000,29.8270082511
4.2710000000,29.9566297047
4.2720000000,29.9999998484
4.2730000000,29.9569331321
4.2740000000,29.8274930356
4.2750000000,29.6119922934
4.2760000000,29.3109924000
4.2770000000,28.9253023963
4.2780000000,28.4559769363
4.2790000000,27.9043136404
4.2800000000,27.2718497398
4.2810000000,26.5603580202
4.2820000000,25.7718420744
4.2830000000,24.9085308767
4.2840000000,23.9728726918
4.2850000000,22.9675283358
4.2860000000,21.8953638050
4.2870000000,20.7594422948
4.2880000000,19.5630156281
4.2890000000,18.3095151186
4.2900000000,17.0025418918
4.2910000000,15.6458566930
4.2920000000,14.2433692087
4.2930000000,12.7991269322
4.2940000000,11.3173036047
4.2950000000,9.8021872639
4.2960000000,8.2581679343
4.2970000000,6.6897249949
4.2980000000,5.1014142587
4.2990000000,3.4978548028
4.3000000000,1.8837155859
4.3010000000,0.2637018914
4.3020000000,-1.3574583629
4.3030000000,-2.9750284110
4.3040000000,-4.5842764791
4.3050000000,-6.1804896408
4.3060000000,-7.7589876453
4.3070000000,-9.3151366799
4.3080000000,-10.8443630240
4.3090000000,-12.3421665563
4.3100000000,-13.8041340737
4.3110000000,-15.2259523833
4.3120000000,-16.6034211275
4.3130000000,-17.9324653052
4.3140000000,-19.2091474493
4.3150000000,-20.4296794268
4.3160000000,-21.5904338225
4.3170000000,-22.6879548747
4.3180000000,-23.7189689272
4.3190000000,-24.6803943669
4.3200000000,-25.5693510162
4.3210000000,-26.3831689506
4.3220000000,-27.1193967143
4.3230000000,-27.7758089083
4.3240000000,-28.3504131264
4.3250000000,-28.8414562174
4.3260000000,-29.2474298530
4.3270000000,-29.5670753831
4.3280000000,-29.7993879630
4.3290000000,-29.9436199374
4.3300000000,-29.9992834696
4.3310000000,-29.9661524071
4.3320000000,-29.8442633746
4.3330000000,-29.6339160906
4.3340000000,-29.3356729036
4.3350000000,-28.9503575478
4.3360000000,-28.4790531206
4.3370000000,-27.9230992842
4.3380000000,-27.2840887000
4.3390000000,-26.5638627022
4.3400000000,-25.7645062230
4.3410000000,-24.8883419823
4.3420000000,-23.9379239573
4.3430000000,-22.9160301489
4.3440000000,-21.8256546661
4.3450000000,-20.6699991492
4.3460000000,-19.4524635562
4.3470000000,-18.1766363381
4.3480000000,-16.8462840310
4.3490000000,-15.4653402944
4.3500000000,-14.0378944278
4.3510000000,-12.5681793975
4.3520000000,-11.0605594094
4.3530000000,-9.5195170626
4.3540000000,-7.9496401226
4.3550000000,-6.3556079517
4.3560000000,-4.7421776369
4.3570000000,-3.1141698560
4.3580000000,-1.4764545237
4.3590000000,0.1660637396
4.3600000000,1.8084602733
4.3610000000,3.4458051327
4.3620000000,5.0731778914
4.3630000000,6.6856824454
4.3640000000,8.2784617752
4.3650000000,9.8467126199
4.3660000000,11.3857000208
4.3670000000,12.8907716878
4.3680000000,14.3573721482
4.3690000000,15.7810566307
4.3700000000,17.1575046459
4.3710000000,18.4825332185
4.3720000000,19.7521097324
4.3730000000,20.9623643473
4.3740000000,22.1096019499
4.3750000000,23.1903136009
4.3760000000,24.2011874424
4.3770000000,25.1391190316
4.3780000000,26.0012210679
4.3790000000,26.7848324821
4.3800000000,27.4875268588
4.3810000000,28.1071201650
4.3820000000,28.6416777591
4.3830000000,29.0895206580
4.3840000000,29.4492310404
4.3850000000,29.7196569690
4.3860000000,29.8999163137
4.3870000000,29.9893998632
4.3880000000,29.9877736130
4.3890000000,29.8949802202
4.3900000000,29.7112396200
4.3910000000,29.4370487983
4.3920000000,29.0731807198
4.3930000000,28.6206824134
4.3940000000,28.0808722166
4.3950000000,27.4553361880
4.3960000000,26.7459236941
4.3970000000,25.9547421835
4.3980000000,25.0841511619
4.3990000000,24.1367553843
4.4000000000,23.1153972833
4.4010000000,22.0231486549
4.4020000000,20.8633016252
4.4030000000,19.6393589237
4.4040000000,18.3550234922
4.4050000000,17.0141874579
4.4060000000,15.6209205051
4.4070000000,14.1794576770
4.4080000000,12.6941866462
4.4090000000,11.1696344905
4.4100000000,9.6104540124
4.4110000000,8.0214096457
4.4120000000,6.4073629891
4.4130000000,4.7732580121
4.4140000000,3.1241059764
4.4150000000,1.4649701200
4.4160000000,-0.1990498500
4.4170000000,-1.8628334091
4.4180000000,-3.5212549629
4.4190000000,-5.1691996420
4.4200000000,-6.8015790970
4.4210000000,-8.4133472428
4.4220000000,-9.9995159047
4.4230000000,-11.5551703180
4.4240000000,-13.0754844314
4.4250000000,-14.5557359677
4.4260000000,-15.9913211943
4.4270000000,-17.3777693560
4.4280000000,-18.7107567261
4.4290000000,-19.9861202303
4.4300000000,-21.1998706003
4.4310000000,-22.3482050152
4.4320000000,-23.4275191902
4.4330000000,-24.4344188733
4.4340000000,-25.3657307141
4.4350000000,-26.2185124671
4.4360000000,-26.9900624986
4.4370000000,-27.6779285641
4.4380000000,-28.2799158278
4.4390000000,-28.7940940974
4.4400000000,-29.2188042498
4.4410000000,-29.5526638245
4.4420000000,-29.7945717675
4.4430000000,-29.9437123064
4.4440000000,-29.9995579439
4.4450000000,-29.9618715578
4.4460000000,-29.8307075985
4.4470000000,-29.6064123785
4.4480000000,-29.2896234501
4.4490000000,-28.8812680718
4.4500000000,-28.3825607648
4.4510000000,-27.7949999668
4.4520000000,-27.1203637890
4.4530000000,-26.3607048896
4.4540000000,-25.5183444759
4.4550000000,-24.5958654535
4.4560000000,-23.5961047395
4.4570000000,-22.5221447648
4.4580000000,-21.3773041872
4.4590000000,-20.1651278451
4.4600000000,-18.8893759791
4.4610000000,-17.5540127559
4.4620000000,-16.1631941273
4.4630000000,-14.7212550610
4.4640000000,-13.2326961832
4.4650000000,-11.7021698714
4.4660000000,-10.1344658421
4.4670000000,-8.5344962761
4.4680000000,-6.9072805278
4.4690000000,-5.2579294657
4.4700000000,-3.5916294925
4.4710000000,-1.9136262943
4.4720000000,-0.2292083700
4.4730000000,1.4563096075
4.4740000000,3.1376035469
4.4750000000,4.8093567573
4.4760000000,6.4662767771
4.4770000000,8.1031121612
4.4780000000,9.7146691706
4.4790000000,11.2958283139
4.4800000000,12.8415606858
4.4810000000,14.3469440523
4.4820000000,15.8071786284
4.4830000000,17.2176025001
4.4840000000,18.5737066386
4.4850000000,19.8711494599
4.4860000000,21.1057708805
4.4870000000,22.2736058247
4.4880000000,23.3708971386
4.4890000000,24.3941078683
4.4900000000,25.3399328616
4.4910000000,26.2053096544
4.4920000000,26.9874286057
4.4930000000,27.6837422468
4.4940000000,28.2919738133
4.4950000000,28.8101249295
4.4960000000,29.2364824205
4.4970000000,29.5696242264
4.4980000000,29.8084243979
4.4990000000,29.9520571562
4.5000000000,30.0000000000
4.5010000000,29.9520358492
4.5020000000,29.8082542145
4.5030000000,29.5690513880
4.5040000000,29.2351296512
4.5050000000,28.8074955003
4.5060000000,28.2874568929
4.5070000000,27.6766195216
4.5080000000,26.9768821252
4.5090000000,26.1904308485
4.5100000000,25.3197326687
4.5110000000,24.3675279055
4.5120000000,23.3368218374
4.5130000000,22.2308754493
4.5140000000,21.0531953382
4.5150000000,19.8075228086
4.5160000000,18.4978221900
4.5170000000,17.1282684116
4.5180000000,15.7032338751
4.5190000000,14.2272746623
4.5200000000,12.7051161245
4.5210000000,11.1416378949
4.5220000000,9.5418583747
4.5230000000,7.9109187387
4.5240000000,6.2540665123
4.5250000000,4.5766387728
4.5260000000,2.8840450264
4.5270000000,1.1817498175
4.5280000000,-0.5247448753
4.5290000000,-2.2299173992
4.5300000000,-3.9282442863
4.5310000000,-5.6142181543
4.5320000000,-7.2823655904
4.5330000000,-8.9272649608
4.5340000000,-10.5435640869
4.5350000000,-12.1259977315
4.5360000000,-13.6694048375
4.5370000000,-15.1687454610
4.5380000000,-16.6191173455
4.5390000000,-18.0157720801
4.5400000000,-19.3541307893
4.5410000000,-20.6297993014
4.5420000000,-21.8385827459
4.5430000000,-22.9764995299
4.5440000000,-24.0397946463
4.5450000000,-25.0249522696
4.5460000000,-25.9287075963
4.5470000000,-26.7480578883
4.5480000000,-27.4802726831
4.5490000000,-28.1229031331
4.5500000000,-28.6737904439
4.5510000000,-29.1310733802
4.5520000000,-29.4931948119
4.5530000000,-29.7589072789
4.5540000000,-29.9272775518
4.5550000000,-29.9976901721
4.5560000000,-29.9698499581
4.5570000000,-29.8437834646
4.5580000000,-29.6198393907
4.5590000000,-29.2986879305
4.5600000000,-28.8813190667
4.5610000000,-28.3690398102
4.5620000000,-27.7634703928
4.5630000000,-27.0665394216
4.5640000000,-26.2804780103
4.5650000000,-25.4078129020
4.5660000000,-24.4513586068
4.5670000000,-23.4142085743
4.5680000000,-22.2997254308
4.5690000000,-21.1115303087
4.5700000000,-19.8534913032
4.5710000000,-18.5297110907
4.5720000000,-17.1445137487
4.5730000000,-15.7024308180
4.5740000000,-14.2081866529
4.5750000000,-12.6666831045
4.5760000000,-11.0829835869
4.5770000000,-9.4622965780
4.5780000000,-7.8099586068
4.5790000000,-6.1314167843
4.5800000000,-4.4322109331
4.5810000000,-2.7179553744
4.5820000000,-0.9943204326
4.5830000000,0.7329862823
4.5840000000,2.4582387530
4.5850000000,4.1757115313
4.5860000000,5.8796987499
4.5870000000,7.5645331064
4.5880000000,9.2246047564
4.5890000000,10.8543800528
4.5900000000,12.4484200682
4.5910000000,14.0013988381
4.5920000000,15.5081212642
4.5930000000,16.9635406165
4.5940000000,18.3627755754
4.5950000000,19.7011267555
4.5960000000,20.9740926547
4.5970000000,22.1773849748
4.5980000000,23.3069432597
4.5990000000,24.3589488014
4.6000000000,25.3298377651
4.6010000000,26.2163134885
4.6020000000,27.0153579113
4.6030000000,27.7242420945
4.6040000000,28.3405357933
4.6050000000,28.8621160472
4.6060000000,29.2871747587
4.6070000000,29.6142252304
4.6080000000,29.8421076376
4.6090000000,29.9699934151
4.6100000000,29.9973885406
4.6110000000,29.9241357008
4.6120000000,29.7504153319
4.6130000000,29.4767455256
4.6140000000,29.1039808010
4.6150000000,28.6333097415
4.6160000000,28.0662515037
4.6170000000,27.4046512063
4.6180000000,26.6506742123
4.6190000000,25.8067993211
4.6200000000,24.8758108904
4.6210000000,23.8607899130
4.6220000000,22.7651040750
4.6230000000,21.5923968270
4.6240000000,20.3465755031
4.6250000000,19.0317985249
4.6260000000,17.6524617326
4.6270000000,16.2131838864
4.6280000000,14.7187913856
4.6290000000,13.1743022558
4.6300000000,11.5849094552
4.6310000000,9.9559635578
4.6320000000,8.2929548664
4.6330000000,6.6014950196
4.6340000000,4.8872981497
4.6350000000,3.1561616574
4.6360000000,1.4139466661
4.6370000000,-0.3334417785
4.6380000000,-2.0800746954
4.6390000000,-3.8200192767
4.6400000000,-5.5473590477
4.6410000000,-7.2562140094
4.6420000000,-8.9407606982
4.6430000000,-10.5952520898
4.6440000000,-12.2140372829
4.6450000000,-13.7915808929
4.6460000000,-15.3224820897
4.6470000000,-16.8014932131
4.6480000000,-18.2235379022
4.6490000000,-19.5837286751
4.6500000000,-20.8773838978
4.6510000000,-22.1000440823
4.6520000000,-23.2474874577
4.6530000000,-24.3157447584
4.6540000000,-25.3011131772
4.6550000000,-26.2001694332
4.6560000000,-27.0097819093
4.6570000000,-27.7271218126
4.6580000000,-28.3496733202
4.6590000000,-28.8752426708
4.6600000000,-29.3019661700
4.6610000000,-29.6283170787
4.6620000000,-29.8531113578
4.6630000000,-29.9755122477
4.6640000000,-29.9950336637
4.6650000000,-29.9115423923
4.6660000000,-29.7252590792
4.6670000000,-29.4367580016
4.6680000000,-29.0469656234
4.6690000000,-28.5571579347
4.6700000000,-27.9689565836
4.6710000000,-27.2843238078
4.6720000000,-26.5055561842
4.6730000000,-25.6352772121
4.6740000000,-24.6764287553
4.6750000000,-23.6322613682
4.6760000000,-22.5063235374
4.6770000000,-21.3024498742
4.6780000000,-20.0247482945
4.6790000000,-18.6775862298
4.6800000000,-17.2655759141
4.6810000000,-15.7935587947
4.6820000000,-14.2665891206
4.6830000000,-12.6899167612
4.6840000000,-11.0689693151
4.6850000000,-9.4093335682
4.6860000000,-7.7167363636
4.6870000000,-5.9970249499
4.6880000000,-4.2561468727
4.6890000000,-2.5001294805
4.6900000000,-0.7350591127
4.6910000000,1.0329399565
4.6920000000,2.7977267466
4.6930000000,4.5531648985
4.6940000000,6.2931440265
4.6950000000,8.0116010217
4.6960000000,9.7025412305
4.6970000000,11.3600594366
4.6980000000,12.9783605701
4.6990000000,14.5517800732
4.7000000000,16.0748038494
4.7010000000,17.5420877255
4.7020000000,18.9484763583
4.7030000000,20.2890215176
4.7040000000,21.5589996800
4.7050000000,22.7539288720
4.7060000000,23.8695846996
4.7070000000,24.9020155077
4.7080000000,25.8475566139
4.7090000000,26.7028435649
4.7100000000,27.4648243657
4.7110000000,28.1307706380
4.7120000000,28.6982876648
4.7130000000,29.1653232837
4.7140000000,29.5301755960
4.7150000000,29.7914994592
4.7160000000,29.9483117409
4.7170000000,29.9999953094
4.7180000000,29.9463017458
4.7190000000,29.7873527649
4.7200000000,29.5236403364
4.7210000000,29.1560255029
4.7220000000,28.6857358969
4.7230000000,28.1143619613
4.7240000000,27.4438518838
4.7250000000,26.6765052611
4.7260000000,25.8149655108
4.7270000000,24.8622110567
4.7280000000,23.8215453136
4.7290000000,22.6965855065
4.7300000000,21.4912503583
4.7310000000,20.2097466902
4.7320000000,18.8565549764
4.7330000000,17.4364139044
4.7340000000,15.9543039908
4.7350000000,14.4154303115
4.7360000000,12.8252044019
4.7370000000,11.1892253924
4.7380000000,9.5132604423
4.7390000000,7.8032245409
4.7400000000,6.0651597459
4.7410000000,4.3052139307
4.7420000000,2.5296191162
4.7430000000,0.7446694622
4.7440000000,-1.0433010033
4.7450000000,-2.8279408399
4.7460000000,-4.6029037542
4.7470000000,-6.3618711838
4.7480000000,-8.0985748260
4.7490000000,-9.8068190296
4.7500000000,-11.4805029710
4.7510000000,-13.1136425332
4.7520000000,-14.7003918117
4.7530000000,-16.2350641667
4.7540000000,-17.7121527478
4.7550000000,-19.1263504146
4.7560000000,-20.4725689832
4.7570000000,-21.7459577249
4.7580000000,-22.9419210529
4.7590000000,-24.0561353286
4.7600000000,-25.0845647272
4.7610000000,-26.0234761036
4.7620000000,-26.8694528015
4.7630000000,-27.6194073561
4.7640000000,-28.2705930399
4.7650000000,-28.8206142093
4.7660000000,-29.2674354115
4.7670000000,-29.6093892155
4.7680000000,-29.8451827377
4.7690000000,-29.9739028335
4.7700000000,-29.9950199354
4.7710000000,-29.9083905192
4.7720000000,-29.7142581865
4.7730000000,-29.4132533565
4.7740000000,-29.0063915660
4.7750000000,-28.4950703784
4.7760000000,-27.8810649116
4.7770000000,-27.1665219966
4.7780000000,-26.3539529855
4.7790000000,-25.4462252309
4.7800000000,-24.4465522648
4.7810000000,-23.3584827101
4.7820000000,-22.1858879602
4.7830000000,-20.9329486701
4.7840000000,-19.6041401045
4.7850000000,-18.2042163925
4.7860000000,-16.7381937445
4.7870000000,-15.2113326891
4.7880000000,-13.6291193922
4.7890000000,-11.9972461233
4.7900000000,-10.3215909392
4.7910000000,-8.6081966552
4.7920000000,-6.8632491803
4.7930000000,-5.0930552916
4.7940000000,-3.3040199287
4.7950000000,-1.5026230898
4.7960000000,0.3046035897
4.7970000000,2.1111004890
4.7980000000,3.9103038002
4.7990000000,5.6956693867
4.8000000000,7.4606966149
4.8010000000,9.1989520716
4.8020000000,10.9040930816
4.8030000000,12.5698909392
4.8040000000,14.1902537675
4.8050000000,15.7592489215
4.8060000000,17.2711248528
4.8070000000,18.7203323548
4.8080000000,20.1015451084
4.8090000000,21.4096794523
4.8100000000,22.6399133047
4.8110000000,23.7877041633
4.8120000000,24.8488061175
4.8130000000,25.8192858069
4.8140000000,26.6955372667
4.8150000000,27.4742956016
4.8160000000,28.1526494367
4.8170000000,28.7280520958
4.8180000000,29.1983314642
4.8190000000,29.5616984965
4.8200000000,29.8167543348
4.8210000000,29.9624960081
4.8220000000,29.9983206891
4.8230000000,29.9240284890
4.8240000000,29.7398237771
4.8250000000,29.4463150163
4.8260000000,29.0445131127
4.8270000000,28.5358282812
4.8280000000,27.9220654355
4.8290000000,27.2054181164
4.8300000000,26.3884609767
4.8310000000,25.4741408479
4.8320000000,24.4657664184
4.8330000000,23.3669965569
4.8340000000,22.1818273232
4.8350000000,20.9145777089
4.8360000000,19.5698741597
4.8370000000,18.1526339329
4.8380000000,16.6680473487
4.8390000000,15.1215589998
4.8400000000,13.5188479839
4.8410000000,11.8658072335
4.8420000000,10.1685220138
4.8430000000,8.4332476699
4.8440000000,6.6663867009
4.8450000000,4.8744652477
4.8460000000,3.0641090767
4.8470000000,1.2420191507
4.8480000000,-0.5850531250
4.8490000000,-2.4103308902
4.8500000000,-4.2270369581
4.8510000000,-6.0284189911
4.8520000000,-7.8077746316
4.8530000000,-9.5584764932
4.8540000000,-11.2739969193
4.8550000000,-12.9479324169
4.8560000000,-14.5740276727
4.8570000000,-16.1461990628
4.8580000000,-17.6585575648
4.8590000000,-19.1054309881
4.8600000000,-20.4813854365
4.8610000000,-21.7812459207
4.8620000000,-23.0001160435
4.8630000000,-24.1333966806
4.8640000000,-25.1768035859
4.8650000000,-26.1263838520
4.8660000000,-26.9785311632
4.8670000000,-27.7299997793
4.8680000000,-28.3779171974
4.8690000000,-28.9197954386
4.8700000000,-29.3535409163
4.8710000000,-29.6774628456
4.8720000000,-29.8902801570
4.8730000000,-29.9911268887
4.8740000000,-29.9795560299
4.8750000000,-29.8555418002
4.8760000000,-29.6194803515
4.8770000000,-29.2721888865
4.8780000000,-28.8149031936
4.8790000000,-28.2492736041
4.8800000000,-27.5773593825
4.8810000000,-26.8016215691
4.8820000000,-25.9249142966
4.8830000000,-24.9504746106
4.8840000000,-23.8819108301
4.8850000000,-22.7231894864
4.8860000000,-21.4786208882
4.8870000000,-20.1528433637
4.8880000000,-18.7508062360
4.8890000000,-17.2777515937
4.8900000000,-15.7391949219
4.8910000000,-14.1409046653
4.8920000000,-12.4888807980
4.8930000000,-10.7893324779
4.8940000000,-9.0486548696
4.8950000000,-7.2734052202
4.8960000000,-5.4702782782
4.8970000000,-3.6460811461
4.8980000000,-1.8077076617
4.8990000000,0.0378875973
4.9000000000,1.8837155859
4.9010000000,3.7227792436
4.9020000000,5.5481000258
4.9030000000,7.3527444128
4.9040000000,9.1298502974
4.9050000000,10.8726531487
4.9060000000,12.5745118540
4.9070000000,14.2289341384
4.9080000000,15.8296014651
4.9090000000,17.3703933205
4.9100000000,18.8454107894
4.9110000000,20.2489993304
4.9120000000,21.5757706613
4.9130000000,22.8206236709
4.9140000000,23.9787642727
4.9150000000,25.0457241251
4.9160000000,26.0173781427
4.9170000000,26.8899607286
4.9180000000,27.6600806646
4.9190000000,28.3247345971
4.9200000000,28.8813190667
4.9210000000,29.3276410291
4.9220000000,29.6619268270
4.9230000000,29.8828295719
4.9240000000,29.9894349070
4.9250000000,29.9812651232
4.9260000000,29.8582816097
4.9270000000,29.6208856267
4.9280000000,29.2699173920
4.9290000000,28.8066534824
4.9300000000,28.2328025559
4.9310000000,27.5504994068
4.9320000000,26.7622973737
4.9330000000,25.8711591254
4.9340000000,24.8804458561
4.9350000000,23.7939049287
4.9360000000,22.6156560106
4.9370000000,21.3501757497
4.9380000000,20.0022810500
4.9390000000,18.5771110048
4.9400000000,17.0801075558
4.9410000000,15.5169949497
4.9420000000,13.8937580688
4.9430000000,12.2166197163
4.9440000000,10.4920169420
4.9450000000,8.7265764978
4.9460000000,6.9270895158
4.9470000000,5.1004855047
4.9480000000,3.2538057648
4.9490000000,1.3941763211
4.9500000000,-0.4712195194
4.9510000000,-2.3351688831
4.9520000000,-4.1904572097
4.9530000000,-6.0298961886
4.9540000000,-7.8463516460
4.9550000000,-9.6327712710
4.9560000000,-11.3822120763
4.9570000000,-13.0878674831
4.9580000000,-14.7430939270
4.9590000000,-16.3414368789
4.9600000000,-17.8766561781
4.9610000000,-19.3427505797
4.9620000000,-20.7339814166
4.9630000000,-22.0448952840
4.9640000000,-23.2703456545
4.9650000000,-24.4055133388
4.9660000000,-25.4459257084
4.9670000000,-26.3874746028
4.9680000000,-27.2264328498
4.9690000000,-27.9594693296
4.9700000000,-28.5836625223
4.9710000000,-29.0965124808
4.9720000000,-29.4959511809
4.9730000000,-29.7803512031
4.9740000000,-29.9485327091
4.9750000000,-29.9997686814
4.9760000000,-29.9337884029
4.9770000000,-29.7507791572
4.9780000000,-29.4513861405
4.9790000000,-29.0367105813
4.9800000000,-28.5083060701
4.9810000000,-27.8681731110
4.9820000000,-27.1187519122
4.9830000000,-26.2629134386
4.9840000000,-25.3039487601
4.9850000000,-24.2455567314
4.9860000000,-23.0918300489
4.9870000000,-21.8472397365
4.9880000000,-20.5166181165
4.9890000000,-19.1051403304
4.9900000000,-17.6183044780
4.9910000000,-16.0619104509
4.9920000000,-14.4420375401
4.9930000000,-12.7650209035
4.9940000000,-11.0374269835
4.9950000000,-9.2660279686
4.9960000000,-7.4577753993
4.9970000000,-5.6197730175
4.9980000000,-3.7592489689
4.9990000000,-1.8835274622
