time (s),velocity (rpm)
0.0000000000,0.0000000000
0.0010000000,0.0002513274
0.0020000000,0.0010053096
0.0030000000,0.0022619467
0.0040000000,0.0040212385
0.0050000000,0.0062831849
0.0060000000,0.0090477856
0.0070000000,0.0123150401
0.0080000000,0.0160849475
0.0090000000,0.0203575063
0.0100000000,0.0251327148
0.0110000000,0.0304105700
0.0120000000,0.0361910684
0.0130000000,0.0424742050
0.0140000000,0.0492599736
0.0150000000,0.0565483664
0.0160000000,0.0643393736
0.0170000000,0.0726329835
0.0180000000,0.0814291817
0.0190000000,0.0907279511
0.0200000000,0.1005292716
0.0210000000,0.1108331196
0.0220000000,0.1216394677
0.0230000000,0.1329482843
0.0240000000,0.1447595332
0.0250000000,0.1570731731
0.0260000000,0.1698891573
0.0270000000,0.1832074331
0.0280000000,0.1970279413
0.0290000000,0.2113506158
0.0300000000,0.2261753832
0.0310000000,0.2415021617
0.0320000000,0.2573308613
0.0330000000,0.2736613827
0.0340000000,0.2904936168
0.0350000000,0.3078274443
0.0360000000,0.3256627346
0.0370000000,0.3439993457
0.0380000000,0.3628371232
0.0390000000,0.3821758995
0.0400000000,0.4020154936
0.0410000000,0.4223557097
0.0420000000,0.4431963370
0.0430000000,0.4645371484
0.0440000000,0.4863779004
0.0450000000,0.5087183316
0.0460000000,0.5315581624
0.0470000000,0.5548970938
0.0480000000,0.5787348068
0.0490000000,0.6030709613
0.0500000000,0.6279051953
0.0510000000,0.6532371241
0.0520000000,0.6790663392
0.0530000000,0.7053924073
0.0540000000,0.7322148695
0.0550000000,0.7595332403
0.0560000000,0.7873470065
0.0570000000,0.8156556260
0.0580000000,0.8444585272
0.0590000000,0.8737551076
0.0600000000,0.9035447328
0.0610000000,0.9338267355
0.0620000000,0.9646004142
0.0630000000,0.9958650323
0.0640000000,1.0276198166
0.0650000000,1.0598639566
0.0660000000,1.0925966029
0.0670000000,1.1258168663
0.0680000000,1.1595238163
0.0690000000,1.1937164802
0.0700000000,1.2283938415
0.0710000000,1.2635548389
0.0720000000,1.2991983649
0.0730000000,1.3353232645
0.0740000000,1.3719283340
0.0750000000,1.4090123194
0.0760000000,1.4465739153
0.0770000000,1.4846117636
0.0780000000,1.5231244519
0.0790000000,1.5621105120
0.0800000000,1.6015684190
0.0810000000,1.6414965895
0.0820000000,1.6818933800
0.0830000000,1.7227570860
0.0840000000,1.7640859400
0.0850000000,1.8058781105
0.0860000000,1.8481317000
0.0870000000,1.8908447439
0.0880000000,1.9340152089
0.0890000000,1.9776409911
0.0900000000,2.0217199153
0.0910000000,2.0662497325
0.0920000000,2.1112281190
0.0930000000,2.1566526745
0.0940000000,2.2025209206
0.0950000000,2.2488302993
0.0960000000,2.2955781714
0.0970000000,2.3427618146
0.0980000000,2.3903784222
0.0990000000,2.4384251014
0.1000000000,2.4868988716
0.1010000000,2.5357966628
0.1020000000,2.5851153138
0.1030000000,2.6348515709
0.1040000000,2.6850020857
0.1050000000,2.7355634141
0.1060000000,2.7865320140
0.1070000000,2.8379042439
0.1080000000,2.8896763613
0.1090000000,2.9418445208
0.1100000000,2.9944047726
0.1110000000,3.0473530608
0.1120000000,3.1006852214
0.1130000000,3.1543969809
0.1140000000,3.2084839548
0.1150000000,3.2629416453
0.1160000000,3.3177654400
0.1170000000,3.3729506104
0.1180000000,3.4284923097
0.1190000000,3.4843855715
0.1200000000,3.5406253079
0.1210000000,3.5972063079
0.1220000000,3.6541232359
0.1230000000,3.7113706296
0.1240000000,3.7689428989
0.1250000000,3.8268343237
0.1260000000,3.8850390525
0.1270000000,3.9435511008
0.1280000000,4.0023643497
0.1290000000,4.0614725435
0.1300000000,4.1208692891
0.1310000000,4.1805480535
0.1320000000,4.2405021631
0.1330000000,4.3007248012
0.1340000000,4.3612090073
0.1350000000,4.4219476750
0.1360000000,4.4829335508
0.1370000000,4.5441592325
0.1380000000,4.6056171677
0.1390000000,4.6672996523
0.1400000000,4.7291988293
0.1410000000,4.7913066871
0.1420000000,4.8536150583
0.1430000000,4.9161156184
0.1440000000,4.9787998842
0.1450000000,5.0416592128
0.1460000000,5.1046848002
0.1470000000,5.1678676800
0.1480000000,5.2311987223
0.1490000000,5.2946686324
0.1500000000,5.3582679498
0.1510000000,5.4219870469
0.1520000000,5.4858161282
0.1530000000,5.5497452290
0.1540000000,5.6137642145
0.1550000000,5.6778627791
0.1560000000,5.7420304449
0.1570000000,5.8062565615
0.1580000000,5.8705303047
0.1590000000,5.9348406760
0.1600000000,5.9991765015
0.1610000000,6.0635264319
0.1620000000,6.1278789412
0.1630000000,6.1922223264
0.1640000000,6.2565447070
0.1650000000,6.3208340246
0.1660000000,6.3850780422
0.1670000000,6.4492643443
0.1680000000,6.5133803361
0.1690000000,6.5774132438
0.1700000000,6.6413501138
0.1710000000,6.7051778134
0.1720000000,6.7688830301
0.1730000000,6.8324522719
0.1740000000,6.8958718674
0.1750000000,6.9591279659
0.1760000000,7.0222065379
0.1770000000,7.0850933751
0.1780000000,7.1477740909
0.1790000000,7.2102341212
0.1800000000,7.2724587242
0.1810000000,7.3344329821
0.1820000000,7.3961418010
0.1830000000,7.4575699118
0.1840000000,7.5187018716
0.1850000000,7.5795220641
0.1860000000,7.6400147013
0.1870000000,7.7001638239
0.1880000000,7.7599533033
0.1890000000,7.8193668425
0.1900000000,7.8783879777
0.1910000000,7.9370000799
0.1920000000,7.9951863566
0.1930000000,8.0529298534
0.1940000000,8.1102134559
0.1950000000,8.1670198919
0.1960000000,8.2233317330
0.1970000000,8.2791313975
0.1980000000,8.3344011519
0.1990000000,8.3891231140
0.2000000000,8.4432792550
0.2010000000,8.4968514023
0.2020000000,8.5498212421
0.2030000000,8.6021703227
0.2040000000,8.6538800570
0.2050000000,8.7049317260
0.2060000000,8.7553064818
0.2070000000,8.8049853509
0.2080000000,8.8539492383
0.2090000000,8.9021789304
0.2100000000,8.9496550990
0.2110000000,8.9963583055
0.2120000000,9.0422690045
0.2130000000,9.0873675481
0.2140000000,9.1316341904
0.2150000000,9.1750490916
0.2160000000,9.2175923229
0.2170000000,9.2592438708
0.2180000000,9.2999836423
0.2190000000,9.3397914699
0.2200000000,9.3786471165
0.2210000000,9.4165302807
0.2220000000,9.4534206024
0.2230000000,9.4892976684
0.2240000000,9.5241410177
0.2250000000,9.5579301480
0.2260000000,9.5906445210
0.2270000000,9.6222635692
0.2280000000,9.6527667019
0.2290000000,9.6821333115
0.2300000000,9.7103427805
0.2310000000,9.7373744880
0.2320000000,9.7632078167
0.2330000000,9.7878221598
0.2340000000,9.8111969286
0.2350000000,9.8333115594
0.2360000000,9.8541455213
0.2370000000,9.8736783240
0.2380000000,9.8918895253
0.2390000000,9.9087587391
0.2400000000,9.9242656439
0.2410000000,9.9383899907
0.2420000000,9.9511116118
0.2430000000,9.9624104287
0.2440000000,9.9722664619
0.2450000000,9.9806598387
0.2460000000,9.9875708029
0.2470000000,9.9929797240
0.2480000000,9.9968671058
0.2490000000,9.9992135971
0.2500000000,10.0000000000
0.2510000000,9.9992072807
0.2520000000,9.9968165788
0.2530000000,9.9928092176
0.2540000000,9.9871667142
0.2550000000,9.9798707898
0.2560000000,9.9709033803
0.2570000000,9.9602466467
0.2580000000,9.9478829859
0.2590000000,9.9337950416
0.2600000000,9.9179657151
0.2610000000,9.9003781765
0.2620000000,9.8810158761
0.2630000000,9.8598625554
0.2640000000,9.8369022588
0.2650000000,9.8121193449
0.2660000000,9.7854984985
0.2670000000,9.7570247420
0.2680000000,9.7266834476
0.2690000000,9.6944603492
0.2700000000,9.6603415541
0.2710000000,9.6243135558
0.2720000000,9.5863632456
0.2730000000,9.5464779254
0.2740000000,9.5046453196
0.2750000000,9.4608535883
0.2760000000,9.4150913389
0.2770000000,9.3673476395
0.2780000000,9.3176120312
0.2790000000,9.2658745406
0.2800000000,9.2121256930
0.2810000000,9.1563565248
0.2820000000,9.0985585967
0.2830000000,9.0387240062
0.2840000000,8.9768454004
0.2850000000,8.9129159894
0.2860000000,8.8469295586
0.2870000000,8.7788804822
0.2880000000,8.7087637355
0.2890000000,8.6365749081
0.2900000000,8.5623102168
0.2910000000,8.4859665183
0.2920000000,8.4075413220
0.2930000000,8.3270328029
0.2940000000,8.2444398141
0.2950000000,8.1597618997
0.2960000000,8.0729993073
0.2970000000,7.9841530003
0.2980000000,7.8932246708
0.2990000000,7.8002167514
0.3000000000,7.7051324278
0.3010000000,7.6079756508
0.3020000000,7.5087511485
0.3030000000,7.4074644378
0.3040000000,7.3041218366
0.3050000000,7.1987304751
0.3060000000,7.0912983072
0.3070000000,6.9818341222
0.3080000000,6.8703475553
0.3090000000,6.7568490991
0.3100000000,6.6413501138
0.3110000000,6.5238628382
0.3120000000,6.4044003994
0.3130000000,6.2829768236
0.3140000000,6.1596070451
0.3150000000,6.0343069167
0.3160000000,5.9070932183
0.3170000000,5.7779836662
0.3180000000,5.6469969221
0.3190000000,5.5141526010
0.3200000000,5.3794712798
0.3210000000,5.2429745051
0.3220000000,5.1046848002
0.3230000000,4.9646256729
0.3240000000,4.8228216217
0.3250000000,4.6792981426
0.3260000000,4.5340817351
0.3270000000,4.3871999075
0.3280000000,4.2386811827
0.3290000000,4.0885551025
0.3300000000,3.9368522323
0.3310000000,3.7836041647
0.3320000000,3.6288435237
0.3330000000,3.4726039669
0.3340000000,3.3149201885
0.3350000000,3.1558279214
0.3360000000,2.9953639385
0.3370000000,2.8335660541
0.3380000000,2.6704731239
0.3390000000,2.5061250456
0.3400000000,2.3405627578
0.3410000000,2.1738282390
0.3420000000,2.0059645061
0.3430000000,1.8370156120
0.3440000000,1.6670266425
0.3450000000,1.4960437130
0.3460000000,1.3241139641
0.3470000000,1.1512855574
0.3480000000,0.9776076695
0.3490000000,0.8031304860
0.3500000000,0.6279051953
0.3510000000,0.4519839804
0.3520000000,0.2754200115
0.3530000000,0.0982674366
0.3540000000,-0.0794186274
0.3550000000,-0.2575821054
0.3560000000,-0.4361659750
0.3570000000,-0.6151122778
0.3580000000,-0.7943621323
0.3590000000,-0.9738557470
0.3600000000,-1.1535324341
0.3610000000,-1.3333306244
0.3620000000,-1.5131878830
0.3630000000,-1.6930409251
0.3640000000,-1.8728256335
0.3650000000,-2.0524770766
0.3660000000,-2.2319295265
0.3670000000,-2.4111164789
0.3680000000,-2.5899706737
0.3690000000,-2.7684241156
0.3700000000,-2.9464080961
0.3710000000,-3.1238532170
0.3720000000,-3.3006894131
0.3730000000,-3.4768459772
0.3740000000,-3.6522515856
0.3750000000,-3.8268343237
0.3760000000,-4.0005217133
0.3770000000,-4.1732407406
0.3780000000,-4.3449178847
0.3790000000,-4.5154791470
0.3800000000,-4.6848500818
0.3810000000,-4.8529558276
0.3820000000,-5.0197211388
0.3830000000,-5.1850704190
0.3840000000,-5.3489277543
0.3850000000,-5.5112169484
0.3860000000,-5.6718615573
0.3870000000,-5.8307849263
0.3880000000,-5.9879102262
0.3890000000,-6.1431604917
0.3900000000,-6.2964586597
0.3910000000,-6.4477276089
0.3920000000,-6.5968901998
0.3930000000,-6.7438693157
0.3940000000,-6.8885879046
0.3950000000,-7.0309690212
0.3960000000,-7.1709358706
0.3970000000,-7.3084118517
0.3980000000,-7.4433206022
0.3990000000,-7.5755860438
0.4000000000,-7.7051324278
0.4010000000,-7.8318843822
0.4020000000,-7.9557669588
0.4030000000,-8.0767056810
0.4040000000,-8.1946265921
0.4050000000,-8.3094563049
0.4060000000,-8.4211220505
0.4070000000,-8.5295517293
0.4080000000,-8.6346739610
0.4090000000,-8.7364181360
0.4100000000,-8.8347144669
0.4110000000,-8.9294940406
0.4120000000,-9.0206888707
0.4130000000,-9.1082319504
0.4140000000,-9.1920573055
0.4150000000,-9.2721000478
0.4160000000,-9.3482964292
0.4170000000,-9.4205838954
0.4180000000,-9.4889011403
0.4190000000,-9.5531881604
0.4200000000,-9.6133863093
0.4210000000,-9.6694383524
0.4220000000,-9.7212885220
0.4230000000,-9.7688825717
0.4240000000,-9.8121678312
0.4250000000,-9.8510932615
0.4260000000,-9.8856095095
0.4270000000,-9.9156689622
0.4280000000,-9.9412258016
0.4290000000,-9.9622360587
0.4300000000,-9.9786576677
0.4310000000,-9.9904505193
0.4320000000,-9.9975765147
0.4330000000,-9.9999996178
0.4340000000,-9.9976859086
0.4350000000,-9.9906036346
0.4360000000,-9.9787232626
0.4370000000,-9.9620175298
0.4380000000,-9.9404614941
0.4390000000,-9.9140325838
0.4400000000,-9.8827106462
0.4410000000,-9.8464779965
0.4420000000,-9.8053194646
0.4430000000,-9.7592224417
0.4440000000,-9.7081769261
0.4450000000,-9.6521755673
0.4460000000,-9.5912137102
0.4470000000,-9.5252894367
0.4480000000,-9.4544036076
0.4490000000,-9.3785599026
0.4500000000,-9.2977648589
0.4510000000,-9.2120279087
0.4520000000,-9.1213614157
0.4530000000,-9.0257807094
0.4540000000,-8.9253041186
0.4550000000,-8.8199530029
0.4560000000,-8.7097517831
0.4570000000,-8.5947279694
0.4580000000,-8.4749121881
0.4590000000,-8.3503382070
0.4600000000,-8.2210429582
0.4610000000,-8.0870665596
0.4620000000,-7.9484523344
0.4630000000,-7.8052468284
0.4640000000,-7.6574998253
0.4650000000,-7.5052643604
0.4660000000,-7.3485967315
0.4670000000,-7.1875565080
0.4680000000,-7.0222065379
0.4690000000,-6.8526129519
0.4700000000,-6.6788451659
0.4710000000,-6.5009758808
0.4720000000,-6.3190810795
0.4730000000,-6.1332400226
0.4740000000,-5.9435352398
0.4750000000,-5.7500525204
0.4760000000,-5.5528809005
0.4770000000,-5.3521126473
0.4780000000,-5.1478432411
0.4790000000,-4.9401713546
0.4800000000,-4.7291988293
0.4810000000,-4.5150306491
0.4820000000,-4.2977749111
0.4830000000,-4.0775427936
0.4840000000,-3.8544485212
0.4850000000,-3.6286093271
0.4860000000,-3.4001454119
0.4870000000,-3.1691799004
0.4880000000,-2.9358387945
0.4890000000,-2.7002509239
0.4900000000,-2.4625478930
0.4910000000,-2.2228640253
0.4920000000,-1.9813363046
0.4930000000,-1.7381043133
0.4940000000,-1.4933101673
0.4950000000,-1.2470984481
0.4960000000,-0.9996161320
0.4970000000,-0.7510125157
0.4980000000,-0.5014391394
0.4990000000,-0.2510497063
0.5000000000,-0.0000000000
0.5010000000,0.2515522024
0.5020000000,0.5034472192
0.5030000000,0.7555235563
0.5040000000,1.0076180027
0.5050000000,1.2595657283
0.5060000000,1.5112003853
0.5070000000,1.7623542118
0.5080000000,2.0128581387
0.5090000000,2.2625418993
0.5100000000,2.5112341417
0.5110000000,2.7587625437
0.5120000000,3.0049539306
0.5130000000,3.2496343954
0.5140000000,3.4926294219
0.5150000000,3.7337640098
0.5160000000,3.9728628026
0.5170000000,4.2097502175
0.5180000000,4.4442505783
0.5190000000,4.6761882496
0.5200000000,4.9053877737
0.5210000000,5.1316740094
0.5220000000,5.3548722726
0.5230000000,5.5748084792
0.5240000000,5.7913092893
0.5250000000,6.0042022533
0.5260000000,6.2133159593
0.5270000000,6.4184801826
0.5280000000,6.6195260361
0.5290000000,6.8162861217
0.5300000000,7.0085946832
0.5310000000,7.1962877603
0.5320000000,7.3792033432
0.5330000000,7.5571815282
0.5340000000,7.7300646734
0.5350000000,7.8976975557
0.5360000000,8.0599275276
0.5370000000,8.2166046743
0.5380000000,8.3675819707
0.5390000000,8.5127154390
0.5400000000,8.6518643052
0.5410000000,8.7848911558
0.5420000000,8.9116620939
0.5430000000,9.0320468942
0.5440000000,9.1459191575
0.5450000000,9.2531564646
0.5460000000,9.3536405277
0.5470000000,9.4472573422
0.5480000000,9.5338973352
0.5490000000,9.6134555140
0.5500000000,9.6858316113
0.5510000000,9.7509302293
0.5520000000,9.8086609812
0.5530000000,9.8589386303
0.5540000000,9.9016832268
0.5550000000,9.9368202414
0.5560000000,9.9642806964
0.5570000000,9.9840012933
0.5580000000,9.9959245377
0.5590000000,9.9999988599
0.5600000000,9.9961787326
0.5610000000,9.9844247842
0.5620000000,9.9647039087
0.5630000000,9.9369893704
0.5640000000,9.9012609054
0.5650000000,9.8575048177
0.5660000000,9.8057140708
0.5670000000,9.7458883747
0.5680000000,9.6780342673
0.5690000000,9.6021651906
0.5700000000,9.5183015620
0.5710000000,9.4264708395
0.5720000000,9.3267075811
0.5730000000,9.2190534988
0.5740000000,9.1035575057
0.5750000000,8.9802757576
0.5760000000,8.8492716879
0.5770000000,8.7106160360
0.5780000000,8.5643868686
0.5790000000,8.4106695953
0.5800000000,8.2495569756
0.5810000000,8.0811491204
0.5820000000,7.9055534854
0.5830000000,7.7228848572
0.5840000000,7.5332653321
0.5850000000,7.3368242876
0.5860000000,7.1336983459
0.5870000000,6.9240313294
0.5880000000,6.7079742093
0.5890000000,6.4856850453
0.5900000000,6.2573289177
0.5910000000,6.0230778516
0.5920000000,5.7831107327
0.5930000000,5.5376132151
0.5940000000,5.2867776210
0.5950000000,5.0308028317
0.5960000000,4.7698941710
0.5970000000,4.5042632798
0.5980000000,4.2341279825
0.5990000000,3.9597121455
0.6000000000,3.6812455268
0.6010000000,3.3989636182
0.6020000000,3.1131074781
0.6030000000,2.8239235574
0.6040000000,2.5316635164
0.6050000000,2.2365840343
0.6060000000,1.9389466098
0.6070000000,1.6390173550
0.6080000000,1.3370667803
0.6090000000,1.0333695728
0.6100000000,0.7282043660
0.6110000000,0.4218535029
0.6120000000,0.1146027912
0.6130000000,-0.1932587480
0.6140000000,-0.5014391394
0.6150000000,-0.8096437183
0.6160000000,-1.1175754035
0.6170000000,-1.4249349751
0.6180000000,-1.7314213599
0.6190000000,-2.0367319216
0.6200000000,-2.3405627578
0.6210000000,-2.6426090017
0.6220000000,-2.9425651299
0.6230000000,-3.2401252744
0.6240000000,-3.5349835394
0.6250000000,-3.8268343237
0.6260000000,-4.1153726454
0.6270000000,-4.4002944721
0.6280000000,-4.6812970536
0.6290000000,-4.9580792582
0.6300000000,-5.2303419116
0.6310000000,-5.4977881386
0.6320000000,-5.7601237067
0.6330000000,-6.0170573718
0.6340000000,-6.2683012244
0.6350000000,-6.5135710382
0.6360000000,-6.7525866180
0.6370000000,-6.9850721486
0.6380000000,-7.2107565430
0.6390000000,-7.4293737905
0.6400000000,-7.6406633030
0.6410000000,-7.8443702609
0.6420000000,-8.0402459556
0.6430000000,-8.2280481311
0.6440000000,-8.4075413220
0.6450000000,-8.5784971880
0.6460000000,-8.7406948452
0.6470000000,-8.8939211933
0.6480000000,-9.0379712374
0.6490000000,-9.1726484053
0.6500000000,-9.2977648589
0.6510000000,-9.4131417997
0.6520000000,-9.5186097677
0.6530000000,-9.6140089331
0.6540000000,-9.6991893808
0.6550000000,-9.7740113865
0.6560000000,-9.8383456849
0.6570000000,-9.8920737287
0.6580000000,-9.9350879379
0.6590000000,-9.9672919400
0.6600000000,-9.9886007994
0.6610000000,-9.9989412359
0.6620000000,-9.9982518329
0.6630000000,-9.9864832325
0.6640000000,-9.9635983201
0.6650000000,-9.9295723953
0.6660000000,-9.8843933309
0.6670000000,-9.8280617175
0.6680000000,-9.7605909955
0.6690000000,-9.6820075723
0.6700000000,-9.5923509253
0.6710000000,-9.4916736898
0.6720000000,-9.3800417325
0.6730000000,-9.2575342084
0.6740000000,-9.1242436031
0.6750000000,-8.9802757576
0.6760000000,-8.8257498784
0.6770000000,-8.6607985292
0.6780000000,-8.4855676071
0.6790000000,-8.3002163009
0.6800000000,-8.1049170319
0.6810000000,-7.8998553780
0.6820000000,-7.6852299795
0.6830000000,-7.4612524266
0.6840000000,-7.2281471301
0.6850000000,-6.9861511731
0.6860000000,-6.7355141445
0.6870000000,-6.4764979550
0.6880000000,-6.2093766340
0.6890000000,-5.9344361089
0.6900000000,-5.6519739655
0.6910000000,-5.3622991910
0.6920000000,-5.0657318981
0.6930000000,-4.7626030315
0.6940000000,-4.4532540560
0.6950000000,-4.1380366279
0.6960000000,-3.8173122473
0.6970000000,-3.4914518943
0.6980000000,-3.1608356475
0.6990000000,-2.8258522853
0.7000000000,-2.4868988716
0.7010000000,-2.1443803242
0.7020000000,-1.7987089677
0.7030000000,-1.4503040710
0.7040000000,-1.0995913695
0.7050000000,-0.7470025729
0.7060000000,-0.3929748578
0.7070000000,-0.0379503482
0.7080000000,0.3176244188
0.7090000000,0.6732990389
0.7100000000,1.0286197989
0.7110000000,1.3831302469
0.7120000000,1.7363717725
0.7130000000,2.0878841976
0.7140000000,2.4372063769
0.7150000000,2.7838768069
0.7160000000,3.1274342427
0.7170000000,3.4674183225
0.7180000000,3.8033701983
0.7190000000,4.1348331722
0.7200000000,4.4613533382
0.7210000000,4.7824802264
0.7220000000,5.0977674524
0.7230000000,5.4067733669
0.7240000000,5.7090617080
0.7250000000,6.0042022533
0.7260000000,6.2917714710
0.7270000000,6.5713531705
0.7280000000,6.8425391491
0.7290000000,7.1049298366
0.7300000000,7.3581349341
0.7310000000,7.6017740480
0.7320000000,7.8354773173
0.7330000000,8.0588860333
0.7340000000,8.2716532505
0.7350000000,8.4734443877
0.7360000000,8.6639378195
0.7370000000,8.8428254541
0.7380000000,9.0098133003
0.7390000000,9.1646220196
0.7400000000,9.3069874634
0.7410000000,9.4366611948
0.7420000000,9.5534109933
0.7430000000,9.6570213414
0.7440000000,9.7472938928
0.7450000000,9.8240479198
0.7460000000,9.8871207410
0.7470000000,9.9363681261
0.7480000000,9.9716646790
0.7490000000,9.9929041958
0.7500000000,10.0000000000
0.7510000000,9.9928852507
0.7520000000,9.9715132255
0.7530000000,9.9358575759
0.7540000000,9.8859125551
0.7550000000,9.8216932169
0.7560000000,9.7432355852
0.7570000000,9.6505967942
0.7580000000,9.5438551968
0.7590000000,9.4231104428
0.7600000000,9.2884835246
0.7610000000,9.1401167909
0.7620000000,8.9781739271
0.7630000000,8.8028399035
0.7640000000,8.6143208882
0.7650000000,8.4128441279
0.7660000000,8.1986577927
0.7670000000,7.9720307878
0.7680000000,7.7332525296
0.7690000000,7.4826326873
0.7700000000,7.2205008902
0.7710000000,6.9472063990
0.7720000000,6.6631177431
0.7730000000,6.3686223230
0.7740000000,6.0641259782
0.7750000000,5.7500525204
0.7760000000,5.4268432332
0.7770000000,5.0949563377
0.7780000000,4.7548664249
0.7790000000,4.4070638556
0.7800000000,4.0520541276
0.7810000000,3.6903572114
0.7820000000,3.3225068552
0.7830000000,2.9490498591
0.7840000000,2.5705453201
0.7850000000,2.1875638488
0.7860000000,1.8006867579
0.7870000000,1.4105052239
0.7880000000,1.0176194239
0.7890000000,0.6226376471
0.7900000000,0.2261753832
0.7910000000,-0.1711456117
0.7920000000,-0.5686982693
0.7930000000,-0.9658511838
0.7940000000,-1.3619696044
0.7950000000,-1.7564164440
0.7960000000,-2.1485533042
0.7970000000,-2.5377415128
0.7980000000,-2.9233431741
0.7990000000,-3.3047222295
0.8000000000,-3.6812455268
0.8010000000,-4.0522838963
0.8020000000,-4.4172132321
0.8030000000,-4.7754155774
0.8040000000,-5.1262802108
0.8050000000,-5.4692047323
0.8060000000,-5.8035961474
0.8070000000,-6.1288719470
0.8080000000,-6.4444611808
0.8090000000,-6.7498055234
0.8100000000,-7.0443603296
0.8110000000,-7.3275956783
0.8120000000,-7.5989974016
0.8130000000,-7.8580680986
0.8140000000,-8.1043281307
0.8150000000,-8.3373165967
0.8160000000,-8.5565922863
0.8170000000,-8.7617346086
0.8180000000,-8.9523444957
0.8190000000,-9.1280452771
0.8200000000,-9.2884835246
0.8210000000,-9.4333298656
0.8220000000,-9.5622797617
0.8230000000,-9.6750542525
0.8240000000,-9.7714006612
0.8250000000,-9.8510932615
0.8260000000,-9.9139339032
0.8270000000,-9.9597525946
0.8280000000,-9.9884080417
0.8290000000,-9.9997881406
0.8300000000,-9.9938104227
0.8310000000,-9.9704224514
0.8320000000,-9.9296021678
0.8330000000,-9.8713581860
0.8340000000,-9.7957300348
0.8350000000,-9.7027883458
0.8360000000,-9.5926349867
0.8370000000,-9.4654031387
0.8380000000,-9.3212573170
0.8390000000,-9.1603933340
0.8400000000,-8.9830382041
0.8410000000,-8.7894499903
0.8420000000,-8.5799175906
0.8430000000,-8.3547604658
0.8440000000,-8.1143283070
0.8450000000,-7.8590006431
0.8460000000,-7.5891863887
0.8470000000,-7.3053233316
0.8480000000,-7.0078775610
0.8490000000,-6.6973428365
0.8500000000,-6.3742398975
0.8510000000,-6.0391157154
0.8520000000,-5.6925426871
0.8530000000,-5.3351177726
0.8540000000,-4.9674615763
0.8550000000,-4.5902173735
0.8560000000,-4.2040500840
0.8570000000,-3.8096451925
0.8580000000,-3.4077076193
0.8590000000,-2.9989605408
0.8600000000,-2.5841441634
0.8610000000,-2.1640144511
0.8620000000,-1.7393418095
0.8630000000,-1.3109097282
0.8640000000,-0.8795133838
0.8650000000,-0.4459582050
0.8660000000,-0.0110584039
0.8670000000,0.4243645264
0.8680000000,0.8594833426
0.8690000000,1.2934666105
0.8700000000,1.7254802875
0.8710000000,2.1546893268
0.8720000000,2.5802593008
0.8730000000,3.0013580389
0.8740000000,3.4171572783
0.8750000000,3.8268343237
0.8760000000,4.2295737124
0.8770000000,4.6245688833
0.8780000000,5.0110238433
0.8790000000,5.3881548310
0.8800000000,5.7551919714
0.8810000000,6.1113809207
0.8820000000,6.4559844954
0.8830000000,6.7882842836
0.8840000000,7.1075822343
0.8850000000,7.4132022218
0.8860000000,7.7044915803
0.8870000000,7.9808226074
0.8880000000,8.2415940300
0.8890000000,8.4862324323
0.8900000000,8.7141936397
0.8910000000,8.9249640569
0.8920000000,9.1180619563
0.8930000000,9.2930387130
0.8940000000,9.4494799839
0.8950000000,9.5870068269
0.8960000000,9.7052767578
0.8970000000,9.8039847421
0.8980000000,9.8828641169
0.8990000000,9.9416874435
0.9000000000,9.9802672843
0.9010000000,9.9984569041
0.9020000000,9.9961508928
0.9030000000,9.9732857056
0.9040000000,9.9298401216
0.9050000000,9.8658356151
0.9060000000,9.7813366416
0.9070000000,9.6764508339
0.9080000000,9.5513291076
0.9090000000,9.4061656763
0.9100000000,9.2411979722
0.9110000000,9.0567064749
0.9120000000,8.8530144440
0.9130000000,8.6304875581
0.9140000000,8.3895334575
0.9150000000,8.1306011922
0.9160000000,7.8541805733
0.9170000000,7.5608014313
0.9180000000,7.2510327774
0.9190000000,6.9254818731
0.9200000000,6.5847932056
0.9210000000,6.2296473719
0.9220000000,5.8607598725
0.9230000000,5.4788798170
0.9240000000,5.0847885414
0.9250000000,4.6792981426
0.9260000000,4.2632499290
0.9270000000,3.8375127914
0.9280000000,3.4029814976
0.9290000000,2.9605749115
0.9300000000,2.5112341417
0.9310000000,2.0559206228
0.9320000000,1.5956141319
0.9330000000,1.1313107449
0.9340000000,0.6640207367
0.9350000000,0.1947664286
0.9360000000,-0.2754200115
0.9370000000,-0.7454988131
0.9380000000,-1.2144248854
0.9390000000,-1.6811501337
0.9400000000,-2.1446258045
0.9410000000,-2.6038048552
0.9420000000,-3.0576443418
0.9430000000,-3.5051078201
0.9440000000,-3.9451677554
0.9450000000,-4.3768079332
0.9460000000,-4.7990258682
0.9470000000,-5.2108352036
0.9480000000,-5.6112680954
0.9490000000,-5.9993775771
0.9500000000,-6.3742398975
0.9510000000,-6.7349568267
0.9520000000,-7.0806579239
0.9530000000,-7.4105027622
0.9540000000,-7.7236831025
0.9550000000,-8.0194250140
0.9560000000,-8.2969909321
0.9570000000,-8.5556816506
0.9580000000,-8.7948382416
0.9590000000,-9.0138438980
0.9600000000,-9.2121256930
0.9610000000,-9.3891562515
0.9620000000,-9.5444553288
0.9630000000,-9.6775912910
0.9640000000,-9.7881824931
0.9650000000,-9.8758985497
0.9660000000,-9.9404614941
0.9670000000,-9.9816468229
0.9680000000,-9.9992844196
0.9690000000,-9.9932593565
0.9700000000,-9.9635125699
0.9710000000,-9.9100414056
0.9720000000,-9.8329000324
0.9730000000,-9.7321997212
0.9740000000,-9.6081089861
0.9750000000,-9.4608535883
0.9760000000,-9.2907163979
0.9770000000,-9.0980371154
0.9780000000,-8.8832118503
0.9790000000,-8.6466925559
0.9800000000,-8.3889863223
0.9810000000,-8.1106545250
0.9820000000,-7.8123118318
0.9830000000,-7.4946250678
0.9840000000,-7.1583119402
0.9850000000,-6.8041396240
0.9860000000,-6.4329232117
0.9870000000,-6.0455240287
0.9880000000,-5.6428478163
0.9890000000,-5.2258427881
0.9900000000,-4.7954975601
0.9910000000,-4.3528389607
0.9920000000,-3.8989297245
0.9930000000,-3.4348660732
0.9940000000,-2.9617751903
0.9950000000,-2.4808125937
0.9960000000,-1.9931594128
0.9970000000,-1.5000195752
0.9980000000,-1.0026169096
0.9990000000,-0.5021921717
1.0000000000,-0.0000000000
1.0010000000,0.5026941916
1.0020000000,1.0046173773
1.0030000000,1.5044921303
1.0040000000,2.0010398745
1.0050000000,2.4929841678
1.0060000000,2.9790540096
1.0070000000,3.4579871634
1.0080000000,3.9285334864
1.0090000000,4.3894582570
1.0100000000,4.8395454918
1.0110000000,5.2776012427
1.0120000000,5.7024568654
1.0130000000,6.1129722506
1.0140000000,6.5080390077
1.0150000000,6.8865835940
1.0160000000,7.2475703786
1.0170000000,7.5900046325
1.0180000000,7.9129354371
1.0190000000,8.2154585009
1.0200000000,8.4967188770
1.0210000000,8.7559135726
1.0220000000,8.9922940417
1.0230000000,9.2051685542
1.0240000000,9.3939044322
1.0250000000,9.5579301480
1.0260000000,9.6967372735
1.0270000000,9.8098822780
1.0280000000,9.8969881641
1.0290000000,9.9577459385
1.0300000000,9.9919159095
1.0310000000,9.9993288081
1.0320000000,9.9798867252
1.0330000000,9.9335638631
1.0340000000,9.8604070943
1.0350000000,9.7605363273
1.0360000000,9.6341446729
1.0370000000,9.4814984114
1.0380000000,9.3029367567
1.0390000000,9.0988714166
1.0400000000,8.8697859488
1.0410000000,8.6162349113
1.0420000000,8.3388428077
1.0430000000,8.0383028288
1.0440000000,7.7153753916
1.0450000000,7.3708864769
1.0460000000,7.0057257696
1.0470000000,6.6208446034
1.0480000000,6.2172537146
1.0490000000,5.7960208097
1.0500000000,5.3582679498
1.0510000000,4.9051687606
1.0520000000,4.4379454709
1.0530000000,3.9578657883
1.0540000000,3.4662396190
1.0550000000,2.9644156390
1.0560000000,2.4537777249
1.0570000000,1.9357412548
1.0580000000,1.4117492864
1.0590000000,0.8832686231
1.0600000000,0.3517857791
1.0610000000,-0.1811971476
1.0620000000,-0.7141666807
1.0630000000,-1.2456022418
1.0640000000,-1.7739804810
1.0650000000,-2.2977796541
1.0660000000,-2.8154840312
1.0670000000,-3.3255883250
1.0680000000,-3.8266021262
1.0690000000,-4.3170543328
1.0700000000,-4.7954975601
1.0710000000,-5.2605125178
1.0720000000,-5.7107123418
1.0730000000,-6.1447468669
1.0740000000,-6.5613068262
1.0750000000,-6.9591279659
1.0760000000,-7.3369950604
1.0770000000,-7.6937458159
1.0780000000,-8.0282746492
1.0790000000,-8.3395363292
1.0800000000,-8.6265494686
1.0810000000,-8.8883998541
1.0820000000,-9.1242436031
1.0830000000,-9.3333101355
1.0840000000,-9.5149049507
1.0850000000,-9.6684121973
1.0860000000,-9.7932970284
1.0870000000,-9.8891077310
1.0880000000,-9.9554776208
1.0890000000,-9.9921266966
1.0900000000,-9.9988630431
1.0910000000,-9.9755839788
1.0920000000,-9.9222769405
1.0930000000,-9.8390201004
1.0940000000,-9.7259827102
1.0950000000,-9.5834251694
1.0960000000,-9.4116988143
1.0970000000,-9.2112454251
1.0980000000,-8.9825964510
1.0990000000,-8.7263719513
1.1000000000,-8.4432792550
1.1010000000,-8.1341113383
1.1020000000,-7.7997449229
1.1030000000,-7.4411382995
1.1040000000,-7.0593288783
1.1050000000,-6.6554304736
1.1060000000,-6.2306303269
1.1070000000,-5.7861858768
1.1080000000,-5.3234212812
1.1090000000,-4.8437237028
1.1100000000,-4.3485393656
1.1110000000,-3.8393693931
1.1120000000,-3.3177654400
1.1130000000,-2.7853251281
1.1140000000,-2.2436872994
1.1150000000,-1.6945271011
1.1160000000,-1.1395509139
1.1170000000,-0.5804911410
1.1180000000,-0.0191008717
1.1190000000,0.5428515642
1.1200000000,1.1035881348
1.1210000000,1.6613267196
1.1220000000,2.2142867820
1.1230000000,2.7606950814
1.1240000000,3.2987914085
1.1250000000,3.8268343237
1.1260000000,4.3431068807
1.1270000000,4.8459223177
1.1280000000,5.3336296939
1.1290000000,5.8046194570
1.1300000000,6.2573289177
1.1310000000,6.6902476173
1.1320000000,7.1019225652
1.1330000000,7.4909633312
1.1340000000,7.8560469725
1.1350000000,8.1959227778
1.1360000000,8.5094168118
1.1370000000,8.7954362419
1.1380000000,9.0529734315
1.1390000000,9.2811097843
1.1400000000,9.4790193222
1.1410000000,9.6459719861
1.1420000000,9.7813366416
1.1430000000,9.8845837802
1.1440000000,9.9552879018
1.1450000000,9.9931295683
1.1460000000,9.9978971184
1.1470000000,9.9694880340
1.1480000000,9.9079099506
1.1490000000,9.8132813043
1.1500000000,9.6858316113
1.1510000000,9.5259013732
1.1520000000,9.3339416068
1.1530000000,9.1105129948
1.1540000000,8.8562846583
1.1550000000,8.5720325505
1.1560000000,8.2586374741
1.1570000000,7.9170827249
1.1580000000,7.5484513673
1.1590000000,7.1539231465
1.1600000000,6.7347710455
1.1610000000,6.2923574948
1.1620000000,5.8281302444
1.1630000000,5.3436179102
1.1640000000,4.8404252069
1.1650000000,4.3202278796
1.1660000000,3.7847673515
1.1670000000,3.2358451009
1.1680000000,2.6753167876
1.1690000000,2.1050861432
1.1700000000,1.5270986490
1.1710000000,0.9433350172
1.1720000000,0.3558045001
1.1730000000,-0.2334619529
1.1740000000,-0.8224186672
1.1750000000,-1.4090123194
1.1760000000,-1.9911890958
1.1770000000,-2.5669019070
1.1780000000,-3.1341176344
1.1790000000,-3.6908243818
1.1800000000,-4.2350387082
1.1810000000,-4.7648128139
1.1820000000,-5.2782416553
1.1830000000,-5.7734699608
1.1840000000,-6.2486991231
1.1850000000,-6.7021939408
1.1860000000,-7.1322891843
1.1870000000,-7.5373959607
1.1880000000,-7.9160078521
1.1890000000,-8.2667068044
1.1900000000,-8.5881687410
1.1910000000,-8.8791688803
1.1920000000,-9.1385867341
1.1930000000,-9.3654107656
1.1940000000,-9.5587426871
1.1950000000,-9.7178013781
1.1960000000,-9.8419264075
1.1970000000,-9.9305811398
1.1980000000,-9.9833554148
1.1990000000,-9.9999677825
1.2000000000,-9.9802672843
1.2010000000,-9.9242347678
1.2020000000,-9.8319837270
1.2030000000,-9.7037606593
1.2040000000,-9.5399449359
1.2050000000,-9.3410481785
1.2060000000,-9.1077131429
1.2070000000,-8.8407121072
1.2080000000,-8.5409447673
1.2090000000,-8.2094356431
1.2100000000,-7.8473309988
1.2110000000,-7.4558952876
1.2120000000,-7.0365071269
1.2130000000,-6.5906548166
1.2140000000,-6.1199314123
1.2150000000,-5.6260293692
1.2160000000,-5.1107347713
1.2170000000,-4.5759211655
1.2180000000,-4.0235430198
1.2190000000,-3.4556288272
1.2200000000,-2.8742738777
1.2210000000,-2.2816327246
1.2220000000,-1.6799113686
1.2230000000,-1.0713591900
1.2240000000,-0.4582606549
1.2250000000,0.1570731731
1.2260000000,0.7723132854
1.2270000000,1.3851215133
1.2280000000,1.9931594128
1.2290000000,2.5940972152
1.2300000000,3.1856228102
1.2310000000,3.7654507273
1.2320000000,4.3313310788
1.2330000000,4.8810584322
1.2340000000,5.4124805743
1.2350000000,5.9235071330
1.2360000000,6.4121180221
1.2370000000,6.8763716738
1.2380000000,7.3144130253
1.2390000000,7.7244812259
1.2400000000,8.1049170319
1.2410000000,8.4541698567
1.2420000000,8.7708044468
1.2430000000,9.0535071524
1.2440000000,9.3010917652
1.2450000000,9.5125048966
1.2460000000,9.6868308695
1.2470000000,9.8232961025
1.2480000000,9.9212729617
1.2490000000,9.9802830621
1.2500000000,10.0000000000
1.2510000000,9.9802515002
1.2520000000,9.9210209643
1.2530000000,9.8224484095
1.2540000000,9.6848307868
1.2550000000,9.5086216747
1.2560000000,9.2944303412
1.2570000000,9.0430201743
1.2580000000,8.7553064818
1.2590000000,8.4323536620
1.2600000000,8.0753717537
1.2610000000,7.6857123722
1.2620000000,7.2648640430
1.2630000000,6.8144469480
1.2640000000,6.3362070981
1.2650000000,5.8320099542
1.2660000000,5.3038335145
1.2670000000,4.7537608949
1.2680000000,4.1839724259
1.2690000000,3.5967372962
1.2700000000,2.9944047726
1.2710000000,2.3793950286
1.2720000000,1.7541896162
1.2730000000,1.1213216186
1.2740000000,0.4833655187
1.2750000000,-0.1570731731
1.2760000000,-0.7973684946
1.2770000000,-1.4348847655
1.2780000000,-2.0669874381
1.2790000000,-2.6910540197
1.2800000000,-3.3044850217
1.2810000000,-3.9047148897
1.2820000000,-4.4892228693
1.2830000000,-5.0555437609
1.2840000000,-5.6012785170
1.2850000000,-6.1241046367
1.2860000000,-6.6217863116
1.2870000000,-7.0921842783
1.2880000000,-7.5332653321
1.2890000000,-7.9431114610
1.2900000000,-8.3199285555
1.2910000000,-8.6620546557
1.2920000000,-8.9679676947
1.2930000000,-9.2362927031
1.2940000000,-9.4658084369
1.2950000000,-9.6554533982
1.2960000000,-9.8043312148
1.2970000000,-9.9117153531
1.2980000000,-9.9770531364
1.2990000000,-9.9999690458
1.3000000000,-9.9802672843
1.3010000000,-9.9179335857
1.3020000000,-9.8131362546
1.3030000000,-9.6662264267
1.3040000000,-9.4777375409
1.3050000000,-9.2483840200
1.3060000000,-8.9790591579
1.3070000000,-8.6708322165
1.3080000000,-8.3249447380
1.3090000000,-7.9428060825
1.3100000000,-7.5259882035
1.3110000000,-7.0762196775
1.3120000000,-6.5953790083
1.3130000000,-6.0854872293
1.3140000000,-5.5486998298
1.3150000000,-4.9872980355
1.3160000000,-4.4036794768
1.3170000000,-3.8003482799
1.3180000000,-3.1799046213
1.3190000000,-2.5450337857
1.3200000000,-1.8984947731
1.3210000000,-1.2431085016
1.3220000000,-0.5817456544
1.3230000000,0.0826857764
1.3240000000,0.7472531978
1.3250000000,1.4090123194
1.3260000000,2.0650201971
1.3270000000,2.7123483600
1.3280000000,3.3480959608
1.3290000000,3.9694028927
1.3300000000,4.5734628114
1.3310000000,5.1575360043
1.3320000000,5.7189620467
1.3330000000,6.2551721860
1.3340000000,6.7637013958
1.3350000000,7.2422000420
1.3360000000,7.6884451054
1.3370000000,8.1003509055
1.3380000000,8.4759792725
1.3390000000,8.8135491165
1.3400000000,9.1114453465
1.3410000000,9.3682270901
1.3420000000,9.5826351736
1.3430000000,9.7535988207
1.3440000000,9.8802415315
1.3450000000,9.9618861105
1.3460000000,9.9980588111
1.3470000000,9.9884925719
1.3480000000,9.9331293210
1.3490000000,9.8321213312
1.3500000000,9.6858316113
1.3510000000,9.4948333245
1.3520000000,9.2599082277
1.3530000000,8.9820441319
1.3540000000,8.6624313869
1.3550000000,8.3024584000
1.3560000000,7.9037061994
1.3570000000,7.4679420632
1.3580000000,6.9971122336
1.3590000000,6.4933337443
1.3600000000,5.9588853927
1.3610000000,5.3961978919
1.3620000000,4.8078432422
1.3630000000,4.1965233668
1.3640000000,3.5650580590
1.3650000000,2.9163722925
1.3660000000,2.2534829500
1.3670000000,1.5794850285
1.3680000000,0.8975373832
1.3690000000,0.2108480730
1.3700000000,-0.4773406239
1.3710000000,-1.1637674569
1.3720000000,-1.8451676405
1.3730000000,-2.5182884097
1.3740000000,-3.1799046213
1.3750000000,-3.8268343237
1.3760000000,-4.4559542221
1.3770000000,-5.0642149636
1.3780000000,-5.6486561649
1.3790000000,-6.2064211105
1.3800000000,-6.7347710455
1.3810000000,-7.2310989924
1.3820000000,-7.6929430181
1.3830000000,-8.1179988856
1.3840000000,-8.5041320214
1.3850000000,-8.8493887357
1.3860000000,-9.1520066342
1.3870000000,-9.4104241651
1.3880000000,-9.6232892464
1.3890000000,-9.7894669246
1.3900000000,-9.9080460196
1.3910000000,-9.9783447146
1.3920000000,-9.9999150552
1.3930000000,-9.9725463273
1.3940000000,-9.8962672874
1.3950000000,-9.7713472268
1.3960000000,-9.5982958523
1.3970000000,-9.3778619785
1.3980000000,-9.1110310255
1.3990000000,-8.7990213266
1.4000000000,-8.4432792550
1.4010000000,-8.0454731842
1.4020000000,-7.6074863028
1.4030000000,-7.1314083119
1.4040000000,-6.6195260361
1.4050000000,-6.0743129885
1.4060000000,-5.4984179321
1.4070000000,-4.8946524895
1.4080000000,-4.2659778541
1.4090000000,-3.6154906626
1.4100000000,-2.9464080961
1.4110000000,-2.2620522763
1.4120000000,-1.5658340315
1.4130000000,-0.8612361111
1.4140000000,-0.1517959269
1.4150000000,0.5589120917
1.4160000000,1.2672944444
1.4170000000,1.9697567170
1.4180000000,2.6627218592
1.4190000000,3.3426484899
1.4200000000,4.0060491369
1.4210000000,4.6495083157
1.4220000000,5.2697003551
1.4230000000,5.8634068741
1.4240000000,6.4275338185
1.4250000000,6.9591279659
1.4260000000,7.4553928086
1.4270000000,7.9137037283
1.4280000000,8.3316223794
1.4290000000,8.7069101973
1.4300000000,9.0375409583
1.4310000000,9.3217123154
1.4320000000,9.5578562446
1.4330000000,9.7446483362
1.4340000000,9.8810158761
1.4350000000,9.9661446641
1.4360000000,9.9994845237
1.4370000000,9.9807534655
1.4380000000,9.9099404711
1.4390000000,9.7873068725
1.4400000000,9.6133863093
1.4410000000,9.3889832523
1.4420000000,9.1151700913
1.4430000000,8.7932827908
1.4440000000,8.4249151261
1.4450000000,8.0119115189
1.4460000000,7.5563585007
1.4470000000,7.0605748381
1.4480000000,6.5271003632
1.4490000000,5.9586835580
1.4500000000,5.3582679498
1.4510000000,4.7289773818
1.4520000000,4.0741002293
1.4530000000,3.3970726366
1.4540000000,2.7014608597
1.4550000000,1.9909428005
1.4560000000,1.2692888271
1.4570000000,0.5403419788
1.4580000000,-0.1920023441
1.4590000000,-0.9238170979
1.4600000000,-1.6511646118
1.4610000000,-2.3701177921
1.4620000000,-3.0767813995
1.4630000000,-3.7673132854
1.4640000000,-4.4379454709
1.4650000000,-5.0850049514
1.4660000000,-5.7049341139
1.4670000000,-6.2943106491
1.4680000000,-6.8498668489
1.4690000000,-7.3685081756
1.4700000000,-7.8473309988
1.4710000000,-8.2836393938
1.4720000000,-8.6749609030
1.4730000000,-9.0190611659
1.4740000000,-9.3139573285
1.4750000000,-9.5579301480
1.4760000000,-9.7495347174
1.4770000000,-9.8876097398
1.4780000000,-9.9712852893
1.4790000000,-9.9999890061
1.4800000000,-9.9734506767
1.4810000000,-9.8917051656
1.4820000000,-9.7550936657
1.4830000000,-9.5642632510
1.4840000000,-9.3201647202
1.4850000000,-9.0240487310
1.4860000000,-8.6774602332
1.4870000000,-8.2822312204
1.4880000000,-7.8404718279
1.4890000000,-7.3545598152
1.4900000000,-6.8271284788
1.4910000000,-6.2610530550
1.4920000000,-5.6594356744
1.4930000000,-5.0255889459
1.4940000000,-4.3630182515
1.4950000000,-3.6754028426
1.4960000000,-2.9665758375
1.4970000000,-2.2405032243
1.4980000000,-1.5012619825
1.4990000000,-0.7530174417
1.5000000000,-0.0000000000
1.5010000000,0.7535186684
1.5020000000,1.5032497848
1.5030000000,2.2449118800
1.5040000000,2.9742553137
1.5050000000,3.6870867578
1.5060000000,4.3792935032
1.5070000000,5.0468674489
1.5080000000,5.6859286315
1.5090000000,6.2927481575
1.5100000000,6.8637704000
1.5110000000,7.3956343264
1.5120000000,7.8851938269
1.5130000000,8.3295369185
1.5140000000,8.7260037049
1.5150000000,9.0722029778
1.5160000000,9.3660273543
1.5170000000,9.6056668497
1.5180000000,9.7896207966
1.5190000000,9.9167080271
1.5200000000,9.9860752471
1.5210000000,9.9972035393
1.5220000000,9.9499129438
1.5230000000,9.8443650756
1.5240000000,9.6810637486
1.5250000000,9.4608535883
1.5260000000,9.1849166275
1.5270000000,8.8547668898
1.5280000000,8.4722429785
1.5290000000,8.0394987007
1.5300000000,7.5589917686
1.5310000000,7.0334706299
1.5320000000,6.4659594940
1.5330000000,5.8597416284
1.5340000000,5.2183410148
1.5350000000,4.5455024600
1.5360000000,3.8451702725
1.5370000000,3.1214656198
1.5380000000,2.3786626939
1.5390000000,1.6211638199
1.5400000000,0.8534736491
1.5410000000,0.0801725856
1.5420000000,-0.6941103975
1.5430000000,-1.4647253953
1.5440000000,-2.2270294947
1.5450000000,-2.9764148199
1.5460000000,-3.7083365289
1.5470000000,-4.4183405921
1.5480000000,-5.1020911815
1.5490000000,-5.7553975022
1.5500000000,-6.3742398975
1.5510000000,-6.9547950644
1.5520000000,-7.4934602183
1.5530000000,-7.9868760518
1.5540000000,-8.4319483390
1.5550000000,-8.8258680426
1.5560000000,-9.1661297900
1.5570000000,-9.4505485929
1.5580000000,-9.6772746960
1.5590000000,-9.8448064490
1.5600000000,-9.9520011089
1.5610000000,-9.9980834914
1.5620000000,-9.9826524027
1.5630000000,-9.9056847955
1.5640000000,-9.7675376086
1.5650000000,-9.5689472612
1.5660000000,-9.3110267888
1.5670000000,-8.9952606229
1.5680000000,-8.6234970287
1.5690000000,-8.1979382332
1.5700000000,-7.7211282882
1.5710000000,-7.1959387283
1.5720000000,-6.6255520989
1.5730000000,-6.0134434417
1.5740000000,-5.3633598408
1.5750000000,-4.6792981426
1.5760000000,-3.9654809796
1.5770000000,-3.2263312348
1.5780000000,-2.4664450989
1.5790000000,-1.6905638795
1.5800000000,-0.9035447328
1.5810000000,-0.1103304955
1.5820000000,0.6840811986
1.5830000000,1.4746693246
1.5840000000,2.2564212015
1.5850000000,3.0243643528
1.5860000000,3.7735982944
1.5870000000,4.4993260438
1.5880000000,5.1968851471
1.5890000000,5.8617780241
1.5900000000,6.4897014301
1.5910000000,7.0765748400
1.5920000000,7.6185675657
1.5930000000,8.1121244221
1.5940000000,8.5539897674
1.5950000000,8.9412297518
1.5960000000,9.2712526169
1.5970000000,9.5418269032
1.5980000000,9.7510974320
1.5990000000,9.8975989432
1.6000000000,9.9802672843
1.6010000000,9.9984480614
1.6020000000,9.9519026782
1.6030000000,9.8408117050
1.6040000000,9.6657755389
1.6050000000,9.4278123308
1.6060000000,9.1283531750
1.6070000000,8.7692345733
1.6080000000,8.3526882047
1.6090000000,7.8813280495
1.6100000000,7.3581349341
1.6110000000,6.7864385798
1.6120000000,6.1698972580
1.6130000000,5.5124751688
1.6140000000,4.8184176762
1.6150000000,4.0922245507
1.6160000000,3.3386213804
1.6170000000,2.5625293299
1.6180000000,1.7690334340
1.6190000000,0.9633496294
1.6200000000,0.1507907324
1.6210000000,-0.6632684167
1.6220000000,-1.4734264148
1.6230000000,-2.2742911331
1.6240000000,-3.0605156903
1.6250000000,-3.8268343237
1.6260000000,-4.5680979167
1.6270000000,-5.2793089429
1.6280000000,-5.9556555864
1.6290000000,-6.5925448056
1.6300000000,-7.1856341089
1.6310000000,-7.7308618205
1.6320000000,-8.2244756218
1.6330000000,-8.6630591629
1.6340000000,-9.0435565528
1.6350000000,-9.3632945469
1.6360000000,-9.6200022660
1.6370000000,-9.8118282973
1.6380000000,-9.9373550413
1.6390000000,-9.9956101917
1.6400000000,-9.9860752471
1.6410000000,-9.9086909799
1.6420000000,-9.7638598021
1.6430000000,-9.5524449918
1.6440000000,-9.2757667660
1.6450000000,-8.9355952025
1.6460000000,-8.5341400413
1.6470000000,-8.0740374132
1.6480000000,-7.5583335662
1.6490000000,-6.9904656822
1.6500000000,-6.3742398975
1.6510000000,-5.7138066580
1.6520000000,-5.0136335641
1.6530000000,-4.2784758755
1.6540000000,-3.5133448636
1.6550000000,-2.7234742187
1.6560000000,-1.9142847311
1.6570000000,-1.0913474804
1.6580000000,-0.2603457798
1.6590000000,0.5729638685
1.6600000000,1.4027915396
1.6610000000,2.2233541016
1.6620000000,3.0289156029
1.6630000000,3.8138275476
1.6640000000,4.5725687778
1.6650000000,5.2997846787
1.6660000000,5.9903254273
1.6670000000,6.6392830090
1.6680000000,7.2420267321
1.6690000000,7.7942369822
1.6700000000,8.2919369635
1.6710000000,8.7315221909
1.6720000000,9.1097875100
1.6730000000,9.4239514350
1.6740000000,9.6716776155
1.6750000000,9.8510932615
1.6760000000,9.9608043734
1.6770000000,9.9999076491
1.6780000000,9.9679989613
1.6790000000,9.8651783217
1.6800000000,9.6920512728
1.6810000000,9.4497266755
1.6820000000,9.1398108834
1.6830000000,8.7643983225
1.6840000000,8.3260585198
1.6850000000,7.8278196522
1.6860000000,7.2731487090
1.6870000000,6.6659283915
1.6880000000,6.0104308932
1.6890000000,5.3112887298
1.6900000000,4.5734628114
1.6910000000,3.8022079700
1.6920000000,3.0030361748
1.6930000000,2.1816776879
1.6940000000,1.3440404291
1.6950000000,0.4961678337
1.6960000000,-0.3558045001
1.6970000000,-1.2056930645
1.6980000000,-2.0473112810
1.6990000000,-2.8745145988
1.7000000000,-3.6812455268
1.7010000000,-4.4615782661
1.7020000000,-5.2097626155
1.7030000000,-5.9202668217
1.7040000000,-6.5878190525
1.7050000000,-7.2074471790
1.7060000000,-7.7745165627
1.7070000000,-8.2847655558
1.7080000000,-8.7343384379
1.7090000000,-9.1198155286
1.7100000000,-9.4382402354
1.7110000000,-9.6871428165
1.7120000000,-9.8645606604
1.7130000000,-9.9690549105
1.7140000000,-9.9997232860
1.7150000000,-9.9562089808
1.7160000000,-9.8387055472
1.7170000000,-9.6479577033
1.7180000000,-9.3852580318
1.7190000000,-9.0524395677
1.7200000000,-8.6518643052
1.7210000000,-8.1864076824
1.7220000000,-7.6594391366
1.7230000000,-7.0747988485
1.7240000000,-6.4367708281
1.7250000000,-5.7500525204
1.7260000000,-5.0197211388
1.7270000000,-4.2511969579
1.7280000000,-3.4502038258
1.7290000000,-2.6227271753
1.7300000000,-1.7749698366
1.7310000000,-0.9133059738
1.7320000000,-0.0442334803
1.7330000000,0.8256748115
1.7340000000,1.6898207450
1.7350000000,2.5416309048
1.7360000000,3.3746067538
1.7370000000,4.1823744594
1.7380000000,4.9587340266
1.7390000000,5.6977073563
1.7400000000,6.3935848555
1.7410000000,7.0409702301
1.7420000000,7.6348231081
1.7430000000,8.1704991479
1.7440000000,8.6437873105
1.7450000000,9.0509439886
1.7460000000,9.3887237089
1.7470000000,9.6544061510
1.7480000000,9.8458192479
1.7490000000,9.9613581677
1.7500000000,10.0000000000
1.7510000000,9.9613140089
1.7520000000,9.8454673432
1.7530000000,9.6532261318
1.7540000000,9.3859519262
1.7550000000,9.0455934886
1.7560000000,8.6346739610
1.7570000000,8.1562734859
1.7580000000,7.6140073858
1.7590000000,7.0120000460
1.7600000000,6.3548546763
1.7610000000,5.6476191649
1.7620000000,4.8957482671
1.7630000000,4.1050624043
1.7640000000,3.2817033760
1.7650000000,2.4320873139
1.7660000000,1.5628552337
1.7670000000,0.6808215595
1.7680000000,-0.2070789850
1.7690000000,-1.0938457082
1.7700000000,-1.9724670802
1.7710000000,-2.8359762312
1.7720000000,-3.6775063762
1.7730000000,-4.4903457281
1.7740000000,-5.2679914557
1.7750000000,-6.0042022533
1.7760000000,-6.6930490910
1.7770000000,-7.3289637317
1.7780000000,-7.9067846100
1.7790000000,-8.4217996914
1.7800000000,-8.8697859488
1.7810000000,-9.2470451181
1.7820000000,-9.5504354229
1.7830000000,-9.7773989884
1.7840000000,-9.9259846966
1.7850000000,-9.9948662711
1.7860000000,-9.9833554148
1.7870000000,-9.8914098654
1.7880000000,-9.7196362708
1.7890000000,-9.4692878304
1.7900000000,-9.1422566879
1.7910000000,-8.7410611056
1.7920000000,-8.2688274934
1.7930000000,-7.7292674041
1.7940000000,-7.1266496553
1.7950000000,-6.4657677712
1.7960000000,-5.7519029844
1.7970000000,-4.9907830710
1.7980000000,-4.1885373307
1.7990000000,-3.3516480566
1.8000000000,-2.4868988716
1.8010000000,-1.6013203353
1.8020000000,-0.7021332521
1.8030000000,0.2033098676
1.8040000000,1.1075847215
1.8050000000,2.0032560214
1.8060000000,2.8829386923
1.8070000000,3.7393589638
1.8080000000,4.5654148460
1.8090000000,5.3542354867
1.8100000000,6.0992389111
1.8110000000,6.7941876538
1.8120000000,7.4332418103
1.8130000000,8.0110090491
1.8140000000,8.5225911510
1.8150000000,8.9636266661
1.8160000000,9.3303293088
1.8170000000,9.6195217449
1.8180000000,9.8286644600
1.8190000000,9.9558794376
1.8200000000,9.9999684173
1.8210000000,9.9604255471
1.8220000000,9.8374442893
1.8230000000,9.6319184875
1.8240000000,9.3454375505
1.8250000000,8.9802757576
1.8260000000,8.5393757403
1.8270000000,8.0263262452
1.8280000000,7.4453343303
1.8290000000,6.8011921978
1.8300000000,6.0992389111
1.8310000000,5.3453172899
1.8320000000,4.5457263212
1.8330000000,3.7071694617
1.8340000000,2.8366992494
1.8350000000,1.9416586716
1.8360000000,1.0296197709
1.8370000000,0.1083199963
1.8380000000,-0.8144031696
1.8390000000,-1.7306787602
1.8400000000,-2.6326694862
1.8410000000,-3.5126389377
1.8420000000,-4.3630182515
1.8430000000,-5.1764716653
1.8440000000,-5.9459603912
1.8450000000,-6.6648042458
1.8460000000,-7.3267404945
1.8470000000,-7.9259793839
1.8480000000,-8.4572558650
1.8490000000,-8.9158770341
1.8500000000,-9.2977648589
1.8510000000,-9.5994937882
1.8520000000,-9.8183228908
1.8530000000,-9.9522222103
1.8540000000,-9.9998930737
1.8550000000,-9.9607821398
1.8560000000,-9.8350890288
1.8570000000,-9.6237674277
1.8580000000,-9.3285196234
1.8590000000,-8.9517844733
1.8600000000,-8.4967188770
1.8610000000,-7.9671728763
1.8620000000,-7.3676585612
1.8630000000,-6.7033130201
1.8640000000,-5.9798556234
1.8650000000,-5.2035399832
1.8660000000,-4.3811009803
1.8670000000,-3.5196972971
1.8680000000,-2.6268499354
1.8690000000,-1.7103772411
1.8700000000,-0.7783269865
1.8710000000,0.1610939028
1.8720000000,1.0995913695
1.8730000000,2.0288573655
1.8740000000,2.9406434684
1.8750000000,3.8268343237
1.8760000000,4.6795202557
1.8770000000,5.4910683974
1.8780000000,6.2541916954
1.8790000000,6.9620151604
1.8800000000,7.6081387572
1.8810000000,8.1866963497
1.8820000000,8.6924101509
1.8830000000,9.1206401630
1.8840000000,9.4674281349
1.8850000000,9.7295356096
1.8860000000,9.9044756850
1.8870000000,9.9905381652
1.8880000000,9.9868078374
1.8890000000,9.8931756686
1.8900000000,9.7103427805
1.8910000000,9.4398171238
1.8920000000,9.0839028399
1.8930000000,8.6456823634
1.8940000000,8.1289913865
1.8950000000,7.5383868688
1.8960000000,6.8791083460
1.8970000000,6.1570328474
1.8980000000,5.3786237982
1.8990000000,4.5508743358
1.9000000000,3.6812455268
1.9010000000,2.7776000175
1.9020000000,1.8481317000
1.9030000000,0.9012920151
1.9040000000,-0.0542864544
1.9050000000,-1.0098684116
1.9060000000,-1.9566955879
1.9070000000,-2.8860670735
1.9080000000,-3.7894195005
1.9090000000,-4.6584063380
1.9100000000,-5.4849755641
1.9110000000,-6.2614449864
1.9120000000,-6.9805745038
1.9130000000,-7.6356346201
1.9140000000,-8.2204705568
1.9150000000,-8.7295613417
1.9160000000,-9.1580732997
1.9170000000,-9.5019074126
1.9180000000,-9.7577400761
1.9190000000,-9.9230568334
1.9200000000,-9.9961787326
1.9210000000,-9.9762810185
1.9220000000,-9.8634039416
1.9230000000,-9.6584555362
1.9240000000,-9.3632062971
1.9250000000,-8.9802757576
1.9260000000,-8.5131110484
1.9270000000,-7.9659575931
1.9280000000,-7.3438221703
1.9290000000,-6.6524286460
1.9300000000,-5.8981667524
1.9310000000,-5.0880343543
1.9320000000,-4.2295737124
1.9330000000,-3.3308023111
1.9340000000,-2.4001388724
1.9350000000,-1.4463252310
1.9360000000,-0.4783447851
1.9370000000,0.4946617209
1.9380000000,1.4634822998
1.9390000000,2.4189209014
1.9400000000,3.3518848461
1.9410000000,4.2534716814
1.9420000000,5.1150546298
1.9430000000,5.9283658038
1.9440000000,6.6855763816
1.9450000000,7.3793729587
1.9460000000,8.0030293227
1.9470000000,8.5504729388
1.9480000000,9.0163454763
1.9490000000,9.3960567631
1.9500000000,9.6858316113
1.9510000000,9.8827490232
1.9520000000,9.9847733575
1.9530000000,9.9907771089
1.9540000000,9.9005550350
1.9550000000,9.7148294443
1.9560000000,9.4352465450
1.9570000000,9.0643638389
1.9580000000,8.6056286324
1.9590000000,8.0633478237
1.9600000000,7.4426492091
1.9610000000,6.7494346383
1.9620000000,5.9903254273
1.9630000000,5.1726005188
1.9640000000,4.3041279500
1.9650000000,3.3932902616
1.9660000000,2.4489045408
1.9670000000,1.4801378512
1.9680000000,0.4964188514
1.9690000000,-0.4926535530
1.9700000000,-1.4774036444
1.9710000000,-2.4481735098
1.9720000000,-3.3954179151
1.9730000000,-4.3097985052
1.9740000000,-5.1822763984
1.9750000000,-6.0042022533
1.9760000000,-6.7674029051
1.9770000000,-7.4642636966
1.9780000000,-8.0878056650
1.9790000000,-8.6317567921
1.9800000000,-9.0906165799
1.9810000000,-9.4597132721
1.9820000000,-9.7352531131
1.9830000000,-9.9143611120
1.9840000000,-9.9951128563
1.9850000000,-9.9765570113
1.9860000000,-9.8587282270
1.9870000000,-9.6426502721
1.9880000000,-9.3303293088
1.9890000000,-8.9247373209
1.9900000000,-8.4297858068
1.9910000000,-7.8502899474
1.9920000000,-7.1919235538
1.9930000000,-6.4611651990
1.9940000000,-5.6652360230
1.9950000000,-4.8120297932
1.9960000000,-3.9100358802
1.9970000000,-2.9682558871
1.9980000000,-1.9961147373
1.9990000000,-1.0033670897
2.0000000000,-0.0000000000
2.0010000000,1.0038672067
2.0020000000,1.9980848528
2.0030000000,2.9725755925
2.0040000000,3.9174368237
2.0050000000,4.8230417870
2.0060000000,5.6801383158
2.0070000000,6.4799442191
2.0080000000,7.2142383077
2.0090000000,7.8754461093
2.0100000000,8.4567193709
2.0110000000,8.9520084993
2.0120000000,9.3561271621
2.0130000000,9.6648083433
2.0140000000,9.8747512319
2.0150000000,9.9836584139
2.0160000000,9.9902629308
2.0170000000,9.8943448722
2.0180000000,9.6967372735
2.0190000000,9.3993212014
2.0200000000,9.0050100159
2.0210000000,8.5177229154
2.0220000000,7.9423479772
2.0230000000,7.2846950203
2.0240000000,6.5514387211
2.0250000000,5.7500525204
2.0260000000,4.8887339557
2.0270000000,3.9763221478
2.0280000000,3.0222082567
2.0290000000,2.0362398004
2.0300000000,1.0286197989
2.0310000000,0.0098017675
2.0320000000,-1.0096183687
2.0330000000,-2.0190123255
2.0340000000,-3.0078303364
2.0350000000,-3.9657117004
2.0360000000,-4.8825938392
2.0370000000,-5.7488187144
2.0380000000,-6.5552354713
2.0390000000,-7.2932982132
2.0400000000,-7.9551578489
2.0410000000,-8.5337470162
2.0420000000,-9.0228571495
2.0430000000,-9.4172068350
2.0440000000,-9.7125006859
2.0450000000,-9.9054780637
2.0460000000,-9.9939510762
2.0470000000,-9.9768313909
2.0480000000,-9.8541455213
2.0490000000,-9.6270383601
2.0500000000,-9.2977648589
2.0510000000,-8.8696698804
2.0520000000,-8.3471563722
2.0530000000,-7.7356421395
2.0540000000,-7.0415056158
2.0550000000,-6.2720211513
2.0560000000,-5.4352844546
2.0570000000,-4.5401289303
2.0580000000,-3.5960337617
2.0590000000,-2.6130246758
2.0600000000,-1.6015684190
2.0610000000,-0.5724620387
2.0620000000,0.4632818643
2.0630000000,1.4945527022
2.0640000000,2.5102610344
2.0650000000,3.4994579939
2.0660000000,4.4514537202
2.0670000000,5.3559335148
2.0680000000,6.2030704508
2.0690000000,6.9836332022
2.0700000000,7.6890878975
2.0710000000,8.3116928637
2.0720000000,8.8445851940
2.0730000000,9.2818581576
2.0740000000,9.6186285586
2.0750000000,9.8510932615
2.0760000000,9.9765742073
2.0770000000,9.9935513694
2.0780000000,9.9016832268
2.0790000000,9.7018144633
2.0800000000,9.3959707411
2.0810000000,8.9873405389
2.0820000000,8.4802441829
2.0830000000,7.8800903435
2.0840000000,7.1933204089
2.0850000000,6.4273412813
2.0860000000,5.5904472752
2.0870000000,4.6917319176
2.0880000000,3.7409905692
2.0890000000,2.7486148926
2.0900000000,1.7254802875
2.0910000000,0.6828274999
2.0920000000,-0.3678603155
2.0930000000,-1.4149837447
2.0940000000,-2.4469550939
2.0950000000,-3.4523267898
2.0960000000,-4.4199187788
2.0970000000,-5.3389435023
2.0980000000,-6.1991270485
2.0990000000,-6.9908251099
2.1000000000,-7.7051324278
2.1010000000,-8.3339844703
2.1020000000,-8.8702501666
2.1030000000,-9.3078146151
2.1040000000,-9.6416507884
2.1050000000,-9.8678793738
2.1060000000,-9.9838160179
2.1070000000,-9.9880053781
2.1080000000,-9.8802415315
2.1090000000,-9.6615744386
2.1100000000,-9.3343023178
2.1110000000,-8.9019499423
2.1120000000,-8.3692330301
2.1130000000,-7.7420090568
2.1140000000,-7.0272149762
2.1150000000,-6.2327924817
2.1160000000,-5.3676015927
2.1170000000,-4.4413234805
2.1180000000,-3.4643535797
2.1190000000,-2.4476861481
2.1200000000,-1.4027915396
2.1210000000,-0.3414875482
2.1220000000,0.7241937448
2.1230000000,1.7821421280
2.1240000000,2.8203068848
2.1250000000,3.8268343237
2.1260000000,4.7902036441
2.1270000000,5.6993595755
2.1280000000,6.5438402558
2.1290000000,7.3138988607
2.1300000000,8.0006175576
2.1310000000,8.5960124371
2.1320000000,9.0931281697
2.1330000000,9.4861212485
2.1340000000,9.7703308000
2.1350000000,9.9423360837
2.1360000000,9.9999999495
2.1370000000,9.9424976785
2.1380000000,9.7703308000
2.1390000000,9.4853256454
2.1400000000,9.0906165799
2.1410000000,8.5906140248
2.1420000000,7.9909575639
2.1430000000,7.2984546017
2.1440000000,6.5210052094
2.1450000000,5.6675139639
2.1460000000,4.7477897362
2.1470000000,3.7724345349
2.1480000000,2.7527226448
2.1490000000,1.7004714196
2.1500000000,0.6279051953
2.1510000000,-0.4524861210
2.1520000000,-1.5280921597
2.1530000000,-2.5863292151
2.1540000000,-3.6147876747
2.1550000000,-4.6013780246
2.1560000000,-5.5344737092
2.1570000000,-6.4030491498
2.1580000000,-7.1968112742
2.1590000000,-7.9063229757
2.1600000000,-8.5231170054
2.1610000000,-9.0397989048
2.1620000000,-9.4501377088
2.1630000000,-9.7491432843
2.1640000000,-9.9331293210
2.1650000000,-9.9997611565
2.1660000000,-9.9480877915
2.1670000000,-9.7785576345
2.1680000000,-9.4930177069
2.1690000000,-9.0946962333
2.1700000000,-8.5881687410
2.1710000000,-7.9793079858
2.1720000000,-7.2752182220
2.1730000000,-6.4841545187
2.1740000000,-5.6154280103
2.1750000000,-4.6792981426
2.1760000000,-3.6868531365
2.1770000000,-2.6498800409
2.1780000000,-1.5807258790
2.1790000000,-0.4921515079
2.1800000000,0.6028200911
2.1810000000,1.6910592971
2.1820000000,2.7594872584
2.1830000000,3.7952333403
2.1840000000,4.7857907161
2.1850000000,5.7191682153
2.1860000000,6.5840365775
2.1870000000,7.3698673166
2.1880000000,8.0670624808
2.1890000000,8.6670736893
2.1900000000,9.1625089529
2.1910000000,9.5472259197
2.1920000000,9.8164103468
2.1930000000,9.9666387712
2.1940000000,9.9959245377
2.1950000000,9.9037465400
2.1960000000,9.6910602399
2.1970000000,9.3602907389
2.1980000000,8.9153078980
2.1990000000,8.3613837206
2.2000000000,7.7051324278
2.2010000000,6.9544338751
2.2020000000,6.1183411641
2.2030000000,5.2069735017
2.2040000000,4.2313955487
2.2050000000,3.2034846708
2.2060000000,2.1357876630
2.2070000000,1.0413686588
2.2080000000,-0.0663499500
2.2090000000,-1.1737516543
2.2100000000,-2.2671930323
2.2110000000,-3.3331719682
2.2120000000,-4.3584948105
2.2130000000,-5.3304403981
2.2140000000,-6.2369189087
2.2150000000,-7.0666235334
2.2160000000,-7.8091730634
2.2170000000,-8.4552435714
2.2180000000,-8.9966874995
2.2190000000,-9.4266386093
2.2200000000,-9.7396014166
2.2210000000,-9.9315239225
2.2220000000,-9.9998526480
2.2230000000,-9.9435691995
2.2240000000,-9.7632078167
2.2250000000,-9.4608535883
2.2260000000,-9.0401212630
2.2270000000,-8.5061148253
2.2280000000,-7.8653682465
2.2290000000,-7.1257680624
2.2300000000,-6.2964586597
2.2310000000,-5.3877313758
2.2320000000,-4.4108987277
2.2330000000,-3.3781552807
2.2340000000,-2.3024268426
2.2350000000,-1.1972098308
2.2360000000,-0.0764027900
2.2370000000,1.0458678490
2.2380000000,2.1554255924
2.2390000000,3.2382230569
2.2400000000,4.2805202286
2.2410000000,5.2690595428
2.2420000000,6.1912355462
2.2430000000,7.0352569602
2.2440000000,7.7902990462
2.2450000000,8.4466442872
2.2460000000,8.9958095352
2.2470000000,9.4306579378
2.2480000000,9.7454941402
2.2490000000,9.9361414660
2.2500000000,10.0000000000
2.2510000000,9.9360847382
2.2520000000,9.7450432171
2.2530000000,9.4291522976
2.2540000000,8.9922940417
2.2550000000,8.4399108896
2.2560000000,7.7789406125
2.2570000000,7.0177317794
2.2580000000,6.1659407300
2.2590000000,5.2344112917
2.2600000000,4.2350387082
2.2610000000,3.1806194582
2.2620000000,2.0846888374
2.2630000000,0.9613483421
2.2640000000,-0.1749149584
2.2650000000,-1.3094147621
2.2660000000,-2.4274551968
2.2670000000,-3.5145213623
2.2680000000,-4.5564682792
2.2690000000,-5.5397057818
2.2700000000,-6.4513769298
2.2710000000,-7.2795275820
2.2720000000,-8.0132648821
2.2730000000,-8.6429025321
2.2740000000,-9.1600908944
2.2750000000,-9.5579301480
2.2760000000,-9.8310649373
2.2770000000,-9.9757591839
2.2780000000,-9.9899499860
2.2790000000,-9.8732797969
2.2800000000,-9.6271063556
2.2810000000,-9.2544901309
2.2820000000,-8.7601593368
2.2830000000,-8.1504528689
2.2840000000,-7.4332418103
2.2850000000,-6.6178304344
2.2860000000,-5.7148379162
2.2870000000,-4.7360622176
2.2880000000,-3.6943278623
2.2890000000,-2.6033195356
2.2900000000,-1.4774036444
2.2910000000,-0.3314401442
2.2920000000,0.8194129177
2.2930000000,1.9598995833
2.2940000000,3.0748682521
2.2950000000,4.1494733561
2.2960000000,5.1693737547
2.2970000000,6.1209251918
2.2980000000,6.9913642182
2.2990000000,7.7689810866
2.3000000000,8.4432792550
2.3010000000,9.0051193038
2.3020000000,9.4468452644
2.3030000000,9.7623915862
2.3040000000,9.9473692125
2.3050000000,9.9991295135
2.3060000000,9.9168051106
2.3070000000,9.7013269337
2.3080000000,9.3554171679
2.3090000000,8.8835580708
2.3100000000,8.2919369635
2.3110000000,7.5883680250
2.3120000000,6.7821918344
2.3130000000,5.8841539109
2.3140000000,4.9062637952
2.3150000000,3.8616364851
2.3160000000,2.7643182888
2.3170000000,1.6290993832
2.3180000000,0.4713155554
2.3190000000,-0.6933582318
2.3200000000,-1.8491196826
2.3210000000,-2.9802535661
2.3220000000,-4.0713457610
2.3230000000,-5.1074940299
2.3240000000,-6.0745126341
2.3250000000,-6.9591279659
2.3260000000,-7.7491624859
2.3270000000,-8.4337043924
2.3280000000,-9.0032606364
2.3290000000,-9.4498911067
2.3300000000,-9.7673220567
2.3310000000,-9.9510371193
2.3320000000,-9.9983445546
2.3330000000,-9.9084196931
2.3340000000,-9.6823218745
2.3350000000,-9.3229855279
2.3360000000,-8.8351853947
2.3370000000,-8.2254762518
2.3380000000,-7.5021078458
2.3390000000,-6.6749160982
2.3400000000,-5.7551919714
2.3410000000,-4.7555297069
2.3420000000,-3.6896564384
2.3430000000,-2.5722454545
2.3440000000,-1.4187156242
2.3450000000,-0.2450197042
2.3460000000,0.9325755822
2.3470000000,2.0977146755
2.3480000000,3.2341804102
2.3490000000,4.3261201900
2.3500000000,5.3582679498
2.3510000000,6.3161587861
2.3520000000,7.1863332267
2.3530000000,7.9565282332
2.3540000000,8.6158522046
2.3550000000,9.1549414552
2.3560000000,9.5660958883
2.3570000000,9.8433918653
2.3580000000,9.9827705803
2.3590000000,9.9821005819
2.3600000000,9.8412134455
2.3610000000,9.5619119656
2.3620000000,9.1479506279
2.3630000000,8.6049885036
2.3640000000,7.9405151045
2.3650000000,7.1637501194
2.3660000000,6.2855183255
2.3670000000,5.3181013303
2.3680000000,4.2750681340
2.3690000000,3.1710868141
2.3700000000,2.0217199153
2.3710000000,0.8432063721
2.3720000000,-0.3477670011
2.3730000000,-1.5343012514
2.3740000000,-2.6995249420
2.3750000000,-3.8268343237
2.3760000000,-4.9001306039
2.3770000000,-5.9040509159
2.3780000000,-6.8241896611
2.3790000000,-7.6473070176
2.3800000000,-8.3615215757
2.3810000000,-8.9564842672
2.3820000000,-9.4235310133
2.3830000000,-9.7558118038
2.3840000000,-9.9483942459
2.3850000000,-9.9983399785
2.3860000000,-9.9047527288
2.3870000000,-9.6687971887
2.3880000000,-9.2936883039
2.3890000000,-8.7846509952
2.3900000000,-8.1488507549
2.3910000000,-7.3952959867
2.3920000000,-6.5347133682
2.3930000000,-5.5793979148
2.3940000000,-4.5430397974
2.3950000000,-3.4405303131
2.3960000000,-2.2877497268
2.3970000000,-1.1013399762
2.3980000000,0.1015345299
2.3990000000,1.3034346001
2.4000000000,2.4868988716
2.4010000000,3.6346976939
2.4020000000,4.7300845892
2.4030000000,5.7570416176
2.4040000000,6.7005150361
2.4050000000,7.5466377682
2.4060000000,8.2829353725
2.4070000000,8.8985124222
2.4080000000,9.3842164789
2.4090000000,9.7327771547
2.4100000000,9.9389181116
2.4110000000,9.9994402297
2.4120000000,9.9132745924
2.4130000000,9.6815043709
2.4140000000,9.3073551452
2.4150000000,8.7961536589
2.4160000000,8.1552554728
2.4170000000,7.3939424411
2.4180000000,6.5232913866
2.4190000000,5.5560157829
2.4200000000,4.5062826613
2.4210000000,3.3895073379
2.4220000000,2.2221289003
2.4230000000,1.0213696922
2.4240000000,-0.1950177083
2.4250000000,-1.4090123194
2.4260000000,-2.6025915439
2.4270000000,-3.7579989731
2.4280000000,-4.8580092242
2.4290000000,-5.8861858549
2.4300000000,-6.8271284788
2.4310000000,-7.6667053478
2.4320000000,-8.3922678620
2.4330000000,-8.9928437211
2.4340000000,-9.4593057325
2.4350000000,-9.7845136388
2.4360000000,-9.9634267190
2.4370000000,-9.9931853433
2.4380000000,-9.8731601172
2.4390000000,-9.6049677312
2.4400000000,-9.1924531275
2.4410000000,-8.6416380989
2.4420000000,-7.9606369434
2.4430000000,-7.1595402961
2.4440000000,-6.2502687453
2.4450000000,-5.2463983073
2.4460000000,-4.1629602660
2.4470000000,-3.0162182899
2.4480000000,-1.8234260927
2.4490000000,-0.6025692206
2.4500000000,0.6279051953
2.4510000000,1.8493666753
2.4520000000,3.0432834325
2.4530000000,4.1915039513
2.4540000000,5.2765338217
2.4550000000,6.2818035965
2.4560000000,7.1919235538
2.4570000000,7.9929214242
2.4580000000,8.6724593809
2.4590000000,9.2200268882
2.4600000000,9.6271063556
2.4610000000,9.8873089423
2.4620000000,9.9964783023
2.4630000000,9.9527605366
2.4640000000,9.7566391307
2.4650000000,9.4109341853
2.4660000000,8.9207657912
2.4670000000,8.2934819520
2.4680000000,7.5385520035
2.4690000000,6.6674270167
2.4700000000,5.6933691853
2.4710000000,4.6312526896
2.4720000000,3.4973389807
2.4730000000,2.3090298386
2.4740000000,1.0846019216
2.4750000000,-0.1570731731
2.4760000000,-1.3968190699
2.4770000000,-2.6154505487
2.4780000000,-3.7940706921
2.4790000000,-4.9143646423
2.4800000000,-5.9588853927
2.4810000000,-6.9113271389
2.4820000000,-7.7567818848
2.4830000000,-8.4819752361
2.4840000000,-9.0754776166
2.4850000000,-9.5278875074
2.4860000000,-9.8319837270
2.4870000000,-9.9828442364
2.4880000000,-9.9779294676
2.4890000000,-9.8171287135
2.4900000000,-9.5027686900
2.4910000000,-9.0395839707
2.4920000000,-8.4346495867
2.4930000000,-7.6972766830
2.4940000000,-6.8388727055
2.4950000000,-5.8727681593
2.4960000000,-4.8140125134
2.4970000000,-3.6791423278
2.4980000000,-2.4859251331
2.4990000000,-1.2530829896
2.5000000000,0.0000000000
2.5010000000,1.2535816809
2.5020000000,2.4878725851
2.5030000000,3.6833485375
2.5040000000,4.8210601897
2.5050000000,5.8829345660
2.5060000000,6.8520638092
2.5070000000,7.7129764869
2.5080000000,8.4518870784
2.5090000000,9.0569195800
2.5100000000,9.5183015620
2.5110000000,9.8285254587
2.5120000000,9.9824743796
2.5130000000,9.9775102816
2.5140000000,9.8135229297
2.5150000000,9.4929386950
2.5160000000,9.0206888707
2.5170000000,8.4041378386
2.5180000000,7.6529720571
2.5190000000,6.7790514790
2.5200000000,5.7962256145
2.5210000000,4.7201170362
2.5220000000,3.5678756585
2.5230000000,2.3579076097
2.5240000000,1.1095829478
2.5250000000,-0.1570731731
2.5260000000,-1.4217009827
2.5270000000,-2.6639331080
2.5280000000,-3.8637228744
2.5290000000,-5.0016686026
2.5300000000,-6.0593286426
2.5310000000,-7.0195220154
2.5320000000,-7.8666097321
2.5330000000,-8.5867521552
2.5340000000,-9.1681381240
2.5350000000,-9.6011820085
2.5360000000,-9.8786853533
2.5370000000,-9.9959603318
2.5380000000,-9.9509128394
2.5390000000,-9.7440836974
2.5400000000,-9.3786471165
2.5410000000,-8.8603662584
2.5420000000,-8.1975064353
2.5430000000,-7.4007071792
2.5440000000,-6.4828150929
2.5450000000,-5.4586800453
2.5460000000,-4.3449178847
2.5470000000,-3.1596434115
2.5480000000,-1.9221778553
2.5490000000,-0.6527355421
2.5500000000,0.6279051953
2.5510000000,1.8987415291
2.5520000000,3.1388905356
2.5530000000,4.3279328371
2.5540000000,5.4462498288
2.5550000000,6.4753489057
2.5560000000,7.3981712785
2.5570000000,8.1993772228
2.5580000000,8.8656039556
2.5590000000,9.3856917602
2.5600000000,9.7508744827
2.5610000000,9.9549310938
2.5620000000,9.9942956395
2.5630000000,9.8681235778
2.5640000000,9.5783132147
2.5650000000,9.1294816901
2.5660000000,8.5288957174
2.5670000000,7.7863580347
2.5680000000,6.9140512676
2.5690000000,5.9263416197
2.5700000000,4.8395454918
2.5710000000,3.6716627631
2.5720000000,2.4420810439
2.5730000000,1.1712557158
2.5740000000,-0.1196289947
2.5750000000,-1.4090123194
2.5760000000,-2.6753167876
2.5770000000,-3.8973096024
2.5780000000,-5.0544595012
2.5790000000,-6.1272830912
2.5800000000,-7.0976747986
2.5810000000,-7.9492148144
2.5820000000,-8.6674497638
2.5830000000,-9.2401412569
2.5840000000,-9.6574779964
2.5850000000,-9.9122477107
2.5860000000,-9.9999658401
2.5870000000,-9.9189586185
2.5880000000,-9.6703989529
2.5890000000,-9.2582942923
2.5900000000,-8.6894264882
2.5910000000,-7.9732444601
2.5920000000,-7.1217112860
2.5930000000,-6.1491081177
2.5940000000,-5.0717980678
2.5950000000,-3.9079539090
2.5960000000,-2.6772540638
2.5970000000,-1.4005519231
2.5980000000,-0.0995240122
2.5990000000,1.2036970885
2.6000000000,2.4868988716
2.6010000000,3.7281676974
2.6020000000,4.9062637952
2.6030000000,6.0009860451
2.6040000000,6.9935202541
2.6050000000,7.8667648955
2.6060000000,8.6056286324
2.6070000000,9.1972944062
2.6080000000,9.6314454146
2.6090000000,9.9004489387
2.6100000000,9.9994946805
2.6110000000,9.9266850402
2.6120000000,9.6830755758
2.6130000000,9.2726647382
2.6140000000,8.7023328463
2.6150000000,7.9817311384
2.6160000000,7.1231226086
2.6170000000,6.1411771734
2.6180000000,5.0527245195
2.6190000000,3.8764687323
2.6200000000,2.6326694862
2.6210000000,1.3427951834
2.6220000000,0.0291539385
2.6230000000,-1.2854912772
2.6240000000,-2.5783167130
2.6250000000,-3.8268343237
2.6260000000,-5.0092837762
2.6270000000,-6.1050131312
2.6280000000,-7.0948415194
2.6290000000,-7.9613974134
2.6300000000,-8.6894264882
2.6310000000,-9.2660635670
2.6320000000,-9.6810637486
2.6330000000,-9.9269885029
2.6340000000,-9.9993432884
2.6350000000,-9.8966640791
2.6360000000,-9.6205510685
2.6370000000,-9.1756487417
2.6380000000,-8.5695724385
2.6390000000,-7.8127824768
2.6400000000,-6.9184078294
2.6410000000,-5.9020222482
2.6420000000,-4.7813765788
2.6430000000,-3.5760918023
2.6440000000,-2.3073180527
2.6450000000,-0.9973654892
2.6460000000,0.3306865753
2.6470000000,1.6533954690
2.6480000000,2.9473687633
2.6490000000,4.1896783915
2.6500000000,5.3582679498
2.6510000000,6.4323459291
2.6520000000,7.3927578434
2.6530000000,8.2223305576
2.6540000000,8.9061825806
2.6550000000,9.4319946643
2.6560000000,9.7902357284
2.6570000000,9.9743399005
2.6580000000,9.9808313144
2.6590000000,9.8093942240
2.6600000000,9.4628869538
2.6610000000,8.9472992058
2.6620000000,8.2716532505
2.6630000000,7.4478505380
2.6640000000,6.4904662508
2.6650000000,5.4164952634
2.6660000000,4.2450538637
2.6670000000,2.9970424059
2.6680000000,1.6947747934
2.6690000000,0.3615813107
2.6700000000,-0.9786081587
2.6710000000,-2.3016931109
2.6720000000,-3.5838359179
2.6730000000,-4.8018920472
2.6740000000,-5.9338292301
2.6750000000,-6.9591279659
2.6760000000,-7.8591560498
2.6770000000,-8.6175102464
2.6780000000,-9.2203187914
2.6790000000,-9.6564990840
2.6800000000,-9.9179657151
2.6810000000,-9.9997848560
2.6820000000,-9.9002719864
2.6830000000,-9.6210309516
2.6840000000,-9.1669334015
2.6850000000,-8.5460387392
2.6860000000,-7.7694557916
2.6870000000,-6.8511484848
2.6880000000,-5.8076888355
2.6890000000,-4.6579615487
2.6900000000,-3.4228254167
2.6910000000,-2.1247375284
2.6920000000,-0.7873470065
2.6930000000,0.5649344190
2.6940000000,1.9073772315
2.6950000000,3.2153862583
2.6960000000,4.4649518472
2.6970000000,5.6330918077
2.6980000000,6.6982759633
2.6990000000,7.6408254414
2.7000000000,8.4432792550
2.7010000000,9.0907212956
2.7020000000,9.5710615533
2.7030000000,9.8752661955
2.7040000000,9.9975320498
2.7050000000,9.9354020464
2.7060000000,9.6898192452
2.7070000000,9.2651182009
2.7080000000,8.6689535689
2.7090000000,7.9121670210
2.7100000000,7.0085946832
2.7110000000,5.9748184271
2.7120000000,4.8298653993
2.7130000000,3.5948611586
2.7140000000,2.2926426784
2.7150000000,0.9473382473
2.7160000000,-0.4160780481
2.7170000000,-1.7722490655
2.7180000000,-3.0959060190
2.7190000000,-4.3623398055
2.7200000000,-5.5478634474
2.7210000000,-6.6302569787
2.7220000000,-7.5891863887
2.7230000000,-8.4065886812
2.7240000000,-9.0670157049
2.7250000000,-9.5579301480
2.7260000000,-9.8699479544
2.7270000000,-9.9970223981
2.7280000000,-9.9365661243
2.7290000000,-9.6895086139
2.7300000000,-9.2602877316
2.7310000000,-8.6567752487
2.7320000000,-7.8901374794
2.7330000000,-6.9746333932
2.7340000000,-5.9273537585
2.7350000000,-4.7679060036
2.7360000000,-3.5180505254
2.7370000000,-2.2012951254
2.7380000000,-0.8424550726
2.7390000000,0.5328130186
2.7400000000,1.8984947731
2.7410000000,3.2287100074
2.7420000000,4.4982037528
2.7430000000,5.6828270266
2.7440000000,6.7599981776
2.7450000000,7.7091359596
2.7460000000,8.5120559823
2.7470000000,9.1533228450
2.7480000000,9.6205510685
2.7490000000,9.9046488843
2.7500000000,10.0000000000
2.7510000000,9.9045796234
2.7520000000,9.6200022660
2.7530000000,9.1515001392
2.7540000000,8.5078322775
2.7550000000,7.7011258540
2.7560000000,6.7466524564
2.7570000000,5.6625433527
2.7580000000,4.4694489682
2.7590000000,3.1901488879
2.7600000000,1.8491196826
2.7610000000,0.4720686983
2.7620000000,-0.9145573517
2.7630000000,-2.2840796337
2.7640000000,-3.6101005634
2.7650000000,-4.8670134260
2.7660000000,-6.0304983940
2.7670000000,-7.0779953114
2.7680000000,-7.9891440127
2.7690000000,-8.7461835329
2.7700000000,-9.3343023178
2.7710000000,-9.7419324572
2.7720000000,-9.9609820154
2.7730000000,-9.9870007079
2.7740000000,-9.8192754418
2.7750000000,-9.4608535883
2.7760000000,-8.9184932464
2.7770000000,-8.2025411767
2.7780000000,-7.3267404945
2.7790000000,-6.3079715902
2.7800000000,-5.1659310633
2.7810000000,-3.9227546869
2.7820000000,-2.6025915439
2.7830000000,-1.2311374585
2.7840000000,0.1648633133
2.7850000000,1.5581385132
2.7860000000,2.9214203272
2.7870000000,4.2279794654
2.7880000000,5.4521504093
2.7890000000,6.5698374879
2.7900000000,7.5589917686
2.7910000000,8.4000492791
2.7920000000,9.0763217905
2.7930000000,9.5743322851
2.7940000000,9.8840882872
2.7950000000,9.9992874230
2.7960000000,9.9174508932
2.7970000000,9.6399819372
2.7980000000,9.1721478422
2.7990000000,8.5229855499
2.8000000000,7.7051324278
2.8010000000,6.7345852602
2.8020000000,5.6303919490
2.8030000000,4.4142817698
2.8040000000,3.1102412746
2.8050000000,1.7440440445
2.8060000000,0.3427434497
2.8070000000,-1.0658616474
2.8080000000,-2.4537777249
2.8090000000,-3.7933730744
2.8100000000,-5.0579288514
2.8110000000,-6.2221736997
2.8120000000,-7.2627912241
2.8130000000,-8.1588900745
2.8140000000,-8.8924271084
2.8150000000,-9.4485749884
2.8160000000,-9.8160266474
2.8170000000,-9.9872302789
2.8180000000,-9.9585498747
2.8190000000,-9.7303478030
2.8200000000,-9.3069874634
2.8210000000,-8.6967556563
2.8220000000,-7.9117059113
2.8230000000,-6.9674256153
2.8240000000,-5.8827313289
2.8250000000,-4.6792981426
2.8260000000,-3.3812302823
2.8270000000,-2.0145813912
2.8280000000,-0.6068339678
2.8290000000,0.8136516896
2.8300000000,2.2182080205
2.8310000000,3.5784387640
2.8320000000,4.8667938728
2.8330000000,6.0571291269
2.8340000000,7.1252390527
2.8350000000,8.0493522385
2.8360000000,8.8105788561
2.8370000000,9.3933011150
2.8380000000,9.7854984985
2.8390000000,9.9790009159
2.8400000000,9.9696643425
2.8410000000,9.7574650709
2.8420000000,9.3465103385
2.8430000000,8.7449647911
2.8440000000,7.9648939561
2.8450000000,7.0220276008
2.8460000000,5.9354474985
2.8470000000,4.7272056948
2.8480000000,3.4218808134
2.8490000000,2.0460812455
2.8500000000,0.6279051953
2.8510000000,-0.8036315161
2.8520000000,-2.2191882741
2.8530000000,-3.5897010311
2.8540000000,-4.8869798836
2.8550000000,-6.0842905654
2.8560000000,-7.1569078336
2.8570000000,-8.0826292461
2.8580000000,-8.8422385948
2.8590000000,-9.4199092449
2.8600000000,-9.8035388313
2.8610000000,-9.9850081358
2.8620000000,-9.9603585066
2.8630000000,-9.7298838400
2.8640000000,-9.2981348911
2.8650000000,-8.6738354892
2.8660000000,-7.8697120548
2.8670000000,-6.9022396181
2.8680000000,-5.7913092893
2.8690000000,-4.5598237818
2.8700000000,-3.2332291134
2.8710000000,-1.8389919776
2.8720000000,-0.4060334488
2.8730000000,1.0358693592
2.8740000000,2.4567013378
2.8750000000,3.8268343237
2.8760000000,5.1176459246
2.8770000000,6.3021192894
2.8780000000,7.3554112198
2.8790000000,8.2553766284
2.8800000000,8.9830382041
2.8810000000,9.5229912452
2.8820000000,9.8637349311
2.8830000000,9.9979228092
2.8840000000,9.9225269325
2.8850000000,9.6389118751
2.8860000000,9.1528167257
2.8870000000,8.4742450864
2.8880000000,7.6172650421
2.8890000000,6.5997229650
2.8900000000,5.4428768574
2.8910000000,4.1709566515
2.8920000000,2.8106604663
2.8930000000,1.3905972069
2.8940000000,-0.0593129215
2.8950000000,-1.5084674764
2.8960000000,-2.9262272227
2.8970000000,-4.2825643627
2.8980000000,-5.5486998298
2.8990000000,-6.6977160999
2.9000000000,-7.7051324278
2.9010000000,-8.5494301593
2.9020000000,-9.2125167718
2.9030000000,-9.6801185490
2.9040000000,-9.9420932675
2.9050000000,-9.9926559395
2.9060000000,-9.8305124712
2.9070000000,-9.4588980435
2.9080000000,-8.8855190329
2.9090000000,-8.1223993494
2.9100000000,-7.1856341089
2.9110000000,-6.0950555564
2.9120000000,-4.8738180506
2.9130000000,-3.5479106853
2.9140000000,-2.1456077119
2.9150000000,-0.6968683047
2.9160000000,0.7673016531
2.9170000000,2.2155122075
2.9180000000,3.6166622635
2.9190000000,4.9406083827
2.9200000000,6.1588150543
2.9210000000,7.2449723778
2.9220000000,8.1755677338
2.9230000000,8.9303989545
2.9240000000,9.4930177069
2.9250000000,9.8510932615
2.9260000000,9.9966884931
2.9270000000,9.9264418187
2.9280000000,9.6416507884
2.9290000000,9.1482551492
2.9300000000,8.4567193709
2.9310000000,7.5818168026
2.9320000000,6.5423197688
2.9330000000,5.3606019753
2.9340000000,4.0621615267
2.9350000000,2.6750746204
2.9360000000,1.2293915313
2.9370000000,-0.2435121897
2.9380000000,-1.7116153474
2.9390000000,-3.1429468781
2.9400000000,-4.5062826613
2.9410000000,-5.7718281757
2.9420000000,-6.9118720432
2.9430000000,-7.9013960809
2.9440000000,-8.7186283625
2.9450000000,-9.3455269820
2.9460000000,-9.7681836722
2.9470000000,-9.9771381395
2.9480000000,-9.9675958935
2.9490000000,-9.7395444327
2.9500000000,-9.2977648589
2.9510000000,-8.6517382742
2.9520000000,-7.8154486263
2.9530000000,-6.8070859499
2.9540000000,-5.6486561649
2.9550000000,-4.3655056742
2.9560000000,-2.9857709192
2.9570000000,-1.5397647511
2.9580000000,-0.0593129215
2.9590000000,1.4229448439
2.9600000000,2.8742738777
2.9610000000,4.2625678871
2.9620000000,5.5570605682
2.9630000000,6.7290097212
2.9640000000,7.7523386066
2.9650000000,8.6042201697
2.9660000000,9.2655909571
2.9670000000,9.7215830603
2.9680000000,9.9618641852
2.9690000000,9.9808779481
2.9700000000,9.7779786851
2.9710000000,9.3574573819
2.9720000000,8.7284577437
2.9730000000,7.9047838703
2.9740000000,6.9046034226
2.9750000000,5.7500525204
2.9760000000,4.4667508310
2.9770000000,3.0832373530
2.9780000000,1.6303392199
2.9790000000,0.1404874018
2.9800000000,-1.3530055706
2.9810000000,-2.8166898113
2.9820000000,-4.2177276118
2.9830000000,-5.5246314992
2.9840000000,-6.7079742093
2.9850000000,-7.7410545179
2.9860000000,-8.6005037978
2.9870000000,-9.2668194385
2.9880000000,-9.7248128485
2.9890000000,-9.9639616349
2.9900000000,-9.9786576677
2.9910000000,-9.7683450492
2.9920000000,-9.3375444715
2.9930000000,-8.6957629911
2.9940000000,-7.8572908417
2.9950000000,-6.8408894634
2.9960000000,-5.6693774116
2.9970000000,-4.3691231480
2.9980000000,-2.9694558662
2.9990000000,-1.5020074154
3.0000000000,-0.0000000000
3.0010000000,1.5025043660
3.0020000000,2.9713757353
3.0030000000,4.3731919614
3.0040000000,5.6760006536
3.0050000000,6.8500499527
3.0060000000,7.8684713643
3.0070000000,8.7078989050
3.0080000000,9.3490102042
3.0090000000,9.7769769214
3.0100000000,9.9818138601
3.0110000000,9.9586184250
3.0120000000,9.7076945457
3.0130000000,9.2345578082
3.0140000000,8.5498212421
3.0150000000,7.6689639473
3.0160000000,6.6119874372
3.0170000000,5.4029671786
3.0180000000,4.0695092430
3.0190000000,2.6421242123
3.0200000000,1.1535324341
3.0210000000,-0.3620836364
3.0220000000,-1.8698629831
3.0230000000,-3.3350675424
3.0240000000,-4.7238832665
3.0250000000,-6.0042022533
3.0260000000,-7.1463678158
3.0270000000,-8.1238651447
3.0280000000,-8.9139413971
3.0290000000,-9.4981406133
3.0300000000,-9.8627407664
3.0310000000,-9.9990824693
3.0320000000,-9.9037813238
3.0330000000,-9.5788185658
3.0340000000,-9.0315074616
3.0350000000,-8.2743357839
3.0360000000,-7.3246875812
3.0370000000,-6.2044502714
3.0380000000,-4.9395157891
3.0390000000,-3.5591870190
3.0400000000,-2.0955030025
3.0410000000,-0.5824983581
3.0420000000,0.9445860430
3.0430000000,2.4501228949
3.0440000000,3.8989297245
3.0450000000,5.2570922186
3.0460000000,6.4927603194
3.0470000000,7.5768983569
3.0480000000,8.4839714801
3.0490000000,9.1925520685
3.0500000000,9.6858316113
3.0510000000,9.9520257009
3.0520000000,9.9846622429
3.0530000000,9.7827456898
3.0540000000,9.3507929880
3.0550000000,8.6987399320
3.0560000000,7.8417196633
3.0570000000,6.7997180722
3.0580000000,5.5971137860
3.0590000000,4.2621131790
3.0600000000,2.8260933683
3.0610000000,1.3228683815
3.0620000000,-0.2121044291
3.0630000000,-1.7425591711
3.0640000000,-3.2322777839
3.0650000000,-4.6459477906
3.0660000000,-5.9500011083
3.0670000000,-7.1134139530
3.0680000000,-8.1084487187
3.0690000000,-8.9113200042
3.0700000000,-9.5027686900
3.0710000000,-9.8685300857
3.0720000000,-9.9996846291
3.0730000000,-9.8928823679
3.0740000000,-9.5504354229
3.0750000000,-8.9802757576
3.0760000000,-8.1957787779
3.0770000000,-7.2154564948
3.0780000000,-6.0625271114
3.0790000000,-4.7643708815
3.0800000000,-3.3518848461
3.0810000000,-1.8587515312
3.0820000000,-0.3206388116
3.0830000000,1.2256501306
3.0840000000,2.7430565471
3.0850000000,4.1951545625
3.0860000000,5.5470270089
3.0870000000,6.7661075713
3.0880000000,7.8229688750
3.0890000000,8.6920373660
3.0900000000,9.3522175140
3.0910000000,9.7874099794
3.0920000000,9.9869108783
3.0930000000,9.9456820920
3.0940000000,9.6644856395
3.0950000000,9.1498783840
3.0960000000,8.4140667047
3.0970000000,7.4746241524
3.0980000000,6.3540784318
3.0990000000,5.0793772475
3.1000000000,3.6812455268
3.1010000000,2.1934492138
3.1020000000,0.6519831659
3.1030000000,-0.9057974043
3.1040000000,-2.4420810439
3.1050000000,-3.9195178827
3.1060000000,-5.3021288889
3.1070000000,-6.5561844001
3.1080000000,-7.6510304247
3.1090000000,-8.5598423946
3.1100000000,-9.2602877316
3.1110000000,-9.7350807408
3.1120000000,-9.9724158998
3.1130000000,-9.9662685308
3.1140000000,-9.7165550348
3.1150000000,-9.2291482729
3.1160000000,-8.5157472078
3.1170000000,-7.5936034814
3.1180000000,-6.4851111286
3.1190000000,-5.2172690031
3.1200000000,-3.8210286623
3.1210000000,-2.3305433185
3.1220000000,-0.7823359633
3.1230000000,0.7855931639
3.1240000000,2.3346980210
3.1250000000,3.8268343237
3.1260000000,5.2251999374
3.1270000000,6.4952448939
3.1280000000,7.6055284783
3.1290000000,8.5285020455
3.1300000000,9.2411979722
3.1310000000,9.7258073876
3.1320000000,9.9701320046
3.1330000000,9.9678984305
3.1340000000,9.7189266896
3.1350000000,9.2291482729
3.1360000000,8.5104727381
3.1370000000,7.5805056384
3.1380000000,6.4621242621
3.1390000000,5.1829212215
3.1400000000,3.7745292592
3.1410000000,2.2718436484
3.1420000000,0.7121611810
3.1430000000,-0.8657431075
3.1440000000,-2.4225786862
3.1450000000,-3.9195178827
3.1460000000,-5.3191654885
3.1470000000,-6.5864953755
3.1480000000,-7.6897306119
3.1490000000,-8.6011448776
3.1500000000,-9.2977648589
3.1510000000,-9.7619556960
3.1520000000,-9.9818744117
3.1530000000,-9.9517794984
3.1540000000,-9.6721883964
3.1550000000,-9.1498783840
3.1560000000,-8.3977303089
3.1570000000,-7.4344185407
3.1580000000,-6.2839544037
3.1590000000,-4.9750940643
3.1600000000,-3.5406253079
3.1610000000,-2.0165507463
3.1620000000,-0.4411876843
3.1630000000,1.1457929445
3.1640000000,2.7043645316
3.1650000000,4.1951545625
3.1660000000,5.5804407305
3.1670000000,6.8251081602
3.1680000000,7.8975433881
3.1690000000,8.7704422514
3.1700000000,9.4215109180
3.1710000000,9.8340419206
3.1720000000,9.9973501488
3.1730000000,9.9070572506
3.1740000000,9.5652166936
3.1750000000,8.9802757576
3.1760000000,8.1668748584
3.1770000000,7.1454887471
3.1780000000,5.9419181718
3.1790000000,4.5866444334
3.1800000000,3.1140628163
3.1810000000,1.5616140260
3.1820000000,-0.0311645487
3.1830000000,-1.6236437964
3.1840000000,-3.1751385800
3.1850000000,-4.6459477906
3.1860000000,-5.9983721614
3.1870000000,-7.1976837064
3.1880000000,-8.2130217799
3.1890000000,-9.0181925326
3.1900000000,-9.5923509253
3.1910000000,-9.9205473882
3.1920000000,-9.9941246204
3.1930000000,-9.8109538156
3.1940000000,-9.3755036859
3.1950000000,-8.6987399320
3.1960000000,-7.7978571658
3.1970000000,-6.6958496135
3.1980000000,-5.4209311144
3.1990000000,-4.0058188567
3.2000000000,-2.4868988716
3.2010000000,-0.9032944331
3.2020000000,0.7041388949
3.2030000000,2.2938658258
3.2040000000,3.8247444595
3.2050000000,5.2570922186
3.2060000000,6.5537169699
3.2070000000,7.6808864794
3.2080000000,8.6092108420
3.2090000000,9.3144146812
3.2100000000,9.7779786851
3.2110000000,9.9876333583
3.2120000000,9.9376916422
3.2130000000,9.6292111984
3.2140000000,9.0699815451
3.2150000000,8.2743357839
3.2160000000,7.2627912241
3.2170000000,6.0615276952
3.2180000000,4.7017166104
3.2190000000,3.2187177937
3.2200000000,1.6511646118
3.2210000000,0.0399609522
3.2220000000,-1.5727840055
3.2230000000,-3.1448555466
3.2240000000,-4.6350390114
3.2250000000,-6.0042022533
3.2260000000,-7.2163264917
3.2270000000,-8.2394583254
3.2280000000,-9.0465576330
3.2290000000,-9.6162187229
3.2300000000,-9.9332453369
3.2310000000,-9.9890638793
3.2320000000,-9.7819634414
3.2330000000,-9.3171557082
3.2340000000,-8.6066525558
3.2350000000,-7.6689639473
3.2360000000,-6.5286234922
3.2370000000,-5.2155536131
3.2380000000,-3.7642865511
3.2390000000,-2.2130613215
3.2400000000,-0.6028200911
3.2410000000,1.0238697905
3.2420000000,2.6239398015
3.2430000000,4.1549606592
3.2440000000,5.5762689391
3.2450000000,6.8500499527
3.2460000000,7.9423479772
3.2470000000,8.8239767458
3.2480000000,9.4713056498
3.2490000000,9.8669003141
3.2500000000,10.0000000000
3.2510000000,9.8668185638
3.2520000000,9.4706603544
3.2530000000,8.8218473314
3.2540000000,7.9374587118
3.2550000000,6.8408894634
3.2560000000,5.5612388319
3.2570000000,4.1325446762
3.2580000000,2.5928835756
3.2590000000,0.9833603472
3.2600000000,-0.6529863333
3.2610000000,-2.2723331569
3.2620000000,-3.8312456160
3.2630000000,-5.2878442412
3.2640000000,-6.6029322984
3.2650000000,-7.7410545179
3.2660000000,-8.6714581585
3.2670000000,-9.3689302245
3.2680000000,-9.8144878819
3.2690000000,-9.9959029854
3.2700000000,-9.9080460196
3.2710000000,-9.5530395750
3.2720000000,-8.9402165747
3.2730000000,-8.0858837254
3.2740000000,-7.0128959284
3.2750000000,-5.7500525204
3.2760000000,-4.3313310788
3.2770000000,-2.7949789822
3.2780000000,-1.1824868542
3.2790000000,0.4625286903
3.2800000000,2.0955030025
3.2810000000,3.6721303055
3.2820000000,5.1495668806
3.2830000000,6.4875978349
3.2840000000,7.6497356165
3.2850000000,8.6042201697
3.2860000000,9.3248931823
3.2870000000,9.7919221988
3.2880000000,9.9923543650
3.2890000000,9.9204841381
3.2900000000,9.5780243096
3.2910000000,8.9740750140
3.2920000000,8.1248908960
3.2930000000,7.0534521256
3.2940000000,5.7888503365
3.2950000000,4.3655056742
3.2960000000,2.8222358267
3.2970000000,1.2012020501
3.2980000000,-0.4532393297
3.2990000000,-2.0957487492
3.3000000000,-3.6812455268
3.3010000000,-5.1661462560
3.3020000000,-6.5095654305
3.3030000000,-7.6744451640
3.3040000000,-8.6285826849
3.3050000000,-9.3455269820
3.3060000000,-9.8053194646
3.3070000000,-9.9950577061
3.3080000000,-9.9092661345
3.3090000000,-9.5500627979
3.3100000000,-8.9271169241
3.3110000000,-8.0573977517
3.3120000000,-6.9647208827
3.3130000000,-5.6791040347
3.3140000000,-4.2359493910
3.3150000000,-2.6750746204
3.3160000000,-1.0396189161
3.3170000000,0.6251460251
3.3180000000,2.2730674087
3.3190000000,3.8583905979
3.3200000000,5.3370307740
3.3210000000,6.6678016309
3.3220000000,7.8135667865
3.3230000000,8.7422816148
3.3240000000,9.4278961234
3.3250000000,9.8510932615
3.3260000000,9.9998415309
3.3270000000,9.8697458693
3.3280000000,9.4641863473
3.3290000000,8.7942401024
3.3300000000,7.8783879777
3.3310000000,6.7420133561
3.3320000000,5.4167065287
3.3330000000,3.9393934288
3.3340000000,2.3513125618
3.3350000000,0.6968683047
3.3360000000,-0.9776076695
3.3370000000,-2.6251523863
3.3380000000,-4.1994887821
3.3390000000,-5.6563271917
3.3400000000,-6.9546144719
3.3410000000,-8.0576954487
3.3420000000,-8.9343537077
3.3430000000,-9.5597020186
3.3440000000,-9.9158968057
3.3450000000,-9.9926559395
3.3460000000,-9.7875645934
3.3470000000,-9.3061598355
3.3480000000,-8.5617908375
3.3490000000,-7.5752579176
3.3500000000,-6.3742398975
3.3510000000,-4.9925252861
3.3520000000,-3.4690684153
3.3530000000,-1.8468966956
3.3540000000,-0.1718994830
3.3550000000,1.5084674764
3.3560000000,3.1465255273
3.3570000000,4.6957265156
3.3580000000,6.1119776983
3.3590000000,7.3549003909
3.3600000000,8.3889863223
3.3610000000,9.1846184464
3.3620000000,9.7189266896
3.3630000000,9.9764537031
3.3640000000,9.9496110141
3.3650000000,9.6389118751
3.3660000000,9.0529734315
3.3670000000,8.2082873948
3.3680000000,7.1287650191
3.3690000000,5.8450686611
3.3700000000,4.3937483569
3.3710000000,2.8162075046
3.3720000000,1.1575267357
3.3730000000,-0.5348207711
3.3740000000,-2.2123260284
3.3750000000,-3.8268343237
3.3760000000,-5.3319288305
3.3770000000,-6.6842679626
3.3780000000,-7.8448378647
3.3790000000,-8.7800837263
3.3800000000,-9.4628869538
3.3810000000,-9.8733595522
3.3820000000,-9.9994322236
3.3830000000,-9.8372185520
3.3840000000,-9.3911440374
3.3850000000,-8.6738354892
3.3860000000,-7.7057731973
3.3870000000,-6.5147151643
3.3880000000,-5.1349093162
3.3890000000,-3.6061158017
3.3900000000,-1.9724670802
3.3910000000,-0.2811983027
3.3920000000,1.4187156242
3.3930000000,3.0779770534
3.3940000000,4.6483957324
3.3950000000,6.0842905654
3.3960000000,7.3438221703
3.3970000000,8.3902172574
3.3980000000,9.1928488566
3.3990000000,9.7281404758
3.4000000000,9.9802672843
3.4010000000,9.9416332269
3.4020000000,9.6131094297
3.4030000000,9.0040261691
3.4040000000,8.1319178437
3.4050000000,7.0220276008
3.4060000000,5.7065853245
3.4070000000,4.2238793722
3.4080000000,2.6171485613
3.4090000000,0.9333262760
3.4100000000,-0.7783269865
3.4110000000,-2.4676628940
3.4120000000,-4.0851143944
3.4130000000,-5.5831516389
3.4140000000,-6.9176819105
3.4150000000,-8.0493522385
3.4160000000,-8.9447160821
3.4170000000,-9.5772293214
3.4180000000,-9.9280456840
3.4190000000,-9.9865875350
3.4200000000,-9.7508744827
3.4210000000,-9.2275993331
3.4220000000,-8.4319483390
3.4230000000,-7.3871702303
3.4240000000,-6.1239059504
3.4250000000,-4.6792981426
3.4260000000,-3.0959060190
3.4270000000,-1.4204570991
3.4280000000,0.2975277420
3.4290000000,2.0071955849
3.4300000000,3.6578660933
3.4310000000,5.2005349642
3.4320000000,6.5893315766
3.4330000000,7.7828874017
3.4340000000,8.7455742311
3.4350000000,9.4485749884
3.4360000000,9.8707547362
3.4370000000,9.9993053111
3.4380000000,9.8301436637
3.4390000000,9.3680512473
3.4400000000,8.6265494686
3.4410000000,7.6275140758
3.4420000000,6.4005391604
3.4430000000,4.9820689705
3.4440000000,3.4143227428
3.4450000000,1.7440440445
3.4460000000,0.0211114869
3.4470000000,-1.7029480365
3.4480000000,-3.3764993612
3.4490000000,-4.9493463215
3.4500000000,-6.3742398975
3.4510000000,-7.6083018588
3.4520000000,-8.6143208882
3.4530000000,-9.3618818417
3.4540000000,-9.8282936657
3.4550000000,-9.9992874230
3.4560000000,-9.8694626883
3.4570000000,-9.4424680702
3.4580000000,-8.7309095772
3.4590000000,-7.7559887240
3.4600000000,-6.5468804360
3.4610000000,-5.1398687025
3.4620000000,-3.5772653114
3.4630000000,-1.9061436499
3.4640000000,-0.1769252666
3.4650000000,1.5581385132
3.4660000000,3.2465442909
3.4670000000,4.8371260230
3.4680000000,6.2816080447
3.4690000000,7.5360744832
3.4700000000,8.5623102168
3.4710000000,9.3289722658
3.4720000000,9.8125554981
3.4730000000,9.9981226515
3.4740000000,9.8797757264
3.4750000000,9.4608535883
3.4760000000,8.7538488996
3.4770000000,7.7800460231
3.4780000000,6.5688900514
3.4790000000,5.1571053548
3.4800000000,3.5875897535
3.4810000000,1.9081173660
3.4820000000,0.1698891573
3.4830000000,-1.5740249904
3.4840000000,-3.2703053809
3.4850000000,-4.8670134260
3.4860000000,-6.3151844888
3.4870000000,-7.5703337294
3.4880000000,-8.5938285190
3.4890000000,-9.3540849094
3.4900000000,-9.8275508851
3.4910000000,-9.9994455355
3.4920000000,-9.8642306678
3.4930000000,-9.4257995222
3.4940000000,-8.6973758936
3.4950000000,-7.7011258540
3.4960000000,-6.4674931294
3.4970000000,-5.0342777388
3.4980000000,-3.4454854961
3.4990000000,-1.7499831412
3.5000000000,-0.0000000000
3.5010000000,1.7504780372
3.5020000000,3.4473729325
3.5030000000,5.0381860362
3.5040000000,6.4736250557
3.5050000000,7.7091359596
3.5060000000,8.7062920763
3.5070000000,9.4339968943
3.5080000000,9.8694626883
3.5090000000,9.9989339090
3.5100000000,9.8181320829
3.5110000000,9.3324075326
3.5120000000,8.5565922863
3.5130000000,7.5145578134
3.5140000000,6.2384904240
3.5150000000,4.7679060036
3.5160000000,3.1484339575
3.5170000000,1.4304075387
3.5180000000,-0.3326960882
3.5190000000,-2.0859178485
3.5200000000,-3.7745292592
3.5210000000,-5.3457421011
3.5220000000,-6.7503618191
3.5230000000,-7.9443327741
3.5240000000,-8.8901266626
3.5250000000,-9.5579301480
3.5260000000,-9.9265938792
3.5270000000,-9.9843124083
3.5280000000,-9.7290128492
3.5290000000,-9.1684391743
3.5300000000,-8.3199285555
3.5310000000,-7.2098858171
3.5320000000,-5.8729715784
3.5330000000,-4.3510287258
3.5340000000,-2.6917801805
3.5350000000,-0.9473382473
3.5360000000,0.8274280834
3.5370000000,2.5766168631
3.5380000000,4.2450538637
3.5390000000,5.7800347666
3.5400000000,7.1329938011
3.5410000000,8.2610458909
3.5420000000,9.1283531750
3.5430000000,9.7072721410
3.5440000000,9.9792443913
3.5450000000,9.9354020464
3.5460000000,9.5768677211
3.5470000000,8.9147386212
3.5480000000,7.9697542836
3.5490000000,6.7716575269
3.5500000000,5.3582679498
3.5510000000,3.7742965216
3.5520000000,2.0699381429
3.5530000000,0.2992862504
3.5540000000,-1.4813806351
3.5550000000,-3.2153862583
3.5560000000,-4.8474611660
3.5570000000,-6.3255069633
3.5580000000,-7.6022639004
3.5590000000,-8.6368282750
3.5600000000,-9.3959707411
3.5610000000,-9.8552127919
3.5620000000,-9.9996262649
3.5630000000,-9.8243294417
3.5640000000,-9.3346629345
3.5650000000,-8.5460387392
3.5660000000,-7.4834662837
3.5670000000,-6.1807696690
3.5680000000,-4.6795202557
3.5690000000,-3.0277179724
3.5700000000,-1.2782629131
3.5710000000,0.5127343222
3.5720000000,2.2877497268
3.5730000000,3.9896929610
3.5740000000,5.5637451157
3.5750000000,6.9591279659
3.5760000000,8.1307475073
3.5770000000,9.0406584125
3.5780000000,9.6593016271
3.5790000000,9.9664744718
3.5800000000,9.9520011089
3.5810000000,9.6160807933
3.5820000000,8.9693016626
3.5830000000,8.0323185959
3.5840000000,6.8352045340
3.5850000000,5.4164952634
3.5860000000,3.8219576696
3.5870000000,2.1031205353
3.5880000000,0.3156148076
3.5890000000,-1.4826233956
3.5900000000,-3.2332291134
3.5910000000,-4.8793034963
3.5920000000,-6.3672658498
3.5930000000,-7.6486024057
3.5940000000,-8.6814546010
3.5950000000,-9.4319946643
3.5960000000,-9.8755430469
3.5970000000,-9.9973904922
3.5980000000,-9.7932970284
3.5990000000,-9.2696506198
3.6000000000,-8.4432792550
3.6010000000,-7.3409215551
3.6020000000,-5.9983721614
3.6030000000,-4.4593288598
3.6040000000,-2.7739782531
3.6050000000,-0.9973654892
3.6060000000,0.8123992127
3.6070000000,2.5960389532
3.6080000000,4.2950515283
3.6090000000,5.8536302212
3.6100000000,7.2205008902
3.6110000000,8.3506147564
3.6120000000,9.2066408151
3.6130000000,9.7602081888
3.6140000000,9.9928567856
3.6150000000,9.8966640791
3.6160000000,9.4745263831
3.6170000000,8.7400843008
3.6180000000,7.7172937258
3.6190000000,6.4396554731
3.6200000000,4.9491279339
3.6210000000,3.2947577062
3.6220000000,1.5310725992
3.6230000000,-0.2837105741
3.6240000000,-2.0896046838
3.6250000000,-3.8268343237
3.6260000000,-5.4378157502
3.6270000000,-6.8690691043
3.6280000000,-8.0729993073
3.6290000000,-9.0094861536
3.6300000000,-9.6472302438
3.6310000000,-9.9648093184
3.6320000000,-9.9514090160
3.6330000000,-9.6072027747
3.6340000000,-8.9433671789
3.6350000000,-7.9817311384
3.6360000000,-6.7540694761
3.6370000000,-5.3010633890
3.6380000000,-3.6709614321
3.6390000000,-1.9179847875
3.6400000000,-0.1005292716
3.6410000000,1.7207764931
3.6420000000,3.4850922930
3.6430000000,5.1333995971
3.6440000000,6.6104789153
3.6450000000,7.8667648955
3.6460000000,8.8600166756
3.6470000000,9.5567469689
3.6480000000,9.9333612525
3.6490000000,9.9769679757
3.6500000000,9.6858316113
3.6510000000,9.0694522602
3.6520000000,8.1482680136
3.6530000000,6.9529889419
3.6540000000,5.5235840017
3.6550000000,3.9079539090
3.6560000000,2.1603337163
3.6570000000,0.3394780947
3.6580000000,-1.4933101673
3.6590000000,-3.2762424316
3.6600000000,-4.9491279339
3.6610000000,-6.4554086781
3.6620000000,-7.7440766206
3.6630000000,-8.7714079950
3.6640000000,-9.5024555823
3.6650000000,-9.9122477107
3.6660000000,-9.9866525191
3.6670000000,-9.7228772050
3.6680000000,-9.1295842478
3.6690000000,-8.2266195171
3.6700000000,-7.0443603296
3.6710000000,-5.6227044469
3.6720000000,-4.0097332764
3.6730000000,-2.2600937272
3.6740000000,-0.4331528964
3.6750000000,1.4090123194
3.6760000000,3.2037227522
3.6770000000,4.8898301504
3.6780000000,6.4098034154
3.6790000000,7.7116966229
3.6800000000,8.7509313466
3.6810000000,9.4918318994
3.6820000000,9.9088603308
3.6830000000,9.9875080899
3.6840000000,9.7248128485
3.6850000000,9.1294816901
3.6860000000,8.2216152765
3.6870000000,7.0320412459
3.6880000000,5.6012785170
3.6890000000,3.9781669008
3.6900000000,2.2182080205
3.6910000000,0.3816736115
3.6920000000,-1.4684545428
3.6930000000,-3.2686427753
3.6940000000,-4.9569879150
3.6950000000,-6.4753489057
3.6960000000,-7.7713541698
3.6970000000,-8.8002152434
3.6980000000,-9.5262836381
3.6990000000,-9.9242965136
3.7000000000,-9.9802672843
3.7010000000,-9.6919893792
3.7020000000,-9.0691346205
3.7030000000,-8.1329416183
3.7040000000,-6.9155037344
3.7050000000,-5.4586800453
3.7060000000,-3.8126658605
3.7070000000,-2.0342712641
3.7080000000,-0.1849664269
3.7090000000,1.6712392711
3.7100000000,3.4700112773
3.7110000000,5.1489205402
3.7120000000,6.6496134558
3.7130000000,7.9198455582
3.7140000000,8.9153078980
3.7150000000,9.6011820085
3.7160000000,9.9533685776
3.7170000000,9.9593461053
3.7180000000,9.6186285586
3.7190000000,8.9428048958
3.7200000000,7.9551578489
3.7210000000,6.6898740156
3.7220000000,5.1908716158
3.7230000000,3.5102857073
3.7240000000,1.7066627600
3.7250000000,-0.1570731731
3.7260000000,-2.0158122477
3.7270000000,-3.8045323664
3.7280000000,-5.4605751256
3.7290000000,-6.9258444653
3.7300000000,-8.1488507549
3.7310000000,-9.0865281928
3.7320000000,-9.7057611002
3.7330000000,-9.9845646866
3.7340000000,-9.9128778036
3.7350000000,-9.4929386950
3.7360000000,-8.7392293067
3.7370000000,-7.6779888477
3.7380000000,-6.3463124552
3.7390000000,-4.7908654790
3.7400000000,-3.0662575520
3.7410000000,-1.2331327572
3.7420000000,0.6439575905
3.7430000000,2.4988251263
3.7440000000,4.2659778541
3.7450000000,5.8829345660
3.7460000000,7.2924384120
3.7470000000,8.4444910507
3.7480000000,9.2981348911
3.7490000000,9.8229195982
3.7500000000,10.0000000000
3.7510000000,9.8228254101
3.7520000000,9.2973947327
3.7530000000,8.4420670274
3.7540000000,7.2869329577
3.7550000000,5.8727681593
3.7560000000,4.2496044917
3.7570000000,2.4749688454
3.7580000000,0.6118511755
3.7590000000,-1.2735267199
3.7600000000,-3.1140628163
3.7610000000,-4.8441634503
3.7620000000,-6.4020838501
3.7630000000,-7.7321370021
3.7640000000,-8.7866916532
3.7650000000,-9.5278875074
3.7660000000,-9.9290055271
3.7670000000,-9.9754433610
3.7680000000,-9.6652598722
3.7690000000,-9.0092680273
3.7700000000,-8.0306715084
3.7710000000,-6.7642567312
3.7720000000,-5.2551679268
3.7730000000,-3.5573079893
3.7740000000,-1.7314213599
3.7750000000,0.1570731731
3.7760000000,2.0404226666
3.7770000000,3.8509696340
3.7780000000,5.5235840017
3.7790000000,6.9980099523
3.7800000000,8.2210429582
3.7810000000,9.1484581344
3.7820000000,9.7466197243
3.7830000000,9.9937127861
3.7840000000,9.8805515689
3.7850000000,9.4109341853
3.7860000000,8.6015294603
3.7870000000,7.4812986874
3.7880000000,6.0904718390
3.7890000000,4.4791139527
3.7900000000,2.7053323675
3.7910000000,0.8331886535
3.7920000000,-1.0696100073
3.7930000000,-2.9341569834
3.7940000000,-4.6928416245
3.7950000000,-6.2818035965
3.7960000000,-7.6432569378
3.7970000000,-8.7275990809
3.7980000000,-9.4952276042
3.7990000000,-9.9179978382
3.8000000000,-9.9802672843
3.8010000000,-9.6794876515
3.8020000000,-9.0263216533
3.8030000000,-8.0442789378
3.8040000000,-6.7688830301
3.8050000000,-5.2463983073
3.8060000000,-3.5321621727
3.8070000000,-1.6885821661
3.8080000000,0.2171298195
3.8090000000,2.1154041866
3.8100000000,3.9368522323
3.8110000000,5.6148041135
3.8120000000,7.0877533033
3.8130000000,8.3016177701
3.8140000000,9.2117345210
3.8150000000,9.7845136388
3.8160000000,9.9986901789
3.8170000000,9.8461268381
3.8180000000,9.3321366367
3.8190000000,8.4753123849
3.8200000000,7.3068677786
3.8210000000,5.8695129498
3.8220000000,4.2159044949
3.8230000000,2.4067258056
3.8240000000,0.5084673294
3.8250000000,-1.4090123194
3.8260000000,-3.2750551249
3.8270000000,-5.0208079442
3.8280000000,-6.5817662938
3.8290000000,-7.9001635585
3.8300000000,-8.9271169241
3.8310000000,-9.6244500271
3.8320000000,-9.9661239976
3.8330000000,-9.9392228299
3.8340000000,-9.5444553288
3.8350000000,-8.7961536589
3.8360000000,-7.7217671088
3.8370000000,-6.3608683937
3.8380000000,-4.7637079603
3.8390000000,-2.9893686556
3.8400000000,-1.1035881348
3.8410000000,0.8236710408
3.8420000000,2.7208140178
3.8430000000,4.5172730245
3.8440000000,6.1461347414
3.8450000000,7.5466377682
3.8460000000,8.6664467890
3.8470000000,9.4636180509
3.8480000000,9.9081819885
3.8490000000,9.9832828622
3.8500000000,9.6858316113
3.8510000000,9.0266461513
3.8520000000,8.0300724154
3.8530000000,6.7330988240
3.8540000000,5.1839958612
3.8550000000,3.4405303131
3.8560000000,1.5678198177
3.8570000000,-0.3640929299
3.8580000000,-2.2828561971
3.8590000000,-4.1165179030
3.8600000000,-5.7962256145
3.8610000000,-7.2588164748
3.8620000000,-8.4491994816
3.8630000000,-9.3224400067
3.8640000000,-9.8454673432
3.8650000000,-9.9983399785
3.8660000000,-9.7750197205
3.8670000000,-9.1836241323
3.8680000000,-8.2461462847
3.8690000000,-6.9976508781
3.8700000000,-5.4849755641
3.8710000000,-3.7649850639
3.8720000000,-1.9024427247
3.8730000000,0.0324211794
3.8740000000,1.9665533664
3.8750000000,3.8268343237
3.8760000000,5.5428439758
3.8770000000,7.0495315948
3.8780000000,8.2896885761
3.8790000000,9.2161298369
3.8800000000,9.7935003234
3.8810000000,9.9996370503
3.8820000000,9.8264337347
3.8830000000,9.2801737900
3.8840000000,8.3813175288
3.8850000000,7.1637501194
3.8860000000,5.6735173679
3.8870000000,3.9670959727
3.8880000000,2.1092627773
3.8890000000,0.1706430303
3.8900000000,-1.7749698366
3.8910000000,-3.6534213843
3.8920000000,-5.3930235870
3.8930000000,-6.9272946590
3.8940000000,-8.1975064353
3.8950000000,-9.1549414552
3.8960000000,-9.7627726665
3.8970000000,-9.9974928115
3.8980000000,-9.8498375407
3.8990000000,-9.3251654923
3.9000000000,-8.4432792550
3.9010000000,-7.2376924988
3.9020000000,-5.7543698118
3.9030000000,-4.0499860942
3.9040000000,-2.1897709541
3.9050000000,-0.2450197042
3.9060000000,1.7096343643
3.9070000000,3.5990822637
3.9080000000,5.3506264585
3.9090000000,6.8967818728
3.9100000000,8.1778826950
3.9110000000,9.1443940382
3.9120000000,9.7588385562
3.9130000000,9.9972626567
3.9140000000,9.8501844691
3.9150000000,9.3229855279
3.9160000000,8.4357294891
3.9170000000,7.2224132784
3.9180000000,5.7296780209
3.9190000000,4.0150280908
3.9200000000,2.1446258045
3.9210000000,0.1907459372
3.9220000000,-1.7710123065
3.9230000000,-3.6646485142
3.9240000000,-5.4167065287
3.9250000000,-6.9591279659
3.9260000000,-8.2319027927
3.9270000000,-9.1854134800
3.9280000000,-9.7823808136
3.9290000000,-9.9993346192
3.9300000000,-9.8275508851
3.9310000000,-9.2734173307
3.9320000000,-8.3582115955
3.9330000000,-7.1172990473
3.9340000000,-5.5987798481
3.9350000000,-3.8616364851
3.9360000000,-1.9734526295
3.9370000000,-0.0077911490
3.9380000000,1.9586673021
3.9390000000,3.8491140036
3.9400000000,5.5896137071
3.9410000000,7.1120006522
3.9420000000,8.3565554650
3.9430000000,9.2743575442
3.9440000000,9.8292199064
3.9450000000,9.9991295135
3.9460000000,9.7771352428
3.9470000000,9.1716471343
3.9480000000,8.2061335348
3.9490000000,6.9182263562
3.9500000000,5.3582679498
3.9510000000,3.5873551558
3.9520000000,1.6749560431
3.9530000000,-0.3038080865
3.9540000000,-2.2711093750
3.9550000000,-4.1494733561
3.9560000000,-5.8648319233
3.9570000000,-7.3494489488
3.9580000000,-8.5446028090
3.9590000000,-9.4029192903
3.9600000000,-9.8902618000
3.9610000000,-9.9871029918
3.9620000000,-9.6893221618
3.9630000000,-9.0083952946
3.9640000000,-7.9709685602
3.9650000000,-6.6178304344
3.9660000000,-5.0023214835
3.9670000000,-3.1882432596
3.9680000000,-1.2473478131
3.9690000000,0.7434937737
3.9700000000,2.7053323675
3.9710000000,4.5602711333
3.9720000000,6.2345611631
3.9730000000,7.6615392710
3.9740000000,8.7842907126
3.9750000000,9.5579301480
3.9760000000,9.9514090160
3.9770000000,9.9487760413
3.9780000000,9.5498391505
3.9790000000,8.7702007601
3.9800000000,7.6406633030
3.9810000000,6.2060269740
3.9820000000,4.5233260124
3.9830000000,2.6595724156
3.9840000000,0.6890958851
3.9850000000,-1.3094147621
3.9860000000,-3.2560511961
3.9870000000,-5.0728810482
3.9880000000,-6.6870714643
3.9890000000,-8.0338154154
3.9900000000,-9.0589429373
3.9910000000,-9.7211117254
3.9920000000,-9.9934880439
3.9930000000,-9.8648490768
3.9940000000,-9.3400608620
3.9950000000,-8.4399108896
3.9960000000,-7.2003003211
3.9970000000,-5.6708265593
3.9980000000,-3.9128115306
3.9990000000,-1.9968535401
4.0000000000,-0.0000000000
4.0010000000,1.9973460689
4.0020000000,3.9146617665
4.0030000000,5.6745521330
4.0040000000,7.2058790119
4.0050000000,8.4466442872
4.0060000000,9.3465103385
4.0070000000,9.8688548432
4.0080000000,9.9922755547
4.0090000000,9.7114826657
4.0100000000,9.0375409583
4.0110000000,7.9974501527
4.0120000000,6.6330786503
4.0130000000,4.9994921276
4.0140000000,3.1627431211
4.0150000000,1.1972098308
4.0160000000,-0.8174090432
4.0170000000,-2.7993222956
4.0180000000,-4.6679664608
4.0190000000,-6.3472835532
4.0200000000,-7.7688228418
4.0210000000,-8.8745399305
4.0220000000,-9.6191783332
4.0230000000,-9.9721353730
4.0240000000,-9.9187349408
4.0250000000,-9.4608535883
4.0260000000,-8.6168726469
4.0270000000,-7.4209564892
4.0280000000,-5.9216845758
4.0290000000,-4.1800914256
4.0300000000,-2.2671930323
4.0310000000,-0.2610995057
4.0320000000,1.7561690232
4.0330000000,3.7020336706
4.0340000000,5.4967384133
4.0350000000,7.0666235334
4.0360000000,8.3471563722
4.0370000000,9.2855943951
4.0380000000,9.8431702615
4.0390000000,9.9967078670
4.0400000000,9.7396014166
4.0410000000,9.0821155514
4.0420000000,8.0509923423
4.0430000000,6.6883794399
4.0440000000,5.0501216641
4.0450000000,3.2034846708
4.0460000000,1.2244029583
4.0470000000,-0.8056356161
4.0480000000,-2.8029412859
4.0490000000,-4.6850721209
4.0500000000,-6.3742398975
4.0510000000,-7.8005312790
4.0520000000,-8.9048106767
4.0530000000,-9.6411838937
4.0540000000,-9.9789194423
4.0550000000,-9.9037465400
4.0560000000,-9.4184743482
4.0570000000,-8.5429049586
4.0580000000,-7.3130418273
4.0590000000,-5.7796245758
4.0600000000,-4.0060491369
4.0610000000,-2.0657579223
4.0620000000,-0.0392069759
4.0630000000,1.9894650023
4.0640000000,3.9359280862
4.0650000000,5.7191682153
4.0660000000,7.2648640430
4.0670000000,8.5084925942
4.0680000000,9.3980336313
4.0690000000,9.8961589403
4.0700000000,9.9818138601
4.0710000000,9.6511234421
4.0720000000,8.9175835975
4.0730000000,7.8115273247
4.0740000000,6.3788863640
4.0750000000,4.6792981426
4.0760000000,2.7836354139
4.0770000000,0.7710603956
4.0780000000,-1.2742745592
4.0790000000,-3.2667425306
4.0800000000,-5.1228271176
4.0810000000,-6.7646269334
4.0820000000,-8.1231323112
4.0830000000,-9.1411361070
4.0840000000,-9.7756554146
4.0850000000,-9.9997611565
4.0860000000,-9.8037370758
4.0870000000,-9.1955175977
4.0880000000,-8.2003842073
4.0890000000,-6.8599311309
4.0900000000,-5.2303419116
4.0910000000,-3.3800476321
4.0920000000,-1.3868638255
4.0930000000,0.6652745951
4.0940000000,2.6898437179
4.0950000000,4.6013780246
4.0960000000,6.3190810795
4.0970000000,7.7702468684
4.0980000000,8.8933466576
4.0990000000,9.6406499344
4.1000000000,9.9802672843
4.1010000000,9.8975271806
4.1020000000,9.3956265936
4.1030000000,8.4955259086
4.1040000000,7.2350905872
4.1050000000,5.6675139639
4.1060000000,3.8590861854
4.1070000000,1.8864022645
4.1080000000,-0.1668736560
4.1090000000,-2.2135515099
4.1100000000,-4.1666161566
4.1110000000,-5.9429288674
4.1120000000,-7.4667719215
4.1130000000,-8.6730849669
4.1140000000,-9.5102544571
4.1150000000,-9.9423360837
4.1160000000,-9.9506139266
4.1170000000,-9.5344280393
4.1180000000,-8.7112331944
4.1190000000,-7.5158842349
4.1200000000,-5.9991765015
4.1210000000,-4.2257017426
4.1220000000,-2.2711093750
4.1230000000,-0.2188886932
4.1240000000,1.8431915075
4.1250000000,3.8268343237
4.1260000000,5.6469969221
4.1270000000,7.2255414500
4.1280000000,8.4945977438
4.1290000000,9.3994927765
4.1300000000,9.9011199314
4.1310000000,9.9776448497
4.1320000000,9.6254727863
4.1330000000,8.8594339256
4.1340000000,7.7121766084
4.1350000000,6.2327924817
4.1360000000,4.4847307256
4.1370000000,2.5430893209
4.1380000000,0.4913984379
4.1390000000,-1.5819667045
4.1400000000,-3.5875897535
4.1410000000,-5.4388703107
4.1420000000,-7.0557677894
4.1430000000,-8.3682700046
4.1440000000,-9.3194358514
4.1450000000,-9.8678793738
4.1460000000,-9.9895862770
4.1470000000,-9.6789824934
4.1480000000,-8.9492065497
4.1490000000,-7.8315718294
4.1500000000,-6.3742398975
4.1510000000,-4.6401603352
4.1520000000,-2.7043645316
4.1530000000,-0.6507291974
4.1540000000,1.4316512422
4.1550000000,3.4523267898
4.1560000000,5.3234212812
4.1570000000,6.9634583355
4.1580000000,8.3009171010
4.1590000000,9.2773622903
4.1600000000,9.8500110547
4.1610000000,9.9936233627
4.1620000000,9.7016316856
4.1630000000,8.9864587125
4.1640000000,7.8790070895
4.1650000000,6.4273412813
4.1660000000,4.6946170014
4.1670000000,2.7563467147
4.1680000000,0.6971190208
4.1690000000,-1.3930860181
4.1700000000,-3.4228254167
4.1710000000,-5.3031943050
4.1720000000,-6.9517243948
4.1730000000,-8.2960087478
4.1740000000,-9.2768931943
4.1750000000,-9.8510932615
4.1760000000,-9.9931202503
4.1770000000,-9.6964300710
4.1780000000,-8.9737423295
4.1790000000,-7.8565134607
4.1800000000,-6.3935848555
4.1810000000,-4.6490632912
4.1820000000,-2.6995249420
4.1830000000,-0.6306643175
4.1840000000,1.4664656901
4.1850000000,3.4994579939
4.1860000000,5.3786237982
4.1870000000,7.0209538849
4.1880000000,8.3537935583
4.1890000000,9.3180682070
4.1900000000,9.8709157933
4.1910000000,9.9876083551
4.1920000000,9.6626756783
4.1930000000,8.9101793393
4.1940000000,7.7631227611
4.1950000000,6.2720211513
4.1960000000,4.5026924903
4.1970000000,2.5333654562
4.1980000000,0.4512307674
4.1990000000,-1.6514124890
4.2000000000,-3.6812455268
4.2010000000,-5.5480725483
4.2020000000,-7.1688335117
4.2030000000,-8.4713082493
4.2040000000,-9.3973463811
4.2050000000,-9.9054780637
4.2060000000,-9.9727877308
4.2070000000,-9.5959654456
4.2080000000,-8.7914868736
4.2090000000,-7.5949115782
4.2100000000,-6.0593286426
4.2110000000,-4.2530167582
4.2120000000,-2.2564212015
4.2130000000,-0.1585809498
4.2140000000,1.9468358318
4.2150000000,3.9657117004
4.2160000000,5.8076888355
4.2170000000,7.3902186495
4.2180000000,8.6422703837
4.2190000000,9.5075316816
4.2200000000,9.9469563842
4.2210000000,9.9405436197
4.2220000000,9.4882663837
4.2230000000,8.6101057284
4.2240000000,7.3451867018
4.2250000000,5.7500525204
4.2260000000,3.8961522984
4.2270000000,1.8666532531
4.2280000000,-0.2472809656
4.2290000000,-2.3505797118
4.2300000000,-4.3485393656
4.2310000000,-6.1510898831
4.2320000000,-7.6768615665
4.2330000000,-8.8568681636
4.2340000000,-9.6376391520
4.2350000000,-9.9836584139
4.2360000000,-9.8789973877
4.2370000000,-9.3280668338
4.2380000000,-8.3554509556
4.2390000000,-7.0048290018
4.2400000000,-5.3370307740
4.2410000000,-3.4273118098
4.2420000000,-1.3619696044
4.2430000000,0.7655475359
4.2440000000,2.8588639577
4.2450000000,4.8230417870
4.2460000000,6.5688900514
4.2470000000,8.0170220728
4.2480000000,9.1014762366
4.2490000000,9.7727345158
4.2500000000,10.0000000000
4.2510000000,9.7726279494
4.2520000000,9.1006430851
4.2530000000,8.0143172145
4.2540000000,6.5628240020
4.2550000000,4.8120297932
4.2560000000,2.8415189584
4.2570000000,0.7409874322
4.2580000000,-1.3938326443
4.2590000000,-3.4655323707
4.2600000000,-5.3794712798
4.2610000000,-7.0481054128
4.2620000000,-8.3950001460
4.2630000000,-9.3583434562
4.2640000000,-9.8937976048
4.2650000000,-9.9765570113
4.2660000000,-9.6025160389
4.2670000000,-8.7884909018
4.2680000000,-7.5714830917
4.2690000000,-6.0070156390
4.2700000000,-4.1666161566
4.2710000000,-2.1345600050
4.2720000000,-0.0040212385
4.2730000000,2.1271933493
4.2740000000,4.1611320682
4.2750000000,6.0042022533
4.2760000000,7.5714830917
4.2770000000,8.7906483513
4.2780000000,9.6053173663
4.2790000000,9.9776784287
4.2800000000,9.8902618000
4.2810000000,9.3467784027
4.2820000000,8.3719831040
4.2830000000,7.0105664039
4.2840000000,5.3251232217
4.2850000000,3.3932902616
4.2860000000,1.3041821463
4.2870000000,-0.8457106689
4.2880000000,-2.9569737946
4.2890000000,-4.9318654507
4.2900000000,-6.6788451659
4.2910000000,-8.1168246491
4.2920000000,-9.1789430868
4.2930000000,-9.8156905850
4.2940000000,-9.9972331769
4.2950000000,-9.7148294443
4.2960000000,-8.9812706468
4.2970000000,-7.8303214202
4.2980000000,-6.3151844888
4.2990000000,-4.5060582970
4.3000000000,-2.4868988716
4.3010000000,-0.3515346071
4.3020000000,1.8006867579
4.3030000000,3.8695173628
4.3040000000,5.7584800277
4.3050000000,7.3793729587
4.3060000000,8.6563977790
4.3070000000,9.5297172511
4.3080000000,9.9582751075
4.3090000000,9.9217443758
4.3100000000,9.4215109180
4.3110000000,8.4806437371
4.3120000000,7.1428508641
4.3130000000,5.4704671147
4.3140000000,3.5415654774
4.3150000000,1.4463252310
4.3160000000,-0.7171748762
4.3170000000,-2.8475425850
4.3180000000,-4.8448230485
4.3190000000,-6.6151921587
4.3200000000,-8.0753717537
4.3210000000,-9.1565585851
4.3220000000,-9.8076811557
4.3230000000,-9.9978295835
4.3240000000,-9.7177420898
4.3250000000,-8.9802757576
4.3260000000,-7.8198368210
4.3270000000,-6.2907946852
4.3280000000,-4.4649518472
4.3290000000,-2.4281866205
4.3300000000,-0.2764249383
4.3310000000,1.8888703563
4.3320000000,3.9654809796
4.3330000000,5.8552602553
4.3340000000,7.4687777373
4.3350000000,8.7295613417
4.3360000000,9.5777353077
4.3370000000,9.9728802948
4.3380000000,9.8959782367
4.3390000000,9.3503475135
4.3400000000,8.3615215757
4.3410000000,6.9760741031
4.3420000000,5.2594437656
4.3430000000,3.2928592852
4.3440000000,1.1695085148
4.3450000000,-1.0098684116
4.3460000000,-3.1417538957
4.3470000000,-5.1247695845
4.3480000000,-6.8645014726
4.3490000000,-8.2780035616
4.3500000000,-9.2977648589
4.3510000000,-9.8749494196
4.3520000000,-9.9817532076
4.3530000000,-9.6127631935
4.3540000000,-8.7852513552
4.3550000000,-7.5383868688
4.3560000000,-5.9314013778
4.3570000000,-4.0407923292
4.3580000000,-1.9566955879
4.3590000000,0.2214013583
4.3600000000,2.3894022442
4.3610000000,4.4435751363
4.3620000000,6.2855183255
4.3630000000,7.8268811628
4.3640000000,8.9936130335
4.3650000000,9.7295356096
4.3660000000,9.9990653678
4.3670000000,9.7889536157
4.3680000000,9.1089580393
4.3690000000,7.9914108382
4.3700000000,6.4897014301
4.3710000000,4.6757439319
4.3720000000,2.6365486547
4.3730000000,0.4700603111
4.3740000000,-1.7195385872
4.3750000000,-3.8268343237
4.3760000000,-5.7502581421
4.3770000000,-7.3969874984
4.3780000000,-8.6874356233
4.3790000000,-9.5591117815
4.3800000000,-9.9696643425
4.3810000000,-9.8989576807
4.3820000000,-9.3500801579
4.3830000000,-8.3492317983
4.3840000000,-6.9444942850
4.3850000000,-5.2035399832
4.3860000000,-3.2103882089
4.3870000000,-1.0613634155
4.3880000000,1.1395509139
4.3890000000,3.2857390215
4.3900000000,5.2731175148
4.3910000000,7.0051877222
4.3920000000,8.3977303089
4.3930000000,9.3829133374
4.3940000000,9.9126127768
4.3950000000,9.9607821398
4.3960000000,9.5247536763
4.3970000000,8.6254051714
4.3980000000,7.3061814038
4.3990000000,5.6310150467
4.4000000000,3.6812455268
4.4010000000,1.5516834779
4.4020000000,-0.6539894941
4.4030000000,-2.8282630346
4.4040000000,-4.8650373363
4.4050000000,-6.6648042458
4.4060000000,-8.1395170149
4.4070000000,-9.2169099924
4.4080000000,-9.8440557442
4.4090000000,-9.9899837525
4.4100000000,-9.6472302438
4.4110000000,-8.8322406309
4.4120000000,-7.5846020088
4.4130000000,-5.9651404000
4.4140000000,-4.0529731870
4.4150000000,-1.9416586716
4.4160000000,0.2653705912
4.4170000000,2.4598683330
4.4180000000,4.5340817351
4.4190000000,6.3860451190
4.4200000000,7.9245999713
4.4210000000,9.0738938017
4.4220000000,9.7771352428
4.4230000000,9.9994187538
4.4240000000,9.7294775497
4.4250000000,8.9802757576
4.4260000000,7.7884077444
4.4270000000,6.2123312751
4.4280000000,4.3295187598
4.4290000000,2.2326644826
4.4300000000,0.0251327148
4.4310000000,-2.1841303515
4.4320000000,-4.2859707659
4.4330000000,-6.1764221206
4.4340000000,-7.7618552133
4.4350000000,-8.9636266661
4.4360000000,-9.7219951561
4.4370000000,-9.9991095033
4.4380000000,-9.7809182808
4.4390000000,-9.0779036275
4.4400000000,-7.9245999713
4.4410000000,-6.3779185415
4.4420000000,-4.5143578808
4.4430000000,-2.4262361266
4.4440000000,-0.2171298195
4.4450000000,2.0032560214
4.4460000000,4.1245328853
4.4470000000,6.0411187331
4.4480000000,7.6574998253
4.4490000000,8.8930018688
4.4500000000,9.6858316113
4.4510000000,9.9961856767
4.4520000000,9.8082693484
4.4530000000,9.1311219211
4.4540000000,7.9982044988
4.4550000000,6.4657677712
4.4560000000,4.6100782891
4.4570000000,2.5236390313
4.4580000000,0.3105907238
4.4590000000,-1.9184781078
4.4600000000,-4.0520541276
4.4610000000,-5.9832795685
4.4620000000,-7.6153106792
4.4630000000,-8.8661852221
4.4640000000,-9.6729538345
4.4650000000,-9.9948662711
4.4660000000,-9.8154503544
4.4670000000,-9.1433765700
4.4680000000,-8.0120619129
4.4690000000,-6.4780297916
4.4700000000,-4.6181053715
4.4710000000,-2.5255845206
4.4720000000,-0.3055665616
4.4730000000,1.9303163374
4.4740000000,4.0695092430
4.4750000000,6.0042022533
4.4760000000,7.6367705344
4.4770000000,8.8847117743
4.4780000000,9.6848307868
4.4790000000,9.9964582655
4.4800000000,9.8035388313
4.4810000000,9.1154801499
4.4820000000,7.9667171828
4.4830000000,6.4150104603
4.4840000000,4.5385613396
4.4850000000,2.4320873139
4.4860000000,0.2020534887
4.4870000000,-2.0387003550
4.4880000000,-4.1766663799
4.4890000000,-6.1034205667
4.4900000000,-7.7211282882
4.4910000000,-8.9475236840
4.4920000000,-9.7201088338
4.4930000000,-9.9993576109
4.4940000000,-9.7707590407
4.4950000000,-9.0455934886
4.4960000000,-7.8603991248
4.4970000000,-6.2751526121
4.4980000000,-4.3702534636
4.4990000000,-2.2424626835
4.5000000000,-0.0000000000
4.5010000000,2.2429525341
4.5020000000,4.3720618252
4.5030000000,6.2786742926
4.5040000000,7.8653682465
4.5050000000,9.0509439886
4.5060000000,9.7745954305
4.5070000000,9.9990481083
4.5080000000,9.7125006859
4.5090000000,8.9292677557
4.5100000000,7.6890878975
4.5110000000,6.0551291655
4.5120000000,4.1107909651
4.5130000000,1.9554632263
4.5140000000,-0.3005423222
4.5150000000,-2.5416309048
4.5160000000,-4.6528456253
4.5170000000,-6.5257674090
4.5180000000,-8.0640910098
4.5190000000,-9.1885899007
4.5200000000,-9.8412134455
4.5210000000,-9.9881036244
4.5220000000,-9.6213735429
4.5230000000,-8.7595532140
4.5240000000,-7.4466764394
4.5250000000,-5.7500525204
4.5260000000,-3.7568344168
4.5270000000,-1.5695573285
4.5280000000,0.6991247345
4.5290000000,2.9322348023
4.5300000000,5.0145033697
4.5310000000,6.8383225899
4.5320000000,8.3093164753
4.5330000000,9.3512383148
4.5340000000,9.9099404711
4.5350000000,9.9562089808
4.5360000000,9.4873135296
4.5370000000,8.5271894559
4.5380000000,7.1252390527
4.5390000000,5.3538109459
4.5400000000,3.3044850217
4.5410000000,1.0833526891
4.5420000000,-1.1944650678
4.5430000000,-3.4107791367
4.5440000000,-5.4504648045
4.5450000000,-7.2074471790
4.5460000000,-8.5902280576
4.5470000000,-9.5266657524
4.5480000000,-9.9677574229
4.5490000000,-9.8902246656
4.5500000000,-9.2977648589
4.5510000000,-8.2208998656
4.5520000000,-6.7154266032
4.5530000000,-4.8595468924
4.5540000000,-2.7498231071
4.5550000000,-0.4961678337
4.5560000000,1.7838732291
4.5570000000,3.9712482482
4.5580000000,5.9516169743
4.5590000000,7.6213344058
4.5600000000,8.8928869279
4.5610000000,9.6994952050
4.5620000000,9.9986409120
4.5630000000,9.7743300486
4.5640000000,9.0379712374
4.5650000000,7.8278196522
4.5660000000,6.2070122857
4.5670000000,4.2602942392
4.5680000000,2.0896046838
4.5690000000,-0.1912485003
4.5700000000,-2.4625478930
4.5710000000,-4.6049478991
4.5720000000,-6.5057488801
4.5730000000,-8.0648340686
4.5740000000,-9.1999560894
4.5750000000,-9.8510932615
4.5760000000,-9.9836440485
4.5770000000,-9.5902885809
4.5780000000,-8.6914159480
4.5790000000,-7.3340912929
4.5800000000,-5.5896137071
4.5810000000,-3.5497904332
4.5820000000,-1.3221210219
4.5830000000,0.9758567896
4.5840000000,3.2227626938
4.5850000000,5.2997846787
4.5860000000,7.0969665864
4.5870000000,8.5190393812
4.5880000000,9.4904863535
4.5890000000,9.9595721843
4.5900000000,9.9011199314
4.5910000000,9.3178857543
4.5920000000,8.2404551333
4.5930000000,6.7256625614
4.5940000000,4.8536150583
4.5950000000,2.7234742187
4.5960000000,0.4482178899
4.5970000000,-1.8513425749
4.5980000000,-4.0529731870
4.5990000000,-6.0395163494
4.6000000000,-7.7051324278
4.6010000000,-8.9609509832
4.6020000000,-9.7398292905
4.6030000000,-9.9999624766
4.6040000000,-9.7271501145
4.6050000000,-8.9355952025
4.6060000000,-7.6671894133
4.6070000000,-5.9893191597
4.6080000000,-3.9913061071
4.6090000000,-1.7796690308
4.6100000000,0.5275425660
4.6110000000,2.8070423265
4.6120000000,4.9368932462
4.6130000000,6.8030344681
4.6140000000,8.3053991176
4.6150000000,9.3632945469
4.6160000000,9.9197549614
4.6170000000,9.9446306710
4.6180000000,9.4362453001
4.6190000000,8.4215286510
4.6200000000,6.9546144719
4.6210000000,5.1139747863
4.6220000000,2.9982412544
4.6230000000,0.7209350288
4.6240000000,-1.5956141319
4.6250000000,-3.8268343237
4.6260000000,-5.8526113296
4.6270000000,-7.5637614509
4.6280000000,-8.8679281814
4.6290000000,-9.6945836405
4.6300000000,-9.9988630431
4.6310000000,-9.7640226596
4.6320000000,-9.0023854007
4.6330000000,-7.7547194118
4.6340000000,-6.0880795263
4.6350000000,-4.0922245507
4.6360000000,-1.8748006392
4.6370000000,0.4444517357
4.6380000000,2.7401561768
4.6390000000,4.8880762019
4.6400000000,6.7718424592
4.6410000000,8.2892668542
4.6420000000,9.3579004929
4.6430000000,9.9195323802
4.6440000000,9.9433824087
4.6450000000,9.4278123308
4.6460000000,8.4004583500
4.6470000000,6.9167744136
4.6480000000,5.0570615905
4.6490000000,2.9221414086
4.6500000000,0.6279051953
4.6510000000,-1.7009667515
4.6520000000,-3.9377763386
4.6530000000,-5.9607017354
4.6540000000,-7.6594391366
4.6550000000,-8.9412297518
4.6560000000,-9.7359420491
4.6570000000,-9.9999298833
4.6580000000,-9.7184531444
4.6590000000,-8.9065254300
4.6600000000,-7.6081387572
4.6610000000,-5.8939038503
4.6620000000,-3.8572312366
4.6630000000,-1.6092585105
4.6640000000,0.7272017217
4.6650000000,3.0243643528
4.6660000000,5.1564593562
4.6670000000,7.0066224268
4.6680000000,8.4733109192
4.6690000000,9.4758922953
4.6700000000,9.9590966918
4.6710000000,9.8960866776
4.6720000000,9.2899724823
4.6730000000,8.1736858544
4.6740000000,6.6082156314
4.6750000000,4.6792981426
4.6760000000,2.4927407749
4.6770000000,0.1686327003
4.6780000000,-2.1652412944
4.6790000000,-4.3804231972
4.6800000000,-6.3548546763
4.6810000000,-7.9796109504
4.6820000000,-9.1649236779
4.6830000000,-9.8451591000
4.6840000000,-9.9824743796
4.6850000000,-9.5689472612
4.6860000000,-8.6270579035
4.6870000000,-7.2084924189
4.6880000000,-5.3913303109
4.6890000000,-3.2757675151
4.6900000000,-0.9786081587
4.6910000000,1.3731730779
4.6920000000,3.6494438333
4.6930000000,5.7241151777
4.6940000000,7.4821324728
4.6950000000,8.8258680426
4.6960000000,9.6805598133
4.6970000000,9.9984920224
4.6980000000,9.7616830642
4.6990000000,8.9829277743
4.7000000000,7.7051324278
4.7010000000,5.9989754222
4.7020000000,3.9590197803
4.7030000000,1.6984900487
4.7040000000,-0.6569989367
4.7050000000,-2.9764148199
4.7060000000,-5.1305954117
4.7070000000,-6.9994460723
4.7080000000,-8.4786454841
4.7090000000,-9.4854848140
4.7100000000,-9.9635125699
4.7110000000,-9.8857231984
4.7120000000,-9.2561080425
4.7130000000,-8.1094782384
4.7140000000,-6.5095654305
4.7150000000,-4.5455024600
4.7160000000,-2.3268770511
4.7170000000,0.0223681210
4.7180000000,2.3708502842
4.7190000000,4.5870910915
4.7200000000,6.5468804360
4.7210000000,8.1402469720
4.7220000000,9.2776436777
4.7230000000,9.8949997368
4.7240000000,9.9573526750
4.7250000000,9.4608535883
4.7260000000,8.4330290938
4.7270000000,6.9312812475
4.7280000000,5.0397056513
4.7290000000,2.8644027513
4.7300000000,0.5275425660
4.7310000000,-1.8394860574
4.7320000000,-4.1034581168
4.7330000000,-6.1368125080
4.7340000000,-7.8248471587
4.7350000000,-9.0722029778
4.7360000000,-9.8082693484
4.7370000000,-9.9912037266
4.7380000000,-9.6103352906
4.7390000000,-8.6868131899
4.7400000000,-7.2724587242
4.7410000000,-5.4468821629
4.7420000000,-3.3130231866
4.7430000000,-0.9913635258
4.7440000000,1.3868638255
4.7450000000,3.6870867578
4.7460000000,5.7790092621
4.7470000000,7.5439987764
4.7480000000,8.8818264633
4.7490000000,9.7163767648
4.7500000000,10.0000000000
4.7510000000,9.7162578874
4.7520000000,8.8809024232
4.7530000000,7.5410284524
4.7540000000,5.7724438724
4.7550000000,3.6754028426
4.7560000000,1.3689408602
4.7570000000,-1.0158692491
4.7580000000,-3.3433590930
4.7590000000,-5.4809821277
4.7600000000,-7.3068677786
4.7610000000,-8.7167814285
4.7620000000,-9.6300921349
4.7630000000,-9.9944054477
4.7640000000,-9.7885939316
4.7650000000,-9.0240487310
4.7660000000,-7.7440766206
4.7670000000,-6.0214727250
4.7680000000,-3.9544034374
4.7690000000,-1.6608310479
4.7700000000,0.7282043660
4.7710000000,3.0760639838
4.7720000000,5.2483238232
4.7730000000,7.1204761425
4.7740000000,8.5850771623
4.7750000000,9.5579301480
4.7760000000,9.9829470900
4.7770000000,9.8354070617
4.7780000000,9.1234205820
4.7790000000,7.8875117993
4.7800000000,6.1983381801
4.7810000000,4.1526744665
4.7820000000,1.8678877882
4.7830000000,-0.5247817940
4.7840000000,-2.8877514589
4.7850000000,-5.0850049514
4.7860000000,-6.9899265076
4.7870000000,-8.4926079338
4.7880000000,-9.5062065361
4.7890000000,-9.9719851793
4.7900000000,-9.8627407664
4.7910000000,-9.1844196300
4.7920000000,-7.9758224435
4.7930000000,-6.3064113272
4.7940000000,-4.2723415032
4.7950000000,-1.9909428005
4.7960000000,0.4060334488
4.7970000000,2.7800143078
4.7980000000,4.9936140681
4.7990000000,6.9185892982
4.8000000000,8.4432792550
4.8010000000,9.4790993827
4.8020000000,9.9657093459
4.8030000000,9.8745528883
4.8040000000,9.2105604466
4.8050000000,8.0119115189
4.8060000000,6.3478661639
4.8070000000,4.3147871864
4.8080000000,2.0305800369
4.8090000000,-0.3721299560
4.8100000000,-2.7536891017
4.8110000000,-4.9755300903
4.8120000000,-6.9082386056
4.8130000000,-8.4391019860
4.8140000000,-9.4786990206
4.8150000000,-9.9661446641
4.8160000000,-9.8726808369
4.8170000000,-9.2034001142
4.8180000000,-7.9969974844
4.8190000000,-6.3235601851
4.8200000000,-4.2805202286
4.8210000000,-1.9870019048
4.8220000000,0.4231090180
4.8230000000,2.8089720508
4.8240000000,5.0310200372
4.8250000000,6.9591279659
4.8260000000,8.4802441829
4.8270000000,9.5050358489
4.8280000000,9.9731570420
4.8290000000,9.8568275916
4.8300000000,9.1625089529
4.8310000000,7.9305744967
4.8320000000,6.2329890176
4.8330000000,4.1691291906
4.8340000000,1.8599862546
4.8350000000,-0.5589120917
4.8360000000,-2.9454473992
4.8370000000,-5.1592584719
4.8380000000,-7.0700014396
4.8390000000,-8.5650355383
4.8400000000,-9.5560807516
4.8410000000,-9.9844528152
4.8420000000,-9.8245638726
4.8430000000,-9.0854784820
4.8440000000,-7.8104288076
4.8450000000,-6.0743129885
4.8460000000,-3.9793197899
4.8470000000,-1.6489336702
4.8480000000,0.7793292425
4.8490000000,3.1620278335
4.8500000000,5.3582679498
4.8510000000,7.2380393426
4.8520000000,8.6899239849
4.8530000000,9.6277180410
4.8540000000,9.9955728822
4.8550000000,9.7713472268
4.8560000000,8.9679676947
4.8570000000,7.6327126126
4.8580000000,5.8444568718
4.8590000000,3.7090367412
4.8600000000,1.3530055706
4.8610000000,-1.0838523842
4.8620000000,-3.4568080226
4.8630000000,-5.6247826299
4.8640000000,-7.4587418684
4.8650000000,-8.8493887357
4.8660000000,-9.7136960868
4.8670000000,-9.9998871835
4.8680000000,-9.6905641358
4.8690000000,-8.8037936581
4.8700000000,-7.3920808278
4.8710000000,-5.5392872965
4.8720000000,-3.3556731893
4.8730000000,-0.9713543884
4.8740000000,1.4714377106
4.8750000000,3.8268343237
4.8760000000,5.9540403221
4.8770000000,7.7257579696
4.8780000000,9.0358189283
4.8790000000,9.8055661399
4.8800000000,9.9886007994
4.8810000000,9.5736065140
4.8820000000,8.5850771623
4.8830000000,7.0819001321
4.8840000000,5.1538750684
4.8850000000,2.9163722925
4.8860000000,0.5034472192
4.8870000000,-1.9401793835
4.8880000000,-4.2677962553
4.8890000000,-6.3395119641
4.8900000000,-8.0306715084
4.8910000000,-9.2393722931
4.8920000000,-9.8926254016
4.8930000000,-9.9507884024
4.8940000000,-9.4099989848
4.8950000000,-8.3024584000
4.8960000000,-6.6945428214
4.8970000000,-4.6828515966
4.8980000000,-2.3884260420
4.8990000000,0.0505165950
4.9000000000,2.4868988716
4.9010000000,4.7736489324
4.9020000000,6.7725821454
4.9030000000,8.3627620341
4.9040000000,9.4478340004
4.9050000000,9.9618861105
4.9060000000,9.8734791384
4.9070000000,9.1875979075
4.9080000000,7.9454011596
4.9090000000,6.2217801913
4.9100000000,4.1208692891
4.9110000000,1.7697755196
4.9120000000,-0.6890958851
4.9130000000,-3.1066581225
4.9140000000,-5.3361805849
4.9150000000,-7.2422000420
4.9160000000,-8.7087637355
4.9170000000,-9.6465020469
4.9180000000,-9.9980982238
4.9190000000,-9.7418189878
4.9200000000,-8.8928869279
4.9210000000,-7.5026063566
4.9220000000,-5.6552908521
4.9230000000,-3.4631747340
4.9240000000,-1.0596140444
4.9250000000,1.4090123194
4.9260000000,3.7922103304
4.9270000000,5.9445457852
4.9280000000,7.7345271250
4.9290000000,9.0526531304
4.9300000000,9.8181320829
4.9310000000,9.9838588683
4.9320000000,9.5393419109
4.9330000000,8.5113963913
4.9340000000,6.9625563840
4.9350000000,4.9872980355
4.9360000000,2.7063001762
4.9370000000,0.2590895666
4.9380000000,-2.2044821205
4.9390000000,-4.5334096956
4.9400000000,-6.5847932056
4.9410000000,-8.2326162029
4.9420000000,-9.3755036859
4.9430000000,-9.9429811065
4.9440000000,-9.8998466631
4.9450000000,-9.2483840200
4.9460000000,-8.0282746492
4.9470000000,-6.3142100918
4.9480000000,-4.2113459571
4.9490000000,-1.8488726887
4.9500000000,0.6279051953
4.9510000000,3.0664967720
4.9520000000,5.3166113677
4.9530000000,7.2394265351
4.9540000000,8.7161655085
4.9550000000,9.6554533982
4.9560000000,9.9989953827
4.9570000000,9.7252225796
4.9580000000,8.8506758923
4.9590000000,7.4290373236
4.9600000000,5.5478634474
4.9610000000,3.3232179951
4.9620000000,0.8925310090
4.9630000000,-1.5938773554
4.9640000000,-3.9820864671
4.9650000000,-6.1241046367
4.9660000000,-7.8870482945
4.9670000000,-9.1614010898
4.9680000000,-9.8678386513
4.9690000000,-9.9621924033
4.9700000000,-9.4382402354
4.9710000000,-8.3281459536
4.9720000000,-6.7005150361
4.9730000000,-4.6561822735
4.9740000000,-2.3219881803
4.9750000000,0.1570731731
4.9760000000,2.6268499354
4.9770000000,4.9336144361
4.9780000000,6.9336359629
4.9790000000,8.5021480089
4.9800000000,9.5411498289
4.9810000000,9.9855533651
4.9820000000,9.8072885316
4.9830000000,9.0171062282
4.9840000000,7.6639614868
4.9850000000,5.8320099542
4.9860000000,3.6354000979
4.9870000000,1.2111817470
4.9880000000,-1.2892298186
4.9890000000,-3.7095035376
4.9900000000,-5.8981667524
4.9910000000,-7.7180928245
4.9920000000,-9.0551074571
4.9930000000,-9.8251726670
4.9940000000,-9.9796950841
4.9950000000,-9.5086216747
4.9960000000,-8.4411238850
4.9970000000,-6.8438219960
4.9980000000,-4.8166557571
4.9990000000,-2.4866554394
