time (s),velocity (rpm)
0.0000000000,0.0000000000
0.0010000000,0.0013194689
0.0020000000,0.0052778757
0.0030000000,0.0118752202
0.0040000000,0.0211115023
0.0050000000,0.0329867216
0.0060000000,0.0475008773
0.0070000000,0.0646539676
0.0080000000,0.0844459900
0.0090000000,0.1068769406
0.0100000000,0.1319468133
0.0110000000,0.1596556002
0.0120000000,0.1900032904
0.0130000000,0.2229898694
0.0140000000,0.2586153189
0.0150000000,0.2968796157
0.0160000000,0.3377827312
0.0170000000,0.3813246303
0.0180000000,0.4275052707
0.0190000000,0.4763246022
0.0200000000,0.5277825651
0.0210000000,0.5818790899
0.0220000000,0.6386140956
0.0230000000,0.6979874889
0.0240000000,0.7599991629
0.0250000000,0.8246489956
0.0260000000,0.8919368490
0.0270000000,0.9618625675
0.0280000000,1.0344259765
0.0290000000,1.1096268807
0.0300000000,1.1874650629
0.0310000000,1.2679402822
0.0320000000,1.3510522723
0.0330000000,1.4368007401
0.0340000000,1.5251853635
0.0350000000,1.6162057897
0.0360000000,1.7098616336
0.0370000000,1.8061524755
0.0380000000,1.9050778593
0.0390000000,2.0066372903
0.0400000000,2.1108302335
0.0410000000,2.2176561106
0.0420000000,2.3271142989
0.0430000000,2.4392041281
0.0440000000,2.5539248782
0.0450000000,2.6712757776
0.0460000000,2.7912560000
0.0470000000,2.9138646624
0.0480000000,3.0391008220
0.0490000000,3.1669634742
0.0500000000,3.2974515497
0.0510000000,3.4305639115
0.0520000000,3.5662993527
0.0530000000,3.7046565931
0.0540000000,3.8456342767
0.0550000000,3.9892309685
0.0560000000,4.1354451517
0.0570000000,4.2842752248
0.0580000000,4.4357194979
0.0590000000,4.5897761903
0.0600000000,4.7464434268
0.0610000000,4.9057192344
0.0620000000,5.0676015394
0.0630000000,5.2320881637
0.0640000000,5.3991768215
0.0650000000,5.5688651156
0.0660000000,5.7411505343
0.0670000000,5.9160304475
0.0680000000,6.0935021029
0.0690000000,6.2735626230
0.0700000000,6.4562090006
0.0710000000,6.6414380953
0.0720000000,6.8292466299
0.0730000000,7.0196311861
0.0740000000,7.2125882008
0.0750000000,7.4081139622
0.0760000000,7.6062046053
0.0770000000,7.8068561083
0.0780000000,8.0100642883
0.0790000000,8.2158247971
0.0800000000,8.4241331167
0.0810000000,8.6349845554
0.0820000000,8.8483742434
0.0830000000,9.0642971280
0.0840000000,9.2827479699
0.0850000000,9.5037213379
0.0860000000,9.7272116049
0.0870000000,9.9532129434
0.0880000000,10.1817193204
0.0890000000,10.4127244930
0.0900000000,10.6462220040
0.0910000000,10.8822051767
0.0920000000,11.1206671100
0.0930000000,11.3616006742
0.0940000000,11.6049985055
0.0950000000,11.8508530016
0.0960000000,12.0991563160
0.0970000000,12.3499003539
0.0980000000,12.6030767664
0.0990000000,12.8586769460
0.1000000000,13.1166920210
0.1010000000,13.3771128507
0.1020000000,13.6399300200
0.1030000000,13.9051338342
0.1040000000,14.1727143140
0.1050000000,14.4426611898
0.1060000000,14.7149638965
0.1070000000,14.9896115684
0.1080000000,15.2665930336
0.1090000000,15.5458968084
0.1100000000,15.8275110922
0.1110000000,16.1114237618
0.1120000000,16.3976223660
0.1130000000,16.6860941200
0.1140000000,16.9768258999
0.1150000000,17.2698042370
0.1160000000,17.5650153123
0.1170000000,17.8624449511
0.1180000000,18.1620786167
0.1190000000,18.4639014055
0.1200000000,18.7678980409
0.1210000000,19.0740528674
0.1220000000,19.3823498456
0.1230000000,19.6927725456
0.1240000000,20.0053041421
0.1250000000,20.3199274078
0.1260000000,20.6366247085
0.1270000000,20.9553779966
0.1280000000,21.2761688058
0.1290000000,21.5989782452
0.1300000000,21.9237869932
0.1310000000,22.2505752924
0.1320000000,22.5793229430
0.1330000000,22.9100092976
0.1340000000,23.2426132553
0.1350000000,23.5771132559
0.1360000000,23.9134872738
0.1370000000,24.2517128129
0.1380000000,24.5917669002
0.1390000000,24.9336260806
0.1400000000,25.2772664108
0.1410000000,25.6226634536
0.1420000000,25.9697922727
0.1430000000,26.3186274263
0.1440000000,26.6691429622
0.1450000000,27.0213124114
0.1460000000,27.3751087832
0.1470000000,27.7305045594
0.1480000000,28.0874716886
0.1490000000,28.4459815809
0.1500000000,28.8060051024
0.1510000000,29.1675125696
0.1520000000,29.5304737445
0.1530000000,29.8948578286
0.1540000000,30.2606334582
0.1550000000,30.6277686988
0.1560000000,30.9962310402
0.1570000000,31.3659873908
0.1580000000,31.7370040734
0.1590000000,32.1092468193
0.1600000000,32.4826807640
0.1610000000,32.8572704418
0.1620000000,33.2329797814
0.1630000000,33.6097721009
0.1640000000,33.9876101032
0.1650000000,34.3664558713
0.1660000000,34.7462708640
0.1670000000,35.1270159112
0.1680000000,35.5086512096
0.1690000000,35.8911363185
0.1700000000,36.2744301557
0.1710000000,36.6584909934
0.1720000000,37.0432764538
0.1730000000,37.4287435060
0.1740000000,37.8148484614
0.1750000000,38.2015469707
0.1760000000,38.5887940199
0.1770000000,38.9765439271
0.1780000000,39.3647503391
0.1790000000,39.7533662282
0.1800000000,40.1423438891
0.1810000000,40.5316349360
0.1820000000,40.9211902999
0.1830000000,41.3109602257
0.1840000000,41.7008942697
0.1850000000,42.0909412976
0.1860000000,42.4810494815
0.1870000000,42.8711662986
0.1880000000,43.2612385289
0.1890000000,43.6512122534
0.1900000000,44.0410328525
0.1910000000,44.4306450048
0.1920000000,44.8199926855
0.1930000000,45.2090191654
0.1940000000,45.5976670103
0.1950000000,45.9858780799
0.1960000000,46.3735935271
0.1970000000,46.7607537985
0.1980000000,47.1472986332
0.1990000000,47.5331670635
0.2000000000,47.9182974150
0.2010000000,48.3026273071
0.2020000000,48.6860936535
0.2030000000,49.0686326634
0.2040000000,49.4501798422
0.2050000000,49.8306699933
0.2060000000,50.2100372194
0.2070000000,50.5882149242
0.2080000000,50.9651358149
0.2090000000,51.3407319040
0.2100000000,51.7149345121
0.2110000000,52.0876742707
0.2120000000,52.4588811250
0.2130000000,52.8284843376
0.2140000000,53.1964124917
0.2150000000,53.5625934954
0.2160000000,53.9269545853
0.2170000000,54.2894223312
0.2180000000,54.6499226408
0.2190000000,55.0083807644
0.2200000000,55.3647213007
0.2210000000,55.7188682018
0.2220000000,56.0707447793
0.2230000000,56.4202737105
0.2240000000,56.7673770450
0.2250000000,57.1119762111
0.2260000000,57.4539920232
0.2270000000,57.7933446893
0.2280000000,58.1299538186
0.2290000000,58.4637384296
0.2300000000,58.7946169587
0.2310000000,59.1225072687
0.2320000000,59.4473266581
0.2330000000,59.7689918706
0.2340000000,60.0874191048
0.2350000000,60.4025240245
0.2360000000,60.7142217690
0.2370000000,61.0224269642
0.2380000000,61.3270537340
0.2390000000,61.6280157116
0.2400000000,61.9252260516
0.2410000000,62.2185974428
0.2420000000,62.5080421203
0.2430000000,62.7934718793
0.2440000000,63.0747980882
0.2450000000,63.3519317030
0.2460000000,63.6247832811
0.2470000000,63.8932629966
0.2480000000,64.1572806552
0.2490000000,64.4167457096
0.2500000000,64.6715672758
0.2510000000,64.9216541494
0.2520000000,65.1669148224
0.2530000000,65.4072575004
0.2540000000,65.6425901200
0.2550000000,65.8728203675
0.2560000000,66.0978556968
0.2570000000,66.3176033488
0.2580000000,66.5319703704
0.2590000000,66.7408636345
0.2600000000,66.9441898603
0.2610000000,67.1418556336
0.2620000000,67.3337674286
0.2630000000,67.5198316287
0.2640000000,67.6999545493
0.2650000000,67.8740424594
0.2660000000,68.0420016051
0.2670000000,68.2037382330
0.2680000000,68.3591586134
0.2690000000,68.5081690651
0.2700000000,68.6506759801
0.2710000000,68.7865858481
0.2720000000,68.9158052829
0.2730000000,69.0382410481
0.2740000000,69.1538000835
0.2750000000,69.2623895320
0.2760000000,69.3639167674
0.2770000000,69.4582894218
0.2780000000,69.5454154142
0.2790000000,69.6252029789
0.2800000000,69.6975606952
0.2810000000,69.7623975164
0.2820000000,69.8196228004
0.2830000000,69.8691463401
0.2840000000,69.9108783939
0.2850000000,69.9447297179
0.2860000000,69.9706115970
0.2870000000,69.9884358773
0.2880000000,69.9981149993
0.2890000000,69.9995620302
0.2900000000,69.9926906982
0.2910000000,69.9774154257
0.2920000000,69.9536513642
0.2930000000,69.9213144290
0.2940000000,69.8803213340
0.2950000000,69.8305896277
0.2960000000,69.7720377288
0.2970000000,69.7045849629
0.2980000000,69.6281515988
0.2990000000,69.5426588860
0.3000000000,69.4480290920
0.3010000000,69.3441855401
0.3020000000,69.2310526476
0.3030000000,69.1085559644
0.3040000000,68.9766222119
0.3050000000,68.8351793219
0.3060000000,68.6841564769
0.3070000000,68.5234841488
0.3080000000,68.3530941404
0.3090000000,68.1729196245
0.3100000000,67.9828951858
0.3110000000,67.7829568613
0.3120000000,67.5730421817
0.3130000000,67.3530902129
0.3140000000,67.1230415981
0.3150000000,66.8828385995
0.3160000000,66.6324251407
0.3170000000,66.3717468492
0.3180000000,66.1007510990
0.3190000000,65.8193870534
0.3200000000,65.5276057083
0.3210000000,65.2253599351
0.3220000000,64.9126045243
0.3230000000,64.5892962285
0.3240000000,64.2553938067
0.3250000000,63.9108580674
0.3260000000,63.5556519127
0.3270000000,63.1897403821
0.3280000000,62.8130906961
0.3290000000,62.4256723007
0.3300000000,62.0274569110
0.3310000000,61.6184185554
0.3320000000,61.1985336192
0.3330000000,60.7677808889
0.3340000000,60.3261415961
0.3350000000,59.8735994610
0.3360000000,59.4101407365
0.3370000000,58.9357542517
0.3380000000,58.4504314552
0.3390000000,57.9541664589
0.3400000000,57.4469560807
0.3410000000,56.9287998879
0.3420000000,56.3997002400
0.3430000000,55.8596623309
0.3440000000,55.3086942316
0.3450000000,54.7468069322
0.3460000000,54.1740143835
0.3470000000,53.5903335384
0.3480000000,52.9957843933
0.3490000000,52.3903900284
0.3500000000,51.7741766485
0.3510000000,51.1471736225
0.3520000000,50.5094135230
0.3530000000,49.8609321655
0.3540000000,49.2017686466
0.3550000000,48.5319653823
0.3560000000,47.8515681452
0.3570000000,47.1606261014
0.3580000000,46.4591918471
0.3590000000,45.7473214439
0.3600000000,45.0250744538
0.3610000000,44.2925139740
0.3620000000,43.5497066699
0.3630000000,42.7967228083
0.3640000000,42.0336362895
0.3650000000,41.2605246788
0.3660000000,40.4774692364
0.3670000000,39.6845549479
0.3680000000,38.8818705523
0.3690000000,38.0695085703
0.3700000000,37.2475653311
0.3710000000,36.4161409984
0.3720000000,35.5753395951
0.3730000000,34.7252690276
0.3740000000,33.8660411084
0.3750000000,32.9977715778
0.3760000000,32.1205801248
0.3770000000,31.2345904061
0.3780000000,30.3399300651
0.3790000000,29.4367307483
0.3800000000,28.5251281215
0.3810000000,27.6052618842
0.3820000000,26.6772757828
0.3830000000,25.7413176226
0.3840000000,24.7975392783
0.3850000000,23.8460967031
0.3860000000,22.8871499362
0.3870000000,21.9208631092
0.3880000000,20.9474044509
0.3890000000,19.9669462900
0.3900000000,18.9796650571
0.3910000000,17.9857412849
0.3920000000,16.9853596059
0.3930000000,15.9787087498
0.3940000000,14.9659815382
0.3950000000,13.9473748779
0.3960000000,12.9230897529
0.3970000000,11.8933312134
0.3980000000,10.8583083649
0.3990000000,9.8182343532
0.4000000000,8.7733263495
0.4010000000,7.7238055326
0.4020000000,6.6698970693
0.4030000000,5.6118300929
0.4040000000,4.5498376798
0.4050000000,3.4841568241
0.4060000000,2.4150284102
0.4070000000,1.3426971829
0.4080000000,0.2674117162
0.4090000000,-0.8105756206
0.4100000000,-1.8910086990
0.4110000000,-2.9736276691
0.4120000000,-4.0581689996
0.4130000000,-5.1443655207
0.4140000000,-6.2319464685
0.4150000000,-7.3206375318
0.4160000000,-8.4101609014
0.4170000000,-9.5002353216
0.4180000000,-10.5905761437
0.4190000000,-11.6808953825
0.4200000000,-12.7709017744
0.4210000000,-13.8603008383
0.4220000000,-14.9487949389
0.4230000000,-16.0360833521
0.4240000000,-17.1218623330
0.4250000000,-18.2058251866
0.4260000000,-19.2876623402
0.4270000000,-20.3670614188
0.4280000000,-21.4437073233
0.4290000000,-22.5172823099
0.4300000000,-23.5874660736
0.4310000000,-24.6539358326
0.4320000000,-25.7163664165
0.4330000000,-26.7744303563
0.4340000000,-27.8277979767
0.4350000000,-28.8761374917
0.4360000000,-29.9191151017
0.4370000000,-30.9563950943
0.4380000000,-31.9876399460
0.4390000000,-33.0125104279
0.4400000000,-34.0306657132
0.4410000000,-35.0417634871
0.4420000000,-36.0454600592
0.4430000000,-37.0414104788
0.4440000000,-38.0292686519
0.4450000000,-39.0086874617
0.4460000000,-39.9793188899
0.4470000000,-40.9408141425
0.4480000000,-41.8928237757
0.4490000000,-42.8349978265
0.4500000000,-43.7669859435
0.4510000000,-44.6884375217
0.4520000000,-45.5990018386
0.4530000000,-46.4983281928
0.4540000000,-47.3860660452
0.4550000000,-48.2618651622
0.4560000000,-49.1253757606
0.4570000000,-49.9762486556
0.4580000000,-50.8141354101
0.4590000000,-51.6386884866
0.4600000000,-52.4495614010
0.4610000000,-53.2464088781
0.4620000000,-54.0288870094
0.4630000000,-54.7966534129
0.4640000000,-55.5493673944
0.4650000000,-56.2866901109
0.4660000000,-57.0082847358
0.4670000000,-57.7138166254
0.4680000000,-58.4029534877
0.4690000000,-59.0753655522
0.4700000000,-59.7307257417
0.4710000000,-60.3687098453
0.4720000000,-60.9889966929
0.4730000000,-61.5912683312
0.4740000000,-62.1752102006
0.4750000000,-62.7405113141
0.4760000000,-63.2868644361
0.4770000000,-63.8139662636
0.4780000000,-64.3215176075
0.4790000000,-64.8092235752
0.4800000000,-65.2767937540
0.4810000000,-65.7239423951
0.4820000000,-66.1503885986
0.4830000000,-66.5558564986
0.4840000000,-66.9400754491
0.4850000000,-67.3027802107
0.4860000000,-67.6437111365
0.4870000000,-67.9626143596
0.4880000000,-68.2592419797
0.4890000000,-68.5333522499
0.4900000000,-68.7847097641
0.4910000000,-69.0130856431
0.4920000000,-69.2182577217
0.4930000000,-69.4000107341
0.4940000000,-69.5581365000
0.4950000000,-69.6924341091
0.4960000000,-69.8027101058
0.4970000000,-69.8887786720
0.4980000000,-69.9504618101
0.4990000000,-69.9875895242
0.5000000000,-70.0000000000
0.5010000000,-69.9875397843
0.5020000000,-69.9500639619
0.5030000000,-69.8874363319
0.5040000000,-69.7995295817
0.5050000000,-69.6862254597
0.5060000000,-69.5474149454
0.5070000000,-69.3829984185
0.5080000000,-69.1928858245
0.5090000000,-68.9769968390
0.5100000000,-68.7352610294
0.5110000000,-68.4676180132
0.5120000000,-68.1740176147
0.5130000000,-67.8544200181
0.5140000000,-67.5087959178
0.5150000000,-67.1371266659
0.5160000000,-66.7394044157
0.5170000000,-66.3156322623
0.5180000000,-65.8658243797
0.5190000000,-65.3900061539
0.5200000000,-64.8882143126
0.5210000000,-64.3604970501
0.5220000000,-63.8069141493
0.5230000000,-63.2275370982
0.5240000000,-62.6224492026
0.5250000000,-61.9917456949
0.5260000000,-61.3355338365
0.5270000000,-60.6539330172
0.5280000000,-59.9470748486
0.5290000000,-59.2151032525
0.5300000000,-58.4581745442
0.5310000000,-57.6764575105
0.5320000000,-56.8701334823
0.5330000000,-56.0393964005
0.5340000000,-55.1844528780
0.5350000000,-54.3055222536
0.5360000000,-53.4028366415
0.5370000000,-52.4766409740
0.5380000000,-51.5271930374
0.5390000000,-50.5547635021
0.5400000000,-49.5596359462
0.5410000000,-48.5421068713
0.5420000000,-47.5024857128
0.5430000000,-46.4410948424
0.5440000000,-45.3582695637
0.5450000000,-44.2543581005
0.5460000000,-43.1297215781
0.5470000000,-41.9847339968
0.5480000000,-40.8197821978
0.5490000000,-39.6352658218
0.5500000000,-38.4315972599
0.5510000000,-37.2092015956
0.5520000000,-35.9685165403
0.5530000000,-34.7099923599
0.5540000000,-33.4340917930
0.5550000000,-32.1412899617
0.5560000000,-30.8320742732
0.5570000000,-29.5069443137
0.5580000000,-28.1664117335
0.5590000000,-26.8110001232
0.5600000000,-25.4412448821
0.5610000000,-24.0576930771
0.5620000000,-22.6609032933
0.5630000000,-21.2514454757
0.5640000000,-19.8299007622
0.5650000000,-18.3968613073
0.5660000000,-16.9529300971
0.5670000000,-15.4987207558
0.5680000000,-14.0348573423
0.5690000000,-12.5619741385
0.5700000000,-11.0807154282
0.5710000000,-9.5917352673
0.5720000000,-8.0956972445
0.5730000000,-6.5932742336
0.5740000000,-5.0851481358
0.5750000000,-3.5720096142
0.5760000000,-2.0545578181
0.5770000000,-0.5335000995
0.5780000000,0.9904482806
0.5790000000,2.5165644536
0.5800000000,4.0441182542
0.5810000000,5.5723725401
0.5820000000,7.1005835202
0.5830000000,8.6280010915
0.5840000000,10.1538691848
0.5850000000,11.6774261183
0.5860000000,13.1979049606
0.5870000000,14.7145339009
0.5880000000,16.2265366282
0.5890000000,17.7331327182
0.5900000000,19.2335380283
0.5910000000,20.7269651005
0.5920000000,22.2126235715
0.5930000000,23.6897205911
0.5940000000,25.1574612473
0.5950000000,26.6150489991
0.5960000000,28.0616861160
0.5970000000,29.4965741247
0.5980000000,30.9189142621
0.5990000000,32.3279079353
0.6000000000,33.7227571871
0.6010000000,35.1026651686
0.6020000000,36.4668366164
0.6030000000,37.8144783369
0.6040000000,39.1447996946
0.6050000000,40.4570131061
0.6060000000,41.7503345394
0.6070000000,43.0239840171
0.6080000000,44.2771861241
0.6090000000,45.5091705200
0.6100000000,46.7191724542
0.6110000000,47.9064332857
0.6120000000,49.0702010050
0.6130000000,50.2097307592
0.6140000000,51.3242853803
0.6150000000,52.4131359149
0.6160000000,53.4755621561
0.6170000000,54.5108531770
0.6180000000,55.5183078651
0.6190000000,56.4972354584
0.6200000000,57.4469560807
0.6210000000,58.3668012781
0.6220000000,59.2561145548
0.6230000000,60.1142519082
0.6240000000,60.9405823631
0.6250000000,61.7344885044
0.6260000000,62.4953670081
0.6270000000,63.2226291700
0.6280000000,63.9157014315
0.6290000000,64.5740259029
0.6300000000,65.1970608823
0.6310000000,65.7842813721
0.6320000000,66.3351795892
0.6330000000,66.8492654720
0.6340000000,67.3260671814
0.6350000000,67.7651315965
0.6360000000,68.1660248037
0.6370000000,68.5283325799
0.6380000000,68.8516608679
0.6390000000,69.1356362449
0.6400000000,69.3799063831
0.6410000000,69.5841405012
0.6420000000,69.7480298079
0.6430000000,69.8712879356
0.6440000000,69.9536513642
0.6450000000,69.9948798350
0.6460000000,69.9947567536
0.6470000000,69.9530895818
0.6480000000,69.8697102177
0.6490000000,69.7444753636
0.6500000000,69.5772668819
0.6510000000,69.3679921368
0.6520000000,69.1165843238
0.6530000000,68.8230027848
0.6540000000,68.4872333078
0.6550000000,68.1092884136
0.6560000000,67.6892076257
0.6570000000,67.2270577250
0.6580000000,66.7229329885
0.6590000000,66.1769554111
0.6600000000,65.5892749106
0.6610000000,64.9600695151
0.6620000000,64.2895455327
0.6630000000,63.5779377028
0.6640000000,62.8255093289
0.6650000000,62.0325523925
0.6660000000,61.1993876470
0.6670000000,60.3263646928
0.6680000000,59.4138620312
0.6690000000,58.4622870990
0.6700000000,57.4720762808
0.6710000000,56.4436949021
0.6720000000,55.3776371989
0.6730000000,54.2744262671
0.6740000000,53.1346139894
0.6750000000,51.9587809393
0.6760000000,50.7475362637
0.6770000000,49.5015175414
0.6780000000,48.2213906199
0.6790000000,46.9078494276
0.6800000000,45.5616157637
0.6810000000,44.1834390637
0.6820000000,42.7740961416
0.6830000000,41.3343909076
0.6840000000,39.8651540625
0.6850000000,38.3672427669
0.6860000000,36.8415402873
0.6870000000,35.2889556167
0.6880000000,33.7104230717
0.6890000000,32.1069018644
0.6900000000,30.4793756503
0.6910000000,28.8288520520
0.6920000000,27.1563621575
0.6930000000,25.4629599950
0.6940000000,23.7497219832
0.6950000000,22.0177463574
0.6960000000,20.2681525707
0.6970000000,18.5020806727
0.6980000000,16.7206906634
0.6990000000,14.9251618233
0.7000000000,13.1166920210
0.7010000000,11.2964969967
0.7020000000,9.4658096235
0.7030000000,7.6258791454
0.7040000000,5.7779703936
0.7050000000,3.9233629804
0.7060000000,2.0633504715
0.7070000000,0.1992395371
0.7080000000,-1.6676509181
0.7090000000,-3.5359906446
0.7100000000,-5.4044389588
0.7110000000,-7.2716456725
0.7120000000,-9.1362520414
0.7130000000,-10.9968917328
0.7140000000,-12.8521918099
0.7150000000,-14.7007737346
0.7160000000,-16.5412543865
0.7170000000,-18.3722470980
0.7180000000,-20.1923627047
0.7190000000,-22.0002106108
0.7200000000,-23.7943998685
0.7210000000,-25.5735402704
0.7220000000,-27.3362434544
0.7230000000,-29.0811240212
0.7240000000,-30.8068006617
0.7250000000,-32.5118972947
0.7260000000,-34.1950442147
0.7270000000,-35.8548792472
0.7280000000,-37.4900489118
0.7290000000,-39.0992095918
0.7300000000,-40.6810287100
0.7310000000,-42.2341859084
0.7320000000,-43.7573742320
0.7330000000,-45.2493013157
0.7340000000,-46.7086905719
0.7350000000,-48.1342823800
0.7360000000,-49.5248352744
0.7370000000,-50.8791271320
0.7380000000,-52.1959563567
0.7390000000,-53.4741430600
0.7400000000,-54.7125302378
0.7410000000,-55.9099849399
0.7420000000,-57.0653994344
0.7430000000,-58.1776923618
0.7440000000,-59.2458098817
0.7450000000,-60.2687268078
0.7460000000,-61.2454477319
0.7470000000,-62.1750081344
0.7480000000,-63.0564754815
0.7490000000,-63.8889503066
0.7500000000,-64.6715672758
0.7510000000,-65.4034962347
0.7520000000,-66.0839432379
0.7530000000,-66.7121515568
0.7540000000,-67.2874026675
0.7550000000,-67.8090172150
0.7560000000,-68.2763559547
0.7570000000,-68.6888206686
0.7580000000,-69.0458550548
0.7590000000,-69.3469455911
0.7600000000,-69.5916223685
0.7610000000,-69.7794598965
0.7620000000,-69.9100778762
0.7630000000,-69.9831419429
0.7640000000,-69.9983643745
0.7650000000,-69.9555047657
0.7660000000,-69.8543706679
0.7670000000,-69.6948181911
0.7680000000,-69.4767525700
0.7690000000,-69.2001286899
0.7700000000,-68.8649515745
0.7710000000,-68.4712768319
0.7720000000,-68.0192110599
0.7730000000,-67.5089122085
0.7740000000,-66.9405898985
0.7750000000,-66.3145056967
0.7760000000,-65.6309733451
0.7770000000,-64.8903589442
0.7780000000,-64.0930810901
0.7790000000,-63.2396109629
0.7800000000,-62.3304723678
0.7810000000,-61.3662417267
0.7820000000,-60.3475480197
0.7830000000,-59.2750726777
0.7840000000,-58.1495494225
0.7850000000,-56.9717640563
0.7860000000,-55.7425541999
0.7870000000,-54.4628089774
0.7880000000,-53.1334686493
0.7890000000,-51.7555241918
0.7900000000,-50.3300168235
0.7910000000,-48.8580374776
0.7920000000,-47.3407262219
0.7930000000,-45.7792716230
0.7940000000,-44.1749100584
0.7950000000,-42.5289249733
0.7960000000,-40.8426460843
0.7970000000,-39.1174485287
0.7980000000,-37.3547519605
0.7990000000,-35.5560195928
0.8000000000,-33.7227571871
0.8010000000,-31.8565119892
0.8020000000,-29.9588716134
0.8030000000,-28.0314628738
0.8040000000,-26.0759505650
0.8050000000,-24.0940361911
0.8060000000,-22.0874566443
0.8070000000,-20.0579828348
0.8080000000,-18.0074182707
0.8090000000,-15.9375975906
0.8100000000,-13.8503850490
0.8110000000,-11.7476729552
0.8120000000,-9.6313800671
0.8130000000,-7.5034499414
0.8140000000,-5.3658492404
0.8150000000,-3.2205659970
0.8160000000,-1.0696078400
0.8170000000,1.0849998208
0.8180000000,3.2412156461
0.8190000000,5.3969842552
0.8200000000,7.5502381495
0.8210000000,9.6988996677
0.8220000000,11.8408829737
0.8230000000,13.9740960735
0.8240000000,16.0964428605
0.8250000000,18.2058251866
0.8260000000,20.3001449580
0.8270000000,22.3773062527
0.8280000000,24.4352174591
0.8290000000,26.4717934322
0.8300000000,28.4849576667
0.8310000000,30.4726444833
0.8320000000,32.4328012279
0.8330000000,34.3633904796
0.8340000000,36.2623922666
0.8350000000,38.1278062870
0.8360000000,39.9576541317
0.8370000000,41.7499815091
0.8380000000,43.5028604659
0.8390000000,45.2143916042
0.8400000000,46.8827062920
0.8410000000,48.5059688625
0.8420000000,50.0823788031
0.8430000000,51.6101729281
0.8440000000,53.0876275347
0.8450000000,54.5130605395
0.8460000000,55.8848335911
0.8470000000,57.2013541590
0.8480000000,58.4610775933
0.8490000000,59.6625091546
0.8500000000,60.8042060107
0.8510000000,61.8847791967
0.8520000000,62.9028955374
0.8530000000,63.8572795284
0.8540000000,64.7467151726
0.8550000000,65.5700477713
0.8560000000,66.3261856653
0.8570000000,67.0141019254
0.8580000000,67.6328359874
0.8590000000,68.1814952312
0.8600000000,68.6592565004
0.8610000000,69.0653675604
0.8620000000,69.3991484914
0.8630000000,69.6599930158
0.8640000000,69.8473697564
0.8650000000,69.9608234227
0.8660000000,69.9999759245
0.8670000000,69.9645274094
0.8680000000,69.8542572225
0.8690000000,69.6690247859
0.8700000000,69.4087703968
0.8710000000,69.0735159413
0.8720000000,68.6633655225
0.8730000000,68.1785060014
0.8740000000,67.6192074478
0.8750000000,66.9858235013
0.8760000000,66.2787916391
0.8770000000,65.4986333504
0.8780000000,64.6459542153
0.8790000000,63.7214438877
0.8800000000,62.7258759799
0.8810000000,61.6601078490
0.8820000000,60.5250802839
0.8830000000,59.3218170912
0.8840000000,58.0514245805
0.8850000000,56.7150909478
0.8860000000,55.3140855563
0.8870000000,53.8497581153
0.8880000000,52.3235377554
0.8890000000,50.7369320013
0.8900000000,49.0915256413
0.8910000000,47.3889794942
0.8920000000,45.6310290733
0.8930000000,43.8194831486
0.8940000000,41.9562222066
0.8950000000,40.0431968105
0.8960000000,38.0824258585
0.8970000000,36.0759947441
0.8980000000,34.0260534179
0.8990000000,31.9348143520
0.9000000000,29.8045504096
0.9010000000,27.6375926199
0.9020000000,25.4363278610
0.9030000000,23.2031964516
0.9040000000,20.9406896545
0.9050000000,18.6513470933
0.9060000000,16.3377540842
0.9070000000,14.0025388868
0.9080000000,11.6483698735
0.9090000000,9.2779526237
0.9100000000,6.8940269428
0.9110000000,4.4993638096
0.9120000000,2.0967622562
0.9130000000,-0.3109538182
0.9140000000,-2.7209388945
0.9150000000,-5.1303291404
0.9160000000,-7.5362457711
0.9170000000,-9.9357984621
0.9180000000,-12.3260888092
0.9190000000,-14.7042138319
0.9200000000,-17.0672695173
0.9210000000,-19.4123543986
0.9220000000,-21.7365731659
0.9230000000,-24.0370403031
0.9240000000,-26.3108837487
0.9250000000,-28.5552485733
0.9260000000,-30.7673006723
0.9270000000,-32.9442304663
0.9280000000,-35.0832566065
0.9290000000,-37.1816296790
0.9300000000,-39.2366359045
0.9310000000,-41.2456008268
0.9320000000,-43.2058929862
0.9330000000,-45.1149275733
0.9340000000,-46.9701700566
0.9350000000,-48.7691397795
0.9360000000,-50.5094135230
0.9370000000,-52.1886290261
0.9380000000,-53.8044884613
0.9390000000,-55.3547618588
0.9400000000,-56.8372904747
0.9410000000,-58.2499900973
0.9420000000,-59.5908542877
0.9430000000,-60.8579575481
0.9440000000,-62.0494584140
0.9450000000,-63.1636024646
0.9460000000,-64.1987252458
0.9470000000,-65.1532551028
0.9480000000,-66.0257159149
0.9490000000,-66.8147297300
0.9500000000,-67.5190192920
0.9510000000,-68.1374104588
0.9520000000,-68.6688345033
0.9530000000,-69.1123302965
0.9540000000,-69.4670463649
0.9550000000,-69.7322428207
0.9560000000,-69.9072931589
0.9570000000,-69.9916859184
0.9580000000,-69.9850262027
0.9590000000,-69.8870370564
0.9600000000,-69.6975606952
0.9610000000,-69.4165595835
0.9620000000,-69.0441173598
0.9630000000,-68.5804396037
0.9640000000,-68.0258544436
0.9650000000,-67.3808130018
0.9660000000,-66.6458896747
0.9670000000,-65.8217822458
0.9680000000,-64.9093118294
0.9690000000,-63.9094226434
0.9700000000,-62.8231816091
0.9710000000,-61.6517777778
0.9720000000,-60.3965215816
0.9730000000,-59.0588439084
0.9740000000,-57.6402950003
0.9750000000,-56.1425431752
0.9760000000,-54.5673733710
0.9770000000,-52.9166855124
0.9780000000,-51.1924927022
0.9790000000,-49.3969192351
0.9800000000,-47.5321984376
0.9810000000,-45.6006703334
0.9820000000,-43.6047791361
0.9830000000,-41.5470705720
0.9840000000,-39.4301890334
0.9850000000,-37.2568745652
0.9860000000,-35.0299596889
0.9870000000,-32.7523660636
0.9880000000,-30.4271009909
0.9890000000,-28.0572537636
0.9900000000,-25.6459918647
0.9910000000,-23.1965570182
0.9920000000,-20.7122610983
0.9930000000,-18.1964818988
0.9940000000,-15.6526587706
0.9950000000,-13.0842881285
0.9960000000,-10.4949188366
0.9970000000,-7.8881474744
0.9980000000,-5.2676134913
0.9990000000,-2.6369942550
1.0000000000,-0.0000000000
1.0010000000,2.6396313178
1.0020000000,5.2781392526
1.0030000000,7.9117461805
1.0040000000,10.5366626838
1.0050000000,13.1490930007
1.0060000000,15.7452405333
1.0070000000,18.3213134053
1.0080000000,20.8735300619
1.0090000000,23.3981249051
1.0100000000,25.8913539535
1.0110000000,28.3495005211
1.0120000000,30.7688809052
1.0130000000,33.1458500743
1.0140000000,35.4768073490
1.0150000000,37.7582020654
1.0160000000,39.9865392135
1.0170000000,42.1583850404
1.0180000000,44.2703726101
1.0190000000,46.3192073111
1.0200000000,48.3016723018
1.0210000000,50.2146338850
1.0220000000,52.0550468032
1.0230000000,53.8199594441
1.0240000000,55.5065189484
1.0250000000,57.1119762111
1.0260000000,58.6336907656
1.0270000000,60.0691355443
1.0280000000,61.4159015044
1.0290000000,62.6717021121
1.0300000000,63.8343776755
1.0310000000,64.9018995185
1.0320000000,65.8723739867
1.0330000000,66.7440462781
1.0340000000,67.5153040896
1.0350000000,68.1846810728
1.0360000000,68.7508600902
1.0370000000,69.2126762662
1.0380000000,69.5691198238
1.0390000000,69.8193387026
1.0400000000,69.9626409491
1.0410000000,69.9984968759
1.0420000000,69.9265409805
1.0430000000,69.7465736218
1.0440000000,69.4585624460
1.0450000000,69.0626435588
1.0460000000,68.5591224386
1.0470000000,67.9484745866
1.0480000000,67.2313459108
1.0490000000,66.4085528388
1.0500000000,65.4810821581
1.0510000000,64.4500905808
1.0520000000,63.3169040299
1.0530000000,62.0830166465
1.0540000000,60.7500895161
1.0550000000,59.3199491128
1.0560000000,57.7945854623
1.0570000000,56.1761500227
1.0580000000,54.4669532836
1.0590000000,52.6694620858
1.0600000000,50.7862966623
1.0610000000,48.8202274020
1.0620000000,46.7741713405
1.0630000000,44.6511883794
1.0640000000,42.4544772379
1.0650000000,40.1873711419
1.0660000000,37.8533332537
1.0670000000,35.4559518479
1.0680000000,32.9989352397
1.0690000000,30.4861064697
1.0700000000,27.9213977546
1.0710000000,25.3088447080
1.0720000000,22.6525803402
1.0730000000,19.9568288451
1.0740000000,17.2258991815
1.0750000000,14.4641784590
1.0760000000,11.6761251367
1.0770000000,8.8662620449
1.0780000000,6.0391692402
1.0790000000,3.1994767039
1.0800000000,0.3518568955
1.0810000000,-2.4989828282
1.0820000000,-5.3483079163
1.0830000000,-8.1913644363
1.0840000000,-11.0233869861
1.0850000000,-13.8396066891
1.0860000000,-16.6352592629
1.0870000000,-19.4055931462
1.0880000000,-22.1458776702
1.0890000000,-24.8514112627
1.0900000000,-27.5175296683
1.0910000000,-30.1396141725
1.0920000000,-32.7130998140
1.0930000000,-35.2334835718
1.0940000000,-37.6963325111
1.0950000000,-40.0972918745
1.0960000000,-42.4320931028
1.0970000000,-44.6965617711
1.0980000000,-46.8866254247
1.0990000000,-48.9983213008
1.1000000000,-51.0278039195
1.1010000000,-52.9713525317
1.1020000000,-54.8253784068
1.1030000000,-56.5864319468
1.1040000000,-58.2512096131
1.1050000000,-59.8165606492
1.1060000000,-61.2794935883
1.1070000000,-62.6371825298
1.1080000000,-63.8869731715
1.1090000000,-65.0263885857
1.1100000000,-66.0531347234
1.1110000000,-66.9651056369
1.1120000000,-67.7603884071
1.1130000000,-68.4372677626
1.1140000000,-68.9942303824
1.1150000000,-69.4299688671
1.1160000000,-69.7433853721
1.1170000000,-69.9335948894
1.1180000000,-69.9999281714
1.1190000000,-69.9419342857
1.1200000000,-69.7593827937
1.1210000000,-69.4522655456
1.1220000000,-69.0207980832
1.1230000000,-68.4654206461
1.1240000000,-67.7867987740
1.1250000000,-66.9858235013
1.1260000000,-66.0636111379
1.1270000000,-65.0215026351
1.1280000000,-63.8610625317
1.1290000000,-62.5840774787
1.1300000000,-61.1925543418
1.1310000000,-59.6887178811
1.1320000000,-58.0750080076
1.1330000000,-56.3540766180
1.1340000000,-54.5287840102
1.1350000000,-52.6021948808
1.1360000000,-50.5775739104
1.1370000000,-48.4583809382
1.1380000000,-46.2482657337
1.1390000000,-43.9510623702
1.1400000000,-41.5707832070
1.1410000000,-39.1116124888
1.1420000000,-36.5778995698
1.1430000000,-33.9741517723
1.1440000000,-31.3050268912
1.1450000000,-28.5753253521
1.1460000000,-25.7899820391
1.1470000000,-22.9540578013
1.1480000000,-20.0727306530
1.1490000000,-17.1512866810
1.1500000000,-14.1951106750
1.1510000000,-11.2096764945
1.1520000000,-8.2005371906
1.1530000000,-5.1733148978
1.1540000000,-2.1336905143
1.1550000000,0.9126068113
1.1560000000,3.9598103682
1.1570000000,7.0021267279
1.1580000000,10.0337467239
1.1590000000,13.0488565479
1.1600000000,16.0416489406
1.1610000000,19.0063344562
1.1620000000,21.9371527799
1.1630000000,24.8283840757
1.1640000000,27.6743603421
1.1650000000,30.4694767549
1.1660000000,33.2082029720
1.1670000000,35.8850943798
1.1680000000,38.4948032566
1.1690000000,41.0320898311
1.1700000000,43.4918332119
1.1710000000,45.8690421658
1.1720000000,48.1588657212
1.1730000000,50.3566035744
1.1740000000,52.4577162754
1.1750000000,54.4578351715
1.1760000000,56.3527720845
1.1770000000,58.1385287028
1.1780000000,59.8113056626
1.1790000000,61.3675113007
1.1800000000,62.8037700557
1.1810000000,64.1169304983
1.1820000000,65.3040729701
1.1830000000,66.3625168133
1.1840000000,67.2898271704
1.1850000000,68.0838213384
1.1860000000,68.7425746584
1.1870000000,69.2644259261
1.1880000000,69.6479823053
1.1890000000,69.8921237324
1.1900000000,69.9960067960
1.1910000000,69.9590680797
1.1920000000,69.7810269561
1.1930000000,69.4618878216
1.1940000000,69.0019417610
1.1950000000,68.4017676346
1.1960000000,67.6622325797
1.1970000000,66.7844919197
1.1980000000,65.7699884758
1.1990000000,64.6204512782
1.2000000000,63.3378936726
1.2010000000,61.9246108209
1.2020000000,60.3831765966
1.2030000000,58.7164398748
1.2040000000,56.9275202201
1.2050000000,55.0198029752
1.2060000000,52.9969337556
1.2070000000,50.8628123566
1.2080000000,48.6215860805
1.2090000000,46.2776424919
1.2100000000,43.8356016126
1.2110000000,41.3003075670
1.2120000000,38.6768196909
1.2130000000,35.9704031179
1.2140000000,33.1865188587
1.2150000000,30.3308133910
1.2160000000,27.4091077761
1.2170000000,24.4273863231
1.2180000000,21.3917848199
1.2190000000,18.3085783535
1.2200000000,15.1841687416
1.2210000000,12.0250715986
1.2220000000,8.8379030626
1.2230000000,5.6293662077
1.2240000000,2.4062371684
1.2250000000,-0.8246489956
1.2260000000,-4.0564126654
1.2270000000,-7.2821442320
1.2280000000,-10.4949188366
1.2290000000,-13.6878112520
1.2300000000,-16.8539108739
1.2310000000,-19.9863367901
1.2320000000,-23.0782528946
1.2330000000,-26.1228830139
1.2340000000,-29.1135260125
1.2350000000,-32.0435708437
1.2360000000,-34.9065115112
1.2370000000,-37.6959619097
1.2380000000,-40.4056705067
1.2390000000,-43.0295348359
1.2400000000,-45.5616157637
1.2410000000,-47.9961514990
1.2420000000,-50.3275713096
1.2430000000,-52.5505089132
1.2440000000,-54.6598155104
1.2450000000,-56.6505724268
1.2460000000,-58.5181033314
1.2470000000,-60.2579860021
1.2480000000,-61.8660636057
1.2490000000,-63.3384554639
1.2500000000,-64.6715672758
1.2510000000,-65.8621007693
1.2520000000,-66.9070627540
1.2530000000,-67.8037735505
1.2540000000,-68.5498747706
1.2550000000,-69.1433364252
1.2560000000,-69.5824633386
1.2570000000,-69.8659008470
1.2580000000,-69.9926397633
1.2590000000,-69.9620205894
1.2600000000,-69.7737369600
1.2610000000,-69.4278383040
1.2620000000,-68.9247317093
1.2630000000,-68.2651829808
1.2640000000,-67.4503168817
1.2650000000,-66.4816165503
1.2660000000,-65.3609220875
1.2670000000,-64.0904283090
1.2680000000,-62.6726816627
1.2690000000,-61.1105763098
1.2700000000,-59.4073493715
1.2710000000,-57.5665753457
1.2720000000,-55.5921596995
1.2730000000,-53.4883316457
1.2740000000,-51.2596361119
1.2750000000,-48.9109249162
1.2760000000,-46.4473471621
1.2770000000,-43.8743388684
1.2780000000,-41.1976118534
1.2790000000,-38.4231418912
1.2800000000,-35.5571561646
1.2810000000,-32.6061200358
1.2820000000,-29.5767231620
1.2830000000,-26.4758649830
1.2840000000,-23.3106396104
1.2850000000,-20.0883201480
1.2860000000,-16.8163424784
1.2870000000,-13.5022885475
1.2880000000,-10.1538691848
1.2890000000,-6.7789064959
1.2900000000,-3.3853158656
1.2910000000,0.0189123875
1.2920000000,3.4257316641
1.2930000000,6.8270580024
1.2940000000,10.2147892175
1.2950000000,13.5808242190
1.2960000000,16.9170824586
1.2970000000,20.2155234640
1.2980000000,23.4681664120
1.2990000000,26.6671096912
1.3000000000,29.8045504096
1.3010000000,32.8728037961
1.3020000000,35.8643224497
1.3030000000,38.7717153860
1.3040000000,41.5877668341
1.3050000000,44.3054547342
1.3060000000,46.9179688890
1.3070000000,49.4187287200
1.3080000000,51.8014005824
1.3090000000,54.0599145921
1.3100000000,56.1884809177
1.3110000000,58.1816054945
1.3120000000,60.0341051146
1.3130000000,61.7411218521
1.3140000000,63.2981367808
1.3150000000,64.7009829438
1.3160000000,65.9458575382
1.3170000000,67.0293332757
1.3180000000,67.9483688849
1.3190000000,68.7003187215
1.3200000000,69.2829414553
1.3210000000,69.6944078028
1.3220000000,69.9333072806
1.3230000000,69.9986539515
1.3240000000,69.8898911428
1.3250000000,69.6068951148
1.3260000000,69.1499776622
1.3270000000,68.5198876326
1.3280000000,67.7178113500
1.3290000000,66.7453719316
1.3300000000,65.6046274924
1.3310000000,64.2980682316
1.3320000000,62.8286123999
1.3330000000,61.1996011479
1.3340000000,59.4147922611
1.3350000000,57.4783527861
1.3360000000,55.3948505607
1.3370000000,53.1692446585
1.3380000000,50.8068747646
1.3390000000,48.3134495013
1.3400000000,45.6950337250
1.3410000000,42.9580348192
1.3420000000,40.1091880104
1.3430000000,37.1555407381
1.3440000000,34.1044361106
1.3450000000,30.9634954832
1.3460000000,27.7406001972
1.3470000000,24.4438725201
1.3480000000,21.0816558302
1.3490000000,17.6624940930
1.3500000000,14.1951106750
1.3510000000,10.6883865480
1.3520000000,7.1513379347
1.3530000000,3.5930934497
1.3540000000,0.0228707941
1.3550000000,-3.5500469401
1.3560000000,-7.1163352951
1.3570000000,-10.6666527418
1.3580000000,-14.1916651795
1.3590000000,-17.6820705796
1.3600000000,-21.1286237065
1.3610000000,-24.5221608527
1.3620000000,-27.8536245196
1.3630000000,-31.1140879789
1.3640000000,-34.2947796487
1.3650000000,-37.3871072147
1.3660000000,-40.3826814320
1.3670000000,-43.2733395402
1.3680000000,-46.0511682247
1.3690000000,-48.7085260601
1.3700000000,-51.2380653686
1.3710000000,-53.6327534329
1.3720000000,-55.8858929968
1.3730000000,-57.9911419961
1.3740000000,-59.9425324568
1.3750000000,-61.7344885044
1.3760000000,-63.3618434278
1.3770000000,-64.8198557427
1.3780000000,-66.1042242037
1.3790000000,-67.2111017150
1.3800000000,-68.1371080929
1.3810000000,-68.8793416363
1.3820000000,-69.4353894629
1.3830000000,-69.8033365739
1.3840000000,-69.9817736119
1.3850000000,-69.9698032791
1.3860000000,-69.7670453892
1.3870000000,-69.3736405265
1.3880000000,-68.7902522923
1.3890000000,-68.0180681206
1.3900000000,-67.0587986489
1.3910000000,-65.9146756359
1.3920000000,-64.5884484189
1.3930000000,-63.0833789107
1.3940000000,-61.4032351371
1.3950000000,-59.5522833221
1.3960000000,-57.5352785325
1.3970000000,-55.3574538949
1.3980000000,-53.0245084065
1.3990000000,-50.5425933603
1.4000000000,-47.9182974150
1.4010000000,-45.1586303385
1.4020000000,-42.2710054624
1.4030000000,-39.2632208862
1.4040000000,-36.1434394751
1.4050000000,-32.9201676980
1.4060000000,-29.6022333580
1.4070000000,-26.1987622690
1.4080000000,-22.7191539379
1.4090000000,-19.1730563125
1.4100000000,-15.5703396615
1.4110000000,-11.9210696535
1.4120000000,-8.2354797072
1.4130000000,-4.5239426849
1.4140000000,-0.7969420073
1.4150000000,2.9349577335
1.4160000000,6.6611405802
1.4170000000,10.3709693544
1.4180000000,14.0538160528
1.4190000000,17.6990924108
1.4200000000,21.2962805447
1.4210000000,24.8349635857
1.4220000000,28.3048562153
1.4230000000,31.6958350126
1.4240000000,34.9979685251
1.4250000000,38.2015469707
1.4260000000,41.2971114832
1.4270000000,44.2754828111
1.4280000000,47.1277893816
1.4290000000,49.8454946431
1.4300000000,52.4204235993
1.4310000000,54.8447884515
1.4320000000,57.1112132659
1.4330000000,59.2127575866
1.4340000000,61.1429389151
1.4350000000,62.8957539823
1.4360000000,64.4656987404
1.4370000000,65.8477870046
1.4380000000,67.0375676806
1.4390000000,68.0311405147
1.4400000000,68.8251703076
1.4410000000,69.4168995401
1.4420000000,69.8041593585
1.4430000000,69.9853788751
1.4440000000,69.9595927439
1.4450000000,69.7264469748
1.4460000000,69.2862029550
1.4470000000,68.6397396532
1.4480000000,67.7885539851
1.4490000000,66.7347593258
1.4500000000,65.4810821581
1.4510000000,64.0308568554
1.4520000000,62.3880185980
1.4530000000,60.5570944314
1.4540000000,58.5431924808
1.4550000000,56.3519893378
1.4560000000,53.9897156469
1.4570000000,51.4631399202
1.4580000000,48.7795506172
1.4590000000,45.9467365308
1.4600000000,42.9729655273
1.4610000000,39.8669616928
1.4620000000,36.6378809446
1.4630000000,33.2952851701
1.4640000000,29.8491149630
1.4650000000,26.3096610284
1.4660000000,22.6875343378
1.4670000000,18.9936351135
1.4680000000,15.2391207323
1.4690000000,11.4353726387
1.4700000000,7.5939623622
1.4710000000,3.7266167393
1.4720000000,-0.1548175598
1.4730000000,-4.0384100921
1.4740000000,-7.9121831850
1.4750000000,-11.7641488486
1.4760000000,-15.5823459457
1.4770000000,-19.3548775063
1.4780000000,-23.0699480676
1.4790000000,-26.7159009254
1.4800000000,-30.2812551780
1.4810000000,-33.7547424440
1.4820000000,-37.1253431364
1.4830000000,-40.3823221759
1.4840000000,-43.5152640244
1.4850000000,-46.5141069256
1.4860000000,-49.3691762355
1.4870000000,-52.0712167321
1.4880000000,-54.6114237943
1.4890000000,-56.9814733405
1.4900000000,-59.1735504252
1.4910000000,-61.1803763894
1.4920000000,-62.9952344707
1.4930000000,-64.6119937766
1.4940000000,-66.0251315350
1.4950000000,-67.2297535356
1.4960000000,-68.2216126853
1.4970000000,-68.9971256019
1.4980000000,-69.5533871807
1.4990000000,-69.8881830697
1.5000000000,-70.0000000000
1.5010000000,-69.8880339208
1.5020000000,-69.5521958967
1.5030000000,-68.9931157333
1.5040000000,-68.2121432999
1.5050000000,-67.2113475317
1.5060000000,-65.9935130943
1.5070000000,-64.5621347067
1.5080000000,-62.9214091233
1.5090000000,-61.0762247839
1.5100000000,-59.0321491490
1.5110000000,-56.7954137440
1.5120000000,-54.3728969463
1.5130000000,-51.7721045539
1.5140000000,-49.0011481833
1.5150000000,-46.0687215534
1.5160000000,-42.9840747162
1.5170000000,-39.7569863060
1.5180000000,-36.3977338838
1.5190000000,-32.9170624607
1.5200000000,-29.3261512926
1.5210000000,-25.6365790419
1.5220000000,-21.8602874125
1.5230000000,-18.0095433659
1.5240000000,-14.0969000341
1.5250000000,-10.1351564525
1.5260000000,-6.1373162350
1.5270000000,-2.1165453249
1.5280000000,1.9138710454
1.5290000000,5.9405720464
1.5300000000,9.9501654545
1.5310000000,13.9292722201
1.5320000000,17.8645712536
1.5330000000,21.7428442810
1.5340000000,25.5510206176
1.5350000000,29.2762217076
1.5360000000,32.9058052784
1.5370000000,36.4274089568
1.5380000000,39.8289931958
1.5390000000,43.0988833601
1.5400000000,46.2258108235
1.5410000000,49.1989529292
1.5420000000,52.0079716701
1.5430000000,54.6430509473
1.5440000000,57.0949322699
1.5450000000,59.3549487623
1.5460000000,61.4150573515
1.5470000000,63.2678690096
1.5480000000,64.9066769356
1.5490000000,66.3254825633
1.5500000000,67.5190192920
1.5510000000,68.4827738402
1.5520000000,69.2130051336
1.5530000000,69.7067606433
1.5540000000,69.9618901004
1.5550000000,69.9770565205
1.5560000000,69.7517444812
1.5570000000,69.2862656036
1.5580000000,68.5817612004
1.5590000000,67.6402020599
1.5600000000,66.4643853471
1.5610000000,65.0579286128
1.5620000000,63.4252609102
1.5630000000,61.5716110305
1.5640000000,59.5029928782
1.5650000000,57.2261880172
1.5660000000,54.7487254288
1.5670000000,52.0788585340
1.5680000000,49.2255395409
1.5690000000,46.1983911889
1.5700000000,43.0076759723
1.5710000000,39.6642629327
1.5720000000,36.1795921215
1.5730000000,32.5656368427
1.5740000000,28.8348637927
1.5750000000,25.0001912263
1.5760000000,21.0749452808
1.5770000000,17.0728146044
1.5780000000,13.0078034351
1.5790000000,8.8941832902
1.5800000000,4.7464434268
1.5810000000,0.5792402428
1.5820000000,-3.5926542064
1.5830000000,-7.7544044001
1.5840000000,-11.8911640668
1.5850000000,-15.9881292389
1.5860000000,-20.0305914566
1.5870000000,-24.0039909311
1.5880000000,-27.8939694744
1.5890000000,-31.6864230039
1.5900000000,-35.3675534273
1.5910000000,-38.9239197175
1.5920000000,-42.3424879844
1.5930000000,-45.6106803569
1.5940000000,-48.7164224875
1.5950000000,-51.6481894982
1.5960000000,-54.3950501893
1.5970000000,-56.9467093363
1.5980000000,-59.2935479096
1.5990000000,-61.4266610539
1.6000000000,-63.3378936726
1.6010000000,-65.0198734716
1.6020000000,-66.4660413218
1.6030000000,-67.6706788125
1.6040000000,-68.6289328727
1.6050000000,-69.3368373506
1.6060000000,-69.7913314512
1.6070000000,-69.9902749414
1.6080000000,-69.9324600446
1.6090000000,-69.6176199579
1.6100000000,-69.0464339376
1.6110000000,-68.2205289106
1.6120000000,-67.1424775812
1.6130000000,-65.8157930175
1.6140000000,-64.2449197125
1.6150000000,-62.4352211301
1.6160000000,-60.3929637581
1.6170000000,-58.1252977042
1.6180000000,-55.6402338832
1.6190000000,-52.9466178597
1.6200000000,-50.0541004202
1.6210000000,-46.9731049625
1.6220000000,-43.7147918057
1.6230000000,-40.2910195320
1.6240000000,-36.7143034873
1.6250000000,-32.9977715778
1.6260000000,-29.1551175113
1.6270000000,-25.2005516427
1.6280000000,-21.1487495947
1.6290000000,-17.0147988320
1.6300000000,-12.8141433806
1.6310000000,-8.5625268866
1.6320000000,-4.2759342242
1.6330000000,0.0294681382
1.6340000000,4.3373927912
1.6350000000,8.6314928344
1.6360000000,12.8954238914
1.6370000000,17.1129064577
1.6380000000,21.2677883434
1.6390000000,25.3441069716
1.6400000000,29.3261512926
1.6410000000,33.1985230721
1.6420000000,36.9461973141
1.6430000000,40.5545815775
1.6440000000,44.0095739522
1.6450000000,47.2976194595
1.6460000000,50.4057646490
1.6470000000,53.3217101672
1.6480000000,56.0338610810
1.6490000000,58.5313747453
1.6500000000,60.8042060107
1.6510000000,62.8431495801
1.6520000000,64.6398793269
1.6530000000,66.1869844034
1.6540000000,67.4780019746
1.6550000000,68.5074464295
1.6560000000,69.2708349287
1.6570000000,69.7647091665
1.6580000000,69.9866532354
1.6590000000,69.9353074969
1.6600000000,69.6103783775
1.6610000000,69.0126440249
1.6620000000,68.1439557740
1.6630000000,67.0072353882
1.6640000000,65.6064680618
1.6650000000,63.9466911797
1.6660000000,62.0339788530
1.6670000000,59.8754222644
1.6680000000,57.4791058714
1.6690000000,54.8540795379
1.6700000000,52.0103266755
1.6710000000,48.9587284974
1.6720000000,45.7110245007
1.6730000000,42.2797693116
1.6740000000,38.6782860409
1.6750000000,34.9206163147
1.6760000000,31.0214671597
1.6770000000,26.9961549340
1.6780000000,22.8605465115
1.6790000000,18.6309979373
1.6800000000,14.3242907863
1.6810000000,9.9575664655
1.6820000000,5.5482587131
1.6830000000,1.1140245556
1.6840000000,-3.3273260083
1.6850000000,-7.7579013181
1.6860000000,-12.1598000759
1.6870000000,-16.5151837937
1.6880000000,-20.8063493736
1.6890000000,-25.0158015249
1.6900000000,-29.1263247216
1.6910000000,-33.1210544042
1.6920000000,-36.9835471276
1.6930000000,-40.6978493641
1.6940000000,-44.2485646679
1.6950000000,-47.6209189158
1.6960000000,-50.8008233442
1.6970000000,-53.7749351077
1.6980000000,-56.5307150943
1.6990000000,-59.0564827408
1.7000000000,-61.3414676031
1.7010000000,-63.3758574464
1.7020000000,-65.1508426348
1.7030000000,-66.6586566118
1.7040000000,-67.8926122780
1.7050000000,-68.8471340901
1.7060000000,-69.5177857184
1.7070000000,-69.9012931196
1.7080000000,-69.9955629001
1.7090000000,-69.7996958609
1.7100000000,-69.3139956382
1.7110000000,-68.5399723713
1.7120000000,-67.4803413502
1.7130000000,-66.1390166167
1.7140000000,-64.5210995134
1.7150000000,-62.6328621953
1.7160000000,-60.4817261428
1.7170000000,-58.0762357323
1.7180000000,-55.4260269459
1.7190000000,-52.5417913205
1.7200000000,-49.4352352567
1.7210000000,-46.1190348328
1.7220000000,-42.6067862838
1.7230000000,-38.9129523284
1.7240000000,-35.0528045464
1.7250000000,-31.0423620243
1.7260000000,-26.8983265072
1.7270000000,-22.6380143116
1.7280000000,-18.2792852666
1.7290000000,-13.8404689704
1.7300000000,-9.3402886584
1.7310000000,-4.7977829938
1.7320000000,-0.2322261030
1.7330000000,4.3369538133
1.7340000000,8.8902569519
1.7350000000,13.4081951154
1.7360000000,17.8713753030
1.7370000000,22.2605833257
1.7380000000,26.5568670869
1.7390000000,30.7416191647
1.7400000000,34.7966583368
1.7410000000,38.7043096860
1.7420000000,42.4474829329
1.7430000000,46.0097486426
1.7440000000,49.3754119625
1.7450000000,52.5295835545
1.7460000000,55.4582473948
1.7470000000,58.1483251276
1.7480000000,60.5877366684
1.7490000000,62.7654567695
1.7500000000,64.6715672758
1.7510000000,66.2973048130
1.7520000000,67.6351036728
1.7530000000,68.6786336753
1.7540000000,69.4228328110
1.7550000000,69.8639344864
1.7560000000,69.9994892194
1.7570000000,69.8283806538
1.7580000000,69.3508357868
1.7590000000,68.5684293282
1.7600000000,67.4840821345
1.7610000000,66.1020536894
1.7620000000,64.4279286245
1.7630000000,62.4685973050
1.7640000000,60.2322305276
1.7650000000,57.7282484081
1.7660000000,54.9672835588
1.7670000000,51.9611386865
1.7680000000,48.7227387639
1.7690000000,45.2660779542
1.7700000000,41.6061614946
1.7710000000,37.7589427664
1.7720000000,33.7412558039
1.7730000000,29.5707435178
1.7740000000,25.2657819263
1.7750000000,20.8454007121
1.7760000000,16.3292004395
1.7770000000,11.7372667826
1.7780000000,7.0900821350
1.7790000000,2.4084349824
1.7800000000,-2.2866725653
1.7810000000,-6.9741186753
1.7820000000,-11.6327567099
1.7830000000,-16.2415107377
1.7840000000,-20.7794712066
1.7850000000,-25.2259903460
1.7860000000,-29.5607768606
1.7870000000,-33.7639894823
1.7880000000,-37.8163289444
1.7890000000,-41.6991279488
1.7900000000,-45.3944387036
1.7910000000,-48.8851176141
1.7920000000,-52.1549067226
1.7930000000,-55.1885115032
1.7940000000,-57.9716746317
1.7950000000,-60.4912453672
1.7960000000,-62.7352441986
1.7970000000,-64.6929224303
1.7980000000,-66.3548163990
1.7990000000,-67.7127960414
1.8000000000,-68.7601075510
1.8010000000,-69.4914098917
1.8020000000,-69.9028049615
1.8030000000,-69.9918612273
1.8040000000,-69.7576306811
1.8050000000,-69.2006589979
1.8060000000,-68.3229888074
1.8070000000,-67.1281560211
1.8080000000,-65.6211791900
1.8090000000,-63.8085419004
1.8100000000,-61.6981682475
1.8110000000,-59.2993914591
1.8120000000,-56.6229157750
1.8130000000,-53.6807717198
1.8140000000,-50.4862649386
1.8150000000,-47.0539187975
1.8160000000,-43.3994109803
1.8170000000,-39.5395043442
1.8180000000,-35.4919723251
1.8190000000,-31.2755192122
1.8200000000,-26.9096956364
1.8210000000,-22.4148096448
1.8220000000,-17.8118337540
1.8230000000,-13.1223083997
1.8240000000,-8.3682422181
1.8250000000,-3.5720096142
1.8260000000,1.2437539122
1.8270000000,6.0562581986
1.8280000000,10.8426661130
1.8290000000,15.5802020018
1.8300000000,20.2462603791
1.8310000000,24.8185143400
1.8320000000,29.2750231755
1.8330000000,33.5943386703
1.8340000000,37.7556095651
1.8350000000,41.7386836701
1.8360000000,45.5242071259
1.8370000000,49.0937203158
1.8380000000,52.4297499480
1.8390000000,55.5158968410
1.8400000000,58.3369189612
1.8410000000,60.8788092850
1.8420000000,63.1288680757
1.8430000000,65.0757691929
1.8440000000,66.7096200769
1.8450000000,68.0220150788
1.8460000000,69.0060818380
1.8470000000,69.6565204399
1.8480000000,69.9696351188
1.8490000000,69.9433583095
1.8500000000,69.5772668819
1.8510000000,68.8725904344
1.8520000000,67.8322115583
1.8530000000,66.4606580226
1.8540000000,64.7640868716
1.8550000000,62.7502604635
1.8560000000,60.4285145204
1.8570000000,57.8097183002
1.8580000000,54.9062270376
1.8590000000,51.7318268457
1.8600000000,48.3016723018
1.8610000000,44.6322169852
1.8620000000,40.7411372674
1.8630000000,36.6472496911
1.8640000000,32.3704223112
1.8650000000,27.9314804000
1.8660000000,23.3521069523
1.8670000000,18.6547384544
1.8680000000,13.8624564064
1.8690000000,8.9988751143
1.8700000000,4.0880262882
1.8710000000,-0.8457589954
1.8720000000,-5.7779703936
1.8730000000,-10.6840398711
1.8740000000,-15.5394641471
1.8750000000,-20.3199274078
1.8760000000,-25.0014236701
1.8770000000,-29.5603781791
1.8780000000,-33.9737672245
1.8790000000,-38.2192357628
1.8800000000,-42.2752122402
1.8810000000,-46.1210200206
1.8820000000,-49.7369848359
1.8830000000,-53.1045376927
1.8840000000,-56.2063126879
1.8850000000,-59.0262392082
1.8860000000,-61.5496280124
1.8870000000,-63.7632507251
1.8880000000,-65.6554122985
1.8890000000,-67.2160160331
1.8900000000,-68.4366207822
1.8910000000,-69.3104900041
1.8920000000,-69.8326323636
1.8930000000,-69.9998336256
1.8940000000,-69.8106796287
1.8950000000,-69.2655701673
1.8960000000,-68.3667236600
1.8970000000,-67.1181725253
1.8980000000,-65.5257492354
1.8990000000,-63.5970630654
1.9000000000,-61.3414676031
1.9010000000,-58.7700191335
1.9020000000,-55.8954260601
1.9030000000,-52.7319895710
1.9040000000,-49.2955358069
1.9050000000,-45.6033398314
1.9060000000,-41.6740417511
1.9070000000,-37.5275553738
1.9080000000,-33.1849698362
1.9090000000,-28.6684446713
1.9100000000,-24.0010988224
1.9110000000,-19.2068941480
1.9120000000,-14.3105139912
1.9130000000,-9.3372374193
1.9140000000,-4.3128097645
1.9150000000,0.7366898776
1.9160000000,5.7849835180
1.9170000000,10.8057308185
1.9180000000,15.7726666049
1.9190000000,20.6597386326
1.9200000000,25.4412448821
1.9210000000,30.0919696611
1.9220000000,34.5873177879
1.9230000000,38.9034461394
1.9240000000,43.0173918550
1.9250000000,46.9071964980
1.9260000000,50.5520254986
1.9270000000,53.9322822161
1.9280000000,57.0297159874
1.9290000000,59.8275235538
1.9300000000,62.3104432906
1.9310000000,64.4648416963
1.9320000000,66.2787916391
1.9330000000,67.7421418953
1.9340000000,68.8465775612
1.9350000000,69.5856709622
1.9360000000,69.9549227346
1.9370000000,69.9517928043
1.9380000000,69.5757210380
1.9390000000,68.8281373996
1.9400000000,67.7124614950
1.9410000000,66.2340914508
1.9420000000,64.4003821224
1.9430000000,62.2206126913
1.9440000000,59.7059437641
1.9450000000,56.8693641451
1.9460000000,53.7256275125
1.9470000000,50.2911792805
1.9480000000,46.5840739900
1.9490000000,42.6238836190
1.9500000000,38.4315972599
1.9510000000,34.0295126575
1.9520000000,29.4411201517
1.9530000000,24.6909796113
1.9540000000,19.8045909905
1.9550000000,14.8082591752
1.9560000000,9.7289538250
1.9570000000,4.5941649464
1.9580000000,-0.5682450379
1.9590000000,-5.7301919336
1.9600000000,-10.8635223254
1.9610000000,-15.9401672081
1.9620000000,-20.9322958614
1.9630000000,-25.8124691261
1.9640000000,-30.5537912348
1.9650000000,-35.1300593547
1.9660000000,-39.5159100070
1.9670000000,-43.6869615360
1.9680000000,-47.6199518226
1.9690000000,-51.2928704529
1.9700000000,-54.6850845816
1.9710000000,-57.7774577570
1.9720000000,-60.5524610118
1.9730000000,-62.9942755586
1.9740000000,-65.0888864747
1.9750000000,-66.8241668048
1.9760000000,-68.1899515596
1.9770000000,-69.1781011436
1.9780000000,-69.7825537982
1.9790000000,-69.9993667073
1.9800000000,-69.8267454719
1.9810000000,-69.2650617250
1.9820000000,-68.3168587219
1.9830000000,-66.9868448076
1.9840000000,-65.2818747305
1.9850000000,-63.2109188404
1.9860000000,-60.7850202760
1.9870000000,-58.0172403152
1.9880000000,-54.9225921326
1.9890000000,-51.5179632705
1.9900000000,-47.8220271994
1.9910000000,-43.8551444075
1.9920000000,-39.6392535186
1.9930000000,-35.1977530006
1.9940000000,-30.5553740822
1.9950000000,-25.7380455486
1.9960000000,-20.7727511397
1.9970000000,-15.6873803194
1.9980000000,-10.5105732276
1.9990000000,-5.2715606658
2.0000000000,-0.0000000000
2.0010000000,5.2741921062
2.0020000000,10.5210091895
2.0030000000,15.7105257617
2.0040000000,20.8130683898
2.0050000000,25.7993861049
2.0060000000,30.6408191592
2.0070000000,35.3094651539
2.0080000000,39.7783415696
2.0090000000,44.0215437457
2.0100000000,48.0143973742
2.0110000000,51.7336046001
2.0120000000,55.1573828516
2.0130000000,58.2655955572
2.0140000000,61.0398739531
2.0150000000,63.4637292254
2.0160000000,65.5226542861
2.0170000000,67.2042145374
2.0180000000,68.4981270358
2.0190000000,69.3963275358
2.0200000000,69.8930249548
2.0210000000,69.9847428756
2.0220000000,69.6703477733
2.0230000000,68.9510637305
2.0240000000,67.8304734800
2.0250000000,66.3145056967
2.0260000000,64.4114085351
2.0270000000,62.1317094956
2.0280000000,59.4881617776
2.0290000000,56.4956773625
2.0300000000,53.1712471455
2.0310000000,49.5338485163
2.0320000000,45.6043408635
2.0330000000,41.4053495511
2.0340000000,36.9611389906
2.0350000000,32.2974754950
2.0360000000,27.4414806712
2.0370000000,22.4214761644
2.0380000000,17.2668206271
2.0390000000,12.0077398336
2.0400000000,6.6751509122
2.0410000000,1.3004817041
2.0420000000,-4.0845137047
2.0430000000,-9.4479422021
2.0440000000,-14.7579605214
2.0450000000,-19.9829646491
2.0460000000,-25.0917786434
2.0470000000,-30.0538417337
2.0480000000,-34.8393925749
2.0490000000,-39.4196495387
2.0500000000,-43.7669859435
2.0510000000,-47.8550991448
2.0520000000,-51.6591724401
2.0530000000,-55.1560287785
2.0540000000,-58.3242753066
2.0550000000,-61.1444378337
2.0560000000,-63.5990843524
2.0570000000,-65.6729368122
2.0580000000,-67.3529704083
2.0590000000,-68.6284997209
2.0600000000,-69.4912511129
2.0610000000,-69.9354208756
2.0620000000,-69.9577186935
2.0630000000,-69.5573960870
2.0640000000,-68.7362595799
2.0650000000,-67.4986684299
2.0660000000,-65.8515168548
2.0670000000,-63.8042007775
2.0680000000,-61.3685692124
2.0690000000,-58.5588605056
2.0700000000,-55.3916237376
2.0710000000,-51.8856256901
2.0720000000,-48.0617438679
2.0730000000,-43.9428461566
2.0740000000,-39.5536577812
2.0750000000,-34.9206163147
2.0760000000,-30.0717155620
2.0770000000,-25.0363392186
2.0780000000,-19.8450852727
2.0790000000,-14.5295821822
2.0800000000,-9.1222979143
2.0810000000,-3.6563429876
2.0820000000,1.8347312992
2.0830000000,7.3171382332
2.0840000000,12.7570633948
2.0850000000,18.1208734354
2.0860000000,23.3753246379
2.0870000000,28.4877699647
2.0880000000,33.4263633016
2.0890000000,38.1602596124
2.0900000000,42.6598097412
2.0910000000,46.8967486172
2.0920000000,50.8443756600
2.0930000000,54.4777262153
2.0940000000,57.7737329057
2.0950000000,60.7113758358
2.0960000000,63.2718206520
2.0970000000,65.4385435316
2.0980000000,67.1974422464
2.0990000000,68.5369325338
2.1000000000,69.4480290920
2.1010000000,69.9244106099
2.1020000000,69.9624683392
2.1030000000,69.5613378164
2.1040000000,68.7229134467
2.1050000000,67.4518457683
2.1060000000,65.7555213232
2.1070000000,63.6440251706
2.1080000000,61.1300861899
2.1090000000,58.2290054286
2.1100000000,54.9585678621
2.1110000000,51.3389380357
2.1120000000,47.3925401705
2.1130000000,43.1439234111
2.1140000000,38.6196129965
2.1150000000,33.8479482273
2.1160000000,28.8589081937
2.1170000000,23.6839263115
2.1180000000,18.3556947921
2.1190000000,12.9079602435
2.1200000000,7.3753116643
2.1210000000,1.7929621473
2.1220000000,-3.8034743401
2.1230000000,-9.3782096928
2.1240000000,-14.8955104853
2.1250000000,-20.3199274078
2.1260000000,-25.6165238517
2.1270000000,-30.7511021649
2.1280000000,-35.6904261089
2.1290000000,-40.4024380628
2.1300000000,-44.8564695441
2.1310000000,-49.0234436509
2.1320000000,-52.8760680760
2.1330000000,-56.3890173915
2.1340000000,-59.5391033706
2.1350000000,-62.3054321773
2.1360000000,-64.6695473364
2.1370000000,-66.6155574818
2.1380000000,-68.1302479736
2.1390000000,-69.2031755729
2.1400000000,-69.8267454719
2.1410000000,-69.9962700840
2.1420000000,-69.7100091178
2.1430000000,-68.9691905757
2.1440000000,-67.7780124425
2.1450000000,-66.1436249528
2.1460000000,-64.0760934540
2.1470000000,-61.5883420096
2.1480000000,-58.6960780124
2.1490000000,-55.4176982079
2.1500000000,-51.7741766485
2.1510000000,-47.7889352249
2.1520000000,-43.4876975384
2.1530000000,-38.8983269923
2.1540000000,-34.0506500906
2.1550000000,-28.9762660366
2.1560000000,-23.7083438194
2.1570000000,-18.2814080696
2.1580000000,-12.7311150435
2.1590000000,-7.0940201734
2.1600000000,-1.4073386828
2.1610000000,4.2912991780
2.1620000000,9.9640966750
2.1630000000,15.5733412777
2.1640000000,21.0816558302
2.1650000000,26.4522485340
2.1660000000,31.6491600672
2.1670000000,36.6375061759
2.1680000000,41.3837140897
2.1690000000,45.8557511498
2.1700000000,50.0233440776
2.1710000000,53.8581873652
2.1720000000,57.3341393342
2.1730000000,60.4274044833
2.1740000000,63.1167008289
2.1750000000,65.3834110356
2.1760000000,67.2117162369
2.1770000000,68.5887115566
2.1780000000,69.5045024569
2.1790000000,69.9522811671
2.1800000000,69.9283825745
2.1810000000,69.4323190952
2.1820000000,68.4667941830
2.1830000000,67.0376942765
2.1840000000,65.1540591302
2.1850000000,62.8280306224
2.1860000000,60.0747802788
2.1870000000,56.9124158979
2.1880000000,53.3618678097
2.1890000000,49.4467554386
2.1900000000,45.1932349843
2.1910000000,40.6298291634
2.1920000000,35.7872400878
2.1930000000,30.6981464730
2.1940000000,25.3969864887
2.1950000000,19.9197276662
2.1960000000,14.3036253767
2.1970000000,8.5869714826
2.1980000000,2.8088348384
2.1990000000,-2.9912046127
2.2000000000,-8.7733263495
2.2010000000,-14.4977425476
2.2020000000,-20.1249722491
2.2030000000,-25.6161145368
2.2040000000,-30.9331188219
2.2050000000,-36.0390503594
2.2060000000,-40.8983491315
2.2070000000,-45.4770802691
2.2080000000,-49.7431742352
2.2090000000,-53.6666550495
2.2100000000,-57.2198549104
2.2110000000,-60.3776136533
2.2120000000,-63.1174615809
2.2130000000,-65.4197843101
2.2140000000,-67.2679683950
2.2150000000,-68.6485266151
2.2160000000,-69.5512019520
2.2170000000,-69.9690494206
2.2180000000,-69.8984950741
2.2190000000,-69.3393716541
2.2200000000,-68.2949305203
2.2210000000,-66.7718296603
2.2220000000,-64.7800977411
2.2230000000,-62.3330743407
2.2240000000,-59.4473266581
2.2250000000,-56.1425431752
2.2260000000,-52.4414049033
2.2270000000,-48.3694350126
2.2280000000,-43.9548278007
2.2290000000,-39.2282581040
2.2300000000,-34.2226724059
2.2310000000,-28.9730630291
2.2320000000,-23.5162269292
2.2330000000,-17.8905107234
2.2340000000,-12.1355436984
2.2350000000,-6.2919606323
2.2360000000,-0.4011163548
2.2370000000,5.4952059656
2.2380000000,11.3550907596
2.2390000000,17.1367881295
2.2400000000,22.7990119407
2.2410000000,28.3012358030
2.2420000000,33.6039848132
2.2430000000,38.6691209529
2.2440000000,43.4601200647
2.2450000000,47.9423383797
2.2460000000,52.0832666336
2.2470000000,55.8527698851
2.2480000000,59.2233112419
2.2490000000,62.1701578072
2.2500000000,64.6715672758
2.2510000000,66.7089537400
2.2520000000,68.2670314084
2.2530000000,69.3339350911
2.2540000000,69.9013164670
2.2550000000,69.9644153192
2.2560000000,69.5221050994
2.2570000000,68.5769123677
2.2580000000,67.1350098360
2.2590000000,65.2061829410
2.2600000000,62.8037700557
2.2610000000,59.9445766502
2.2620000000,56.6487638958
2.2630000000,52.9397124012
2.2640000000,48.8438619530
2.2650000000,44.3905283126
2.2660000000,39.6116982951
2.2670000000,34.5418045244
2.2680000000,29.2174814116
2.2690000000,23.6773040534
2.2700000000,17.9615118801
2.2710000000,12.1117190080
2.2720000000,6.1706133559
2.2730000000,0.1816466834
2.2740000000,-5.8112822130
2.2750000000,-11.7641488486
2.2760000000,-17.6331265971
2.2770000000,-23.3749100617
2.2780000000,-28.9470358809
2.2790000000,-34.3081985889
2.2800000000,-39.4185591714
2.2810000000,-44.2400439969
2.2820000000,-48.7366318637
2.2830000000,-52.8746269792
2.2840000000,-56.6229157750
2.2850000000,-59.9532055760
2.2860000000,-62.8402432603
2.2870000000,-65.2620121878
2.2880000000,-67.1999058262
2.2890000000,-68.6388766688
2.2900000000,-69.5675592142
2.2910000000,-69.9783659659
2.2920000000,-69.8675556028
2.2930000000,-69.2352726800
2.2940000000,-68.0855584235
2.2950000000,-66.4263324000
2.2960000000,-64.2693450599
2.2970000000,-61.6301013687
2.2980000000,-58.5277559619
2.2990000000,-54.9849804763
2.3000000000,-51.0278039195
2.3010000000,-46.6854271537
2.3020000000,-41.9900127647
2.3030000000,-36.9764517861
2.3040000000,-31.6821089257
2.3050000000,-26.1465481200
2.3060000000,-20.4112403944
2.3070000000,-14.5192561581
2.3080000000,-8.5149441895
2.3090000000,-2.4435996819
2.3100000000,3.6488761831
2.3110000000,9.7163225901
2.3120000000,15.7126687668
2.3130000000,21.5922843407
2.3140000000,27.3103277089
2.3150000000,32.8230897581
2.3160000000,38.0883302912
2.3170000000,43.0656045555
2.3180000000,47.7165773334
2.3190000000,52.0053221320
2.3200000000,55.8986031123
2.3210000000,59.3661375166
2.3220000000,62.3808364874
2.3230000000,64.9190223308
2.3240000000,66.9606204403
2.3250000000,68.4893242886
2.3260000000,69.4927320884
2.3270000000,69.9624539371
2.3280000000,69.8941884793
2.3290000000,69.2877683509
2.3300000000,68.1471739078
2.3310000000,66.4805149815
2.3320000000,64.2999806529
2.3330000000,61.6217572805
2.3340000000,58.4659152699
2.3350000000,54.8562653121
2.3360000000,50.8201850653
2.3370000000,46.3884174837
2.3380000000,41.5948422290
2.3390000000,36.4762218156
2.3400000000,31.0719243459
2.3410000000,25.4236248872
2.3420000000,19.5749877189
2.3430000000,13.5713318377
2.3440000000,7.4592822592
2.3450000000,1.2864097720
2.3460000000,-4.8991380892
2.3470000000,-11.0490120020
2.3480000000,-17.1150388360
2.3490000000,-23.0495997020
2.3500000000,-28.8060051024
2.3510000000,-34.3388642206
2.3520000000,-39.6044454190
2.3530000000,-44.5610250634
2.3540000000,-49.1692218747
2.3550000000,-53.3923140997
2.3560000000,-57.1965369210
2.3570000000,-60.5513576613
2.3580000000,-63.4297265045
2.3590000000,-65.8083006360
2.3600000000,-67.6676398998
2.3610000000,-68.9923722934
2.3620000000,-69.7713278427
2.3630000000,-69.9976396494
2.3640000000,-69.6688111533
2.3650000000,-68.7867489179
2.3660000000,-67.3577605180
2.3670000000,-65.3925173821
2.3680000000,-62.9059827246
2.3690000000,-59.9173049787
2.3700000000,-56.4496774223
2.3710000000,-52.5301649596
2.3720000000,-48.1894992932
2.3730000000,-43.4618439786
2.3740000000,-38.3845311044
2.3750000000,-32.9977715778
2.3760000000,-27.3443412186
2.3770000000,-21.4692450704
2.3780000000,-15.4193625281
2.3790000000,-9.2430760472
2.3800000000,-2.9898863485
2.3810000000,3.2899828408
2.3820000000,9.5459873719
2.3830000000,15.7276693680
2.3840000000,21.7850647585
2.3850000000,27.6691083640
2.3860000000,33.3320332399
2.3870000000,38.7277610189
2.3880000000,43.8122800464
2.3890000000,48.5440081820
2.3900000000,52.8841372532
2.3910000000,56.7969562751
2.3920000000,60.2501507093
2.3930000000,63.2150752168
2.3940000000,65.6669975581
2.3950000000,67.5853115212
2.3960000000,68.9537169952
2.3970000000,69.7603655687
2.3980000000,69.9979703043
2.3990000000,69.6638786257
2.4000000000,68.7601075510
2.4010000000,67.2933408122
2.4020000000,65.2748877075
2.4030000000,62.7206038495
2.4040000000,59.6507742870
2.4050000000,56.0899597857
2.4060000000,52.0668073681
2.4070000000,47.6138265060
2.4080000000,42.7671326548
2.4090000000,37.5661600958
2.4100000000,32.0533463173
2.4110000000,26.2737904114
2.4120000000,20.2748881944
2.4130000000,14.1059469637
2.4140000000,7.8177829899
2.4150000000,1.4623050022
2.4160000000,-4.9079129398
2.4170000000,-11.2400656908
2.4180000000,-17.4815548028
2.4190000000,-23.5804262208
2.4200000000,-29.4858042490
2.4210000000,-35.1483181516
2.4220000000,-40.5205178002
2.4230000000,-45.5572748468
2.4240000000,-50.2161660078
2.4250000000,-54.4578351715
2.4260000000,-58.2463312051
2.4270000000,-61.5494185215
2.4280000000,-64.3388576795
2.4290000000,-66.5906535288
2.4300000000,-68.2852686681
2.4310000000,-69.4078002684
2.4320000000,-69.9481186056
2.4330000000,-69.9009659661
2.4340000000,-69.2660149107
2.4350000000,-68.0478852238
2.4360000000,-66.2561192162
2.4370000000,-63.9051154023
2.4380000000,-61.0140209247
2.4390000000,-57.6065834478
2.4400000000,-53.7109635920
2.4410000000,-49.3595093179
2.4420000000,-44.5884940024
2.4430000000,-39.4378202640
2.4440000000,-33.9506918975
2.4450000000,-28.1732565626
2.4460000000,-22.1542221333
2.4470000000,-15.9444498536
2.4480000000,-9.5965276627
2.4490000000,-3.1643272363
2.4500000000,3.2974515497
2.4510000000,9.7337448987
2.4520000000,16.0895941891
2.4530000000,22.3106158950
2.4540000000,28.3434683122
2.4550000000,34.1363110792
2.4560000000,39.6392535186
2.4570000000,44.8047879022
2.4580000000,49.5882038530
2.4590000000,53.9479802353
2.4600000000,57.8461510634
2.4610000000,61.2486421609
2.4620000000,64.1255755402
2.4630000000,66.4515387327
2.4640000000,68.2058165884
2.4650000000,69.3725833759
2.4660000000,69.9410533443
2.4670000000,69.9055882588
2.4680000000,69.2657607880
2.4690000000,68.0263729947
2.4700000000,66.1974295712
2.4710000000,63.7940658485
2.4720000000,60.8364310036
2.4730000000,57.3495272797
2.4740000000,53.3630064228
2.4750000000,48.9109249162
2.4760000000,44.0314599620
2.4770000000,38.7665885118
2.4780000000,33.1617319841
2.4790000000,27.2653696184
2.4800000000,21.1286237065
2.4810000000,14.8048202056
2.4820000000,8.3490284697
2.4830000000,1.8175840414
2.4840000000,-4.7324013879
2.4850000000,-11.2435386035
2.4860000000,-17.6586637382
2.4870000000,-23.9213409855
2.4880000000,-29.9763607325
2.4890000000,-35.7702287058
2.4900000000,-41.2516417796
2.4910000000,-46.3719461920
2.4920000000,-51.0855740464
2.4930000000,-55.3504541466
2.4940000000,-59.1283934202
2.4950000000,-62.3854254262
2.4960000000,-65.0921227145
2.4970000000,-67.2238701109
2.4980000000,-68.7610963308
2.4990000000,-69.6894616828
2.5000000000,-70.0000000000
2.5010000000,-69.6892133368
2.5020000000,-68.7591183803
2.5030000000,-67.2172439493
2.5040000000,-65.0765793899
2.5050000000,-62.3554741098
2.5060000000,-59.0774889346
2.5070000000,-55.2712004010
2.5080000000,-50.9699595302
2.5090000000,-46.2116070396
2.5100000000,-41.0381473510
2.5110000000,-35.4953841359
2.5120000000,-29.6325204981
2.5130000000,-23.5017272259
2.5140000000,-17.1576828520
2.5150000000,-10.6570895335
2.5160000000,-4.0581689996
2.5170000000,2.5798569806
2.5180000000,9.1972969977
2.5190000000,15.7345265324
2.5200000000,22.1325258020
2.5210000000,28.3334140711
2.5220000000,34.2809755800
2.5230000000,39.9211722981
2.5240000000,45.2026388009
2.5250000000,50.0771547099
2.5260000000,54.5000903126
2.5270000000,58.4308212017
2.5280000000,61.8331080331
2.5290000000,64.6754377987
2.5300000000,66.9313233405
2.5310000000,68.5795582008
2.5320000000,69.6044242880
2.5330000000,69.9958502626
2.5340000000,69.7495189816
2.5350000000,68.8669227997
2.5360000000,67.3553659950
2.5370000000,65.2279140663
2.5380000000,62.5032901376
2.5390000000,59.2057191865
2.5400000000,55.3647213007
2.5410000000,51.0148556369
2.5420000000,46.1954172203
2.5430000000,40.9500891662
2.5440000000,35.3265533299
2.5450000000,29.3760627877
2.5460000000,23.1529799223
2.5470000000,16.7142842226
2.5480000000,10.1190542070
2.5490000000,3.4279281423
2.5500000000,-3.2974515497
2.5510000000,-9.9950051312
2.5520000000,-16.6027884356
2.5530000000,-23.0595665215
2.5540000000,-29.3053827808
2.5550000000,-35.2821182015
2.5560000000,-40.9340355495
2.5570000000,-46.2083033506
2.5580000000,-51.0554947105
2.5590000000,-55.4300562256
2.5600000000,-59.2907424862
2.5610000000,-62.6010119765
2.5620000000,-65.3293805115
2.5630000000,-67.4497287285
2.5640000000,-68.9415605652
2.5650000000,-69.7902100943
2.5660000000,-69.9869945602
2.5670000000,-69.5293119519
2.5680000000,-68.4206819610
2.5690000000,-66.6707296970
2.5700000000,-64.2951120673
2.5710000000,-61.3153872681
2.5720000000,-57.7588283689
2.5730000000,-53.6581825048
2.5740000000,-49.0513777103
2.5750000000,-43.9811799346
2.5760000000,-38.4948032566
2.5770000000,-32.6434767801
2.5780000000,-26.4819721133
2.5790000000,-20.0680957290
2.5800000000,-13.4621508595
2.5810000000,-6.7263738874
2.5820000000,0.0756495364
2.5830000000,6.8795831983
2.5840000000,13.6209482346
2.5850000000,20.2357345176
2.5860000000,26.6610097204
2.5870000000,32.8355202592
2.5880000000,38.7002783578
2.5890000000,44.1991295850
2.5900000000,49.2792953717
2.5910000000,53.8918852258
2.5920000000,57.9923736271
2.5930000000,61.5410368940
2.5940000000,64.5033456781
2.5950000000,66.8503091387
2.5960000000,68.5587673003
2.5970000000,69.6116285679
2.5980000000,69.9980498921
2.5990000000,69.7135576100
2.6000000000,68.7601075510
2.6010000000,67.1460835708
2.6020000000,64.8862342683
2.6030000000,62.0015482326
2.6040000000,58.5190687608
2.6050000000,54.4716495790
2.6060000000,49.8976536724
2.6070000000,44.8405978932
2.6080000000,39.3487465522
2.6090000000,33.4746577085
2.6100000000,27.2746863488
2.6110000000,20.8084490887
2.6120000000,14.1382554207
2.6130000000,7.3285108860
2.6140000000,0.4450978478
2.6150000000,-6.4452602144
2.6160000000,-13.2756447754
2.6170000000,-19.9795924576
2.6180000000,-26.4917430323
2.6190000000,-32.7484789042
2.6200000000,-38.6885498064
2.6210000000,-44.2536765464
2.6220000000,-49.3891278174
2.6230000000,-54.0442643226
2.6240000000,-58.1730447530
2.6250000000,-61.7344885044
2.6260000000,-64.6930904177
2.6270000000,-67.0191832756
2.6280000000,-68.6892442792
2.6290000000,-69.6861422595
2.6300000000,-69.9993229462
2.6310000000,-69.6249302131
2.6320000000,-68.5658618368
2.6330000000,-66.8317589472
2.6340000000,-64.4389289950
2.6350000000,-61.4102027192
2.6360000000,-57.7747262496
2.6370000000,-53.5676901282
2.6380000000,-48.8299976645
2.6390000000,-43.6078756537
2.6400000000,-37.9524310708
2.6410000000,-31.9191579098
2.6420000000,-25.5673988497
2.6430000000,-18.9597669017
2.6440000000,-12.1615326167
2.6450000000,-5.2399827984
2.6460000000,1.7362430159
2.6470000000,8.6978317947
2.6480000000,15.5754852709
2.6490000000,22.3006103949
2.6500000000,28.8060051024
2.6510000000,35.0265325307
2.6520000000,40.8997768983
2.6530000000,46.3666744120
2.6540000000,51.3721127858
2.6550000000,55.8654932360
2.6560000000,59.8012491643
2.6570000000,63.1393161476
2.6580000000,65.8455483146
2.6590000000,67.8920767037
2.6600000000,69.2576057618
2.6610000000,69.9276447424
2.6620000000,69.8946714049
2.6630000000,69.1582260864
2.6640000000,67.7249349084
2.6650000000,65.6084615912
2.6660000000,62.8293880684
2.6670000000,59.4150248127
2.6680000000,55.3991525017
2.6690000000,50.8216973537
2.6700000000,45.7283431491
2.6710000000,40.1700836072
2.6720000000,34.2027194145
2.6730000000,27.8863047799
2.6740000000,21.2845489323
2.6750000000,14.4641784590
2.6760000000,7.4942668102
2.6770000000,0.4455376619
2.6780000000,-6.6103508734
2.6790000000,-13.6015339683
2.6800000000,-20.4566723578
2.6810000000,-27.1056817137
2.6820000000,-33.4804516503
2.6830000000,-39.5155469657
2.6840000000,-45.1488838700
2.6850000000,-50.3223741704
2.6860000000,-54.9825306808
2.6870000000,-59.0810274853
2.6880000000,-62.5752091215
2.6890000000,-65.4285432423
2.6900000000,-67.6110118719
2.6910000000,-69.0994369798
2.6920000000,-69.8777367507
2.6930000000,-69.9371096285
2.6940000000,-69.2761439397
2.6950000000,-67.9008516609
2.6960000000,-65.8246256728
2.6970000000,-63.0681206290
2.6980000000,-59.6590583588
2.6990000000,-55.6319595117
2.7000000000,-51.0278039195
2.7010000000,-45.8936229068
2.7020000000,-40.2820275002
2.7030000000,-34.2506771715
2.7040000000,-27.8616943907
2.7050000000,-21.1810308547
2.7060000000,-14.2777917854
2.7070000000,-7.2235251624
2.7080000000,-0.0914831520
2.7090000000,7.0441366824
2.7100000000,14.1089625524
2.7110000000,21.0292239985
2.7120000000,27.7325237417
2.7130000000,34.1485977446
2.7140000000,40.2100554836
2.7150000000,45.8530925989
2.7160000000,51.0181683428
2.7170000000,55.6506405779
2.7180000000,59.7013514915
2.7190000000,63.1271576734
2.7200000000,65.8913987604
2.7210000000,67.9642994713
2.7220000000,69.3233005294
2.7230000000,69.9533147008
2.7240000000,69.8469049445
2.7250000000,69.0043824831
2.7260000000,67.4338234318
2.7270000000,65.1510034840
2.7280000000,62.1792510108
2.7290000000,58.5492197999
2.7300000000,54.2985835161
2.7310000000,49.4716548035
2.7320000000,44.1189327653
2.7330000000,38.2965833324
2.7340000000,32.0658577695
2.7350000000,25.4924552469
2.7360000000,18.6458360310
2.7370000000,11.5984924048
2.7380000000,4.4251849105
2.7390000000,-2.7978480852
2.7400000000,-9.9936991803
2.7410000000,-17.0856105244
2.7420000000,-23.9977934984
2.7430000000,-30.6562407321
2.7440000000,-36.9895217432
2.7450000000,-42.9295536154
2.7460000000,-48.4123383620
2.7470000000,-53.3786589348
2.7480000000,-57.7747262496
2.7490000000,-61.5527700839
2.7500000000,-64.6715672758
2.7510000000,-67.0969012934
2.7520000000,-68.8019479569
2.7530000000,-69.7675828649
2.7540000000,-69.9826068991
2.7550000000,-69.4438870485
2.7560000000,-68.1564106965
2.7570000000,-66.1332524367
2.7580000000,-63.3954534280
2.7590000000,-59.9718142440
2.7600000000,-55.8986031123
2.7610000000,-51.2191823662
2.7620000000,-45.9835568287
2.7630000000,-40.2478487168
2.7640000000,-34.0737044707
2.7650000000,-27.5276396768
2.7660000000,-20.6803289596
2.7670000000,-13.6058483437
2.7680000000,-6.3808781437
2.7690000000,0.9161250949
2.7700000000,8.2057787004
2.7710000000,15.4086368430
2.7720000000,22.4460569967
2.7730000000,29.2410604460
2.7740000000,35.7191774077
2.7750000000,41.8092674633
2.7760000000,47.4443062220
2.7770000000,52.5621294656
2.7780000000,57.1061264466
2.7790000000,61.0258745359
2.7800000000,64.2777080177
2.7810000000,66.8252145245
2.7820000000,68.6396533669
2.7830000000,69.7002908475
2.7840000000,69.9946485381
2.7850000000,69.5186614418
2.7860000000,68.2767439384
2.7870000000,66.2817624222
2.7880000000,63.5549145651
2.7890000000,60.1255161693
2.7900000000,56.0306976033
2.7910000000,51.3150128204
2.7920000000,46.0299649459
2.7930000000,40.2334533593
2.7940000000,33.9891480935
2.7950000000,27.3657982049
2.7960000000,20.4364815358
2.7970000000,13.2778039727
2.7980000000,5.9690569084
2.7990000000,-1.4086578848
2.8000000000,-8.7733263495
2.8010000000,-16.0429332920
2.8020000000,-23.1363764721
2.8030000000,-29.9743734480
2.8040000000,-36.4803510182
2.8050000000,-42.5813072539
2.8060000000,-48.2086363729
2.8070000000,-53.2989070784
2.8080000000,-57.7945854623
2.8090000000,-61.6446941553
2.8100000000,-64.8054000800
2.8110000000,-67.2405239317
2.8120000000,-68.9219653571
2.8130000000,-69.8300387240
2.8140000000,-69.9537153525
2.8150000000,-69.2907691188
2.8160000000,-67.8478234107
2.8170000000,-65.6402985210
2.8180000000,-62.6922596835
2.8190000000,-59.0361670767
2.8200000000,-54.7125302378
2.8210000000,-49.7694704177
2.8220000000,-44.2621954705
2.8230000000,-38.2523928767
2.8240000000,-31.8075474588
2.8250000000,-25.0001912263
2.8260000000,-17.9070935977
2.8270000000,-10.6084009558
2.8280000000,-3.1867351148
2.8290000000,4.2737392139
2.8300000000,11.6882674709
2.8310000000,18.9724680430
2.8320000000,26.0432938739
2.8330000000,32.8199819255
2.8340000000,39.2249796113
2.8350000000,45.1848375374
2.8360000000,50.6310582227
2.8370000000,55.5008909244
2.8380000000,59.7380632683
2.8390000000,63.2934410637
2.8400000000,66.1256084638
2.8410000000,68.2013615156
2.8420000000,69.4961090983
2.8430000000,69.9941762911
2.8440000000,69.6890063062
2.8450000000,68.5832582736
2.8460000000,66.6887993493
2.8470000000,64.0265908282
2.8480000000,60.6264691653
2.8490000000,56.5268240211
2.8500000000,51.7741766485
2.8510000000,46.4226631031
2.8520000000,40.5334278785
2.8530000000,34.1739346314
2.8540000000,27.4172016495
2.8550000000,20.3409706218
2.8560000000,13.0268180855
2.8570000000,5.5592196259
2.8580000000,-1.9754224940
2.8590000000,-9.4897771288
2.8600000000,-16.8965959773
2.8610000000,-24.1097275320
2.8620000000,-31.0451214660
2.8630000000,-37.6218117270
2.8640000000,-43.7628668044
2.8650000000,-49.3962959665
2.8660000000,-54.4559007255
2.8670000000,-58.8820613806
2.8680000000,-62.6224492026
2.8690000000,-65.6326556467
2.8700000000,-67.8767309169
2.8710000000,-69.3276252279
2.8720000000,-69.9675272236
2.8730000000,-69.7880951886
2.8740000000,-68.7905779324
2.8750000000,-66.9858235013
2.8760000000,-64.3941751888
2.8770000000,-61.0452556335
2.8780000000,-56.9776411164
2.8790000000,-52.2384294713
2.8800000000,-46.8827062920
2.8810000000,-40.9729153375
2.8820000000,-34.5781401981
2.8830000000,-27.7733053609
2.8840000000,-20.6383058043
2.8850000000,-13.2570751374
2.8860000000,-5.7166030724
2.8870000000,1.8940863344
2.8880000000,9.4849837183
2.8890000000,16.9661583903
2.8900000000,24.2488247045
2.8910000000,31.2463981620
2.8920000000,37.8755286671
2.8930000000,44.0570985686
2.8940000000,49.7171734806
2.8950000000,54.7878943865
2.8960000000,59.2083001775
2.8970000000,62.9250705569
2.8980000000,65.8931801481
2.8990000000,68.0764556605
2.9000000000,69.4480290920
2.9010000000,69.9906811559
2.9020000000,69.6970704084
2.9030000000,68.5698449007
2.9040000000,66.6216345733
2.9050000000,63.8749240312
2.9060000000,60.3618067713
2.9070000000,56.1236233639
2.9080000000,51.2104874929
2.9090000000,45.6807051256
2.9100000000,39.6000933931
2.9110000000,33.0412069976
2.9120000000,26.0824811129
2.9130000000,18.8073007909
2.9140000000,11.3030078169
2.9150000000,3.6598567636
2.9160000000,-4.0300673452
2.9170000000,-11.6739568247
2.9180000000,-19.1794012759
2.9190000000,-26.4555061841
2.9200000000,-33.4139966173
2.9210000000,-39.9702925977
2.9220000000,-46.0445429999
2.9230000000,-51.5626052745
2.9240000000,-56.4569588992
2.9250000000,-60.6675412078
2.9260000000,-64.1424951448
2.9270000000,-66.8388195150
2.9280000000,-68.7229134467
2.9290000000,-69.7710080345
2.9300000000,-69.9694794795
2.9310000000,-69.3150394570
2.9320000000,-67.8147999294
2.9330000000,-65.4862111402
2.9340000000,-62.3568730701
2.9350000000,-58.4642221881
2.9360000000,-53.8550968624
2.9370000000,-48.5851863020
2.9380000000,-42.7183693434
2.9390000000,-36.3259507842
2.9400000000,-29.4858042490
2.9410000000,-22.2814317691
2.9420000000,-14.8009513201
2.9430000000,-7.1360245017
2.9440000000,0.6192626661
2.9450000000,8.3695522231
2.9460000000,16.0193859448
2.9470000000,23.4743818364
2.9480000000,30.6424009437
2.9490000000,37.4346900350
2.9500000000,43.7669859435
2.9510000000,49.5605677696
2.9520000000,54.7432437291
2.9530000000,59.2502601824
2.9540000000,63.0251212919
2.9550000000,66.0203088090
2.9560000000,68.1978926895
2.9570000000,69.5300245478
2.9580000000,69.9993073823
2.9590000000,69.5990365160
2.9600000000,68.3333082737
2.9610000000,66.2169945514
2.9620000000,63.2755830969
2.9630000000,59.5448849914
2.9640000000,55.0706124899
2.9650000000,49.9078320078
2.9660000000,44.1202986227
2.9670000000,37.7796799721
2.9680000000,30.9646788428
2.9690000000,23.7600650598
2.9700000000,16.2556284644
2.9710000000,8.5450658117
2.9720000000,0.7248153045
2.9730000000,-7.1071468039
2.9740000000,-14.8525325640
2.9750000000,-22.4139763139
2.9760000000,-29.6962608035
2.9770000000,-36.6075199975
2.9780000000,-43.0604033266
2.9790000000,-48.9731865706
2.9800000000,-54.2708151703
2.9810000000,-58.8858665524
2.9820000000,-62.7594190169
2.9830000000,-65.8418158648
2.9840000000,-68.0933147163
2.9850000000,-69.4846133820
2.9860000000,-69.9972451730
2.9870000000,-69.6238381605
2.9880000000,-68.3682345965
2.9890000000,-66.2454684658
2.9900000000,-63.2816009304
2.9910000000,-59.5134152348
2.9920000000,-54.9879744319
2.9930000000,-49.7620470511
2.9940000000,-43.9014075318
2.9950000000,-37.4800198737
2.9960000000,-30.5791144779
2.9970000000,-23.2861695611
2.9980000000,-15.6938097902
2.9990000000,-7.8986359005
3.0000000000,-0.0000000000
3.0010000000,7.9012579790
3.0020000000,15.7040966535
3.0030000000,23.3085660016
3.0040000000,30.6170900700
3.0050000000,37.5357230942
3.0060000000,43.9753628163
3.0070000000,49.8529052679
3.0080000000,55.0923259654
3.0090000000,59.6256733502
3.0100000000,63.3939613718
3.0110000000,66.3479493551
3.0120000000,68.4487986935
3.0130000000,69.6685974519
3.0140000000,69.9907456322
3.0150000000,69.4101956176
3.0160000000,67.9335441620
3.0170000000,65.5789741943
3.0180000000,62.3760466406
3.0190000000,58.3653444127
3.0200000000,53.5979726336
3.0210000000,48.1349210509
3.0220000000,42.0462964059
3.0230000000,35.4104342427
3.0240000000,28.3129012518
3.0250000000,20.8454007121
3.0260000000,13.1045949081
3.0270000000,5.1908595421
3.0280000000,-2.7930138918
3.0290000000,-10.7431510561
3.0300000000,-18.5559457930
3.0310000000,-26.1294116657
3.0320000000,-33.3645163774
3.0330000000,-40.1664815775
3.0340000000,-46.4460309393
3.0350000000,-52.1205699996
3.0360000000,-57.1152820721
3.0370000000,-61.3641255761
3.0380000000,-64.8107193570
3.0390000000,-67.4091039802
3.0400000000,-69.1243685617
3.0410000000,-69.9331344172
3.0420000000,-69.8238886563
3.0430000000,-68.7971627935
3.0440000000,-66.8655534651
3.0450000000,-64.0535844075
3.0460000000,-60.3974109421
3.0470000000,-55.9443702926
3.0480000000,-50.7523831091
3.0490000000,-44.8892135608
3.0500000000,-38.4315972599
3.0510000000,-31.4642480646
3.0520000000,-24.0787564604
3.0530000000,-16.3723937057
3.0540000000,-8.4468372399
3.0550000000,-0.4068339582
3.0560000000,7.6411811440
3.0570000000,15.5904927925
3.0580000000,23.3355211209
3.0590000000,30.7732264454
3.0600000000,37.8044844117
3.0610000000,44.3354131123
3.0620000000,50.2786343372
3.0630000000,55.5544519190
3.0640000000,60.0919311685
3.0650000000,63.8298646481
3.0660000000,66.7176109845
3.0670000000,68.7157950627
3.0680000000,69.7968597457
3.0690000000,69.9454612101
3.0700000000,69.1587020449
3.0710000000,67.4461984117
3.0720000000,64.8299797713
3.0730000000,61.3442219208
3.0740000000,57.0348163250
3.0750000000,51.9587809393
3.0760000000,46.1835198688
3.0770000000,39.7859412767
3.0780000000,32.8514448988
3.0790000000,25.4727923249
3.0800000000,17.7488748455
3.0810000000,9.7833951013
3.0820000000,1.6834800083
3.0830000000,-6.4417565692
3.0840000000,-14.4826821688
3.0850000000,-22.3306253729
3.0860000000,-29.8793467785
3.0870000000,-37.0264813622
3.0880000000,-43.6749326092
3.0890000000,-49.7341993499
3.0900000000,-55.1216170761
3.0910000000,-59.7634965948
3.0920000000,-63.5961441982
3.0930000000,-66.5667490725
3.0940000000,-68.6341254110
3.0950000000,-69.7692986228
3.0960000000,-69.9559271050
3.0970000000,-69.1905532499
3.0980000000,-67.4826796601
3.0990000000,-64.8546689113
3.1000000000,-61.3414676031
3.1010000000,-56.9901578414
3.1020000000,-51.8593416675
3.1030000000,-46.0183662543
3.1040000000,-39.5463999050
3.1050000000,-32.5313709713
3.1060000000,-25.0687837375
3.1070000000,-17.2604270650
3.1080000000,-9.2129931238
3.1090000000,-1.0366248507
3.1100000000,7.1565881750
3.1110000000,15.2541449527
3.1120000000,23.1446783799
3.1130000000,30.7194894463
3.1140000000,37.8740491403
3.1150000000,44.5094472662
3.1160000000,50.5337680112
3.1170000000,55.8633730303
3.1180000000,60.4240740143
3.1190000000,64.1521781534
3.1200000000,66.9953916035
3.1210000000,68.9135679559
3.1220000000,69.8792908111
3.1230000000,69.8782818015
3.1240000000,68.9096277963
3.1250000000,66.9858235013
3.1260000000,64.1326282112
3.1270000000,60.3887380500
3.1280000000,55.8052776013
3.1290000000,50.4451173589
3.1300000000,44.3820258801
3.1310000000,37.6996678572
3.1320000000,30.4904615204
3.1330000000,22.8543107989
3.1340000000,14.8972294799
3.1350000000,6.7298761806
3.1360000000,-1.5339797226
3.1370000000,-9.7790400209
3.1380000000,-17.8900855074
3.1390000000,-25.7535873206
3.1400000000,-33.2592992530
3.1410000000,-40.3018086579
3.1420000000,-46.7820240712
3.1430000000,-52.6085784668
3.1440000000,-57.6991281549
3.1450000000,-61.9815287221
3.1460000000,-65.3948710584
3.1470000000,-67.8903624155
3.1480000000,-69.4320395597
3.1490000000,-69.9973033921
3.1500000000,-69.5772668819
3.1510000000,-68.1769107550
3.1520000000,-65.8150440717
3.1530000000,-62.5240695672
3.1540000000,-58.3495563882
3.1550000000,-53.3496255900
3.1560000000,-47.5941564301
3.1570000000,-41.1638240644
3.1580000000,-34.1489816806
3.1590000000,-26.6484023638
3.1600000000,-18.7678980409
3.1610000000,-10.6188346655
3.1620000000,-2.3165643559
3.1630000000,6.0212035339
3.1640000000,14.2760694738
3.1650000000,22.3306253729
3.1660000000,30.0701268746
3.1670000000,37.3841324852
3.1680000000,44.1680860693
3.1690000000,50.3248199545
3.1700000000,55.7659569247
3.1710000000,60.4131907417
3.1720000000,64.1994264802
3.1730000000,67.0697638930
3.1740000000,68.9823091979
3.1750000000,69.9088030745
3.1760000000,69.8350552407
3.1770000000,68.7611787115
3.1780000000,66.7016196884
3.1790000000,63.6849819413
3.1800000000,59.7536474936
3.1810000000,54.9631983526
3.1820000000,49.3816469099
3.1830000000,43.0884854176
3.1840000000,36.1735675942
3.1850000000,28.7358378858
3.1860000000,20.8819261661
3.1870000000,12.7246276728
3.1880000000,4.3812897157
3.1890000000,-4.0278718760
3.1900000000,-12.3815024894
3.1910000000,-20.5588598025
3.1920000000,-28.4415609451
3.1930000000,-35.9153004455
3.1940000000,-42.8715139835
3.1950000000,-49.2089636540
3.1960000000,-54.8352214834
3.1970000000,-59.6680293255
3.1980000000,-63.6365149669
3.1990000000,-66.6822462813
3.2000000000,-68.7601075510
3.2010000000,-69.8389845990
3.2020000000,-69.9022481007
3.2030000000,-68.9480273448
3.2040000000,-66.9892697318
3.2050000000,-64.0535844075
3.2060000000,-60.1828715719
3.2070000000,-55.4327421385
3.2080000000,-49.8717355032
3.2090000000,-43.5803461648
3.2100000000,-36.6498727781
3.2110000000,-29.1811058773
3.2120000000,-21.2828729339
3.2130000000,-13.0704615830
3.2140000000,-4.6639437192
3.2150000000,3.8135752849
3.2160000000,12.2377567924
3.2170000000,20.4848522686
3.2180000000,28.4335230773
3.2190000000,35.9666299273
3.2200000000,42.9729655273
3.2210000000,49.3489047388
3.2220000000,54.9999476278
3.2230000000,59.8421322947
3.2240000000,63.8032961942
3.2250000000,66.8241668048
3.2260000000,68.8592649523
3.2270000000,69.8776067974
3.2280000000,69.8631934149
3.2290000000,68.8152799961
3.2300000000,66.7484199347
3.2310000000,63.6922823778
3.2320000000,59.6912451735
3.2330000000,54.8037684907
3.2340000000,49.1015576637
3.2350000000,42.6685269797
3.2360000000,35.5995791352
3.2370000000,27.9992178878
3.2380000000,19.9800139843
3.2390000000,11.6609467108
3.2400000000,3.1656453558
3.2410000000,-5.3794435335
3.2420000000,-13.8469360110
3.2430000000,-22.1104098024
3.2440000000,-30.0462942848
3.2450000000,-37.5357230942
3.2460000000,-44.4663215266
3.2470000000,-50.7339017614
3.2480000000,-56.2440402099
3.2490000000,-60.9135129545
3.2500000000,-64.6715672758
3.2510000000,-67.4610096372
3.2520000000,-69.2390931726
3.2530000000,-69.9781906683
3.2540000000,-69.6662421986
3.2550000000,-68.3069699202
3.2560000000,-65.9198560056
3.2570000000,-62.5398832482
3.2580000000,-58.2170414440
3.2590000000,-53.0156062007
3.2600000000,-47.0132002859
3.2610000000,-40.2996509472
3.2620000000,-32.9756597759
3.2630000000,-25.1513045822
3.2640000000,-16.9443953730
3.2650000000,-8.4787088139
3.2660000000,0.1178725007
3.2670000000,8.7152880997
3.2680000000,17.1832660113
3.2690000000,25.3932977611
3.2700000000,33.2205920482
3.2710000000,40.5459773553
3.2720000000,47.2577244086
3.2730000000,53.2532605069
3.2740000000,58.4407492712
3.2750000000,62.7405113141
3.2760000000,66.0862636509
3.2770000000,68.4261583526
3.2780000000,69.7236039239
3.2790000000,69.9578561425
3.2800000000,69.1243685617
3.2810000000,67.2348965160
3.2820000000,64.3173522114
3.2830000000,60.4154122829
3.2840000000,55.5878829966
3.2850000000,49.9078320078
3.2860000000,43.4614991992
3.2870000000,36.3470025635
3.2880000000,28.6728583004
3.2890000000,20.5563372318
3.2900000000,12.1216822365
3.2910000000,3.4982136438
3.2920000000,-5.1816486447
3.2930000000,-13.7844161420
3.2940000000,-22.1775847682
3.2950000000,-30.2316782861
3.2960000000,-37.8222506375
3.2970000000,-44.8318161509
3.2980000000,-51.1516775781
3.2990000000,-56.6836233820
3.3000000000,-61.3414676031
3.3010000000,-65.0524079639
3.3020000000,-67.7581805871
3.3030000000,-69.4159927698
3.3040000000,-69.9992186193
3.3050000000,-69.4978459780
3.3060000000,-67.9186668738
3.3070000000,-65.2852076871
3.3080000000,-61.6373992524
3.3090000000,-57.0309911562
3.3100000000,-51.5367184882
3.3110000000,-45.2392331889
3.3120000000,-38.2358158481
3.3130000000,-30.6348872950
3.3140000000,-22.5543425147
3.3150000000,-14.1197322889
3.3160000000,-5.4623204348
3.3170000000,3.2829534334
3.3180000000,11.9795740983
3.3190000000,20.4915812627
3.3200000000,28.6856971697
3.3210000000,36.4334180055
3.3220000000,43.6130362064
3.3230000000,50.1115617449
3.3240000000,55.8265119309
3.3250000000,60.6675412078
3.3260000000,64.5578848241
3.3270000000,67.4355930832
3.3280000000,69.2545360775
3.3290000000,69.9851623432
3.3300000000,69.6149986816
3.3310000000,68.1488824209
3.3320000000,65.6089215743
3.3330000000,62.0341826233
3.3340000000,57.4801099534
3.3350000000,52.0176852203
3.3360000000,45.7323390670
3.3370000000,38.7226315748
3.3380000000,31.0987215535
3.3390000000,22.9806481959
3.3400000000,14.4964516855
3.3410000000,5.7801620012
3.3420000000,-3.0303126328
3.3430000000,-11.7953644909
3.3440000000,-20.3758979237
3.3450000000,-28.6355387587
3.3460000000,-36.4428064069
3.3470000000,-43.6732140187
3.3480000000,-50.2112630405
3.3490000000,-55.9523000742
3.3500000000,-60.8042060107
3.3510000000,-64.6888899668
3.3520000000,-67.5435635596
3.3530000000,-69.3217744641
3.3540000000,-69.9941819630
3.3550000000,-69.5490612516
3.3560000000,-67.9925275464
3.3570000000,-65.3484754950
3.3580000000,-61.6582339226
3.3590000000,-56.9799405116
3.3600000000,-51.3876455161
3.3610000000,-44.9701579929
3.3620000000,-37.8296522164
3.3630000000,-30.0800558593
3.3640000000,-21.8452451156
3.3650000000,-13.2570751374
3.3660000000,-4.4532769194
3.3670000000,4.4247459672
3.3680000000,13.2341856477
3.3690000000,21.8331268968
3.3700000000,30.0828358420
3.3710000000,37.8500034776
3.3720000000,45.0089076387
3.3730000000,51.4434582576
3.3740000000,57.0490924787
3.3750000000,61.7344885044
3.3760000000,65.4230698588
3.3770000000,68.0542750392
3.3780000000,69.5845712277
3.3790000000,69.9881948039
3.3800000000,69.2576057618
3.3810000000,67.4036477259
3.3820000000,64.4554100127
3.3830000000,60.4597930068
3.3840000000,55.4807829512
3.3850000000,49.5984469997
3.3860000000,42.9076639737
3.3870000000,35.5166106295
3.3880000000,27.5450273024
3.3890000000,19.1222904789
3.3900000000,10.3853231097
3.3910000000,1.4763762364
3.3920000000,-7.4592822592
3.3930000000,-16.2757343231
3.3940000000,-24.8287953024
3.3950000000,-32.9783754882
3.3960000000,-40.5907809041
3.3970000000,-47.5409154623
3.3980000000,-53.7143480826
3.3990000000,-59.0092104419
3.4000000000,-63.3378936726
3.4010000000,-66.6285155052
3.4020000000,-68.8261330153
3.4030000000,-69.8936802196
3.4040000000,-69.8126142133
3.4050000000,-68.5832582736
3.4060000000,-66.2248353037
3.4070000000,-62.7751900624
3.4080000000,-58.2902037558
3.4090000000,-52.8429096506
3.4100000000,-46.5223233401
3.4110000000,-39.4320060553
3.4120000000,-31.6883838984
3.4130000000,-23.4188499960
3.4140000000,-14.7596802653
3.4150000000,-5.8537966881
3.4160000000,3.1515853564
3.4170000000,12.1073870907
3.4180000000,20.8651336282
3.4190000000,29.2794177422
3.4200000000,37.2103192064
3.4210000000,44.5257393797
3.4220000000,51.1036119682
3.4230000000,56.8339527999
3.4240000000,61.6207139958
3.4250000000,65.3834110356
3.4260000000,68.0584948894
3.4270000000,69.6004455252
3.4280000000,69.9825676608
3.4290000000,69.1974745275
3.4300000000,67.2572505655
3.4310000000,64.1932893043
3.4320000000,60.0558080948
3.4330000000,54.9130467757
3.4340000000,48.8501626683
3.4350000000,41.9678394334
3.4360000000,34.3806321786
3.4370000000,26.2150757170
3.4380000000,17.6075869500
3.4390000000,8.7021959225
3.4400000000,-0.3518568955
3.4410000000,-9.4026171528
3.4420000000,-18.2979653135
3.4430000000,-26.8881747955
3.4440000000,-35.0284365213
3.4450000000,-42.5813072539
3.4460000000,-49.4190402148
3.4470000000,-55.4257583098
3.4480000000,-60.4994327933
3.4490000000,-64.5536333486
3.4500000000,-67.5190192920
3.4510000000,-69.3445458753
3.4520000000,-69.9983643745
3.4530000000,-69.4683997627
3.4540000000,-67.7625951570
3.4550000000,-64.9088178368
3.4560000000,-60.9544273508
3.4570000000,-55.9655119589
3.4580000000,-50.0258053119
3.4590000000,-43.2353007462
3.4600000000,-35.7085857712
3.4610000000,-27.5729241736
3.4620000000,-18.9661175566
3.4630000000,-10.0341820049
3.4640000000,-0.9288788534
3.4650000000,8.1948588357
3.4660000000,17.1815605433
3.4670000000,25.8778685695
3.4680000000,34.1351591336
3.4690000000,41.8120894425
3.4700000000,48.7770269703
3.4710000000,54.9103190430
3.4720000000,60.1063633952
3.4730000000,64.2754436272
3.4740000000,67.3452973837
3.4750000000,69.2623895320
3.4760000000,69.9928675775
3.4770000000,69.5231819188
3.4780000000,67.8603592335
3.4790000000,65.0319232032
3.4800000000,61.0854628233
3.4810000000,56.0878546072
3.4820000000,50.1241509732
3.4830000000,43.2961528955
3.4840000000,35.7206904084
3.4850000000,27.5276396768
3.4860000000,18.8577099960
3.4870000000,9.8600381801
3.4880000000,0.6896312630
3.4890000000,-8.4952987907
3.4900000000,-17.5360626368
3.4910000000,-26.2762363906
3.4920000000,-34.5643723392
3.4930000000,-42.2566304917
3.4940000000,-49.2192851304
3.4950000000,-55.3310625193
3.4960000000,-60.4852686955
3.4970000000,-64.5916697563
3.4980000000,-67.5780912153
3.4990000000,-69.3917077576
3.5000000000,-70.0000000000
3.5010000000,-69.3913605675
3.5020000000,-67.5753378372
3.5030000000,-64.5825119667
3.5040000000,-60.4640042108
3.5050000000,-55.2906269306
3.5060000000,-49.1516879927
3.5070000000,-42.1534693400
3.5080000000,-34.4174052818
3.5090000000,-26.0779913896
3.5100000000,-17.2804597137
3.5110000000,-8.1782602543
3.5120000000,1.0696078400
3.5130000000,10.3013690790
3.5140000000,19.3553001822
3.5150000000,28.0725649580
3.5160000000,36.3000058004
3.5170000000,43.8928426687
3.5180000000,50.7172318618
3.5190000000,56.6526391852
3.5200000000,61.5939852031
3.5210000000,65.4535241246
3.5220000000,68.1624224197
3.5230000000,69.6720084225
3.5240000000,69.9546698745
3.5250000000,69.0043824831
3.5260000000,66.8368590180
3.5270000000,63.4893151307
3.5280000000,59.0198548363
3.5290000000,53.5064853319
3.5300000000,47.0457774164
3.5310000000,39.7511941062
3.5320000000,31.7511160009
3.5330000000,23.1865974286
3.5340000000,14.2088922979
3.5350000000,4.9767928133
3.5360000000,-4.3461723137
3.5370000000,-13.5946308559
3.5380000000,-22.6043001622
3.5390000000,-31.2149083470
3.5400000000,-39.2730515954
3.5410000000,-46.6349365469
3.5420000000,-53.1689585805
3.5430000000,-58.7580695664
3.5440000000,-63.3018922300
3.5450000000,-66.7185426394
3.5460000000,-68.9461273922
3.5470000000,-69.9438877624
3.5480000000,-69.6929692771
3.5490000000,-68.1968018058
3.5500000000,-65.4810821581
3.5510000000,-61.5933582691
3.5520000000,-56.6022211832
3.5530000000,-50.5961180937
3.5540000000,-43.6818065403
3.5550000000,-35.9824763732
3.5560000000,-27.6355721534
3.5570000000,-18.7903541578
3.5580000000,-9.6052409914
3.5590000000,-0.2449808950
3.5600000000,9.1222979143
3.5610000000,18.3281051667
3.5620000000,27.2066206068
3.5630000000,35.5976856283
3.5640000000,43.3497004325
3.5650000000,50.3223741704
3.5660000000,56.3892779933
3.5670000000,61.4401543094
3.5680000000,65.3829397815
3.5690000000,68.1454646172
3.5700000000,69.6767964251
3.5710000000,69.9482032235
3.5720000000,68.9537169952
3.5730000000,66.7102863480
3.5740000000,63.2575142498
3.5750000000,58.6569843160
3.5760000000,52.9911866093
3.5770000000,46.3620612201
3.5780000000,38.8891849094
3.5790000000,30.7076326753
3.5800000000,21.9655521313
3.5810000000,12.8214939510
3.5820000000,3.4415462310
3.5830000000,-6.0036756306
3.5840000000,-15.3421291196
3.5850000000,-24.4034785970
3.5860000000,-33.0222060135
3.5870000000,-41.0406414877
3.5880000000,-48.3118581404
3.5890000000,-54.7023778618
3.5900000000,-60.0946379513
3.5910000000,-64.3891727629
3.5920000000,-67.5064695452
3.5930000000,-69.3884634809
3.5940000000,-69.9996434218
3.5950000000,-69.3277468506
3.5960000000,-67.3840300610
3.5970000000,-64.2031072955
3.5980000000,-59.8423604795
3.5990000000,-54.3809290846
3.6000000000,-47.9182974150
3.6010000000,-40.5725040784
3.6020000000,-32.4780054495
3.6030000000,-23.7832314236
3.6040000000,-14.6478775681
3.6050000000,-5.2399827984
3.6060000000,4.2671541577
3.6070000000,13.6981630762
3.6080000000,22.8788367633
3.6090000000,31.6393521566
3.6100000000,39.8174183969
3.6110000000,47.2612934083
3.6120000000,53.8326127403
3.6130000000,59.4089777088
3.6140000000,63.8862541376
3.6150000000,67.1805381968
3.6160000000,69.2297518529
3.6170000000,69.9948371899
3.6180000000,69.4605261967
3.6190000000,67.6356704273
3.6200000000,64.5531230645
3.6210000000,60.2691742224
3.6220000000,54.8625486408
3.6230000000,48.4329831091
3.6240000000,41.0994088537
3.6250000000,32.9977715778
3.6260000000,24.2785287206
3.6270000000,15.1038696722
3.6280000000,5.6447100166
3.6290000000,-3.9224847169
3.6300000000,-13.4189869270
3.6310000000,-22.6671452733
3.6320000000,-31.4937111390
3.6330000000,-39.7330908927
3.6340000000,-47.2304627866
3.6350000000,-53.8446996469
3.6360000000,-59.4510419465
3.6370000000,-63.9434703339
3.6380000000,-67.2367321600
3.6390000000,-69.2679828781
3.6400000000,-69.9980102972
3.6410000000,-69.4120174012
3.6420000000,-67.5199476662
3.6430000000,-64.3563453701
3.6440000000,-59.9797521207
3.6450000000,-54.4716495790
3.6460000000,-47.9349669488
3.6470000000,-40.4921800849
3.6480000000,-32.2830368807
3.6490000000,-23.4619507791
3.6500000000,-14.1951106750
3.6510000000,-4.6573610139
3.6520000000,4.9710895673
3.6530000000,14.5080692594
3.6540000000,23.7728896606
3.6550000000,32.5897727290
3.6560000000,40.7911930578
3.6570000000,48.2210718008
3.6580000000,54.7377611649
3.6590000000,60.2167621473
3.6600000000,64.5531230645
3.6610000000,67.6634723009
3.6620000000,69.4876455038
3.6630000000,69.9898750282
3.6640000000,69.1595176624
3.6650000000,67.0113053785
3.6660000000,63.5851128956
3.6670000000,58.9452450398
3.6680000000,53.1792560647
3.6690000000,46.3963220775
3.6700000000,38.7251963343
3.6710000000,30.3117852484
3.6720000000,21.3163903465
3.6730000000,11.9106679641
3.6740000000,2.2743640594
3.6750000000,-7.4081139622
3.6760000000,-16.9512231737
3.6770000000,-26.1718414624
3.6780000000,-34.8927861079
3.6790000000,-42.9462269230
3.6800000000,-50.1769280636
3.6810000000,-56.4452556732
3.6820000000,-61.6298928139
3.6830000000,-65.6302085589
3.6840000000,-68.3682345965
3.6850000000,-69.7902100943
3.6860000000,-69.8676637528
3.6870000000,-68.5980108009
3.6880000000,-66.0046519645
3.6890000000,-62.1365710117
3.6900000000,-57.0674371550
3.6910000000,-50.8942281831
3.6920000000,-43.7353995207
3.6930000000,-35.7286332918
3.6940000000,-27.0282097132
3.6950000000,-17.8020506088
3.6960000000,-8.2284913700
3.6970000000,1.5071568521
3.6980000000,11.2161886479
3.6990000000,20.7101604447
3.7000000000,29.8045504096
3.7010000000,38.3223510457
3.7020000000,46.0975244311
3.7030000000,52.9782524708
3.7040000000,58.8299182915
3.7050000000,63.5377599156
3.7060000000,67.0091435335
3.7070000000,69.1754109263
3.7080000000,69.9932637383
3.7090000000,69.4456562066
3.7100000000,67.5421774609
3.7110000000,64.3189144063
3.7120000000,59.8377963346
3.7130000000,54.1854325428
3.7140000000,47.4714642076
3.7150000000,39.8264613461
3.7160000000,31.3994047155
3.7170000000,22.3548007820
3.7180000000,12.8694852523
3.7190000000,3.1291769692
3.7200000000,-6.6751509122
3.7210000000,-16.3510117237
3.7220000000,-25.7081848707
3.7230000000,-34.5624599967
3.7240000000,-42.7392719551
3.7250000000,-50.0771547099
3.7260000000,-56.4309456023
3.7270000000,-61.6746761016
3.7280000000,-65.7040911174
3.7290000000,-68.4387460779
3.7300000000,-69.8236391349
3.7310000000,-69.8303448919
3.7320000000,-68.4576257833
3.7330000000,-65.7315074785
3.7340000000,-61.7048152402
3.7350000000,-56.4561788245
3.7360000000,-50.0885240636
3.7370000000,-42.7270795030
3.7380000000,-34.5169361822
3.7390000000,-25.6202076402
3.7400000000,-16.2128453270
3.7410000000,-6.4811716370
3.7420000000,3.3818013947
3.7430000000,13.1801951942
3.7440000000,22.7191539379
3.7450000000,31.8087228374
3.7460000000,40.2676381821
3.7470000000,47.9269533884
3.7480000000,54.6334283114
3.7490000000,60.2526135439
3.7500000000,64.6715672758
3.7510000000,67.8011494055
3.7520000000,69.5778458481
3.7530000000,69.9650852091
3.7540000000,68.9540200131
3.7550000000,66.5637552912
3.7560000000,62.8410183335
3.7570000000,57.8592745836
3.7580000000,51.7173057662
3.7590000000,44.5372771765
3.7600000000,36.4623314012
3.7610000000,27.6537553697
3.7620000000,18.2877763703
3.7630000000,8.5520503065
3.7640000000,-1.3580881222
3.7650000000,-11.2435386035
3.7660000000,-20.9054335030
3.7670000000,-30.1491410196
3.7680000000,-38.7881925924
3.7690000000,-46.6480551898
3.7700000000,-53.5696719670
3.7710000000,-59.4126991911
3.7720000000,-64.0583732096
3.7730000000,-67.4119484862
3.7740000000,-69.4046561924
3.7750000000,-69.9951423603
3.7760000000,-69.1703549920
3.7770000000,-66.9458605668
3.7780000000,-63.3655818753
3.7790000000,-58.5009608094
3.7800000000,-52.4495614010
3.7810000000,-45.3331398160
3.7820000000,-37.2952189116
3.7830000000,-28.4982151607
3.7840000000,-19.1201749997
3.7850000000,-9.3511857937
3.7860000000,0.6104665460
3.7870000000,10.5623158555
3.7880000000,20.3018286397
3.7890000000,29.6305281307
3.7900000000,38.3580454794
3.7910000000,46.3060152744
3.7920000000,53.3117354732
3.7930000000,59.2315163673
3.7940000000,63.9436492912
3.7950000000,67.3509333234
3.7960000000,69.3827070457
3.7970000000,69.9963423756
3.7980000000,69.1781683430
3.7990000000,66.9438042492
3.8000000000,63.3378936726
3.8010000000,58.4332430396
3.8020000000,52.3293807011
3.8030000000,45.1505644025
3.8040000000,37.0432764538
3.8050000000,28.1732565626
3.8060000000,18.7221319675
3.8070000000,8.8837129915
3.8080000000,-1.1399707473
3.8090000000,-11.1428126379
3.8100000000,-20.9188651050
3.8110000000,-30.2665823628
3.8120000000,-38.9929824512
3.8130000000,-46.9176424826
3.8140000000,-53.8764441749
3.8150000000,-59.7249916189
3.8160000000,-64.3416297341
3.8170000000,-67.6299998787
3.8180000000,-69.5210784319
3.8190000000,-69.9746546834
3.8200000000,-68.9802158225
3.8210000000,-66.5572189900
3.8220000000,-62.7547429926
3.8230000000,-57.6505251146
3.8240000000,-51.3494012389
3.8250000000,-43.9811799346
3.8260000000,-35.6979930295
3.8270000000,-26.6711762068
3.8280000000,-17.0877431188
3.8290000000,-7.1465251787
3.8300000000,2.9459436024
3.8310000000,12.9797117919
3.8320000000,22.7457769517
3.8330000000,32.0404425251
3.8340000000,40.6695743196
3.8350000000,48.4526674939
3.8360000000,55.2266386131
3.8370000000,60.8492627889
3.8380000000,65.2021830677
3.8390000000,68.1934279240
3.8400000000,69.7593827937
3.8410000000,69.8661728218
3.8420000000,68.5104261858
3.8430000000,65.7194002314
3.8440000000,61.5504659516
3.8450000000,56.0899597857
3.8460000000,49.4514250213
3.8470000000,41.7732779713
3.8480000000,33.2159463020
3.8490000000,23.9585381435
3.8500000000,14.1951106750
3.8510000000,4.1306155394
3.8520000000,-6.0233944951
3.8530000000,-16.0532078978
3.8540000000,-25.7474525859
3.8550000000,-34.9015553216
3.8560000000,-43.3220681250
3.8570000000,-50.8307700308
3.8580000000,-57.2684569433
3.8590000000,-62.4983386443
3.8600000000,-66.4089700389
3.8610000000,-68.9166533257
3.8620000000,-69.9672587646
3.8630000000,-69.5374238429
3.8640000000,-67.6351036728
3.8650000000,-64.2994591139
3.8660000000,-59.6000831044
3.8670000000,-53.6355797324
3.8680000000,-46.5315243616
3.8690000000,-38.4378463643
3.8700000000,-29.5256884262
3.8710000000,-19.9838076891
3.8720000000,-10.0145939684
3.8730000000,0.1702113222
3.8740000000,10.3540052506
3.8750000000,20.3199274078
3.8760000000,29.8554801216
3.8770000000,38.7570663781
3.8780000000,46.8343484145
3.8790000000,53.9143334469
3.8800000000,59.8450985128
3.8810000000,64.4990738227
3.8820000000,67.7758131838
3.8830000000,69.6041907927
3.8840000000,69.9439757629
3.8850000000,68.7867489179
3.8860000000,66.1561403489
3.8870000000,62.1073807247
3.8880000000,56.7261740331
3.8890000000,50.1269140172
3.8900000000,42.4502807353
3.8910000000,33.8602671054
3.8920000000,24.5406977116
3.8930000000,14.6913132755
3.8940000000,4.5235037813
3.8950000000,-5.7442189172
3.8960000000,-15.8909122664
3.8970000000,-25.6979573675
3.8980000000,-34.9537742258
3.8990000000,-43.4583961079
3.9000000000,-51.0278039195
3.9010000000,-57.4979263666
3.9020000000,-62.7282185695
3.9030000000,-66.6047406145
3.9040000000,-69.0426680813
3.9050000000,-69.9881786440
3.9060000000,-69.4196721600
3.9070000000,-67.3482959551
3.9080000000,-63.8177619687
3.9090000000,-58.9034577299
3.9100000000,-52.7108684570
3.9110000000,-45.3733425779
3.9120000000,-37.0492473284
3.9130000000,-27.9185744904
3.9140000000,-18.1790684803
3.9150000000,-8.0419596221
3.9160000000,2.2726056956
3.9170000000,12.5403393777
3.9180000000,22.5376871148
3.9190000000,32.0466990813
3.9200000000,40.8597896653
3.9210000000,48.7842821229
3.9220000000,55.6466383984
3.9230000000,61.2962808935
3.9240000000,65.6089215743
3.9250000000,68.4893242886
3.9260000000,69.8734383150
3.9270000000,69.7298547141
3.9280000000,68.0605517140
3.9290000000,64.9009108183
3.9300000000,60.3190012437
3.9310000000,54.4141463227
3.9320000000,47.3148013025
3.9330000000,39.1757871737
3.9340000000,30.1749394536
3.9350000000,20.5092438868
3.9360000000,10.3905425464
3.9370000000,0.0409035340
3.9380000000,-10.3122448101
3.9390000000,-20.4411087634
3.9400000000,-30.1225435243
3.9410000000,-39.1429765539
3.9420000000,-47.3031311881
3.9430000000,-54.4224457996
3.9440000000,-60.3430901585
3.9450000000,-64.9334892133
3.9460000000,-68.0912750919
3.9470000000,-69.7456005044
3.9480000000,-69.8587606200
3.9490000000,-68.4270856226
3.9500000000,-65.4810821581
3.9510000000,-61.0848184536
3.9520000000,-55.3345646232
3.9530000000,-48.3567162243
3.9540000000,-40.3050451164
3.9550000000,-31.3573367431
3.9560000000,-21.7114867751
3.9570000000,-11.5811422992
3.9580000000,-1.1909831388
3.9590000000,9.2282527944
3.9600000000,19.4448901807
3.9610000000,29.2314694590
3.9620000000,38.3698178378
3.9630000000,46.6559249612
3.9640000000,53.9045140260
3.9650000000,59.9532055760
3.9660000000,64.6661799538
3.9670000000,67.9372552712
3.9680000000,69.6923105428
3.9690000000,69.8909980264
3.9700000000,68.5277045246
3.9710000000,65.6317380665
3.9720000000,61.2667336480
3.9730000000,55.5292891729
3.9740000000,48.5468600188
3.9750000000,40.4749573597
3.9760000000,31.4937111390
3.9770000000,21.8038730382
3.9780000000,11.6223476035
3.9790000000,1.1773505778
3.9800000000,-9.2966978156
3.9810000000,-19.5644305809
3.9820000000,-29.3948248239
3.9830000000,-38.5664068348
3.9840000000,-46.8722539684
3.9850000000,-54.1246801019
3.9860000000,-60.1594982120
3.9870000000,-64.8397628043
3.9880000000,-68.0589063403
3.9890000000,-69.7431972085
3.9900000000,-69.8534618694
3.9910000000,-68.3860302426
3.9920000000,-65.3728808264
3.9930000000,-60.8809800672
3.9940000000,-55.0108287036
3.9950000000,-47.8942458093
3.9960000000,-39.6914386226
3.9970000000,-30.5874225899
3.9980000000,-20.7878709950
3.9990000000,-10.5144867413
4.0000000000,-0.0000000000
4.0010000000,10.5170957318
4.0020000000,20.7979503076
4.0030000000,30.6087838607
4.0040000000,39.7262106433
4.0050000000,47.9423383797
4.0060000000,55.0695264509
4.0070000000,60.9446936224
4.0080000000,65.4330759344
4.0090000000,68.4313475851
4.0100000000,69.8700318873
4.0110000000,69.7151453374
4.0120000000,67.9690351651
4.0130000000,64.6703890225
4.0140000000,59.8934143238
4.0150000000,53.7462037236
4.0160000000,46.3683218936
4.0170000000,37.9276666943
4.0180000000,28.6166746251
4.0190000000,18.6479556850
4.0200000000,8.2494561317
4.0210000000,-2.3407412303
4.0220000000,-12.8798609276
4.0230000000,-23.1259985735
4.0240000000,-32.8436770542
4.0250000000,-41.8092674633
4.0260000000,-49.8161497985
4.0270000000,-56.6794940172
4.0280000000,-62.2405503973
4.0290000000,-66.3703490925
4.0300000000,-68.9727220536
4.0310000000,-69.9865758281
4.0320000000,-69.3873607923
4.0330000000,-67.1877007326
4.0340000000,-63.4371659566
4.0350000000,-58.2211928394
4.0360000000,-51.6591724401
4.0370000000,-43.9017501038
4.0380000000,-35.1273963465
4.0390000000,-25.5383263777
4.0400000000,-15.3558609405
4.0410000000,-4.8153343892
4.0420000000,5.8393332440
4.0430000000,16.3612752766
4.0440000000,26.5063982813
4.0450000000,36.0390503594
4.0460000000,44.7375060448
4.0470000000,52.3991399358
4.0480000000,58.8451679786
4.0490000000,63.9248449892
4.0500000000,67.5190192920
4.0510000000,69.5429600017
4.0520000000,69.9483891398
4.0530000000,68.7246690867
4.0540000000,65.8991154014
4.0550000000,61.5364253420
4.0560000000,55.7372330219
4.0570000000,48.6358225629
4.0580000000,40.3970503692
4.0590000000,31.2125462929
4.0600000000,21.2962805447
4.0610000000,10.8795983148
4.0620000000,0.2058368540
4.0630000000,-10.4753500929
4.0640000000,-20.9138283533
4.0650000000,-30.8648435620
4.0660000000,-40.0947682301
4.0670000000,-48.3866005303
4.0680000000,-55.5450850754
4.0690000000,-61.4013344293
4.0700000000,-65.8168414326
4.0710000000,-68.6867863936
4.0720000000,-69.9425594706
4.0730000000,-69.5534367832
4.0740000000,-67.5273685176
4.0750000000,-63.9108580674
4.0760000000,-58.7879326080
4.0770000000,-52.2782269181
4.0780000000,-44.5342232516
4.0790000000,-35.7377101112
4.0800000000,-26.0955414178
4.0810000000,-15.8347943563
4.0820000000,-5.1974386993
4.0830000000,5.5653576771
4.0840000000,16.1991533704
4.0850000000,26.4522485340
4.0860000000,36.0816482902
4.0870000000,44.8588330723
4.0880000000,52.5751986184
4.0890000000,59.0470357393
4.0900000000,64.1199304871
4.0910000000,67.6724787307
4.0920000000,69.6192250886
4.0930000000,69.9127543121
4.0940000000,68.5448831328
4.0950000000,65.5469218152
4.0960000000,60.9889966929
4.0970000000,54.9784472976
4.0980000000,47.6573337685
4.0990000000,39.1991115491
4.1000000000,29.8045504096
4.1010000000,19.6969931028
4.1020000000,9.1170650215
4.1030000000,-1.6830403125
4.1040000000,-12.4455645715
4.1050000000,-22.9133340678
4.1060000000,-32.8359086910
4.1070000000,-41.9755832489
4.1080000000,-50.1130971947
4.1090000000,-57.0529152492
4.1100000000,-62.6279512717
4.1110000000,-66.7036206743
4.1120000000,-69.1811224148
4.1130000000,-69.9998697720
4.1140000000,-69.1390092868
4.1150000000,-66.6179889575
4.1160000000,-62.4961594987
4.1170000000,-56.8714156659
4.1180000000,-49.8779077562
4.1190000000,-41.6828758656
4.1200000000,-32.4826807640
4.1210000000,-22.4981248365
4.1220000000,-11.9691739369
4.1230000000,-1.1492057949
4.1240000000,9.7010775665
4.1250000000,20.3199274078
4.1260000000,30.4508647965
4.1270000000,39.8488836192
4.1280000000,48.2863898827
4.1290000000,55.5587330098
4.1300000000,61.4891942509
4.1310000000,65.9333100467
4.1320000000,68.7824238968
4.1330000000,69.9663786426
4.1340000000,69.4552816310
4.1350000000,67.2602974946
4.1360000000,63.4334467314
4.1370000000,58.0664123302
4.1380000000,51.2883807834
4.1390000000,43.2629673729
4.1400000000,34.1842980279
4.1410000000,24.2723407935
4.1420000000,13.7675984983
4.1430000000,2.9252901089
4.1440000000,-7.9908388892
4.1450000000,-18.7149272627
4.1460000000,-28.9854742750
4.1470000000,-38.5517236377
4.1480000000,-47.1797991606
4.1490000000,-54.6584416680
4.1500000000,-60.8042060107
4.1510000000,-65.4659897609
4.1520000000,-68.5287811097
4.1530000000,-69.9165322342
4.1540000000,-69.5940855104
4.1550000000,-67.5681029089
4.1560000000,-63.8869731715
4.1570000000,-58.6396963416
4.1580000000,-51.9537702906
4.1590000000,-43.9921284430
4.1600000000,-34.9492013416
4.1610000000,-25.0461964340
4.1620000000,-14.5257099619
4.1630000000,-3.6458016044
4.1640000000,7.3263238526
4.1650000000,18.1208734354
4.1660000000,28.4721007453
4.1670000000,38.1248554065
4.1680000000,46.8408856304
4.1690000000,54.4047379117
4.1700000000,60.6291073181
4.1710000000,65.3595049340
4.1720000000,68.4781254595
4.1730000000,69.9068173517
4.1740000000,69.6090797676
4.1750000000,67.5910343853
4.1760000000,63.9013453743
4.1770000000,58.6300867256
4.1780000000,51.9065822087
4.1790000000,43.8962687439
4.1800000000,34.7966583368
4.1810000000,24.8324962989
4.1820000000,14.2502337181
4.1830000000,3.3119495242
4.1840000000,-7.7111284209
4.1850000000,-18.5453433558
4.1860000000,-28.9214044328
4.1870000000,-38.5810875958
4.1880000000,-47.2836756196
4.1890000000,-54.8119763784
4.1900000000,-60.9777684160
4.1910000000,-65.6265366834
4.1920000000,-68.6413785770
4.1930000000,-69.9459807223
4.1940000000,-69.5065898211
4.1950000000,-67.3329257443
4.1960000000,-63.4780113042
4.1970000000,-58.0369201196
4.1980000000,-51.1444710310
4.1990000000,-42.9719239517
4.2000000000,-33.7227571871
4.2010000000,-23.6276294941
4.2020000000,-12.9386508819
4.2030000000,-1.9231038582
4.2040000000,9.1432289666
4.2050000000,19.9829646491
4.2060000000,30.3240745726
4.2070000000,39.9067196020
4.2080000000,48.4897938004
4.2090000000,55.8570115666
4.2100000000,61.8223840152
4.2110000000,66.2349453075
4.2120000000,68.9826080772
4.2130000000,69.9950486470
4.2140000000,69.2455468525
4.2150000000,66.7517314005
4.2160000000,62.5752091215
4.2170000000,56.8200845537
4.2180000000,49.6304043173
4.2190000000,41.1865879772
4.2200000000,31.7009328830
4.2210000000,21.4123041369
4.2220000000,10.5801417812
4.2230000000,-0.5220650273
4.2240000000,-11.6136731462
4.2250000000,-22.4139763139
4.2260000000,-32.6493126989
4.2270000000,-42.0600091042
4.2280000000,-50.4069853857
4.2290000000,-57.4778507179
4.2300000000,-63.0923357188
4.2310000000,-67.1069208223
4.2320000000,-69.4185412732
4.2330000000,-69.9672722138
4.2340000000,-68.7379229623
4.2350000000,-65.7604971056
4.2360000000,-61.1095037593
4.2370000000,-54.9021345445
4.2380000000,-47.2953497673
4.2390000000,-38.4819452123
4.2400000000,-28.6856971697
4.2410000000,-18.1557071221
4.2420000000,-7.1600883126
4.2430000000,4.0208463477
4.2440000000,15.1017223516
4.2450000000,25.7993861049
4.2460000000,35.8401460850
4.2470000000,44.9667873486
4.2480000000,52.9451793218
4.2490000000,59.5703066666
4.2500000000,64.6715672758
4.2510000000,68.1171997483
4.2520000000,69.8177245976
4.2530000000,69.7283083843
4.2540000000,67.8499873310
4.2550000000,64.2297160579
4.2560000000,58.9592371559
4.2570000000,52.1727975976
4.2580000000,44.0437677138
4.2590000000,34.7802468627
4.2600000000,24.6197662486
4.2610000000,13.8232229281
4.2620000000,2.6681992568
4.2630000000,-8.5581616685
4.2640000000,-19.5665420472
4.2650000000,-30.0729070651
4.2660000000,-39.8058419884
4.2670000000,-48.5135789331
4.2680000000,-55.9705310268
4.2690000000,-61.9831638489
4.2700000000,-66.3950506551
4.2710000000,-69.0909785363
4.2720000000,-69.9999968165
4.2730000000,-69.0973260514
4.2740000000,-66.4050752539
4.2750000000,-61.9917456949
4.2760000000,-55.9705310268
4.2770000000,-48.4964547232
4.2780000000,-39.7624161284
4.2790000000,-29.9942449618
4.2800000000,-19.4448901807
4.2810000000,-8.3878919809
4.2820000000,2.8896951927
4.2830000000,14.0947459671
4.2840000000,24.9356809471
4.2850000000,35.1300593547
4.2860000000,44.4119495841
4.2870000000,52.5388850414
4.2880000000,59.2982228663
4.2890000000,64.5127381575
4.2900000000,68.0453057639
4.2910000000,69.8025450804
4.2920000000,69.7373299957
4.2930000000,67.8500954989
4.2940000000,64.1889037065
4.2950000000,58.8482644087
4.2960000000,51.9667378100
4.2970000000,43.7233791088
4.2980000000,34.3331150753
4.2990000000,24.0411710478
4.3000000000,13.1166920210
4.3010000000,1.8457230733
4.3020000000,-9.4762683104
4.3030000000,-20.5521328824
4.3040000000,-31.0908406110
4.3050000000,-40.8151371641
4.3060000000,-49.4688542489
4.3070000000,-56.8236806531
4.3080000000,-62.6852144468
4.3090000000,-66.8981351809
4.3100000000,-69.3503576177
4.3110000000,-69.9760549449
4.3120000000,-68.7574688938
4.3130000000,-65.7254559308
4.3140000000,-60.9587518882
4.3150000000,-54.5819711842
4.3160000000,-46.7623902503
4.3170000000,-37.7055970637
4.3180000000,-27.6501189032
4.3190000000,-16.8611678113
4.3200000000,-5.6236670093
4.3210000000,5.7652589569
4.3220000000,17.0041328149
4.3230000000,27.7951048073
4.3240000000,37.8518533681
4.3250000000,46.9071964980
4.3260000000,54.7202111513
4.3270000000,61.0826703979
4.3280000000,65.8246256728
4.3290000000,68.8189836234
4.3300000000,69.9849533402
4.3310000000,69.2902694285
4.3320000000,66.7521286658
4.3330000000,62.4368120495
4.3340000000,56.4579989676
4.3350000000,48.9738150897
4.3360000000,40.1826894621
4.3370000000,30.3181282690
4.3380000000,19.6425419531
4.3390000000,8.4402880660
4.3400000000,-2.9898863485
4.3410000000,-14.3428024427
4.3420000000,-25.3149956351
4.3430000000,-35.6128326990
4.3440000000,-44.9603826354
4.3450000000,-53.1068300336
4.3460000000,-59.8332312448
4.3470000000,-64.9584307045
4.3480000000,-68.3439767068
4.3490000000,-69.8979022823
4.3500000000,-69.5772668819
4.3510000000,-67.3893875167
4.3520000000,-63.3917229871
4.3530000000,-57.6904109082
4.3540000000,-50.4374934528
4.3550000000,-41.8269030999
4.3560000000,-32.0893132481
4.3570000000,-21.4859894222
4.3580000000,-10.3018041131
4.3590000000,1.1623986853
4.3600000000,12.5978851030
4.3610000000,23.6963424004
4.3620000000,34.1581957413
4.3630000000,43.7007062938
4.3640000000,52.0656314596
4.3650000000,59.0262392082
4.3660000000,64.3934853261
4.3670000000,68.0211844625
4.3680000000,69.8100325623
4.3690000000,69.7103689448
4.3700000000,67.7236000754
4.3710000000,63.9022431009
4.3720000000,58.3485844996
4.3730000000,51.2119867303
4.3740000000,42.6849125377
4.3750000000,32.9977715778
4.3760000000,22.4127263109
4.3770000000,11.2166227879
4.3780000000,-0.2867637753
4.3790000000,-11.7849595447
4.3800000000,-22.9652760769
4.3810000000,-33.5233175733
4.3820000000,-43.1712798444
4.3830000000,-51.6458144411
4.3840000000,-58.7152425818
4.3850000000,-64.1859205953
4.3860000000,-67.9075811527
4.3870000000,-69.7775019873
4.3880000000,-69.7433853721
4.3890000000,-67.8048664892
4.3900000000,-64.0136060466
4.3910000000,-58.4719610673
4.3920000000,-51.3302666437
4.3930000000,-42.7827995503
4.3940000000,-33.0625309020
4.3950000000,-22.4348085239
4.3960000000,-11.1901394371
4.3970000000,0.3637319606
4.3980000000,11.9102345545
4.3990000000,23.1326404944
4.4000000000,33.7227571871
4.4010000000,43.3894026840
4.4020000000,51.8664310911
4.4030000000,58.9200863128
4.4040000000,64.3554802525
4.4050000000,68.0220150788
4.4060000000,69.8175976979
4.4070000000,69.6915273810
4.4080000000,67.6459736950
4.4090000000,63.7360004946
4.4100000000,58.0681316903
4.4110000000,50.7974947210
4.4120000000,42.1236170161
4.4130000000,32.2849881468
4.4140000000,21.5525347907
4.4150000000,10.2221861129
4.4160000000,-1.3932671641
4.4170000000,-12.9727965937
4.4180000000,-24.1960053152
4.4190000000,-34.7519979175
4.4200000000,-44.3480052014
4.4210000000,-52.7175242513
4.4220000000,-59.6277469640
4.4230000000,-64.8860692480
4.4240000000,-68.3454980060
4.4250000000,-69.9088030745
4.4260000000,-69.5312957022
4.4270000000,-67.2221529602
4.4280000000,-63.0442476643
4.4290000000,-57.1124848299
4.4300000000,-49.5906872358
4.4310000000,-40.6871131860
4.4320000000,-30.6487278880
4.4330000000,-19.7543849528
4.4340000000,-8.3071053513
4.4350000000,3.3743331156
4.4360000000,14.9642629208
4.4370000000,26.1392041482
4.4380000000,36.5868991341
4.4390000000,46.0150519336
4.4400000000,54.1595276443
4.4410000000,60.7917810075
4.4420000000,65.7253045889
4.4430000000,68.8209136685
4.4440000000,69.9907170037
4.4450000000,69.2006589979
4.4460000000,66.4715585084
4.4470000000,61.8786114568
4.4480000000,55.5493673944
4.4490000000,47.6602330339
4.4500000000,38.4315972599
4.4510000000,28.1217111298
4.4520000000,17.0194917466
4.4530000000,5.4364496310
4.4540000000,-6.3020355470
4.4550000000,-17.8658470266
4.4560000000,-28.9294147629
4.4570000000,-39.1808899223
4.4580000000,-48.3309513235
4.4590000000,-56.1209947038
4.4600000000,-62.3304723678
4.4610000000,-66.7831740679
4.4620000000,-69.3522692428
4.4630000000,-69.9639651904
4.4640000000,-68.5996744308
4.4650000000,-65.2966263376
4.4660000000,-60.1469019160
4.4670000000,-53.2949151532
4.4680000000,-44.9334083941
4.4690000000,-35.2980714683
4.4700000000,-24.6609335951
4.4710000000,-13.3227123036
4.4720000000,-1.6043337120
4.4730000000,10.1621373654
4.4740000000,21.6429015735
4.4750000000,32.5118972947
4.4760000000,42.4600721991
4.4770000000,51.2041901439
4.4780000000,58.4949219385
4.4790000000,64.1239881311
4.4800000000,67.9301482729
4.4810000000,69.8038633545
4.4820000000,69.6904953917
4.4830000000,67.5919494245
4.4840000000,63.5667073101
4.4850000000,57.7282484081
4.4860000000,50.2418982585
4.4870000000,41.3201913426
4.4880000000,31.2168766916
4.4890000000,20.2197342519
4.4900000000,8.6424043902
4.4910000000,-3.1845382784
4.4920000000,-14.9230132698
4.4930000000,-26.2370962448
4.4940000000,-36.8026386177
4.4950000000,-46.3165691378
4.4960000000,-54.5056101391
4.4970000000,-61.1341571596
4.4980000000,-66.0110939050
4.4990000000,-68.9953444187
4.5000000000,-70.0000000000
4.5010000000,-68.9948988777
4.5020000000,-66.0075807447
4.5030000000,-61.1225847545
4.5040000000,-54.4791071238
4.5050000000,-46.2670817277
4.5060000000,-36.7217926488
4.5070000000,-26.1171702270
4.5080000000,-14.7579605214
4.5090000000,-2.9709911113
4.5100000000,8.9042171367
4.5110000000,20.5252231256
4.5120000000,31.5565423149
4.5130000000,41.6793423432
4.5140000000,50.6006770003
4.5150000000,58.0619906025
4.5160000000,63.8466451411
4.5170000000,67.7862501301
4.5180000000,69.7656090908
4.5190000000,69.7261361233
4.5200000000,67.6676398998
4.5210000000,63.6484194276
4.5220000000,57.7836647021
4.5230000000,50.2422045105
4.5240000000,41.2416917242
4.5250000000,31.0423620243
4.5260000000,19.9395438270
4.5270000000,8.2551339589
4.5280000000,-3.6717156890
4.5290000000,-15.4944316563
4.5300000000,-26.8690877816
4.5310000000,-37.4644170038
4.5320000000,-46.9714744778
4.5330000000,-55.1126697068
4.5340000000,-61.6499029750
4.5350000000,-66.3915667133
4.5360000000,-69.1982048579
4.5370000000,-69.9866618224
4.5380000000,-68.7325963178
4.5390000000,-65.4712826478
4.5400000000,-60.2966719271
4.5410000000,-53.3587364498
4.5420000000,-44.8591707121
4.5430000000,-35.0455708804
4.5440000000,-24.2042593773
4.5450000000,-12.6519614123
4.5460000000,-0.7265745018
4.5470000000,11.2227007017
4.5480000000,22.8455804603
4.5490000000,33.8009699557
4.5500000000,43.7669859435
4.5510000000,52.4504352152
4.5520000000,59.5954691666
4.5530000000,64.9911581837
4.5540000000,68.4777605832
4.5550000000,69.9514985936
4.5560000000,69.3676972583
4.5570000000,66.7421899204
4.5580000000,62.1509447234
4.5590000000,55.7279188425
4.5600000000,47.6611994218
4.5610000000,38.1875408793
4.5620000000,27.5854558637
4.5630000000,16.1670602821
4.5640000000,4.2689101764
4.5650000000,-7.7579013181
4.5660000000,-19.5580960665
4.5670000000,-30.7827071138
4.5680000000,-41.0994088537
4.5690000000,-50.2023751189
4.5700000000,-57.8213722355
4.5710000000,-63.7298159041
4.5720000000,-67.7515507075
4.5730000000,-69.7661482191
4.5740000000,-69.7125630442
4.5750000000,-67.5910343853
4.5760000000,-63.4631724801
4.5770000000,-57.4502229894
4.5780000000,-49.7295565200
4.5790000000,-40.5294833523
4.5800000000,-30.1225435243
4.5810000000,-18.8174682006
4.5820000000,-6.9500483539
4.5830000000,5.1268200129
4.5840000000,17.0536195871
4.5850000000,28.4749132953
4.5860000000,39.0499451918
4.5870000000,48.4628242997
4.5880000000,56.4319865620
4.5890000000,62.7186507506
4.5900000000,67.1340134158
4.5910000000,69.5449649142
4.5920000000,69.8781521379
4.5930000000,68.1222625115
4.5940000000,64.3284566838
4.5950000000,58.6089325352
4.5960000000,51.1336590299
4.5970000000,42.1253733678
4.5980000000,31.8529871992
4.5990000000,20.6235957742
4.6000000000,8.7733263495
4.6010000000,-3.3427023314
4.6020000000,-15.3610102133
4.6030000000,-26.9206579365
4.6040000000,-37.6740937906
4.6050000000,-47.2976194595
4.6060000000,-55.5011589474
4.6070000000,-62.0370351501
4.6080000000,-66.7074875669
4.6090000000,-69.3707018063
4.6100000000,-69.9451657167
4.6110000000,-68.4122168882
4.6120000000,-64.8167004119
4.6130000000,-59.2657125603
4.6140000000,-51.9254637392
4.6150000000,-43.0163509312
4.6160000000,-32.8063841829
4.6170000000,-21.6031618246
4.6180000000,-9.7446335294
4.6190000000,2.4110723561
4.6200000000,14.4964516855
4.6210000000,26.1457321397
4.6220000000,37.0059500083
4.6230000000,46.7476605230
4.6240000000,55.0749562983
4.6250000000,61.7344885044
4.6260000000,66.5232147825
4.6270000000,69.2946357826
4.6280000000,69.9633274115
4.6290000000,68.5076271047
4.6300000000,64.9703881247
4.6310000000,59.4577743751
4.6320000000,52.1361277325
4.6330000000,43.2269986278
4.6340000000,33.0004867705
4.6350000000,21.7670907752
4.6360000000,9.8683114294
4.6370000000,-2.3337079864
4.6380000000,-14.4671907628
4.6390000000,-26.1620509621
4.6400000000,-37.0611879541
4.6410000000,-46.8314064260
4.6420000000,-55.1736274811
4.6430000000,-61.8320771644
4.6440000000,-66.6021691354
4.6450000000,-69.3368373506
4.6460000000,-69.9511213557
4.6470000000,-68.4248597207
4.6480000000,-64.8034046757
4.6490000000,-59.1963313808
4.6500000000,-51.7741766485
4.6510000000,-42.7633024492
4.6520000000,-32.4390373178
4.6530000000,-21.1173020498
4.6540000000,-9.1449731834
4.6550000000,3.1107227618
4.6560000000,15.2734607233
4.6570000000,26.9693698919
4.6580000000,37.8385333224
4.6590000000,47.5460804609
4.6600000000,55.7925302352
4.6610000000,62.3230644768
4.6620000000,66.9354435019
4.6630000000,69.4863167231
4.6640000000,69.8957299559
4.6650000000,68.1496861581
4.6660000000,64.3006760026
4.6670000000,58.4661571295
4.6680000000,50.8250242116
4.6690000000,41.6121741704
4.6700000000,31.1113300401
4.6710000000,19.6463412897
4.6720000000,7.5712261447
4.6730000000,-4.7407388716
4.6740000000,-16.9085466116
4.6750000000,-28.5552485733
4.6760000000,-39.3196410538
4.6770000000,-48.8674856575
4.6780000000,-56.9019150679
4.6790000000,-63.1726993013
4.6800000000,-67.4840821345
4.6810000000,-69.7009409971
4.6820000000,-69.7530750226
4.6830000000,-67.6374835930
4.6840000000,-63.4185598144
4.6850000000,-57.2261880172
4.6860000000,-49.2517995750
4.6870000000,-39.7425050532
4.6880000000,-28.9934809469
4.6890000000,-17.3388441487
4.6900000000,-5.1412950803
4.6910000000,7.2191503992
4.6920000000,19.3569908779
4.6930000000,30.8932631341
4.6940000000,41.4673847321
4.6950000000,50.7484450862
4.6960000000,58.4455908247
4.6970000000,64.3171786215
4.6980000000,68.1784063186
4.6990000000,69.9071799819
4.7000000000,69.4480290920
4.7010000000,66.8139426898
4.7020000000,62.0860640867
4.7030000000,55.4112487087
4.7040000000,46.9975566699
4.7050000000,37.1078166621
4.7060000000,26.0514586639
4.7070000000,14.1748678760
4.7080000000,1.8505594394
4.7090000000,-10.5344886196
4.7100000000,-22.5909793782
4.7110000000,-33.9395370929
4.7120000000,-44.2226584435
4.7130000000,-53.1159980556
4.7140000000,-60.3386313444
4.7150000000,-65.6619689556
4.7160000000,-68.9170386908
4.7170000000,-69.9999014968
4.7180000000,-68.8750263252
4.7190000000,-65.5765126026
4.7200000000,-60.2071167074
4.7210000000,-52.9351080933
4.7220000000,-43.9890493547
4.7230000000,-33.6506604221
4.7240000000,-22.2459881080
4.7250000000,-10.1351564525
4.7260000000,2.2989810006
4.7270000000,14.6629302147
4.7280000000,26.5650057079
4.7290000000,37.6277459295
4.7300000000,47.4999012473
4.7310000000,55.8676133004
4.7320000000,62.4644290889
4.7330000000,67.0798291888
4.7340000000,69.5659957923
4.7350000000,69.8426014505
4.7360000000,67.8994617113
4.7370000000,63.7969623485
4.7380000000,57.6642424300
4.7390000000,49.6951858519
4.7400000000,40.1423438891
4.7410000000,29.3089775549
4.7420000000,17.5394690001
4.7430000000,5.2084038586
4.7440000000,-7.2913303358
4.7450000000,-19.5610521948
4.7460000000,-31.2090031285
4.7470000000,-41.8628669962
4.7480000000,-51.1816923353
4.7490000000,-58.8668347431
4.7500000000,-64.6715672758
4.7510000000,-68.4090483744
4.7520000000,-69.9583885400
4.7530000000,-69.2686171456
4.7540000000,-66.3604174862
4.7550000000,-61.3255693178
4.7560000000,-54.3241114620
4.7570000000,-45.5793102018
4.7580000000,-35.3705898239
4.7590000000,-24.0246474999
4.7600000000,-11.9050336026
4.7610000000,0.5994713824
4.7620000000,13.0873126148
4.7630000000,25.1570508099
4.7640000000,36.4202727334
4.7650000000,46.5141069256
4.7660000000,55.1129408741
4.7670000000,61.9389604707
4.7680000000,66.7711695020
4.7690000000,69.4525949761
4.7700000000,69.8954417899
4.7710000000,68.0840257416
4.7720000000,64.0753851299
4.7730000000,57.9975458520
4.7740000000,50.0454906356
4.7750000000,40.4749573597
4.7760000000,29.5942619357
4.7770000000,17.7544056356
4.7780000000,5.3377829596
4.7790000000,-7.2541477059
4.7800000000,-19.6138338252
4.7810000000,-31.3408202064
4.7820000000,-42.0547352883
4.7830000000,-51.4076507540
4.7840000000,-59.0954121847
4.7850000000,-64.8675707620
4.7860000000,-68.5355904347
4.7870000000,-69.9790600840
4.7880000000,-69.1497043045
4.7890000000,-66.0730573996
4.7900000000,-60.8477408109
4.7910000000,-53.6423619873
4.7920000000,-44.6901301575
4.7930000000,-34.2813590501
4.7940000000,-22.7540958894
4.7950000000,-10.4831776910
4.7960000000,2.1319320392
4.7970000000,14.6801323711
4.7980000000,26.7520779497
4.7990000000,37.9535397662
4.8000000000,47.9182974150
4.8010000000,56.3201406755
4.8020000000,62.8835862158
4.8030000000,67.3929561609
4.8040000000,69.6995178799
4.8050000000,69.7264469748
4.8060000000,67.4714460545
4.8070000000,63.0069281916
4.8080000000,56.4777534896
4.8090000000,48.0965873471
4.8100000000,38.1370271675
4.8110000000,26.9247178510
4.8120000000,14.8267429956
4.8130000000,2.2396361107
4.8140000000,-10.4235976059
4.8150000000,-22.7470248153
4.8160000000,-34.3254490739
4.8170000000,-44.7777483330
4.8180000000,-53.7594454379
4.8190000000,-60.9740962212
4.8200000000,-66.1831175945
4.8210000000,-69.2137284015
4.8220000000,-69.9647371022
4.8230000000,-68.4099806143
4.8240000000,-64.5992955676
4.8250000000,-58.6569843160
4.8260000000,-50.7778206312
4.8270000000,-41.2207213576
4.8280000000,-30.3002877427
4.8290000000,-18.3764911014
4.8300000000,-5.8428395566
4.8310000000,6.8865862629
4.8320000000,19.3908022229
4.8330000000,31.2558435674
4.8340000000,42.0884812531
4.8350000000,51.5292769077
4.8360000000,59.2645422824
4.8370000000,65.0368042247
4.8380000000,68.6534246955
4.8390000000,69.9930856303
4.8400000000,69.0099185456
4.8410000000,65.7351364142
4.8420000000,60.2761079318
4.8430000000,52.8128991432
4.8440000000,43.5923916715
4.8450000000,32.9201676980
4.8460000000,21.1504266652
4.8470000000,8.6742649116
4.8480000000,-4.0932951442
4.8490000000,-16.7270969557
4.8500000000,-28.8060051024
4.8510000000,-39.9269526706
4.8520000000,-49.7184119259
4.8530000000,-57.8528374320
4.8540000000,-64.0576638738
4.8550000000,-68.1244879974
4.8560000000,-69.9161237667
4.8570000000,-69.3712900980
4.8580000000,-66.5067690628
4.8590000000,-61.4169566411
4.8600000000,-54.2708151703
4.8610000000,-45.3063236558
4.8620000000,-34.8226061806
4.8630000000,-23.1699969410
4.8640000000,-10.7383702954
4.8650000000,2.0558767182
4.8660000000,14.7837557008
4.8670000000,27.0180665156
4.8680000000,38.3477433938
4.8690000000,48.3916855400
4.8700000000,56.8116062942
4.8710000000,63.3234666620
4.8720000000,67.7071054811
4.8730000000,69.8137381389
4.8740000000,69.5710666309
4.8750000000,66.9858235013
4.8760000000,62.1436581898
4.8770000000,55.2063636297
4.8780000000,46.4065306164
4.8790000000,36.0398044631
4.8800000000,24.4549998303
4.8810000000,12.0424026040
4.8820000000,-0.7793502037
4.8830000000,-13.5773724740
4.8840000000,-25.9191385068
4.8850000000,-37.3871072147
4.8860000000,-47.5928663447
4.8870000000,-56.1903170147
4.8880000000,-62.8874500664
4.8890000000,-67.4563122412
4.8900000000,-69.7408204493
4.8910000000,-69.6621544381
4.8920000000,-67.2215395660
4.8930000000,-62.5003194267
4.8940000000,-55.6573097784
4.8950000000,-46.9235175154
4.8960000000,-36.5943981356
4.8970000000,-25.0199092612
4.8980000000,-12.5926933680
4.8990000000,0.2652126173
4.9000000000,13.1166920210
4.9010000000,25.5244025488
4.9020000000,37.0656653025
4.9030000000,47.3468816327
4.9040000000,56.0169855194
4.9050000000,62.7794707485
4.9060000000,67.4025795393
4.9070000000,69.7273009081
4.9080000000,69.6729008854
4.9090000000,67.2397902395
4.9100000000,62.5096257987
4.9110000000,55.6426357247
4.9120000000,46.8722539684
4.9130000000,36.4972413955
4.9140000000,24.8715575276
4.9150000000,12.3923245401
4.9160000000,-0.5137086195
4.9170000000,-13.4047416659
4.9180000000,-25.8390408000
4.9190000000,-37.3900818497
4.9200000000,-47.6611994218
4.9210000000,-56.2992383402
4.9220000000,-63.0067365659
4.9230000000,-67.5522179770
4.9240000000,-69.7782372156
4.9250000000,-69.6068951148
4.9260000000,-67.0426294491
4.9270000000,-62.1721789487
4.9280000000,-55.1617155194
4.9290000000,-46.2512370746
4.9300000000,-35.7464079672
4.9310000000,-24.0081224345
4.9320000000,-11.4401456702
4.9330000000,1.5247456449
4.9340000000,14.4396486583
4.9350000000,26.8589341598
4.9360000000,38.3536304452
4.9370000000,48.5262599325
4.9380000000,57.0246147491
4.9390000000,63.5539928240
4.9400000000,67.8874679983
4.9410000000,69.8738345472
4.9420000000,69.4429460414
4.9430000000,66.6082579424
4.9440000000,61.4664796701
4.9450000000,54.1943417784
4.9460000000,45.0425838820
4.9470000000,34.3273656251
4.9480000000,22.4193929014
4.9490000000,9.7311315915
4.9500000000,-3.2974515497
4.9510000000,-16.2141289143
4.9520000000,-28.5701056608
4.9530000000,-39.9356224726
4.9540000000,-49.9149247303
4.9550000000,-58.1600759890
4.9560000000,-64.3831325053
4.9570000000,-68.3662513506
4.9580000000,-69.9693754991
4.9590000000,-69.1352227690
4.9600000000,-65.8913987604
4.9610000000,-60.3495537464
4.9620000000,-52.7016063902
4.9630000000,-43.2131595794
4.9640000000,-32.2143320291
4.9650000000,-20.0883201480
4.9660000000,-7.2580847883
4.9670000000,5.8283759221
4.9680000000,18.7136558220
4.9690000000,30.9469272932
4.9700000000,42.0997265058
4.9710000000,51.7809842542
4.9720000000,59.6507742870
4.9730000000,65.4322945907
4.9740000000,68.9216577670
4.9750000000,69.9951423603
4.9760000000,68.6136451617
4.9770000000,64.8241720669
4.9780000000,58.7583086146
4.9790000000,50.6277172664
4.9800000000,40.7168130780
4.9810000000,29.3728689944
4.9820000000,16.9938930438
4.9830000000,4.0146989771
4.9840000000,-9.1083434183
4.9850000000,-21.9133443557
4.9860000000,-33.9491533708
4.9870000000,-44.7912695322
4.9880000000,-54.0568409601
4.9890000000,-61.4182227250
4.9900000000,-66.6146116778
4.9910000000,-69.4613433773
4.9920000000,-69.8565177463
4.9930000000,-67.7847135710
4.9940000000,-63.3176541999
4.9950000000,-56.6117942098
4.9960000000,-47.9029056129
4.9970000000,-37.4978485288
4.9980000000,-25.7638113700
4.9990000000,-13.1153959212
