time (s),velocity (rpm)
0.0000000000,0.0000000000
0.0010000000,0.0004712389
0.0020000000,0.0018849556
0.0030000000,0.0042411501
0.0040000000,0.0075398223
0.0050000000,0.0117809723
0.0060000000,0.0169646000
0.0070000000,0.0230907052
0.0080000000,0.0301592876
0.0090000000,0.0381703470
0.0100000000,0.0471238828
0.0110000000,0.0570198943
0.0120000000,0.0678583805
0.0130000000,0.0796393401
0.0140000000,0.0923627715
0.0150000000,0.1060286726
0.0160000000,0.1206370409
0.0170000000,0.1361878731
0.0180000000,0.1526811657
0.0190000000,0.1701169140
0.0200000000,0.1884951127
0.0210000000,0.2078157557
0.0220000000,0.2280788357
0.0230000000,0.2492843443
0.0240000000,0.2714322721
0.0250000000,0.2945226081
0.0260000000,0.3185553400
0.0270000000,0.3435304539
0.0280000000,0.3694479342
0.0290000000,0.3963077635
0.0300000000,0.4241099224
0.0310000000,0.4528543894
0.0320000000,0.4825411408
0.0330000000,0.5131701502
0.0340000000,0.5447413890
0.0350000000,0.5772548257
0.0360000000,0.6107104258
0.0370000000,0.6451081520
0.0380000000,0.6804479634
0.0390000000,0.7167298160
0.0400000000,0.7539536618
0.0410000000,0.7921194493
0.0420000000,0.8312271229
0.0430000000,0.8712766227
0.0440000000,0.9122678844
0.0450000000,0.9542008391
0.0460000000,0.9970754130
0.0470000000,1.0408915271
0.0480000000,1.0856490975
0.0490000000,1.1313480341
0.0500000000,1.1779882417
0.0510000000,1.2255696185
0.0520000000,1.2740920569
0.0530000000,1.3235554423
0.0540000000,1.3739596537
0.0550000000,1.4253045629
0.0560000000,1.4775900343
0.0570000000,1.5308159248
0.0580000000,1.5849820835
0.0590000000,1.6400883511
0.0600000000,1.6961345602
0.0610000000,1.7531205343
0.0620000000,1.8110460882
0.0630000000,1.8699110271
0.0640000000,1.9297151467
0.0650000000,1.9904582327
0.0660000000,2.0521400604
0.0670000000,2.1147603948
0.0680000000,2.1783189897
0.0690000000,2.2428155878
0.0700000000,2.3082499200
0.0710000000,2.3746217055
0.0720000000,2.4419306510
0.0730000000,2.5101764508
0.0740000000,2.5793587860
0.0750000000,2.6494773244
0.0760000000,2.7205317201
0.0770000000,2.7925216130
0.0780000000,2.8654466287
0.0790000000,2.9393063777
0.0800000000,3.0141004555
0.0810000000,3.0898284418
0.0820000000,3.1664899004
0.0830000000,3.2440843785
0.0840000000,3.3226114065
0.0850000000,3.4020704978
0.0860000000,3.4824611477
0.0870000000,3.5637828337
0.0880000000,3.6460350149
0.0890000000,3.7292171310
0.0900000000,3.8133286028
0.0910000000,3.8983688311
0.0920000000,3.9843371963
0.0930000000,4.0712330582
0.0940000000,4.1590557557
0.0950000000,4.2478046056
0.0960000000,4.3374789029
0.0970000000,4.4280779200
0.0980000000,4.5196009063
0.0990000000,4.6120470876
0.1000000000,4.7054156659
0.1010000000,4.7997058186
0.1020000000,4.8949166980
0.1030000000,4.9910474313
0.1040000000,5.0880971194
0.1050000000,5.1860648370
0.1060000000,5.2849496316
0.1070000000,5.3847505235
0.1080000000,5.4854665046
0.1090000000,5.5870965388
0.1100000000,5.6896395605
0.1110000000,5.7930944747
0.1120000000,5.8974601563
0.1130000000,6.0027354496
0.1140000000,6.1089191675
0.1150000000,6.2160100914
0.1160000000,6.3240069702
0.1170000000,6.4329085201
0.1180000000,6.5427134237
0.1190000000,6.6534203299
0.1200000000,6.7650278528
0.1210000000,6.8775345714
0.1220000000,6.9909390291
0.1230000000,7.1052397330
0.1240000000,7.2204351533
0.1250000000,7.3365237228
0.1260000000,7.4535038361
0.1270000000,7.5713738493
0.1280000000,7.6901320792
0.1290000000,7.8097768027
0.1300000000,7.9303062564
0.1310000000,8.0517186355
0.1320000000,8.1740120940
0.1330000000,8.2971847430
0.1340000000,8.4212346512
0.1350000000,8.5461598433
0.1360000000,8.6719583001
0.1370000000,8.7986279575
0.1380000000,8.9261667058
0.1390000000,9.0545723893
0.1400000000,9.1838428057
0.1410000000,9.3139757049
0.1420000000,9.4449687891
0.1430000000,9.5768197116
0.1440000000,9.7095260765
0.1450000000,9.8430854376
0.1460000000,9.9774952984
0.1470000000,10.1127531106
0.1480000000,10.2488562743
0.1490000000,10.3858021365
0.1500000000,10.5235879911
0.1510000000,10.6622110778
0.1520000000,10.8016685816
0.1530000000,10.9419576321
0.1540000000,11.0830753028
0.1550000000,11.2250186103
0.1560000000,11.3677845139
0.1570000000,11.5113699145
0.1580000000,11.6557716542
0.1590000000,11.8009865155
0.1600000000,11.9470112208
0.1610000000,12.0938424312
0.1620000000,12.2414767463
0.1630000000,12.3899107034
0.1640000000,12.5391407763
0.1650000000,12.6891633754
0.1660000000,12.8399748464
0.1670000000,12.9915714697
0.1680000000,13.1439494599
0.1690000000,13.2971049646
0.1700000000,13.4510340644
0.1710000000,13.6057327715
0.1720000000,13.7611970294
0.1730000000,13.9174227118
0.1740000000,14.0744056225
0.1750000000,14.2321414938
0.1760000000,14.3906259868
0.1770000000,14.5498546896
0.1780000000,14.7098231174
0.1790000000,14.8705267115
0.1800000000,15.0319608384
0.1810000000,15.1941207892
0.1820000000,15.3570017791
0.1830000000,15.5205989462
0.1840000000,15.6849073511
0.1850000000,15.8499219761
0.1860000000,16.0156377246
0.1870000000,16.1820494200
0.1880000000,16.3491518053
0.1890000000,16.5169395423
0.1900000000,16.6854072109
0.1910000000,16.8545493081
0.1920000000,17.0243602477
0.1930000000,17.1948343592
0.1940000000,17.3659658874
0.1950000000,17.5377489914
0.1960000000,17.7101777439
0.1970000000,17.8832461308
0.1980000000,18.0569480500
0.1990000000,18.2312773110
0.2000000000,18.4062276342
0.2010000000,18.5817926501
0.2020000000,18.7579658983
0.2030000000,18.9347408273
0.2040000000,19.1121107936
0.2050000000,19.2900690607
0.2060000000,19.4686087990
0.2070000000,19.6477230843
0.2080000000,19.8274048980
0.2090000000,20.0076471255
0.2100000000,20.1884425563
0.2110000000,20.3697838828
0.2120000000,20.5516636997
0.2130000000,20.7340745037
0.2140000000,20.9170086922
0.2150000000,21.1004585631
0.2160000000,21.2844163138
0.2170000000,21.4688740410
0.2180000000,21.6538237394
0.2190000000,21.8392573017
0.2200000000,22.0251665173
0.2210000000,22.2115430722
0.2220000000,22.3983785481
0.2230000000,22.5856644218
0.2240000000,22.7733920645
0.2250000000,22.9615527413
0.2260000000,23.1501376105
0.2270000000,23.3391377230
0.2280000000,23.5285440216
0.2290000000,23.7183473406
0.2300000000,23.9085384051
0.2310000000,24.0991078304
0.2320000000,24.2900461212
0.2330000000,24.4813436716
0.2340000000,24.6729907638
0.2350000000,24.8649775681
0.2360000000,25.0572941423
0.2370000000,25.2499304307
0.2380000000,25.4428762640
0.2390000000,25.6361213587
0.2400000000,25.8296553164
0.2410000000,26.0234676235
0.2420000000,26.2175476505
0.2430000000,26.4118846517
0.2440000000,26.6064677645
0.2450000000,26.8012860092
0.2460000000,26.9963282882
0.2470000000,27.1915833858
0.2480000000,27.3870399677
0.2490000000,27.5826865804
0.2500000000,27.7785116510
0.2510000000,27.9745034866
0.2520000000,28.1706502741
0.2530000000,28.3669400796
0.2540000000,28.5633608482
0.2550000000,28.7599004033
0.2560000000,28.9565464467
0.2570000000,29.1532865580
0.2580000000,29.3501081942
0.2590000000,29.5469986894
0.2600000000,29.7439452549
0.2610000000,29.9409349781
0.2620000000,30.1379548231
0.2630000000,30.3349916297
0.2640000000,30.5320321137
0.2650000000,30.7290628662
0.2660000000,30.9260703537
0.2670000000,31.1230409177
0.2680000000,31.3199607748
0.2690000000,31.5168160160
0.2700000000,31.7135926070
0.2710000000,31.9102763878
0.2720000000,32.1068530726
0.2730000000,32.3033082499
0.2740000000,32.4996273821
0.2750000000,32.6957958054
0.2760000000,32.8917987300
0.2770000000,33.0876212400
0.2780000000,33.2832482930
0.2790000000,33.4786647205
0.2800000000,33.6738552277
0.2810000000,33.8688043937
0.2820000000,34.0634966713
0.2830000000,34.2579163869
0.2840000000,34.4520477413
0.2850000000,34.6458748091
0.2860000000,34.8393815388
0.2870000000,35.0325517535
0.2880000000,35.2253691506
0.2890000000,35.4178173020
0.2900000000,35.6098796545
0.2910000000,35.8015395299
0.2920000000,35.9927801250
0.2930000000,36.1835845124
0.2940000000,36.3739356402
0.2950000000,36.5638163327
0.2960000000,36.7532092905
0.2970000000,36.9420970911
0.2980000000,37.1304621888
0.2990000000,37.3182869157
0.3000000000,37.5055534815
0.3010000000,37.6922439745
0.3020000000,37.8783403615
0.3030000000,38.0638244889
0.3040000000,38.2486780826
0.3050000000,38.4328827491
0.3060000000,38.6164199755
0.3070000000,38.7992711306
0.3080000000,38.9814174652
0.3090000000,39.1628401127
0.3100000000,39.3435200900
0.3110000000,39.5234382981
0.3120000000,39.7025755227
0.3130000000,39.8809124351
0.3140000000,40.0584295927
0.3150000000,40.2351074402
0.3160000000,40.4109263101
0.3170000000,40.5858664239
0.3180000000,40.7599078923
0.3190000000,40.9330307170
0.3200000000,41.1052147910
0.3210000000,41.2764398997
0.3220000000,41.4466857221
0.3230000000,41.6159318318
0.3240000000,41.7841576976
0.3250000000,41.9513426852
0.3260000000,42.1174660581
0.3270000000,42.2825069785
0.3280000000,42.4464445089
0.3290000000,42.6092576128
0.3300000000,42.7709251566
0.3310000000,42.9314259103
0.3320000000,43.0907385490
0.3330000000,43.2488416545
0.3340000000,43.4057137161
0.3350000000,43.5613331326
0.3360000000,43.7156782133
0.3370000000,43.8687271798
0.3380000000,44.0204581673
0.3390000000,44.1708492261
0.3400000000,44.3198783234
0.3410000000,44.4675233447
0.3420000000,44.6137620955
0.3430000000,44.7585723029
0.3440000000,44.9019316177
0.3450000000,45.0438176156
0.3460000000,45.1842077992
0.3470000000,45.3230796000
0.3480000000,45.4604103799
0.3490000000,45.5961774336
0.3500000000,45.7303579899
0.3510000000,45.8629292142
0.3520000000,45.9938682100
0.3530000000,46.1231520216
0.3540000000,46.2507576354
0.3550000000,46.3766619826
0.3560000000,46.5008419411
0.3570000000,46.6232743377
0.3580000000,46.7439359504
0.3590000000,46.8628035106
0.3600000000,46.9798537053
0.3610000000,47.0950631796
0.3620000000,47.2084085392
0.3630000000,47.3198663523
0.3640000000,47.4294131525
0.3650000000,47.5370254414
0.3660000000,47.6426796907
0.3670000000,47.7463523449
0.3680000000,47.8480198242
0.3690000000,47.9476585267
0.3700000000,48.0452448314
0.3710000000,48.1407551011
0.3720000000,48.2341656844
0.3730000000,48.3254529196
0.3740000000,48.4145931364
0.3750000000,48.5015626597
0.3760000000,48.5863378122
0.3770000000,48.6688949170
0.3780000000,48.7492103014
0.3790000000,48.8272602991
0.3800000000,48.9030212539
0.3810000000,48.9764695225
0.3820000000,49.0475814779
0.3830000000,49.1163335122
0.3840000000,49.1827020405
0.3850000000,49.2466635034
0.3860000000,49.3081943712
0.3870000000,49.3672711463
0.3880000000,49.4238703675
0.3890000000,49.4779686129
0.3900000000,49.5295425036
0.3910000000,49.5785687070
0.3920000000,49.6250239408
0.3930000000,49.6688849761
0.3940000000,49.7101286416
0.3950000000,49.7487318267
0.3960000000,49.7846714857
0.3970000000,49.8179246412
0.3980000000,49.8484683883
0.3990000000,49.8762798979
0.4000000000,49.9013364214
0.4010000000,49.9236152937
0.4020000000,49.9430939379
0.4030000000,49.9597498687
0.4040000000,49.9735606970
0.4050000000,49.9845041336
0.4060000000,49.9925579936
0.4070000000,49.9977002002
0.4080000000,49.9999087891
0.4090000000,49.9991619128
0.4100000000,49.9954378447
0.4110000000,49.9887149837
0.4120000000,49.9789718580
0.4130000000,49.9661871299
0.4140000000,49.9503396004
0.4150000000,49.9314082130
0.4160000000,49.9093720587
0.4170000000,49.8842103805
0.4180000000,49.8559025775
0.4190000000,49.8244282102
0.4200000000,49.7897670044
0.4210000000,49.7518988564
0.4220000000,49.7108038375
0.4230000000,49.6664621986
0.4240000000,49.6188543751
0.4250000000,49.5679609918
0.4260000000,49.5137628673
0.4270000000,49.4562410194
0.4280000000,49.3953766695
0.4290000000,49.3311512479
0.4300000000,49.2635463986
0.4310000000,49.1925439839
0.4320000000,49.1181260902
0.4330000000,49.0402750323
0.4340000000,48.9589733586
0.4350000000,48.8742038567
0.4360000000,48.7859495578
0.4370000000,48.6941937423
0.4380000000,48.5989199447
0.4390000000,48.5001119591
0.4400000000,48.3977538440
0.4410000000,48.2918299278
0.4420000000,48.1823248142
0.4430000000,48.0692233870
0.4440000000,47.9525108157
0.4450000000,47.8321725611
0.4460000000,47.7081943800
0.4470000000,47.5805623310
0.4480000000,47.4492627798
0.4490000000,47.3142824046
0.4500000000,47.1756082014
0.4510000000,47.0332274895
0.4520000000,46.8871279171
0.4530000000,46.7372974663
0.4540000000,46.5837244591
0.4550000000,46.4263975625
0.4560000000,46.2653057944
0.4570000000,46.1004385284
0.4580000000,45.9317855003
0.4590000000,45.7593368125
0.4600000000,45.5830829406
0.4610000000,45.4030147381
0.4620000000,45.2191234425
0.4630000000,45.0314006804
0.4640000000,44.8398384735
0.4650000000,44.6444292439
0.4660000000,44.4451658194
0.4670000000,44.2420414398
0.4680000000,44.0350497615
0.4690000000,43.8241848639
0.4700000000,43.6094412544
0.4710000000,43.3908138743
0.4720000000,43.1682981039
0.4730000000,42.9418897684
0.4740000000,42.7115851436
0.4750000000,42.4773809608
0.4760000000,42.2392744128
0.4770000000,41.9972631591
0.4780000000,41.7513453317
0.4790000000,41.5015195403
0.4800000000,41.2477848779
0.4810000000,40.9901409261
0.4820000000,40.7285877606
0.4830000000,40.4631259565
0.4840000000,40.1937565941
0.4850000000,39.9204812636
0.4860000000,39.6433020708
0.4870000000,39.3622216425
0.4880000000,39.0772431314
0.4890000000,38.7883702220
0.4900000000,38.4956071349
0.4910000000,38.1989586329
0.4920000000,37.8984300257
0.4930000000,37.5940271749
0.4940000000,37.2857564995
0.4950000000,36.9736249806
0.4960000000,36.6576401666
0.4970000000,36.3378101782
0.4980000000,36.0141437131
0.4990000000,35.6866500513
0.5000000000,35.3553390593
0.5010000000,35.0202211958
0.5020000000,34.6813075155
0.5030000000,34.3386096745
0.5040000000,33.9921399345
0.5050000000,33.6419111679
0.5060000000,33.2879368618
0.5070000000,32.9302311227
0.5080000000,32.5688086809
0.5090000000,32.2036848952
0.5100000000,31.8348757566
0.5110000000,31.4623978930
0.5120000000,31.0862685732
0.5130000000,30.7065057109
0.5140000000,30.3231278691
0.5150000000,29.9361542637
0.5160000000,29.5456047674
0.5170000000,29.1514999139
0.5180000000,28.7538609013
0.5190000000,28.3527095958
0.5200000000,27.9480685353
0.5210000000,27.5399609331
0.5220000000,27.1284106809
0.5230000000,26.7134423528
0.5240000000,26.2950812076
0.5250000000,25.8733531930
0.5260000000,25.4482849479
0.5270000000,25.0199038055
0.5280000000,24.5882377966
0.5290000000,24.1533156519
0.5300000000,23.7151668048
0.5310000000,23.2738213941
0.5320000000,22.8293102664
0.5330000000,22.3816649785
0.5340000000,21.9309177995
0.5350000000,21.4771017131
0.5360000000,21.0202504199
0.5370000000,20.5603983386
0.5380000000,20.0975806085
0.5390000000,19.6318330910
0.5400000000,19.1631923709
0.5410000000,18.6916957583
0.5420000000,18.2173812895
0.5430000000,17.7402877287
0.5440000000,17.2604545683
0.5450000000,16.7779220310
0.5460000000,16.2927310693
0.5470000000,15.8049233673
0.5480000000,15.3145413406
0.5490000000,14.8216281369
0.5500000000,14.3262276364
0.5510000000,13.8283844516
0.5520000000,13.3281439278
0.5530000000,12.8255521424
0.5540000000,12.3206559048
0.5550000000,11.8135027564
0.5560000000,11.3041409691
0.5570000000,10.7926195454
0.5580000000,10.2789882169
0.5590000000,9.7632974437
0.5600000000,9.2455984128
0.5610000000,8.7259430368
0.5620000000,8.2043839527
0.5630000000,7.6809745197
0.5640000000,7.1557688175
0.5650000000,6.6288216445
0.5660000000,6.1001885153
0.5670000000,5.5699256583
0.5680000000,5.0380900135
0.5690000000,4.5047392292
0.5700000000,3.9699316597
0.5710000000,3.4337263619
0.5720000000,2.8961830919
0.5730000000,2.3573623018
0.5740000000,1.8173251362
0.5750000000,1.2761334279
0.5760000000,0.7338496944
0.5770000000,0.1905371333
0.5780000000,-0.3537403818
0.5790000000,-0.8989183058
0.5800000000,-1.4449314273
0.5810000000,-1.9917138729
0.5820000000,-2.5391991132
0.5830000000,-3.0873199672
0.5840000000,-3.6360086087
0.5850000000,-4.1851965713
0.5860000000,-4.7348147550
0.5870000000,-5.2847934319
0.5880000000,-5.8350622528
0.5890000000,-6.3855502537
0.5900000000,-6.9361858625
0.5910000000,-7.4868969061
0.5920000000,-8.0376106172
0.5930000000,-8.5882536425
0.5940000000,-9.1387520493
0.5950000000,-9.6890313342
0.5960000000,-10.2390164305
0.5970000000,-10.7886317168
0.5980000000,-11.3378010253
0.5990000000,-11.8864476505
0.6000000000,-12.4344943582
0.6010000000,-12.9818633945
0.6020000000,-13.5284764949
0.6030000000,-14.0742548943
0.6040000000,-14.6191193366
0.6050000000,-15.1629900843
0.6060000000,-15.7057869294
0.6070000000,-16.2474292032
0.6080000000,-16.7878357872
0.6090000000,-17.3269251241
0.6100000000,-17.8646152286
0.6110000000,-18.4008236988
0.6120000000,-18.9354677279
0.6130000000,-19.4684641159
0.6140000000,-19.9997292813
0.6150000000,-20.5291792736
0.6160000000,-21.0567297857
0.6170000000,-21.5822961664
0.6180000000,-22.1057934334
0.6190000000,-22.6271362863
0.6200000000,-23.1462391199
0.6210000000,-23.6630160379
0.6220000000,-24.1773808664
0.6230000000,-24.6892471681
0.6240000000,-25.1985282563
0.6250000000,-25.7051372097
0.6260000000,-26.2089868863
0.6270000000,-26.7099899392
0.6280000000,-27.2080588308
0.6290000000,-27.7031058487
0.6300000000,-28.1950431209
0.6310000000,-28.6837826315
0.6320000000,-29.1692362369
0.6330000000,-29.6513156816
0.6340000000,-30.1299326148
0.6350000000,-30.6049986069
0.6360000000,-31.0764251662
0.6370000000,-31.5441237561
0.6380000000,-32.0080058118
0.6390000000,-32.4679827584
0.6400000000,-32.9239660279
0.6410000000,-33.3758670773
0.6420000000,-33.8235974063
0.6430000000,-34.2670685760
0.6440000000,-34.7061922267
0.6450000000,-35.1408800969
0.6460000000,-35.5710440418
0.6470000000,-35.9965960525
0.6480000000,-36.4174482750
0.6490000000,-36.8335130294
0.6500000000,-37.2447028296
0.6510000000,-37.6509304029
0.6520000000,-38.0521087100
0.6530000000,-38.4481509647
0.6540000000,-38.8389706544
0.6550000000,-39.2244815604
0.6560000000,-39.6045977785
0.6570000000,-39.9792337393
0.6580000000,-40.3483042296
0.6590000000,-40.7117244131
0.6600000000,-41.0694098514
0.6610000000,-41.4212765257
0.6620000000,-41.7672408580
0.6630000000,-42.1072197326
0.6640000000,-42.4411305182
0.6650000000,-42.7688910891
0.6660000000,-43.0904198479
0.6670000000,-43.4056357472
0.6680000000,-43.7144583116
0.6690000000,-44.0168076607
0.6700000000,-44.3126045310
0.6710000000,-44.6017702986
0.6720000000,-44.8842270019
0.6730000000,-45.1598973645
0.6740000000,-45.4287048176
0.6750000000,-45.6905735234
0.6760000000,-45.9454283979
0.6770000000,-46.1931951340
0.6780000000,-46.4338002248
0.6790000000,-46.6671709866
0.6800000000,-46.8932355824
0.6810000000,-47.1119230453
0.6820000000,-47.3231633015
0.6830000000,-47.5268871944
0.6840000000,-47.7230265074
0.6850000000,-47.9115139881
0.6860000000,-48.0922833714
0.6870000000,-48.2652694030
0.6880000000,-48.4304078634
0.6890000000,-48.5876355914
0.6900000000,-48.7368905075
0.6910000000,-48.8781116374
0.6920000000,-49.0112391363
0.6930000000,-49.1362143115
0.6940000000,-49.2529796470
0.6950000000,-49.3614788259
0.6960000000,-49.4616567550
0.6970000000,-49.5534595876
0.6980000000,-49.6368347470
0.6990000000,-49.7117309500
0.7000000000,-49.7780982302
0.7010000000,-49.8358879608
0.7020000000,-49.8850528786
0.7030000000,-49.9255471062
0.7040000000,-49.9573261754
0.7050000000,-49.9803470499
0.7060000000,-49.9945681484
0.7070000000,-49.9999493667
0.7080000000,-49.9964521008
0.7090000000,-49.9840392688
0.7100000000,-49.9626753334
0.7110000000,-49.9323263243
0.7120000000,-49.8929598595
0.7130000000,-49.8445451676
0.7140000000,-49.7870531093
0.7150000000,-49.7204561988
0.7160000000,-49.6447286252
0.7170000000,-49.5598462735
0.7180000000,-49.4657867452
0.7190000000,-49.3625293796
0.7200000000,-49.2500552735
0.7210000000,-49.1283473020
0.7220000000,-48.9973901381
0.7230000000,-48.8571702728
0.7240000000,-48.7076760342
0.7250000000,-48.5488976068
0.7260000000,-48.3808270507
0.7270000000,-48.2034583200
0.7280000000,-48.0167872813
0.7290000000,-47.8208117318
0.7300000000,-47.6155314168
0.7310000000,-47.4009480479
0.7320000000,-47.1770653190
0.7330000000,-46.9438889243
0.7340000000,-46.7014265740
0.7350000000,-46.4496880104
0.7360000000,-46.1886850243
0.7370000000,-45.9184314697
0.7380000000,-45.6389432792
0.7390000000,-45.3502384785
0.7400000000,-45.0523372005
0.7410000000,-44.7452616997
0.7420000000,-44.4290363646
0.7430000000,-44.1036877318
0.7440000000,-43.7692444978
0.7450000000,-43.4257375315
0.7460000000,-43.0731998855
0.7470000000,-42.7116668079
0.7480000000,-42.3411757526
0.7490000000,-41.9617663897
0.7500000000,-41.5734806151
0.7510000000,-41.1763625604
0.7520000000,-40.7704586010
0.7530000000,-40.3558173647
0.7540000000,-39.9324897396
0.7550000000,-39.5005288811
0.7560000000,-39.0599902187
0.7570000000,-38.6109314624
0.7580000000,-38.1534126077
0.7590000000,-37.6874959414
0.7600000000,-37.2132460455
0.7610000000,-36.7307298014
0.7620000000,-36.2400163931
0.7630000000,-35.7411773101
0.7640000000,-35.2342863492
0.7650000000,-34.7194196164
0.7660000000,-34.1966555273
0.7670000000,-33.6660748081
0.7680000000,-33.1277604943
0.7690000000,-32.5817979307
0.7700000000,-32.0282747688
0.7710000000,-31.4672809652
0.7720000000,-30.8989087784
0.7730000000,-30.3232527649
0.7740000000,-29.7404097753
0.7750000000,-29.1504789492
0.7760000000,-28.5535617091
0.7770000000,-27.9497617547
0.7780000000,-27.3391850553
0.7790000000,-26.7219398421
0.7800000000,-26.0981365999
0.7810000000,-25.4678880577
0.7820000000,-24.8313091785
0.7830000000,-24.1885171492
0.7840000000,-23.5396313687
0.7850000000,-22.8847734359
0.7860000000,-22.2240671367
0.7870000000,-21.5576384303
0.7880000000,-20.8856154350
0.7890000000,-20.2081284126
0.7900000000,-19.5253097530
0.7910000000,-18.8372939569
0.7920000000,-18.1442176185
0.7930000000,-17.4462194074
0.7940000000,-16.7434400492
0.7950000000,-16.0360223060
0.7960000000,-15.3241109554
0.7970000000,-14.6078527694
0.7980000000,-13.8873964917
0.7990000000,-13.1628928153
0.8000000000,-12.4344943582
0.8010000000,-11.7023556389
0.8020000000,-10.9666330510
0.8030000000,-10.2274848368
0.8040000000,-9.4850710606
0.8050000000,-8.7395535807
0.8060000000,-7.9910960204
0.8070000000,-7.2398637391
0.8080000000,-6.4860238017
0.8090000000,-5.7297449476
0.8100000000,-4.9711975587
0.8110000000,-4.2105536270
0.8120000000,-3.4479867209
0.8130000000,-2.6836719507
0.8140000000,-1.9177859340
0.8150000000,-1.1505067594
0.8160000000,-0.3820139500
0.8170000000,0.3875115743
0.8180000000,1.1578875349
0.8190000000,1.9289303334
0.8200000000,2.7004550921
0.8210000000,3.4722756940
0.8220000000,4.2442048244
0.8230000000,5.0160540134
0.8240000000,5.7876336783
0.8250000000,6.5587531681
0.8260000000,7.3292208071
0.8270000000,8.0988439410
0.8280000000,8.8674289822
0.8290000000,9.6347814570
0.8300000000,10.4007060527
0.8310000000,11.1650066663
0.8320000000,11.9274864528
0.8330000000,12.6879478753
0.8340000000,13.4461927549
0.8350000000,14.2020223224
0.8360000000,14.9552372693
0.8370000000,15.7056378003
0.8380000000,16.4530236870
0.8390000000,17.1971943207
0.8400000000,17.9379487674
0.8410000000,18.6750858226
0.8420000000,19.4084040668
0.8430000000,20.1377019219
0.8440000000,20.8627777079
0.8450000000,21.5834297004
0.8460000000,22.2994561889
0.8470000000,23.0106555346
0.8480000000,23.7168262302
0.8490000000,24.4177669595
0.8500000000,25.1132766572
0.8510000000,25.8031545698
0.8520000000,26.4872003170
0.8530000000,27.1652139529
0.8540000000,27.8369960286
0.8550000000,28.5023476544
0.8560000000,29.1610705631
0.8570000000,29.8129671732
0.8580000000,30.4578406528
0.8590000000,31.0954949839
0.8600000000,31.7257350267
0.8610000000,32.3483665849
0.8620000000,32.9631964705
0.8630000000,33.5700325697
0.8640000000,34.1686839086
0.8650000000,34.7589607193
0.8660000000,35.3406745061
0.8670000000,35.9136381124
0.8680000000,36.4776657873
0.8690000000,37.0325732526
0.8700000000,37.5781777700
0.8710000000,38.1142982082
0.8720000000,38.6407551106
0.8730000000,39.1573707628
0.8740000000,39.6639692597
0.8750000000,40.1603765740
0.8760000000,40.6464206232
0.8770000000,41.1219313374
0.8780000000,41.5867407274
0.8790000000,42.0406829519
0.8800000000,42.4835943852
0.8810000000,42.9153136849
0.8820000000,43.3356818590
0.8830000000,43.7445423334
0.8840000000,44.1417410186
0.8850000000,44.5271263773
0.8860000000,44.9005494903
0.8870000000,45.2618641236
0.8880000000,45.6109267939
0.8890000000,45.9475968354
0.8900000000,46.2717364645
0.8910000000,46.5832108454
0.8920000000,46.8818881552
0.8930000000,47.1676396477
0.8940000000,47.4403397181
0.8950000000,47.6998659662
0.8960000000,47.9460992596
0.8970000000,48.1789237962
0.8980000000,48.3982271661
0.8990000000,48.6039004134
0.9000000000,48.7958380969
0.9010000000,48.9739383503
0.9020000000,49.1381029415
0.9030000000,49.2882373323
0.9040000000,49.4242507356
0.9050000000,49.5460561735
0.9060000000,49.6535705339
0.9070000000,49.7467146261
0.9080000000,49.8254132359
0.9090000000,49.8895951800
0.9100000000,49.9391933591
0.9110000000,49.9741448103
0.9120000000,49.9943907586
0.9130000000,49.9998766673
0.9140000000,49.9905522871
0.9150000000,49.9663717053
0.9160000000,49.9272933924
0.9170000000,49.8732802486
0.9180000000,49.8042996489
0.9190000000,49.7203234874
0.9200000000,49.6213282194
0.9210000000,49.5072949035
0.9220000000,49.3782092419
0.9230000000,49.2340616193
0.9240000000,49.0748471406
0.9250000000,48.9005656678
0.9260000000,48.7112218546
0.9270000000,48.5068251802
0.9280000000,48.2873899821
0.9290000000,48.0529354862
0.9300000000,47.8034858368
0.9310000000,47.5390701245
0.9320000000,47.2597224121
0.9330000000,46.9654817601
0.9340000000,46.6563922497
0.9350000000,46.3325030043
0.9360000000,45.9938682100
0.9370000000,45.6405471339
0.9380000000,45.2726041406
0.9390000000,44.8901087076
0.9400000000,44.4931354387
0.9410000000,44.0817640752
0.9420000000,43.6560795064
0.9430000000,43.2161717768
0.9440000000,42.7621360933
0.9450000000,42.2940728291
0.9460000000,41.8120875261
0.9470000000,41.3162908963
0.9480000000,40.8067988197
0.9490000000,40.2837323421
0.9500000000,39.7472176694
0.9510000000,39.1973861609
0.9520000000,38.6343743205
0.9530000000,38.0583237853
0.9540000000,37.4693813130
0.9550000000,36.8676987672
0.9560000000,36.2534330996
0.9570000000,35.6267463318
0.9580000000,34.9878055338
0.9590000000,34.3367828007
0.9600000000,33.6738552277
0.9610000000,32.9992048828
0.9620000000,32.3130187770
0.9630000000,31.6154888327
0.9640000000,30.9068118505
0.9650000000,30.1871894726
0.9660000000,29.4568281452
0.9670000000,28.7159390785
0.9680000000,27.9647382037
0.9690000000,27.2034461291
0.9700000000,26.4322880931
0.9710000000,25.6514939155
0.9720000000,24.8612979464
0.9730000000,24.0619390127
0.9740000000,23.2536603632
0.9750000000,22.4367096107
0.9760000000,21.6113386721
0.9770000000,20.7778037067
0.9780000000,19.9363650518
0.9790000000,19.0872871568
0.9800000000,18.2308385141
0.9810000000,17.3672915889
0.9820000000,16.4969227464
0.9830000000,15.6200121763
0.9840000000,14.7368438164
0.9850000000,13.8477052727
0.9860000000,12.9528877387
0.9870000000,12.0526859111
0.9880000000,11.1473979050
0.9890000000,10.2373251656
0.9900000000,9.3227723789
0.9910000000,8.4040473795
0.9920000000,7.4814610573
0.9930000000,6.5553272609
0.9940000000,5.6259627004
0.9950000000,4.6936868473
0.9960000000,3.7588218326
0.9970000000,2.8216923431
0.9980000000,1.8826255159
0.9990000000,0.9419508305
1.0000000000,0.0000000000
1.0010000000,-0.9428931409
1.0020000000,-1.8863927484
1.0030000000,-2.8301610847
1.0040000000,-3.7738586345
1.0050000000,-4.7171442233
1.0060000000,-5.6596751373
1.0070000000,-6.6011072454
1.0080000000,-7.5410951220
1.0090000000,-8.4792921720
1.0100000000,-9.4153507575
1.0110000000,-10.3489223251
1.0120000000,-11.2796575357
1.0130000000,-12.2072063950
1.0140000000,-13.1312183861
1.0150000000,-14.0513426023
1.0160000000,-14.9672278825
1.0170000000,-15.8785229471
1.0180000000,-16.7848765349
1.0190000000,-17.6859375420
1.0200000000,-18.5813551611
1.0210000000,-19.4707790222
1.0220000000,-20.3538593339
1.0230000000,-21.2302470262
1.0240000000,-22.0995938940
1.0250000000,-22.9615527413
1.0260000000,-23.8157775264
1.0270000000,-24.6619235076
1.0280000000,-25.4996473899
1.0290000000,-26.3286074723
1.0300000000,-27.1484637951
1.0310000000,-27.9588782887
1.0320000000,-28.7595149219
1.0330000000,-29.5500398513
1.0340000000,-30.3301215707
1.0350000000,-31.0994310604
1.0360000000,-31.8576419379
1.0370000000,-32.6044306070
1.0380000000,-33.3394764088
1.0390000000,-34.0624617714
1.0400000000,-34.7730723597
1.0410000000,-35.4709972260
1.0420000000,-36.1559289594
1.0430000000,-36.8275638351
1.0440000000,-37.4856019639
1.0450000000,-38.1297474408
1.0460000000,-38.7597084932
1.0470000000,-39.3751976290
1.0480000000,-39.9759317831
1.0490000000,-40.5616324643
1.0500000000,-41.1320259010
1.0510000000,-41.6868431857
1.0520000000,-42.2258204189
1.0530000000,-42.7486988526
1.0540000000,-43.2552250316
1.0550000000,-43.7451509342
1.0560000000,-44.2182341123
1.0570000000,-44.6742378291
1.0580000000,-45.1129311964
1.0590000000,-45.5340893094
1.0600000000,-45.9374933816
1.0610000000,-46.3229308761
1.0620000000,-46.6901956373
1.0630000000,-47.0390880189
1.0640000000,-47.3694150117
1.0650000000,-47.6809903684
1.0660000000,-47.9736347273
1.0670000000,-48.2471757330
1.0680000000,-48.5014481559
1.0690000000,-48.7362940086
1.0700000000,-48.9515626611
1.0710000000,-49.1471109528
1.0720000000,-49.3228033020
1.0730000000,-49.4785118138
1.0740000000,-49.6141163844
1.0750000000,-49.7295048036
1.0760000000,-49.8245728537
1.0770000000,-49.8992244065
1.0780000000,-49.9533715169
1.0790000000,-49.9869345134
1.0800000000,-49.9998420864
1.0810000000,-49.9920313724
1.0820000000,-49.9634480358
1.0830000000,-49.9140463469
1.0840000000,-49.8437892575
1.0850000000,-49.7526484718
1.0860000000,-49.6406045152
1.0870000000,-49.5076467990
1.0880000000,-49.3537736812
1.0890000000,-49.1789925246
1.0900000000,-48.9833197502
1.0910000000,-48.7667808879
1.0920000000,-48.5294106223
1.0930000000,-48.2712528356
1.0940000000,-47.9923606461
1.0950000000,-47.6927964426
1.0960000000,-47.3726319153
1.0970000000,-47.0319480821
1.0980000000,-46.6708353113
1.0990000000,-46.2893933390
1.1000000000,-45.8877312842
1.1010000000,-45.4659676575
1.1020000000,-45.0242303671
1.1030000000,-44.5626567194
1.1040000000,-44.0813934158
1.1050000000,-43.5805965448
1.1060000000,-43.0604315699
1.1070000000,-42.5210733120
1.1080000000,-41.9627059289
1.1090000000,-41.3855228887
1.1100000000,-40.7897269393
1.1110000000,-40.1755300732
1.1120000000,-39.5431534873
1.1130000000,-38.8928275387
1.1140000000,-38.2247916947
1.1150000000,-37.5392944794
1.1160000000,-36.8365934141
1.1170000000,-36.1169549541
1.1180000000,-35.3806544202
1.1190000000,-34.6279759251
1.1200000000,-33.8592122959
1.1210000000,-33.0746649908
1.1220000000,-32.2746440117
1.1230000000,-31.4594678113
1.1240000000,-30.6294631962
1.1250000000,-29.7849652246
1.1260000000,-28.9263170994
1.1270000000,-28.0538700563
1.1280000000,-27.1679832474
1.1290000000,-26.2690236200
1.1300000000,-25.3573657904
1.1310000000,-24.4333919130
1.1320000000,-23.4974915452
1.1330000000,-22.5500615069
1.1340000000,-21.5915057356
1.1350000000,-20.6222351372
1.1360000000,-19.6426674318
1.1370000000,-18.6532269950
1.1380000000,-17.6543446948
1.1390000000,-16.6464577242
1.1400000000,-15.6300094286
1.1410000000,-14.6054491300
1.1420000000,-13.5732319459
1.1430000000,-12.5338186041
1.1440000000,-11.4876752537
1.1450000000,-10.4352732716
1.1460000000,-9.3770890649
1.1470000000,-8.3136038692
1.1480000000,-7.2453035432
1.1490000000,-6.1726783592
1.1500000000,-5.0962227898
1.1510000000,-4.0164352908
1.1520000000,-2.9338180807
1.1530000000,-1.8488769160
1.1540000000,-0.7621208639
1.1550000000,0.3259379294
1.1560000000,1.4147844729
1.1570000000,2.5039011688
1.1580000000,3.5927680534
1.1590000000,4.6808630409
1.1600000000,5.7676621704
1.1610000000,6.8526398559
1.1620000000,7.9352691382
1.1630000000,9.0150219404
1.1640000000,10.0913693255
1.1650000000,11.1637817561
1.1660000000,12.2317293570
1.1670000000,13.2946821792
1.1680000000,14.3521104668
1.1690000000,15.4034849248
1.1700000000,16.4482769899
1.1710000000,17.4859591017
1.1720000000,18.5160049763
1.1730000000,19.5378898810
1.1740000000,20.5510909102
1.1750000000,21.5550872622
1.1760000000,22.5493605179
1.1770000000,23.5333949189
1.1780000000,24.5066776475
1.1790000000,25.4686991070
1.1800000000,26.4189532015
1.1810000000,27.3569376173
1.1820000000,28.2821541036
1.1830000000,29.1941087530
1.1840000000,30.0923122824
1.1850000000,30.9762803129
1.1860000000,31.8455336500
1.1870000000,32.6995985618
1.1880000000,33.5380070582
1.1890000000,34.3602971669
1.1900000000,35.1660132104
1.1910000000,35.9547060799
1.1920000000,36.7259335091
1.1930000000,37.4792603452
1.1940000000,38.2142588191
1.1950000000,38.9305088125
1.1960000000,39.6275981239
1.1970000000,40.3051227319
1.1980000000,40.9626870555
1.1990000000,41.5999042126
1.2000000000,42.2163962751
1.2010000000,42.8117945211
1.2020000000,43.3857396841
1.2030000000,43.9378821990
1.2040000000,44.4678824438
1.2050000000,44.9754109788
1.2060000000,45.4601487811
1.2070000000,45.9217874756
1.2080000000,46.3600295612
1.2090000000,46.7745886338
1.2100000000,47.1651896032
1.2110000000,47.5315689073
1.2120000000,47.8734747195
1.2130000000,48.1906671527
1.2140000000,48.4829184570
1.2150000000,48.7500132132
1.2160000000,48.9917485198
1.2170000000,49.2079341750
1.2180000000,49.3983928530
1.2190000000,49.5629602738
1.2200000000,49.7014853676
1.2210000000,49.8138304327
1.2220000000,49.8998712870
1.2230000000,49.9594974129
1.2240000000,49.9926120961
1.2250000000,49.9991325568
1.2260000000,49.9789900747
1.2270000000,49.9321301066
1.2280000000,49.8585123969
1.2290000000,49.7581110808
1.2300000000,49.6309147802
1.2310000000,49.4769266917
1.2320000000,49.2961646673
1.2330000000,49.0886612872
1.2340000000,48.8544639247
1.2350000000,48.5936348031
1.2360000000,48.3062510445
1.2370000000,47.9924047103
1.2380000000,47.6522028340
1.2390000000,47.2857674446
1.2400000000,46.8932355824
1.2410000000,46.4747593059
1.2420000000,46.0305056899
1.2430000000,45.5606568156
1.2440000000,45.0654097510
1.2450000000,44.5449765233
1.2460000000,43.9995840814
1.2470000000,43.4294742511
1.2480000000,42.8349036793
1.2490000000,42.2161437708
1.2500000000,41.5734806151
1.2510000000,40.9072149046
1.2520000000,40.2176618431
1.2530000000,39.5051510459
1.2540000000,38.7700264298
1.2550000000,38.0126460951
1.2560000000,37.2333821970
1.2570000000,36.4326208089
1.2580000000,35.6107617762
1.2590000000,34.7682185603
1.2600000000,33.9054180749
1.2610000000,33.0228005112
1.2620000000,32.1208191559
1.2630000000,31.1999401986
1.2640000000,30.2606425310
1.2650000000,29.3034175372
1.2660000000,28.3287688743
1.2670000000,27.3372122448
1.2680000000,26.3292751599
1.2690000000,25.3054966943
1.2700000000,24.2664272319
1.2710000000,23.2126282032
1.2720000000,22.1446718144
1.2730000000,21.0631407674
1.2740000000,19.9686279727
1.2750000000,18.8617362527
1.2760000000,17.7430780378
1.2770000000,16.6132750546
1.2780000000,15.4729580059
1.2790000000,14.3227662430
1.2800000000,13.1633474309
1.2810000000,11.9953572057
1.2820000000,10.8194588247
1.2830000000,9.6363228096
1.2840000000,8.4466265831
1.2850000000,7.2510540979
1.2860000000,6.0502954601
1.2870000000,4.8450465451
1.2880000000,3.6360086087
1.2890000000,2.4238878906
1.2900000000,1.2093952135
1.2910000000,-0.0067544242
1.2920000000,-1.2238422610
1.2930000000,-2.4411461898
1.2940000000,-3.6579411807
1.2950000000,-4.8734997082
1.2960000000,-6.0870921830
1.2970000000,-7.2979873882
1.2980000000,-8.5054529193
1.2990000000,-9.7087556281
1.3000000000,-10.9071620698
1.3010000000,-12.0999389541
1.3020000000,-13.2863535982
1.3030000000,-14.4656743833
1.3040000000,-15.6371712135
1.3050000000,-16.8001159762
1.3060000000,-17.9537830055
1.3070000000,-19.0974495458
1.3080000000,-20.2303962182
1.3090000000,-21.3519074868
1.3100000000,-22.4612721260
1.3110000000,-23.5577836885
1.3120000000,-24.6407409735
1.3130000000,-25.7094484940
1.3140000000,-26.7632169443
1.3150000000,-27.8013636664
1.3160000000,-28.8232131158
1.3170000000,-29.8280973247
1.3180000000,-30.8153563647
1.3190000000,-31.7843388070
1.3200000000,-32.7344021798
1.3210000000,-33.6649134235
1.3220000000,-34.5752493428
1.3230000000,-35.4647970555
1.3240000000,-36.3329544369
1.3250000000,-37.1791305617
1.3260000000,-38.0027461398
1.3270000000,-38.8032339487
1.3280000000,-39.5800392607
1.3290000000,-40.3326202644
1.3300000000,-41.0604484808
1.3310000000,-41.7630091734
1.3320000000,-42.4398017524
1.3330000000,-43.0903401716
1.3340000000,-43.7141533189
1.3350000000,-44.3107853995
1.3360000000,-44.8797963113
1.3370000000,-45.4207620129
1.3380000000,-45.9332748827
1.3390000000,-46.4169440704
1.3400000000,-46.8713958389
1.3410000000,-47.2962738975
1.3420000000,-47.6912397260
1.3430000000,-48.0559728882
1.3440000000,-48.3901713364
1.3450000000,-48.6935517050
1.3460000000,-48.9658495942
1.3470000000,-49.2068198416
1.3480000000,-49.4162367843
1.3490000000,-49.5938945086
1.3500000000,-49.7396070881
1.3510000000,-49.8532088104
1.3520000000,-49.9345543914
1.3530000000,-49.9835191771
1.3540000000,-49.9999993328
1.3550000000,-49.9839120197
1.3560000000,-49.9351955583
1.3570000000,-49.8538095780
1.3580000000,-49.7397351544
1.3590000000,-49.5929749315
1.3600000000,-49.4135532309
1.3610000000,-49.2015161467
1.3620000000,-48.9569316258
1.3630000000,-48.6798895345
1.3640000000,-48.3705017098
1.3650000000,-48.0289019959
1.3660000000,-47.6552462669
1.3670000000,-47.2497124330
1.3680000000,-46.8125004325
1.3690000000,-46.3438322083
1.3700000000,-45.8439516691
1.3710000000,-45.3131246350
1.3720000000,-44.7516387676
1.3730000000,-44.1598034846
1.3740000000,-43.5379498585
1.3750000000,-42.8864305000
1.3760000000,-42.2056194252
1.3770000000,-41.4959119070
1.3780000000,-40.7577243112
1.3790000000,-39.9914939161
1.3800000000,-39.1976787169
1.3810000000,-38.3767572138
1.3820000000,-37.5292281846
1.3830000000,-36.6556104416
1.3840000000,-35.7564425725
1.3850000000,-34.8322826663
1.3860000000,-33.8837080229
1.3870000000,-32.9113148478
1.3880000000,-31.9157179312
1.3890000000,-30.8975503120
1.3900000000,-29.8574629268
1.3910000000,-28.7961242431
1.3920000000,-27.7142198790
1.3930000000,-26.6124522072
1.3940000000,-25.4915399448
1.3950000000,-24.3522177292
1.3960000000,-23.1952356788
1.3970000000,-22.0213589414
1.3980000000,-20.8313672273
1.3990000000,-19.6260543302
1.4000000000,-18.4062276342
1.4010000000,-17.1727076081
1.4020000000,-15.9263272868
1.4030000000,-14.6679317412
1.4040000000,-13.3983775346
1.4050000000,-12.1185321685
1.4060000000,-10.8292735163
1.4070000000,-9.5314892463
1.4080000000,-8.2260762337
1.4090000000,-6.9139399620
1.4100000000,-5.5959939145
1.4110000000,-4.2731589566
1.4120000000,-2.9463627074
1.4130000000,-1.6165389042
1.4140000000,-0.2846267572
1.4150000000,1.0484297037
1.4160000000,2.3816822890
1.4170000000,3.7141793181
1.4180000000,5.0449662936
1.4190000000,6.3730865823
1.4200000000,7.6975821022
1.4210000000,9.0174940145
1.4220000000,10.3318634213
1.4230000000,11.6397320663
1.4240000000,12.9401430412
1.4250000000,14.2321414938
1.4260000000,15.5147753406
1.4270000000,16.7870959804
1.4280000000,18.0481590106
1.4290000000,19.2970249448
1.4300000000,20.5327599307
1.4310000000,21.7544364689
1.4320000000,22.9611341308
1.4330000000,24.1519402762
1.4340000000,25.3259507690
1.4350000000,26.4822706916
1.4360000000,27.6200150559
1.4370000000,28.7383095121
1.4380000000,29.8362910535
1.4390000000,30.9131087166
1.4400000000,31.9679242773
1.4410000000,32.9999129413
1.4420000000,34.0082640282
1.4430000000,34.9921816497
1.4440000000,35.9508853805
1.4450000000,36.8836109214
1.4460000000,37.7896107544
1.4470000000,38.6681547885
1.4480000000,39.5185309970
1.4490000000,40.3400460441
1.4500000000,41.1320259010
1.4510000000,41.8938164519
1.4520000000,42.6247840869
1.4530000000,43.3243162840
1.4540000000,43.9918221774
1.4550000000,44.6267331137
1.4560000000,45.2285031930
1.4570000000,45.7966097967
1.4580000000,46.3305540996
1.4590000000,46.8298615676
1.4600000000,47.2940824387
1.4610000000,47.7227921880
1.4620000000,48.1155919758
1.4630000000,48.4721090781
1.4640000000,48.7919973001
1.4650000000,49.0749373702
1.4660000000,49.3206373165
1.4670000000,49.5288328230
1.4680000000,49.6992875672
1.4690000000,49.8317935372
1.4700000000,49.9261713285
1.4710000000,49.9822704198
1.4720000000,49.9999694279
1.4730000000,49.9791763412
1.4740000000,49.9198287308
1.4750000000,49.8218939400
1.4760000000,49.6853692508
1.4770000000,49.5102820277
1.4780000000,49.2966898389
1.4790000000,49.0446805530
1.4800000000,48.7543724136
1.4810000000,48.4259140884
1.4820000000,48.0594846956
1.4830000000,47.6552938053
1.4840000000,47.2135814164
1.4850000000,46.7346179095
1.4860000000,46.2187039746
1.4870000000,45.6661705136
1.4880000000,45.0773785188
1.4890000000,44.4527189252
1.4900000000,43.7926124387
1.4910000000,43.0975093385
1.4920000000,42.3678892545
1.4930000000,41.6042609196
1.4940000000,40.8071618966
1.4950000000,39.9771582804
1.4960000000,39.1148443748
1.4970000000,38.2208423445
1.4980000000,37.2958018419
1.4990000000,36.3403996099
1.5000000000,35.3553390593
1.5010000000,34.3413498224
1.5020000000,33.2991872821
1.5030000000,32.2296320769
1.5040000000,31.1334895826
1.5050000000,30.0115893701
1.5060000000,28.8647846400
1.5070000000,27.6939516346
1.5080000000,26.4999890272
1.5090000000,25.2838172888
1.5100000000,24.0463780337
1.5110000000,22.7886333429
1.5120000000,21.5115650671
1.5130000000,20.2161741085
1.5140000000,18.9034796829
1.5150000000,17.5745185621
1.5160000000,16.2303442969
1.5170000000,14.8720264215
1.5180000000,13.5006496401
1.5190000000,12.1173129958
1.5200000000,10.7231290223
1.5210000000,9.3192228797
1.5220000000,7.9067314742
1.5230000000,6.4868025629
1.5240000000,5.0605938443
1.5250000000,3.6292720344
1.5260000000,2.1940119311
1.5270000000,0.7559954642
1.5280000000,-0.6835892638
1.5290000000,-2.1235489500
1.5300000000,-3.5626860720
1.5310000000,-4.9997998788
1.5320000000,-6.4336873900
1.5330000000,-7.8631444032
1.5340000000,-9.2869665075
1.5350000000,-10.7039501040
1.5360000000,-12.1128934308
1.5370000000,-13.5125975929
1.5380000000,-14.9018675956
1.5390000000,-16.2795133800
1.5400000000,-17.6443508613
1.5410000000,-18.9952029667
1.5420000000,-20.3309006744
1.5430000000,-21.6502840513
1.5440000000,-22.9522032882
1.5450000000,-24.2355197334
1.5460000000,-25.4991069218
1.5470000000,-26.7418515993
1.5480000000,-27.9626547424
1.5490000000,-29.1604325702
1.5500000000,-30.3341175501
1.5510000000,-31.4826593942
1.5520000000,-32.6050260469
1.5530000000,-33.7002046620
1.5540000000,-34.7672025685
1.5550000000,-35.8050482249
1.5560000000,-36.8127921593
1.5570000000,-37.7895078966
1.5580000000,-38.7342928701
1.5590000000,-39.6462693173
1.5600000000,-40.5245851594
1.5610000000,-41.3684148627
1.5620000000,-42.1769602813
1.5630000000,-42.9494514809
1.5640000000,-43.6851475420
1.5650000000,-44.3833373416
1.5660000000,-45.0433403134
1.5670000000,-45.6645071848
1.5680000000,-46.2462206904
1.5690000000,-46.7878962607
1.5700000000,-47.2889826856
1.5710000000,-47.7489627522
1.5720000000,-48.1673538553
1.5730000000,-48.5437085803
1.5740000000,-48.8776152583
1.5750000000,-49.1686984915
1.5760000000,-49.4166196497
1.5770000000,-49.6210773357
1.5780000000,-49.7818078201
1.5790000000,-49.8985854450
1.5800000000,-49.9712229944
1.5810000000,-49.9995720326
1.5820000000,-49.9835232096
1.5830000000,-49.9230065321
1.5840000000,-49.8179916004
1.5850000000,-49.6684878106
1.5860000000,-49.4745445223
1.5870000000,-49.2362511893
1.5880000000,-48.9537374562
1.5890000000,-48.6271732172
1.5900000000,-48.2567686392
1.5910000000,-47.8427741481
1.5920000000,-47.3854803776
1.5930000000,-46.8852180812
1.5940000000,-46.3423580062
1.5950000000,-45.7573107312
1.5960000000,-45.1305264644
1.5970000000,-44.4624948054
1.5980000000,-43.7537444691
1.5990000000,-43.0048429709
1.6000000000,-42.2163962751
1.6010000000,-41.3890484054
1.6020000000,-40.5234810177
1.6030000000,-39.6204129354
1.6040000000,-38.6805996478
1.6050000000,-37.7048327713
1.6060000000,-36.6939394740
1.6070000000,-35.6487818632
1.6080000000,-34.5702563378
1.6090000000,-33.4592929045
1.6100000000,-32.3168544580
1.6110000000,-31.1439360275
1.6120000000,-29.9415639877
1.6130000000,-28.7107952368
1.6140000000,-27.4527163402
1.6150000000,-26.1684426422
1.6160000000,-24.8591173453
1.6170000000,-23.5259105582
1.6180000000,-22.1700183123
1.6190000000,-20.7926615494
1.6200000000,-19.3950850789
1.6210000000,-17.9785565074
1.6220000000,-16.5443651404
1.6230000000,-15.0938208570
1.6240000000,-13.6282529589
1.6250000000,-12.1490089952
1.6260000000,-10.6574535616
1.6270000000,-9.1549670786
1.6280000000,-7.6429445464
1.6290000000,-6.1227942793
1.6300000000,-4.5959366208
1.6310000000,-3.0638026397
1.6320000000,-1.5278328082
1.6330000000,0.0105243353
1.6340000000,1.5498135392
1.6350000000,3.0885742055
1.6360000000,4.6253417694
1.6370000000,6.1586490901
1.6380000000,7.6870278513
1.6390000000,9.2090099718
1.6400000000,10.7231290223
1.6410000000,12.2279216487
1.6420000000,13.7219290007
1.6430000000,15.2036981630
1.6440000000,16.6717835894
1.6450000000,18.1247485364
1.6460000000,19.5611664974
1.6470000000,20.9796226332
1.6480000000,22.3787152002
1.6490000000,23.7570569723
1.6500000000,25.1132766572
1.6510000000,26.4460203041
1.6520000000,27.7539527024
1.6530000000,29.0357587691
1.6540000000,30.2901449239
1.6550000000,31.5158404508
1.6560000000,32.7115988441
1.6570000000,33.8761991377
1.6580000000,35.0084472166
1.6590000000,36.1071771079
1.6600000000,37.1712522523
1.6610000000,38.1995667514
1.6620000000,39.1910465923
1.6630000000,40.1446508469
1.6640000000,41.0593728440
1.6650000000,41.9342413137
1.6660000000,42.7683215030
1.6670000000,43.5607162596
1.6680000000,44.3105670853
1.6690000000,45.0170551546
1.6700000000,45.6794022998
1.6710000000,46.2968719604
1.6720000000,46.8687700951
1.6730000000,47.3944460561
1.6740000000,47.8732934242
1.6750000000,48.3047508030
1.6760000000,48.6883025728
1.6770000000,49.0234796010
1.6780000000,49.3098599095
1.6790000000,49.5470692979
1.6800000000,49.7347819210
1.6810000000,49.8727208200
1.6820000000,49.9606584072
1.6830000000,49.9984169018
1.6840000000,49.9858687187
1.6850000000,49.9229368056
1.6860000000,49.8095949327
1.6870000000,49.6458679292
1.6880000000,49.4318318709
1.6890000000,49.1676142141
1.6900000000,48.8533938784
1.6910000000,48.4894012767
1.6920000000,48.0759182917
1.6930000000,47.6132781997
1.6940000000,47.1018655402
1.6950000000,46.5421159319
1.6960000000,45.9345158353
1.6970000000,45.2796022598
1.6980000000,44.5779624184
1.6990000000,43.8302333269
1.7000000000,43.0371013502
1.7010000000,42.1993016936
1.7020000000,41.3176178411
1.7030000000,40.3928809406
1.7040000000,39.4259691346
1.7050000000,38.4178068396
1.7060000000,37.3693639720
1.7070000000,36.2816551232
1.7080000000,35.1557386822
1.7090000000,33.9927159083
1.7100000000,32.7937299534
1.7110000000,31.5599648353
1.7120000000,30.2926443616
1.7130000000,28.9930310070
1.7140000000,27.6624247429
1.7150000000,26.3021618212
1.7160000000,24.9136135138
1.7170000000,23.4981848079
1.7180000000,22.0573130581
1.7190000000,20.5924665983
1.7200000000,19.1051433117
1.7210000000,17.5968691632
1.7220000000,16.0691966934
1.7230000000,14.5237034761
1.7240000000,12.9619905418
1.7250000000,11.3856807673
1.7260000000,9.7964172329
1.7270000000,8.1958615507
1.7280000000,6.5856921632
1.7290000000,4.9676026152
1.7300000000,3.3432998004
1.7310000000,1.7145021848
1.7320000000,0.0829380080
1.7330000000,-1.5496565350
1.7340000000,-3.1815391308
1.7350000000,-4.8109631998
1.7360000000,-6.4361797631
1.7370000000,-8.0554393220
1.7380000000,-9.6669937468
1.7390000000,-11.2690981751
1.7400000000,-12.8600129153
1.7410000000,-14.4380053548
1.7420000000,-16.0013518703
1.7430000000,-17.5483397379
1.7440000000,-19.0772690414
1.7450000000,-20.5864545759
1.7460000000,-22.0742277457
1.7470000000,-23.5389384531
1.7480000000,-24.9789569770
1.7490000000,-26.3926758383
1.7500000000,-27.7785116510
1.7510000000,-29.1349069552
1.7520000000,-30.4603320321
1.7530000000,-31.7532866964
1.7540000000,-33.0123020659
1.7550000000,-34.2359423056
1.7560000000,-35.4228063431
1.7570000000,-36.5715295553
1.7580000000,-37.6807854224
1.7590000000,-38.7492871482
1.7600000000,-39.7757892444
1.7610000000,-40.7590890765
1.7620000000,-41.6980283706
1.7630000000,-42.5914946770
1.7640000000,-43.4384227911
1.7650000000,-44.2377961278
1.7660000000,-44.9886480487
1.7670000000,-45.6900631401
1.7680000000,-46.3411784388
1.7690000000,-46.9411846068
1.7700000000,-47.4893270502
1.7710000000,-47.9849069820
1.7720000000,-48.4272824282
1.7730000000,-48.8158691741
1.7740000000,-49.1501416494
1.7750000000,-49.4296337529
1.7760000000,-49.6539396121
1.7770000000,-49.8227142798
1.7780000000,-49.9356743634
1.7790000000,-49.9925985890
1.7800000000,-49.9933282958
1.7810000000,-49.9377678629
1.7820000000,-49.8258850657
1.7830000000,-49.6577113613
1.7840000000,-49.4333421033
1.7850000000,-49.1529366834
1.7860000000,-48.8167186011
1.7870000000,-48.4249754599
1.7880000000,-47.9780588892
1.7890000000,-47.4763843931
1.7900000000,-46.9204311239
1.7910000000,-46.3107415817
1.7920000000,-45.6479212392
1.7930000000,-44.9326380913
1.7940000000,-44.1656221309
1.7950000000,-43.3476647499
1.7960000000,-42.4796180653
1.7970000000,-41.5623941729
1.7980000000,-40.5969643261
1.7990000000,-39.5843580427
1.8000000000,-38.5256621388
1.8010000000,-37.4220196914
1.8020000000,-36.2746289302
1.8030000000,-35.0847420588
1.8040000000,-33.8536640079
1.8050000000,-32.5827511196
1.8060000000,-31.2734097653
1.8070000000,-29.9270948979
1.8080000000,-28.5453085400
1.8090000000,-27.1295982087
1.8100000000,-25.6815552795
1.8110000000,-24.2028132898
1.8120000000,-22.6950461850
1.8130000000,-21.1599665076
1.8140000000,-19.5993235317
1.8150000000,-18.0149013451
1.8160000000,-16.4085168801
1.8170000000,-14.7820178963
1.8180000000,-13.1372809163
1.8190000000,-11.4762091170
1.8200000000,-9.8007301791
1.8210000000,-8.1127940964
1.8220000000,-6.4143709478
1.8230000000,-4.7074486346
1.8240000000,-2.9940305848
1.8250000000,-1.2761334279
1.8260000000,0.4442153573
1.8270000000,2.1649798205
1.8280000000,3.8841179383
1.8290000000,5.5995840329
1.8300000000,7.3093312059
1.8310000000,9.0113137865
1.8320000000,10.7034897896
1.8330000000,12.3838233823
1.8340000000,14.0502873538
1.8350000000,15.7008655880
1.8360000000,17.3335555349
1.8370000000,18.9463706766
1.8380000000,20.5373429870
1.8390000000,22.1045253802
1.8400000000,23.6459941464
1.8410000000,25.1598513703
1.8420000000,26.6442273303
1.8430000000,28.0972828749
1.8440000000,29.5172117737
1.8450000000,30.9022430393
1.8460000000,32.2506432169
1.8470000000,33.5607186405
1.8480000000,34.8308176498
1.8490000000,36.0593327669
1.8500000000,37.2447028296
1.8510000000,38.3854150776
1.8520000000,39.4800071897
1.8530000000,40.5270692678
1.8540000000,41.5252457672
1.8550000000,42.4732373677
1.8560000000,43.3698027857
1.8570000000,44.2137605214
1.8580000000,45.0039905424
1.8590000000,45.7394358974
1.8600000000,46.4191042608
1.8610000000,47.0420694033
1.8620000000,47.6074725878
1.8630000000,48.1145238886
1.8640000000,48.5625034295
1.8650000000,48.9507625425
1.8660000000,49.2787248411
1.8670000000,49.5458872099
1.8680000000,49.7518207064
1.8690000000,49.8961713741
1.8700000000,49.9786609659
1.8710000000,49.9990875754
1.8720000000,49.9573261754
1.8730000000,49.8533290623
1.8740000000,49.6871262052
1.8750000000,49.4588254982
1.8760000000,49.1686129161
1.8770000000,48.8167525720
1.8780000000,48.4035866757
1.8790000000,47.9295353941
1.8800000000,47.3950966111
1.8810000000,46.8008455877
1.8820000000,46.1474345230
1.8830000000,45.4355920142
1.8840000000,44.6661224176
1.8850000000,43.8399051090
1.8860000000,42.9578936460
1.8870000000,42.0211148306
1.8880000000,41.0306676741
1.8890000000,39.9877222644
1.8900000000,38.8935185372
1.8910000000,37.7493649513
1.8920000000,36.5566370701
1.8930000000,35.3167760495
1.8940000000,34.0312870348
1.8950000000,32.7017374671
1.8960000000,31.3297553018
1.8970000000,29.9170271401
1.8980000000,28.4652962759
1.8990000000,26.9763606608
1.9000000000,25.4520707875
1.9010000000,23.8943274962
1.9020000000,22.3050797048
1.9030000000,20.6863220656
1.9040000000,19.0400925524
1.9050000000,17.3684699787
1.9060000000,15.6735714519
1.9070000000,13.9575497653
1.9080000000,12.2225907304
1.9090000000,10.4709104551
1.9100000000,8.7047525678
1.9110000000,6.9263853933
1.9120000000,5.1380990831
1.9130000000,3.3422027030
1.9140000000,1.5410212825
1.9150000000,-0.2631071705
1.9160000000,-2.0678346865
1.9170000000,-3.8708063781
1.9180000000,-5.6696635077
1.9190000000,-7.4620465736
1.9200000000,-9.2455984128
1.9210000000,-11.0179673142
1.9220000000,-12.7768101403
1.9230000000,-14.5197954506
1.9240000000,-16.2446066257
1.9250000000,-17.9489449853
1.9260000000,-19.6305328969
1.9270000000,-21.2871168718
1.9280000000,-22.9164706426
1.9290000000,-24.5163982190
1.9300000000,-26.0847369177
1.9310000000,-27.6193603611
1.9320000000,-29.1181814426
1.9330000000,-30.5791552520
1.9340000000,-32.0002819588
1.9350000000,-33.3796096475
1.9360000000,-34.7152371027
1.9370000000,-36.0053165384
1.9380000000,-37.2480562677
1.9390000000,-38.4417233107
1.9400000000,-39.5846459334
1.9410000000,-40.6752161172
1.9420000000,-41.7118919531
1.9430000000,-42.6931999576
1.9440000000,-43.6177373067
1.9450000000,-44.4841739844
1.9460000000,-45.2912548426
1.9470000000,-46.0378015683
1.9480000000,-46.7227145561
1.9490000000,-47.3449746815
1.9500000000,-47.9036449731
1.9510000000,-48.3978721810
1.9520000000,-48.8268882367
1.9530000000,-49.1900116051
1.9540000000,-49.4866485228
1.9550000000,-49.7162941229
1.9560000000,-49.8785334428
1.9570000000,-49.9730423130
1.9580000000,-49.9995881262
1.9590000000,-49.9580304825
1.9600000000,-49.8483217125
1.9610000000,-49.6705072735
1.9620000000,-49.4247260200
1.9630000000,-49.1112103463
1.9640000000,-48.7302862003
1.9650000000,-48.2823729682
1.9660000000,-47.7679832295
1.9670000000,-47.1877223808
1.9680000000,-46.5422881305
1.9690000000,-45.8324698619
1.9700000000,-45.0591478663
1.9710000000,-44.2232924463
1.9720000000,-43.3259628895
1.9730000000,-42.3683063133
1.9740000000,-41.3515563819
1.9750000000,-40.2770318970
1.9760000000,-39.1461352622
1.9770000000,-37.9603508243
1.9780000000,-36.7212430914
1.9790000000,-35.4304548310
1.9800000000,-34.0897050496
1.9810000000,-32.7007868555
1.9820000000,-31.2655652080
1.9830000000,-29.7859745556
1.9840000000,-28.2640163643
1.9850000000,-26.7017565416
1.9860000000,-25.1013227571
1.9870000000,-23.4649016632
1.9880000000,-21.7947360206
1.9890000000,-20.0931217312
1.9900000000,-18.3624047813
1.9910000000,-16.6049781010
1.9920000000,-14.8232783425
1.9930000000,-13.0197825809
1.9940000000,-11.1970049434
1.9950000000,-9.3574931703
1.9960000000,-7.5038251121
1.9970000000,-5.6386051687
1.9980000000,-3.7644606735
1.9990000000,-1.8840382293
2.0000000000,-0.0000000000
2.0010000000,1.8849800375
2.0020000000,3.7682198740
2.0030000000,5.6470332781
2.0040000000,7.5187336291
2.0050000000,9.3806377681
2.0060000000,11.2300698606
2.0070000000,13.0643652666
2.0080000000,14.8808744115
2.0090000000,16.6769666531
2.0100000000,18.4500341376
2.0110000000,20.1974956410
2.0120000000,21.9168003882
2.0130000000,23.6054318453
2.0140000000,25.2609114794
2.0150000000,26.8808024800
2.0160000000,28.4627134355
2.0170000000,30.0043019613
2.0180000000,31.5032782713
2.0190000000,32.9574086900
2.0200000000,34.3645190968
2.0210000000,35.7224982999
2.0220000000,37.0293013325
2.0230000000,38.2829526665
2.0240000000,39.4815493394
2.0250000000,40.6232639879
2.0260000000,41.7063477846
2.0270000000,42.7291332713
2.0280000000,43.6900370865
2.0290000000,44.5875625798
2.0300000000,45.4203023109
2.0310000000,46.1869404278
2.0320000000,46.8862549196
2.0330000000,47.5171197417
2.0340000000,48.0785068073
2.0350000000,48.5694878432
2.0360000000,48.9892361050
2.0370000000,49.3370279505
2.0380000000,49.6122442653
2.0390000000,49.8143717403
2.0400000000,49.9430039968
2.0410000000,49.9978425573
2.0420000000,49.9786976598
2.0430000000,49.8854889133
2.0440000000,49.7182457923
2.0450000000,49.4771079696
2.0460000000,49.1623254855
2.0470000000,48.7742587519
2.0480000000,48.3133783914
2.0490000000,47.7802649096
2.0500000000,47.1756082014
2.0510000000,46.5002068897
2.0520000000,45.7549674982
2.0530000000,44.9409034576
2.0540000000,44.0591339460
2.0550000000,43.1108825647
2.0560000000,42.0974758500
2.0570000000,41.0203416232
2.0580000000,39.8810071794
2.0590000000,38.6810973181
2.0600000000,37.4223322164
2.0610000000,36.1065251489
2.0620000000,34.7355800556
2.0630000000,33.3114889612
2.0640000000,31.8363292490
2.0650000000,30.3122607926
2.0660000000,28.7415229495
2.0670000000,27.1264314198
2.0680000000,25.4693749745
2.0690000000,23.7728120582
2.0700000000,22.0392672695
2.0710000000,20.2713277250
2.0720000000,18.4716393116
2.0730000000,16.6429028322
2.0740000000,14.7878700499
2.0750000000,12.9093396369
2.0760000000,11.0101530334
2.0770000000,9.0931902225
2.0780000000,7.1613654274
2.0790000000,5.2176227370
2.0800000000,3.2649316665
2.0810000000,1.3062826588
2.0820000000,-0.6553174647
2.0830000000,-2.6168501003
2.0840000000,-4.5752894940
2.0850000000,-6.5276074071
2.0860000000,-8.4707778035
2.0870000000,-10.4017815557
2.0880000000,-12.3176111592
2.0890000000,-14.2152754493
2.0900000000,-16.0918043128
2.0910000000,-17.9442533875
2.0920000000,-19.7697087406
2.0930000000,-21.5652915209
2.0940000000,-23.3281625746
2.0950000000,-25.0555270201
2.0960000000,-26.7446387715
2.0970000000,-28.3928050064
2.0980000000,-29.9973905671
2.0990000000,-31.5558222920
2.1000000000,-33.0655932662
2.1010000000,-34.5242669864
2.1020000000,-35.9294814328
2.1030000000,-37.2789530399
2.1040000000,-38.5704805610
2.1050000000,-39.8019488178
2.1060000000,-40.9713323308
2.1070000000,-42.0766988221
2.1080000000,-43.1162125852
2.1090000000,-44.0881377158
2.1100000000,-44.9908411977
2.1110000000,-45.8227958379
2.1120000000,-46.5825830449
2.1130000000,-47.2688954467
2.1140000000,-47.8805393417
2.1150000000,-48.4164369778
2.1160000000,-48.8756286563
2.1170000000,-49.2572746561
2.1180000000,-49.5606569723
2.1190000000,-49.7851808683
2.1200000000,-49.9303762356
2.1210000000,-49.9958987595
2.1220000000,-49.9815308871
2.1230000000,-49.8871825951
2.1240000000,-49.7128919559
2.1250000000,-49.4588254982
2.1260000000,-49.1252783630
2.1270000000,-48.7126742513
2.1280000000,-48.2215651641
2.1290000000,-47.6526309332
2.1300000000,-47.0066785431
2.1310000000,-46.2846412434
2.1320000000,-45.4875774524
2.1330000000,-44.6166694525
2.1340000000,-43.6732218792
2.1350000000,-42.6586600035
2.1360000000,-41.5745278108
2.1370000000,-40.4224858783
2.1380000000,-39.2043090527
2.1390000000,-37.9218839309
2.1400000000,-36.5772061485
2.1410000000,-35.1723774768
2.1420000000,-33.7096027348
2.1430000000,-32.1911865182
2.1440000000,-30.6195297518
2.1450000000,-28.9971260683
2.1460000000,-27.3265580192
2.1470000000,-25.6104931244
2.1480000000,-23.8516797642
2.1490000000,-22.0529429209
2.1500000000,-20.2171797764
2.1510000000,-18.3473551718
2.1520000000,-16.4464969356
2.1530000000,-14.5176910891
2.1540000000,-12.5640769342
2.1550000000,-10.5888420331
2.1560000000,-8.5952170864
2.1570000000,-6.5864707180
2.1580000000,-4.5659041761
2.1590000000,-2.5368459562
2.1600000000,-0.5026463578
2.1610000000,1.5333280188
2.1620000000,3.5676998259
2.1630000000,5.5970865624
2.1640000000,7.6181062000
2.1650000000,9.6273828321
2.1660000000,11.6215523358
2.1670000000,13.5972680374
2.1680000000,15.5512063730
2.1690000000,17.4800725327
2.1700000000,19.3806060805
2.1710000000,21.2495865397
2.1720000000,23.0838389338
2.1730000000,24.8802392739
2.1740000000,26.6357199826
2.1750000000,28.3472752450
2.1760000000,30.0119662780
2.1770000000,31.6269265067
2.1780000000,33.1893666416
2.1790000000,34.6965796438
2.1800000000,36.1459455728
2.1810000000,37.5349363054
2.1820000000,38.8611201182
2.1830000000,40.1221661251
2.1840000000,41.3158485609
2.1850000000,42.4400509042
2.1860000000,43.4927698297
2.1870000000,44.4721189844
2.1880000000,45.3763325789
2.1890000000,46.2037687875
2.1900000000,46.9529129493
2.1910000000,47.6223805655
2.1920000000,48.2109200846
2.1930000000,48.7174154717
2.1940000000,49.1408885548
2.1950000000,49.4805011437
2.1960000000,49.7355569166
2.1970000000,49.9055030698
2.1980000000,49.9899317268
2.1990000000,49.9885811028
2.2000000000,49.9013364214
2.2010000000,49.7282305811
2.2020000000,49.4694445684
2.2030000000,49.1253076162
2.2040000000,48.6962971060
2.2050000000,48.1830382120
2.2060000000,47.5863032873
2.2070000000,46.9070109916
2.2080000000,46.1462251606
2.2090000000,45.3051534180
2.2100000000,44.3851455307
2.2110000000,43.3876915098
2.2120000000,42.3144194587
2.2130000000,41.1670931706
2.2140000000,39.9476094790
2.2150000000,38.6579953650
2.2160000000,37.3004048235
2.2170000000,35.8771154949
2.2180000000,34.3905250651
2.2190000000,32.8431474406
2.2200000000,31.2376087032
2.2210000000,29.5766428504
2.2220000000,27.8630873294
2.2230000000,26.0998783695
2.2240000000,24.2900461212
2.2250000000,22.4367096107
2.2260000000,20.5430715154
2.2270000000,18.6124127710
2.2280000000,16.6480870181
2.2290000000,14.6535148968
2.2300000000,12.6321782005
2.2310000000,10.5876138957
2.2320000000,8.5234080214
2.2330000000,6.4431894752
2.2340000000,4.3506236988
2.2350000000,2.2494062722
2.2360000000,0.1432564290
2.2370000000,-1.9640894972
2.2380000000,-4.0688846830
2.2390000000,-6.1673784710
2.2400000000,-8.2558230591
2.2410000000,-10.3304802118
2.2420000000,-12.3876279809
2.2430000000,-14.4235674241
2.2440000000,-16.4346293098
2.2450000000,-18.4171807944
2.2460000000,-20.3676320614
2.2470000000,-22.2824429098
2.2480000000,-24.1581292791
2.2490000000,-25.9912696986
2.2500000000,-27.7785116510
2.2510000000,-29.5165778347
2.2520000000,-31.2022723170
2.2530000000,-32.8324865628
2.2540000000,-34.4042053306
2.2550000000,-35.9145124209
2.2560000000,-37.3605962695
2.2570000000,-38.7397553716
2.2580000000,-40.0494035279
2.2590000000,-41.2870749016
2.2600000000,-42.4504288758
2.2610000000,-43.5372547024
2.2620000000,-44.5454759319
2.2630000000,-45.4731546158
2.2640000000,-46.3184952719
2.2650000000,-47.0798486051
2.2660000000,-47.7557149748
2.2670000000,-48.3447476019
2.2680000000,-48.8457555075
2.2690000000,-49.2577061777
2.2700000000,-49.5797279470
2.2710000000,-49.8111120955
2.2720000000,-49.9513146542
2.2730000000,-49.9999579138
2.2740000000,-49.9568316326
2.2750000000,-49.8218939400
2.2760000000,-49.5952719322
2.2770000000,-49.2772619581
2.2780000000,-48.8683295923
2.2790000000,-48.3691092953
2.2800000000,-47.7804037580
2.2810000000,-47.1031829322
2.2820000000,-46.3385827464
2.2830000000,-45.4879035073
2.2840000000,-44.5526079894
2.2850000000,-43.5343192151
2.2860000000,-42.4348179259
2.2870000000,-41.2560397502
2.2880000000,-40.0000720711
2.2890000000,-38.6691505967
2.2900000000,-37.2656556412
2.2910000000,-35.7921081191
2.2920000000,-34.2511652611
2.2930000000,-32.6456160570
2.2940000000,-30.9783764335
2.2950000000,-29.2524841747
2.2960000000,-27.4710935930
2.2970000000,-25.6374699602
2.2980000000,-23.7549837078
2.2990000000,-21.8271044059
2.3000000000,-19.8573945317
2.3010000000,-17.8495030382
2.3020000000,-15.8071587336
2.3030000000,-13.7341634850
2.3040000000,-11.6343852555
2.3050000000,-9.5117509905
2.3060000000,-7.3702393631
2.3070000000,-5.2138733933
2.3080000000,-3.0467129545
2.3090000000,-0.8728471801
2.3100000000,1.3036132147
2.3110000000,3.4785436827
2.3120000000,5.6478136503
2.3130000000,7.8072943663
2.3140000000,9.9528667758
2.3150000000,12.0804294087
2.3160000000,14.1859062628
2.3170000000,16.2652546705
2.3180000000,18.3144731315
2.3190000000,20.3296090972
2.3200000000,22.3067666909
2.3210000000,24.2421143497
2.3220000000,26.1318923722
2.3230000000,27.9724203566
2.3240000000,29.7601045158
2.3250000000,31.4914448533
2.3260000000,33.1630421858
2.3270000000,34.7716049989
2.3280000000,36.3139561204
2.3290000000,37.7870391990
2.3300000000,39.1879249736
2.3310000000,40.5138173208
2.3320000000,41.7620590674
2.3330000000,42.9301375559
2.3340000000,44.0156899501
2.3350000000,45.0165082709
2.3360000000,45.9305441488
2.3370000000,46.7559132852
2.3380000000,47.4908996100
2.3390000000,48.1339591279
2.3400000000,48.6837234424
2.3410000000,49.1390029511
2.3420000000,49.4987897035
2.3430000000,49.7622599136
2.3440000000,49.9287761216
2.3450000000,49.9978889990
2.3460000000,49.9693387905
2.3470000000,49.8430563898
2.3480000000,49.6191640444
2.3490000000,49.2979756866
2.3500000000,48.8799968882
2.3510000000,48.3659244377
2.3520000000,47.7566455382
2.3530000000,47.0532366264
2.3540000000,46.2569618137
2.3550000000,45.3692709492
2.3560000000,44.3917973087
2.3570000000,43.3263549107
2.3580000000,42.1749354643
2.3590000000,40.9397049524
2.3600000000,39.6229998567
2.3610000000,38.2273230277
2.3620000000,36.7553392100
2.3630000000,35.2098702267
2.3640000000,33.5938898331
2.3650000000,31.9105182477
2.3660000000,30.1630163699
2.3670000000,28.3547796948
2.3680000000,26.4893319360
2.3690000000,24.5703183667
2.3700000000,22.6014988930
2.3710000000,20.5867408708
2.3720000000,18.5300116794
2.3730000000,16.4353710669
2.3740000000,14.3069632800
2.3750000000,12.1490089952
2.3760000000,9.9657970641
2.3770000000,7.7616760916
2.3780000000,5.5410458603
2.3790000000,3.3083486203
2.3800000000,1.0680602594
2.3810000000,-1.1753186275
2.3820000000,-3.4172717528
2.3830000000,-5.6532762173
2.3840000000,-7.8788116377
2.3850000000,-10.0893693047
2.3860000000,-12.2804613510
2.3870000000,-14.4476299124
2.3880000000,-16.5864562619
2.3890000000,-18.6925698991
2.3900000000,-20.7616575749
2.3910000000,-22.7894722348
2.3920000000,-24.7718418592
2.3930000000,-26.7046781858
2.3940000000,-28.5839852915
2.3950000000,-30.4058680199
2.3960000000,-32.1665402327
2.3970000000,-33.8623328696
2.3980000000,-35.4897017984
2.3990000000,-37.0452354381
2.4000000000,-38.5256621388
2.4010000000,-39.9278573011
2.4020000000,-41.2488502206
2.4030000000,-42.4858306407
2.4040000000,-43.6361549996
2.4050000000,-44.6973523573
2.4060000000,-45.6671299878
2.4070000000,-46.5433786254
2.4080000000,-47.3241773504
2.4090000000,-48.0077981039
2.4100000000,-48.5927098201
2.4110000000,-49.0775821662
2.4120000000,-49.4612888793
2.4130000000,-49.7429106934
2.4140000000,-49.9217378457
2.4150000000,-49.9972721587
2.4160000000,-49.9692286880
2.4170000000,-49.8375369337
2.4180000000,-49.6023416086
2.4190000000,-49.2640029604
2.4200000000,-48.8230966457
2.4210000000,-48.2804131535
2.4220000000,-47.6369567763
2.4230000000,-46.8939441319
2.4240000000,-46.0528022328
2.4250000000,-45.1151661098
2.4260000000,-44.0828759884
2.4270000000,-42.9579740251
2.4280000000,-41.7427006070
2.4290000000,-40.4394902208
2.4300000000,-39.0509668979
2.4310000000,-37.5799392438
2.4320000000,-36.0293950593
2.4330000000,-34.4024955647
2.4340000000,-32.7025692354
2.4350000000,-30.9331052618
2.4360000000,-29.0977466455
2.4370000000,-27.2002829435
2.4380000000,-25.2446426759
2.4390000000,-23.2348854106
2.4400000000,-21.1751935408
2.4410000000,-19.0698637712
2.4420000000,-16.9232983301
2.4430000000,-14.7399959244
2.4440000000,-12.5245424560
2.4450000000,-10.2816015182
2.4460000000,-8.0159046913
2.4470000000,-5.7322416578
2.4480000000,-3.4354501565
2.4490000000,-1.1304057974
2.4500000000,1.1779882417
2.4510000000,3.4848116164
2.4520000000,5.7851372909
2.4530000000,8.0740420668
2.4540000000,10.3466171413
2.4550000000,12.5979786749
2.4560000000,14.8232783425
2.4570000000,17.0177138480
2.4580000000,19.1765393774
2.4590000000,21.2950759697
2.4600000000,23.3687217805
2.4610000000,25.3929622171
2.4620000000,27.3633799228
2.4630000000,29.2756645869
2.4640000000,31.1256225590
2.4650000000,32.9091862464
2.4660000000,34.6224232719
2.4670000000,36.2615453730
2.4680000000,37.8229170195
2.4690000000,39.3030637315
2.4700000000,40.6986800777
2.4710000000,42.0066373352
2.4720000000,43.2239907916
2.4730000000,44.3479866737
2.4740000000,45.3760686850
2.4750000000,46.3058841351
2.4760000000,47.1352896475
2.4770000000,47.8623564305
2.4780000000,48.4853750972
2.4790000000,49.0028600235
2.4800000000,49.4135532309
2.4810000000,49.7164277843
2.4820000000,49.9106906952
2.4830000000,49.9957853214
2.4840000000,49.9713932559
2.4850000000,49.8374356985
2.4860000000,49.5940743047
2.4870000000,49.2417115078
2.4880000000,48.7809903112
2.4890000000,48.2127935491
2.4900000000,47.5382426144
2.4910000000,46.7586956548
2.4920000000,45.8757452390
2.4930000000,44.8912154943
2.4940000000,43.8071587218
2.4950000000,42.6258514932
2.4960000000,41.3497902347
2.4970000000,39.9816863082
2.4980000000,38.5244605955
2.4990000000,36.9812375976
2.5000000000,35.3553390593
2.5010000000,33.6502771311
2.5020000000,31.8697470815
2.5030000000,30.0176195756
2.5040000000,28.0979325325
2.5050000000,26.1148825804
2.5060000000,24.0728161263
2.5070000000,21.9762200571
2.5080000000,19.8297120936
2.5090000000,17.6380308156
2.5100000000,15.4060253807
2.5110000000,13.1386449570
2.5120000000,10.8409278939
2.5130000000,8.5179906528
2.5140000000,6.1750165227
2.5150000000,3.8172441444
2.5160000000,1.4499558688
2.5170000000,-0.9215340243
2.5180000000,-3.2918912233
2.5190000000,-5.6557733680
2.5200000000,-8.0078420951
2.5210000000,-10.3427751173
2.5220000000,-12.6552783088
2.5230000000,-14.9400977709
2.5240000000,-17.1920318485
2.5250000000,-19.4059430716
2.5260000000,-21.5767699930
2.5270000000,-23.6995388957
2.5280000000,-25.7693753421
2.5290000000,-27.7815155381
2.5300000000,-29.7313174856
2.5310000000,-31.6142718966
2.5320000000,-33.4260128437
2.5330000000,-35.1623281196
2.5340000000,-36.8191692835
2.5350000000,-38.3926613669
2.5360000000,-39.8791122174
2.5370000000,-41.2750214562
2.5380000000,-42.5770890275
2.5390000000,-43.7822233187
2.5400000000,-44.8875488291
2.5410000000,-45.8904133708
2.5420000000,-46.7883947793
2.5430000000,-47.5793071191
2.5440000000,-48.2612063667
2.5450000000,-48.8323955550
2.5460000000,-49.2914293662
2.5470000000,-49.6371181594
2.5480000000,-49.8685314208
2.5490000000,-49.9850006269
2.5500000000,-49.9861215109
2.5510000000,-49.8717557244
2.5520000000,-49.6420318888
2.5530000000,-49.2973460296
2.5540000000,-48.8383613923
2.5550000000,-48.2660076352
2.5560000000,-47.5814794004
2.5570000000,-46.7862342617
2.5580000000,-45.8819900539
2.5590000000,-44.8707215841
2.5600000000,-43.7546567331
2.5610000000,-42.5362719507
2.5620000000,-41.2182871554
2.5630000000,-39.8036600451
2.5640000000,-38.2955798322
2.5650000000,-36.6974604138
2.5660000000,-35.0129329912
2.5670000000,-33.2458381531
2.5680000000,-31.4002174399
2.5690000000,-29.4803044054
2.5700000000,-27.4905151961
2.5710000000,-25.4354386676
2.5720000000,-23.3198260588
2.5730000000,-21.1485802477
2.5740000000,-18.9267446121
2.5750000000,-16.6594915184
2.5760000000,-14.3521104668
2.5770000000,-12.0099959163
2.5780000000,-9.6386348207
2.5790000000,-7.2435938999
2.5800000000,-4.8305066794
2.5810000000,-2.4050603250
2.5820000000,0.0270176955
2.5830000000,2.4599730928
2.5840000000,4.8880383474
2.5850000000,7.3054463801
2.5860000000,9.7064442685
2.5870000000,12.0853069783
2.5880000000,14.4363510751
2.5890000000,16.7539483854
2.5900000000,19.0325395724
2.5910000000,21.2666475951
2.5920000000,23.4508910173
2.5930000000,25.5799971329
2.5940000000,27.6488148781
2.5950000000,29.6523274951
2.5960000000,31.5856649184
2.5970000000,33.4441158513
2.5980000000,35.2231395032
2.5990000000,36.9183769571
2.6000000000,38.5256621388
2.6010000000,40.0410323595
2.6020000000,41.4607384052
2.6030000000,42.7812541446
2.6040000000,43.9992856335
2.6050000000,45.1117796881
2.6060000000,46.1159319063
2.6070000000,47.0091941152
2.6080000000,47.7892812229
2.6090000000,48.4541774566
2.6100000000,49.0021419697
2.6110000000,49.4317137999
2.6120000000,49.7417161650
2.6130000000,49.9312600828
2.6140000000,49.9997473028
2.6150000000,49.9468725405
2.6160000000,49.7726250054
2.6170000000,49.4772892163
2.6180000000,49.0614450985
2.6190000000,48.5259673599
2.6200000000,47.8720241450
2.6210000000,47.1010749655
2.6220000000,46.2148679118
2.6230000000,45.2154361471
2.6240000000,44.1050936912
2.6250000000,42.8864305000
2.6260000000,41.5623068518
2.6270000000,40.1358470490
2.6280000000,38.6104324495
2.6290000000,36.9896938418
2.6300000000,35.2775031795
2.6310000000,33.4779646929
2.6320000000,31.5954053977
2.6330000000,29.6343650212
2.6340000000,27.5995853682
2.6350000000,25.4959991518
2.6360000000,23.3287183129
2.6370000000,21.1030218566
2.6380000000,18.8243432330
2.6390000000,16.4982572918
2.6400000000,14.1304668415
2.6410000000,11.7267888453
2.6420000000,9.2931402861
2.6430000000,6.8355237342
2.6440000000,4.3600126533
2.6450000000,1.8727364795
2.6460000000,-0.6201344898
2.6470000000,-3.1124043609
2.6480000000,-5.5978670234
2.6490000000,-8.0703216095
2.6500000000,-10.5235879911
2.6510000000,-12.9515222785
2.6520000000,-15.3480322813
2.6530000000,-17.7070928914
2.6540000000,-20.0227613509
2.6550000000,-22.2891923647
2.6560000000,-24.5006530194
2.6570000000,-26.6515374716
2.6580000000,-28.7363813646
2.6590000000,-30.7498759393
2.6600000000,-32.6868818002
2.6610000000,-34.5424423017
2.6620000000,-36.3117965182
2.6630000000,-37.9903917642
2.6640000000,-39.5738956305
2.6650000000,-41.0582075049
2.6660000000,-42.4394695442
2.6670000000,-43.7140770696
2.6680000000,-44.8786883552
2.6690000000,-45.9302337826
2.6700000000,-46.8659243366
2.6710000000,-47.6832594163
2.6720000000,-48.3800339396
2.6730000000,-48.9543447203
2.6740000000,-49.4045960978
2.6750000000,-49.7295048036
2.6760000000,-49.9281040460
2.6770000000,-49.9997468032
2.6780000000,-49.9441083095
2.6790000000,-49.7611877281
2.6800000000,-49.4513089998
2.6810000000,-49.0151208647
2.6820000000,-48.4535960523
2.6830000000,-47.7680296377
2.6840000000,-46.9600365668
2.6850000000,-46.0315483522
2.6860000000,-44.9848089439
2.6870000000,-43.8223697852
2.6880000000,-42.5470840591
2.6890000000,-41.1621001404
2.6900000000,-39.6708542644
2.6910000000,-38.0770624302
2.6920000000,-36.3847115538
2.6930000000,-34.5980498937
2.6940000000,-32.7215767684
2.6950000000,-30.7600315907
2.6960000000,-28.7183822444
2.6970000000,-26.6018128304
2.6980000000,-24.4157108114
2.6990000000,-22.1656535872
2.7000000000,-19.8573945317
2.7010000000,-17.4968485262
2.7020000000,-15.0900770252
2.7030000000,-12.6432726913
2.7040000000,-10.1627436367
2.7050000000,-7.6548973126
2.7060000000,-5.1262240850
2.7070000000,-2.5832805401
2.7080000000,-0.0326725613
2.7090000000,2.5189617791
2.7100000000,5.0649694690
2.7110000000,7.5986999023
2.7120000000,10.1135222756
2.7130000000,12.6028429918
2.7140000000,15.0601230224
2.7150000000,17.4788951858
2.7160000000,19.8527812935
2.7170000000,22.1755091194
2.7180000000,24.4409291471
2.7190000000,26.6430310496
2.7200000000,28.7759598568
2.7210000000,30.8340317682
2.7220000000,32.8117495653
2.7230000000,34.7038175834
2.7240000000,36.5051562007
2.7250000000,38.2109158040
2.7260000000,39.8164901923
2.7270000000,41.3175293810
2.7280000000,42.7099517689
2.7290000000,43.9899556349
2.7300000000,45.1540299298
2.7310000000,46.1989643323
2.7320000000,47.1218585389
2.7330000000,47.9201307616
2.7340000000,48.5915254045
2.7350000000,49.1341198989
2.7360000000,49.5463306726
2.7370000000,49.8269182362
2.7380000000,49.9749913666
2.7390000000,49.9900103761
2.7400000000,49.8717894519
2.7410000000,49.6204980573
2.7420000000,49.2366613875
2.7430000000,48.7211598733
2.7440000000,48.0752277324
2.7450000000,47.3004505661
2.7460000000,46.3987620067
2.7470000000,45.3724394172
2.7480000000,44.2240986554
2.7490000000,42.9566879086
2.7500000000,41.5734806151
2.7510000000,40.0780674857
2.7520000000,38.4743476440
2.7530000000,36.7665189065
2.7540000000,34.9590672241
2.7550000000,33.0567553106
2.7560000000,31.0646104868
2.7570000000,28.9879117685
2.7580000000,26.8321762305
2.7590000000,24.6031446826
2.7600000000,22.3067666909
2.7610000000,19.9491849846
2.7620000000,17.5367192876
2.7630000000,15.0758496160
2.7640000000,12.5731990859
2.7650000000,10.0355162755
2.7660000000,7.4696571885
2.7670000000,4.8825668654
2.7680000000,2.2812606930
2.7690000000,-0.3271945396
2.7700000000,-2.9356997865
2.7710000000,-5.5371430411
2.7720000000,-8.1244187306
2.7730000000,-10.6904471552
2.7740000000,-13.2281939208
2.7750000000,-15.7306893096
2.7760000000,-18.1910475367
2.7770000000,-20.6024858389
2.7780000000,-22.9583433422
2.7790000000,-25.2520996563
2.7800000000,-27.4773931422
2.7810000000,-29.6280388023
2.7820000000,-31.6980457425
2.7830000000,-33.6816341555
2.7840000000,-35.5732517767
2.7850000000,-37.3675897661
2.7860000000,-39.0595979683
2.7870000000,-40.6444995080
2.7880000000,-42.1178046757
2.7890000000,-43.4753240645
2.7900000000,-44.7131809165
2.7910000000,-45.8278226437
2.7920000000,-46.8160314857
2.7930000000,-47.6749342734
2.7940000000,-48.4020112665
2.7950000000,-48.9951040370
2.7960000000,-49.4524223736
2.7970000000,-49.7725501828
2.7980000000,-49.9544503673
2.7990000000,-49.9974686630
2.8000000000,-49.9013364214
2.8010000000,-49.6661723235
2.8020000000,-49.2924830175
2.8030000000,-48.7811626746
2.8040000000,-48.1334914579
2.8050000000,-47.3511329075
2.8060000000,-46.4361302413
2.8070000000,-45.3909015816
2.8080000000,-44.2182341123
2.8090000000,-42.9212771833
2.8100000000,-41.5035343738
2.8110000000,-39.9688545351
2.8120000000,-38.3214218329
2.8130000000,-36.5657448137
2.8140000000,-34.7066445225
2.8150000000,-32.7492417010
2.8160000000,-30.6989430992
2.8170000000,-28.5614269365
2.8180000000,-26.3426275483
2.8190000000,-24.0487192596
2.8200000000,-21.6860995287
2.8210000000,-19.2613714043
2.8220000000,-16.7813253445
2.8230000000,-14.2529204469
2.8240000000,-11.6832651388
2.8250000000,-9.0795973837
2.8260000000,-6.4492644549
2.8270000000,-3.7997023350
2.8280000000,-1.1384147966
2.8290000000,1.5270477766
2.8300000000,4.1891097681
2.8310000000,6.8401918485
2.8320000000,9.4727325729
2.8330000000,12.0792099972
2.8340000000,14.6521632493
2.8350000000,17.1842139949
2.8360000000,19.6680877350
2.8370000000,22.0966348740
2.8380000000,24.4628514966
2.8390000000,26.7598997930
2.8400000000,28.9811280723
2.8410000000,31.1200903047
2.8420000000,33.1705651353
2.8430000000,35.1265743115
2.8440000000,36.9824004697
2.8450000000,38.7326042266
2.8460000000,40.3720405240
2.8470000000,41.8958741770
2.8480000000,43.2995945759
2.8490000000,44.5790294990
2.8500000000,45.7303579899
2.8510000000,46.7501222609
2.8520000000,47.6352385818
2.8530000000,48.3830071213
2.8540000000,48.9911207062
2.8550000000,49.4576724696
2.8560000000,49.7811623622
2.8570000000,49.9605025022
2.8580000000,49.9950213449
2.8590000000,49.8844666542
2.8600000000,49.6290072641
2.8610000000,49.2292336185
2.8620000000,48.6861570856
2.8630000000,48.0012080414
2.8640000000,47.1762327251
2.8650000000,46.2134888703
2.8660000000,45.1156401200
2.8670000000,43.8857492370
2.8680000000,42.5272701250
2.8690000000,41.0440386795
2.8700000000,39.4402624909
2.8710000000,37.7205094245
2.8720000000,35.8896951086
2.8730000000,33.9530693612
2.8740000000,31.9162015930
2.8750000000,29.7849652246
2.8760000000,27.5655211598
2.8770000000,25.2643003617
2.8780000000,22.8879855773
2.8790000000,20.4434922639
2.8800000000,17.9379487674
2.8810000000,15.3786758121
2.8820000000,12.7731653558
2.8830000000,10.1290588740
2.8840000000,7.4541251336
2.8850000000,4.7562375195
2.8860000000,2.0433509813
2.8870000000,-0.6765213342
2.8880000000,-3.3953316959
2.8890000000,-6.1050215783
2.8900000000,-8.7975455564
2.8910000000,-11.4648952377
2.8920000000,-14.0991231573
2.8930000000,-16.6923665666
2.8940000000,-19.2368710441
2.8950000000,-21.7250138559
2.8960000000,-24.1493269967
2.8970000000,-26.5025198404
2.8980000000,-28.7775013309
2.8990000000,-30.9674016461
2.9000000000,-33.0655932662
2.9010000000,-35.0657113834
2.9020000000,-36.9616735869
2.9030000000,-38.7476987635
2.9040000000,-40.4183251518
2.9050000000,-41.9684274950
2.9060000000,-43.3932332354
2.9070000000,-44.6883376989
2.9080000000,-45.8497182204
2.9090000000,-46.8737471626
2.9100000000,-47.7572037857
2.9110000000,-48.4972849269
2.9120000000,-49.0916144538
2.9130000000,-49.5382514580
2.9140000000,-49.8356971598
2.9150000000,-49.9829004972
2.9160000000,-49.9792623787
2.9170000000,-49.8246385811
2.9180000000,-49.5193412788
2.9190000000,-49.0641391941
2.9200000000,-48.4602563640
2.9210000000,-47.7093695207
2.9220000000,-46.8136040899
2.9230000000,-45.7755288126
2.9240000000,-44.5981490026
2.9250000000,-43.2848984542
2.9260000000,-41.8396300207
2.9270000000,-40.2666048865
2.9280000000,-38.5704805610
2.9290000000,-36.7562976264
2.9300000000,-34.8294652753
2.9310000000,-32.7957456762
2.9320000000,-30.6612372137
2.9330000000,-28.4323566463
2.9340000000,-26.1158202363
2.9350000000,-23.7186239031
2.9360000000,-21.2480224585
2.9370000000,-18.7115079838
2.9380000000,-16.1167874124
2.9390000000,-13.4717593832
2.9400000000,-10.7844904340
2.9410000000,-8.0631906049
2.9420000000,-5.3161885262
2.9430000000,-2.5519060635
2.9440000000,0.2211674016
2.9450000000,2.9945009779
2.9460000000,5.7595484787
2.9470000000,8.5077747634
2.9480000000,11.2306821252
2.9490000000,13.9198366442
2.9500000000,16.5668944231
2.9510000000,19.1636276247
2.9520000000,21.7019502282
2.9530000000,24.1739434258
2.9540000000,26.5718805765
2.9550000000,28.8882516396
2.9560000000,31.1157870101
2.9570000000,33.2474806783
2.9580000000,35.2766126399
2.9590000000,37.1967704840
2.9600000000,39.0018700883
2.9610000000,40.6861753529
2.9620000000,42.2443169092
2.9630000000,43.6713097400
2.9640000000,44.9625696525
2.9650000000,46.1139285479
2.9660000000,47.1216484360
2.9670000000,47.9824341450
2.9680000000,48.6934446837
2.9690000000,49.2523032130
2.9700000000,49.6571055926
2.9710000000,49.9064274692
2.9720000000,49.9993298790
2.9730000000,49.9353633419
2.9740000000,49.7145704272
2.9750000000,49.3374867796
2.9760000000,48.8051405946
2.9770000000,48.1190505396
2.9780000000,47.2812221222
2.9790000000,46.2941425107
2.9800000000,45.1607738179
2.9810000000,43.8845448632
2.9820000000,42.4693414347
2.9830000000,40.9194950746
2.9840000000,39.2397704204
2.9850000000,37.4353511341
2.9860000000,35.5118244616
2.9870000000,33.4751644638
2.9880000000,31.3317139698
2.9890000000,29.0881653032
2.9900000000,26.7515398398
2.9910000000,24.3291664562
2.9920000000,21.8286589349
2.9930000000,19.2578923938
2.9940000000,16.6249788111
2.9950000000,13.9382417214
2.9960000000,11.2061901605
2.9970000000,8.4374919386
2.9980000000,5.6409463265
2.9990000000,2.8254562383
3.0000000000,0.0000000000
3.0010000000,-2.8263972096
3.0020000000,-5.6446921529
3.0030000000,-8.4458524719
3.0040000000,-11.2208856795
3.0050000000,-13.9608681081
3.0060000000,-16.6569737256
3.0070000000,-19.3005027222
3.0080000000,-21.8829097783
3.0090000000,-24.3958319181
3.0100000000,-26.8311158603
3.0110000000,-29.1808447739
3.0120000000,-31.4373643519
3.0130000000,-33.5933081144
3.0140000000,-35.6416218587
3.0150000000,-37.5755871726
3.0160000000,-39.3888439312
3.0170000000,-41.0754117021
3.0180000000,-42.6297099841
3.0190000000,-44.0465772103
3.0200000000,-45.3212884490
3.0210000000,-46.4495717406
3.0220000000,-47.4276230119
3.0230000000,-48.2521195144
3.0240000000,-48.9202317377
3.0250000000,-49.4296337529
3.0260000000,-49.7785119475
3.0270000000,-49.9655721172
3.0280000000,-49.9900448841
3.0290000000,-49.8516894205
3.0300000000,-49.5507954566
3.0310000000,-49.0881835621
3.0320000000,-48.4652036921
3.0330000000,-47.6837319982
3.0340000000,-46.7461659066
3.0350000000,-45.6554174752
3.0360000000,-44.4149050428
3.0370000000,-43.0285431947
3.0380000000,-41.5007310683
3.0390000000,-39.8363390337
3.0400000000,-38.0406937859
3.0410000000,-36.1195618922
3.0420000000,-34.0791318431
3.0430000000,-31.9259946616
3.0440000000,-29.6671231277
3.0450000000,-27.3098496837
3.0460000000,-24.8618430868
3.0470000000,-22.3310838828
3.0480000000,-19.7258387769
3.0490000000,-17.0546339831
3.0500000000,-14.3262276364
3.0510000000,-11.5495813552
3.0520000000,-8.7338310470
3.0530000000,-5.8882570487
3.0540000000,-3.0222537014
3.0550000000,-0.1452984557
3.0560000000,2.7330793894
3.0570000000,5.6033302122
3.0580000000,8.4559157544
3.0590000000,11.2813408630
3.0600000000,14.0701851820
3.0610000000,16.8131346881
3.0620000000,19.5010129651
3.0630000000,22.1248121111
3.0640000000,24.6757231737
3.0650000000,27.1451660108
3.0660000000,29.5248184738
3.0670000000,31.8066448141
3.0680000000,33.9829232142
3.0690000000,36.0462723484
3.0700000000,37.9896768802
3.0710000000,39.8065118077
3.0720000000,41.4905655700
3.0730000000,43.0360618338
3.0740000000,44.4376798807
3.0750000000,45.6905735234
3.0760000000,46.7903884798
3.0770000000,47.7332781431
3.0780000000,48.5159176869
3.0790000000,49.1355164533
3.0800000000,49.5898285753
3.0810000000,49.8771617914
3.0820000000,49.9963844166
3.0830000000,49.9469304388
3.0840000000,49.7288027170
3.0850000000,49.3425742645
3.0860000000,48.7893876048
3.0870000000,48.0709521955
3.0880000000,47.1895399232
3.0890000000,46.1479786766
3.0900000000,44.9496440134
3.0910000000,43.5984489426
3.0920000000,42.0988318497
3.0930000000,40.4557425999
3.0940000000,38.6746268596
3.0950000000,36.7614086845
3.0960000000,34.7224714248
3.0970000000,32.5646370108
3.0980000000,30.2951436797
3.0990000000,27.9216222171
3.1000000000,25.4520707875
3.1010000000,22.8948284366
3.1020000000,20.2585473488
3.1030000000,17.5521639535
3.1040000000,14.7848689732
3.1050000000,11.9660765126
3.1060000000,9.1053922926
3.1070000000,6.2125811338
3.1080000000,3.2975337998
3.1090000000,0.3702333109
3.1100000000,-2.5592791566
3.1110000000,-5.4809386697
3.1120000000,-8.3846911206
3.1130000000,-11.2605278700
3.1140000000,-14.0985203351
3.1150000000,-16.8888544006
3.1160000000,-19.6218645349
3.1170000000,-22.2880674907
3.1180000000,-24.8781954741
3.1190000000,-27.3832286632
3.1200000000,-29.7944269636
3.1210000000,-32.1033608855
3.1220000000,-34.3019414350
3.1230000000,-36.3824489098
3.1240000000,-38.3375604973
3.1250000000,-40.1603765740
3.1260000000,-41.8444456106
3.1270000000,-43.3837875908
3.1280000000,-44.7729158578
3.1290000000,-46.0068573061
3.1300000000,-47.0811708424
3.1310000000,-47.9919640464
3.1320000000,-48.7359079647
3.1330000000,-49.3102499817
3.1340000000,-49.7128247150
3.1350000000,-49.9420628897
3.1360000000,-49.9969981543
3.1370000000,-49.8772718066
3.1380000000,-49.5831354058
3.1390000000,-49.1154512548
3.1400000000,-48.4756907420
3.1410000000,-47.6659305429
3.1420000000,-46.6888466861
3.1430000000,-45.5477064967
3.1440000000,-44.2463584397
3.1450000000,-42.7892198897
3.1460000000,-41.1812628647
3.1470000000,-39.4279977649
3.1480000000,-37.5354551699
3.1490000000,-35.5101657480
3.1500000000,-33.3591383452
3.1510000000,-31.0898363233
3.1520000000,-28.7101522247
3.1530000000,-26.2283808480
3.1540000000,-23.6531908242
3.1550000000,-20.9935947886
3.1560000000,-18.2589182497
3.1570000000,-15.4587672598
3.1580000000,-12.6029949996
3.1590000000,-9.7016673905
3.1600000000,-6.7650278528
3.1610000000,-3.8034613338
3.1620000000,-0.8274577304
3.1630000000,2.1524251672
3.1640000000,5.1255990770
3.1650000000,8.0814828435
3.1660000000,11.0095401367
3.1670000000,13.8993170988
3.1680000000,16.7404798041
3.1690000000,19.5228513967
3.1700000000,22.2364487731
3.1710000000,24.8715186762
3.1720000000,27.4185730698
3.1730000000,29.8684236642
3.1740000000,32.2122154666
3.1750000000,34.4414592320
3.1760000000,36.5480626949
3.1770000000,38.5243604644
3.1780000000,40.3631424730
3.1790000000,42.0576808681
3.1800000000,43.6017552483
3.1810000000,44.9896761440
3.1820000000,46.2163066543
3.1830000000,47.2770821552
3.1840000000,48.1680280006
3.1850000000,48.8857751455
3.1860000000,49.4275736290
3.1870000000,49.7913038593
3.1880000000,49.9754856534
3.1890000000,49.9792849905
3.1900000000,49.8025184469
3.1910000000,49.4456552889
3.1920000000,48.9098172068
3.1930000000,48.1967756839
3.1940000000,47.3089470018
3.1950000000,46.2493848908
3.1960000000,45.0217708461
3.1970000000,43.6304021349
3.1980000000,42.0801775311
3.1990000000,40.3765808222
3.2000000000,38.5256621388
3.2010000000,36.5340171703
3.2020000000,34.4087643326
3.2030000000,32.1575199650
3.2040000000,29.7883716412
3.2050000000,27.3098496837
3.2060000000,24.7308969808
3.2070000000,22.0608372100
3.2080000000,19.3093415794
3.2090000000,16.4863942035
3.2100000000,13.6022562353
3.2110000000,10.6674288824
3.2120000000,7.6926154396
3.2130000000,4.6886824721
3.2140000000,1.6666202914
3.2150000000,-1.3624971346
3.2160000000,-4.3875526917
3.2170000000,-7.3974269014
3.2180000000,-10.3810388258
3.2190000000,-13.3273869456
3.2200000000,-16.2255898591
3.2210000000,-19.0649266524
3.2220000000,-21.8348767904
3.2230000000,-24.5251593791
3.2240000000,-27.1257716527
3.2250000000,-29.6270265395
3.2260000000,-32.0195891651
3.2270000000,-34.2945121538
3.2280000000,-36.4432695931
3.2290000000,-38.4577895312
3.2300000000,-40.3304848813
3.2310000000,-42.0542826130
3.2320000000,-43.6226511164
3.2330000000,-45.0296256307
3.2340000000,-46.2698316360
3.2350000000,-47.3385061155
3.2360000000,-48.2315165990
3.2370000000,-48.9453779128
3.2380000000,-49.4772665622
3.2390000000,-49.8250326873
3.2400000000,-49.9872095381
3.2410000000,-49.9630204253
3.2420000000,-49.7523831124
3.2430000000,-49.3559116236
3.2440000000,-48.7749154523
3.2450000000,-48.0113961645
3.2460000000,-47.0680414001
3.2470000000,-45.9482162870
3.2480000000,-44.6559522903
3.2490000000,-43.1959335309
3.2500000000,-41.5734806151
3.2510000000,-39.7945320287
3.2520000000,-37.8656231564
3.2530000000,-35.7938629980
3.2540000000,-33.5869086613
3.2550000000,-31.2529377200
3.2560000000,-28.8006185336
3.2570000000,-26.2390786352
3.2580000000,-23.5778712983
3.2590000000,-20.8269404049
3.2600000000,-17.9965837400
3.2610000000,-15.0974148478
3.2620000000,-12.1403235877
3.2630000000,-9.1364355353
3.2640000000,-6.0970703794
3.2650000000,-3.0336994683
3.2660000000,0.0420973366
3.2670000000,3.1186753367
3.2680000000,6.1843690398
3.2690000000,9.2275364040
3.2700000000,12.2366031135
3.2710000000,15.2001067199
3.2720000000,18.1067404787
3.2730000000,20.9453967141
3.2740000000,23.7052095443
3.2750000000,26.3755968029
3.2760000000,28.9463009928
3.2770000000,31.4074291144
3.2780000000,33.7494912099
3.2790000000,35.9634374746
3.2800000000,38.0406937859
3.2810000000,39.9731955103
3.2820000000,41.7534194525
3.2830000000,43.3744138179
3.2840000000,44.8298260671
3.2850000000,46.1139285479
3.2860000000,47.2216418000
3.2870000000,48.1485554332
3.2880000000,48.8909464932
3.2890000000,49.4457952337
3.2900000000,49.8107982259
3.2910000000,49.9843787474
3.2920000000,49.9656943995
3.2930000000,49.7546419149
3.2940000000,49.3518591291
3.2950000000,48.7587240955
3.2960000000,47.9773513415
3.2970000000,47.0105852680
3.2980000000,45.8619907093
3.2990000000,44.5358406806
3.3000000000,43.0371013502
3.3010000000,41.3714142873
3.3020000000,39.5450760424
3.3030000000,37.5650151335
3.3040000000,35.4387665165
3.3050000000,33.1744436321
3.3060000000,30.7807081291
3.3070000000,28.2667373738
3.3080000000,25.6421898661
3.3090000000,22.9171686878
3.3100000000,20.1021831207
3.3110000000,17.2081085774
3.3120000000,14.2461449955
3.3130000000,11.2277738527
3.3140000000,8.1647139661
3.3150000000,5.0688762437
3.3160000000,1.9523175632
3.3170000000,-1.1728060463
3.3180000000,-4.2942867372
3.3190000000,-7.3999125077
3.3200000000,-10.4775150123
3.3210000000,-13.5150173301
3.3220000000,-16.5004815048
3.3230000000,-19.4221556680
3.3240000000,-22.2685205593
3.3250000000,-25.0283352584
3.3260000000,-27.6906819479
3.3270000000,-30.2450095241
3.3280000000,-32.6811758845
3.3290000000,-34.9894887174
3.3300000000,-37.1607446298
3.3310000000,-39.1862664526
3.3320000000,-41.0579385708
3.3330000000,-42.7682401318
3.3340000000,-44.3102759937
3.3350000000,-45.6778052835
3.3360000000,-46.8652674455
3.3370000000,-47.8678056663
3.3380000000,-48.6812875773
3.3390000000,-49.3023231412
3.3400000000,-49.7282796449
3.3410000000,-49.9572937272
3.3420000000,-49.9882803855
3.3430000000,-49.8209389153
3.3440000000,-49.4557557479
3.3450000000,-48.8940041663
3.3460000000,-48.1377408890
3.3470000000,-47.1897995256
3.3480000000,-46.0537809191
3.3490000000,-44.7340404051
3.3500000000,-43.2356720260
3.3510000000,-41.5644897557
3.3520000000,-39.7270057979
3.3530000000,-37.7304060372
3.3540000000,-35.5825227297
3.3550000000,-33.2918045353
3.3560000000,-30.8672840019
3.3570000000,-28.3185426231
3.3580000000,-25.6556736033
3.3590000000,-22.8892424697
3.3600000000,-20.0302456846
3.3610000000,-17.0900674158
3.3620000000,-14.0804346342
3.3630000000,-11.0133707127
3.3640000000,-7.9011477089
3.3650000000,-4.7562375195
3.3660000000,-1.5912620986
3.3670000000,1.5810570613
3.3680000000,4.7479499849
3.3690000000,7.8966496022
3.3700000000,11.0144432618
3.3710000000,14.0887241623
3.3720000000,17.1070424939
3.3730000000,20.0571560807
3.3740000000,22.9270803198
3.3750000000,25.7051372097
3.3760000000,28.3800032680
3.3770000000,30.9407561409
3.3780000000,33.3769197092
3.3790000000,35.6785075046
3.3800000000,37.8360642533
3.3810000000,39.8407053726
3.3820000000,41.6841542526
3.3830000000,43.3587771649
3.3840000000,44.8576156472
3.3850000000,46.1744162247
3.3860000000,47.3036573378
3.3870000000,48.2405733582
3.3880000000,48.9811755841
3.3890000000,49.5222701205
3.3900000000,49.8614725611
3.3910000000,49.9972194007
3.3920000000,49.9287761216
3.3930000000,49.6562419096
3.3940000000,49.1805509694
3.3950000000,48.5034704232
3.3960000000,47.6275947901
3.3970000000,46.5563370570
3.3980000000,45.2939163681
3.3990000000,43.8453423712
3.4000000000,42.2163962751
3.4010000000,40.4136086852
3.4020000000,38.4442342980
3.4030000000,36.3162235484
3.4040000000,34.0381913174
3.4050000000,31.6193828186
3.4060000000,29.0696367963
3.4070000000,26.3993461775
3.4080000000,23.6194163326
3.4090000000,20.7412211091
3.4100000000,17.7765568134
3.4110000000,14.7375943241
3.4120000000,11.6368295293
3.4130000000,8.4870322874
3.4140000000,5.3011941180
3.4150000000,2.0924748370
3.4160000000,-1.1258516477
3.4170000000,-4.3404521570
3.4180000000,-7.5379894513
3.4190000000,-10.7051776042
3.4200000000,-13.8288373090
3.4210000000,-16.8959508865
3.4220000000,-19.8937167660
3.4230000000,-22.8096032098
3.4240000000,-25.6314010542
3.4250000000,-28.3472752450
3.4260000000,-30.9458149484
3.4270000000,-33.4160820226
3.4280000000,-35.7476576426
3.4290000000,-37.9306868789
3.4300000000,-39.9559210337
3.4310000000,-41.8147575543
3.4320000000,-43.4992773449
3.4330000000,-45.0022793152
3.4340000000,-46.3173120098
3.4350000000,-47.4387021778
3.4360000000,-48.3615801524
3.4370000000,-49.0819019229
3.4380000000,-49.5964677976
3.4390000000,-49.9029375659
3.4400000000,-49.9998420864
3.4410000000,-49.8865912403
3.4420000000,-49.5634782038
3.4430000000,-49.0316800119
3.4440000000,-48.2932543974
3.4450000000,-47.3511329075
3.4460000000,-46.2091103145
3.4470000000,-44.8718303552
3.4480000000,-43.3447678446
3.4490000000,-41.6342072309
3.4500000000,-39.7472176694
3.4510000000,-37.6916247104
3.4520000000,-35.4759787104
3.4530000000,-33.1095200890
3.4540000000,-30.6021415707
3.4550000000,-27.9643475601
3.4560000000,-25.2072108158
3.4570000000,-22.3423265970
3.4580000000,-19.3817644708
3.4590000000,-16.3380179767
3.4600000000,-13.2239523570
3.4610000000,-10.0527505681
3.4620000000,-6.8378577989
3.4630000000,-3.5929247269
3.4640000000,-0.3317497501
3.4650000000,2.9317795613
3.4660000000,6.1837455455
3.4670000000,9.4102598130
3.4680000000,12.5975226387
3.4690000000,15.7318821294
3.4700000000,18.7998929129
3.4710000000,21.7883740943
3.4720000000,24.6844662308
3.4730000000,27.4756870760
3.4740000000,30.1499858510
3.4750000000,32.6957958054
3.4760000000,35.1020848354
3.4770000000,37.3584039373
3.4780000000,39.4549332790
3.4790000000,41.3825256857
3.4800000000,43.1327473430
3.4810000000,44.6979155334
3.4820000000,46.0711332353
3.4830000000,47.2463204233
3.4840000000,48.2182419269
3.4850000000,48.9825317137
3.4860000000,49.5357134828
3.4870000000,49.8752174672
3.4880000000,49.9993933601
3.4890000000,49.9075192975
3.4900000000,49.5998068456
3.4910000000,49.0774019583
3.4920000000,48.3423818888
3.4930000000,47.3977480553
3.4940000000,46.2474148789
3.4950000000,44.8961946305
3.4960000000,43.3497783381
3.4970000000,41.6147128277
3.4980000000,39.6983739826
3.4990000000,37.6089363277
3.5000000000,35.3553390593
3.5010000000,32.9472486564
3.5020000000,30.3950182265
3.5030000000,27.7096437529
3.5040000000,24.9027174247
3.5050000000,21.9863782442
3.5060000000,18.9732601183
3.5070000000,15.8764376547
3.5080000000,12.7093698908
3.5090000000,9.4858421962
3.5100000000,6.2199065981
3.5110000000,2.9258207844
3.5120000000,-0.3820139500
3.5130000000,-3.6891155465
3.5140000000,-6.9809845418
3.5150000000,-10.2431676651
3.5160000000,-13.4613213957
3.5170000000,-16.6212752014
3.5180000000,-19.7090941776
3.5190000000,-22.7111408103
3.5200000000,-25.6141355878
3.5210000000,-28.4052161904
3.5220000000,-31.0719949926
3.5230000000,-33.6026146194
3.5240000000,-35.9858013035
3.5250000000,-38.2109158040
3.5260000000,-40.2680016503
3.5270000000,-42.1478304921
3.5280000000,-43.8419443452
3.5290000000,-45.3426945352
3.5300000000,-46.6432771580
3.5310000000,-47.7377648879
3.5320000000,-48.6211349810
3.5330000000,-49.2892933382
3.5340000000,-49.7390945085
3.5350000000,-49.9683575310
3.5360000000,-49.9758775316
3.5370000000,-49.7614330112
3.5380000000,-49.3257887779
3.5390000000,-48.6706944976
3.5400000000,-47.7988788553
3.5410000000,-46.7140393396
3.5420000000,-45.4208276828
3.5430000000,-43.9248310073
3.5440000000,-42.2325487497
3.5450000000,-40.3513654519
3.5460000000,-38.2895195295
3.5470000000,-36.0560681426
3.5480000000,-33.6608483157
3.5490000000,-31.1144344684
3.5500000000,-28.4280925367
3.5510000000,-25.6137308787
3.5520000000,-22.6838481767
3.5530000000,-19.6514785582
3.5540000000,-16.5301341757
3.5550000000,-13.3337454936
3.5560000000,-10.0765995444
3.5570000000,-6.7732764258
3.5580000000,-3.4385843179
3.5590000000,-0.0874933108
3.5600000000,3.2649316665
3.5610000000,6.6035985119
3.5620000000,9.9134559118
3.5630000000,13.1795612891
3.5640000000,16.3871484332
3.5650000000,19.5216945039
3.5660000000,22.5689861051
3.5670000000,25.5151841270
3.5680000000,28.3468870582
3.5690000000,31.0511924775
3.5700000000,33.6157564411
3.5710000000,36.0288504884
3.5720000000,38.2794160021
3.5730000000,40.3571156664
3.5740000000,42.2523817814
3.5750000000,43.9564612045
3.5760000000,45.4614567034
3.5770000000,46.7603645229
3.5780000000,47.8471079813
3.5790000000,48.7165669326
3.5800000000,49.3646029464
3.5810000000,49.7880800787
3.5820000000,49.9848811242
3.5830000000,49.9539192623
3.5840000000,49.6951450307
3.5850000000,49.2095485782
3.5860000000,48.4991571738
3.5870000000,47.5670279680
3.5880000000,46.4172360247
3.5890000000,45.0548576651
3.5900000000,43.4859491841
3.5910000000,41.7175210233
3.5920000000,39.7575075050
3.5930000000,37.6147322531
3.5940000000,35.2988694451
3.5950000000,32.8204010617
3.5960000000,30.1905703173
3.5970000000,27.4213314749
3.5980000000,24.5252962643
3.5990000000,21.5156771406
3.6000000000,18.4062276342
3.6010000000,15.2111800587
3.6020000000,11.9451808558
3.6030000000,8.6232238687
3.6040000000,5.2605818448
3.6050000000,1.8727364795
3.6060000000,-1.5246926795
3.6070000000,-4.9160201441
3.6080000000,-8.2855668808
3.6090000000,-11.6177328581
3.6100000000,-14.8970694075
3.6110000000,-18.1083510655
3.6120000000,-21.2366465591
3.6130000000,-24.2673886041
3.6140000000,-27.1864421886
3.6150000000,-29.9801710192
3.6160000000,-32.6355018162
3.6170000000,-35.1399861517
3.6180000000,-37.4818595357
3.6190000000,-39.6500974668
3.6200000000,-41.6344681767
3.6210000000,-43.4255818134
3.6220000000,-45.0149358219
3.6230000000,-46.3949563003
3.6240000000,-47.5590351252
3.6250000000,-48.5015626597
3.6260000000,-49.2179558795
3.6270000000,-49.7046817691
3.6280000000,-49.9592758670
3.6290000000,-49.9803558564
3.6300000000,-49.7676301230
3.6310000000,-49.3219012254
3.6320000000,-48.6450642462
3.6330000000,-47.7401000145
3.6340000000,-46.6110632183
3.6350000000,-45.2630654458
3.6360000000,-43.7022532200
3.6370000000,-41.9357811152
3.6380000000,-39.9717800666
3.6390000000,-37.8193210078
3.6400000000,-35.4883739929
3.6410000000,-32.9897629832
3.6420000000,-30.3351164971
3.6430000000,-27.5368143445
3.6440000000,-24.6079306855
3.6450000000,-21.5621736700
3.6460000000,-18.4138219339
3.6470000000,-15.1776582431
3.6480000000,-11.8689005891
3.6490000000,-8.5031310563
3.6500000000,-5.0962227898
3.6510000000,-1.6642654043
3.6520000000,1.7765108156
3.6530000000,5.2098115708
3.6540000000,8.6193556944
3.6550000000,11.9889524267
3.6560000000,15.3025784515
3.6570000000,18.5444543267
3.6580000000,21.6991199432
3.6590000000,24.7515086510
3.6600000000,27.6870196959
3.6610000000,30.4915886143
3.6620000000,33.1517552480
3.6630000000,35.6547290441
3.6640000000,37.9884513222
3.6650000000,40.1416542023
3.6660000000,42.1039159013
3.6670000000,43.8657121227
3.6680000000,45.4184632835
3.6690000000,46.7545773379
3.6700000000,47.8674879811
3.6710000000,48.7516880354
3.6720000000,49.4027578446
3.6730000000,49.8173885256
3.6740000000,49.9933999499
3.6750000000,49.9297533532
3.6760000000,49.6265584960
3.6770000000,49.0850753253
3.6780000000,48.3077101124
3.6790000000,47.2980060679
3.6800000000,46.0606284649
3.6810000000,44.6013443232
3.6820000000,42.9269967376
3.6830000000,41.0454739575
3.6840000000,38.9656733512
3.6850000000,36.6974604138
3.6860000000,34.2516230017
3.6870000000,31.6398210006
3.6880000000,28.8745316566
3.6890000000,25.9689908219
3.6900000000,22.9371303874
3.6910000000,19.7935121936
3.6920000000,16.5532587293
3.6930000000,13.2319809450
3.6940000000,9.8457035219
3.6950000000,6.4107879523
3.6960000000,2.9438537969
3.6970000000,-0.5383015018
3.6980000000,-4.0187838666
3.6990000000,-7.4806845000
3.7000000000,-10.9071620698
3.7010000000,-14.2815247662
3.7020000000,-17.5873118312
3.7030000000,-20.8083741600
3.7040000000,-23.9289535803
3.7050000000,-26.9337604174
3.7060000000,-29.8080489616
3.7070000000,-32.5376904642
3.7080000000,-35.1092432962
3.7090000000,-37.5100199202
3.7100000000,-39.7281503367
3.7110000000,-41.7526416850
3.7120000000,-43.5734336950
3.7130000000,-45.1814497051
3.7140000000,-46.5686429851
3.7150000000,-47.7280381200
3.7160000000,-48.6537672397
3.7170000000,-49.3411008992
3.7180000000,-49.7864734441
3.7190000000,-49.9875027173
3.7200000000,-49.9430039968
3.7210000000,-49.6529980753
3.7220000000,-49.1187134280
3.7230000000,-48.3425824374
3.7240000000,-47.3282316778
3.7250000000,-46.0804662900
3.7260000000,-44.6052485044
3.7270000000,-42.9096704031
3.7280000000,-41.0019210367
3.7290000000,-38.8912480428
3.7300000000,-36.5879139400
3.7310000000,-34.1031472963
3.7320000000,-31.4490890000
3.7330000000,-28.6387338850
3.7340000000,-25.6858679840
3.7350000000,-22.6050017099
3.7360000000,-19.4112992845
3.7370000000,-16.1205047520
3.7380000000,-12.7488649376
3.7390000000,-9.3130497218
3.7400000000,-5.8300700212
3.7410000000,-2.3171938760
3.7420000000,1.2081389437
3.7430000000,4.7284033920
3.7440000000,8.2260762337
3.7450000000,11.6837233319
3.7460000000,15.0840867009
3.7470000000,18.4101708896
3.7480000000,21.6453282635
3.7490000000,24.7733427535
3.7500000000,27.7785116510
3.7510000000,30.6457250331
3.7520000000,33.3605424137
3.7530000000,35.9092662296
3.7540000000,38.2790117824
3.7550000000,40.4577732777
3.7560000000,42.4344856172
3.7570000000,44.1990816218
3.7580000000,45.7425443856
3.7590000000,47.0569544833
3.7600000000,48.1355317778
3.7610000000,48.9726716041
3.7620000000,49.5639751290
3.7630000000,49.9062737178
3.7640000000,49.9976471679
3.7650000000,49.8374356985
3.7660000000,49.4262456190
3.7670000000,48.7659486279
3.7680000000,47.8596747284
3.7690000000,46.7117987758
3.7700000000,45.3279207087
3.7710000000,43.7148395427
3.7720000000,41.8805212423
3.7730000000,39.8340606136
3.7740000000,37.5856373952
3.7750000000,35.1464667510
3.7760000000,32.5287444006
3.7770000000,29.7455866493
3.7780000000,26.8109656069
3.7790000000,23.7396399111
3.7800000000,20.5470812923
3.7810000000,17.2493973427
3.7820000000,13.8632508702
3.7830000000,10.4057762371
3.7840000000,6.8944931016
3.7850000000,3.3472179921
3.7860000000,-0.2180258392
3.7870000000,-3.7830998321
3.7880000000,-7.3298423381
3.7890000000,-10.8401611775
3.7900000000,-14.2961260627
3.7910000000,-17.6800604135
3.7920000000,-20.9746320957
3.7930000000,-24.1629426142
3.7940000000,-27.2286143002
3.7950000000,-30.1558750419
3.7960000000,-32.9296401150
3.7970000000,-35.5355906881
3.7980000000,-37.9602485889
3.7990000000,-40.1910469380
3.8000000000,-42.2163962751
3.8010000000,-44.0257458261
3.8020000000,-45.6096395809
3.8030000000,-46.9597668800
3.8040000000,-48.0690072325
3.8050000000,-48.9314691198
3.8060000000,-49.5425225662
3.8070000000,-49.8988252920
3.8080000000,-49.9983422946
3.8090000000,-49.8403587388
3.8100000000,-49.4254860692
3.8110000000,-48.7556612949
3.8120000000,-47.8341394289
3.8130000000,-46.6654791035
3.8140000000,-45.2555214142
3.8150000000,-43.6113620835
3.8160000000,-41.7413170687
3.8170000000,-39.6548817732
3.8180000000,-37.3626840537
3.8190000000,-34.8764312490
3.8200000000,-32.2088514890
3.8210000000,-29.3736295695
3.8220000000,-26.3853377131
3.8230000000,-23.2593615580
3.8240000000,-20.0118217483
3.8250000000,-16.6594915184
3.8260000000,-13.2197106907
3.8270000000,-9.7102965224
3.8280000000,-6.1494518575
3.8290000000,-2.5556710542
3.8300000000,1.0523558278
3.8310000000,4.6558400858
3.8320000000,8.2359921753
3.8330000000,11.7741197456
3.8340000000,15.2517253985
3.8350000000,18.6506036572
3.8360000000,21.9529366385
3.8370000000,25.1413879210
3.8380000000,28.1991941156
3.8390000000,31.1102536501
3.8400000000,33.8592122959
3.8410000000,36.4315449782
3.8420000000,38.8136334306
3.8430000000,40.9928392743
3.8440000000,42.9575721254
3.8450000000,44.6973523573
3.8460000000,46.2028681745
3.8470000000,47.4660266800
3.8480000000,48.4799986511
3.8490000000,49.2392567700
3.8500000000,49.7396070881
3.8510000000,49.9782135401
3.8520000000,49.9536153586
3.8530000000,49.6657372755
3.8540000000,49.1158924380
3.8550000000,48.3067780014
3.8560000000,47.2424634013
3.8570000000,45.9283713473
3.8580000000,44.3712516164
3.8590000000,42.5791477655
3.8600000000,40.5613569181
3.8610000000,38.3283828195
3.8620000000,35.8918823893
3.8630000000,33.2646060357
3.8640000000,30.4603320321
3.8650000000,27.4937952857
3.8660000000,24.3806108614
3.8670000000,21.1371926519
3.8680000000,17.7806676135
3.8690000000,14.3287860095
3.8700000000,10.7998281297
3.8710000000,7.2125079703
3.8720000000,3.5858743810
3.8730000000,-0.0607898029
3.8740000000,-3.7080701100
3.8750000000,-7.3365237228
3.8760000000,-10.9267831582
3.8770000000,-14.4596597880
3.8780000000,-17.9162466433
3.8790000000,-21.2780199531
3.8800000000,-24.5269388686
3.8810000000,-27.6455428360
3.8820000000,-30.6170460885
3.8830000000,-33.4254287437
3.8840000000,-36.0555240075
3.8850000000,-38.4931010074
3.8860000000,-40.7249427969
3.8870000000,-42.7389190990
3.8880000000,-44.5240533835
3.8890000000,-46.0705839005
3.8900000000,-47.3700183270
3.8910000000,-48.4151817111
3.8920000000,-49.2002574407
3.8930000000,-49.7208209933
3.8940000000,-49.9738662656
3.8950000000,-49.9578243209
3.8960000000,-49.6725744304
3.8970000000,-49.1194473276
3.8980000000,-48.3012206367
3.8990000000,-47.2221064761
3.9000000000,-45.8877312842
3.9010000000,-44.3051079525
3.9020000000,-42.4826003958
3.9030000000,-40.4298807307
3.9040000000,-38.1578792719
3.9050000000,-35.6787275988
3.9060000000,-33.0056949797
3.9070000000,-30.1531184812
3.9080000000,-27.1363271231
3.9090000000,-23.9715604752
3.9100000000,-20.6758821207
3.9110000000,-17.2670884438
3.9120000000,-13.7636132238
3.9130000000,-10.1844285420
3.9140000000,-6.5489425321
3.9150000000,-2.8768945206
3.9160000000,0.8117518777
3.9170000000,4.4969171326
3.9180000000,8.1585150530
3.9190000000,11.7765623281
3.9200000000,15.3312877600
3.9210000000,18.8032405877
3.9220000000,22.1733973099
3.9230000000,25.4232664175
3.9240000000,28.5349904559
3.9250000000,31.4914448533
3.9260000000,34.2763329621
3.9270000000,36.8742767838
3.9280000000,39.2709028667
3.9290000000,41.4529228929
3.9300000000,43.4082084963
3.9310000000,45.1258598855
3.9320000000,46.5962678767
3.9330000000,47.8111689772
3.9340000000,48.7636931982
3.9350000000,49.4484043116
3.9360000000,49.8613323095
3.9370000000,49.9999978659
3.9380000000,49.8634286422
3.9390000000,49.4521673248
3.9400000000,48.7682713271
3.9410000000,47.8153041347
3.9420000000,46.5983183169
3.9430000000,45.1238302768
3.9440000000,43.3997868550
3.9450000000,41.4355239499
3.9460000000,39.2417173605
3.9470000000,36.8303261028
3.9480000000,34.2145284920
3.9490000000,31.4086513252
3.9500000000,28.4280925367
3.9510000000,25.2892377393
3.9520000000,22.0093710941
3.9530000000,18.6065809912
3.9540000000,15.0996610485
3.9550000000,11.5080069674
3.9560000000,7.8515098059
3.9570000000,4.1504462541
3.9580000000,0.4253665142
3.9590000000,-3.3030195977
3.9600000000,-7.0139576978
3.9610000000,-10.6867643910
3.9620000000,-14.3009426940
3.9630000000,-17.8362966816
3.9640000000,-21.2730447118
3.9650000000,-24.5919305967
3.9660000000,-27.7743320885
3.9670000000,-30.8023660691
3.9680000000,-33.6589898452
3.9690000000,-36.3280979695
3.9700000000,-38.7946140365
3.9710000000,-41.0445769209
3.9720000000,-43.0652209634
3.9730000000,-44.8450496342
3.9740000000,-46.3739022458
3.9750000000,-47.6430133184
3.9760000000,-48.6450642462
3.9770000000,-49.3742269525
3.9780000000,-49.8261992648
3.9790000000,-49.9982317896
3.9800000000,-49.8891461111
3.9810000000,-49.4993441878
3.9820000000,-48.8308088690
3.9830000000,-47.8870955050
3.9840000000,-46.6733146726
3.9850000000,-45.1961060887
3.9860000000,-43.4636038362
3.9870000000,-41.4853930732
3.9880000000,-39.2724584474
3.9890000000,-36.8371244840
3.9900000000,-34.1929882628
3.9910000000,-31.3548447430
3.9920000000,-28.3386051401
3.9930000000,-25.1612087956
3.9940000000,-21.8405290242
3.9950000000,-18.3952734522
3.9960000000,-14.8448794010
3.9970000000,-11.2094048924
3.9980000000,-7.5094158861
3.9990000000,-3.7658703762
4.0000000000,-0.0000000000
4.0010000000,3.7668101763
4.0020000000,7.5131430153
4.0030000000,11.2176711219
4.0040000000,14.8592784190
4.0050000000,18.4171807944
4.0060000000,21.8710451249
4.0070000000,25.2011059975
4.0080000000,28.3882794531
4.0090000000,31.4142730954
4.0100000000,34.2616919271
4.0110000000,36.9141392947
4.0120000000,39.3563123528
4.0130000000,41.5740914865
4.0140000000,43.5546231619
4.0150000000,45.2863957149
4.0160000000,46.7593076214
4.0170000000,47.9647278394
4.0180000000,48.8955478543
4.0190000000,49.5462251058
4.0200000000,49.9128175232
4.0210000000,49.9930089475
4.0220000000,49.7861252676
4.0230000000,49.2931411544
4.0240000000,48.5166773260
4.0250000000,47.4609883361
4.0260000000,46.1319409280
4.0270000000,44.5369830548
4.0280000000,42.6851037173
4.0290000000,40.5867838282
4.0300000000,38.2539383588
4.0310000000,35.6998500810
4.0320000000,32.9390952627
4.0330000000,29.9874617249
4.0340000000,26.8618597128
4.0350000000,23.5802260771
4.0360000000,20.1614223020
4.0370000000,16.6251269533
4.0380000000,12.9917231542
4.0390000000,9.2821817282
4.0400000000,5.5179406738
4.0410000000,1.7207816615
4.0420000000,-2.0872957391
4.0430000000,-5.8842013777
4.0440000000,-9.6478826509
4.0450000000,-13.3564526976
4.0460000000,-16.9883179157
4.0470000000,-20.5223040570
4.0480000000,-23.9377801622
4.0490000000,-27.2147796074
4.0500000000,-30.3341175501
4.0510000000,-33.2775040799
4.0520000000,-36.0276524010
4.0530000000,-38.5683814035
4.0540000000,-40.8847120074
4.0550000000,-42.9629567014
4.0560000000,-44.7908017335
4.0570000000,-46.3573814528
4.0580000000,-47.6533443471
4.0590000000,-48.6709103666
4.0600000000,-49.4039191743
4.0610000000,-49.8478690163
4.0620000000,-49.9999459580
4.0630000000,-49.8590432896
4.0640000000,-49.4257709589
4.0650000000,-48.7024549510
4.0660000000,-47.6931265893
4.0670000000,-46.4035017945
4.0680000000,-44.8409503967
4.0690000000,-43.0144556530
4.0700000000,-40.9345641830
4.0710000000,-38.6133265917
4.0720000000,-36.0642291026
4.0730000000,-33.3021165820
4.0740000000,-30.3431073828
4.0750000000,-27.2045004899
4.0760000000,-23.9046754931
4.0770000000,-20.4629859602
4.0780000000,-16.8996468207
4.0790000000,-13.2356164113
4.0800000000,-9.4924738657
4.0810000000,-5.6922925609
4.0820000000,-1.8575103597
4.0830000000,1.9892025911
4.0840000000,5.8250777306
4.0850000000,9.6273828321
4.0860000000,13.3735568327
4.0870000000,17.0413439452
4.0880000000,20.6089262531
4.0890000000,24.0550539977
4.0900000000,27.3591727764
4.0910000000,30.5015468881
4.0920000000,33.4633780807
4.0930000000,36.2269189827
4.0940000000,38.7755805277
4.0950000000,41.0940327175
4.0960000000,43.1682981039
4.0970000000,44.9858374121
4.0980000000,46.5356267754
4.0990000000,47.8082260954
4.1000000000,48.7958380969
4.1010000000,49.4923577003
4.1020000000,49.8934113879
4.1030000000,49.9963863054
4.1040000000,49.8004488931
4.1050000000,49.3065529101
4.1060000000,48.5174367736
4.1070000000,47.4376102010
4.1080000000,46.0733302058
4.1090000000,44.4325665632
4.1100000000,42.5249569243
4.1110000000,40.3617518208
4.1120000000,37.9557498629
4.1130000000,35.3212234943
4.1140000000,32.4738357249
4.1150000000,29.4305483186
4.1160000000,26.2095219651
4.1170000000,22.8300090160
4.1180000000,19.3122394110
4.1190000000,15.6773004648
4.1200000000,11.9470112208
4.1210000000,8.1437921182
4.1220000000,4.2905307436
4.1230000000,0.4104444704
4.1240000000,-3.4730591956
4.1250000000,-7.3365237228
4.1260000000,-11.1565852665
4.1270000000,-14.9101141294
4.1280000000,-18.5743551139
4.1290000000,-22.1270659129
4.1300000000,-25.5466526958
4.1310000000,-28.8123020594
4.1320000000,-31.9041085343
4.1330000000,-34.8031968608
4.1340000000,-37.4918382786
4.1350000000,-39.9535601071
4.1360000000,-42.1732479336
4.1370000000,-44.1372397668
4.1380000000,-45.8334115636
4.1390000000,-47.2512535841
4.1400000000,-48.3819370853
4.1410000000,-49.2183709240
4.1420000000,-49.7552476931
4.1430000000,-49.9890790859
4.1440000000,-49.9182202423
4.1450000000,-49.5428828982
4.1460000000,-48.8651372303
4.1470000000,-47.8889023531
4.1480000000,-46.6199254968
4.1490000000,-45.0657499630
4.1500000000,-43.2356720260
4.1510000000,-41.1406870113
4.1520000000,-38.7934248557
4.1530000000,-36.2080755141
4.1540000000,-33.4003046447
4.1550000000,-30.3871600620
4.1560000000,-27.1869695097
4.1570000000,-23.8192303555
4.1580000000,-20.3044918661
4.1590000000,-16.6642307643
4.1600000000,-12.9207208172
4.1610000000,-9.0968972398
4.1620000000,-5.2162167366
4.1630000000,-1.3025140308
4.1640000000,2.6201442460
4.1650000000,6.5276074071
4.1660000000,10.3957894036
4.1670000000,14.2008174389
4.1680000000,17.9191795893
4.1690000000,21.5278705156
4.1700000000,25.0045343613
4.1710000000,28.3276039464
4.1720000000,31.4764353861
4.1730000000,34.4314372903
4.1740000000,37.1741937292
4.1750000000,39.6875801881
4.1760000000,41.9558717730
4.1770000000,43.9648429777
4.1780000000,45.7018583701
4.1790000000,47.1559536125
4.1800000000,48.3179062855
4.1810000000,49.1802960516
4.1820000000,49.7375537538
4.1830000000,49.9859991172
4.1840000000,49.9238667877
4.1850000000,49.5513205154
4.1860000000,48.8704553643
4.1870000000,47.8852879007
4.1880000000,46.6017343928
4.1890000000,45.0275771230
4.1900000000,43.1724189941
4.1910000000,41.0476266801
4.1920000000,38.6662626478
4.1930000000,36.0430064433
4.1940000000,33.1940657081
4.1950000000,30.1370774534
4.1960000000,26.8910001847
4.1970000000,23.4759975278
4.1980000000,19.9133140628
4.1990000000,16.2251441222
4.2000000000,12.4344943582
4.2010000000,8.5650409239
4.2020000000,4.6409821492
4.2030000000,0.6868876263
4.2040000000,-3.2724553600
4.2050000000,-7.2121970966
4.2060000000,-11.1075814326
4.2070000000,-14.9341015141
4.2080000000,-18.6676542863
4.2090000000,-22.2846927844
4.2100000000,-25.7623752508
4.2110000000,-29.0787101295
4.2120000000,-32.2126960145
4.2130000000,-35.1444556554
4.2140000000,-37.8553631601
4.2150000000,-40.3281635738
4.2160000000,-42.5470840591
4.2170000000,-44.4979359538
4.2180000000,-46.1682070362
4.2190000000,-47.5471433903
4.2200000000,-48.6258203249
4.2210000000,-49.3972018699
4.2220000000,-49.8561884424
4.2230000000,-49.9996523512
4.2240000000,-49.8264608811
4.2250000000,-49.3374867796
4.2260000000,-48.5356060469
4.2270000000,-47.4256830083
4.2280000000,-46.0145427331
4.2290000000,-44.3109309400
4.2300000000,-42.3254616134
4.2310000000,-40.0705526294
4.2320000000,-37.5603497723
4.2330000000,-34.8106395928
4.2340000000,-31.8387516358
4.2350000000,-28.6634506310
4.2360000000,-25.3048193097
4.2370000000,-21.7841325681
4.2380000000,-18.1237237602
4.2390000000,-14.3468439511
4.2400000000,-10.4775150123
4.2410000000,-6.5403774815
4.2420000000,-2.5605341456
4.2430000000,1.4366096638
4.2440000000,5.4255080489
4.2450000000,9.3806377681
4.2460000000,13.2766616591
4.2470000000,17.0885912166
4.2480000000,20.7919472808
4.2490000000,24.3629178004
4.2500000000,27.7785116510
4.2510000000,31.0167075106
4.2520000000,34.0565968243
4.2530000000,36.8785199230
4.2540000000,39.4641944046
4.2550000000,41.7968349310
4.2560000000,43.8612636491
4.2570000000,45.6440104992
4.2580000000,47.1334027399
4.2590000000,48.3196430843
4.2600000000,49.1948759143
4.2610000000,49.7532411149
4.2620000000,49.9909151503
4.2630000000,49.9061390820
4.2640000000,49.4992333153
4.2650000000,48.7725989452
4.2660000000,47.7307056559
4.2670000000,46.3800662214
4.2680000000,44.7291977335
4.2690000000,42.7885697769
4.2700000000,40.5705398519
4.2710000000,38.0892764313
4.2720000000,35.3606701169
4.2730000000,32.4022334428
4.2740000000,29.2329899454
4.2750000000,25.8733531930
4.2760000000,22.3449965343
4.2770000000,18.6707143887
4.2780000000,14.8742759589
4.2790000000,10.9802722962
4.2800000000,7.0139576978
4.2810000000,3.0010864540
4.2820000000,-1.0322540041
4.2830000000,-5.0598124786
4.2840000000,-9.0553448008
4.2850000000,-12.9927849422
4.2860000000,-16.8464153217
4.2870000000,-20.5910351969
4.2880000000,-24.2021260344
4.2890000000,-27.6560127705
4.2900000000,-30.9300198979
4.2910000000,-34.0026213436
4.2920000000,-36.8535831424
4.2930000000,-39.4640979530
4.2940000000,-41.8169105139
4.2950000000,-43.8964331955
4.2960000000,-45.6888508641
4.2970000000,-47.1822143435
4.2980000000,-48.3665218312
4.2990000000,-49.2337877044
4.3000000000,-49.7780982302
4.3010000000,-49.9956537831
4.3020000000,-49.8847972548
4.3030000000,-49.4460284360
4.3040000000,-48.6820042388
4.3050000000,-47.5975247228
4.3060000000,-46.1995049792
4.3070000000,-44.4969330240
4.3080000000,-42.5008139405
4.3090000000,-40.2241006048
4.3100000000,-37.6816114172
4.3110000000,-34.8899355501
4.3120000000,-31.8673263044
4.3130000000,-28.6335832511
4.3140000000,-25.2099239066
4.3150000000,-21.6188457645
4.3160000000,-17.8839795726
4.3170000000,-14.0299348030
4.3180000000,-10.0821383198
4.3190000000,-6.0666672953
4.3200000000,-2.0100774681
4.3210000000,2.0607721299
4.3220000000,6.1188968243
4.3230000000,10.1373651519
4.3240000000,14.0894777350
4.3250000000,17.9489449853
4.3260000000,21.6900624554
4.3270000000,25.2878826641
4.3280000000,28.7183822444
4.3290000000,31.9586232890
4.3300000000,34.9869078040
4.3310000000,37.7829242256
4.3320000000,40.3278850002
4.3330000000,42.6046542909
4.3340000000,44.5978649310
4.3350000000,46.2940238171
4.3360000000,47.6816050093
4.3370000000,48.7511298845
4.3380000000,49.4952337742
4.3390000000,49.9087186075
4.3400000000,49.9885911712
4.3410000000,49.7340866938
4.3420000000,49.1466775595
4.3430000000,48.2300670557
4.3440000000,46.9901681565
4.3450000000,45.4350674494
4.3460000000,43.5749744067
4.3470000000,41.4221563071
4.3480000000,38.9908592062
4.3490000000,36.2972154543
4.3500000000,33.3591383452
4.3510000000,30.1962045758
4.3520000000,26.8295252732
4.3530000000,23.2816064307
4.3540000000,19.5761996641
4.3550000000,15.7381442702
4.3560000000,11.7932016292
4.3570000000,7.7678830496
4.3580000000,3.6892721980
4.3590000000,-0.4151566987
4.3600000000,-4.5177236640
4.3610000000,-8.5907295533
4.3620000000,-12.6066431507
4.3630000000,-16.5382875166
4.3640000000,-20.3590243237
4.3650000000,-24.0429349297
4.3660000000,-27.5649969514
4.3670000000,-30.9012551333
4.3680000000,-34.0289853386
4.3690000000,-36.9268505329
4.3700000000,-39.5750476831
4.3710000000,-41.9554445503
4.3720000000,-44.0517054248
4.3730000000,-45.8494049193
4.3740000000,-47.3361290174
4.3750000000,-48.5015626597
4.3760000000,-49.3375632358
4.3770000000,-49.8382194481
4.3780000000,-49.9998951098
4.3790000000,-49.8212575401
4.3800000000,-49.3032903248
4.3810000000,-48.4492903167
4.3820000000,-47.2648488551
4.3830000000,-45.7578172949
4.3840000000,-43.9382570392
4.3850000000,-41.8183743791
4.3860000000,-39.4124405475
4.3870000000,-36.7366974954
4.3880000000,-33.8092500012
4.3890000000,-30.6499448142
4.3900000000,-27.2802376299
4.3910000000,-23.7230487755
4.3920000000,-20.0026085665
4.3930000000,-16.1442933696
4.3940000000,-12.1744534715
4.3950000000,-8.1202339142
4.3960000000,-4.0093895098
4.3970000000,0.1299047101
4.3980000000,4.2692463201
4.3990000000,8.3802002836
4.4000000000,12.4344943582
4.4010000000,16.4042137822
4.4020000000,20.2619938984
4.4030000000,23.9812093857
4.4040000000,27.5361587855
4.4050000000,30.9022430393
4.4060000000,34.0561367915
4.4070000000,36.9759512587
4.4080000000,39.6413875187
4.4090000000,42.0338791379
4.4100000000,44.1367231260
4.4110000000,45.9351982819
4.4120000000,47.4166700829
4.4130000000,48.5706813573
4.4140000000,49.3890280777
4.4150000000,49.8658197127
4.4160000000,49.9975236814
4.4170000000,49.7829935622
4.4180000000,49.2234808199
4.4190000000,48.3226299293
4.4200000000,47.0864568875
4.4210000000,45.5233112218
4.4220000000,43.6438217175
4.4230000000,41.4608262015
4.4240000000,38.9892858290
4.4250000000,36.2461844332
4.4260000000,33.2504135989
4.4270000000,30.0226442255
4.4280000000,26.5851854404
4.4290000000,22.9618318138
4.4300000000,19.1776999110
4.4310000000,15.2590552954
4.4320000000,11.2331311657
4.4330000000,7.1279398720
4.4340000000,2.9720786094
4.4350000000,-1.2054693679
4.4360000000,-5.3755366338
4.4370000000,-9.5089751749
4.4380000000,-13.5768602523
4.4390000000,-17.5506931152
4.4400000000,-21.4026011430
4.4410000000,-25.1055340090
4.4420000000,-28.6334544795
4.4430000000,-31.9615224990
4.4440000000,-35.0662712519
4.4450000000,-37.9257739470
4.4460000000,-40.5198001292
4.4470000000,-42.8299603963
4.4480000000,-44.8398384735
4.4490000000,-46.5351096878
4.4500000000,-47.9036449731
4.4510000000,-48.9355996408
4.4520000000,-49.6234862510
4.4530000000,-49.9622310339
4.4540000000,-49.9492134215
4.4550000000,-49.5842883699
4.4560000000,-48.8697912728
4.4570000000,-47.8105253870
4.4580000000,-46.4137318175
4.4590000000,-44.6890422293
4.4600000000,-42.6484145779
4.4610000000,-40.3060522716
4.4620000000,-37.6783072951
4.4630000000,-34.7835679413
4.4640000000,-31.6421319070
4.4650000000,-28.2760656153
4.4660000000,-24.7090507277
4.4670000000,-20.9662189013
4.4680000000,-17.0739759349
4.4690000000,-13.0598165229
4.4700000000,-8.9521309122
4.4710000000,-4.7800048109
4.4720000000,-0.5730139562
4.4730000000,3.6389852134
4.4740000000,7.8260673020
4.4750000000,11.9584506171
4.4760000000,16.0067092363
4.4770000000,19.9419829671
4.4780000000,23.7361837027
4.4790000000,27.3621966909
4.4800000000,30.7940752716
4.4810000000,34.0072276771
4.4820000000,36.9785945422
4.4830000000,39.6868158361
4.4840000000,42.1123859962
4.4850000000,44.2377961278
4.4860000000,46.0476622209
4.4870000000,47.5288384335
4.4880000000,48.6705145936
4.4890000000,49.4642971845
4.4900000000,49.9042731917
4.4910000000,49.9870563135
4.4920000000,49.7118151594
4.4930000000,49.0802831912
4.4940000000,48.0967502902
4.4950000000,46.7680359658
4.4960000000,45.1034443536
4.4970000000,43.1147012808
4.4980000000,40.8158738080
4.4990000000,38.2232727818
4.5000000000,35.3553390593
4.5010000000,32.2325141812
4.5020000000,28.8770963874
4.5030000000,25.3130829760
4.5040000000,21.5660001090
4.5050000000,17.6627212581
4.5060000000,13.6312755757
4.5070000000,9.5006475456
4.5080000000,5.3005693405
4.5090000000,1.0613073666
4.5100000000,-3.1865554767
4.5110000000,-7.4123402589
4.5120000000,-11.5854936140
4.5130000000,-15.6758088712
4.5140000000,-19.6536451180
4.5150000000,-23.4901426046
4.5160000000,-27.1574329212
4.5170000000,-30.6288424126
4.5180000000,-33.8790873377
4.5190000000,-36.8844593396
4.5200000000,-39.6229998567
4.5210000000,-42.0746621807
4.5220000000,-44.2214599567
4.5230000000,-46.0476010110
4.5240000000,-47.5396054999
4.5250000000,-48.6864074816
4.5260000000,-49.4794391312
4.5270000000,-49.9126969452
4.5280000000,-49.9827894080
4.5290000000,-49.6889657296
4.5300000000,-49.0331253974
4.5310000000,-48.0198084272
4.5320000000,-46.6561663374
4.5330000000,-44.9519140103
4.5340000000,-42.9192627473
4.5350000000,-40.5728349597
4.5360000000,-37.9295610748
4.5370000000,-35.0085593677
4.5380000000,-31.8309995558
4.5390000000,-28.4199511155
4.5400000000,-24.8002173937
4.5410000000,-20.9981566942
4.5420000000,-17.0414916198
4.5430000000,-12.9591080373
4.5440000000,-8.7808451158
4.5450000000,-4.5372779558
4.5460000000,-0.2594943883
4.5470000000,4.0211324335
4.5480000000,8.2731739875
4.5490000000,12.4653771990
4.5500000000,16.5668944231
4.5510000000,20.5475109018
4.5520000000,24.3778680134
4.5530000000,28.0296806625
4.5540000000,31.4759471944
4.5550000000,34.6911502686
4.5560000000,37.6514471896
4.5570000000,40.3348482658
4.5580000000,42.7213818508
4.5590000000,44.7932448171
4.5600000000,46.5349373170
4.5610000000,47.9333807944
4.5620000000,48.9780183378
4.5630000000,49.6608965884
4.5640000000,49.9767285518
4.5650000000,49.9229368056
4.5660000000,49.4996767318
4.5670000000,48.7098395565
4.5680000000,47.5590351252
4.5690000000,46.0555544914
4.5700000000,44.2103125487
4.5710000000,42.0367710833
4.5720000000,39.5508427710
4.5730000000,36.7707767863
4.5740000000,33.7170268288
4.5750000000,30.4121025056
4.5760000000,26.8804051350
4.5770000000,23.1480491557
4.5780000000,19.2426704360
4.5790000000,15.1932228789
4.5800000000,11.0297648101
4.5810000000,6.7832367164
4.5820000000,2.4852319712
4.5830000000,-1.8322377600
4.5840000000,-6.1369806963
4.5850000000,-10.3968649295
4.5860000000,-14.5800584375
4.5870000000,-18.6552673276
4.5880000000,-22.5919705258
4.5890000000,-26.3606491482
4.5900000000,-29.9330088241
4.5910000000,-33.2821932925
4.5920000000,-36.3829876489
4.5930000000,-39.2120096960
4.5940000000,-41.7478879363
4.5950000000,-43.9714248382
4.5960000000,-45.8657441176
4.5970000000,-47.4164208894
4.5980000000,-48.6115936722
4.5990000000,-49.4420573606
4.6000000000,-49.9013364214
4.6010000000,-49.9857377158
4.6020000000,-49.6943825012
4.6030000000,-49.0292173230
4.6040000000,-47.9950036634
4.6050000000,-46.5992863732
4.6060000000,-44.8523410765
4.6070000000,-42.7671008915
4.6080000000,-40.3590629725
4.6090000000,-37.6461755291
4.6100000000,-34.6487061289
4.6110000000,-31.3890922337
4.6120000000,-27.8917750551
4.6130000000,-24.1830179460
4.6140000000,-20.2907106634
4.6150000000,-16.2441609503
4.6160000000,-12.0738749823
4.6170000000,-7.8113283155
4.6180000000,-3.4887290470
4.6190000000,0.8612250351
4.6200000000,5.2055934876
4.6210000000,9.5114425681
4.6220000000,13.7460950265
4.6230000000,17.8773784370
4.6240000000,21.8738701805
4.6250000000,25.7051372097
4.6260000000,29.3419687612
4.6270000000,32.7566002299
4.6280000000,35.9229264801
4.6290000000,38.8167029463
4.6300000000,41.4157329631
4.6310000000,43.7000398650
4.6320000000,45.6520225085
4.6330000000,47.2565929915
4.6340000000,48.5012954773
4.6350000000,49.3764051729
4.6360000000,49.8750066566
4.6370000000,49.9930509111
4.6380000000,49.7293905723
4.6390000000,49.0857930758
4.6400000000,48.0669315464
4.6410000000,46.6803534471
4.6420000000,44.9364271769
4.6430000000,42.8482669717
4.6440000000,40.4316366329
4.6450000000,37.7048327713
4.6460000000,34.6885484134
4.6470000000,31.4057179672
4.6480000000,27.8813446957
4.6490000000,24.1423119790
4.6500000000,20.2171797764
4.6510000000,16.1359678171
4.6520000000,11.9299271543
4.6530000000,7.6313018115
4.6540000000,3.2730823311
4.6550000000,-1.1112468979
4.6560000000,-5.4879646010
4.6570000000,-9.8233719021
4.6580000000,-14.0840519346
4.6590000000,-18.2371277817
4.6600000000,-22.2505167515
4.6610000000,-26.0931790176
4.6620000000,-29.7353586911
4.6630000000,-33.1488154464
4.6640000000,-36.3070448888
4.6650000000,-39.1854859334
4.6660000000,-41.7617135620
4.6670000000,-44.0156154326
4.6680000000,-45.9295509370
4.6690000000,-47.4884914325
4.6700000000,-48.6801405191
4.6710000000,-49.4950333816
4.6720000000,-49.9266143786
4.6730000000,-49.9712922240
4.6740000000,-49.6284722818
4.6750000000,-48.9005656678
4.6760000000,-47.7929750351
4.6770000000,-46.3140570962
4.6780000000,-44.4750621213
4.6790000000,-42.2900508261
4.6800000000,-39.7757892444
4.6810000000,-36.9516223509
4.6820000000,-33.8393273679
4.6830000000,-30.4629478510
4.6840000000,-26.8486098010
4.6850000000,-23.0243211935
4.6860000000,-19.0197564493
4.6870000000,-14.8660274935
4.6880000000,-10.5954431572
4.6890000000,-6.2412587726
4.6900000000,-1.8374178965
4.6910000000,2.5817118404
4.6920000000,6.9816067055
4.6930000000,11.3278565716
4.6940000000,15.5864342523
4.6950000000,19.7239623573
4.6960000000,23.7079755717
4.6970000000,27.5071762935
4.6980000000,31.0916816101
4.6990000000,34.4332596573
4.7000000000,37.5055534815
4.7010000000,40.2842906195
4.7020000000,42.7474767157
4.7030000000,44.8755716206
4.7040000000,46.6516465440
4.7050000000,48.0615209843
4.7060000000,49.0938783091
4.7070000000,49.7403590279
4.7080000000,49.9956309714
4.7090000000,49.8574357689
4.7100000000,49.3266112047
4.7110000000,48.4070892187
4.7120000000,47.1058695111
4.7130000000,45.4329689032
4.7140000000,43.4013467952
4.7150000000,41.0268072558
4.7160000000,38.3278784607
4.7170000000,35.3256703813
4.7180000000,32.0437117956
4.7190000000,28.5077678645
4.7200000000,24.7456396696
4.7210000000,20.7869472571
4.7220000000,16.6628978684
4.7230000000,12.4060411576
4.7240000000,8.0500133056
4.7250000000,3.6292720344
4.7260000000,-0.8211753990
4.7270000000,-5.2660490866
4.7280000000,-9.6700760443
4.7290000000,-13.9982702649
4.7300000000,-18.2162110242
4.7310000000,-22.2903172245
4.7320000000,-26.1881155856
4.7330000000,-29.8785005340
4.7340000000,-33.3319837042
4.7350000000,-36.5209310407
4.7360000000,-39.4197855838
4.7370000000,-42.0052741304
4.7380000000,-44.2565960850
4.7390000000,-46.1555929534
4.7400000000,-47.6868970825
4.7410000000,-48.8380584090
4.7420000000,-49.5996481566
4.7430000000,-49.9653385969
4.7440000000,-49.9319581832
4.7450000000,-49.4995215582
4.7460000000,-48.6712341376
4.7470000000,-47.4534711737
4.7480000000,-45.8557314078
4.7490000000,-43.8905656235
4.7500000000,-41.5734806151
4.7510000000,-38.9228192840
4.7520000000,-35.9596177689
4.7530000000,-32.7074407033
4.7540000000,-29.1921958714
4.7550000000,-25.4419297030
4.7560000000,-21.4866052054
4.7570000000,-17.3578640764
4.7580000000,-13.0887748741
4.7590000000,-8.7135692364
4.7600000000,-4.2673682453
4.7610000000,0.2140988851
4.7620000000,4.6947815481
4.7630000000,9.1385976157
4.7640000000,13.5097241106
4.7650000000,17.7728863399
4.7660000000,21.8936431516
4.7670000000,25.8386660066
4.7680000000,29.5760095952
4.7690000000,33.0753717972
4.7700000000,36.3083408566
4.7710000000,39.2486277465
4.7720000000,41.8722818097
4.7730000000,44.1578878921
4.7740000000,46.0867433309
4.7750000000,47.6430133184
4.7760000000,48.8138633323
4.7770000000,49.5895675081
4.7780000000,49.9635920180
4.7790000000,49.9326527231
4.7800000000,49.4967465722
4.7810000000,48.6591564322
4.7820000000,47.4264292478
4.7830000000,45.8083276494
4.7840000000,43.8177553389
4.7850000000,41.4706568010
4.7860000000,38.7858920966
4.7870000000,35.7850876991
4.7880000000,32.4924645335
4.7890000000,28.9346445663
4.7900000000,25.1404374721
4.7910000000,21.1406090709
4.7920000000,16.9676333808
4.7930000000,12.6554302737
4.7940000000,8.2390908387
4.7950000000,3.7545926704
4.7960000000,-0.7614926183
4.7970000000,-5.2722972850
4.7980000000,-9.7409583257
4.7990000000,-14.1309188697
4.8000000000,-18.4062276342
4.8010000000,-22.5318339860
4.8020000000,-26.4738761819
4.8030000000,-30.1999604128
4.8040000000,-33.6794283425
4.8050000000,-36.8836109214
4.8060000000,-39.7860663636
4.8070000000,-42.3628002956
4.8080000000,-44.5924662319
4.8090000000,-46.4565446833
4.8100000000,-47.9394993797
4.8110000000,-49.0289092692
4.8120000000,-49.7155751547
4.8130000000,-49.9936000314
4.8140000000,-49.8604424039
4.8150000000,-49.3169420835
4.8160000000,-48.3673181888
4.8170000000,-47.0191393039
4.8180000000,-45.2832659750
4.8190000000,-43.1737659583
4.8200000000,-40.7078028543
4.8210000000,-37.9054989882
4.8220000000,-34.7897736086
4.8230000000,-31.3861576858
4.8240000000,-27.7225867858
4.8250000000,-23.8291736823
4.8260000000,-19.7379625412
4.8270000000,-15.4826666697
4.8280000000,-11.0983919624
4.8290000000,-6.6213483025
4.8300000000,-2.0885512801
4.8310000000,2.4624833202
4.8320000000,6.9940497484
4.8330000000,11.4685646719
4.8340000000,15.8488791234
4.8350000000,20.0985874254
4.8360000000,24.1823305188
4.8370000000,28.0660911605
4.8380000000,31.7174785219
4.8390000000,35.1059997945
4.8400000000,38.2033165152
4.8410000000,40.9834834438
4.8420000000,43.4231679639
4.8430000000,45.5018481354
4.8440000000,47.2019877007
4.8450000000,48.5091865329
4.8460000000,49.4123052159
4.8470000000,49.9035626584
4.8480000000,49.9786058658
4.8490000000,49.6365512244
4.8500000000,48.8799968882
4.8510000000,47.7150060996
4.8520000000,46.1510615169
4.8530000000,44.2009908656
4.8540000000,41.8808644693
4.8550000000,39.2098654557
4.8560000000,36.2101336606
4.8570000000,32.9065844796
4.8580000000,29.3267041275
4.8590000000,25.5003229695
4.8600000000,21.4593687738
4.8610000000,17.2376019132
4.8620000000,12.8703346940
4.8630000000,8.3941371367
4.8640000000,3.8465316467
4.8650000000,-0.7343208825
4.8660000000,-5.3099409148
4.8670000000,-9.8418533883
4.8680000000,-14.2919113917
4.8690000000,-18.6226176784
4.8700000000,-22.7974413037
4.8710000000,-26.7811267077
4.8720000000,-30.5399926223
4.8730000000,-34.0422182571
4.8740000000,-37.2581143234
4.8750000000,-40.1603765740
4.8760000000,-42.7243196790
4.8770000000,-44.9280894177
4.8780000000,-46.7528513460
4.8790000000,-48.1829542900
4.8800000000,-49.2060672273
4.8810000000,-49.8132883385
4.8820000000,-49.9992252420
4.8830000000,-49.7620456690
4.8840000000,-49.1034980822
4.8850000000,-48.0289019959
4.8860000000,-46.5471080119
4.8870000000,-44.6704278403
4.8880000000,-42.4145348334
4.8890000000,-39.7983358088
4.8900000000,-36.8438151861
4.8910000000,-33.5758526987
4.8920000000,-30.0220161702
4.8930000000,-26.2123310609
4.8940000000,-22.1790286925
4.8950000000,-17.9562752436
4.8960000000,-13.5798837821
4.8970000000,-9.0870117455
4.8980000000,-4.5158464153
4.8990000000,0.0947189619
4.9000000000,4.7054156659
4.9010000000,9.2769338046
4.9020000000,13.7702575792
4.9030000000,18.1469986574
4.9040000000,22.3697247991
4.9050000000,26.4022809204
4.9060000000,30.2100998329
4.9070000000,33.7604999787
4.9080000000,37.0229675862
4.9090000000,39.9694207966
4.9100000000,42.5744534598
4.9110000000,44.8155564669
4.9120000000,46.6733146726
4.9130000000,48.1315776640
4.9140000000,49.1776028552
4.9150000000,49.8021696158
4.9160000000,49.9996633916
4.9170000000,49.7681290256
4.9180000000,49.1092927549
4.9190000000,48.0285526225
4.9200000000,46.5349373170
4.9210000000,44.6410337227
4.9220000000,42.3628837337
4.9230000000,39.7198511513
4.9240000000,36.7344597434
4.9250000000,33.4322037963
4.9260000000,29.8413327298
4.9270000000,25.9926115740
4.9280000000,21.9190593194
4.9290000000,17.6556673477
4.9300000000,13.2391003293
4.9310000000,8.7073821297
4.9320000000,4.0995694055
4.9330000000,-0.5445843187
4.9340000000,-5.1849712089
4.9350000000,-9.7814753688
4.9360000000,-14.2943197886
4.9370000000,-18.6844109938
4.9380000000,-22.9136784051
4.9390000000,-26.9454054587
4.9400000000,-30.7445495990
4.9410000000,-34.2780483456
4.9420000000,-37.5151087483
4.9430000000,-40.4274776838
4.9440000000,-42.9896906033
4.9450000000,-45.1792965255
4.9460000000,-46.9770572664
4.9470000000,-48.3671191173
4.9480000000,-49.3371554189
4.9490000000,-49.8784787244
4.9500000000,-49.9861215109
4.9510000000,-49.6588846643
4.9520000000,-48.8993532453
4.9530000000,-47.7138793263
4.9540000000,-46.1125319748
4.9550000000,-44.1090147472
4.9560000000,-41.7205513405
4.9570000000,-38.9677403276
4.9580000000,-35.8743801765
4.9590000000,-32.4672660158
4.9600000000,-28.7759598568
4.9610000000,-24.8325362245
4.9620000000,-20.6713053636
4.9630000000,-16.3285163924
4.9640000000,-11.8420429571
4.9650000000,-7.2510540979
4.9660000000,-2.5956731780
4.9670000000,2.0833721652
4.9680000000,6.7451059978
4.9690000000,11.3486628882
4.9700000000,15.8536463876
4.9710000000,20.2204840453
4.9720000000,24.4107758346
4.9730000000,28.3876329174
4.9740000000,32.1160037469
4.9750000000,35.5629846177
4.9760000000,38.6981118971
4.9770000000,41.4936333268
4.9780000000,43.9247559625
4.9790000000,45.9698685172
4.9800000000,47.6107360925
4.9810000000,48.8326655231
4.9820000000,49.6246398122
4.9830000000,49.9794204026
4.9840000000,49.8936163130
4.9850000000,49.3677194542
4.9860000000,48.4061057405
4.9870000000,47.0170019086
4.9880000000,45.2124182650
4.9890000000,43.0080478774
4.9900000000,40.4231330299
4.9910000000,37.4803000492
4.9920000000,34.2053638954
4.9930000000,30.6271041783
4.9940000000,26.7770145213
4.9950000000,22.6890274337
4.9960000000,18.3992170754
4.9970000000,13.9454825021
4.9980000000,9.3672141548
4.9990000000,4.7049465182
