time (s),velocity (rpm)
0.0000000000,0.0000000000
0.0010000000,0.0007853982
0.0020000000,0.0031415927
0.0030000000,0.0070685834
0.0040000000,0.0125663705
0.0050000000,0.0196349536
0.0060000000,0.0282743324
0.0070000000,0.0384845062
0.0080000000,0.0502654740
0.0090000000,0.0636172341
0.0100000000,0.0785397840
0.0110000000,0.0950331206
0.0120000000,0.1130972391
0.0130000000,0.1327321337
0.0140000000,0.1539377968
0.0150000000,0.1767142189
0.0160000000,0.2010613880
0.0170000000,0.2269792896
0.0180000000,0.2544679064
0.0190000000,0.2835272175
0.0200000000,0.3141571983
0.0210000000,0.3463578200
0.0220000000,0.3801290491
0.0230000000,0.4154708472
0.0240000000,0.4523831699
0.0250000000,0.4908659669
0.0260000000,0.5309191811
0.0270000000,0.5725427482
0.0280000000,0.6157365960
0.0290000000,0.6605006439
0.0300000000,0.7068348019
0.0310000000,0.7547389706
0.0320000000,0.8042130398
0.0330000000,0.8552568885
0.0340000000,0.9078703833
0.0350000000,0.9620533786
0.0360000000,1.0178057151
0.0370000000,1.0751272192
0.0380000000,1.1340177026
0.0390000000,1.1944769607
0.0400000000,1.2565047722
0.0410000000,1.3201008982
0.0420000000,1.3852650812
0.0430000000,1.4519970441
0.0440000000,1.5202964893
0.0450000000,1.5901630977
0.0460000000,1.6615965279
0.0470000000,1.7345964146
0.0480000000,1.8091623682
0.0490000000,1.8852939734
0.0500000000,1.9629907880
0.0510000000,2.0422523419
0.0520000000,2.1230781362
0.0530000000,2.2054676416
0.0540000000,2.2894202973
0.0550000000,2.3749355102
0.0560000000,2.4620126530
0.0570000000,2.5506510634
0.0580000000,2.6408500429
0.0590000000,2.7326088549
0.0600000000,2.8259267241
0.0610000000,2.9208028346
0.0620000000,3.0172363289
0.0630000000,3.1152263061
0.0640000000,3.2147718209
0.0650000000,3.3158718820
0.0660000000,3.4185254504
0.0670000000,3.5227314384
0.0680000000,3.6284887076
0.0690000000,3.7357960676
0.0700000000,3.8446522745
0.0710000000,3.9550560294
0.0720000000,4.0670059763
0.0730000000,4.1805007011
0.0740000000,4.2955387296
0.0750000000,4.4121185260
0.0760000000,4.5302384912
0.0770000000,4.6498969609
0.0780000000,4.7710922040
0.0790000000,4.8938224212
0.0800000000,5.0180857426
0.0810000000,5.1438802262
0.0820000000,5.2712038563
0.0830000000,5.4000545413
0.0840000000,5.5304301123
0.0850000000,5.6623283205
0.0860000000,5.7957468363
0.0870000000,5.9306832463
0.0880000000,6.0671350523
0.0890000000,6.2050996689
0.0900000000,6.3445744214
0.0910000000,6.4855565442
0.0920000000,6.6280431784
0.0930000000,6.7720313702
0.0940000000,6.9175180682
0.0950000000,7.0645001222
0.0960000000,7.2129742803
0.0970000000,7.3629371873
0.0980000000,7.5143853823
0.0990000000,7.6673152967
0.1000000000,7.8217232520
0.1010000000,7.9776054577
0.1020000000,8.1349580090
0.1030000000,8.2937768845
0.1040000000,8.4540579442
0.1050000000,8.6157969270
0.1060000000,8.7789894488
0.1070000000,8.9436309998
0.1080000000,9.1097169424
0.1090000000,9.2772425089
0.1100000000,9.4462027992
0.1110000000,9.6165927784
0.1120000000,9.7884072744
0.1130000000,9.9616409757
0.1140000000,10.1362884286
0.1150000000,10.3123440355
0.1160000000,10.4898020516
0.1170000000,10.6686565835
0.1180000000,10.8489015857
0.1190000000,11.0305308590
0.1200000000,11.2135380475
0.1210000000,11.3979166363
0.1220000000,11.5836599493
0.1230000000,11.7707611461
0.1240000000,11.9592132200
0.1250000000,12.1490089952
0.1260000000,12.3401411244
0.1270000000,12.5326020863
0.1280000000,12.7263841829
0.1290000000,12.9214795371
0.1300000000,13.1178800899
0.1310000000,13.3155775982
0.1320000000,13.5145636320
0.1330000000,13.7148295715
0.1340000000,13.9163666054
0.1350000000,14.1191657271
0.1360000000,14.3232177333
0.1370000000,14.5285132206
0.1380000000,14.7350425829
0.1390000000,14.9427960095
0.1400000000,15.1517634816
0.1410000000,15.3619347703
0.1420000000,15.5732994336
0.1430000000,15.7858468141
0.1440000000,15.9995660361
0.1450000000,16.2144460032
0.1460000000,16.4304753955
0.1470000000,16.6476426671
0.1480000000,16.8659360436
0.1490000000,17.0853435190
0.1500000000,17.3058528539
0.1510000000,17.5274515720
0.1520000000,17.7501269581
0.1530000000,17.9738660556
0.1540000000,18.1986556632
0.1550000000,18.4244823331
0.1560000000,18.6513323681
0.1570000000,18.8791918190
0.1580000000,19.1080464820
0.1590000000,19.3378818964
0.1600000000,19.5686833419
0.1610000000,19.8004358361
0.1620000000,20.0331241321
0.1630000000,20.2667327159
0.1640000000,20.5012458039
0.1650000000,20.7366473406
0.1660000000,20.9729209959
0.1670000000,21.2100501630
0.1680000000,21.4480179558
0.1690000000,21.6868072065
0.1700000000,21.9264004633
0.1710000000,22.1667799880
0.1720000000,22.4079277540
0.1730000000,22.6498254432
0.1740000000,22.8924544448
0.1750000000,23.1357958522
0.1760000000,23.3798304612
0.1770000000,23.6245387676
0.1780000000,23.8699009652
0.1790000000,24.1158969436
0.1800000000,24.3625062863
0.1810000000,24.6097082680
0.1820000000,24.8574818533
0.1830000000,25.1058056945
0.1840000000,25.3546581292
0.1850000000,25.6040171789
0.1860000000,25.8538605470
0.1870000000,26.1041656167
0.1880000000,26.3549094493
0.1890000000,26.6060687828
0.1900000000,26.8576200294
0.1910000000,27.1095392747
0.1920000000,27.3618022753
0.1930000000,27.6143844579
0.1940000000,27.8672609171
0.1950000000,28.1204064143
0.1960000000,28.3737953763
0.1970000000,28.6274018936
0.1980000000,28.8811997195
0.1990000000,29.1351622683
0.2000000000,29.3892626146
0.2010000000,29.6434734917
0.2020000000,29.8977672908
0.2030000000,30.1521160598
0.2040000000,30.4064915022
0.2050000000,30.6608649767
0.2060000000,30.9152074956
0.2070000000,31.1694897246
0.2080000000,31.4236819817
0.2090000000,31.6777542370
0.2100000000,31.9316761116
0.2110000000,32.1854168774
0.2120000000,32.4389454565
0.2130000000,32.6922304211
0.2140000000,32.9452399930
0.2150000000,33.1979420434
0.2160000000,33.4503040928
0.2170000000,33.7022933112
0.2180000000,33.9538765177
0.2190000000,34.2050201810
0.2200000000,34.4556904194
0.2210000000,34.7058530012
0.2220000000,34.9554733451
0.2230000000,35.2045165206
0.2240000000,35.4529472487
0.2250000000,35.7007299026
0.2260000000,35.9478285080
0.2270000000,36.1942067448
0.2280000000,36.4398279474
0.2290000000,36.6846551058
0.2300000000,36.9286508673
0.2310000000,37.1717775371
0.2320000000,37.4139970803
0.2330000000,37.6552711227
0.2340000000,37.8955609532
0.2350000000,38.1348275249
0.2360000000,38.3730314570
0.2370000000,38.6101330372
0.2380000000,38.8460922230
0.2390000000,39.0808686446
0.2400000000,39.3144216068
0.2410000000,39.5467100915
0.2420000000,39.7776927601
0.2430000000,40.0073279565
0.2440000000,40.2355737094
0.2450000000,40.4623877359
0.2460000000,40.6877274437
0.2470000000,40.9115499351
0.2480000000,41.1338120096
0.2490000000,41.3544701679
0.2500000000,41.5734806151
0.2510000000,41.7907992648
0.2520000000,42.0063817424
0.2530000000,42.2201833896
0.2540000000,42.4321592685
0.2550000000,42.6422641656
0.2560000000,42.8504525963
0.2570000000,43.0566788096
0.2580000000,43.2608967931
0.2590000000,43.4630602771
0.2600000000,43.6631227405
0.2610000000,43.8610374153
0.2620000000,44.0567572923
0.2630000000,44.2502351266
0.2640000000,44.4414234431
0.2650000000,44.6302745423
0.2660000000,44.8167405065
0.2670000000,45.0007732057
0.2680000000,45.1823243039
0.2690000000,45.3613452658
0.2700000000,45.5377873630
0.2710000000,45.7116016813
0.2720000000,45.8827391274
0.2730000000,46.0511504359
0.2740000000,46.2167861767
0.2750000000,46.3795967628
0.2760000000,46.5395324573
0.2770000000,46.6965433819
0.2780000000,46.8505795244
0.2790000000,47.0015907469
0.2800000000,47.1495267946
0.2810000000,47.2943373039
0.2820000000,47.4359718110
0.2830000000,47.5743797612
0.2840000000,47.7095105178
0.2850000000,47.8413133711
0.2860000000,47.9697375482
0.2870000000,48.0947322223
0.2880000000,48.2162465227
0.2890000000,48.3342295446
0.2900000000,48.4486303594
0.2910000000,48.5593980250
0.2920000000,48.6664815964
0.2930000000,48.7698301360
0.2940000000,48.8693927252
0.2950000000,48.9651184750
0.2960000000,49.0569565372
0.2970000000,49.1448561162
0.2980000000,49.2287664804
0.2990000000,49.3086369742
0.3000000000,49.3844170298
0.3010000000,49.4560561794
0.3020000000,49.5235040680
0.3030000000,49.5867104655
0.3040000000,49.6456252796
0.3050000000,49.7001985688
0.3060000000,49.7503805555
0.3070000000,49.7961216393
0.3080000000,49.8373724105
0.3090000000,49.8740836638
0.3100000000,49.9062064120
0.3110000000,49.9336919003
0.3120000000,49.9564916204
0.3130000000,49.9745573248
0.3140000000,49.9878410415
0.3150000000,49.9962950888
0.3160000000,49.9998720900
0.3170000000,49.9985249887
0.3180000000,49.9922070641
0.3190000000,49.9808719463
0.3200000000,49.9644736320
0.3210000000,49.9429665003
0.3220000000,49.9163053287
0.3230000000,49.8844453089
0.3240000000,49.8473420636
0.3250000000,49.8049516626
0.3260000000,49.7572306393
0.3270000000,49.7041360078
0.3280000000,49.6456252796
0.3290000000,49.5816564807
0.3300000000,49.5121881685
0.3310000000,49.4371794500
0.3320000000,49.3565899982
0.3330000000,49.2703800705
0.3340000000,49.1785105264
0.3350000000,49.0809428450
0.3360000000,48.9776391434
0.3370000000,48.8685621949
0.3380000000,48.7536754468
0.3390000000,48.6329430395
0.3400000000,48.5063298245
0.3410000000,48.3738013833
0.3420000000,48.2353240462
0.3430000000,48.0908649107
0.3440000000,47.9403918610
0.3450000000,47.7838735869
0.3460000000,47.6212796027
0.3470000000,47.4525802668
0.3480000000,47.2777468006
0.3490000000,47.0967513083
0.3500000000,46.9095667961
0.3510000000,46.7161671918
0.3520000000,46.5165273645
0.3530000000,46.3106231440
0.3540000000,46.0984313407
0.3550000000,45.8799297656
0.3560000000,45.6550972494
0.3570000000,45.4239136630
0.3580000000,45.1863599371
0.3590000000,44.9424180820
0.3600000000,44.6920712076
0.3610000000,44.4353035433
0.3620000000,44.1721004581
0.3630000000,43.9024484800
0.3640000000,43.6263353164
0.3650000000,43.3437498740
0.3660000000,43.0546822781
0.3670000000,42.7591238932
0.3680000000,42.4570673422
0.3690000000,42.1485065263
0.3700000000,41.8334366452
0.3710000000,41.5118542158
0.3720000000,41.1837570927
0.3730000000,40.8491444871
0.3740000000,40.5080169866
0.3750000000,40.1603765740
0.3760000000,39.8062266474
0.3770000000,39.4455720383
0.3780000000,39.0784190314
0.3790000000,38.7047753831
0.3800000000,38.3246503405
0.3810000000,37.9380546594
0.3820000000,37.5450006237
0.3830000000,37.1455020628
0.3840000000,36.7395743703
0.3850000000,36.3272345216
0.3860000000,35.9085010918
0.3870000000,35.4833942734
0.3880000000,35.0519358934
0.3890000000,34.6141494303
0.3900000000,34.1700600316
0.3910000000,33.7196945297
0.3920000000,33.2630814589
0.3930000000,32.8002510713
0.3940000000,32.3312353527
0.3950000000,31.8560680382
0.3960000000,31.3747846276
0.3970000000,30.8874224004
0.3980000000,30.3940204303
0.3990000000,29.8946196000
0.4000000000,29.3892626146
0.4010000000,28.8779940162
0.4020000000,28.3608601964
0.4030000000,27.8379094097
0.4040000000,27.3091917862
0.4050000000,26.7747593435
0.4060000000,26.2346659988
0.4070000000,25.6889675800
0.4080000000,25.1377218371
0.4090000000,24.5809884524
0.4100000000,24.0188290507
0.4110000000,23.4513072091
0.4120000000,22.8784884659
0.4130000000,22.3004403296
0.4140000000,21.7172322868
0.4150000000,21.1289358101
0.4160000000,20.5356243652
0.4170000000,19.9373734176
0.4180000000,19.3342604388
0.4190000000,18.7263649116
0.4200000000,18.1137683352
0.4210000000,17.4965542299
0.4220000000,16.8748081404
0.4230000000,16.2486176396
0.4240000000,15.6180723307
0.4250000000,14.9832638498
0.4260000000,14.3442858666
0.4270000000,13.7012340856
0.4280000000,13.0542062459
0.4290000000,12.4033021208
0.4300000000,11.7486235163
0.4310000000,11.0902742692
0.4320000000,10.4283602444
0.4330000000,9.7629893317
0.4340000000,9.0942714412
0.4350000000,8.4223184989
0.4360000000,7.7472444407
0.4370000000,7.0691652063
0.4380000000,6.3881987320
0.4390000000,5.7044649425
0.4400000000,5.0180857426
0.4410000000,4.3291850071
0.4420000000,3.6378885710
0.4430000000,2.9443242182
0.4440000000,2.2486216690
0.4450000000,1.5509125679
0.4460000000,0.8513304695
0.4470000000,0.1500108242
0.4480000000,-0.5529090378
0.4490000000,-1.2572899221
0.4500000000,-1.9629907880
0.4510000000,-2.6698687659
0.4520000000,-3.3777791773
0.4530000000,-4.0865755539
0.4540000000,-4.7961096589
0.4550000000,-5.5062315087
0.4560000000,-6.2167893958
0.4570000000,-6.9276299124
0.4580000000,-7.6385979750
0.4590000000,-8.3495368502
0.4600000000,-9.0602881814
0.4610000000,-9.7706920159
0.4620000000,-10.4805868342
0.4630000000,-11.1898095788
0.4640000000,-11.8981956855
0.4650000000,-12.6055791141
0.4660000000,-13.3117923818
0.4670000000,-14.0166665962
0.4680000000,-14.7200314903
0.4690000000,-15.4217154577
0.4700000000,-16.1215455893
0.4710000000,-16.8193477112
0.4720000000,-17.5149464232
0.4730000000,-18.2081651383
0.4740000000,-18.8988261237
0.4750000000,-19.5867505426
0.4760000000,-20.2717584966
0.4770000000,-20.9536690697
0.4780000000,-21.6323003735
0.4790000000,-22.3074695924
0.4800000000,-22.9789930311
0.4810000000,-23.6466861621
0.4820000000,-24.3103636749
0.4830000000,-24.9698395261
0.4840000000,-25.6249269898
0.4850000000,-26.2754387105
0.4860000000,-26.9211867553
0.4870000000,-27.5619826683
0.4880000000,-28.1976375260
0.4890000000,-28.8279619924
0.4900000000,-29.4527663771
0.4910000000,-30.0718606925
0.4920000000,-30.6850547130
0.4930000000,-31.2921580354
0.4940000000,-31.8929801392
0.4950000000,-32.4873304485
0.4960000000,-33.0750183955
0.4970000000,-33.6558534833
0.4980000000,-34.2296453514
0.4990000000,-34.7962038404
0.5000000000,-35.3553390593
0.5010000000,-35.9068614524
0.5020000000,-36.4505818673
0.5030000000,-36.9863116245
0.5040000000,-37.5138625869
0.5050000000,-38.0330472307
0.5060000000,-38.5436787168
0.5070000000,-39.0455709632
0.5080000000,-39.5385387181
0.5090000000,-40.0223976339
0.5100000000,-40.4969643413
0.5110000000,-40.9620565251
0.5120000000,-41.4174930000
0.5130000000,-41.8630937872
0.5140000000,-42.2986801918
0.5150000000,-42.7240748808
0.5160000000,-43.1391019615
0.5170000000,-43.5435870607
0.5180000000,-43.9373574045
0.5190000000,-44.3202418982
0.5200000000,-44.6920712076
0.5210000000,-45.0526778394
0.5220000000,-45.4018962238
0.5230000000,-45.7395627957
0.5240000000,-46.0655160777
0.5250000000,-46.3795967628
0.5260000000,-46.6816477975
0.5270000000,-46.9715144653
0.5280000000,-47.2490444705
0.5290000000,-47.5140880222
0.5300000000,-47.7664979182
0.5310000000,-48.0061296296
0.5320000000,-48.2328413855
0.5330000000,-48.4464942568
0.5340000000,-48.6469522417
0.5350000000,-48.8340823500
0.5360000000,-49.0077546876
0.5370000000,-49.1678425413
0.5380000000,-49.3142224632
0.5390000000,-49.4467743553
0.5400000000,-49.5653815535
0.5410000000,-49.6699309116
0.5420000000,-49.7603128851
0.5430000000,-49.8364216149
0.5440000000,-49.8981550099
0.5450000000,-49.9454148300
0.5460000000,-49.9781067688
0.5470000000,-49.9961405347
0.5480000000,-49.9994299327
0.5490000000,-49.9878929453
0.5500000000,-49.9614518120
0.5510000000,-49.9200331097
0.5520000000,-49.8635678308
0.5530000000,-49.7919914615
0.5540000000,-49.7052440592
0.5550000000,-49.6032703286
0.5560000000,-49.4860196976
0.5570000000,-49.3534463915
0.5580000000,-49.2055095069
0.5590000000,-49.0421730841
0.5600000000,-48.8634061784
0.5610000000,-48.6691829306
0.5620000000,-48.4594826361
0.5630000000,-48.2342898125
0.5640000000,-47.9935942663
0.5650000000,-47.7373911584
0.5660000000,-47.4656810670
0.5670000000,-47.1784700510
0.5680000000,-46.8757697100
0.5690000000,-46.5575972438
0.5700000000,-46.2239755102
0.5710000000,-45.8749330805
0.5720000000,-45.5105042941
0.5730000000,-45.1307293110
0.5740000000,-44.7356541618
0.5750000000,-44.3253307972
0.5760000000,-43.8998171342
0.5770000000,-43.4591771010
0.5780000000,-43.0034806800
0.5790000000,-42.5328039479
0.5800000000,-42.0472291149
0.5810000000,-41.5468445602
0.5820000000,-41.0317448665
0.5830000000,-40.5020308516
0.5840000000,-39.9578095976
0.5850000000,-39.3991944779
0.5860000000,-38.8263051817
0.5870000000,-38.2392677358
0.5880000000,-37.6382145243
0.5890000000,-37.0232843047
0.5900000000,-36.3946222228
0.5910000000,-35.7523798232
0.5920000000,-35.0967150586
0.5930000000,-34.4277922953
0.5940000000,-33.7457823162
0.5950000000,-33.0508623206
0.5960000000,-32.3432159216
0.5970000000,-31.6230331401
0.5980000000,-30.8905103956
0.5990000000,-30.1458504944
0.6000000000,-29.3892626146
0.6010000000,-28.6209622873
0.6020000000,-27.8411713755
0.6030000000,-27.0501180490
0.6040000000,-26.2480367568
0.6050000000,-25.4351681953
0.6060000000,-24.6117592737
0.6070000000,-23.7780630760
0.6080000000,-22.9343388197
0.6090000000,-22.0808518101
0.6100000000,-21.2178733928
0.6110000000,-20.3456809008
0.6120000000,-19.4645576000
0.6130000000,-18.5747926292
0.6140000000,-17.6766809382
0.6150000000,-16.7705232210
0.6160000000,-15.8566258465
0.6170000000,-14.9353007843
0.6180000000,-14.0068655283
0.6190000000,-13.0716430150
0.6200000000,-12.1299615398
0.6210000000,-11.1821546679
0.6220000000,-10.2285611429
0.6230000000,-9.2695247910
0.6240000000,-8.3053944212
0.6250000000,-7.3365237228
0.6260000000,-6.3632711576
0.6270000000,-5.3859998502
0.6280000000,-4.4050774728
0.6290000000,-3.4208761276
0.6300000000,-2.4337722248
0.6310000000,-1.4441463569
0.6320000000,-0.4523831699
0.6330000000,0.5411287705
0.6340000000,1.5359971144
0.6350000000,2.5318258691
0.6360000000,3.5282155421
0.6370000000,4.5247632895
0.6380000000,5.5210630661
0.6390000000,6.5167057813
0.6400000000,7.5112794560
0.6410000000,8.5043693856
0.6420000000,9.4955583041
0.6430000000,10.4844265534
0.6440000000,11.4705522549
0.6450000000,12.4535114849
0.6460000000,13.4328784533
0.6470000000,14.4082256853
0.6480000000,15.3791242067
0.6490000000,16.3451437315
0.6500000000,17.3058528539
0.6510000000,18.2608192418
0.6520000000,19.2096098346
0.6530000000,20.1517910430
0.6540000000,21.0869289520
0.6550000000,22.0145895265
0.6560000000,22.9343388197
0.6570000000,23.8457431840
0.6580000000,24.7483694846
0.6590000000,25.6417853149
0.6600000000,26.5255592153
0.6610000000,27.3992608934
0.6620000000,28.2624614464
0.6630000000,29.1147335864
0.6640000000,29.9556518665
0.6650000000,30.7847929098
0.6660000000,31.6017356391
0.6670000000,32.4060615099
0.6680000000,33.1973547428
0.6690000000,33.9752025593
0.6700000000,34.7391954179
0.6710000000,35.4889272513
0.6720000000,36.2239957056
0.6730000000,36.9440023793
0.6740000000,37.6485530643
0.6750000000,38.3372579864
0.6760000000,39.0097320479
0.6770000000,39.6655950689
0.6780000000,40.3044720305
0.6790000000,40.9259933172
0.6800000000,41.5297949598
0.6810000000,42.1155188779
0.6820000000,42.6828131225
0.6830000000,43.2313321179
0.6840000000,43.7607369033
0.6850000000,44.2706953736
0.6860000000,44.7608825193
0.6870000000,45.2309806655
0.6880000000,45.6806797099
0.6890000000,46.1096773592
0.6900000000,46.5176793640
0.6910000000,46.9043997527
0.6920000000,47.2695610626
0.6930000000,47.6128945700
0.6940000000,47.9341405174
0.6950000000,48.2330483393
0.6960000000,48.5093768844
0.6970000000,48.7628946361
0.6980000000,48.9933799299
0.6990000000,49.2006211679
0.7000000000,49.3844170298
0.7010000000,49.5445766809
0.7020000000,49.6809199767
0.7030000000,49.7932776638
0.7040000000,49.8814915766
0.7050000000,49.9454148300
0.7060000000,49.9849120090
0.7070000000,49.9998593520
0.7080000000,49.9901449316
0.7090000000,49.9556688289
0.7100000000,49.8963433043
0.7110000000,49.8120929623
0.7120000000,49.7028549116
0.7130000000,49.5685789195
0.7140000000,49.4092275608
0.7150000000,49.2247763610
0.7160000000,49.0152139333
0.7170000000,48.7805421101
0.7180000000,48.5207760674
0.7190000000,48.2359444436
0.7200000000,47.9260894509
0.7210000000,47.5912669807
0.7220000000,47.2315467017
0.7230000000,46.8470121507
0.7240000000,46.4377608166
0.7250000000,46.0039042167
0.7260000000,45.5455679657
0.7270000000,45.0628918369
0.7280000000,44.5560298152
0.7290000000,44.0251501431
0.7300000000,43.4704353572
0.7310000000,42.8920823179
0.7320000000,42.2903022294
0.7330000000,41.6653206524
0.7340000000,41.0173775068
0.7350000000,40.3467270671
0.7360000000,39.6536379477
0.7370000000,38.9383930800
0.7380000000,38.2012896799
0.7390000000,37.4426392065
0.7400000000,36.6627673111
0.7410000000,35.8620137772
0.7420000000,35.0407324506
0.7430000000,34.1992911602
0.7440000000,33.3380716294
0.7450000000,32.4574693768
0.7460000000,31.5578936087
0.7470000000,30.6397670998
0.7480000000,29.7035260659
0.7490000000,28.7496200253
0.7500000000,27.7785116510
0.7510000000,26.7906766120
0.7520000000,25.7866034059
0.7530000000,24.7667931797
0.7540000000,23.7317595422
0.7550000000,22.6820283650
0.7560000000,21.6181375739
0.7570000000,20.5406369304
0.7580000000,19.4500878029
0.7590000000,18.3470629273
0.7600000000,17.2321461587
0.7610000000,16.1059322120
0.7620000000,14.9690263930
0.7630000000,13.8220443198
0.7640000000,12.6656116339
0.7650000000,11.5003637015
0.7660000000,10.3269453057
0.7670000000,9.1460103283
0.7680000000,7.9582214224
0.7690000000,6.7642496758
0.7700000000,5.5647742644
0.7710000000,4.3604820970
0.7720000000,3.1520674509
0.7730000000,1.9402315982
0.7740000000,0.7256824235
0.7750000000,-0.4908659669
0.7760000000,-1.7086936446
0.7770000000,-2.9270752672
0.7780000000,-4.1452804936
0.7790000000,-5.3625744087
0.7800000000,-6.5782179546
0.7810000000,-7.7914683705
0.7820000000,-9.0015796387
0.7830000000,-10.2078029391
0.7840000000,-11.4093871098
0.7850000000,-12.6055791141
0.7860000000,-13.7956245150
0.7870000000,-14.9787679549
0.7880000000,-16.1542536419
0.7890000000,-17.3213258408
0.7900000000,-18.4792293709
0.7910000000,-19.6272101072
0.7920000000,-20.7645154880
0.7930000000,-21.8903950256
0.7940000000,-23.0041008222
0.7950000000,-24.1048880888
0.7960000000,-25.1920156682
0.7970000000,-26.2647465612
0.7980000000,-27.3223484547
0.7990000000,-28.3640942538
0.8000000000,-29.3892626146
0.8010000000,-30.3971384796
0.8020000000,-31.3870136140
0.8030000000,-32.3581871437
0.8040000000,-33.3099660928
0.8050000000,-34.2416659225
0.8060000000,-35.1526110689
0.8070000000,-36.0421354812
0.8080000000,-36.9095831575
0.8090000000,-37.7543086808
0.8100000000,-38.5756777522
0.8110000000,-39.3730677218
0.8120000000,-40.1458681179
0.8130000000,-40.8934811717
0.8140000000,-41.6153223398
0.8150000000,-42.3108208218
0.8160000000,-42.9794200740
0.8170000000,-43.6205783180
0.8180000000,-44.2337690441
0.8190000000,-44.8184815090
0.8200000000,-45.3742212271
0.8210000000,-45.9005104551
0.8220000000,-46.3968886699
0.8230000000,-46.8629130387
0.8240000000,-47.2981588805
0.8250000000,-47.7022201203
0.8260000000,-48.0747097331
0.8270000000,-48.4152601796
0.8280000000,-48.7235238309
0.8290000000,-48.9991733843
0.8300000000,-49.2419022668
0.8310000000,-49.4514250287
0.8320000000,-49.6274777244
0.8330000000,-49.7698182824
0.8340000000,-49.8782268614
0.8350000000,-49.9525061943
0.8360000000,-49.9924819186
0.8370000000,-49.9980028927
0.8380000000,-49.9689414983
0.8390000000,-49.9051939279
0.8400000000,-49.8066804572
0.8410000000,-49.6733457020
0.8420000000,-49.5051588595
0.8430000000,-49.3021139329
0.8440000000,-49.0642299395
0.8450000000,-48.7915511021
0.8460000000,-48.4841470221
0.8470000000,-48.1421128362
0.8480000000,-47.7655693534
0.8490000000,-47.3546631754
0.8500000000,-46.9095667961
0.8510000000,-46.4304786843
0.8520000000,-45.9176233450
0.8530000000,-45.3712513626
0.8540000000,-44.7916394232
0.8550000000,-44.1790903171
0.8560000000,-43.5339329206
0.8570000000,-42.8565221578
0.8580000000,-42.1472389403
0.8590000000,-41.4064900869
0.8600000000,-40.6347082217
0.8610000000,-39.8323516499
0.8620000000,-38.9999042135
0.8630000000,-38.1378751237
0.8640000000,-37.2467987725
0.8650000000,-36.3272345216
0.8660000000,-35.3797664691
0.8670000000,-34.4050031951
0.8680000000,-33.4035774837
0.8690000000,-32.3761460231
0.8700000000,-31.3233890843
0.8710000000,-30.2460101762
0.8720000000,-29.1447356792
0.8730000000,-28.0203144563
0.8740000000,-26.8735174421
0.8750000000,-25.7051372097
0.8760000000,-24.5159875154
0.8770000000,-23.3069028218
0.8780000000,-22.0787377993
0.8790000000,-20.8323668051
0.8800000000,-19.5686833419
0.8810000000,-18.2885994949
0.8820000000,-16.9930453481
0.8830000000,-15.6829683791
0.8840000000,-14.3593328346
0.8850000000,-13.0231190852
0.8860000000,-11.6753229600
0.8870000000,-10.3169550622
0.8880000000,-8.9490400658
0.8890000000,-7.5726159929
0.8900000000,-6.1887334726
0.8910000000,-4.7984549833
0.8920000000,-3.4028540753
0.8930000000,-2.0030145789
0.8940000000,-0.6000297938
0.8950000000,0.8049983363
0.8960000000,2.2109600644
0.8970000000,3.6167386969
0.8980000000,5.0212114635
0.8990000000,6.4232504012
0.9000000000,7.8217232520
0.9010000000,9.2154943721
0.9020000000,10.6034256535
0.9030000000,11.9843774567
0.9040000000,13.3572095533
0.9050000000,14.7207820795
0.9060000000,16.0739564969
0.9070000000,17.4155965631
0.9080000000,18.7445693086
0.9090000000,20.0597460212
0.9100000000,21.3600032353
0.9110000000,22.6442237275
0.9120000000,23.9112975147
0.9130000000,25.1601228574
0.9140000000,26.3896072636
0.9150000000,27.5986684960
0.9160000000,28.7862355784
0.9170000000,29.9512498027
0.9180000000,31.0926657348
0.9190000000,32.2094522175
0.9200000000,33.3005933717
0.9210000000,34.3650895922
0.9220000000,35.4019585399
0.9230000000,36.4102361266
0.9240000000,37.3889774945
0.9250000000,38.3372579864
0.9260000000,39.2541741080
0.9270000000,40.1388444796
0.9280000000,40.9904107773
0.9290000000,41.8080386625
0.9300000000,42.5909186981
0.9310000000,43.3382672511
0.9320000000,44.0493273798
0.9330000000,44.7233697062
0.9340000000,45.3596932702
0.9350000000,45.9576263669
0.9360000000,46.5165273645
0.9370000000,47.0357855022
0.9380000000,47.5148216680
0.9390000000,47.9530891538
0.9400000000,48.3500743881
0.9410000000,48.7052976451
0.9420000000,49.0183137287
0.9430000000,49.2887126312
0.9440000000,49.5161201654
0.9450000000,49.7001985688
0.9460000000,49.8406470805
0.9470000000,49.9372024874
0.9480000000,49.9896396419
0.9490000000,49.9977719472
0.9500000000,49.9614518120
0.9510000000,49.8805710723
0.9520000000,49.7550613793
0.9530000000,49.5848945545
0.9540000000,49.3700829086
0.9550000000,49.1106795260
0.9560000000,48.8067785127
0.9570000000,48.4585152072
0.9580000000,48.0660663545
0.9590000000,47.6296502416
0.9600000000,47.1495267946
0.9610000000,46.6259976368
0.9620000000,46.0594061070
0.9630000000,45.4501372381
0.9640000000,44.7986176947
0.9650000000,44.1053156704
0.9660000000,43.3707407434
0.9670000000,42.5954436912
0.9680000000,41.7800162627
0.9690000000,40.9250909087
0.9700000000,40.0313404706
0.9710000000,39.0994778259
0.9720000000,38.1302554915
0.9730000000,37.1244651850
0.9740000000,36.0829373426
0.9750000000,35.0065405949
0.9760000000,33.8961812001
0.9770000000,32.7528024347
0.9780000000,31.5773839423
0.9790000000,30.3709410401
0.9800000000,29.1345239834
0.9810000000,27.8692171893
0.9820000000,26.5761384183
0.9830000000,25.2564379162
0.9840000000,23.9112975147
0.9850000000,22.5419296928
0.9860000000,21.1495765988
0.9870000000,19.7355090331
0.9880000000,18.3010253939
0.9890000000,16.8474505843
0.9900000000,15.3761348836
0.9910000000,13.8884527826
0.9920000000,12.3858017831
0.9930000000,10.8696011643
0.9940000000,9.3412907151
0.9950000000,7.8023294342
0.9960000000,6.2541941994
0.9970000000,4.6983784061
0.9980000000,3.1363905768
0.9990000000,1.5697529431
1.0000000000,0.0000000000
1.0010000000,-1.5713229643
1.0020000000,-3.1426613637
1.0030000000,-4.7124528317
1.0040000000,-6.2791287612
1.0050000000,-7.8411158636
1.0060000000,-9.3968377475
1.0070000000,-10.9447165137
1.0080000000,-12.4831743665
1.0090000000,-14.0106352389
1.0100000000,-15.5255264304
1.0110000000,-17.0262802554
1.0120000000,-18.5113357009
1.0130000000,-19.9791400925
1.0140000000,-21.4281507647
1.0150000000,-22.8568367367
1.0160000000,-24.2636803895
1.0170000000,-25.6471791439
1.0180000000,-27.0058471374
1.0190000000,-28.3382168970
1.0200000000,-29.6428410081
1.0210000000,-30.9182937751
1.0220000000,-32.1631728749
1.0230000000,-33.3761009978
1.0240000000,-34.5557274769
1.0250000000,-35.7007299026
1.0260000000,-36.8098157204
1.0270000000,-37.8817238106
1.0280000000,-38.9152260469
1.0290000000,-39.9091288330
1.0300000000,-40.8622746154
1.0310000000,-41.7735433687
1.0320000000,-42.6418540539
1.0330000000,-43.4661660459
1.0340000000,-44.2454805290
1.0350000000,-44.9788418586
1.0360000000,-45.6653388873
1.0370000000,-46.3041062527
1.0380000000,-46.8943256261
1.0390000000,-47.4352269197
1.0400000000,-47.9260894509
1.0410000000,-48.3662430610
1.0420000000,-48.7550691880
1.0430000000,-49.0920018906
1.0440000000,-49.3765288221
1.0450000000,-49.6081921530
1.0460000000,-49.7865894400
1.0470000000,-49.9113744402
1.0480000000,-49.9822578694
1.0490000000,-49.9990081019
1.0500000000,-49.9614518120
1.0510000000,-49.8694745546
1.0520000000,-49.7230212835
1.0530000000,-49.5220968078
1.0540000000,-49.2667661828
1.0550000000,-48.9571550367
1.0560000000,-48.5934498305
1.0570000000,-48.1758980499
1.0580000000,-47.7048083304
1.0590000000,-47.1805505115
1.0600000000,-46.6035556229
1.0610000000,-45.9743157985
1.0620000000,-45.2933841202
1.0630000000,-44.5613743896
1.0640000000,-43.7789608276
1.0650000000,-42.9468777014
1.0660000000,-42.0659188787
1.0670000000,-41.1369373088
1.0680000000,-40.1608444302
1.0690000000,-39.1386095058
1.0700000000,-38.0712588838
1.0710000000,-36.9598751865
1.0720000000,-35.8055964258
1.0730000000,-34.6096150464
1.0740000000,-33.3731768965
1.0750000000,-32.0975801281
1.0760000000,-30.7841740249
1.0770000000,-29.4343577606
1.0780000000,-28.0495790884
1.0790000000,-26.6313329606
1.0800000000,-25.1811600818
1.0810000000,-23.7006453946
1.0820000000,-22.1914165011
1.0830000000,-20.6551420191
1.0840000000,-19.0935298766
1.0850000000,-17.5083255446
1.0860000000,-15.9013102102
1.0870000000,-14.2742988918
1.0880000000,-12.6291384980
1.0890000000,-10.9677058317
1.0900000000,-9.2919055421
1.0910000000,-7.6036680262
1.0920000000,-5.9049472809
1.0930000000,-4.1977187100
1.0940000000,-2.4839768866
1.0950000000,-0.7657332738
1.0960000000,0.9549860941
1.0970000000,2.6761429662
1.0980000000,4.3956892649
1.0990000000,6.1115695067
1.1000000000,7.8217232520
1.1010000000,9.5240875808
1.1020000000,11.2165995918
1.1030000000,12.8971989213
1.1040000000,14.5638302799
1.1050000000,16.2144460032
1.1060000000,17.8470086134
1.1070000000,19.4594933895
1.1080000000,21.0498909414
1.1090000000,22.6162097868
1.1100000000,24.1564789255
1.1110000000,25.6687504090
1.1120000000,27.1511019020
1.1130000000,28.6016392319
1.1140000000,30.0184989236
1.1150000000,31.3998507157
1.1160000000,32.7439000550
1.1170000000,34.0488905652
1.1180000000,35.3131064877
1.1190000000,36.5348750897
1.1200000000,37.7125690368
1.1210000000,38.8446087268
1.1220000000,39.9294645808
1.1230000000,40.9656592892
1.1240000000,41.9517700074
1.1250000000,42.8864305000
1.1260000000,43.7683332290
1.1270000000,44.5962313824
1.1280000000,45.3689408411
1.1290000000,46.0853420801
1.1300000000,46.7443820007
1.1310000000,47.3450756921
1.1320000000,47.8865081166
1.1330000000,48.3678357189
1.1340000000,48.7882879537
1.1350000000,49.1471687303
1.1360000000,49.4438577714
1.1370000000,49.6778118829
1.1380000000,49.8485661327
1.1390000000,49.9557349357
1.1400000000,49.9990130428
1.1410000000,49.9781764319
1.1420000000,49.8930830982
1.1430000000,49.7436737422
1.1440000000,49.5299723539
1.1450000000,49.2520866899
1.1460000000,48.9102086438
1.1470000000,48.5046145069
1.1480000000,48.0356651180
1.1490000000,47.5038059024
1.1500000000,46.9095667961
1.1510000000,46.2535620582
1.1520000000,45.5364899666
1.1530000000,44.7591323995
1.1540000000,43.9223543005
1.1550000000,43.0271030272
1.1560000000,42.0744075837
1.1570000000,41.0653777362
1.1580000000,40.0012030124
1.1590000000,38.8831515845
1.1600000000,37.7125690368
1.1610000000,36.4908770178
1.1620000000,35.2195717783
1.1630000000,33.9002225963
1.1640000000,32.5344700894
1.1650000000,31.1240244161
1.1660000000,29.6706633685
1.1670000000,28.1762303562
1.1680000000,26.6426322846
1.1690000000,25.0718373298
1.1700000000,23.4658726105
1.1710000000,21.8268217614
1.1720000000,20.1568224091
1.1730000000,18.4580635534
1.1740000000,16.7327828575
1.1750000000,14.9832638498
1.1760000000,13.2118330393
1.1770000000,11.4208569498
1.1780000000,9.6127390751
1.1790000000,7.7899167591
1.1800000000,5.9548580047
1.1810000000,4.1100582150
1.1820000000,2.2580368712
1.1830000000,0.4013341519
1.1840000000,-1.4574925037
1.1850000000,-3.3158718820
1.1860000000,-5.1712225275
1.1870000000,-7.0209563169
1.1880000000,-8.8624820695
1.1890000000,-10.6932091885
1.1900000000,-12.5105513301
1.1910000000,-14.3119300933
1.1920000000,-16.0947787266
1.1930000000,-17.8565458450
1.1940000000,-19.5946991542
1.1950000000,-21.3067291739
1.1960000000,-22.9901529570
1.1970000000,-24.6425177977
1.1980000000,-26.2614049242
1.1990000000,-27.8444331695
1.2000000000,-29.3892626146
1.2010000000,-30.8935982002
1.2020000000,-32.3551932984
1.2030000000,-33.7718532416
1.2040000000,-35.1414388013
1.2050000000,-36.4618696113
1.2060000000,-37.7311275309
1.2070000000,-38.9472599410
1.2080000000,-40.1083829684
1.2090000000,-41.2126846333
1.2100000000,-42.2584279135
1.2110000000,-43.2439537205
1.2120000000,-44.1676837830
1.2130000000,-45.0281234308
1.2140000000,-45.8238642763
1.2150000000,-46.5535867865
1.2160000000,-47.2160627423
1.2170000000,-47.8101575796
1.2180000000,-48.3348326072
1.2190000000,-48.7891470983
1.2200000000,-49.1722602498
1.2210000000,-49.4834330066
1.2220000000,-49.7220297461
1.2230000000,-49.8875198190
1.2240000000,-49.9794789433
1.2250000000,-49.9975904480
1.2260000000,-49.9416463627
1.2270000000,-49.8115483509
1.2280000000,-49.6073084829
1.2290000000,-49.3290498474
1.2300000000,-48.9770069981
1.2310000000,-48.5515262335
1.2320000000,-48.0530657082
1.2330000000,-47.4821953739
1.2340000000,-46.8395967485
1.2350000000,-46.1260625125
1.2360000000,-45.3424959318
1.2370000000,-44.4899101055
1.2380000000,-43.5694270393
1.2390000000,-42.5822765441
1.2400000000,-41.5297949598
1.2410000000,-40.4134237046
1.2420000000,-39.2347076513
1.2430000000,-37.9952933305
1.2440000000,-36.6969269634
1.2450000000,-35.3414523244
1.2460000000,-33.9308084360
1.2470000000,-32.4670270990
1.2480000000,-30.9522302585
1.2490000000,-29.3886272105
1.2500000000,-27.7785116510
1.2510000000,-26.1242585706
1.2520000000,-24.4283209996
1.2530000000,-22.6932266062
1.2540000000,-20.9215741522
1.2550000000,-19.1160298112
1.2560000000,-17.2793233532
1.2570000000,-15.4142442016
1.2580000000,-13.5236373663
1.2590000000,-11.6103992601
1.2600000000,-9.6774734025
1.2610000000,-7.7278460188
1.2620000000,-5.7645415380
1.2630000000,-3.7906179987
1.2640000000,-1.8091623682
1.2650000000,0.1767142189
1.2660000000,2.1638812938
1.2670000000,4.1491939526
1.2680000000,6.1294978135
1.2690000000,8.1016340239
1.2700000000,10.0624443108
1.2710000000,12.0087760655
1.2720000000,13.9374874552
1.2730000000,15.8454525532
1.2740000000,17.7295664795
1.2750000000,19.5867505426
1.2760000000,21.4139573759
1.2770000000,23.2081760578
1.2780000000,24.9664372087
1.2790000000,26.6858180559
1.2800000000,28.3634474563
1.2810000000,29.9965108709
1.2820000000,31.5822552793
1.2830000000,33.1179940282
1.2840000000,34.6011116034
1.2850000000,36.0290683178
1.2860000000,37.3994049058
1.2870000000,38.7097470166
1.2880000000,39.9578095976
1.2890000000,41.1414011591
1.2900000000,42.2584279135
1.2910000000,43.3068977785
1.2920000000,44.2849242396
1.2930000000,45.1907300612
1.2940000000,46.0226508408
1.2950000000,46.7791383972
1.2960000000,47.4587639881
1.2970000000,48.0602213465
1.2980000000,48.5823295333
1.2990000000,49.0240355960
1.3000000000,49.3844170298
1.3010000000,49.6626840344
1.3020000000,49.8581815608
1.3030000000,49.9703911425
1.3040000000,49.9989325074
1.3050000000,49.9435649641
1.3060000000,49.8041885598
1.3070000000,49.5808450047
1.3080000000,49.2737183608
1.3090000000,48.8831354898
1.3100000000,48.4095662593
1.3110000000,47.8536235046
1.3120000000,47.2160627423
1.3130000000,46.4977816372
1.3140000000,45.6998192182
1.3150000000,44.8233548451
1.3160000000,43.8697069243
1.3170000000,42.8403313741
1.3180000000,41.7368198409
1.3190000000,40.5608976663
1.3200000000,39.3144216068
1.3210000000,37.9993773091
1.3220000000,36.6178765419
1.3230000000,35.1721541883
1.3240000000,33.6645650016
1.3250000000,32.0975801281
1.3260000000,30.4737834021
1.3270000000,28.7958674159
1.3280000000,27.0666293730
1.3290000000,25.2889667262
1.3300000000,23.4658726105
1.3310000000,21.6004310741
1.3320000000,19.6958121168
1.3330000000,17.7552665414
1.3340000000,15.7821206268
1.3350000000,13.7797706300
1.3360000000,11.7516771275
1.3370000000,9.7013592017
1.3380000000,7.6323884847
1.3390000000,5.5483830678
1.3400000000,3.4530012857
1.3410000000,1.3499353876
1.3420000000,-0.7570948958
1.3430000000,-2.8643488777
1.3440000000,-4.9680715223
1.3450000000,-7.0645001222
1.3460000000,-9.1498710338
1.3470000000,-11.2204264599
1.3480000000,-13.2724212670
1.3490000000,-15.3021298244
1.3500000000,-17.3058528539
1.3510000000,-19.2799242770
1.3520000000,-21.2207180465
1.3530000000,-23.1246549510
1.3540000000,-24.9882093776
1.3550000000,-26.8079160228
1.3560000000,-28.5803765351
1.3570000000,-30.3022660801
1.3580000000,-31.9703398124
1.3590000000,-33.5814392431
1.3600000000,-35.1324984899
1.3610000000,-36.6205503967
1.3620000000,-38.0427325107
1.3630000000,-39.3962929045
1.3640000000,-40.6785958314
1.3650000000,-41.8871272008
1.3660000000,-43.0194998639
1.3670000000,-44.0734586961
1.3680000000,-45.0468854664
1.3690000000,-45.9378034826
1.3700000000,-46.7443820007
1.3710000000,-47.4649403906
1.3720000000,-48.0979520450
1.3730000000,-48.6420480252
1.3740000000,-49.0960204325
1.3750000000,-49.4588254982
1.3760000000,-49.7295863827
1.3770000000,-49.9075956767
1.3780000000,-49.9923175980
1.3790000000,-49.9833898759
1.3800000000,-49.8806253181
1.3810000000,-49.6840130541
1.3820000000,-49.3937194509
1.3830000000,-49.0100886949
1.3840000000,-48.5336430388
1.3850000000,-47.9650827078
1.3860000000,-47.3052854646
1.3870000000,-46.5553058296
1.3880000000,-45.7163739570
1.3890000000,-44.7898941646
1.3900000000,-43.7774431177
1.3910000000,-42.6807676695
1.3920000000,-41.5017823570
1.3930000000,-40.2425665565
1.3940000000,-38.9053613009
1.3950000000,-37.4925657618
1.3960000000,-36.0067334025
1.3970000000,-34.4505678039
1.3980000000,-32.8269181723
1.3990000000,-31.1387745323
1.4000000000,-29.3892626146
1.4010000000,-27.5816384443
1.4020000000,-25.7192826389
1.4030000000,-23.8056944247
1.4040000000,-21.8444853827
1.4050000000,-19.8393729311
1.4060000000,-17.7941735593
1.4070000000,-15.7127958212
1.4080000000,-13.5992331025
1.4090000000,-11.4575561739
1.4100000000,-9.2919055421
1.4110000000,-7.1064836150
1.4120000000,-4.9055466922
1.4130000000,-2.6933967987
1.4140000000,-0.4743733739
1.4150000000,1.7471551660
1.4160000000,3.9667999774
1.4170000000,6.1801604343
1.4180000000,8.3828328516
1.4190000000,10.5704192699
1.4200000000,12.7385362842
1.4210000000,14.8828238999
1.4220000000,16.9989543970
1.4230000000,19.0826411858
1.4240000000,21.1296476344
1.4250000000,23.1357958522
1.4260000000,25.0969754086
1.4270000000,27.0091519702
1.4280000000,28.8683758376
1.4290000000,30.6707903636
1.4300000000,32.4126402350
1.4310000000,34.0902795988
1.4320000000,35.7001800167
1.4330000000,37.2389382283
1.4340000000,38.7032837069
1.4350000000,40.0900859898
1.4360000000,41.3963617673
1.4370000000,42.6192817120
1.4380000000,43.7561770347
1.4390000000,44.8045457491
1.4400000000,45.7620586310
1.4410000000,46.6265648574
1.4420000000,47.3960973104
1.4430000000,48.0688775341
1.4440000000,48.6433203289
1.4450000000,49.1180379728
1.4460000000,49.4918440580
1.4470000000,49.7637569302
1.4480000000,49.9330027223
1.4490000000,49.9990179714
1.4500000000,49.9614518120
1.4510000000,49.8201677361
1.4520000000,49.5752449139
1.4530000000,49.2269790694
1.4540000000,48.7758829046
1.4550000000,48.2226860691
1.4560000000,47.5683346709
1.4570000000,46.8139903263
1.4580000000,45.9610287482
1.4590000000,45.0110378701
1.4600000000,43.9658155095
1.4610000000,42.8273665696
1.4620000000,41.5978997828
1.4630000000,40.2798239996
1.4640000000,38.8757440279
1.4650000000,37.3884560270
1.4660000000,35.8209424642
1.4670000000,34.1763666403
1.4680000000,32.4580667946
1.4690000000,30.6695497962
1.4700000000,28.8144844351
1.4710000000,26.8966943221
1.4720000000,24.9201504119
1.4730000000,22.8889631619
1.4740000000,20.8073743406
1.4750000000,18.6797485026
1.4760000000,16.5105641444
1.4770000000,14.3044045586
1.4780000000,12.0659484049
1.4790000000,9.7999600157
1.4800000000,7.5112794560
1.4810000000,5.2048123570
1.4820000000,2.8855195448
1.4830000000,0.5584064855
1.4840000000,-1.7714874321
1.4850000000,-4.0990997531
1.4860000000,-6.4193559295
1.4870000000,-8.7271803866
1.4880000000,-11.0175076585
1.4890000000,-13.2852935685
1.4900000000,-15.5255264304
1.4910000000,-17.7332382452
1.4920000000,-19.9035158686
1.4930000000,-22.0315121249
1.4940000000,-24.1124568401
1.4950000000,-26.1416677714
1.4960000000,-28.1145614059
1.4970000000,-30.0266636040
1.4980000000,-31.8736200633
1.4990000000,-33.6512065762
1.5000000000,-35.3553390593
1.5010000000,-36.9820833272
1.5020000000,-38.5276645893
1.5030000000,-39.9884766453
1.5040000000,-41.3610907556
1.5050000000,-42.6422641656
1.5060000000,-43.8289482602
1.5070000000,-44.9182963294
1.5080000000,-45.9076709230
1.5090000000,-46.7946507745
1.5100000000,-47.5770372768
1.5110000000,-48.2528604902
1.5120000000,-48.8203846657
1.5130000000,-49.2781132690
1.5140000000,-49.6247934871
1.5150000000,-49.8594202070
1.5160000000,-49.9812394501
1.5170000000,-49.9897512533
1.5180000000,-49.8847119838
1.5190000000,-49.6661360803
1.5200000000,-49.3342972104
1.5210000000,-48.8897288392
1.5220000000,-48.3332242017
1.5230000000,-47.6658356765
1.5240000000,-46.8888735567
1.5250000000,-46.0039042167
1.5260000000,-45.0127476757
1.5270000000,-43.9174745580
1.5280000000,-42.7204024533
1.5290000000,-41.4240916822
1.5300000000,-40.0313404706
1.5310000000,-38.5451795420
1.5320000000,-36.9688661343
1.5330000000,-35.3058774530
1.5340000000,-33.5599035709
1.5350000000,-31.7348397868
1.5360000000,-29.8347784587
1.5370000000,-27.8640003258
1.5380000000,-25.8269653363
1.5390000000,-23.7283030000
1.5400000000,-21.5728022840
1.5410000000,-19.3654010736
1.5420000000,-17.1111752184
1.5430000000,-14.8153271890
1.5440000000,-12.4831743665
1.5450000000,-10.1201369916
1.5460000000,-7.7317257986
1.5470000000,-5.3235293624
1.5480000000,-2.9012011860
1.5490000000,-0.4704465583
1.5500000000,1.9629907880
1.5510000000,4.3933421885
1.5520000000,6.8148276972
1.5530000000,9.2216698423
1.5540000000,11.6081074565
1.5550000000,13.9684095483
1.5560000000,16.2968891801
1.5570000000,18.5879173217
1.5580000000,20.8359366433
1.5590000000,23.0354752155
1.5600000000,25.1811600818
1.5610000000,27.2677306694
1.5620000000,29.2900520055
1.5630000000,31.2431277043
1.5640000000,33.1221126921
1.5650000000,34.9223256376
1.5660000000,36.6392610544
1.5670000000,38.2686010437
1.5680000000,39.8062266474
1.5690000000,41.2482287778
1.5700000000,42.5909186981
1.5710000000,43.8308380210
1.5720000000,44.9647681994
1.5730000000,45.9897394825
1.5740000000,46.9030393100
1.5750000000,47.7022201203
1.5760000000,48.3851065500
1.5770000000,48.9498020015
1.5780000000,49.3946945584
1.5790000000,49.7184622299
1.5800000000,49.9200775054
1.5810000000,49.9988112047
1.5820000000,49.9542356069
1.5830000000,49.7862268483
1.5840000000,49.4949665753
1.5850000000,49.0809428450
1.5860000000,48.5449502646
1.5870000000,47.8880893651
1.5880000000,47.1117652051
1.5890000000,46.2176852026
1.5900000000,45.2078561954
1.5910000000,44.0845807318
1.5920000000,42.8504525963
1.5930000000,41.5083515751
1.5940000000,40.0614374713
1.5950000000,38.5131433778
1.5960000000,36.8671682210
1.5970000000,35.1274685896
1.5980000000,33.2982498628
1.5990000000,31.3839566578
1.6000000000,29.3892626146
1.6010000000,27.3190595404
1.6020000000,25.1784459366
1.6030000000,22.9727149348
1.6040000000,20.7073416665
1.6050000000,18.3879700969
1.6060000000,16.0203993523
1.6070000000,13.6105695734
1.6080000000,11.1645473258
1.6090000000,8.6885106056
1.6100000000,6.1887334726
1.6110000000,3.6715703514
1.6120000000,1.1434400360
1.6130000000,-1.3891905603
1.6140000000,-3.9198228705
1.6150000000,-6.4419433136
1.6160000000,-8.9490400658
1.6170000000,-11.4346199208
1.6180000000,-13.8922251952
1.6190000000,-16.3154506363
1.6200000000,-18.6979602869
1.6210000000,-21.0335042632
1.6220000000,-23.3159354011
1.6230000000,-25.5392257265
1.6240000000,-27.6974827045
1.6250000000,-29.7849652246
1.6260000000,-31.7960992762
1.6270000000,-33.7254932720
1.6280000000,-35.5679529770
1.6290000000,-37.3184959993
1.6300000000,-38.9723658029
1.6310000000,-40.5250452015
1.6320000000,-41.9722692941
1.6330000000,-43.3100378040
1.6340000000,-44.5346267847
1.6350000000,-45.6425996571
1.6360000000,-46.6308175445
1.6370000000,-47.4964488720
1.6380000000,-48.2369782012
1.6390000000,-48.8502142697
1.6400000000,-49.3342972104
1.6410000000,-49.6877049241
1.6420000000,-49.9092585835
1.6430000000,-49.9981272481
1.6440000000,-49.9538315705
1.6450000000,-49.7762465796
1.6460000000,-49.4656035260
1.6470000000,-49.0224907783
1.6480000000,-48.4478537622
1.6490000000,-47.7429939355
1.6500000000,-46.9095667961
1.6510000000,-45.9495789208
1.6520000000,-44.8653840377
1.6530000000,-43.6596781360
1.6540000000,-42.3354936198
1.6550000000,-40.8961925156
1.6560000000,-39.3454587466
1.6570000000,-37.6872894873
1.6580000000,-35.9259856169
1.6590000000,-34.0661412917
1.6600000000,-32.1126326588
1.6610000000,-30.0706057369
1.6620000000,-27.9454634913
1.6630000000,-25.7428521344
1.6640000000,-23.4686466832
1.6650000000,-21.1289358101
1.6660000000,-18.7300060221
1.6670000000,-16.2783252108
1.6680000000,-13.7805256110
1.6690000000,-11.2433862145
1.6700000000,-8.6738146823
1.6710000000,-6.0788288028
1.6720000000,-3.4655375450
1.6730000000,-0.8411217558
1.6740000000,1.7871854458
1.6750000000,4.4121185260
1.6760000000,7.0263995904
1.6770000000,9.6227585804
1.6780000000,12.1939535564
1.6790000000,14.7327910117
1.6800000000,17.2321461587
1.6810000000,19.6849831325
1.6820000000,22.0843750525
1.6830000000,24.4235238858
1.6840000000,26.6957800541
1.6850000000,28.8946617277
1.6860000000,31.0138737499
1.6870000000,33.0473261351
1.6880000000,34.9891520869
1.6890000000,36.8337254795
1.6900000000,38.5756777522
1.6910000000,40.2099141622
1.6920000000,41.7316293478
1.6930000000,43.1363221512
1.6940000000,44.4198096543
1.6950000000,45.5782403834
1.6960000000,46.6081066375
1.6970000000,47.5062559017
1.6980000000,48.2699013041
1.6990000000,48.8966310834
1.7000000000,49.3844170298
1.7010000000,49.7316218719
1.7020000000,49.9370055789
1.7030000000,49.9997305539
1.7040000000,49.9193656960
1.7050000000,49.6958893126
1.7060000000,49.3296908652
1.7070000000,48.8215715364
1.7080000000,48.1727436099
1.7090000000,47.3848286553
1.7100000000,46.4598545183
1.7110000000,45.4002511146
1.7120000000,44.2088450340
1.7130000000,42.8888529616
1.7140000000,41.4438739288
1.7150000000,39.8778804076
1.7160000000,38.1952082693
1.7170000000,36.4005456272
1.7180000000,34.4989205905
1.7190000000,32.4956879582
1.7200000000,30.3965148847
1.7210000000,28.2073655533
1.7220000000,25.9344848966
1.7230000000,23.5843814049
1.7240000000,21.1638090687
1.7250000000,18.6797485026
1.7260000000,16.1393873009
1.7270000000,13.5500996792
1.7280000000,10.9194254569
1.7290000000,8.2550484403
1.7300000000,5.5647742644
1.7310000000,2.8565077589
1.7320000000,0.1382299007
1.7330000000,-2.5820255805
1.7340000000,-5.2961958747
1.7350000000,-7.9962129742
1.7360000000,-10.6740276964
1.7370000000,-13.3216337738
1.7380000000,-15.9310919415
1.7390000000,-18.4945539487
1.7400000000,-21.0042864206
1.7410000000,-23.4526945001
1.7420000000,-25.8323451945
1.7430000000,-28.1359903553
1.7440000000,-30.3565892209
1.7450000000,-32.4873304485
1.7460000000,-34.5216535676
1.7470000000,-36.4532697852
1.7480000000,-38.2761820753
1.7490000000,-39.9847044884
1.7500000000,-41.5734806151
1.7510000000,-43.0375011451
1.7520000000,-44.3721204591
1.7530000000,-45.5730722000
1.7540000000,-46.6364837669
1.7550000000,-47.5588896825
1.7560000000,-48.3372437844
1.7570000000,-48.9689301972
1.7580000000,-49.4517730422
1.7590000000,-49.7840448488
1.7600000000,-49.9644736320
1.7610000000,-49.9922486068
1.7620000000,-49.8670245131
1.7630000000,-49.5889245289
1.7640000000,-49.1585417545
1.7650000000,-48.5769392530
1.7660000000,-47.8456486398
1.7670000000,-46.9666672147
1.7680000000,-45.9424536373
1.7690000000,-44.7759221500
1.7700000000,-43.4704353572
1.7710000000,-42.0297955750
1.7720000000,-40.4582347684
1.7730000000,-38.7604030996
1.7740000000,-36.9413561138
1.7750000000,-35.0065405949
1.7760000000,-32.9617791271
1.7770000000,-30.8132534015
1.7780000000,-28.5674863144
1.7790000000,-26.2313229047
1.7800000000,-23.8119101834
1.7810000000,-21.3166759124
1.7820000000,-18.7533063926
1.7830000000,-16.1297233250
1.7840000000,-13.4540598138
1.7850000000,-10.7346355798
1.7860000000,-7.9799314594
1.7870000000,-5.1985632657
1.7880000000,-2.3992550899
1.7890000000,0.4091878755
1.7900000000,3.2179069069
1.7910000000,6.0180176298
1.7920000000,8.8006381195
1.7930000000,11.5569171373
1.7940000000,14.2780624086
1.7950000000,16.9553688565
1.7960000000,19.5802466982
1.7970000000,22.1442493127
1.7980000000,24.6391007917
1.7990000000,27.0567230793
1.8000000000,29.3892626146
1.8010000000,31.6291163850
1.8020000000,33.7689573052
1.8030000000,35.8017588339
1.8040000000,37.7208187456
1.8050000000,39.5197819740
1.8060000000,41.1926624486
1.8070000000,42.7338638464
1.8080000000,44.1381991859
1.8090000000,45.4009091919
1.8100000000,46.5176793640
1.8110000000,47.4846556857
1.8120000000,48.2984589139
1.8130000000,48.9561973947
1.8140000000,49.4554783533
1.8150000000,49.7944176130
1.8160000000,49.9716477013
1.8170000000,49.9863243065
1.8180000000,49.8381310549
1.8190000000,49.5272825812
1.8200000000,49.0545258722
1.8210000000,48.4211398697
1.8220000000,47.6289333224
1.8230000000,46.6802408833
1.8240000000,45.5779174562
1.8250000000,44.3253307972
1.8260000000,42.9263523875
1.8270000000,41.3853465958
1.8280000000,39.7071581559
1.8290000000,37.8970979928
1.8300000000,35.9609274313
1.8310000000,33.9048408330
1.8320000000,31.7354467081
1.8330000000,29.4597473572
1.8340000000,27.0851171004
1.8350000000,24.6192791602
1.8360000000,22.0702812658
1.8370000000,19.4464700536
1.8380000000,16.7564643422
1.8390000000,14.0091273650
1.8400000000,11.2135380475
1.8410000000,8.3789614198
1.8420000000,5.5148182597
1.8430000000,2.6306540631
1.8440000000,-0.2638925577
1.8450000000,-3.1591219429
1.8460000000,-6.0453058174
1.8470000000,-8.9127199784
1.8480000000,-11.7516771275
1.8490000000,-14.5525597395
1.8500000000,-17.3058528539
1.8510000000,-20.0021766787
1.8520000000,-22.6323188944
1.8530000000,-25.1872665449
1.8540000000,-27.6582374066
1.8550000000,-30.0367107226
1.8560000000,-32.3144571956
1.8570000000,-34.4835681311
1.8580000000,-36.5364836264
1.8590000000,-38.4660197034
1.8600000000,-40.2653942856
1.8610000000,-41.9282519222
1.8620000000,-43.4486871696
1.8630000000,-44.8212665379
1.8640000000,-46.0410489222
1.8650000000,-47.1036044363
1.8660000000,-48.0050315761
1.8670000000,-48.7419726422
1.8680000000,-49.3116273598
1.8690000000,-49.7117646352
1.8700000000,-49.9407324011
1.8710000000,-49.9974655008
1.8720000000,-49.8814915766
1.8730000000,-49.5929349264
1.8740000000,-49.1325183066
1.8750000000,-48.5015626597
1.8760000000,-47.7019847579
1.8770000000,-46.7362927570
1.8780000000,-45.6075796656
1.8790000000,-44.3195147377
1.8800000000,-42.8763328097
1.8810000000,-41.2828216049
1.8820000000,-39.5443070391
1.8830000000,-37.6666365675
1.8840000000,-35.6561606196
1.8850000000,-33.5197121759
1.8860000000,-31.2645845495
1.8870000000,-28.8985074383
1.8880000000,-26.4296213234
1.8890000000,-23.8664502951
1.8900000000,-21.2178733928
1.8910000000,-18.4930945517
1.8920000000,-15.7016112567
1.8930000000,-12.8531820037
1.8940000000,-9.9577926817
1.8950000000,-7.0256219851
1.8960000000,-4.0670059763
1.8970000000,-1.0924019193
1.8980000000,1.8876484902
1.8990000000,4.8625563720
1.9000000000,7.8217232520
1.9010000000,10.7545788672
1.9020000000,13.6506190480
1.9030000000,16.4994435433
1.9040000000,19.2907936525
1.9050000000,22.0145895265
1.9060000000,24.6609670031
1.9070000000,27.2203138399
1.9080000000,29.6833052114
1.9090000000,32.0409383366
1.9100000000,34.2845661087
1.9110000000,36.4059295973
1.9120000000,38.3971893002
1.9130000000,40.2509550239
1.9140000000,41.9603142759
1.9150000000,43.5188590571
1.9160000000,44.9207109490
1.9170000000,46.1605443917
1.9180000000,47.2336080601
1.9190000000,48.1357442481
1.9200000000,48.8634061784
1.9210000000,49.4136731629
1.9220000000,49.7842635463
1.9230000000,49.9735453719
1.9240000000,49.9805447185
1.9250000000,49.8049516626
1.9260000000,49.4471238329
1.9270000000,48.9080875284
1.9280000000,48.1895363819
1.9290000000,47.2938275619
1.9300000000,46.2239755102
1.9310000000,44.9836432259
1.9320000000,43.5771311142
1.9330000000,42.0093634263
1.9340000000,40.2858723277
1.9350000000,38.4127796404
1.9360000000,36.3967763137
1.9370000000,34.2450996870
1.9380000000,31.9655086160
1.9390000000,29.5662565440
1.9400000000,27.0560626063
1.9410000000,24.4440808650
1.9420000000,21.7398677775
1.9430000000,18.9533480118
1.9440000000,16.0947787266
1.9450000000,13.1747124408
1.9460000000,10.2039586257
1.9470000000,7.1935441543
1.9480000000,4.1546727522
1.9490000000,1.0986835962
1.9500000000,-1.9629907880
1.9510000000,-5.0188671746
1.9520000000,-8.0574546747
1.9530000000,-11.0672979998
1.9540000000,-14.0370207924
1.9550000000,-16.9553688565
1.9560000000,-19.8112531261
1.9570000000,-22.5937922052
1.9580000000,-25.2923543175
1.9590000000,-27.8965985005
1.9600000000,-30.3965148847
1.9610000000,-32.7824638984
1.9620000000,-35.0452142428
1.9630000000,-37.1759794856
1.9640000000,-39.1664531254
1.9650000000,-41.0088419833
1.9660000000,-42.6958977866
1.9670000000,-44.2209468107
1.9680000000,-45.5779174562
1.9690000000,-46.7613656443
1.9700000000,-47.7664979182
1.9710000000,-48.5891921511
1.9720000000,-49.2260157671
1.9730000000,-49.6742413895
1.9740000000,-49.9318598437
1.9750000000,-49.9975904480
1.9760000000,-49.8708885383
1.9770000000,-49.5519501825
1.9780000000,-49.0417140486
1.9790000000,-48.3418604067
1.9800000000,-47.4548072495
1.9810000000,-46.3837035325
1.9820000000,-45.1324195436
1.9830000000,-43.7055344235
1.9840000000,-42.1083208693
1.9850000000,-40.3467270671
1.9860000000,-38.4273559064
1.9870000000,-36.3574415445
1.9880000000,-34.1448233969
1.9890000000,-31.7979176419
1.9900000000,-29.3256863371
1.9910000000,-26.7376042559
1.9920000000,-24.0436235624
1.9930000000,-21.2541364499
1.9940000000,-18.3799358819
1.9950000000,-15.4321745768
1.9960000000,-12.4223223907
1.9970000000,-9.3621222563
1.9980000000,-6.2635448456
1.9990000000,-3.1387421277
2.0000000000,-0.0000000000
2.0010000000,3.1403098244
2.0020000000,6.2697784861
2.0030000000,9.3760090151
2.0040000000,12.4466655404
2.0050000000,15.4695224779
2.0060000000,18.4325135007
2.0070000000,21.3237800945
2.0080000000,24.1317195036
2.0090000000,26.8450318705
2.0100000000,29.4527663771
2.0110000000,31.9443661976
2.0120000000,34.3097120751
2.0130000000,36.5391643405
2.0140000000,38.6236031957
2.0150000000,40.5544670905
2.0160000000,42.3237890275
2.0170000000,43.9242306369
2.0180000000,45.3491138735
2.0190000000,46.5924501927
2.0200000000,47.6489670759
2.0210000000,48.5141317811
2.0220000000,49.1841722105
2.0230000000,49.6560947919
2.0240000000,49.9276992869
2.0250000000,49.9975904480
2.0260000000,49.8651864613
2.0270000000,49.5307241216
2.0280000000,48.9952607015
2.0290000000,48.2606724899
2.0300000000,47.3296499862
2.0310000000,46.2056897525
2.0320000000,44.8930829395
2.0330000000,43.3969005140
2.0340000000,41.7229752312
2.0350000000,39.8778804076
2.0360000000,37.8689055660
2.0370000000,35.7040290327
2.0380000000,33.3918875865
2.0390000000,30.9417432656
2.0400000000,28.3634474563
2.0410000000,25.6674023949
2.0420000000,22.8645202290
2.0430000000,19.9661797941
2.0440000000,16.9841812715
2.0450000000,13.9306989044
2.0460000000,10.8182319574
2.0470000000,7.6595541134
2.0480000000,4.4676615095
2.0490000000,1.2557196219
2.0500000000,-1.9629907880
2.0510000000,-5.1751284431
2.0520000000,-8.3673468141
2.0530000000,-11.5263496467
2.0540000000,-14.6389465232
2.0550000000,-17.6921082263
2.0560000000,-20.6730216720
2.0570000000,-23.5691441791
2.0580000000,-26.3682568447
2.0590000000,-29.0585167964
2.0600000000,-31.6285080957
2.0610000000,-34.0672910712
2.0620000000,-36.3644498665
2.0630000000,-38.5101379913
2.0640000000,-40.4951216741
2.0650000000,-42.3108208218
2.0660000000,-43.9493473990
2.0670000000,-45.4035410530
2.0680000000,-46.6670018169
2.0690000000,-47.7341197385
2.0700000000,-48.6001012908
2.0710000000,-49.2609924373
2.0720000000,-49.7136982345
2.0730000000,-49.9559988699
2.0740000000,-49.9865620499
2.0750000000,-49.8049516626
2.0760000000,-49.4116326616
2.0770000000,-48.8079721283
2.0780000000,-47.9962364879
2.0790000000,-46.9795848714
2.0800000000,-45.7620586310
2.0810000000,-44.3485670335
2.0820000000,-42.7448691729
2.0830000000,-40.9575521604
2.0840000000,-38.9940056652
2.0850000000,-36.8623928962
2.0860000000,-34.5716181320
2.0870000000,-32.1312909191
2.0880000000,-29.5516870772
2.0890000000,-26.8437066620
2.0900000000,-24.0188290507
2.0910000000,-21.0890653313
2.0920000000,-18.0669081856
2.0930000000,-14.9652794722
2.0940000000,-11.7974757220
2.0950000000,-8.5771117752
2.0960000000,-5.3180627933
2.0970000000,-2.0344048893
2.0980000000,1.2596453702
2.0990000000,4.5497923355
2.1000000000,7.8217232520
2.1010000000,11.0611705794
2.1020000000,14.2539743804
2.1030000000,17.3861445074
2.1040000000,20.4439223121
2.1050000000,23.4138416061
2.1060000000,26.2827886004
2.1070000000,29.0380605554
2.1080000000,31.6674228764
2.1090000000,34.1591643955
2.1100000000,36.5021505865
2.1110000000,38.6858744675
2.1120000000,40.7005049544
2.1130000000,42.5369324387
2.1140000000,44.1868113723
2.1150000000,45.6425996571
2.1160000000,46.8975946461
2.1170000000,47.9459655812
2.1180000000,48.7827823019
2.1190000000,49.4040400815
2.1200000000,49.8066804572
2.1210000000,49.9886079421
2.1220000000,49.9487025236
2.1230000000,49.6868278690
2.1240000000,49.2038351804
2.1250000000,48.5015626597
2.1260000000,47.5828305621
2.1270000000,46.4514318375
2.1280000000,45.1121183803
2.1290000000,43.5705829247
2.1300000000,41.8334366452
2.1310000000,39.9081825411
2.1320000000,37.8031847017
2.1330000000,35.5276335707
2.1340000000,33.0915073443
2.1350000000,30.5055296582
2.1360000000,27.7811237350
2.1370000000,24.9303631808
2.1380000000,21.9659196362
2.1390000000,18.9010075034
2.1400000000,15.7493259828
2.1410000000,12.5249986708
2.1420000000,9.2425109783
2.1430000000,5.9166456441
2.1440000000,2.5624166260
2.1450000000,-0.8049983363
2.1460000000,-4.1703261882
2.1470000000,-7.5182677483
2.1480000000,-10.8335673062
2.1490000000,-14.1010823141
2.1500000000,-17.3058528539
2.1510000000,-20.4331705606
2.1520000000,-23.4686466832
2.1530000000,-26.3982789670
2.1540000000,-29.2085170437
2.1550000000,-31.8863260217
2.1560000000,-34.4192479750
2.1570000000,-36.7954610361
2.1580000000,-39.0038358092
2.1590000000,-41.0339888301
2.1600000000,-42.8763328097
2.1610000000,-44.5221234139
2.1620000000,-45.9635023454
2.1630000000,-47.1935365083
2.1640000000,-48.2062530561
2.1650000000,-48.9966701378
2.1660000000,-49.5608231776
2.1670000000,-49.8957865450
2.1680000000,-49.9996904895
2.1690000000,-49.8717332370
2.1700000000,-49.5121881685
2.1710000000,-48.9224060209
2.1720000000,-48.1048120753
2.1730000000,-47.0628983207
2.1740000000,-45.8012106033
2.1750000000,-44.3253307972
2.1760000000,-42.6418540539
2.1770000000,-40.7583612129
2.1780000000,-38.6833864786
2.1790000000,-36.4263804901
2.1800000000,-33.9976689361
2.1810000000,-31.4084068855
2.1820000000,-28.6705290277
2.1830000000,-25.7966960373
2.1840000000,-22.8002372949
2.1850000000,-19.6950902186
2.1860000000,-16.4957364727
2.1870000000,-13.2171353435
2.1880000000,-9.8746545797
2.1890000000,-6.4839990150
2.1900000000,-3.0611372995
2.1910000000,0.3777729223
2.1920000000,3.8164610379
2.1930000000,7.2386203430
2.1940000000,10.6279854050
2.1950000000,13.9684095483
2.1960000000,17.2439420919
2.1970000000,20.4389049693
2.1980000000,23.5379683614
2.1990000000,26.5262249768
2.2000000000,29.3892626146
2.2010000000,32.1132346571
2.2020000000,34.6849281397
2.2030000000,37.0918290633
2.2040000000,39.3221846180
2.2050000000,41.3650620061
2.2060000000,43.2104035629
2.2070000000,44.8490778914
2.2080000000,46.2729267448
2.2090000000,47.4748074093
2.2100000000,48.4486303594
2.2110000000,49.1893919810
2.2120000000,49.6932021787
2.2130000000,49.9573067079
2.2140000000,49.9801040985
2.2150000000,49.7611570589
2.2160000000,49.3011982801
2.2170000000,48.6021305817
2.2180000000,47.6670213718
2.2190000000,46.5000914198
2.2200000000,45.1066979684
2.2210000000,43.4933122383
2.2220000000,41.6674914091
2.2230000000,39.6378451846
2.2240000000,37.4139970803
2.2250000000,35.0065405949
2.2260000000,32.4269904578
2.2270000000,29.6877291644
2.2280000000,26.8019490403
2.2290000000,23.7835900971
2.2300000000,20.6472739625
2.2310000000,17.4082341933
2.2320000000,14.0822432944
2.2330000000,10.6855367894
2.2340000000,7.2347347008
2.2350000000,3.7467608173
2.2360000000,0.2387601343
2.2370000000,-3.2719851313
2.2380000000,-6.7681405439
2.2390000000,-10.2324050529
2.2400000000,-13.6475967759
2.2410000000,-16.9967385351
2.2420000000,-20.2631427226
2.2430000000,-23.4304950666
2.2440000000,-26.4829368781
2.2450000000,-29.4051453597
2.2460000000,-32.1824115662
2.2470000000,-34.8007156176
2.2480000000,-37.2467987725
2.2490000000,-39.5082319900
2.2500000000,-41.5734806151
2.2510000000,-43.4319648489
2.2520000000,-45.0741156760
2.2530000000,-46.4914259490
2.2540000000,-47.6764963480
2.2550000000,-48.6230759600
2.2560000000,-49.3260972464
2.2570000000,-49.7817051973
2.2580000000,-49.9872804945
2.2590000000,-49.9414565394
2.2600000000,-49.6441302285
2.2610000000,-49.0964663920
2.2620000000,-48.3008958425
2.2630000000,-47.2611070114
2.2640000000,-45.9820311860
2.2650000000,-44.4698213893
2.2660000000,-42.7318249794
2.2670000000,-40.7765500780
2.2680000000,-38.6136259674
2.2690000000,-36.2537576292
2.2700000000,-33.7086746272
2.2710000000,-30.9910745688
2.2720000000,-28.1145614059
2.2730000000,-25.0935788661
2.2740000000,-21.9433393310
2.2750000000,-18.6797485026
2.2760000000,-15.3193262254
2.2770000000,-11.8791238482
2.2780000000,-8.3766385358
2.2790000000,-4.8297249545
2.2800000000,-1.2565047722
2.2810000000,2.3247255708
2.2820000000,5.8955883542
2.2830000000,9.4377188590
2.2840000000,12.9328599522
2.2850000000,16.3629564921
2.2860000000,19.7102490616
2.2870000000,22.9573665448
2.2880000000,26.0874170601
2.2890000000,29.0840767723
2.2900000000,31.9316761116
2.2910000000,34.6152829409
2.2920000000,37.1207822244
2.2930000000,39.4349517660
2.2940000000,41.5455336060
2.2950000000,43.4413006810
2.2960000000,45.1121183803
2.2970000000,46.5490006498
2.2980000000,47.7441603267
2.2990000000,48.6910534134
2.3000000000,49.3844170298
2.3010000000,49.8203008161
2.3020000000,49.9960915889
2.3030000000,49.9105310901
2.3040000000,49.5637267016
2.3050000000,48.9571550367
2.3060000000,48.0936583547
2.3070000000,46.9774337831
2.3080000000,45.6140153705
2.3090000000,44.0102490301
2.3100000000,42.1742604720
2.3110000000,40.1154162602
2.3120000000,37.8442781677
2.3130000000,35.3725510384
2.3140000000,32.7130244014
2.3150000000,29.8795081172
2.3160000000,26.8867623686
2.3170000000,23.7504223401
2.3180000000,20.4869179625
2.3190000000,17.1133891236
2.3200000000,13.6475967759
2.3210000000,10.1078303956
2.3220000000,6.5128122671
2.3230000000,2.8815990899
2.3240000000,-0.7665185797
2.3250000000,-4.4121185260
2.3260000000,-8.0357501702
2.3270000000,-11.6180384189
2.3280000000,-15.1397875116
2.3290000000,-18.5820843084
2.3300000000,-21.9264004633
2.3310000000,-25.1546929276
2.3320000000,-28.2495022360
2.3330000000,-31.1940480359
2.3340000000,-33.9723213323
2.3350000000,-36.5691729358
2.3360000000,-38.9703976193
2.3370000000,-41.1628135084
2.3380000000,-43.1343362531
2.3390000000,-44.8740475572
2.3400000000,-46.3722576667
2.3410000000,-47.6205614496
2.3420000000,-48.6118877346
2.3430000000,-49.3405416080
2.3440000000,-49.8022394066
2.3450000000,-49.9941361817
2.3460000000,-49.9148454495
2.3470000000,-49.5644510845
2.3480000000,-48.9445112542
2.3490000000,-48.0580543349
2.3500000000,-46.9095667961
2.3510000000,-45.5049730788
2.3520000000,-43.8516075426
2.3530000000,-41.9581785969
2.3540000000,-39.8347251762
2.3550000000,-37.4925657618
2.3560000000,-34.9442401964
2.3570000000,-32.2034445742
2.3580000000,-29.2849595359
2.3590000000,-26.2045723283
2.3600000000,-22.9789930311
2.3610000000,-19.6257653841
2.3620000000,-16.1631726813
2.3630000000,-12.6101392283
2.3640000000,-8.9861278866
2.3650000000,-5.3110342529
2.3660000000,-1.6050780432
2.3670000000,2.1113077302
2.3680000000,5.8175891844
2.3690000000,9.4932449788
2.3700000000,13.1178800899
2.3710000000,16.6713393174
2.3720000000,20.1338198898
2.3730000000,23.4859825382
2.3740000000,26.7090604128
2.3750000000,29.7849652246
2.3760000000,32.6963900079
2.3770000000,35.4269079132
2.3780000000,37.9610664612
2.3790000000,40.2844767088
2.3800000000,42.3838968043
2.3810000000,44.2473094387
2.3820000000,45.8639927299
2.3830000000,47.2245841110
2.3840000000,48.3211368333
2.3850000000,49.1471687303
2.3860000000,49.6977029342
2.3870000000,49.9693002771
2.3880000000,49.9600831573
2.3890000000,49.6697506955
2.3900000000,49.0995850560
2.3910000000,48.2524488560
2.3920000000,47.1327736367
2.3930000000,45.7465394206
2.3940000000,44.1012454289
2.3950000000,42.2058720857
2.3960000000,40.0708344822
2.3970000000,37.7079275287
2.3980000000,35.1302630653
2.3990000000,32.3521992535
2.4000000000,29.3892626146
2.4010000000,26.2580631253
2.4020000000,22.9762028228
2.4030000000,19.5621784107
2.4040000000,16.0352783954
2.4050000000,12.4154753141
2.4060000000,8.7233136503
2.4070000000,4.9797940576
2.4080000000,1.2062545376
2.4090000000,-2.5757507583
2.4100000000,-6.3445744214
2.4110000000,-10.0785996726
2.4120000000,-13.7563645362
2.4130000000,-17.3566855880
2.4140000000,-20.8587805635
2.4150000000,-24.2423891134
2.4160000000,-27.4878910024
2.4170000000,-30.5764210565
2.4180000000,-33.4899801817
2.4190000000,-36.2115417917
2.4200000000,-38.7251530099
2.4210000000,-41.0160300355
2.4220000000,-43.0706470929
2.4230000000,-44.8768184220
2.4240000000,-46.4237727986
2.4250000000,-47.7022201203
2.4260000000,-48.7044096337
2.4270000000,-49.4241794261
2.4280000000,-49.8569968538
2.4290000000,-49.9999896307
2.4300000000,-49.8519673522
2.4310000000,-49.4134332868
2.4320000000,-48.6865863215
2.4330000000,-47.6753130052
2.4340000000,-46.3851696924
2.4350000000,-44.8233548451
2.4360000000,-42.9986716140
2.4370000000,-40.9214808709
2.4380000000,-38.6036449282
2.4390000000,-36.0584622317
2.4400000000,-33.3005933717
2.4410000000,-30.3459788078
2.4420000000,-27.2117487554
2.4430000000,-23.9161257294
2.4440000000,-20.4783202871
2.4450000000,-16.9184205561
2.4460000000,-13.2572761712
2.4470000000,-9.5163772824
2.4480000000,-5.7177293274
2.4490000000,-1.8837242931
2.4500000000,1.9629907880
2.4510000000,5.7996473379
2.4520000000,9.6034899452
2.4530000000,13.3519114939
2.4540000000,17.0225879077
2.4550000000,20.5936117048
2.4560000000,24.0436235624
2.4570000000,27.3519410974
2.4580000000,30.4986840817
2.4590000000,33.4648953289
2.4600000000,36.2326565094
2.4610000000,38.7851981787
2.4620000000,41.1070033345
2.4630000000,43.1839038520
2.4640000000,45.0031691880
2.4650000000,46.5535867865
2.4660000000,47.8255336656
2.4670000000,48.8110387158
2.4680000000,49.5038352938
2.4690000000,49.8994037510
2.4700000000,49.9950035960
2.4710000000,49.7896950511
2.4720000000,49.2843498246
2.4730000000,48.4816509861
2.4740000000,47.3860818974
2.4750000000,46.0039042167
2.4760000000,44.3431250611
2.4770000000,42.4134534774
2.4780000000,40.2262464387
2.4790000000,37.7944446474
2.4800000000,35.1324984899
2.4810000000,32.2562845485
2.4820000000,29.1830131374
2.4830000000,25.9311273864
2.4840000000,22.5201944490
2.4850000000,18.9707894639
2.4860000000,15.3043729465
2.4870000000,11.5431623304
2.4880000000,7.7099984181
2.4890000000,3.8282075354
2.4900000000,-0.0785397840
2.4910000000,-3.9863727344
2.4920000000,-7.8713659221
2.4930000000,-11.7096859116
2.4940000000,-15.4777377364
2.4950000000,-19.1523104746
2.4960000000,-22.7107209881
2.4970000000,-26.1309549329
2.4980000000,-29.3918041585
2.4990000000,-32.4729996340
2.5000000000,-35.3553390593
2.5010000000,-38.0208083506
2.5020000000,-40.4526962207
2.5030000000,-42.6357011164
2.5040000000,-44.5560298152
2.5050000000,-46.2014870351
2.5060000000,-47.5615554609
2.5070000000,-48.6274656481
2.5080000000,-49.3922553272
2.5090000000,-49.8508176905
2.5100000000,-49.9999383150
2.5110000000,-49.8383204393
2.5120000000,-49.3665983884
2.5130000000,-48.5873390080
2.5140000000,-47.5050310485
2.5150000000,-46.1260625125
2.5160000000,-44.4586860525
2.5170000000,-42.5129725856
2.5180000000,-40.3007533626
2.5190000000,-37.8355508043
2.5200000000,-35.1324984899
2.5210000000,-32.2082507525
2.5220000000,-29.0808824031
2.5230000000,-25.7697791726
2.5240000000,-22.2955195182
2.5250000000,-18.6797485026
2.5260000000,-14.9450445052
2.5270000000,-11.1147795752
2.5280000000,-7.2129742803
2.5290000000,-3.2641479441
2.5300000000,0.7068348019
2.5310000000,4.6749201959
2.5320000000,8.6150232760
2.5330000000,12.5021865708
2.5340000000,16.3117385462
2.5350000000,20.0194508021
2.5360000000,23.6016930153
2.5370000000,27.0355846332
2.5380000000,30.2991423399
2.5390000000,33.3714223370
2.5400000000,36.2326565094
2.5410000000,38.8643815827
2.5420000000,41.2495604165
2.5430000000,43.3726946242
2.5440000000,45.2199277639
2.5450000000,46.7791383972
2.5460000000,48.0400223781
2.5470000000,48.9941637963
2.5480000000,49.6350940733
2.5490000000,49.9583387783
2.5500000000,49.9614518120
2.5510000000,49.6440366837
2.5520000000,49.0077546876
2.5530000000,48.0563198718
2.5540000000,46.7954807730
2.5550000000,45.2329889783
2.5560000000,43.3785546611
2.5570000000,41.2437893208
2.5580000000,38.8421360413
2.5590000000,36.1887876671
2.5600000000,33.3005933717
2.5610000000,30.1959541771
2.5620000000,26.8947080508
2.5630000000,23.4180052833
2.5640000000,19.7881749120
2.5650000000,16.0285830218
2.5660000000,12.1634838084
2.5670000000,8.2178643428
2.5680000000,4.2172840207
2.5690000000,0.1877097201
2.5700000000,-3.8446522745
2.5710000000,-7.8535265007
2.5720000000,-11.8127395934
2.5730000000,-15.6963914949
2.5740000000,-19.4790254760
2.5750000000,-23.1357958522
2.5760000000,-26.6426322846
2.5770000000,-29.9763995740
2.5780000000,-33.1150518802
2.5790000000,-36.0377803291
2.5800000000,-38.7251530099
2.5810000000,-41.1592464082
2.5820000000,-43.3237673735
2.5830000000,-45.2041647770
2.5840000000,-46.7877300795
2.5850000000,-48.0636860986
2.5860000000,-49.0232633383
2.5870000000,-49.6597633241
2.5880000000,-49.9686084685
2.5890000000,-49.9473780807
2.5900000000,-49.5958302220
2.5910000000,-48.9159092018
2.5920000000,-47.9117386044
2.5930000000,-46.5895998298
2.5940000000,-44.9578962317
2.5950000000,-43.0271030272
2.5960000000,-40.8097032542
2.5970000000,-38.3201101410
2.5980000000,-35.5745763503
2.5990000000,-32.5910906450
2.6000000000,-29.3892626146
2.6010000000,-25.9901961799
2.6020000000,-22.4163526746
2.6030000000,-18.6914043766
2.6040000000,-14.8400794282
2.6050000000,-10.8879991485
2.6060000000,-6.8615087971
2.6070000000,-2.7875028964
2.6080000000,1.3067537368
2.6090000000,5.3938080652
2.6100000000,9.4462027992
2.6110000000,13.4366610298
2.6120000000,17.3382702830
2.6130000000,21.1246647545
2.6140000000,24.7702044863
2.6150000000,28.2501502628
2.6160000000,31.5408330258
2.6170000000,34.6198166416
2.6180000000,37.4660528875
2.6190000000,40.0600275786
2.6200000000,42.3838968043
2.6210000000,44.4216123107
2.6220000000,46.1590351314
2.6230000000,47.5840366454
2.6240000000,48.6865863215
2.6250000000,49.4588254982
2.6260000000,49.8951266363
2.6270000000,49.9921375796
2.6280000000,49.7488104604
2.6290000000,49.1664149869
2.6300000000,48.2485359565
2.6310000000,47.0010549459
2.6320000000,45.4321162376
2.6330000000,43.5520771495
2.6340000000,41.3734430421
2.6350000000,38.9107873864
2.6360000000,36.1806573762
2.6370000000,33.2014656749
2.6380000000,29.9933689802
2.6390000000,26.5781341893
2.6400000000,22.9789930311
2.6410000000,19.2204861210
2.6420000000,15.3282974671
2.6430000000,11.3290805299
2.6440000000,7.2502770017
2.6450000000,3.1199295259
2.6460000000,-1.0335103730
2.6470000000,-5.1813778417
2.6480000000,-9.2949923911
2.6490000000,-13.3458563712
2.6500000000,-17.3058528539
2.6510000000,-21.1474415482
2.6520000000,-24.8438513798
2.6530000000,-28.3692683818
2.6540000000,-31.6990175718
2.6550000000,-34.8097375232
2.6560000000,-37.6795463855
2.6570000000,-40.2881981605
2.6580000000,-42.6172281033
2.6590000000,-44.6500861898
2.6600000000,-46.3722576667
2.6610000000,-47.7713697891
2.6620000000,-48.8372839410
2.6630000000,-49.5621724346
2.6640000000,-49.9405793841
2.6650000000,-49.9694651645
2.6660000000,-49.6482340733
2.6670000000,-48.9787449325
2.6680000000,-47.9653044853
2.6690000000,-46.6146435632
2.6700000000,-44.9358761206
2.6710000000,-42.9404413537
2.6720000000,-40.6420292427
2.6730000000,-38.0564899740
2.6740000000,-35.2017278149
2.6750000000,-32.0975801281
2.6760000000,-28.7656823176
2.6770000000,-25.2293196059
2.6780000000,-21.5132666364
2.6790000000,-17.6436159888
2.6800000000,-13.6475967759
2.6810000000,-9.5533845703
2.6820000000,-5.3899039743
2.6830000000,-1.1866252058
2.6840000000,3.0266438774
2.6850000000,7.2199688536
2.6860000000,11.3635014220
2.6870000000,15.4276921886
2.6880000000,19.3835020333
2.6890000000,23.2026105461
2.6900000000,26.8576200294
2.6910000000,30.3222535904
2.6920000000,33.5715458830
2.6930000000,36.5820251015
2.6940000000,39.3318848890
2.6950000000,41.8011448837
2.6960000000,43.9717987067
2.6970000000,45.8279482768
2.6980000000,47.3559234303
2.6990000000,48.5443859273
2.7000000000,49.3844170298
2.7010000000,49.8695879563
2.7020000000,49.9960126341
2.7030000000,49.7623822958
2.7040000000,49.1699815980
2.7050000000,48.2226860691
2.7060000000,46.9269408295
2.7070000000,45.2917206612
2.7080000000,43.3284716402
2.7090000000,41.0510346802
2.7100000000,38.4755514672
2.7110000000,35.6203533965
2.7120000000,32.5058342501
2.7130000000,29.1543074721
2.7140000000,25.5898490187
2.7150000000,21.8381268670
2.7160000000,17.9262183708
2.7170000000,13.8824167443
2.7180000000,9.7360280411
2.7190000000,5.5171600723
2.7200000000,1.2565047722
2.7210000000,-3.0148844250
2.7220000000,-7.2658185870
2.7230000000,-11.4652010264
2.7240000000,-15.5822551210
2.7250000000,-19.5867505426
2.7260000000,-23.4492262291
2.7270000000,-27.1412084486
2.7280000000,-30.6354223342
2.7290000000,-33.9059953085
2.7300000000,-36.9286508673
2.7310000000,-39.6808912579
2.7320000000,-42.1421676601
2.7330000000,-44.2940365664
2.7340000000,-46.1203011496
2.7350000000,-47.6071365155
2.7360000000,-48.7431978491
2.7370000000,-49.5197105861
2.7380000000,-49.9305418694
2.7390000000,-49.9722526874
2.7400000000,-49.6441302285
2.7410000000,-48.9482001336
2.7420000000,-47.8892184738
2.7430000000,-46.4746434323
2.7440000000,-44.7145868185
2.7450000000,-42.6217456954
2.7460000000,-40.2113145479
2.7470000000,-37.5008785686
2.7480000000,-34.5102887821
2.7490000000,-31.2615198643
2.7500000000,-27.7785116510
2.7510000000,-24.0869954525
2.7520000000,-20.2143064134
2.7530000000,-16.1891832648
2.7540000000,-12.0415569171
2.7550000000,-7.8023294342
2.7560000000,-3.5031450063
2.7570000000,0.8238453914
2.7580000000,5.1462239130
2.7590000000,9.4315485436
2.7600000000,13.6475967759
2.7610000000,17.7626084309
2.7620000000,21.7455257922
2.7630000000,25.5662292312
2.7640000000,29.1957665313
2.7650000000,32.6065741530
2.7660000000,35.7726887383
2.7670000000,38.6699472158
2.7680000000,41.2761739495
2.7690000000,43.5713534612
2.7700000000,45.5377873630
2.7710000000,47.1602342460
2.7720000000,48.4260313976
2.7730000000,49.3251973508
2.7740000000,49.8505144100
2.7750000000,49.9975904480
2.7760000000,49.7648994199
2.7770000000,49.1538002027
2.7780000000,48.1685335297
2.7790000000,46.8161969574
2.7800000000,45.1066979684
2.7810000000,43.0526854810
2.7820000000,40.6694602042
2.7830000000,37.9748644387
2.7840000000,34.9891520869
2.7850000000,31.7348397868
2.7860000000,28.2365402375
2.7870000000,24.5207789230
2.7880000000,20.6157955743
2.7890000000,16.5513318349
2.7900000000,12.3584067055
2.7910000000,8.0690814469
2.7920000000,3.7162157084
2.7930000000,-0.6667832757
2.7940000000,-5.0462165160
2.7950000000,-9.3883521714
2.7960000000,-13.6596855410
2.7970000000,-17.8271981397
2.7980000000,-21.8586138543
2.7990000000,-25.7226501858
2.8000000000,-29.3892626146
2.8010000000,-32.8298801712
2.8020000000,-36.0176303494
2.8030000000,-38.9275515782
2.8040000000,-41.5367915535
2.8050000000,-43.8247898348
2.8060000000,-45.7734432247
2.8070000000,-47.3672525790
2.8080000000,-48.5934498305
2.8090000000,-49.4421041611
2.8100000000,-49.9062064120
2.8110000000,-49.9817309883
2.8120000000,-49.6676746876
2.8130000000,-48.9660720580
2.8140000000,-47.8819870736
2.8150000000,-46.4234811009
2.8160000000,-44.6015573129
2.8170000000,-42.4300818941
2.8180000000,-39.9256825649
2.8190000000,-37.1076251300
2.8200000000,-33.9976689361
2.8210000000,-30.6199022909
2.8220000000,-27.0005590584
2.8230000000,-23.1678178005
2.8240000000,-19.1515849771
2.8250000000,-14.9832638498
2.8260000000,-10.6955108568
2.8270000000,-6.3219813290
2.8280000000,-1.8970665157
2.8290000000,2.5443760388
2.8300000000,6.9672966611
2.8310000000,11.3367301068
2.8320000000,15.6180723307
2.8330000000,19.7773552777
2.8340000000,23.7815175082
2.8350000000,27.5986684960
2.8360000000,31.1983444746
2.8370000000,34.5517537685
2.8380000000,37.6320096172
2.8390000000,40.4143485917
2.8400000000,42.8763328097
2.8410000000,44.9980342740
2.8420000000,46.7621997980
2.8430000000,48.1543951242
2.8440000000,49.1631270083
2.8450000000,49.7799422043
2.8460000000,49.9995024741
2.8470000000,49.8196349246
2.8480000000,49.2413571778
2.8490000000,48.2688770713
2.8500000000,46.9095667961
2.8510000000,45.1739115789
2.8520000000,43.0754332219
2.8530000000,40.6305890193
2.8540000000,37.8586467655
2.8550000000,34.7815367701
2.8560000000,31.4236819817
2.8570000000,27.8118075037
2.8580000000,23.9747309594
2.8590000000,19.9431353230
2.8600000000,15.7493259828
2.8610000000,11.4269739386
2.8620000000,7.0108471554
2.8630000000,2.5365322015
2.8640000000,-1.9598516135
2.8650000000,-6.4419433136
2.8660000000,-10.8734342052
2.8670000000,-15.2183623254
2.8680000000,-19.4414050031
2.8690000000,-23.5081671472
2.8700000000,-27.3854629038
2.8710000000,-31.0415883642
2.8720000000,-34.4465830715
2.8730000000,-37.5724781498
2.8740000000,-40.3935289855
2.8750000000,-42.8864305000
2.8760000000,-45.0305131931
2.8770000000,-46.8079182792
2.8780000000,-48.2037504073
2.8790000000,-49.2062066270
2.8800000000,-49.8066804572
2.8810000000,-49.9998401063
2.8820000000,-49.7836801074
2.8830000000,-49.1595458401
2.8840000000,-48.1321306366
2.8850000000,-46.7094453900
2.8860000000,-44.9027608091
2.8870000000,-42.7265226915
2.8880000000,-40.1982408091
2.8890000000,-37.3383522189
2.8900000000,-34.1700600316
2.8910000000,-30.7191488701
2.8920000000,-27.0137784562
2.8930000000,-23.0842569444
2.8940000000,-18.9627957996
2.8950000000,-14.6832481765
2.8960000000,-10.2808329032
2.8970000000,-5.7918462989
2.8980000000,-1.2533641692
2.8990000000,3.2970635867
2.9000000000,7.8217232520
2.9010000000,12.2830498914
2.9020000000,16.6439396854
2.9030000000,20.8680594010
2.9040000000,24.9201504119
2.9050000000,28.7663247171
2.9060000000,32.3743504586
2.9070000000,35.7139245202
2.9080000000,38.7569298802
2.9090000000,41.4776755145
2.9100000000,43.8531167767
2.9110000000,45.8630543405
2.9120000000,47.4903099563
2.9130000000,48.7208774655
2.9140000000,49.5440477099
2.9150000000,49.9525061943
2.9160000000,49.9424025755
2.9170000000,49.5133912919
2.9180000000,48.6686428799
2.9190000000,47.4148257742
2.9200000000,45.7620586310
2.9210000000,43.7238334669
2.9220000000,41.3169101486
2.9230000000,38.5611830178
2.9240000000,35.4795206680
2.9250000000,32.0975801281
2.9260000000,28.4435969247
2.9270000000,24.5481527060
2.9280000000,20.4439223121
2.9290000000,16.1654023514
2.9300000000,11.7486235163
2.9310000000,7.2308490139
2.9320000000,2.6502616188
2.9330000000,-1.9543580395
2.9340000000,-6.5439592537
2.9350000000,-11.0795523163
2.9360000000,-15.5225400962
2.9370000000,-19.8350472916
2.9380000000,-23.9802445468
2.9390000000,-27.9226646515
2.9400000000,-31.6285080957
2.9410000000,-35.0659353318
2.9420000000,-38.2053431996
2.9430000000,-41.0196230900
2.9440000000,-43.4843985739
2.9450000000,-45.5782403834
2.9460000000,-47.2828568211
2.9470000000,-48.5832578732
2.9480000000,-49.4678915207
2.9490000000,-49.9287509757
2.9500000000,-49.9614518120
2.9510000000,-49.5652782170
2.9520000000,-48.7431978491
2.9530000000,-47.5018450590
2.9540000000,-45.8514724975
2.9550000000,-43.8058714127
2.9560000000,-41.3822612040
2.9570000000,-38.6011490730
2.9580000000,-35.4861608718
2.9590000000,-32.0638445008
2.9600000000,-28.3634474563
2.9610000000,-24.4166703539
2.9620000000,-20.2573984733
2.9630000000,-15.9214135681
2.9640000000,-11.4460883650
2.9650000000,-6.8700663389
2.9660000000,-2.2329294879
2.9670000000,2.4251430494
2.9680000000,7.0637226021
2.9690000000,11.6424818000
2.9700000000,16.1215455893
2.9710000000,20.4618393756
2.9720000000,24.6254312479
2.9730000000,28.5758652787
2.9740000000,32.2784829567
2.9750000000,35.7007299026
2.9760000000,38.8124451321
2.9770000000,41.5861302726
2.9780000000,43.9971963035
2.9790000000,46.0241855758
2.9800000000,47.6489670759
2.9810000000,48.8569031200
2.9820000000,49.6369859140
2.9830000000,49.9819426657
2.9840000000,49.8883082117
2.9850000000,49.3564644000
2.9860000000,48.3906457589
2.9870000000,46.9989112778
2.9880000000,45.1930824245
2.9890000000,42.9886478198
2.9900000000,40.4046352877
2.9910000000,37.4634522916
2.9920000000,34.1906960470
2.9930000000,30.6149348797
2.9940000000,26.7674626569
2.9950000000,22.6820283650
2.9960000000,18.3945431371
2.9970000000,13.9427672465
2.9980000000,9.3659797644
2.9990000000,4.7046337528
3.0000000000,0.0000000000
3.0010000000,-4.7061975779
3.0020000000,-9.3721516572
3.0030000000,-13.9563430786
3.0040000000,-18.4179109687
3.0050000000,-22.7170181084
3.0060000000,-26.8152082737
3.0070000000,-30.6757523306
3.0080000000,-34.2639799541
3.0090000000,-37.5475939551
3.0100000000,-40.4969643413
3.0110000000,-43.0853994082
3.0120000000,-45.2893913492
3.0130000000,-47.0888340917
3.0140000000,-48.4672113056
3.0150000000,-49.4117527886
3.0160000000,-49.9135577097
3.0170000000,-49.9676834821
3.0180000000,-49.5731993429
3.0190000000,-48.7332040275
3.0200000000,-47.4548072495
3.0210000000,-45.7490750206
3.0220000000,-43.6309391714
3.0230000000,-41.1190717583
3.0240000000,-38.2357253620
3.0250000000,-35.0065405949
3.0260000000,-31.4603224369
3.0270000000,-27.6287873087
3.0280000000,-23.5462830634
3.0290000000,-19.2494843332
3.0300000000,-14.7770659007
3.0310000000,-10.1693569754
3.0320000000,-5.4679794425
3.0330000000,-0.7154733078
3.0340000000,4.0450873048
3.0350000000,8.7704841490
3.0360000000,13.4177473189
3.0370000000,17.9445466177
3.0380000000,22.3095782639
3.0390000000,26.4729433946
3.0400000000,30.3965148847
3.0410000000,34.0442890944
3.0420000000,37.3827192763
3.0430000000,40.3810275334
3.0440000000,43.0114923945
3.0450000000,45.2497092915
3.0460000000,47.0748214547
3.0470000000,48.4697190035
3.0480000000,49.4212042948
3.0490000000,49.9201218888
3.0500000000,49.9614518120
3.0510000000,49.5443651292
3.0520000000,48.6722411765
3.0530000000,47.3526461598
3.0540000000,45.5972731753
3.0550000000,43.4218440651
3.0560000000,40.8459738758
3.0570000000,37.8929990336
3.0580000000,34.5897706915
3.0590000000,30.9664150297
3.0600000000,27.0560626063
3.0610000000,22.8945491468
3.0620000000,18.5200904387
3.0630000000,13.9729342470
3.0640000000,9.2949923911
3.0650000000,4.5294563229
3.0660000000,-0.2796002889
3.0670000000,-5.0876283266
3.0680000000,-9.8500155995
3.0690000000,-14.5225010170
3.0700000000,-19.0615867135
3.0710000000,-23.4249442830
3.0720000000,-27.5718113217
3.0730000000,-31.4633745472
3.0740000000,-35.0631358767
3.0750000000,-38.3372579864
3.0760000000,-41.2548860551
3.0770000000,-43.7884425986
3.0780000000,-45.9138925462
3.0790000000,-47.6109759703
3.0800000000,-48.8634061784
3.0810000000,-49.6590311860
3.0820000000,-49.9899569281
3.0830000000,-49.8526309163
3.0840000000,-49.2478854156
3.0850000000,-48.1809395909
3.0860000000,-46.6613604564
3.0870000000,-44.7029828485
3.0880000000,-42.3237890275
3.0890000000,-39.5457488998
3.0900000000,-36.3946222228
3.0910000000,-32.8997245227
3.0920000000,-29.0936588037
3.0930000000,-25.0120154580
3.0940000000,-20.6930430983
3.0950000000,-16.1772933190
3.0960000000,-11.5072426536
3.0970000000,-6.7268952230
3.0980000000,-1.8813697693
3.0990000000,2.9835250686
3.1000000000,7.8217232520
3.1010000000,12.5873375379
3.1020000000,17.2350952441
3.1030000000,21.7207694440
3.1040000000,26.0016014769
3.1050000000,30.0367107226
3.1060000000,33.7874876982
3.1070000000,37.2179666710
3.1080000000,40.2951741676
3.1090000000,42.9894499673
3.1100000000,45.2747374226
3.1110000000,47.1288402242
3.1120000000,48.5336430388
3.1130000000,49.4752937842
3.1140000000,49.9443456602
3.1150000000,49.9358574350
3.1160000000,49.4494508778
3.1170000000,48.4893246368
3.1180000000,47.0642242747
3.1190000000,45.1873685945
3.1200000000,42.8763328097
3.1210000000,40.1528895275
3.1220000000,37.0428089270
3.1230000000,33.5756199095
3.1240000000,29.7843343832
3.1250000000,25.7051372097
3.1260000000,21.3770446773
3.1270000000,16.8415346884
3.1280000000,12.1421521269
3.1290000000,7.3240931326
3.1300000000,2.4337722248
3.1310000000,-2.4816235988
3.1320000000,-7.3745895191
3.1330000000,-12.1977619367
3.1340000000,-16.9043774643
3.1350000000,-21.4487274216
3.1360000000,-25.7866034059
3.1370000000,-29.8757295829
3.1380000000,-33.6761774519
3.1390000000,-37.1507589912
3.1400000000,-40.2653942856
3.1410000000,-42.9894499673
3.1420000000,-45.2960450735
3.1430000000,-47.1623212242
3.1440000000,-48.5696743621
3.1450000000,-49.5039456581
3.1460000000,-49.9555695762
3.1470000000,-49.9196775006
3.1480000000,-49.3961557571
3.1490000000,-48.3896573010
3.1500000000,-46.9095667961
3.1510000000,-44.9699192629
3.1520000000,-42.5892729308
3.1530000000,-39.7905373834
3.1540000000,-36.6007585231
3.1550000000,-33.0508623206
3.1560000000,-29.1753597184
3.1570000000,-25.0120154580
3.1580000000,-20.6014839596
3.1590000000,-15.9869157267
3.1600000000,-11.2135380475
3.1610000000,-6.3282140375
3.1620000000,-1.3789842968
3.1630000000,3.5854043554
3.1640000000,8.5159784611
3.1650000000,13.3640211067
3.1660000000,18.0815539461
3.1670000000,22.6218132896
3.1680000000,26.9397155253
3.1690000000,30.9923072247
3.1700000000,34.7391954179
3.1710000000,38.1429537023
3.1720000000,41.1695000692
3.1730000000,43.7884425986
3.1740000000,45.9733894756
3.1750000000,47.7022201203
3.1760000000,48.9573146015
3.1770000000,49.7257389019
3.1780000000,49.9993840393
3.1790000000,49.7750574948
3.1800000000,49.0545258722
3.1810000000,47.8445081928
3.1820000000,46.1566197228
3.1830000000,44.0072667224
3.1840000000,41.4174930000
3.1850000000,38.4127796404
3.1860000000,35.0227997492
3.1870000000,31.2811305165
3.1880000000,27.2249253384
3.1890000000,22.8945491468
3.1900000000,18.3331804821
3.1910000000,13.5863841895
3.1920000000,8.7016589336
3.1930000000,3.7279639929
3.1940000000,-1.2847699743
3.1950000000,-6.2861413211
3.1960000000,-11.2257839590
3.1970000000,-16.0538749734
3.1980000000,-20.7216381910
3.1990000000,-25.1818386025
3.2000000000,-29.3892626146
3.2010000000,-33.3011792284
3.2020000000,-36.8777774157
3.2030000000,-40.0825751843
3.2040000000,-42.8827960933
3.2050000000,-45.2497092915
3.2060000000,-47.1589295064
3.2070000000,-48.5906738024
3.2080000000,-49.5299723539
3.2090000000,-49.9668309344
3.2100000000,-49.8963433043
3.2110000000,-49.3187521825
3.2120000000,-48.2394580055
3.2130000000,-46.6689752050
3.2140000000,-44.6228362704
3.2150000000,-42.1214443947
3.2160000000,-39.1898760317
3.2170000000,-35.8576352076
3.2180000000,-32.1583619322
3.2190000000,-28.1294975324
3.2200000000,-23.8119101834
3.2210000000,-19.2494843332
3.2220000000,-14.4886781018
3.2230000000,-9.5780530796
3.2240000000,-4.5677812527
3.2250000000,0.4908659669
3.2260000000,5.5460414190
3.2270000000,10.5458532491
3.2280000000,15.4388979022
3.2290000000,20.1747895840
3.2300000000,24.7046807277
3.2310000000,28.9817680779
3.2320000000,32.9617791271
3.2330000000,36.6034338232
3.2340000000,39.8688767019
3.2350000000,42.7240748808
3.2360000000,45.1391776902
3.2370000000,47.0888340917
3.2380000000,48.5524644597
3.2390000000,49.5144837576
3.2400000000,49.9644736320
3.2410000000,49.8973014706
3.2420000000,49.3131850059
3.2430000000,48.2177016132
3.2440000000,46.6217420161
3.2450000000,44.5414086919
3.2460000000,41.9978598470
3.2470000000,39.0171003971
3.2480000000,35.6297219500
3.2490000000,31.8705943238
3.2500000000,27.7785116510
3.2510000000,23.3957966022
3.2520000000,18.7678667183
3.2530000000,13.9427672465
3.2540000000,8.9706752475
3.2550000000,3.9033800583
3.2560000000,-1.2062545376
3.2570000000,-6.3048408663
3.2580000000,-11.3390249254
3.2590000000,-16.2560451342
3.2600000000,-21.0042864206
3.2610000000,-25.5338238153
3.2620000000,-29.7969498146
3.2630000000,-33.7486799185
3.2640000000,-37.3472309580
3.2650000000,-40.5544670905
3.2660000000,-43.3363086635
3.2670000000,-45.6630995148
3.2680000000,-47.5099287028
3.2690000000,-48.8569031200
3.2700000000,-49.6893679512
3.2710000000,-49.9980724725
3.2720000000,-49.7792792580
3.2730000000,-49.0348154484
3.2740000000,-47.7720653463
3.2750000000,-46.0039042167
3.2760000000,-43.7485737990
3.2770000000,-41.0295006498
3.2780000000,-37.8750590524
3.2790000000,-34.3182808183
3.2800000000,-30.3965148847
3.2810000000,-26.1510401507
3.2820000000,-21.6266355098
3.2830000000,-16.8711115062
3.2840000000,-11.9348084670
3.2850000000,-6.8700663389
3.2860000000,-1.7306717823
3.2870000000,3.4287116634
3.2880000000,8.5531243226
3.2890000000,13.5878958766
3.2900000000,18.4792293709
3.2910000000,23.1747774936
3.2920000000,27.6242049412
3.2930000000,31.7797308082
3.2940000000,35.5966451310
3.2950000000,39.0337939686
3.2960000000,42.0540277171
3.2970000000,44.6246077280
3.2980000000,46.7175667316
3.2990000000,48.3100190396
3.3000000000,49.3844170298
3.3010000000,49.9287509757
3.3020000000,49.9366898845
3.3030000000,49.4076616303
3.3040000000,48.3468713178
3.3050000000,46.7652574729
3.3060000000,44.6793863258
3.3070000000,42.1112851189
3.3080000000,39.0882160378
3.3090000000,35.6423930076
3.3100000000,31.8106442242
3.3110000000,27.6340238910
3.3120000000,23.1573771891
3.3130000000,18.4288630382
3.3140000000,13.4994396745
3.3150000000,8.4223184989
3.3160000000,3.2523920125
3.3170000000,-1.9543580395
3.3180000000,-7.1414659544
3.3190000000,-12.2525942581
3.3200000000,-17.2321461587
3.3210000000,-22.0258716065
3.3220000000,-26.5814603429
3.3230000000,-30.8491154372
3.3240000000,-34.7821009955
3.3250000000,-38.3372579864
3.3260000000,-41.4754824479
3.3270000000,-44.1621607324
3.3280000000,-46.3675568922
3.3290000000,-48.0671478147
3.3300000000,-49.2419022668
3.3310000000,-49.8785006132
3.3320000000,-49.9694926026
3.3330000000,-49.5133912919
3.3340000000,-48.5147018659
3.3350000000,-46.9838848224
3.3360000000,-44.9372537083
3.3370000000,-42.3968083166
3.3380000000,-39.3900049618
3.3390000000,-35.9494661529
3.3400000000,-32.1126326588
3.3410000000,-27.9213616057
3.3420000000,-23.4214748554
3.3430000000,-18.6622624796
3.3440000000,-13.6959466563
3.3450000000,-8.5771117752
3.3460000000,-3.3621069323
3.3470000000,1.8915726757
3.3480000000,7.1259186875
3.3490000000,12.2830498914
3.3500000000,17.3058528539
3.3510000000,22.1386157694
3.3520000000,26.7276484861
3.3530000000,31.0218817863
3.3540000000,34.9734392066
3.3550000000,38.5381749587
3.3560000000,41.6761718655
3.3570000000,44.3521936473
3.3580000000,46.5360863777
3.3590000000,48.2031244774
3.3600000000,49.3342972104
3.3610000000,49.9165322956
3.3620000000,49.9428539372
3.3630000000,49.4124732947
3.3640000000,48.3308101623
3.3650000000,46.7094453900
3.3660000000,44.5660043530
3.3670000000,41.9239725440
3.3680000000,38.8124451321
3.3690000000,35.2658130736
3.3700000000,31.3233890843
3.3710000000,27.0289774676
3.3720000000,22.4303924389
3.3730000000,17.5789301826
3.3740000000,12.5288004172
3.3750000000,7.3365237228
3.3760000000,2.0603012913
3.3770000000,-3.2406359002
3.3780000000,-8.5066912385
3.3790000000,-13.6785725088
3.3800000000,-18.6979602869
3.3810000000,-23.5081671472
3.3820000000,-28.0547802228
3.3830000000,-32.2862798093
3.3840000000,-36.1546269498
3.3850000000,-39.6158132603
3.3860000000,-42.6303666559
3.3870000000,-45.1638071133
3.3880000000,-47.1870471483
3.3890000000,-48.6767322918
3.3900000000,-49.6155175122
3.3910000000,-49.9922762403
3.3920000000,-49.8022394066
3.3930000000,-49.0470626859
3.3940000000,-47.7348209514
3.3950000000,-45.8799297656
3.3960000000,-43.5029945650
3.3970000000,-40.6305890193
3.3980000000,-37.2949648596
3.3990000000,-33.5336962601
3.4000000000,-29.3892626146
3.4010000000,-24.9085742682
3.4020000000,-20.1424464310
3.4030000000,-15.1450271162
3.4040000000,-9.9731854887
3.4050000000,-4.6858674901
3.4060000000,0.6565739937
3.4070000000,5.9930668376
3.4080000000,11.2625174362
3.4090000000,16.4045105519
3.4100000000,21.3600032353
3.4110000000,26.0720048349
3.4120000000,30.4862352463
3.4130000000,34.5517537685
3.4140000000,38.2215512445
3.4150000000,41.4530985580
3.4160000000,44.2088450340
3.4170000000,46.4566608431
3.4180000000,48.1702181323
3.4190000000,49.3293062910
3.4200000000,49.9200775054
3.4210000000,49.9352195407
3.4220000000,49.3740535230
3.4230000000,48.2425553505
3.4240000000,46.5533002391
3.4250000000,44.3253307972
3.4260000000,41.5839499128
3.4270000000,38.3604406065
3.4280000000,34.6917158653
3.4290000000,30.6199022909
3.4300000000,26.1918621798
3.4310000000,21.4586593874
3.4320000000,16.4749749975
3.4330000000,11.2984794288
3.4340000000,5.9891681394
3.4350000000,0.6086685424
3.4360000000,-4.7804738912
3.4370000000,-10.1155220930
3.4380000000,-15.3342779924
3.4390000000,-20.3758087419
3.4400000000,-25.1811600818
3.4410000000,-29.6940484745
3.4420000000,-33.8615238553
3.4430000000,-37.6345951576
3.4440000000,-40.9688111771
3.4450000000,-43.8247898348
3.4460000000,-46.1686894764
3.4470000000,-47.9726165003
3.4480000000,-49.2149643323
3.4490000000,-49.8806795515
3.4500000000,-49.9614518120
3.4510000000,-49.4558250856
3.4520000000,-48.3692286680
3.4530000000,-46.7139273289
3.4540000000,-44.5088909324
3.4550000000,-41.7795848086
3.4560000000,-38.5576830898
3.4570000000,-34.8807081474
3.4580000000,-30.7916001423
3.4590000000,-26.3382215475
3.4600000000,-21.5728022840
3.4610000000,-16.5513318349
3.4620000000,-11.3329053533
3.4630000000,-5.9790313512
3.4640000000,-0.5529090378
3.4650000000,4.8813162327
3.4660000000,10.2593106544
3.4670000000,15.5173138640
3.4680000000,20.5928960147
3.4690000000,25.4257010301
3.4700000000,29.9581671690
3.4710000000,34.1362162700
3.4720000000,37.9099033828
3.4730000000,41.2340189333
3.4740000000,44.0686361077
3.4750000000,46.3795967628
3.4760000000,48.1389298784
3.4770000000,49.3251973508
3.4780000000,49.9237627715
3.4790000000,49.9269797405
3.4800000000,49.3342972104
3.4810000000,48.1522803397
3.4820000000,46.3945463396
3.4830000000,44.0816158128
3.4840000000,41.2406810953
3.4850000000,37.9052941158
3.4860000000,34.1149772555
3.4870000000,29.9147616341
3.4880000000,25.3546581292
3.4890000000,20.4890672677
3.4900000000,15.3761348836
3.4910000000,10.0770611140
3.4920000000,4.6553708941
3.4930000000,-0.8238453914
3.4940000000,-6.2947120571
3.4950000000,-11.6913597310
3.4960000000,-16.9487189337
3.4970000000,-22.0033060558
3.4980000000,-26.7939922305
3.4990000000,-31.2627457615
3.5000000000,-35.3553390593
3.5010000000,-39.0220114265
3.5020000000,-42.2180795413
3.5030000000,-44.9044880861
3.5040000000,-47.0482936681
3.5050000000,-48.6230759600
3.5060000000,-49.6092708479
3.5070000000,-49.9944213037
3.5080000000,-49.7733426771
3.5090000000,-48.9482001336
3.5100000000,-47.5284970208
3.5110000000,-45.5309740265
3.5120000000,-42.9794200740
3.5130000000,-39.9043969795
3.5140000000,-36.3428809548
3.5150000000,-32.3378250606
3.5160000000,-27.9376476974
3.5170000000,-23.1956531413
3.5180000000,-18.1693909818
3.5190000000,-12.9199620942
3.5200000000,-7.5112794560
3.5210000000,-2.0092927047
3.5220000000,3.5188141953
3.5230000000,9.0054424380
3.5240000000,14.3834050350
3.5250000000,19.5867505426
3.5260000000,24.5515737477
3.5270000000,29.2168033309
3.5280000000,33.5249567658
3.5290000000,37.4228530839
3.5300000000,40.8622746154
3.5310000000,43.8005694118
3.5320000000,46.2011867556
3.5330000000,48.0341389570
3.5340000000,49.2763835221
3.5350000000,49.9121207351
3.5360000000,49.9330027223
3.5370000000,49.3382511441
3.5380000000,48.1346817775
3.5390000000,46.3366353961
3.5400000000,43.9658155095
3.5410000000,41.0510346802
3.5420000000,37.6278722696
3.5430000000,33.7382475758
3.5440000000,29.4299133862
3.5450000000,24.7558759720
3.5460000000,19.7737484889
3.5470000000,14.5450455970
3.5480000000,9.1344278735
3.5490000000,3.6089052449
3.5500000000,-1.9629907880
3.5510000000,-7.5120559404
3.5520000000,-12.9692724528
3.5530000000,-18.2666682571
3.5540000000,-23.3381652995
3.5550000000,-28.1204064143
3.5560000000,-32.5535503746
3.5570000000,-36.5820251015
3.5580000000,-40.1552295020
3.5590000000,-43.2281750104
3.5600000000,-45.7620586310
3.5610000000,-47.7247601050
3.5620000000,-49.0912567471
3.5630000000,-49.8439505066
3.5640000000,-49.9729028829
3.5650000000,-49.4759744700
3.5660000000,-48.3588670835
3.5670000000,-46.6350676428
3.5680000000,-44.3256942080
3.5690000000,-41.4592458049
3.5700000000,-38.0712588838
3.5710000000,-34.2038744443
3.5720000000,-29.9053209964
3.5730000000,-25.2293196059
3.5740000000,-20.2344182782
3.5750000000,-14.9832638498
3.5760000000,-9.5418203752
3.5770000000,-3.9785437052
3.5780000000,1.6364774594
3.5790000000,7.2324032940
3.5800000000,12.7385362842
3.5810000000,18.0852151074
3.5820000000,23.2046976559
3.5830000000,28.0320219900
3.5840000000,32.5058342501
3.5850000000,36.5691729358
3.5860000000,40.1701994728
3.5870000000,43.2628656371
3.5880000000,45.8075091680
3.5890000000,47.7713697891
3.5900000000,49.1290188320
3.5910000000,49.8626967395
3.5920000000,49.9625538689
3.5930000000,49.4267912368
3.5940000000,48.2616991046
3.5950000000,46.4815926013
3.5960000000,44.1086448885
3.5970000000,41.1726196820
3.5980000000,37.7105062374
3.5990000000,33.7660611604
3.6000000000,29.3892626146
3.6010000000,24.6356836337
3.6020000000,19.5657923096
3.6030000000,14.2441875898
3.6040000000,8.7387802722
3.6050000000,3.1199295259
3.6060000000,-2.5404541280
3.6070000000,-8.1698279723
3.6080000000,-13.6959466563
3.6090000000,-19.0477902590
3.6100000000,-24.1564789255
3.6110000000,-28.9561622752
3.6120000000,-33.3848720662
3.6130000000,-37.3853270287
3.6140000000,-40.9056793582
3.6150000000,-43.9001930732
3.6160000000,-46.3298452835
3.6170000000,-48.1628423804
3.6180000000,-49.3750442274
3.6190000000,-49.9502905941
3.6200000000,-49.8806253181
3.6210000000,-49.1664149869
3.6220000000,-47.8163602839
3.6230000000,-45.8473995243
3.6240000000,-43.2845053047
3.6250000000,-40.1603765740
3.6260000000,-36.5150298015
3.6270000000,-32.3952942365
3.6280000000,-27.8542175208
3.6290000000,-22.9503890974
3.6300000000,-17.7471899570
3.6310000000,-12.3119782517
3.6320000000,-6.7152211713
3.6330000000,-1.0295842180
3.6340000000,4.6710103931
3.6350000000,10.3123440355
3.6360000000,15.8208682124
3.6370000000,21.1246647545
3.6380000000,26.1543871225
3.6390000000,30.8441704712
3.6400000000,35.1324984899
3.6410000000,38.9630155610
3.6420000000,42.2852734485
3.6430000000,45.0554025504
3.6440000000,47.2366986991
3.6450000000,48.8001175669
3.6460000000,49.7246699199
3.6470000000,49.9977122370
3.6480000000,49.6151285647
3.6490000000,48.5814008939
3.6500000000,46.9095667961
3.6510000000,44.6210645376
3.6520000000,41.7454673672
3.6530000000,38.3201101410
3.6540000000,34.3896128736
3.6550000000,30.0053071803
3.6560000000,25.2245728772
3.6570000000,20.1100932138
3.6580000000,14.7290383203
3.6590000000,9.1521874300
3.6600000000,3.4530012857
3.6610000000,-2.2933431623
3.6620000000,-8.0109431190
3.6630000000,-13.6241723410
3.6640000000,-19.0586823378
3.6650000000,-24.2423891134
3.6660000000,-29.1064323329
3.6670000000,-33.5860941135
3.6680000000,-37.6216651341
3.6690000000,-41.1592464082
3.6700000000,-44.1514758828
3.6710000000,-46.5581699825
3.6720000000,-48.3468713178
3.6730000000,-49.4932949889
3.6740000000,-49.9816672446
3.6750000000,-49.8049516626
3.6760000000,-48.9649595022
3.6770000000,-47.4723424115
3.6780000000,-45.3464672339
3.6790000000,-42.6151742317
3.6800000000,-39.3144216068
3.6810000000,-35.4878207258
3.6820000000,-31.1860679351
3.6830000000,-26.4662802557
3.6840000000,-21.3912435583
3.6850000000,-16.0285830218
3.6860000000,-10.4498667551
3.6870000000,-4.7296543958
3.6880000000,1.0554967225
3.6890000000,6.8280546252
3.6900000000,12.5105513301
3.6910000000,18.0266231546
3.6920000000,23.3020387227
3.6930000000,28.2657008133
3.6940000000,32.8506084929
3.6950000000,36.9947664669
3.6960000000,40.6420292427
3.6970000000,43.7428685386
3.6980000000,46.2550533616
3.6990000000,48.1442333232
3.7000000000,49.3844170298
3.7010000000,49.9583387783
3.7020000000,49.8577082685
3.7030000000,49.0833396097
3.7040000000,47.6451575175
3.7050000000,45.5620802527
3.7060000000,42.8617805199
3.7070000000,39.5803272041
3.7080000000,35.7617124464
3.7090000000,31.4572701325
3.7100000000,26.7249933635
3.7110000000,21.6287598737
3.7120000000,16.2374756459
3.7130000000,10.6241481207
3.7140000000,4.8649013924
3.7150000000,-0.9620533786
3.7160000000,-6.7774784568
3.7170000000,-12.5021865708
3.7180000000,-18.0581198734
3.7190000000,-23.3694161163
3.7200000000,-28.3634474563
3.7210000000,-32.9718176336
3.7220000000,-37.1313037783
3.7230000000,-40.7847298157
3.7240000000,-43.8817593240
3.7250000000,-46.3795967628
3.7260000000,-48.2435872037
3.7270000000,-49.4477060517
3.7280000000,-49.9749317207
3.7290000000,-49.8174958116
3.7300000000,-48.9770069981
3.7310000000,-47.4644465477
3.7320000000,-45.3000351623
3.7330000000,-42.5129725856
3.7340000000,-39.1410531843
3.7350000000,-35.2301624214
3.7360000000,-30.8336608013
3.7370000000,-26.0116634345
3.7380000000,-20.8302248404
3.7390000000,-15.3604399419
3.7400000000,-9.6774734025
3.7410000000,-3.8595304877
3.7420000000,2.0132165171
3.7430000000,7.8597316332
3.7440000000,13.5992331025
3.7450000000,19.1523104746
3.7460000000,24.4420254113
3.7470000000,29.3949809251
3.7480000000,33.9423441519
3.7490000000,38.0208083506
3.7500000000,41.5734806151
3.7510000000,44.5506827672
3.7520000000,46.9106540623
3.7530000000,48.6201456621
3.7540000000,49.6548982980
3.7550000000,49.9999961447
3.7560000000,49.6500916173
3.7570000000,48.6094975890
3.7580000000,46.8921453537
3.7590000000,44.5214085291
3.7600000000,41.5297949598
3.7610000000,37.9585105308
3.7620000000,33.8569006028
3.7630000000,29.2817765076
3.7640000000,24.2966361737
3.7650000000,18.9707894639
3.7660000000,13.3784001755
3.7670000000,7.5974578593
3.7680000000,1.7086936446
3.7690000000,-4.2055449121
3.7700000000,-10.0624443108
3.7710000000,-15.7798848676
3.7720000000,-21.2775935139
3.7730000000,-26.4782734354
3.7740000000,-31.3086946230
3.7750000000,-35.7007299026
3.7760000000,-39.5923217207
3.7770000000,-42.9283658915
3.7780000000,-45.6614996251
3.7790000000,-47.7527824679
3.7800000000,-49.1722602498
3.7810000000,-49.8994037510
3.7820000000,-49.9234155384
3.7830000000,-49.2434002594
3.7840000000,-47.8683955918
3.7850000000,-45.8172630084
3.7860000000,-43.1184394905
3.7870000000,-39.8095532981
3.7880000000,-35.9369088359
3.7890000000,-31.5548475236
3.7900000000,-26.7249933635
3.7910000000,-21.5153935551
3.7920000000,-15.9995660361
3.7930000000,-10.2554671867
3.7940000000,-4.3643941125
3.7950000000,1.5901630977
3.7960000000,7.5237029829
3.7970000000,13.3519114939
3.7980000000,18.9918609544
3.7990000000,24.3631921420
3.8000000000,29.3892626146
3.8010000000,33.9982448293
3.8020000000,38.1241582616
3.8030000000,41.7078206188
3.8040000000,44.6977043457
3.8050000000,47.0506859237
3.8060000000,48.7326769546
3.8070000000,49.7191276713
3.8080000000,49.9953953080
3.8090000000,49.5569716731
3.8100000000,48.4095662593
3.8110000000,46.5690432862
3.8120000000,44.0612131527
3.8130000000,40.9214808709
3.8140000000,37.1943561067
3.8150000000,32.9328314599
3.8160000000,28.1976375260
3.8170000000,23.0563850845
3.8180000000,17.5826064136
3.8190000000,11.8547092238
3.8200000000,5.9548580047
3.8210000000,-0.0322013225
3.8220000000,-6.0203566887
3.8230000000,-11.9233677006
3.8240000000,-17.6561082289
3.8250000000,-23.1357958522
3.8260000000,-28.2831903806
3.8270000000,-33.0237440653
3.8280000000,-37.2886867414
3.8290000000,-41.0160300355
3.8300000000,-44.1514758828
3.8310000000,-46.6492159374
3.8320000000,-48.4726099896
3.8330000000,-49.5947332179
3.8340000000,-49.9987839710
3.8350000000,-49.6783457654
3.8360000000,-48.6374992826
3.8370000000,-46.8907823074
3.8380000000,-44.4629977561
3.8390000000,-41.3888721451
3.8400000000,-37.7125690368
3.8410000000,-33.4870641232
3.8420000000,-28.7733906424
3.8430000000,-23.6397657428
3.8440000000,-18.1606101782
3.8450000000,-12.4154753141
3.8460000000,-6.4878928259
3.8470000000,-0.4641636474
3.8480000000,5.5678963285
3.8490000000,11.5202356022
3.8500000000,17.3058528539
3.8510000000,22.8400703852
3.8520000000,28.0417765563
3.8530000000,32.8346189484
3.8540000000,37.1481306416
3.8550000000,40.9187729185
3.8560000000,44.0908788734
3.8570000000,46.6174838070
3.8580000000,48.4610299006
3.8590000000,49.5939344667
3.8600000000,49.9990130428
3.8610000000,49.6697506955
3.8620000000,48.6104171156
3.8630000000,46.8360233646
3.8640000000,44.3721204591
3.8650000000,41.2544423078
3.8660000000,37.5283978192
3.8670000000,33.2484192352
3.8680000000,28.4771758944
3.8690000000,23.2846646408
3.8700000000,17.7471899570
3.8710000000,11.9462485708
3.8720000000,5.9673347473
3.8730000000,-0.1013162937
3.8740000000,-6.1700284239
3.8750000000,-12.1490089952
3.8760000000,-17.9496780310
3.8770000000,-23.4859825382
3.8780000000,-28.6756764149
3.8790000000,-33.4415468750
3.8800000000,-37.7125690368
3.8810000000,-41.4249713327
3.8820000000,-44.5231956588
3.8830000000,-46.9607376984
3.8840000000,-48.7008545837
3.8850000000,-49.7171289916
3.8860000000,-49.9938808714
3.8870000000,-49.5264202408
3.8880000000,-48.3211368333
3.8890000000,-46.3954247993
3.8900000000,-43.7774431177
3.8910000000,-40.5057148268
3.8920000000,-36.6285706057
3.8930000000,-32.2034445742
3.8940000000,-27.2960324225
3.8950000000,-21.9793240669
3.8960000000,-16.3325249538
3.8970000000,-10.4398818406
3.8980000000,-4.3894303728
3.8990000000,1.7283169978
3.9000000000,7.8217232520
3.9010000000,13.7993990283
3.9020000000,19.5715742968
3.9030000000,25.0514488861
3.9040000000,30.1565015128
3.9050000000,34.8097375232
3.9060000000,38.9408564092
3.9070000000,42.4873213078
3.9080000000,45.3953141066
3.9090000000,47.6205614496
3.9100000000,49.1290188320
3.9110000000,49.8974020716
3.9120000000,49.9135577097
3.9130000000,49.1766662987
3.9140000000,47.6972750374
3.9150000000,45.4971587802
3.9160000000,42.6090110397
3.9170000000,39.0759691771
3.9180000000,34.9509804995
3.9190000000,30.2960184128
3.9200000000,25.1811600818
3.9210000000,19.6835391853
3.9220000000,13.8861892939
3.9230000000,7.8767951074
3.9240000000,1.7463702473
3.9250000000,-4.4121185260
3.9260000000,-10.5051599190
3.9270000000,-16.4401182158
3.9280000000,-22.1266433293
3.9290000000,-27.4780493093
3.9300000000,-32.4126402350
3.9310000000,-36.8549631489
3.9320000000,-40.7369687361
3.9330000000,-43.9990617930
3.9340000000,-46.5910251550
3.9350000000,-48.4728026263
3.9360000000,-49.6151285647
3.9370000000,-49.9999940721
3.9380000000,-49.6209422101
3.9390000000,-48.4831872475
3.9400000000,-46.6035556229
3.9410000000,-44.0102490301
3.9420000000,-40.7424327563
3.9430000000,-36.8496550953
3.9440000000,-32.3911062640
3.9450000000,-27.4347277445
3.9460000000,-22.0561853008
3.9470000000,-16.3377210622
3.9480000000,-10.3669019694
3.9490000000,-4.2352835322
3.9500000000,1.9629907880
3.9510000000,8.1326332001
3.9520000000,14.1786761076
3.9530000000,20.0079350358
3.9540000000,25.5304474160
3.9550000000,30.6608649767
3.9560000000,35.3197781359
3.9570000000,39.4349517660
3.9580000000,42.9424530038
3.9590000000,45.7876533829
3.9600000000,47.9260894509
3.9610000000,49.3241681684
3.9620000000,49.9597057459
3.9630000000,49.8222911146
3.9640000000,48.9134679159
3.9650000000,47.2467316842
3.9660000000,44.8473417562
3.9670000000,41.7519503081
3.9680000000,38.0080537712
3.9690000000,33.6732746509
3.9700000000,28.8144844351
3.9710000000,23.5067807831
3.9720000000,17.8323344965
3.9730000000,11.8791238482
3.9740000000,5.7395756602
3.9750000000,-0.4908659669
3.9760000000,-6.7152211713
3.9770000000,-12.8364831387
3.9780000000,-18.7591307451
3.9790000000,-24.3906214398
3.9800000000,-29.6428410081
3.9810000000,-34.4334874470
3.9820000000,-38.6873671462
3.9830000000,-42.3375828638
3.9840000000,-45.3265946146
3.9850000000,-47.6071365155
3.9860000000,-49.1429748315
3.9870000000,-49.9094949102
3.9880000000,-49.8941073294
3.9890000000,-49.0964663920
3.9900000000,-47.5284970208
3.9910000000,-45.2142291027
3.9920000000,-42.1894413543
3.9930000000,-38.5011197796
3.9940000000,-34.2067387226
3.9950000000,-29.3733753374
3.9960000000,-24.0766709499
3.9970000000,-18.3996552476
3.9980000000,-12.4314514400
3.9990000000,-6.2658824724
4.0000000000,-0.0000000000
4.0010000000,6.2674408825
4.0020000000,12.4375372274
4.0030000000,18.4127996530
4.0040000000,24.0986949387
4.0050000000,29.4051453597
4.0060000000,34.2479609252
4.0070000000,38.5501816745
4.0080000000,42.2433085300
4.0090000000,45.2684029044
4.0100000000,47.5770372768
4.0110000000,49.1320812542
4.0120000000,49.9083101982
4.0130000000,49.8928262709
4.0140000000,49.0852846981
4.0150000000,47.4979211219
4.0160000000,45.1553790640
4.0170000000,42.0943396932
4.0180000000,38.3629592499
4.0190000000,34.0201225539
4.0200000000,29.1345239834
4.0210000000,23.7835900971
4.0220000000,18.0522606421
4.0230000000,12.0316470057
4.0240000000,5.8175891844
4.0250000000,-0.4908659669
4.0260000000,-6.7930411097
4.0270000000,-12.9882343781
4.0280000000,-18.9773293135
4.0290000000,-24.6643830359
4.0300000000,-29.9581671690
4.0310000000,-34.7736367138
4.0320000000,-39.0333031401
4.0330000000,-42.6684894230
4.0340000000,-45.6204465735
4.0350000000,-47.8413133711
4.0360000000,-49.2949034616
4.0370000000,-49.9573067079
4.0380000000,-49.8172946245
4.0390000000,-48.8765228421
4.0400000000,-47.1495267946
4.0410000000,-44.6635101324
4.0420000000,-41.4579287065
4.0430000000,-37.5838762682
4.0440000000,-33.1032812458
4.0450000000,-28.0879270369
4.0460000000,-22.6183111422
4.0470000000,-16.7823611182
4.0480000000,-10.6740276964
4.0490000000,-4.3917774655
4.0500000000,1.9629907880
4.0510000000,8.2875806766
4.0520000000,14.4796574344
4.0530000000,20.4389049693
4.0540000000,26.0686539008
4.0550000000,31.2774541211
4.0560000000,35.9805662327
4.0570000000,40.1013474499
4.0580000000,43.5725091853
4.0590000000,46.3372255548
4.0600000000,48.3500743881
4.0610000000,49.5777949971
4.0620000000,49.9998498834
4.0630000000,49.6087807157
4.0640000000,48.4103522249
4.0650000000,46.4234811009
4.0660000000,43.6799504660
4.0670000000,40.2239140006
4.0680000000,36.1111972386
4.0690000000,31.4084068855
4.0700000000,26.1918621798
4.0710000000,20.5463652723
4.0720000000,14.5638302799
4.0730000000,8.3417930475
4.0740000000,1.9818256716
4.0750000000,-4.4121185260
4.0760000000,-10.7354026624
4.0770000000,-16.8844189020
4.0780000000,-22.7582879806
4.0790000000,-28.2605177427
4.0800000000,-33.3005933717
4.0810000000,-37.7954730290
4.0820000000,-41.6709640852
4.0830000000,-44.8629570123
4.0840000000,-47.3184962702
4.0850000000,-48.9966701378
4.0860000000,-49.8693043598
4.0870000000,-49.9214476631
4.0880000000,-49.1516405857
4.0890000000,-47.5719626054
4.0900000000,-45.2078561954
4.0910000000,-42.0977301080
4.0920000000,-38.2923478401
4.0930000000,-33.8540107985
4.0940000000,-28.8555491065
4.0950000000,-23.3791362119
4.0960000000,-17.5149464232
4.0970000000,-11.3596771585
4.0980000000,-5.0149600019
4.0990000000,1.4143134226
4.1000000000,7.8217232520
4.1010000000,14.1010823141
4.1020000000,20.1481970609
4.1030000000,25.8625992934
4.1040000000,31.1492198537
4.1050000000,35.9199763350
4.1060000000,40.0952481997
4.1070000000,43.6052144837
4.1080000000,46.3910314705
4.1090000000,48.4058303131
4.1100000000,49.6155175122
4.1110000000,49.9993643927
4.1120000000,49.5503751895
4.1130000000,48.2754270163
4.1140000000,46.1951787698
4.1150000000,43.3437498740
4.1160000000,39.7681736113
4.1170000000,35.5276335707
4.1180000000,30.6924953925
4.1190000000,25.3431494527
4.1200000000,19.5686833419
4.1210000000,13.4654059009
4.1220000000,7.1352471321
4.1230000000,0.6840604586
4.1240000000,-5.7801444724
4.1250000000,-12.1490089952
4.1260000000,-18.3156424277
4.1270000000,-24.1764183981
4.1280000000,-29.6327202746
4.1290000000,-34.5926062396
4.1300000000,-38.9723658029
4.1310000000,-42.6979412910
4.1320000000,-45.7061900344
4.1330000000,-47.9459655812
4.1340000000,-49.3789992480
4.1350000000,-49.9805666200
4.1360000000,-49.7399271950
4.1370000000,-48.6605291508
4.1380000000,-46.7599751575
4.1390000000,-44.0697491758
4.1400000000,-40.6347082217
4.1410000000,-36.5123470596
4.1420000000,-31.7718476550
4.1430000000,-26.4929288914
4.1440000000,-20.7645154880
4.1450000000,-14.6832481765
4.1460000000,-8.3518599508
4.1470000000,-1.8774455536
4.1480000000,4.6303467407
4.1490000000,11.0611705794
4.1500000000,17.3058528539
4.1510000000,23.2582491600
4.1520000000,28.8170518306
4.1530000000,33.8875196854
4.1540000000,38.3830998769
4.1550000000,42.2269139542
4.1560000000,45.3530824901
4.1570000000,47.7078652878
4.1580000000,49.2505972519
4.1590000000,49.9544034316
4.1600000000,49.8066804572
4.1610000000,48.8093355378
4.1620000000,46.9787783002
4.1630000000,44.3456649546
4.1640000000,40.9543985038
4.1650000000,36.8623928962
4.1660000000,32.1391130836
4.1670000000,26.8649068175
4.1680000000,21.1296476344
4.1690000000,15.0312117725
4.1700000000,8.6738146823
4.1710000000,2.1662352783
4.1720000000,-4.3800419048
4.1730000000,-10.8527349883
4.1740000000,-17.1406908271
4.1750000000,-23.1357958522
4.1760000000,-28.7348388007
4.1770000000,-33.8412931788
4.1780000000,-38.3669885872
4.1790000000,-42.2336418515
4.1800000000,-45.3742212271
4.1810000000,-47.7341197385
4.1820000000,-49.2721169298
4.1830000000,-49.9611118858
4.1840000000,-49.7886142782
4.1850000000,-48.7569843250
4.1860000000,-46.8834168596
4.1870000000,-44.1996691128
4.1880000000,-40.7515362398
4.1890000000,-36.5980829972
4.1900000000,-31.8106442242
4.1910000000,-26.4716108191
4.1920000000,-20.6730216720
4.1930000000,-14.5149854401
4.1940000000,-8.1039590732
4.1950000000,-1.5509125679
4.1960000000,5.0305885072
4.1970000000,11.5263496467
4.1980000000,17.8235291814
4.1990000000,23.8126007939
4.2000000000,29.3892626146
4.2010000000,34.4562595564
4.2020000000,38.9250869521
4.2030000000,42.7175455304
4.2040000000,45.7671202573
4.2050000000,48.0201585590
4.2060000000,49.4368268615
4.2070000000,49.9918281840
4.2080000000,49.6748676416
4.2090000000,48.4908570699
4.2100000000,46.4598545183
4.2110000000,43.6167389736
4.2120000000,40.0106253123
4.2130000000,35.7040290327
4.2140000000,30.7717947320
4.2150000000,25.2998064691
4.2160000000,19.3835020333
4.2170000000,13.1262166426
4.2180000000,6.6373846637
4.2190000000,0.0306305265
4.2200000000,-6.5782179546
4.2210000000,-13.0731591752
4.2220000000,-19.3400547136
4.2230000000,-25.2686379036
4.2240000000,-30.7544586201
4.2250000000,-35.7007299026
4.2260000000,-40.0200436633
4.2270000000,-43.6359249315
4.2280000000,-46.4841968367
4.2290000000,-48.5141317811
4.2300000000,-49.6893679512
4.2310000000,-49.9885743880
4.2320000000,-49.4058522274
4.2330000000,-47.9508643388
4.2340000000,-45.6486903677
4.2350000000,-42.5394090294
4.2360000000,-38.6774143318
4.2370000000,-34.1304771326
4.2380000000,-28.9785679781
4.2390000000,-23.3124614472
4.2400000000,-17.2321461587
4.2410000000,-10.8450681162
4.2420000000,-4.2642381071
4.2430000000,2.3937636214
4.2440000000,9.0108502636
4.2450000000,15.4695224779
4.2460000000,21.6549564114
4.2470000000,27.4570485997
4.2480000000,32.7723812687
4.2490000000,37.5060728700
4.2500000000,41.5734806151
4.2510000000,44.9017243099
4.2520000000,47.4310038794
4.2530000000,49.1156865661
4.2540000000,49.9251438201
4.2550000000,49.8443223025
4.2560000000,48.8740381244
4.2570000000,47.0309883511
4.2580000000,44.3474788360
4.2590000000,40.8708725158
4.2600000000,36.6627673111
4.2610000000,31.7979176419
4.2620000000,26.3629181988
4.2630000000,20.4546729287
4.2640000000,14.1786761076
4.2650000000,7.6471358270
4.2660000000,0.9769731381
4.2670000000,-5.7122675712
4.2680000000,-12.3005596856
4.2690000000,-18.6695486450
4.2700000000,-24.7046807277
4.2710000000,-30.2972680061
4.2720000000,-35.3464521769
4.2730000000,-39.7610316739
4.2740000000,-43.4611188231
4.2750000000,-46.3795967628
4.2760000000,-48.4633493624
4.2770000000,-49.6742413895
4.2780000000,-49.9898306057
4.2790000000,-49.4037982549
4.2800000000,-47.9260894509
4.2810000000,-45.5827601822
4.2820000000,-42.4155329453
4.2830000000,-38.4810682903
4.2840000000,-33.8499647216
4.2850000000,-28.6055043512
4.2860000000,-22.8421663567
4.2870000000,-16.6639345664
4.2880000000,-10.1824293081
4.2890000000,-3.5148969306
4.2900000000,3.2179069069
4.2910000000,9.8939020473
4.2920000000,16.3918972670
4.2930000000,22.5937922052
4.2940000000,28.3867277558
4.2950000000,33.6651457030
4.2960000000,38.3327199149
4.2970000000,42.3041236288
4.2980000000,45.5066002437
4.2990000000,47.8813085095
4.3000000000,49.3844170298
4.3010000000,49.9879274861
4.3020000000,49.6802108791
4.3030000000,48.4662462682
4.3040000000,46.3675568922
4.3050000000,43.4218440651
4.3060000000,39.6823247616
4.3070000000,35.2167842455
4.3080000000,30.1063603351
4.3090000000,24.4440808650
4.3100000000,18.3331804821
4.3110000000,11.8852270356
4.3120000000,5.2180914029
4.3130000000,-1.5462024395
4.3140000000,-8.2837079802
4.3150000000,-14.8708266547
4.3160000000,-21.1865766753
4.3170000000,-27.1148185410
4.3180000000,-32.5463962312
4.3190000000,-37.3811545143
4.3200000000,-41.5297949598
4.3210000000,-44.9155360992
4.3220000000,-47.4755466802
4.3230000000,-49.1621250454
4.3240000000,-49.9436022633
4.3250000000,-49.8049516626
4.3260000000,-48.7480927833
4.3270000000,-46.7918833624
4.3280000000,-43.9717987067
4.3290000000,-40.3393035808
4.3300000000,-35.9609274313
4.3310000000,-30.9170592862
4.3320000000,-25.3004838999
4.3330000000,-19.2146855677
4.3340000000,-12.7719504115
4.3350000000,-6.0913017647
4.3360000000,0.7036935218
4.3370000000,7.4872075233
4.3380000000,14.1334803395
4.3390000000,20.5191527601
4.3400000000,26.5255592153
4.3410000000,32.0409383366
4.3420000000,36.9625198565
4.3430000000,41.1984487498
4.3440000000,44.6695104287
4.3450000000,47.3106243974
4.3460000000,49.0720779826
4.3470000000,49.9204765126
4.3480000000,49.8393915272
4.3490000000,48.8296941767
4.3500000000,46.9095667961
4.3510000000,44.1141916263
4.3520000000,40.4951216741
4.3530000000,36.1193446552
4.3540000000,31.0680567269
4.3550000000,25.4351681953
4.3560000000,19.3255684542
4.3570000000,12.8531820037
4.3580000000,6.1388513952
4.3590000000,-0.6919136967
4.3600000000,-7.5112794560
4.3610000000,-14.1914792872
4.3620000000,-20.6072088496
4.3630000000,-26.6379798518
4.3640000000,-32.1703883367
4.3650000000,-37.1002546575
4.3660000000,-41.3345946310
4.3670000000,-44.7933844055
4.3680000000,-47.4110853452
4.3690000000,-49.1378996491
4.3700000000,-49.9407324011
4.3710000000,-49.8038412033
4.3720000000,-48.7291603699
4.3730000000,-46.7362927570
4.3740000000,-43.8621685455
4.3750000000,-40.1603765740
4.3760000000,-35.7001800167
4.3770000000,-30.5652341904
4.3780000000,-24.8520299582
4.3790000000,-18.6680914488
4.3800000000,-12.1299615398
4.3810000000,-5.3610126702
4.3820000000,1.5108760421
4.3830000000,8.3557317440
4.3840000000,15.0439453880
4.3850000000,21.4487274216
4.3860000000,27.4485150795
4.3870000000,32.9292855065
4.3880000000,37.7867305967
4.3890000000,41.9282519222
4.3900000000,45.2747374226
4.3910000000,47.7620855563
4.3920000000,49.3424473148
4.3930000000,49.9851617776
4.3940000000,49.6773666438
4.3950000000,48.4242713078
4.3960000000,46.2490864361
4.3970000000,43.1926105254
4.3980000000,39.3124804660
4.3990000000,34.6820995570
4.4000000000,29.3892626146
4.4010000000,23.5345036555
4.4020000000,17.2291970053
4.4030000000,10.5934474889
4.4040000000,3.7538094893
4.4050000000,-3.1591219429
4.4060000000,-10.0132021766
4.4070000000,-16.6772628220
4.4080000000,-23.0236240188
4.4090000000,-28.9305450410
4.4100000000,-34.2845661087
4.4110000000,-38.9826962419
4.4120000000,-42.9344048144
4.4130000000,-46.0633781051
4.4140000000,-48.3090065429
4.4150000000,-49.6275734125
4.4160000000,-49.9931214382
4.4170000000,-49.3979797874
4.4180000000,-47.8529405115
4.4190000000,-45.3870801598
4.4200000000,-42.0472291149
4.4210000000,-37.8970979928
4.4220000000,-33.0160770850
4.4230000000,-27.4977311694
4.4240000000,-21.4480179558
4.4250000000,-14.9832638498
4.4260000000,-8.2279354981
4.4270000000,-1.3122496381
4.4280000000,5.6303329776
4.4290000000,12.4656814382
4.4300000000,19.0615867135
4.4310000000,25.2903217815
4.4320000000,31.0311202209
4.4330000000,36.1725250768
4.4340000000,40.6145621805
4.4350000000,44.2706953736
4.4360000000,47.0695251875
4.4370000000,48.9561973947
4.4380000000,49.8934933816
4.4390000000,49.8625803848
4.4400000000,48.8634061784
4.4410000000,46.9147296612
4.4420000000,44.0537858490
4.4430000000,40.3355908820
4.4440000000,35.8318996778
4.4450000000,30.6298356627
4.4460000000,24.8302184543
4.4470000000,18.5456213310
4.4480000000,11.8981956854
4.4490000000,5.0173043092
4.4500000000,-1.9629907880
4.4510000000,-8.9065373515
4.4520000000,-15.6777479398
4.4530000000,-22.1442493127
4.4540000000,-28.1794743535
4.4550000000,-33.6651457030
4.4560000000,-38.4936022519
4.4570000000,-42.5699225723
4.4580000000,-45.8138032117
4.4590000000,-48.1611544502
4.4600000000,-49.5653815535
4.4610000000,-49.9983256248
4.4620000000,-49.4508447621
4.4630000000,-47.9330232303
4.4640000000,-45.4740036248
4.4650000000,-42.1214443947
4.4660000000,-37.9406124626
4.4670000000,-33.0131278799
4.4680000000,-27.4353843520
4.4690000000,-21.3166759124
4.4700000000,-14.7770659007
4.4710000000,-7.9450395773
4.4720000000,-0.9549860941
4.4730000000,6.0554409650
4.4740000000,12.9480327221
4.4750000000,19.5867505426
4.4760000000,25.8404142168
4.4770000000,31.5852996116
4.4780000000,36.7075942505
4.4790000000,41.1056619421
4.4800000000,44.6920712076
4.4810000000,47.3953468034
4.4820000000,49.1614089937
4.4830000000,49.9546713101
4.4840000000,49.7587742177
4.4850000000,48.5769392530
4.4860000000,46.4319356836
4.4870000000,43.3656594015
4.4880000000,39.4383314545
4.4890000000,34.7273311966
4.4900000000,29.3256863371
4.4910000000,23.3402490502
4.4920000000,16.8895936358
4.4930000000,10.1016768581
4.4940000000,3.1113069351
4.4950000000,-3.9425289095
4.4960000000,-10.9194254569
4.4970000000,-17.6803542765
4.4980000000,-24.0904366562
4.4990000000,-30.0216393334
4.5000000000,-35.3553390593
4.5010000000,-39.9847044884
4.5020000000,-43.8168473895
4.5030000000,-46.7746996405
4.5040000000,-48.7985778246
4.5050000000,-49.8474033839
4.5060000000,-49.8995530828
4.5070000000,-48.9533218593
4.5080000000,-47.0269878531
4.5090000000,-44.1584773366
4.5100000000,-40.4046352877
4.5110000000,-35.8401152673
4.5120000000,-30.5559099353
4.5130000000,-24.6575508181
4.5140000000,-18.2630126563
4.5150000000,-11.5003637015
4.5160000000,-4.5052085514
4.5170000000,2.5820255805
4.5180000000,9.6189049719
4.5190000000,16.4638514674
4.5200000000,22.9789930311
4.5210000000,29.0329453486
4.5220000000,34.5034682758
4.5230000000,39.2799432918
4.5240000000,43.2656215703
4.5250000000,46.3795967628
4.5260000000,48.5584620152
4.5270000000,49.7576169943
4.5280000000,49.9521976760
4.5290000000,49.1376091900
4.5300000000,47.3296499862
4.5310000000,44.5642238177
4.5320000000,40.8966443709
4.5330000000,36.4005456272
4.5340000000,31.1664190702
4.5350000000,25.2998064691
4.5360000000,18.9191840343
4.5370000000,12.1535801058
4.5380000000,5.1399740560
4.5390000000,-1.9794713265
4.5400000000,-9.0602881814
4.5410000000,-15.9586344438
4.5420000000,-22.5342177985
4.5430000000,-28.6531532537
4.5440000000,-34.1906960470
4.5450000000,-39.0337939686
4.5460000000,-43.0834067025
4.5470000000,-46.2565443797
4.5480000000,-48.4879831297
4.5490000000,-49.7316218719
4.5500000000,-49.9614518120
4.5510000000,-49.1721179250
4.5520000000,-47.3790599771
4.5530000000,-44.6182291926
4.5540000000,-40.9453853281
4.5550000000,-36.4349875100
4.5560000000,-31.1787005339
4.5570000000,-25.2835462558
4.5580000000,-18.8697370535
4.5590000000,-12.0682349506
4.5600000000,-5.0180857426
4.5610000000,2.1364177872
4.5620000000,9.2486858107
4.5630000000,16.1728343259
4.5640000000,22.7666794619
4.5650000000,28.8946617277
4.5660000000,34.4306399774
4.5670000000,39.2604973702
4.5680000000,43.2845053047
4.5690000000,46.4193961303
4.5700000000,48.6001012908
4.5710000000,49.7811183191
4.5720000000,49.9374776419
4.5730000000,49.0652883137
4.5740000000,47.1818504210
4.5750000000,44.3253307972
4.5760000000,40.5540076886
4.5770000000,35.9450989226
4.5780000000,30.5931967722
4.5790000000,24.6083409005
4.5800000000,18.1137683352
4.5810000000,11.2433862145
4.5820000000,4.1390189061
4.5830000000,-3.0525140804
4.5840000000,-10.1824293081
4.5850000000,-17.1030572413
4.5860000000,-23.6709030336
4.5870000000,-29.7496267934
4.5880000000,-35.2128813346
4.5890000000,-39.9469482015
4.5900000000,-43.8531167767
4.5910000000,-46.8497564577
4.5920000000,-48.8740381244
4.5930000000,-49.8832682838
4.5940000000,-49.8558072262
4.5950000000,-48.7915511021
4.5960000000,-46.7119668437
4.5970000000,-43.6596781360
4.5980000000,-39.6976099847
4.5990000000,-34.9077086502
4.6000000000,-29.3892626146
4.6010000000,-23.2568586420
4.6020000000,-16.6380147012
4.6030000000,-9.6705383856
4.6040000000,-2.4996653310
4.6050000000,4.7249631161
4.6060000000,11.8524201991
4.6070000000,18.7336470171
4.6080000000,25.2245728772
4.6090000000,31.1891373586
4.6100000000,36.5021505865
4.6110000000,41.0519314251
4.6120000000,44.7426677801
4.6130000000,47.4964488720
4.6140000000,49.2549260793
4.6150000000,49.9805666200
4.6160000000,49.6574727888
4.6170000000,48.2917485119
4.6180000000,45.9114044407
4.6190000000,42.5658024809
4.6200000000,38.3246503405
4.6210000000,33.2765661743
4.6220000000,27.5272425088
4.6230000000,21.1972471486
4.6240000000,14.4195065197
4.6250000000,7.3365237228
4.6260000000,0.0973893107
4.6270000000,-7.1453526611
4.6280000000,-14.2389175335
4.6290000000,-21.0335042632
4.6300000000,-27.3854629038
4.6310000000,-33.1603382984
4.6320000000,-38.2357253620
4.6330000000,-42.5038751335
4.6340000000,-45.8739958794
4.6350000000,-48.2741998307
4.6360000000,-49.6530534951
4.6370000000,-49.9806977701
4.6380000000,-49.2495131006
4.6390000000,-47.4743145034
4.6400000000,-44.6920712076
4.6410000000,-40.9611557330
4.6420000000,-36.3601372324
4.6430000000,-30.9861436395
4.6440000000,-24.9528263995
4.6450000000,-18.3879700969
4.6460000000,-11.4307969649
4.6470000000,-4.2290228951
4.6480000000,3.0642729929
4.6490000000,10.2938990129
4.6500000000,17.3058528539
4.6510000000,23.9506045642
4.6520000000,30.0862905478
4.6530000000,35.5817502449
4.6540000000,40.3193403367
4.6550000000,44.1974658774
4.6560000000,47.1327736367
4.6570000000,49.0619599974
4.6580000000,49.9431538591
4.6590000000,49.7568439774
4.6600000000,48.5063298245
4.6610000000,46.2176852026
4.6620000000,42.9392342366
4.6630000000,38.7405498209
4.6640000000,33.7109948562
4.6650000000,27.9578364675
4.6660000000,21.6039726406
4.6670000000,14.7853191384
4.6680000000,7.6479119841
4.6690000000,0.3447870612
4.6700000000,-6.9672966611
4.6710000000,-14.1312202212
4.6720000000,-20.9928819717
4.6730000000,-27.4045164862
4.6740000000,-33.2278835086
4.6750000000,-38.3372579864
4.6760000000,-42.6221563225
4.6770000000,-45.9897394825
4.6780000000,-48.3668403972
4.6790000000,-49.7015710561
4.6800000000,-49.9644736320
4.6810000000,-49.1491897210
4.6820000000,-47.2726321141
4.6830000000,-44.3746542233
4.6840000000,-40.5172231266
4.6850000000,-35.7831129453
4.6860000000,-30.2741456914
4.6870000000,-24.1090165878
4.6880000000,-17.4207499663
4.6890000000,-10.3538399736
4.6900000000,-3.0611372995
4.6910000000,4.2994511884
4.6920000000,11.5683787707
4.6930000000,18.5879173217
4.6940000000,25.2055829135
4.6950000000,31.2774541211
4.6960000000,36.6713106993
4.6970000000,41.2695240026
4.6980000000,44.9716357292
4.6990000000,47.6965681733
4.7000000000,49.3844170298
4.7010000000,49.9977867514
4.7020000000,49.5226383061
4.7030000000,47.9686297263
4.7040000000,45.3689408411
4.7050000000,41.7795848086
4.7060000000,37.2782202670
4.7070000000,31.9624888619
4.7080000000,25.9479133372
4.7090000000,19.3654010736
4.7100000000,12.3584067055
4.7110000000,5.0798150464
4.7120000000,-2.3113881586
4.7130000000,-9.6535853087
4.7140000000,-16.7860602438
4.7150000000,-23.5525185408
4.7160000000,-29.8045176619
4.7170000000,-35.4047315662
4.7180000000,-40.2299778234
4.7190000000,-44.1739402761
4.7200000000,-47.1495267946
4.7210000000,-49.0908095156
4.7220000000,-49.9545039785
4.7230000000,-49.7209535870
4.7240000000,-48.3945966056
4.7250000000,-46.0039042167
4.7260000000,-42.6007897708
4.7270000000,-38.2595010015
4.7280000000,-33.0750183955
4.7290000000,-27.1609938481
4.7300000000,-20.6472739625
4.7310000000,-13.6770616290
4.7320000000,-6.4037776467
4.7330000000,1.0123090609
4.7340000000,8.4076087901
4.7350000000,15.6188184283
4.7360000000,22.4865293445
4.7370000000,28.8587560563
4.7380000000,34.5943074660
4.7390000000,39.5659257274
4.7400000000,43.6631227405
4.7410000000,46.7946507745
4.7420000000,48.8905516508
4.7430000000,49.9037381022
4.7440000000,49.8110711707
4.7450000000,48.6139085822
4.7460000000,46.3381107072
4.7470000000,43.0335027184
4.7480000000,38.7728036288
4.7490000000,33.6500447664
4.7500000000,27.7785116510
4.7510000000,21.2882539261
4.7520000000,14.3232177333
4.7530000000,7.0380634616
4.7540000000,-0.4052610149
4.7550000000,-7.8411158636
4.7560000000,-15.1038538668
4.7570000000,-22.0315121249
4.7580000000,-28.4694285869
4.7590000000,-34.2737025596
4.7600000000,-39.3144216068
4.7610000000,-43.4785822565
4.7620000000,-46.6726385716
4.7630000000,-48.8246207793
4.7640000000,-49.8857756062
4.7650000000,-49.8316905314
4.7660000000,-48.6628756145
4.7670000000,-46.4047886254
4.7680000000,-43.1073016279
4.7690000000,-38.8436196813
4.7700000000,-33.7086746272
4.7710000000,-27.8170287636
4.7720000000,-21.3003342979
4.7730000000,-14.3044045586
4.7740000000,-6.9859618208
4.7750000000,0.4908659669
4.7760000000,7.9582214224
4.7770000000,15.2482847100
4.7780000000,22.1970467625
4.7790000000,28.6480038863
4.7800000000,34.4556904194
4.7810000000,39.4889695396
4.7820000000,43.6340075468
4.7830000000,46.7968638729
4.7840000000,48.9056375533
4.7850000000,49.9121207351
4.7860000000,49.7929207847
4.7870000000,48.5500244486
4.7880000000,46.2107900479
4.7890000000,42.8273665696
4.7900000000,38.4755514672
4.7910000000,33.2531117047
4.7920000000,27.2776047875
4.7930000000,20.6837479336
4.7940000000,13.6203939036
4.7950000000,6.2471810689
4.7960000000,-1.2690671344
4.7970000000,-8.7581123365
4.7980000000,-16.0501558558
4.7990000000,-22.9796905690
4.8000000000,-29.3892626146
4.8010000000,-35.1330573244
4.8020000000,-40.0802275383
4.8030000000,-44.1178880909
4.8040000000,-47.1537076392
4.8050000000,-49.1180379728
4.8060000000,-49.9655313081
4.8070000000,-49.6762075878
4.8080000000,-48.2559462282
4.8090000000,-45.7363897968
4.8100000000,-42.1742604720
4.8110000000,-37.6501035248
4.8120000000,-32.2664851706
4.8130000000,-26.1456846602
4.8140000000,-19.4269321353
4.8150000000,-12.2632542806
4.8160000000,-4.8179989381
4.8170000000,2.7388826281
4.8180000000,10.2347113686
4.8190000000,17.4980257047
4.8200000000,24.3625062863
4.8210000000,30.6707903636
4.8220000000,36.2780881681
4.8230000000,41.0555179996
4.8240000000,44.8930829395
4.8250000000,47.7022201203
4.8260000000,49.4178630998
4.8270000000,49.9999689046
4.8280000000,49.4344734661
4.8290000000,47.7336522043
4.8300000000,44.9358761206
4.8310000000,41.1047676297
4.8320000000,36.3277741792
4.8330000000,30.7141911443
4.8340000000,24.3926782491
4.8350000000,17.5083255446
4.8360000000,10.2193355015
4.8370000000,2.6933967987
4.8380000000,-4.8961672972
4.8390000000,-12.3743876483
4.8400000000,-19.5686833419
4.8410000000,-26.3128481586
4.8420000000,-32.4508972536
4.8430000000,-37.8406848742
4.8440000000,-42.3572089905
4.8450000000,-45.8955257264
4.8460000000,-48.3732053003
4.8470000000,-49.7322716087
4.8480000000,-49.9405793841
4.8490000000,-48.9925957613
4.8500000000,-46.9095667961
4.8510000000,-43.7390636825
4.8520000000,-39.5539177849
4.8530000000,-34.4505678039
4.8540000000,-28.5468560971
4.8550000000,-21.9793240669
4.8560000000,-14.9000682927
4.8570000000,-7.4732294569
4.8580000000,0.1288051563
4.8590000000,7.7293979364
4.8600000000,15.1517634816
4.8610000000,22.2230821609
4.8620000000,28.7785289576
4.8630000000,34.6651235685
4.8640000000,39.7453116421
4.8650000000,43.9001930732
4.8660000000,47.0323212703
4.8670000000,49.0680071233
4.8680000000,49.9590727822
4.8690000000,49.6840130541
4.8700000000,48.2485359565
4.8710000000,45.6854683917
4.8720000000,42.0540277171
4.8730000000,37.4384748154
4.8740000000,31.9461787834
4.8750000000,25.7051372097
4.8760000000,18.8610088792
4.8770000000,11.5737273131
4.8780000000,4.0137735607
4.8790000000,-3.6418051427
4.8800000000,-11.2135380475
4.8810000000,-18.5237380520
4.8820000000,-25.4006747472
4.8830000000,-31.6826152722
4.8840000000,-37.2216377545
4.8850000000,-41.8871272008
4.8860000000,-45.5688709313
4.8870000000,-48.1796798476
4.8880000000,-49.6574727888
4.8890000000,-49.9667737034
4.8900000000,-49.0995850561
4.8910000000,-47.0756154940
4.8920000000,-43.9418549535
4.8930000000,-39.7715057599
4.8940000000,-34.6622934885
4.8950000000,-28.7341960536
4.8960000000,-22.1266433293
4.8970000000,-14.9952522520
4.8980000000,-7.5081735002
4.8990000000,0.1578647686
4.9000000000,7.8217232520
4.9010000000,15.3021298244
4.9020000000,22.4219688459
4.9030000000,29.0124799375
4.9040000000,34.9172665703
4.9050000000,39.9960190646
4.9060000000,44.1278631078
4.9070000000,47.2142535482
4.9080000000,49.1813437955
4.9090000000,49.9817734224
4.9100000000,49.5958302220
4.9110000000,48.0319577195
4.9120000000,45.3265946146
4.9130000000,41.5433484772
4.9140000000,36.7715218555
4.9150000000,31.1240244161
4.9160000000,24.7347194328
4.9170000000,17.7552665414
4.9180000000,10.3515348389
4.9190000000,2.6996708400
4.9200000000,-5.0180857426
4.9210000000,-12.6177391697
4.9220000000,-19.9179246633
4.9230000000,-26.7442406112
4.9240000000,-32.9334224237
4.9250000000,-38.3372579864
4.9260000000,-42.8261505644
4.9270000000,-46.2922431929
4.9280000000,-48.6520288536
4.9290000000,-49.8483828360
4.9300000000,-49.8519673522
4.9310000000,-48.6619733686
4.9320000000,-46.3061804089
4.9330000000,-42.8403313741
4.9340000000,-38.3468358435
4.9350000000,-32.9328314599
4.9360000000,-26.7276484861
4.9370000000,-19.8797370633
4.9380000000,-12.5531297630
4.9390000000,-4.9235233787
4.9400000000,2.8259267241
4.9410000000,10.5089992239
4.9420000000,17.9408811896
4.9430000000,24.9426166763
4.9440000000,31.3454224286
4.9450000000,36.9947664669
4.9460000000,41.7541107734
4.9470000000,45.5082271279
4.9480000000,48.1660051996
4.9490000000,49.6626840344
4.9500000000,49.9614518120
4.9510000000,49.0543738527
4.9520000000,46.9626249711
4.9530000000,43.7360190206
4.9540000000,39.4518454396
4.9550000000,34.2130393921
4.9560000000,28.1457282880
4.9570000000,21.3962126679
4.9580000000,14.1274532877
4.9590000000,6.5151483804
4.9600000000,-1.2565047722
4.9610000000,-8.9992619325
4.9620000000,-16.5253901866
4.9630000000,-23.6522220774
4.9640000000,-30.2065950694
4.9650000000,-36.0290683178
4.9660000000,-40.9778138416
4.9670000000,-44.9320868398
4.9680000000,-47.7951898734
4.9690000000,-49.4968577182
4.9700000000,-49.9950035960
4.9710000000,-49.2767828769
4.9720000000,-47.3589468504
4.9730000000,-44.2874763796
4.9740000000,-40.1365027716
4.9750000000,-35.0065405949
4.9760000000,-29.0220740120
4.9770000000,-22.3285540777
4.9780000000,-15.0888789794
4.9790000000,-7.4794420047
4.9800000000,0.3141571983
4.9810000000,8.1016340239
4.9820000000,15.6926629774
4.9830000000,22.9015311196
4.9840000000,29.5516870772
4.9850000000,35.4800740664
4.9860000000,40.5411403735
4.9870000000,44.6104283609
4.9880000000,47.5876531340
4.9890000000,49.3991942840
4.9900000000,49.9999383150
4.9910000000,49.3744251285
4.9920000000,47.5372688995
4.9930000000,44.5328414129
4.9940000000,40.4342240156
4.9950000000,35.3414523244
4.9960000000,29.3790952792
4.9970000000,22.6932266062
4.9980000000,15.4478618561
4.9990000000,7.8209475224
