time (s),velocity (rpm)
0.0000000000,0.0000000000
0.0010000000,0.0015707963
0.0020000000,0.0062831853
0.0030000000,0.0141371668
0.0040000000,0.0251327402
0.0050000000,0.0392699041
0.0060000000,0.0565486557
0.0070000000,0.0769689896
0.0080000000,0.1005308972
0.0090000000,0.1272343652
0.0100000000,0.1570793743
0.0110000000,0.1900658978
0.0120000000,0.2261938995
0.0130000000,0.2654633321
0.0140000000,0.3078741345
0.0150000000,0.3534262304
0.0160000000,0.4021195247
0.0170000000,0.4539539017
0.0180000000,0.5089292217
0.0190000000,0.5670453181
0.0200000000,0.6283019942
0.0210000000,0.6926990196
0.0220000000,0.7602361268
0.0230000000,0.8309130071
0.0240000000,0.9047293068
0.0250000000,0.9816846230
0.0260000000,1.0617784993
0.0270000000,1.1450104210
0.0280000000,1.2313798104
0.0290000000,1.3208860224
0.0300000000,1.4135283385
0.0310000000,1.5093059623
0.0320000000,1.6082180135
0.0330000000,1.7102635226
0.0340000000,1.8154414248
0.0350000000,1.9237505541
0.0360000000,2.0351896368
0.0370000000,2.1497572858
0.0380000000,2.2674519932
0.0390000000,2.3882721240
0.0400000000,2.5122159090
0.0410000000,2.6392814378
0.0420000000,2.7694666513
0.0430000000,2.9027693344
0.0440000000,3.0391871081
0.0450000000,3.1787174221
0.0460000000,3.3213575461
0.0470000000,3.4671045621
0.0480000000,3.6159553557
0.0490000000,3.7679066081
0.0500000000,3.9229547864
0.0510000000,4.0810961356
0.0520000000,4.2423266689
0.0530000000,4.4066421589
0.0540000000,4.5740381277
0.0550000000,4.7445098376
0.0560000000,4.9180522811
0.0570000000,5.0946601714
0.0580000000,5.2743279315
0.0590000000,5.4570496847
0.0600000000,5.6428192437
0.0610000000,5.8316300999
0.0620000000,6.0234754131
0.0630000000,6.2183480000
0.0640000000,6.4162403235
0.0650000000,6.6171444814
0.0660000000,6.8210521945
0.0670000000,7.0279547958
0.0680000000,7.2378432181
0.0690000000,7.4507079827
0.0700000000,7.6665391868
0.0710000000,7.8853264919
0.0720000000,8.1070591110
0.0730000000,8.3317257964
0.0740000000,8.5593148273
0.0750000000,8.7898139967
0.0760000000,9.0232105988
0.0770000000,9.2594914158
0.0780000000,9.4986427051
0.0790000000,9.7406501858
0.0800000000,9.9854990257
0.0810000000,10.2331738273
0.0820000000,10.4836586147
0.0830000000,10.7369368198
0.0840000000,10.9929912682
0.0850000000,11.2518041658
0.0860000000,11.5133570846
0.0870000000,11.7776309486
0.0880000000,12.0446060195
0.0890000000,12.3142618829
0.0900000000,12.5865774334
0.0910000000,12.8615308607
0.0920000000,13.1390996349
0.0930000000,13.4192604919
0.0940000000,13.7019894191
0.0950000000,13.9872616405
0.0960000000,14.2750516022
0.0970000000,14.5653329576
0.0980000000,14.8580785524
0.0990000000,15.1532604106
0.1000000000,15.4508497187
0.1010000000,15.7508168117
0.1020000000,16.0531311578
0.1030000000,16.3577613437
0.1040000000,16.6646750600
0.1050000000,16.9738390861
0.1060000000,17.2852192756
0.1070000000,17.5987805416
0.1080000000,17.9144868418
0.1090000000,18.2323011642
0.1100000000,18.5521855119
0.1110000000,18.8741008892
0.1120000000,19.1980072869
0.1130000000,19.5238636678
0.1140000000,19.8516279526
0.1150000000,20.1812570055
0.1160000000,20.5127066203
0.1170000000,20.8459315065
0.1180000000,21.1808852753
0.1190000000,21.5175204260
0.1200000000,21.8557883325
0.1210000000,22.1956392300
0.1220000000,22.5370222016
0.1230000000,22.8798851654
0.1240000000,23.2241748620
0.1250000000,23.5698368413
0.1260000000,23.9168154507
0.1270000000,24.2650538227
0.1280000000,24.6144938629
0.1290000000,24.9650762387
0.1300000000,25.3167403677
0.1310000000,25.6694244066
0.1320000000,26.0230652407
0.1330000000,26.3775984730
0.1340000000,26.7329584147
0.1350000000,27.0890780747
0.1360000000,27.4458891506
0.1370000000,27.8033220197
0.1380000000,28.1613057299
0.1390000000,28.5197679920
0.1400000000,28.8786351711
0.1410000000,29.2378322800
0.1420000000,29.5972829716
0.1430000000,29.9569095325
0.1440000000,30.3166328773
0.1450000000,30.6763725424
0.1460000000,31.0360466817
0.1470000000,31.3955720614
0.1480000000,31.7548640566
0.1490000000,32.1138366474
0.1500000000,32.4724024165
0.1510000000,32.8304725467
0.1520000000,33.1879568194
0.1530000000,33.5447636135
0.1540000000,33.9007999051
0.1550000000,34.2559712680
0.1560000000,34.6101818742
0.1570000000,34.9633344965
0.1580000000,35.3153305099
0.1590000000,35.6660698956
0.1600000000,36.0154512444
0.1610000000,36.3633717618
0.1620000000,36.7097272732
0.1630000000,37.0544122305
0.1640000000,37.3973197188
0.1650000000,37.7383414650
0.1660000000,38.0773678462
0.1670000000,38.4142878997
0.1680000000,38.7489893335
0.1690000000,39.0813585383
0.1700000000,39.4112805995
0.1710000000,39.7386393110
0.1720000000,40.0633171898
0.1730000000,40.3851954913
0.1740000000,40.7041542258
0.1750000000,41.0200721763
0.1760000000,41.3328269169
0.1770000000,41.6422948328
0.1780000000,41.9483511406
0.1790000000,42.2508699106
0.1800000000,42.5497240897
0.1810000000,42.8447855258
0.1820000000,43.1359249929
0.1830000000,43.4230122175
0.1840000000,43.7059159070
0.1850000000,43.9845037780
0.1860000000,44.2586425867
0.1870000000,44.5281981607
0.1880000000,44.7930354312
0.1890000000,45.0530184672
0.1900000000,45.3080105111
0.1910000000,45.5578740147
0.1920000000,45.8024706779
0.1930000000,46.0416614874
0.1940000000,46.2753067574
0.1950000000,46.5032661720
0.1960000000,46.7253988282
0.1970000000,46.9415632810
0.1980000000,47.1516175892
0.1990000000,47.3554193634
0.2000000000,47.5528258148
0.2010000000,47.7436938056
0.2020000000,47.9278799013
0.2030000000,48.1052404236
0.2040000000,48.2756315056
0.2050000000,48.4389091477
0.2060000000,48.5949292757
0.2070000000,48.7435478000
0.2080000000,48.8846206761
0.2090000000,49.0180039669
0.2100000000,49.1435539066
0.2110000000,49.2611269657
0.2120000000,49.3705799176
0.2130000000,49.4717699068
0.2140000000,49.5645545189
0.2150000000,49.6487918511
0.2160000000,49.7243405853
0.2170000000,49.7910600620
0.2180000000,49.8488103562
0.2190000000,49.8974523537
0.2200000000,49.9368478303
0.2210000000,49.9668595314
0.2220000000,49.9873512536
0.2230000000,49.9981879269
0.2240000000,49.9992356998
0.2250000000,49.9903620241
0.2260000000,49.9714357424
0.2270000000,49.9423271760
0.2280000000,49.9029082151
0.2290000000,49.8530524094
0.2300000000,49.7926350603
0.2310000000,49.7215333149
0.2320000000,49.6396262607
0.2330000000,49.5467950213
0.2340000000,49.4429228542
0.2350000000,49.3278952486
0.2360000000,49.2016000255
0.2370000000,49.0639274379
0.2380000000,48.9147702730
0.2390000000,48.7540239543
0.2400000000,48.5815866457
0.2410000000,48.3973593564
0.2420000000,48.2012460457
0.2430000000,47.9931537303
0.2440000000,47.7729925909
0.2450000000,47.5406760805
0.2460000000,47.2961210331
0.2470000000,47.0392477728
0.2480000000,46.7699802243
0.2490000000,46.4882460228
0.2500000000,46.1939766256
0.2510000000,45.8871074231
0.2520000000,45.5675778510
0.2530000000,45.2353315021
0.2540000000,44.8903162388
0.2550000000,44.5324843056
0.2560000000,44.1617924418
0.2570000000,43.7782019942
0.2580000000,43.3816790295
0.2590000000,42.9721944467
0.2600000000,42.5497240897
0.2610000000,42.1142488593
0.2620000000,41.6657548243
0.2630000000,41.2042333331
0.2640000000,40.7296811242
0.2650000000,40.2421004362
0.2660000000,39.7414991168
0.2670000000,39.2278907317
0.2680000000,38.7012946715
0.2690000000,38.1617362588
0.2700000000,37.6092468532
0.2710000000,37.0438639556
0.2720000000,36.4656313111
0.2730000000,35.8745990101
0.2740000000,35.2708235890
0.2750000000,34.6543681273
0.2760000000,34.0253023452
0.2770000000,33.3837026975
0.2780000000,32.7296524667
0.2790000000,32.0632418534
0.2800000000,31.3845680645
0.2810000000,30.6937353997
0.2820000000,29.9908553345
0.2830000000,29.2760466015
0.2840000000,28.5494352688
0.2850000000,27.8111548154
0.2860000000,27.0613462033
0.2870000000,26.3001579479
0.2880000000,25.5277461832
0.2890000000,24.7442747255
0.2900000000,23.9499151322
0.2910000000,23.1448467585
0.2920000000,22.3292568085
0.2930000000,21.5033403843
0.2940000000,20.6673005298
0.2950000000,19.8213482711
0.2960000000,18.9657026521
0.2970000000,18.1005907664
0.2980000000,17.2262477839
0.2990000000,16.3429169731
0.3000000000,15.4508497187
0.3010000000,14.5503055345
0.3020000000,13.6415520700
0.3030000000,12.7248651137
0.3040000000,11.8005285894
0.3050000000,10.8688345481
0.3060000000,9.9300831535
0.3070000000,8.9845826625
0.3080000000,8.0326493997
0.3090000000,7.0746077250
0.3100000000,6.1107899970
0.3110000000,5.1415365279
0.3120000000,4.1671955339
0.3130000000,3.1881230782
0.3140000000,2.2046830076
0.3150000000,1.2172468824
0.3160000000,0.2261938995
0.3170000000,-0.7680891911
0.3180000000,-1.7652081776
0.3190000000,-2.7647614843
0.3200000000,-3.7663402764
0.3210000000,-4.7695285730
0.3220000000,-5.7739033670
0.3230000000,-6.7790347522
0.3240000000,-7.7844860590
0.3250000000,-8.7898139967
0.3260000000,-9.7945688041
0.3270000000,-10.7982944081
0.3280000000,-11.8005285894
0.3290000000,-12.8008031576
0.3300000000,-13.7986441324
0.3310000000,-14.7935719347
0.3320000000,-15.7851015844
0.3330000000,-16.7727429075
0.3340000000,-17.7560007501
0.3350000000,-18.7343752022
0.3360000000,-19.7073618282
0.3370000000,-20.6744519065
0.3380000000,-21.6351326772
0.3390000000,-22.5888875980
0.3400000000,-23.5351966083
0.3410000000,-24.4735364013
0.3420000000,-25.4033807051
0.3430000000,-26.3242005709
0.3440000000,-27.2354646702
0.3450000000,-28.1366395994
0.3460000000,-29.0271901929
0.3470000000,-29.9065798440
0.3480000000,-30.7742708336
0.3490000000,-31.6297246666
0.3500000000,-32.4724024165
0.3510000000,-33.3017650769
0.3520000000,-34.1172739209
0.3530000000,-34.9183908678
0.3540000000,-35.7045788569
0.3550000000,-36.4753022287
0.3560000000,-37.2300271123
0.3570000000,-37.9682218206
0.3580000000,-38.6893572510
0.3590000000,-39.3929072933
0.3600000000,-40.0783492435
0.3610000000,-40.7451642236
0.3620000000,-41.3928376069
0.3630000000,-42.0208594493
0.3640000000,-42.6287249258
0.3650000000,-43.2159347717
0.3660000000,-43.7819957289
0.3670000000,-44.3264209967
0.3680000000,-44.8487306865
0.3690000000,-45.3484522807
0.3700000000,-45.8251210953
0.3710000000,-46.2782807455
0.3720000000,-46.7074836140
0.3730000000,-47.1122913227
0.3740000000,-47.4922752062
0.3750000000,-47.8470167866
0.3760000000,-48.1761082508
0.3770000000,-48.4791529284
0.3780000000,-48.7557657699
0.3790000000,-49.0055738261
0.3800000000,-49.2282167265
0.3810000000,-49.4233471576
0.3820000000,-49.5906313400
0.3830000000,-49.7297495040
0.3840000000,-49.8403963633
0.3850000000,-49.9222815863
0.3860000000,-49.9751302641
0.3870000000,-49.9986833759
0.3880000000,-49.9926982496
0.3890000000,-49.9569490185
0.3900000000,-49.8912270729
0.3910000000,-49.7953415058
0.3920000000,-49.6691195533
0.3930000000,-49.5124070282
0.3940000000,-49.3250687456
0.3950000000,-49.1069889421
0.3960000000,-48.8580716858
0.3970000000,-48.5782412781
0.3980000000,-48.2674426450
0.3990000000,-47.9256417200
0.4000000000,-47.5528258148
0.4010000000,-47.1490039797
0.4020000000,-46.7142073521
0.4030000000,-46.2484894925
0.4040000000,-45.7519267071
0.4050000000,-45.2246183578
0.4060000000,-44.6666871566
0.4070000000,-44.0782794467
0.4080000000,-43.4595654669
0.4090000000,-42.8107396005
0.4100000000,-42.1320206080
0.4110000000,-41.4236518416
0.4120000000,-40.6859014425
0.4130000000,-39.9190625200
0.4140000000,-39.1234533110
0.4150000000,-38.2994173201
0.4160000000,-37.4473234397
0.4170000000,-36.5675660496
0.4180000000,-35.6605650942
0.4190000000,-34.7267661394
0.4200000000,-33.7666404061
0.4210000000,-32.7806847806
0.4220000000,-31.7694218029
0.4230000000,-30.7333996292
0.4240000000,-29.6731919714
0.4250000000,-28.5893980114
0.4260000000,-27.4826422893
0.4270000000,-26.3535745667
0.4280000000,-25.2028696634
0.4290000000,-24.0312272671
0.4300000000,-22.8393717167
0.4310000000,-21.6280517577
0.4320000000,-20.3980402700
0.4330000000,-19.1501339678
0.4340000000,-17.8851530704
0.4350000000,-16.6039409457
0.4360000000,-15.3073637232
0.4370000000,-13.9963098788
0.4380000000,-12.6716897904
0.4390000000,-11.3344352631
0.4400000000,-9.9854990257
0.4410000000,-8.6258541969
0.4420000000,-7.2564937217
0.4430000000,-5.8784297783
0.4440000000,-4.4926931543
0.4450000000,-3.1003325942
0.4460000000,-1.7024141159
0.4470000000,-0.3000202980
0.4480000000,1.1057504620
0.4490000000,2.5137847201
0.4500000000,3.9229547864
0.4510000000,5.3321195552
0.4520000000,6.7401253635
0.4530000000,8.1458068784
0.4540000000,9.5479880119
0.4550000000,10.9454828635
0.4560000000,12.3370966903
0.4570000000,13.7216269034
0.4580000000,15.0978640906
0.4590000000,16.4645930645
0.4600000000,17.8205939357
0.4610000000,19.1646432101
0.4620000000,20.4955149101
0.4630000000,21.8119817183
0.4640000000,23.1128161429
0.4650000000,24.3967917051
0.4660000000,25.6626841460
0.4670000000,26.9092726529
0.4680000000,28.1353411043
0.4690000000,29.3396793319
0.4700000000,30.5210843991
0.4710000000,31.6783618938
0.4720000000,32.8103272363
0.4730000000,33.9158069991
0.4740000000,34.9936402382
0.4750000000,36.0426798351
0.4760000000,37.0617938470
0.4770000000,38.0498668645
0.4780000000,39.0058013761
0.4790000000,39.9285191360
0.4800000000,40.8169625359
0.4810000000,41.6700959779
0.4820000000,42.4869072473
0.4830000000,43.2664088837
0.4840000000,44.0076395488
0.4850000000,44.7096653893
0.4860000000,45.3715813923
0.4870000000,45.9925127332
0.4880000000,46.5716161122
0.4890000000,47.1080810798
0.4900000000,47.6011313473
0.4910000000,48.0500260819
0.4920000000,48.4540611843
0.4930000000,48.8125705463
0.4940000000,49.1249272868
0.4950000000,49.3905449648
0.4960000000,49.6088787666
0.4970000000,49.7794266653
0.4980000000,49.9017305519
0.4990000000,49.9753773335
0.5000000000,50.0000000000
0.5010000000,49.9752786537
0.5020000000,49.9009415029
0.5030000000,49.7767658155
0.5040000000,49.6025788314
0.5050000000,49.3782586319
0.5060000000,49.1037349639
0.5070000000,48.7789900165
0.5080000000,48.4040591494
0.5090000000,47.9790315694
0.5100000000,47.5040509550
0.5110000000,46.9793160259
0.5120000000,46.4050810560
0.5130000000,45.7816563284
0.5140000000,45.1094085305
0.5150000000,44.3887610874
0.5160000000,43.6201944320
0.5170000000,42.8042462101
0.5180000000,41.9415114198
0.5190000000,41.0326424823
0.5200000000,40.0783492435
0.5210000000,39.0793989056
0.5220000000,38.0366158859
0.5230000000,36.9508816033
0.5240000000,35.8231341898
0.5250000000,34.6543681273
0.5260000000,33.4456338077
0.5270000000,32.1980370159
0.5280000000,30.9127383346
0.5290000000,29.5909524710
0.5300000000,28.2339475033
0.5310000000,26.8430440478
0.5320000000,25.4196143460
0.5330000000,23.9650812705
0.5340000000,22.4809172504
0.5350000000,20.9686431160
0.5360000000,19.4298268623
0.5370000000,17.8660823319
0.5380000000,16.2790678178
0.5390000000,14.6704845851
0.5400000000,13.0420753145
0.5410000000,11.3956224657
0.5420000000,9.7329465632
0.5430000000,8.0559044046
0.5440000000,6.3663871925
0.5450000000,4.6663185917
0.5460000000,2.9576527123
0.5470000000,1.2423720199
0.5480000000,-0.4775148242
0.5490000000,-2.1999751921
0.5500000000,-3.9229547864
0.5510000000,-5.6443800019
0.5520000000,-7.3621603506
0.5530000000,-9.0741909481
0.5540000000,-10.7783550576
0.5550000000,-12.4725266910
0.5560000000,-14.1545732627
0.5570000000,-15.8223582936
0.5580000000,-17.4737441632
0.5590000000,-19.1065949063
0.5600000000,-20.7187790497
0.5610000000,-22.3081724884
0.5620000000,-23.8726613952
0.5630000000,-25.4101451611
0.5640000000,-26.9185393629
0.5650000000,-28.3957787545
0.5660000000,-29.8398202763
0.5670000000,-31.2486460810
0.5680000000,-32.6202665690
0.5690000000,-33.9527234319
0.5700000000,-35.2440926971
0.5710000000,-36.4924877707
0.5720000000,-37.6960624733
0.5730000000,-38.8530140648
0.5740000000,-39.9615862520
0.5750000000,-41.0200721763
0.5760000000,-42.0268173745
0.5770000000,-42.9802227094
0.5780000000,-43.8787472634
0.5790000000,-44.7209111928
0.5800000000,-45.5052985342
0.5810000000,-46.2305599614
0.5820000000,-46.8954154846
0.5830000000,-47.4986570887
0.5840000000,-48.0391513053
0.5850000000,-48.5158417125
0.5860000000,-48.9277513570
0.5870000000,-49.2739850958
0.5880000000,-49.5537318489
0.5890000000,-49.7662667607
0.5900000000,-49.9109532639
0.5910000000,-49.9872450409
0.5920000000,-49.9946878782
0.5930000000,-49.9329214084
0.5940000000,-49.8016807362
0.5950000000,-49.6007979420
0.5960000000,-49.3302034603
0.5970000000,-48.9899273276
0.5980000000,-48.5801002951
0.5990000000,-48.1009548037
0.6000000000,-47.5528258148
0.6010000000,-46.9361514957
0.6020000000,-46.2514737541
0.6030000000,-45.4994386186
0.6040000000,-44.6807964627
0.6050000000,-43.7964020678
0.6060000000,-42.8472145240
0.6070000000,-41.8342969642
0.6080000000,-40.7588161307
0.6090000000,-39.6220417709
0.6100000000,-38.4253458610
0.6110000000,-37.1702016551
0.6120000000,-35.8581825597
0.6130000000,-34.4909608304
0.6140000000,-33.0703060919
0.6150000000,-31.5980836797
0.6160000000,-30.0762528032
0.6170000000,-28.5068645306
0.6180000000,-26.8920595962
0.6190000000,-25.2340660295
0.6200000000,-23.5351966083
0.6210000000,-21.7978461372
0.6220000000,-20.0244885523
0.6230000000,-18.2176738541
0.6240000000,-16.3800248721
0.6250000000,-14.5142338627
0.6260000000,-12.6230589434
0.6270000000,-10.7093203676
0.6280000000,-8.7758966428
0.6290000000,-6.8257204968
0.6300000000,-4.8617746961
0.6310000000,-2.8870877217
0.6320000000,-0.9047293068
0.6330000000,1.0821941577
0.6340000000,3.0705443434
0.6350000000,5.0571558259
0.6360000000,7.0388410392
0.6370000000,9.0123953366
0.6380000000,10.9746021523
0.6390000000,12.9222382537
0.6400000000,14.8520790789
0.6410000000,16.7609041495
0.6420000000,18.6455025519
0.6430000000,20.5026784768
0.6440000000,22.3292568085
0.6450000000,24.1220887552
0.6460000000,25.8780575103
0.6470000000,27.5940839348
0.6480000000,29.2671322512
0.6490000000,30.8942157383
0.6500000000,32.4724024165
0.6510000000,33.9988207141
0.6520000000,35.4706651019
0.6530000000,36.8852016864
0.6540000000,38.2397737515
0.6550000000,39.5318072348
0.6560000000,40.7588161307
0.6570000000,41.9184078058
0.6580000000,43.0082882180
0.6590000000,44.0262670259
0.6600000000,44.9702625783
0.6610000000,45.8383067720
0.6620000000,46.6285497668
0.6630000000,47.3392645465
0.6640000000,47.9688513144
0.6650000000,48.5158417125
0.6660000000,48.9789028541
0.6670000000,49.3568411579
0.6680000000,49.6486059741
0.6690000000,49.8532929919
0.6700000000,49.9701474177
0.6710000000,49.9985669156
0.6720000000,49.9381042991
0.6730000000,49.7884699663
0.6740000000,49.5495340685
0.6750000000,49.2213284045
0.6760000000,48.8040480327
0.6770000000,48.2980525923
0.6780000000,47.7038673279
0.6790000000,47.0221838093
0.6800000000,46.2538603417
0.6810000000,45.3999220591
0.6820000000,44.4615606971
0.6830000000,43.4401340396
0.6840000000,42.3371650359
0.6850000000,41.1543405843
0.6860000000,39.8935099800
0.6870000000,38.5566830248
0.6880000000,37.1460277969
0.6890000000,35.6638680806
0.6900000000,34.1126804555
0.6910000000,32.4950910454
0.6920000000,30.8138719292
0.6930000000,29.0719372148
0.6940000000,27.2723387796
0.6950000000,25.4182616806
0.6960000000,23.5130192389
0.6970000000,21.5600478035
0.6980000000,19.5629012001
0.6990000000,17.5252448718
0.7000000000,15.4508497187
0.7010000000,13.3435856458
0.7020000000,11.2074148260
0.7030000000,9.0463846903
0.7040000000,6.8646206542
0.7050000000,4.6663185917
0.7060000000,2.4557370700
0.7070000000,0.2371893557
0.7080000000,-1.9849647916
0.7090000000,-4.2063275266
0.7100000000,-6.4224715100
0.7110000000,-8.6289486691
0.7120000000,-10.8212991127
0.7130000000,-12.9950601810
0.7140000000,-15.1457756162
0.7150000000,-17.2690048325
0.7160000000,-19.3603322696
0.7170000000,-21.4153768099
0.7180000000,-23.4298012389
0.7190000000,-25.3993217307
0.7200000000,-27.3197173367
0.7210000000,-29.1868394580
0.7220000000,-30.9966212793
0.7230000000,-32.7450871440
0.7240000000,-34.4283618487
0.7250000000,-36.0426798351
0.7260000000,-37.5843942578
0.7270000000,-39.0499859056
0.7280000000,-40.4360719545
0.7290000000,-41.7394145314
0.7300000000,-42.9569290637
0.7310000000,-44.0856923970
0.7320000000,-45.1229506553
0.7330000000,-46.0661268247
0.7340000000,-46.9128280392
0.7350000000,-47.6608525457
0.7360000000,-48.3081963311
0.7370000000,-48.8530593877
0.7380000000,-49.2938516006
0.7390000000,-49.6291982361
0.7400000000,-49.8579450130
0.7410000000,-49.9791627401
0.7420000000,-49.9921515011
0.7430000000,-49.8964443732
0.7440000000,-49.6918106606
0.7450000000,-49.3782586319
0.7460000000,-48.9560377454
0.7470000000,-48.4256403502
0.7480000000,-47.7878028527
0.7490000000,-47.0435063362
0.7500000000,-46.1939766256
0.7510000000,-45.2406837884
0.7520000000,-44.1853410658
0.7530000000,-43.0299032265
0.7540000000,-41.7765643412
0.7550000000,-40.4277549722
0.7560000000,-38.9861387790
0.7570000000,-37.4546085371
0.7580000000,-35.8362815731
0.7590000000,-34.1344946172
0.7600000000,-32.3527980785
0.7610000000,-30.4949497471
0.7620000000,-28.5649079318
0.7630000000,-26.5668240405
0.7640000000,-24.5050346136
0.7650000000,-22.3840528228
0.7660000000,-20.2085594479
0.7670000000,-17.9833933456
0.7680000000,-15.7135414278
0.7690000000,-13.4041281656
0.7700000000,-11.0604046395
0.7710000000,-8.6877371552
0.7720000000,-6.2915954475
0.7730000000,-3.8775404961
0.7740000000,-1.4512119770
0.7750000000,0.9816846230
0.7760000000,3.4153912023
0.7770000000,5.8441105223
0.7780000000,8.2620199367
0.7790000000,10.6632853416
0.7800000000,13.0420753145
0.7810000000,15.3925754090
0.7820000000,17.7090025711
0.7830000000,19.9856196429
0.7840000000,22.2167499167
0.7850000000,24.3967917051
0.7860000000,26.5202328884
0.7870000000,28.5816654021
0.7880000000,30.5757996281
0.7890000000,32.4974786487
0.7900000000,34.3416923272
0.7910000000,36.1035911744
0.7920000000,37.7784999637
0.7930000000,39.3619310554
0.7940000000,40.8495973913
0.7950000000,42.2374251214
0.7960000000,43.5215658252
0.7970000000,44.6984082894
0.7980000000,45.7645898055
0.7990000000,46.7170069502
0.8000000000,47.5528258148
0.8010000000,48.2694916467
0.8020000000,48.8647378726
0.8030000000,49.3365944671
0.8040000000,49.6833956400
0.8050000000,49.9037868083
0.8060000000,49.9967308279
0.8070000000,49.9615134566
0.8080000000,49.7977480236
0.8090000000,49.5053792827
0.8100000000,49.0846864273
0.8110000000,48.5362852479
0.8120000000,47.8611294149
0.8130000000,47.0605108719
0.8140000000,46.1360593249
0.8150000000,45.0897408188
0.8160000000,43.9238553913
0.8170000000,42.6410337990
0.8180000000,41.2442333123
0.8190000000,39.7367325777
0.8200000000,38.1221255506
0.8210000000,36.4043145006
0.8220000000,34.5875020994
0.8230000000,32.6761825986
0.8240000000,30.6751321112
0.8250000000,28.5893980114
0.8260000000,26.4242874711
0.8270000000,24.1853551540
0.8280000000,21.8783900900
0.8290000000,19.5094017562
0.8300000000,17.0846053946
0.8310000000,14.6104065957
0.8320000000,12.0933851843
0.8330000000,9.5402784425
0.8340000000,6.9579637098
0.8350000000,4.3534404014
0.8360000000,1.7338114890
0.8370000000,-0.8937355109
0.8380000000,-3.5219479915
0.8390000000,-6.1435281043
0.8400000000,-8.7511529488
0.8410000000,-11.3374950491
0.8420000000,-13.8952430635
0.8430000000,-16.4171226672
0.8440000000,-18.8959175523
0.8450000000,-21.3244904838
0.8460000000,-23.6958043514
0.8470000000,-26.0029431546
0.8480000000,-28.2391328602
0.8490000000,-30.3977620669
0.8500000000,-32.4724024165
0.8510000000,-34.4568286848
0.8520000000,-36.3450384917
0.8530000000,-38.1312715648
0.8540000000,-39.8100284947
0.8550000000,-41.3760889195
0.8560000000,-42.8245290761
0.8570000000,-44.1507386589
0.8580000000,-45.3504369247
0.8590000000,-46.4196879884
0.8600000000,-47.3549152497
0.8610000000,-48.1529148998
0.8620000000,-48.8108684522
0.8630000000,-49.3263542499
0.8640000000,-49.6973578993
0.8650000000,-49.9222815863
0.8660000000,-49.9999522311
0.8670000000,-49.9296284440
0.8680000000,-49.7110062432
0.8690000000,-49.3442235030
0.8700000000,-48.8298631032
0.8710000000,-48.1689547516
0.8720000000,-47.3629754597
0.8730000000,-46.4138486510
0.8740000000,-45.3239418897
0.8750000000,-44.0960632174
0.8760000000,-42.7334560941
0.8770000000,-41.2397929393
0.8780000000,-39.6191672790
0.8790000000,-37.8760845026
0.8800000000,-36.0154512444
0.8810000000,-34.0425634042
0.8820000000,-31.9630928285
0.8830000000,-29.7830726784
0.8840000000,-27.5088815132
0.8850000000,-25.1472261255
0.8860000000,-22.7051231668
0.8870000000,-20.1898796067
0.8880000000,-17.6090720744
0.8890000000,-14.9705251355
0.8900000000,-12.2822885596
0.8910000000,-9.5526136404
0.8920000000,-6.7899286327
0.8930000000,-4.0028133753
0.8940000000,-1.1999731715
0.8950000000,1.6097879963
0.8960000000,4.4175948398
0.8970000000,7.2145286424
0.8980000000,9.9916555577
0.8990000000,12.7400552403
0.9000000000,15.4508497187
0.9010000000,18.1152324202
0.9020000000,20.7244972505
0.9030000000,23.2700676369
0.9040000000,25.7435254342
0.9050000000,28.1366395994
0.9060000000,30.4413945343
0.9070000000,32.6500179993
0.9080000000,34.7550084993
0.9090000000,36.7491620438
0.9100000000,38.6255981839
0.9110000000,40.3777852305
0.9120000000,41.9995645577
0.9130000000,43.4851739005
0.9140000000,44.8292695533
0.9150000000,46.0269473835
0.9160000000,47.0737625729
0.9170000000,47.9657480046
0.9180000000,48.6994312179
0.9190000000,49.2718498544
0.9200000000,49.6805655260
0.9210000000,49.9236760371
0.9220000000,49.9998259003
0.9230000000,49.9082150887
0.9240000000,49.6486059741
0.9250000000,49.2213284045
0.9260000000,48.6272828824
0.9270000000,47.8679418101
0.9280000000,46.9453487742
0.9290000000,45.8621158492
0.9300000000,44.6214189062
0.9310000000,43.2269909191
0.9320000000,41.6831132691
0.9330000000,39.9946050534
0.9340000000,38.1668104129
0.9350000000,36.2055839011
0.9360000000,34.1172739209
0.9370000000,31.9087042676
0.9380000000,29.5871538202
0.9390000000,27.1603344319
0.9400000000,24.6363670774
0.9410000000,22.0237563225
0.9420000000,19.3313631870
0.9430000000,16.5683764804
0.9440000000,13.7442826950
0.9450000000,10.8688345481
0.9460000000,7.9520182718
0.9470000000,5.0040197535
0.9480000000,2.0351896368
0.9490000000,-0.9439925026
0.9500000000,-3.9229547864
0.9510000000,-6.8910703440
0.9520000000,-9.8376951757
0.9530000000,-12.7522064363
0.9540000000,-15.6240410030
0.9550000000,-18.4427341908
0.9560000000,-21.1979584716
0.9570000000,-23.8795620579
0.9580000000,-26.4776072031
0.9590000000,-28.9824080764
0.9600000000,-31.3845680645
0.9610000000,-33.6750163565
0.9620000000,-35.8450436660
0.9630000000,-37.8863369487
0.9640000000,-39.7910129727
0.9650000000,-41.5516506030
0.9660000000,-43.1613216652
0.9670000000,-44.6136202542
0.9680000000,-45.9026903622
0.9690000000,-47.0232516995
0.9700000000,-47.9706235927
0.9710000000,-48.7407468461
0.9720000000,-49.3302034603
0.9730000000,-49.7362341100
0.9740000000,-49.9567532866
0.9750000000,-49.9903620241
0.9760000000,-49.8363581302
0.9770000000,-49.4947438559
0.9780000000,-48.9662309462
0.9790000000,-48.2522430211
0.9800000000,-47.3549152497
0.9810000000,-46.2770912872
0.9820000000,-45.0223174561
0.9830000000,-43.5948341635
0.9840000000,-41.9995645577
0.9850000000,-40.2421004362
0.9860000000,-38.3286854303
0.9870000000,-36.2661955019
0.9880000000,-34.0621167987
0.9890000000,-31.7245209256
0.9900000000,-29.2620377013
0.9910000000,-26.6838254785
0.9920000000,-23.9995391200
0.9930000000,-21.2192957301
0.9940000000,-18.3536382521
0.9950000000,-15.4134970551
0.9960000000,-12.4101496385
0.9970000000,-9.3551785961
0.9980000000,-6.2604279882
0.9990000000,-3.1379582782
1.0000000000,-0.0000000000
1.0010000000,3.1410936716
1.0020000000,6.2728952692
1.0030000000,9.3829521134
1.0040000000,12.4588359363
1.0050000000,15.4881928515
1.0060000000,18.4587934729
1.0070000000,21.3585829781
1.0080000000,24.1757309135
1.0090000000,26.8986805336
1.0100000000,29.5161974678
1.0110000000,32.0174175081
1.0120000000,34.3918933116
1.0130000000,36.6296398133
1.0140000000,38.7211781486
1.0150000000,40.6575778882
1.0160000000,42.4304973899
1.0170000000,44.0322220835
1.0180000000,45.4557005030
1.0190000000,46.6945778954
1.0200000000,47.7432272373
1.0210000000,48.5967775031
1.0220000000,49.2511390358
1.0230000000,49.7030258839
1.0240000000,49.9499749766
1.0250000000,49.9903620241
1.0260000000,49.8234140394
1.0270000000,49.4492183929
1.0280000000,48.8687283251
1.0290000000,48.0837648543
1.0300000000,47.0970150354
1.0310000000,45.9120265350
1.0320000000,44.5331985092
1.0330000000,42.9657687828
1.0340000000,41.2157973449
1.0350000000,39.2901461935
1.0360000000,37.1964555763
1.0370000000,34.9431166918
1.0380000000,32.5392409315
1.0390000000,29.9946257587
1.0400000000,27.3197173367
1.0410000000,24.5255700341
1.0420000000,21.6238029498
1.0430000000,18.6265536163
1.0440000000,15.5464290529
1.0450000000,12.3964543553
1.0460000000,9.1900190206
1.0470000000,5.9408212198
1.0480000000,2.6628102403
1.0490000000,-0.6298726662
1.0500000000,-3.9229547864
1.0510000000,-7.2020935466
1.0520000000,-10.4529389489
1.0530000000,-13.6611965760
1.0540000000,-16.8126908895
1.0550000000,-19.8934285434
1.0560000000,-22.8896614297
1.0570000000,-25.7879491728
1.0580000000,-28.5752207852
1.0590000000,-31.2388352018
1.0600000000,-33.7666404061
1.0610000000,-36.1470308698
1.0620000000,-38.3690030286
1.0630000000,-40.4222085217
1.0640000000,-42.2970049333
1.0650000000,-43.9845037780
1.0660000000,-45.4766154844
1.0670000000,-46.7660911419
1.0680000000,-47.8465607849
1.0690000000,-48.7125680058
1.0700000000,-49.3596006997
1.0710000000,-49.7841177603
1.0720000000,-49.9835715615
1.0730000000,-49.9564260806
1.0740000000,-49.7021705320
1.0750000000,-49.2213284045
1.0760000000,-48.5154618115
1.0770000000,-47.5871710882
1.0780000000,-46.4400895866
1.0790000000,-45.0788736458
1.0800000000,-43.5091877335
1.0810000000,-41.7376847789
1.0820000000,-39.7719817419
1.0830000000,-37.6206304816
1.0840000000,-35.2930840160
1.0850000000,-32.7996582829
1.0860000000,-30.1514895367
1.0870000000,-27.3604875394
1.0880000000,-24.4392847219
1.0890000000,-21.4011815189
1.0900000000,-18.2600880946
1.0910000000,-15.0304627029
1.0920000000,-11.7272469396
1.0930000000,-8.3657981649
1.0940000000,-4.9618193907
1.0950000000,-1.5312869427
1.0960000000,1.9096237781
1.0970000000,5.3446140968
1.0980000000,8.7573390798
1.0990000000,12.1314854051
1.1000000000,15.4508497187
1.1010000000,18.6994171051
1.1020000000,21.8614392898
1.1030000000,24.9215121944
1.1040000000,27.8646524578
1.1050000000,30.6763725424
1.1060000000,33.3427540433
1.1070000000,35.8505188243
1.1080000000,38.1870976109
1.1090000000,40.3406956785
1.1100000000,42.3003552834
1.1110000000,44.0560144967
1.1120000000,45.5985621167
1.1130000000,46.9198883474
1.1140000000,48.0129309519
1.1150000000,48.8717166066
1.1160000000,49.4913972026
1.1170000000,49.8682808650
1.1180000000,49.9998574830
1.1190000000,49.8848185676
1.1200000000,49.5230712848
1.1210000000,48.9157465339
1.1220000000,48.0652009730
1.1230000000,46.9750129220
1.1240000000,45.6499721045
1.1250000000,44.0960632174
1.1260000000,42.3204433544
1.1270000000,40.3314133346
1.1280000000,38.1383830239
1.1290000000,35.7518307659
1.1300000000,33.1832570716
1.1310000000,30.4451327483
1.1320000000,27.5508416781
1.1330000000,24.5146184873
1.1340000000,21.3514813758
1.1350000000,18.0771604053
1.1360000000,14.7080215701
1.1370000000,11.2609870023
1.1380000000,7.7534516835
1.1390000000,4.2031970624
1.1400000000,0.6283019942
1.1410000000,-2.9529485619
1.1420000000,-6.5221566336
1.1430000000,-10.0609056478
1.1440000000,-13.5508556851
1.1450000000,-16.9738390861
1.1460000000,-20.3119559131
1.1470000000,-23.5476687657
1.1480000000,-26.6638964458
1.1490000000,-29.6441059681
1.1500000000,-32.4724024165
1.1510000000,-35.1336161502
1.1520000000,-37.6133868742
1.1530000000,-39.8982440979
1.1540000000,-41.9756835224
1.1550000000,-43.8342389090
1.1560000000,-45.4635490057
1.1570000000,-46.8544191265
1.1580000000,-47.9988770040
1.1590000000,-48.8902225623
1.1600000000,-49.5230712848
1.1610000000,-49.8933908846
1.1620000000,-49.9985310153
1.1630000000,-49.8372457976
1.1640000000,-49.4097089711
1.1650000000,-48.7175215196
1.1660000000,-47.7637116583
1.1670000000,-46.5527271098
1.1680000000,-45.0904196389
1.1690000000,-43.3840218562
1.1700000000,-41.4421163452
1.1710000000,-39.2745972089
1.1720000000,-36.8926241734
1.1730000000,-34.3085694321
1.1740000000,-31.5359574528
1.1750000000,-28.5893980114
1.1760000000,-25.4845127598
1.1770000000,-22.2378556698
1.1780000000,-18.8668277365
1.1790000000,-15.3895863592
1.1800000000,-11.8249498512
1.1810000000,-8.1922975646
1.1820000000,-4.5114661433
1.1830000000,-0.8026424463
1.1840000000,2.9137462928
1.1850000000,6.6171444814
1.1860000000,10.2869817521
1.1870000000,13.9027874944
1.1880000000,17.4443056977
1.1890000000,20.8916094642
1.1900000000,24.2252145422
1.1910000000,27.4261912315
1.1920000000,30.4762740116
1.1930000000,33.3579682519
1.1940000000,36.0546533727
1.1950000000,38.5506818355
1.1960000000,40.8314733641
1.1970000000,42.8836038133
1.1980000000,44.6948881295
1.1990000000,46.2544568745
1.2000000000,47.5528258148
1.2010000000,48.5819581135
1.2020000000,49.3353187003
1.2030000000,49.8079204333
1.2040000000,49.9963617132
1.2050000000,49.8988552529
1.2060000000,49.5152477566
1.2070000000,48.8470303098
1.2080000000,47.8973393360
1.2090000000,46.6709480288
1.2100000000,45.1742482217
1.2110000000,43.4152227135
1.2120000000,41.4034081269
1.2130000000,39.1498484277
1.2140000000,36.6670392947
1.2150000000,33.9688635832
1.2160000000,31.0705181798
1.2170000000,27.9884326018
1.2180000000,24.7401797465
1.2190000000,21.3443792466
1.2200000000,17.8205939357
1.2210000000,14.1892199761
1.2220000000,10.4713712444
1.2230000000,6.6887586081
1.2240000000,2.8635647690
1.2250000000,-0.9816846230
1.2260000000,-4.8242528468
1.2270000000,-8.6413262173
1.2280000000,-12.4101496385
1.2290000000,-16.1081628018
1.2300000000,-19.7131362171
1.2310000000,-23.2033062551
1.2320000000,-26.5575083779
1.2330000000,-29.7553077373
1.2340000000,-32.7771263268
1.2350000000,-35.6043658846
1.2360000000,-38.2195257669
1.2370000000,-40.6063150257
1.2380000000,-42.7497579612
1.2390000000,-44.6362924437
1.2400000000,-46.2538603417
1.2410000000,-47.5919894330
1.2420000000,-48.6418662195
1.2430000000,-49.3963991196
1.2440000000,-49.8502715641
1.2450000000,-49.9999845787
1.2460000000,-49.8438884975
1.2470000000,-49.3822035156
1.2480000000,-48.6170288555
1.2490000000,-47.5523403885
1.2500000000,-46.1939766256
1.2510000000,-44.5496130608
1.2520000000,-42.6287249258
1.2530000000,-40.4425384837
1.2540000000,-38.0039710678
1.2550000000,-35.3275601393
1.2560000000,-32.4293817136
1.2570000000,-29.3269585722
1.2580000000,-26.0391587489
1.2590000000,-22.5860848428
1.2600000000,-18.9889547761
1.2610000000,-15.2699746752
1.2620000000,-11.4522046089
1.2630000000,-7.5594179727
1.2640000000,-3.6159553557
1.2650000000,0.3534262304
1.2660000000,4.3237078403
1.2670000000,8.2697658502
1.2680000000,12.1665309995
1.2690000000,15.9891482171
1.2700000000,19.7131362171
1.2710000000,23.3145458368
1.2720000000,26.7701160900
1.2730000000,30.0574269120
1.2740000000,33.1550475831
1.2750000000,36.0426798351
1.2760000000,38.7012946715
1.2770000000,41.1132619589
1.2780000000,43.2624718896
1.2790000000,45.1344474554
1.2800000000,46.7164471228
1.2810000000,47.9975569591
1.2820000000,48.9687715144
1.2830000000,49.6230628368
1.2840000000,49.9554370668
1.2850000000,49.9629781319
1.2860000000,49.6448781460
1.2870000000,49.0024541984
1.2880000000,48.0391513053
1.2890000000,46.7605313868
1.2900000000,45.1742482217
1.2910000000,43.2900084259
1.2920000000,41.1195185949
1.2930000000,38.6764188404
1.2940000000,35.9762030487
1.2950000000,33.0361262781
1.2960000000,29.8750998014
1.2970000000,26.5135743907
1.2980000000,22.9734125238
1.2990000000,19.2777502734
1.3000000000,15.4508497187
1.3010000000,11.5179427886
1.3020000000,7.5050675146
1.3030000000,3.4388977333
1.3040000000,-0.6534326706
1.3050000000,-4.7445098376
1.3060000000,-8.8068231415
1.3070000000,-12.8129503184
1.3080000000,-16.7357432744
1.3090000000,-20.5485133169
1.3100000000,-24.2252145422
1.3110000000,-27.7406241147
1.3120000000,-31.0705181798
1.3130000000,-34.1918421717
1.3140000000,-37.0828743024
1.3150000000,-39.7233810526
1.3160000000,-42.0947635314
1.3170000000,-44.1801936193
1.3180000000,-45.9647388718
1.3190000000,-47.4354752285
1.3200000000,-48.5815866457
1.3210000000,-49.3944508546
1.3220000000,-49.8677105342
1.3230000000,-49.9973292842
1.3240000000,-49.7816318805
1.3250000000,-49.2213284045
1.3260000000,-48.3195219409
1.3270000000,-47.0816996560
1.3280000000,-45.5157071793
1.3290000000,-43.6317063298
1.3300000000,-41.4421163452
1.3310000000,-38.9615388898
1.3320000000,-36.2066672343
1.3330000000,-33.1961801170
1.3340000000,-29.9506209069
1.3350000000,-26.4922628029
1.3360000000,-22.8449609064
1.3370000000,-19.0339921080
1.3380000000,-15.0858838232
1.3390000000,-11.0282327043
1.3400000000,-6.8895145342
1.3410000000,-2.6988865871
1.3420000000,1.5140161971
1.3430000000,5.7192898164
1.3440000000,9.8869731346
1.3450000000,13.9872616405
1.3460000000,17.9907215200
1.3470000000,21.8685025009
1.3480000000,25.5925479306
1.3490000000,29.1358005461
1.3500000000,32.4724024165
1.3510000000,35.5778875629
1.3520000000,38.4293658001
1.3530000000,41.0056963959
1.3540000000,43.2876502017
1.3550000000,45.2580589817
1.3560000000,46.9019507476
1.3570000000,48.2066699977
1.3580000000,49.1619818593
1.3590000000,49.7601592394
1.3600000000,49.9960522102
1.3610000000,49.8671389730
1.3620000000,49.3735578784
1.3630000000,48.5181201127
1.3640000000,47.3063028010
1.3650000000,45.7462224198
1.3660000000,43.8485885551
1.3670000000,41.6266381922
1.3680000000,39.0960508653
1.3690000000,36.2748451433
1.3700000000,33.1832570716
1.3710000000,29.8436013303
1.3720000000,26.2801160040
1.3730000000,22.5187919918
1.3740000000,18.5871882111
1.3750000000,14.5142338627
1.3760000000,10.3300191402
1.3770000000,6.0655758601
1.3780000000,1.7526495851
1.3790000000,-2.5765351133
1.3800000000,-6.8895145342
1.3810000000,-11.1538290997
1.3820000000,-15.3372681642
1.3830000000,-19.4081145408
1.3840000000,-23.3353868846
1.3850000000,-27.0890780747
1.3860000000,-30.6403877503
1.3870000000,-33.9619471800
1.3880000000,-37.0280346885
1.3890000000,-39.8147799198
1.3900000000,-42.3003552834
1.3910000000,-44.4651530155
1.3920000000,-46.2919463823
1.3930000000,-47.7660336594
1.3940000000,-48.8753636449
1.3950000000,-49.6106415901
1.3960000000,-49.9654145775
1.3970000000,-49.9361355219
1.3980000000,-49.5222051319
1.3990000000,-48.7259913316
1.4000000000,-47.5528258148
1.4010000000,-46.0109775773
1.4020000000,-44.1116034534
1.4030000000,-41.8686758602
1.4040000000,-39.2988881351
1.4050000000,-36.4215380302
1.4060000000,-33.2583901053
1.4070000000,-29.8335179307
1.4080000000,-26.1731271827
1.4090000000,-22.3053608713
1.4100000000,-18.2600880946
1.4110000000,-14.0686778554
1.4120000000,-9.7637596110
1.4130000000,-5.3789723431
1.4140000000,-0.9487040474
1.4150000000,3.4921763682
1.4160000000,7.9085927068
1.4170000000,12.2655384940
1.4180000000,16.5283551993
1.4190000000,20.6630094589
1.4200000000,24.6363670774
1.4210000000,28.4164615942
1.4220000000,31.9727552213
1.4230000000,35.2763900015
1.4240000000,38.3004270946
1.4250000000,41.0200721763
1.4260000000,43.4128850267
1.4270000000,45.4589714976
1.4280000000,47.1411561711
1.4290000000,48.4451341657
1.4300000000,49.3596006997
1.4310000000,49.8763571894
1.4320000000,49.9903928400
1.4330000000,49.6999408780
1.4340000000,49.0065087712
1.4350000000,47.9148819901
1.4360000000,46.4331010768
1.4370000000,44.5724120035
1.4380000000,42.3471900224
1.4390000000,39.7748374276
1.4400000000,36.8756558679
1.4410000000,33.6726940658
1.4420000000,30.1915720074
1.4430000000,26.4602828724
1.4440000000,22.5089741691
1.4450000000,18.3697097238
1.4460000000,14.0762143493
1.4470000000,9.6636031755
1.4480000000,5.1680977720
1.4490000000,0.6267313216
1.4500000000,-3.9229547864
1.4510000000,-8.4432204784
1.4520000000,-12.8964400995
1.4530000000,-17.2454165070
1.4540000000,-21.4536935342
1.4550000000,-25.4858641943
1.4560000000,-29.3078720060
1.4570000000,-32.8873028567
1.4580000000,-36.1936648773
1.4590000000,-39.1986538785
1.4600000000,-41.8764020021
1.4610000000,-44.2037073580
1.4620000000,-46.1602425624
1.4630000000,-47.7287402516
1.4640000000,-48.8951538226
1.4650000000,-49.6487918511
1.4660000000,-49.9824248434
1.4670000000,-49.8923632063
1.4680000000,-49.3785055527
1.4690000000,-48.4443567078
1.4700000000,-47.0970150354
1.4710000000,-45.3471289609
1.4720000000,-43.2088228337
1.4730000000,-40.6995925362
1.4740000000,-37.8401715093
1.4750000000,-34.6543681273
1.4760000000,-31.1688756091
1.4770000000,-27.4130559016
1.4780000000,-23.4186992093
1.4790000000,-19.2197610685
1.4800000000,-14.8520790789
1.4810000000,-10.3530715980
1.4820000000,-5.7614208828
1.4830000000,-1.1167433203
1.4840000000,3.5407504761
1.4850000000,8.1706028141
1.4860000000,12.7324603341
1.4870000000,17.1864266433
1.4880000000,21.4934130922
1.4890000000,25.6154846015
1.4900000000,29.5161974678
1.4910000000,33.1609261147
1.4920000000,36.5171758328
1.4930000000,39.5548786448
1.4940000000,42.2466695605
1.4950000000,44.5681406324
1.4960000000,46.4980704002
1.4970000000,48.0186265084
1.4980000000,49.1155395002
1.4990000000,49.7782460306
1.5000000000,50.0000000000
1.5010000000,49.7779503806
1.5020000000,49.1131847971
1.5030000000,48.0107382208
1.5040000000,46.4795664427
1.5050000000,44.5324843056
1.5060000000,42.1860689906
1.5070000000,39.4605289715
1.5080000000,36.3795395633
1.5090000000,32.9700463032
1.5100000000,29.2620377013
1.5110000000,25.2882891893
1.5120000000,21.0840803734
1.5130000000,16.6868879553
1.5140000000,12.1360569292
1.5150000000,7.4724528801
1.5160000000,2.7380984088
1.5170000000,-2.0242031259
1.5180000000,-6.7712532082
1.5190000000,-11.4598496593
1.5200000000,-16.0471804904
1.5210000000,-20.4912165273
1.5220000000,-24.7510992019
1.5230000000,-28.7875199157
1.5240000000,-32.5630874331
1.5250000000,-36.0426798351
1.5260000000,-39.1937776838
1.5270000000,-41.9867751863
1.5280000000,-44.3952663295
1.5290000000,-46.3963031560
1.5300000000,-47.9706235927
1.5310000000,-49.1028464975
1.5320000000,-49.7816318805
1.5330000000,-49.9998045573
1.5340000000,-49.7544398229
1.5350000000,-49.0469100735
1.5360000000,-47.8828916603
1.5370000000,-46.2723316275
1.5380000000,-44.2293743557
1.5390000000,-41.7722485116
1.5400000000,-38.9231150784
1.5410000000,-35.7078776171
1.5420000000,-32.1559562703
1.5430000000,-28.3000273781
1.5440000000,-24.1757309135
1.5450000000,-19.8213482711
1.5460000000,-15.2774532391
1.5470000000,-10.5865392700
1.5480000000,-5.7926264092
1.5490000000,-0.9408514680
1.5500000000,3.9229547864
1.5510000000,8.7526994945
1.5520000000,13.5024645726
1.5530000000,18.1269444559
1.5540000000,22.5818805427
1.5550000000,26.8244881625
1.5560000000,30.8138719292
1.5570000000,34.5114254139
1.5580000000,37.8812111930
1.5590000000,40.8903174781
1.5600000000,43.5091877335
1.5610000000,45.7119199120
1.5620000000,47.4765322107
1.5630000000,48.7851925413
1.5640000000,49.6244092410
1.5650000000,49.9851809042
1.5660000000,49.8631035933
1.5670000000,49.2584340882
1.5680000000,48.1761082508
1.5690000000,46.6257140093
1.5700000000,44.6214189062
1.5710000000,42.1818525992
1.5720000000,39.3299451453
1.5730000000,36.0927223396
1.5740000000,32.5010598132
1.5750000000,28.5893980114
1.5760000000,24.3954205772
1.5770000000,19.9596990462
1.5780000000,15.3253071137
1.5790000000,10.5374080638
1.5800000000,5.6428192437
1.5810000000,0.6895577271
1.5820000000,-4.2736284712
1.5830000000,-9.1977390852
1.5840000000,-14.0340055152
1.5850000000,-18.7343752022
1.5860000000,-23.2519916479
1.5870000000,-27.5416652698
1.5880000000,-31.5603303365
1.5890000000,-35.2674833237
1.5900000000,-38.6255981839
1.5910000000,-41.6005142134
1.5920000000,-44.1617924418
1.5930000000,-46.2830367513
1.5940000000,-47.9421762559
1.5950000000,-49.1217058346
1.5960000000,-49.8088821063
1.5970000000,-49.9958725636
1.5980000000,-49.6798560362
1.5990000000,-48.8630731343
1.6000000000,-47.5528258148
1.6010000000,-45.7614257245
1.6020000000,-43.5060914928
1.6030000000,-40.8087956627
1.6040000000,-37.6960624733
1.6050000000,-34.1987182117
1.6060000000,-30.3515963549
1.6070000000,-26.1932002001
1.6080000000,-21.7653261387
1.6090000000,-17.1126511594
1.6100000000,-12.2822885596
1.6110000000,-7.3233162053
1.6120000000,-2.2862819952
1.6130000000,2.7773085415
1.6140000000,7.8155173614
1.6150000000,12.7765064110
1.6160000000,17.6090720744
1.6170000000,22.2631760545
1.6180000000,26.6904671728
1.6190000000,30.8447886186
1.6200000000,34.6826652906
1.6210000000,38.1637660335
1.6220000000,41.2513357922
1.6230000000,43.9125929841
1.6240000000,46.1190877076
1.6250000000,47.8470167866
1.6260000000,49.0774920644
1.6270000000,49.7967588246
1.6280000000,49.9963617132
1.6290000000,49.6732560658
1.6300000000,48.8298631032
1.6310000000,47.4740680330
1.6320000000,45.6191606931
1.6330000000,43.2837189736
1.6340000000,40.4914358602
1.6350000000,37.2708915457
1.6360000000,33.6552726490
1.6370000000,29.6820411589
1.6380000000,25.3925562719
1.6390000000,20.8316528220
1.6400000000,16.0471804904
1.6410000000,11.0895084332
1.6420000000,6.0110003729
1.6430000000,0.8654655529
1.6440000000,-4.2924087434
1.6450000000,-9.4076371658
1.6460000000,-14.4255226374
1.6470000000,-19.2922428216
1.6480000000,-23.9554304226
1.6490000000,-28.3647410443
1.6500000000,-32.4724024165
1.6510000000,-36.2337389489
1.6520000000,-39.6076657924
1.6530000000,-42.5571468703
1.6540000000,-45.0496116892
1.6550000000,-47.0573261438
1.6560000000,-48.5577129917
1.6570000000,-49.5336181871
1.6580000000,-49.9735198203
1.6590000000,-49.8716770099
1.6600000000,-49.2282167265
1.6610000000,-48.0491571904
1.6620000000,-46.3463671671
1.6630000000,-44.1374611777
1.6640000000,-41.4456313487
1.6650000000,-38.2994173201
1.6660000000,-34.7324163256
1.6670000000,-30.7829362323
1.6680000000,-26.4935949733
1.6690000000,-21.9108704303
1.6700000000,-17.0846053946
1.6710000000,-12.0674727717
1.6720000000,-6.9144066735
1.6730000000,-1.6820054621
1.6740000000,3.5720868309
1.6750000000,8.7898139967
1.6760000000,13.9133491212
1.6770000000,18.8857369647
1.6780000000,23.6515301084
1.6790000000,28.1574117446
1.6800000000,32.3527980785
1.6810000000,36.1904134842
1.6820000000,39.6268318086
1.6830000000,42.6229775452
1.6840000000,45.1445809998
1.6850000000,47.1625820442
1.6860000000,48.6534775855
1.6870000000,49.5996084795
1.6880000000,49.9893822606
1.6890000000,49.8174287615
1.6900000000,49.0846864273
1.6910000000,47.7984178976
1.6920000000,45.9721542195
1.6930000000,43.6255678566
1.6940000000,40.7842754714
1.6950000000,37.4795722603
1.6960000000,33.7481004147
1.6970000000,29.6314550513
1.6980000000,25.1757316921
1.6990000000,20.4310200741
1.7000000000,15.4508497187
1.7010000000,10.2915932821
1.7020000000,5.0118342413
1.7030000000,-0.3282940734
1.7040000000,-5.6677907057
1.7050000000,-10.9454828635
1.7060000000,-16.1007273634
1.7070000000,-21.0741096930
1.7080000000,-25.8081326215
1.7090000000,-30.2478863476
1.7100000000,-34.3416923272
1.7110000000,-38.0417131671
1.7120000000,-41.3045213054
1.7130000000,-44.0916196245
1.7140000000,-46.3699076456
1.7150000000,-48.1120875400
1.7160000000,-49.2970048484
1.7170000000,-49.9099195224
1.7180000000,-49.9427036805
1.7190000000,-49.3939633009
1.7200000000,-48.2690819417
1.7210000000,-46.5801854764
1.7220000000,-44.3460277528
1.7230000000,-41.5917980077
1.7240000000,-38.3488517992
1.7250000000,-34.6543681273
1.7260000000,-30.5509363057
1.7270000000,-26.0860770018
1.7280000000,-21.3117026720
1.7290000000,-16.2835233753
1.7300000000,-11.0604046395
1.7310000000,-5.7036846719
1.7320000000,-0.2764587449
1.7330000000,5.1571609672
1.7340000000,10.5328014664
1.7350000000,15.7865920399
1.7360000000,20.8559253616
1.7370000000,25.6802075061
1.7380000000,30.2015878589
1.7390000000,34.3656600792
1.7400000000,38.1221255506
1.7410000000,41.4254111426
1.7420000000,44.2352335910
1.7430000000,46.5171033872
1.7440000000,48.2427617450
1.7450000000,49.3905449648
1.7460000000,49.9456713528
1.7470000000,49.9004467467
1.7480000000,49.2543856564
1.7490000000,48.0142460219
1.7500000000,46.1939766256
1.7510000000,43.8145772437
1.7520000000,40.9038726837
1.7530000000,37.4962029062
1.7540000000,33.6320324682
1.7550000000,29.3574835304
1.7560000000,24.7237976336
1.7570000000,19.7867323575
1.7580000000,14.6058998152
1.7590000000,9.2440547001
1.7600000000,3.7663402764
1.7610000000,-1.7604987185
1.7620000000,-7.2689268180
1.7630000000,-12.6914424166
1.7640000000,-17.9614061608
1.7650000000,-23.0138629770
1.7660000000,-27.7863475739
1.7670000000,-32.2196633872
1.7680000000,-36.2586251865
1.7690000000,-39.8527559447
1.7700000000,-42.9569290637
1.7710000000,-45.5319476637
1.7720000000,-47.5450533635
1.7730000000,-48.9703577987
1.7740000000,-49.7891910344
1.7750000000,-49.9903620241
1.7760000000,-49.5703273238
1.7770000000,-48.5332653888
1.7780000000,-46.8910549398
1.7790000000,-44.6631570746
1.7800000000,-41.8764020021
1.7810000000,-38.5646824795
1.7820000000,-34.7685572181
1.7830000000,-30.5347686778
1.7840000000,-25.9156807798
1.7850000000,-20.9686431160
1.7860000000,-15.7552892054
1.7870000000,-10.3407772396
1.7880000000,-4.7929825432
1.7890000000,0.8183483457
1.7900000000,6.4224715100
1.7910000000,11.9485365120
1.7920000000,17.3264830844
1.7930000000,22.4879323125
1.7940000000,27.3670609492
1.7950000000,31.9014476387
1.7960000000,36.0328801028
1.7970000000,39.7081127575
1.7980000000,42.8795647901
1.7990000000,45.5059494114
1.8000000000,47.5528258148
1.8010000000,48.9930662987
1.8020000000,49.8072320492
1.8030000000,49.9838521979
1.8040000000,49.5196019810
1.8050000000,48.4193770916
1.8060000000,46.6962626327
1.8070000000,44.3713964279
1.8080000000,41.4737278105
1.8090000000,38.0396743672
1.8100000000,34.1126804555
1.8110000000,29.7426826100
1.8120000000,24.9854882017
1.8130000000,19.9020748811
1.8140000000,14.5578194256
1.8150000000,9.0216655880
1.8160000000,3.3652414079
1.8170000000,-2.3380628172
1.8180000000,-8.0140441112
1.8190000000,-13.5886517152
1.8200000000,-18.9889547761
1.8210000000,-24.1441001797
1.8220000000,-28.9862479173
1.8230000000,-33.4514715816
1.8240000000,-37.4806119532
1.8250000000,-41.0200721763
1.8260000000,-44.0225437028
1.8270000000,-46.4476530240
1.8280000000,-48.2625201820
1.8290000000,-49.4422211539
1.8300000000,-49.9701474177
1.8310000000,-49.8382573235
1.8320000000,-49.0472152863
1.8330000000,-47.6064162829
1.8340000000,-45.5338946346
1.8350000000,-42.8561175944
1.8360000000,-39.6076657924
1.8370000000,-35.8308041156
1.8380000000,-31.5749480868
1.8390000000,-26.8960322383
1.8400000000,-21.8557883325
1.8410000000,-16.5209425451
1.8420000000,-10.9623418751
1.8430000000,-5.2540210707
1.8440000000,0.5277777645
1.8450000000,6.3056199946
1.8460000000,12.0019142632
1.8470000000,17.5399554709
1.8480000000,22.8449609064
1.8490000000,27.8450855077
1.8500000000,32.4724024165
1.8510000000,36.6638353613
1.8520000000,40.3620299584
1.8530000000,43.5161517629
1.8540000000,46.0825998063
1.8550000000,48.0256254289
1.8560000000,49.3178474311
1.8570000000,49.9406559172
1.8580000000,49.8844986685
1.8590000000,49.1490454434
1.8600000000,47.7432272373
1.8610000000,45.6851492251
1.8620000000,43.0018778277
1.8630000000,39.7291040759
1.8640000000,35.9106871537
1.8650000000,31.5980836797
1.8660000000,26.8496698915
1.8670000000,21.7299654259
1.8680000000,16.3087688017
1.8690000000,10.6602160026
1.8700000000,4.8617746961
1.8710000000,-1.0068123946
1.8720000000,-6.8646206542
1.8730000000,-12.6306583555
1.8740000000,-18.2249877340
1.8750000000,-23.5698368413
1.8760000000,-28.5906866808
1.8770000000,-33.2173183667
1.8780000000,-37.3848054966
1.8790000000,-41.0344375924
1.8800000000,-44.1145613217
1.8810000000,-46.5813272768
1.8820000000,-48.3993313168
1.8830000000,-49.5421408842
1.8840000000,-49.9926982496
1.8850000000,-49.7435943107
1.8860000000,-48.7972083461
1.8870000000,-47.1657109754
1.8880000000,-44.8709294873
1.8890000000,-41.9440766256
1.8900000000,-38.4253458610
1.8910000000,-34.3633780804
1.8920000000,-29.8146064776
1.8930000000,-24.8424881976
1.8940000000,-19.5166329528
1.8950000000,-13.9118403586
1.8960000000,-8.1070591110
1.8970000000,-2.1842823328
1.8980000000,3.7726055808
1.8990000000,9.6790144911
1.9000000000,15.4508497187
1.9010000000,21.0057118834
1.9020000000,26.2640782467
1.9030000000,31.1504485691
1.9040000000,35.5944388851
1.9050000000,39.5318072348
1.9060000000,42.9053962522
1.9070000000,45.6659786066
1.9080000000,47.7729925909
1.9090000000,49.1951566440
1.9100000000,49.9109532639
1.9110000000,49.9089745851
1.9120000000,49.1881238363
1.9130000000,47.7576689401
1.9140000000,45.6371466277
1.9150000000,42.8561175944
1.9160000000,39.4537753859
1.9170000000,35.4784138447
1.9180000000,30.9867600324
1.9190000000,26.0431815478
1.9200000000,20.7187790497
1.9210000000,15.0903765352
1.9220000000,9.2394235074
1.9230000000,3.2508245412
1.9240000000,-2.7882870727
1.9250000000,-8.7898139967
1.9260000000,-14.6659795383
1.9270000000,-20.3306136587
1.9280000000,-25.7004214450
1.9290000000,-30.6962153233
1.9300000000,-35.2440926971
1.9310000000,-39.2765413747
1.9320000000,-42.7334560941
1.9330000000,-45.5630506532
1.9340000000,-47.7226515908
1.9350000000,-49.1793610168
1.9360000000,-49.9105780475
1.9370000000,-49.9043703206
1.9380000000,-49.1596892324
1.9390000000,-47.6864248159
1.9400000000,-45.5052985342
1.9410000000,-42.6475946597
1.9420000000,-39.1547333217
1.9430000000,-35.0776906812
1.9440000000,-30.4762740116
1.9450000000,-25.4182616806
1.9460000000,-19.9784201178
1.9470000000,-14.2374117715
1.9480000000,-8.2806097863
1.9490000000,-2.1968366375
1.9500000000,3.9229547864
1.9510000000,9.9870381735
1.9520000000,15.9042886660
1.9530000000,21.5855550400
1.9540000000,26.9450085026
1.9550000000,31.9014476387
1.9560000000,36.3795395633
1.9570000000,40.3109781677
1.9580000000,43.6355414761
1.9590000000,46.3020315367
1.9600000000,48.2690819417
1.9610000000,49.5058199827
1.9620000000,49.9923725689
1.9630000000,49.7202073391
1.9640000000,48.6923028536
1.9650000000,46.9231443117
1.9660000000,44.4385438850
1.9670000000,41.2752874223
1.9680000000,37.4806119532
1.9690000000,33.1115210330
1.9700000000,28.2339475033
1.9710000000,22.9217756446
1.9720000000,17.2557369359
1.9730000000,11.3221956717
1.9740000000,5.2118424864
1.9750000000,-0.9816846230
1.9760000000,-7.1632309437
1.9770000000,-13.2375855908
1.9780000000,-19.1109495768
1.9790000000,-24.6923887643
1.9800000000,-29.8952491529
1.9810000000,-34.6385123774
1.9820000000,-38.8480700838
1.9830000000,-42.4578969619
1.9840000000,-45.4111036596
1.9850000000,-47.6608525457
1.9860000000,-49.1711213121
1.9870000000,-49.9173016798
1.9880000000,-49.8866229591
1.9890000000,-49.0783928856
1.9900000000,-47.5040509550
1.9910000000,-45.1870323865
1.9920000000,-42.1624437949
1.9930000000,-38.4765546114
1.9940000000,-34.1861112104
1.9950000000,-29.3574835304
1.9960000000,-24.0656566740
1.9970000000,-18.3930824933
1.9980000000,-12.4284084726
1.9990000000,-6.2651032650
2.0000000000,-0.0000000000
2.0010000000,6.2682200853
2.0020000000,12.4405800475
2.0030000000,18.4193713037
2.0040000000,24.1097046502
2.0050000000,29.4210235700
2.0060000000,34.2685556023
2.0070000000,38.5746783723
2.0080000000,42.2701780918
2.0090000000,45.2953799022
2.0100000000,47.6011313473
2.0110000000,49.1496224812
2.0120000000,49.9150286241
2.0130000000,49.8839645187
2.0140000000,49.0557415920
2.0150000000,47.4424231228
2.0160000000,45.0686753269
2.0170000000,41.9714156335
2.0180000000,38.1992626938
2.0190000000,33.8117958830
2.0200000000,28.8786351711
2.0210000000,23.4783552081
2.0220000000,17.6972502280
2.0230000000,11.6279688969
2.0240000000,5.3680404517
2.0250000000,-0.9816846230
2.0260000000,-7.3186546038
2.0270000000,-13.5402712978
2.0280000000,-19.5455529218
2.0290000000,-25.2367781346
2.0300000000,-30.5210843991
2.0310000000,-35.3119944244
2.0320000000,-39.5308454383
2.0330000000,-43.1080974661
2.0340000000,-45.9844986125
2.0350000000,-48.1120875400
2.0360000000,-49.4550158727
2.0370000000,-49.9901760928
2.0380000000,-49.7076235915
2.0390000000,-48.6107848423
2.0400000000,-46.7164471228
2.0410000000,-44.0545287751
2.0420000000,-40.6676325970
2.0430000000,-36.6103885469
2.0440000000,-31.9485954539
2.0450000000,-26.7581748091
2.0460000000,-21.1239528937
2.0470000000,-15.1382904481
2.0480000000,-8.8995817281
2.0490000000,-2.5106470954
2.0500000000,3.9229547864
2.0510000000,10.2946675847
2.0520000000,16.4987021373
2.0530000000,22.4317962936
2.0540000000,27.9949404500
2.0550000000,33.0950398577
2.0560000000,37.6464856535
2.0570000000,41.5726079069
2.0580000000,44.8069857841
2.0590000000,47.2945921573
2.0600000000,48.9927526192
2.0610000000,49.8719018445
2.0620000000,49.9161235335
2.0630000000,49.1234637176
2.0640000000,47.5060109545
2.0650000000,45.0897408188
2.0660000000,41.9141260486
2.0670000000,38.0315176662
2.0680000000,33.5063062915
2.0690000000,28.4138766318
2.0700000000,22.8393717167
2.0710000000,16.8762867649
2.0720000000,10.6249155828
2.0730000000,4.1906750396
2.0740000000,-2.3176646084
2.0750000000,-8.7898139967
2.0760000000,-15.1158327035
2.0770000000,-21.1879994731
2.0780000000,-26.9026527775
2.0790000000,-32.1619701868
2.0800000000,-36.8756558679
2.0810000000,-40.9625069060
2.0820000000,-44.3518310351
2.0830000000,-46.9846907328
2.0840000000,-48.8149514546
2.0850000000,-49.8101150036
2.0860000000,-49.9519225993
2.0870000000,-49.2367160723
2.0880000000,-47.6755496973
2.0890000000,-45.2940494256
2.0900000000,-42.1320206080
2.0910000000,-38.2428096473
2.0920000000,-33.6924292984
2.0930000000,-28.5584614822
2.0940000000,-22.9287554126
2.0950000000,-16.8999424909
2.0960000000,-10.5757927311
2.0970000000,-4.0654403829
2.0980000000,2.5184911385
2.0990000000,9.0618329690
2.1000000000,15.4508497187
2.1010000000,21.5742193421
2.1020000000,27.3249794649
2.1030000000,32.6024060511
2.1040000000,37.3137912627
2.1050000000,41.3760889195
2.1060000000,44.7173980928
2.1070000000,47.2782580127
2.1080000000,49.0127306140
2.1090000000,49.8892506270
2.1100000000,49.8912270729
2.1110000000,49.0173842981
2.1120000000,47.2818351903
2.1130000000,44.7138838896
2.1140000000,41.3575600612
2.1150000000,37.2708915457
2.1160000000,32.5249268639
2.1170000000,27.2025235492
2.1180000000,21.3969225196
2.1190000000,15.2101326159
2.1200000000,8.7511529488
2.1210000000,2.1340637422
2.1220000000,-4.5239811133
2.1230000000,-11.1048246329
2.1240000000,-17.4914039321
2.1250000000,-23.5698368413
2.1260000000,-29.2314607006
2.1270000000,-34.3747867175
2.1280000000,-38.9073345573
2.1290000000,-42.7473137569
2.1300000000,-45.8251210953
2.1310000000,-48.0846261554
2.1320000000,-49.4842209441
2.1330000000,-49.9976135240
2.1340000000,-49.6143500820
2.1350000000,-48.3400546538
2.1360000000,-46.1963807317
2.1370000000,-43.2206741444
2.1380000000,-39.4653517929
2.1390000000,-34.9970059891
2.1400000000,-29.8952491529
2.1410000000,-24.2513184132
2.1420000000,-18.1664641190
2.1430000000,-11.7501503277
2.1440000000,-5.1180989179
2.1450000000,1.6097879963
2.1460000000,8.3115902523
2.1470000000,14.8655775645
2.1480000000,21.1524232598
2.1490000000,27.0573835457
2.1500000000,32.4724024165
2.1510000000,37.2981034218
2.1520000000,41.4456313487
2.1530000000,44.8383093942
2.1540000000,47.4130805683
2.1550000000,49.1217058346
2.1560000000,49.9316957869
2.1570000000,49.8269574100
2.1580000000,48.8081425966
2.1590000000,46.8926904912
2.1600000000,44.1145613217
2.1610000000,40.5236650453
2.1620000000,36.1849937813
2.1630000000,31.1774725260
2.1640000000,25.5925479306
2.1650000000,19.5325398900
2.1660000000,13.1087852222
2.1670000000,6.4396067496
2.1680000000,-0.3518554731
2.1690000000,-7.1399112594
2.1700000000,-13.7986441324
2.1710000000,-20.2042490144
2.1720000000,-26.2373403576
2.1730000000,-31.7851875995
2.1740000000,-36.7438359211
2.1750000000,-41.0200721763
2.1760000000,-44.5331985092
2.1770000000,-47.2165795501
2.1780000000,-49.0189331073
2.1790000000,-49.9053389009
2.1800000000,-49.8579450130
2.1810000000,-48.8763572787
2.1820000000,-46.9777027097
2.1830000000,-44.1963641125
2.1840000000,-40.5833892321
2.1850000000,-36.2055839011
2.1860000000,-31.1443046850
2.1870000000,-25.4939722735
2.1880000000,-19.3603322696
2.1890000000,-12.8584949571
2.1900000000,-6.1107899970
2.1910000000,0.7555242792
2.1920000000,7.6106543204
2.1930000000,14.3247226919
2.1940000000,20.7702310682
2.1950000000,26.8244881625
2.1960000000,32.3719562608
2.1970000000,37.3064713012
2.1980000000,41.5332935846
2.1990000000,44.9709491760
2.2000000000,47.5528258148
2.2010000000,49.2284916277
2.2020000000,49.9647100519
2.2030000000,49.7461300303
2.2040000000,48.5756366405
2.2050000000,46.4743537402
2.2060000000,43.4812968384
2.2070000000,39.6526811138
2.2080000000,35.0608961568
2.2090000000,29.7931654939
2.2100000000,23.9499151322
2.2110000000,17.6428811120
2.2120000000,10.9929912682
2.2130000000,4.1280609706
2.2140000000,-2.8196535599
2.2150000000,-9.7159977483
2.2160000000,-16.4275082360
2.2170000000,-22.8239995855
2.2180000000,-28.7810979448
2.2190000000,-34.1826722287
2.2200000000,-38.9231150784
2.2210000000,-42.9094285018
2.2220000000,-46.0630726350
2.2230000000,-48.3215404371
2.2240000000,-49.6396262607
2.2250000000,-49.9903620241
2.2260000000,-49.3656010572
2.2270000000,-47.7762364618
2.2280000000,-45.2520479082
2.2290000000,-41.8411780301
2.2300000000,-37.6092468532
2.2310000000,-32.6381198430
2.2320000000,-27.0243520549
2.2330000000,-20.8773373683
2.2340000000,-14.3171977576
2.2350000000,-7.4724528801
2.2360000000,-0.4775148242
2.2370000000,6.5299434287
2.2380000000,13.4116944942
2.2390000000,20.0316849183
2.2400000000,26.2587314981
2.2410000000,31.9691320606
2.2420000000,37.0491385501
2.2430000000,41.3972427053
2.2440000000,44.9262280400
2.2450000000,47.5649462160
2.2460000000,49.2597811347
2.2470000000,49.9757700798
2.2480000000,49.6973578993
2.2490000000,48.4287673914
2.2500000000,46.1939766256
2.2510000000,43.0363017286
2.2520000000,39.0175915434
2.2530000000,34.2170483773
2.2540000000,28.7296966258
2.2550000000,22.6645282451
2.2560000000,16.1423606966
2.2570000000,9.2934489712
2.2580000000,2.2548984794
2.2590000000,-4.8320701256
2.2600000000,-11.8249498512
2.2610000000,-18.5828134511
2.2620000000,-24.9691590749
2.2630000000,-30.8546779416
2.2640000000,-36.1198877450
2.2650000000,-40.6575778882
2.2660000000,-44.3750161458
2.2670000000,-47.1958708963
2.2680000000,-49.0618085710
2.2690000000,-49.9337323293
2.2700000000,-49.7926350603
2.2710000000,-48.6400475025
2.2720000000,-46.4980704002
2.2730000000,-43.4089880252
2.2740000000,-39.4344689145
2.2750000000,-34.6543681273
2.2760000000,-29.1651535474
2.2770000000,-23.0779865701
2.2780000000,-16.5164947569
2.2790000000,-9.6142805635
2.2800000000,-2.5122159090
2.2810000000,4.6444229714
2.2820000000,11.7089223539
2.2830000000,18.5361390821
2.2840000000,24.9854882017
2.2850000000,30.9238485977
2.2860000000,36.2283263935
2.2870000000,40.7888184620
2.2880000000,44.5103221959
2.2890000000,47.3149426201
2.2900000000,49.1435539066
2.2910000000,49.9570792600
2.2920000000,49.7373608414
2.2930000000,48.4875997343
2.2940000000,46.2323547627
2.2950000000,43.0170980689
2.2960000000,38.9073345573
2.2970000000,33.9873014241
2.2980000000,28.3582728245
2.2990000000,22.1365031006
2.3000000000,15.4508497187
2.3010000000,8.4401239846
2.3020000000,1.2502235613
2.3030000000,-5.9688943137
2.3040000000,-13.0663363528
2.3050000000,-19.8934285434
2.3060000000,-26.3068372982
2.3070000000,-32.1715908026
2.3080000000,-37.3639366534
2.3090000000,-41.7739749671
2.3100000000,-45.3080105111
2.3110000000,-47.8905730144
2.3120000000,-49.4660615155
2.3130000000,-49.9999762883
2.3140000000,-49.4797103859
2.3150000000,-47.9148819901
2.3160000000,-45.3371983564
2.3170000000,-41.7998520062
2.3180000000,-37.3764597300
2.3190000000,-32.1595647155
2.3200000000,-26.2587314981
2.3210000000,-19.7982722462
2.3220000000,-12.9146509436
2.3230000000,-5.7536191453
2.3240000000,1.5328570015
2.3250000000,8.7898139967
2.3260000000,15.8625845763
2.3270000000,22.6000977272
2.3280000000,28.8581146806
2.3290000000,34.5023314056
2.3300000000,39.4112805995
2.3310000000,43.4789700861
2.3320000000,46.6171998344
2.3330000000,48.7575063825
2.3340000000,49.8526911665
2.3350000000,49.8778979530
2.3360000000,48.8312140815
2.3370000000,46.7337803301
2.3380000000,43.6294047253
2.3390000000,39.5836862841
2.3400000000,34.6826652906
2.3410000000,29.0310270279
2.3420000000,22.7498956907
2.3430000000,15.9742642773
2.3440000000,8.8501143960
2.3450000000,1.5312869427
2.3460000000,-5.8238296488
2.3470000000,-13.0557225544
2.3480000000,-20.0072152585
2.3490000000,-26.5268907316
2.3500000000,-32.4724024165
2.3510000000,-37.7136003807
2.3520000000,-42.1354036241
2.3530000000,-45.6403546862
2.3540000000,-48.1507992835
2.3550000000,-49.6106415901
2.3560000000,-49.9866347824
2.3570000000,-49.2691764260
2.3580000000,-47.4725889640
2.3590000000,-44.6348767532
2.3600000000,-40.8169625359
2.3610000000,-36.1014176925
2.3620000000,-30.5907118282
2.3630000000,-24.4050179672
2.3640000000,-17.6796196176
2.3650000000,-10.5619750012
2.3660000000,-3.2085016107
2.3670000000,4.2188492175
2.3680000000,11.5561530056
2.3690000000,18.6411299966
2.3700000000,25.3167403677
2.3710000000,31.4346770506
2.3720000000,36.8586782454
2.3730000000,41.4675852901
2.3740000000,45.1580767975
2.3750000000,47.8470167866
2.3760000000,49.4733627880
2.3770000000,49.9995894003
2.3780000000,49.4125933364
2.3790000000,47.7240573729
2.3800000000,44.9702625783
2.3810000000,41.2113504615
2.3820000000,36.5300489930
2.3830000000,31.0298885292
2.3840000000,24.8329452355
2.3850000000,18.0771604053
2.3860000000,10.9132938496
2.3870000000,3.5015780684
2.3880000000,-3.9918529963
2.3890000000,-11.3986813543
2.3900000000,-18.5521855119
2.3910000000,-25.2909992997
2.3920000000,-31.4627641407
2.3930000000,-36.9275918598
2.3940000000,-41.5612589669
2.3950000000,-45.2580589817
2.3960000000,-47.9332467114
2.3970000000,-49.5250172696
2.3980000000,-49.9959728607
2.3990000000,-49.3340417162
2.4000000000,-47.5528258148
2.4010000000,-44.6913668668
2.4020000000,-40.8133332173
2.4030000000,-36.0056435123
2.4040000000,-30.3765558903
2.4050000000,-24.0532637965
2.4060000000,-17.1790510002
2.4070000000,-9.9100687411
2.4080000000,-2.4118069088
2.4090000000,5.1446614564
2.4100000000,12.5865774334
2.4110000000,19.7434466497
2.4120000000,26.4509525583
2.4130000000,32.5547426193
2.4140000000,37.9139998730
2.4150000000,42.4047168553
2.4160000000,45.9225952055
2.4170000000,48.3855025182
2.4180000000,49.7354278292
2.4190000000,49.9398883678
2.4200000000,48.9927526192
2.4210000000,46.9144580356
2.4220000000,43.7516156115
2.4230000000,39.5760076839
2.4240000000,34.4829994023
2.4250000000,28.5893980114
2.4260000000,22.0308070791
2.4270000000,14.9585347821
2.4280000000,7.5361260346
2.4290000000,-0.0644026316
2.4300000000,-7.6665391868
2.4310000000,-15.0933716021
2.4320000000,-22.1717078269
2.4330000000,-28.7361242735
2.4340000000,-34.6328479856
2.4350000000,-39.7233810526
2.4360000000,-43.8877813664
2.4370000000,-47.0275214037
2.4380000000,-49.0678561812
2.4390000000,-49.9596426714
2.4400000000,-49.6805655260
2.4410000000,-48.2357376563
2.4420000000,-45.6576587404
2.4430000000,-42.0055297394
2.4440000000,-37.3639366534
2.4450000000,-31.8409316764
2.4460000000,-25.5655542665
2.4470000000,-18.6848480927
2.4480000000,-11.3604420168
2.4490000000,-3.7647739410
2.4500000000,3.9229547864
2.4510000000,11.5209998677
2.4520000000,18.8493702712
2.4530000000,25.7340986583
2.4540000000,32.0113845906
2.4550000000,37.5315115674
2.4560000000,42.1624437949
2.4570000000,45.7930157113
2.4580000000,48.3356365238
2.4590000000,49.7284431589
2.4600000000,49.9368478303
2.4610000000,48.9544405881
2.4620000000,46.8032224142
2.4630000000,43.5331602994
2.4640000000,39.2210719150
2.4650000000,33.9688635832
2.4660000000,27.9011608723
2.4670000000,21.1623859157
2.4680000000,13.9133491212
2.4690000000,6.3274349544
2.4700000000,-1.4135283385
2.4710000000,-9.1236171247
2.4720000000,-16.6172751878
2.4730000000,-23.7137839245
2.4740000000,-30.2416321820
2.4750000000,-36.0426798351
2.4760000000,-40.9760136322
2.4770000000,-44.9214007406
2.4780000000,-47.7822546635
2.4790000000,-49.4880395589
2.4800000000,-49.9960522102
2.4810000000,-49.2925356797
2.4820000000,-47.3930946510
2.4830000000,-44.3423992788
2.4840000000,-40.2131815899
2.4850000000,-35.1045457164
2.4860000000,-29.1396300614
2.4870000000,-22.4626754933
2.4880000000,-15.2355684314
2.4890000000,-7.6339408686
2.4900000000,0.1570793743
2.4910000000,7.9473658264
2.4920000000,15.5464290529
2.4930000000,22.7680779634
2.4940000000,29.4349926422
2.4950000000,35.3830961704
2.4960000000,40.4656172626
2.4970000000,44.5567425681
2.4980000000,47.5547670503
2.4990000000,49.3846627321
2.5000000000,50.0000000000
2.5010000000,49.3841712787
2.5020000000,47.5508838283
2.5030000000,44.5439062893
2.5040000000,40.4360719545
2.5050000000,35.3275601393
2.5060000000,29.3434949952
2.5070000000,22.6309182196
2.5080000000,15.3552079232
2.5090000000,7.6960300285
2.5100000000,-0.1570793743
2.5110000000,-8.0093926110
2.5120000000,-15.6658147956
2.5130000000,-22.9357346149
2.5140000000,-29.6377808753
2.5150000000,-35.6043658846
2.5160000000,-40.6859014425
2.5170000000,-44.7545807962
2.5180000000,-47.7076302079
2.5190000000,-49.4699465417
2.5200000000,-49.9960522102
2.5210000000,-49.2713155577
2.5220000000,-47.3124028977
2.5230000000,-44.1669475179
2.5240000000,-39.9124405446
2.5250000000,-34.6543681273
2.5260000000,-28.5236384815
2.5270000000,-21.6733604138
2.5280000000,-14.2750516022
2.5290000000,-6.5143696776
2.5300000000,1.4135283385
2.5310000000,9.3088827571
2.5320000000,16.9723615640
2.5330000000,24.2100978292
2.5340000000,30.8386068022
2.5350000000,36.6894577074
2.5360000000,41.6135808233
2.5370000000,45.4850990684
2.5380000000,48.2045848139
2.5390000000,49.7016567323
2.5400000000,49.9368478303
2.5410000000,48.9026939993
2.5420000000,46.6240120026
2.5430000000,43.1573563099
2.5440000000,38.5896650727
2.5450000000,33.0361262781
2.5460000000,26.6373151923
2.5470000000,19.5556730886
2.5480000000,11.9714144637
2.5490000000,4.0779650172
2.5500000000,-3.9229547864
2.5510000000,-11.8264760809
2.5520000000,-19.4298268623
2.5530000000,-26.5375419194
2.5540000000,-32.9665034230
2.5550000000,-38.5506818355
2.5560000000,-43.1454538552
2.5570000000,-46.6313843738
2.5580000000,-48.9173726699
2.5590000000,-49.9430789526
2.5600000000,-49.6805655260
2.5610000000,-48.1351068014
2.5620000000,-45.3451436455
2.5630000000,-41.3813795716
2.5640000000,-36.3450384917
2.5650000000,-30.3653255828
2.5660000000,-23.5961536958
2.5670000000,-16.2122171240
2.5680000000,-8.4045119138
2.5690000000,-0.3754167947
2.5700000000,7.6665391868
2.5710000000,15.5120874441
2.5720000000,22.9566688255
2.5730000000,29.8057788668
2.5740000000,35.8800693901
2.5750000000,41.0200721763
2.5760000000,45.0904196389
2.5770000000,47.9834499542
2.5780000000,49.6220996502
2.5790000000,49.9620048375
2.5800000000,48.9927526192
2.5810000000,46.7382462211
2.5820000000,43.2561704788
2.5830000000,38.6365678933
2.5840000000,32.9995589135
2.5850000000,26.4922628029
2.5860000000,19.2849967854
2.5870000000,11.5668505900
2.5880000000,3.5407504761
2.5890000000,-4.5818591199
2.5900000000,-12.5865774334
2.5910000000,-20.2617066903
2.5920000000,-27.4038595608
2.5930000000,-33.8233660373
2.5940000000,-39.3493355938
2.5950000000,-43.8342389090
2.5960000000,-47.1578855053
2.5970000000,-49.2306890889
2.5980000000,-49.9961307702
2.5990000000,-49.4323512387
2.6000000000,-47.5528258148
2.6010000000,-44.4061005124
2.6020000000,-40.0745921793
2.6030000000,-34.6724807755
2.6040000000,-28.3427462424
2.6050000000,-21.2534255406
2.6060000000,-13.5931866760
2.6070000000,-5.5663352992
2.6080000000,2.6126147534
2.6090000000,10.7246632644
2.6100000000,18.5521855119
2.6110000000,25.8847774207
2.6120000000,32.5249268639
2.6130000000,38.2933578792
2.6140000000,43.0339026089
2.6150000000,46.6177677681
2.6160000000,48.9470781075
2.6170000000,49.9575982535
2.6180000000,49.6205560050
2.6190000000,47.9435140552
2.6200000000,44.9702625783
2.6210000000,40.7797314745
2.6220000000,35.4839476106
2.6230000000,29.2250883999
2.6240000000,22.1717078269
2.6250000000,14.5142338627
2.6260000000,6.4598564956
2.6270000000,-1.7730572414
2.6280000000,-9.9608713218
2.6290000000,-17.8807523954
2.6300000000,-25.3167403677
2.6310000000,-32.0656523958
2.6320000000,-37.9426585366
2.6330000000,-42.7863754463
2.6340000000,-46.4633369455
2.6350000000,-48.8717166066
2.6360000000,-49.9441973752
2.6370000000,-49.6499060834
2.6380000000,-47.9953559368
2.6390000000,-45.0243669902
2.6400000000,-40.8169625359
2.6410000000,-35.4872674499
2.6420000000,-29.1804621129
2.6430000000,-22.0688717673
2.6440000000,-14.3472953735
2.6450000000,-6.2276994962
2.6460000000,2.0665791239
2.6470000000,10.3069643885
2.6480000000,18.2659371460
2.6490000000,25.7233236761
2.6500000000,32.4724024165
2.6510000000,38.3256591697
2.6520000000,43.1200299328
2.6530000000,46.7214839096
2.6540000000,49.0288168436
2.6550000000,49.9765461021
2.6560000000,49.5368233657
2.6570000000,47.7203076786
2.6580000000,44.5759702697
2.6590000000,40.1898321563
2.6600000000,34.6826652906
2.6610000000,28.2067170669
2.6620000000,20.9415455527
2.6630000000,13.0890780780
2.6640000000,4.8680280695
2.6650000000,-3.4921763682
2.6660000000,-11.7577842108
2.6670000000,-19.6972558988
2.6680000000,-27.0877577767
2.6690000000,-33.7214342397
2.6700000000,-39.4112805995
2.6710000000,-43.9964500317
2.6720000000,-47.3468430750
2.6730000000,-49.3668475994
2.6740000000,-49.9981204443
2.6750000000,-49.2213284045
2.6760000000,-47.0567951932
2.6770000000,-43.5640316282
2.6780000000,-38.8401577205
2.6790000000,-33.0172567101
2.6800000000,-26.2587314981
2.6810000000,-18.7547625085
2.6820000000,-10.7169919482
2.6830000000,-2.3725819725
2.6840000000,6.0421872597
2.6850000000,14.2885997869
2.6860000000,22.1322776154
2.6870000000,29.3498538548
2.6880000000,35.7353549474
2.6890000000,41.1061090830
2.6900000000,45.3080105111
2.6910000000,48.2199870062
2.6920000000,49.7575397479
2.6930000000,49.8752507368
2.6940000000,48.5681818750
2.6950000000,45.8721211717
2.6960000000,41.8626643247
2.6970000000,36.6531532313
2.6980000000,30.3915258559
2.6990000000,23.2561633743
2.7000000000,15.4508497187
2.7010000000,7.1989847015
2.7020000000,-1.2627859632
2.7030000000,-9.6913428560
2.7040000000,-17.8440739309
2.7050000000,-25.4858641943
2.7060000000,-32.3958924863
2.7070000000,-38.3740384695
2.7080000000,-43.2467132398
2.7090000000,-46.8719427347
2.7100000000,-49.1435539066
2.7110000000,-49.9943388771
2.7120000000,-49.3981012919
2.7130000000,-47.3705210383
2.7140000000,-43.9688074553
2.7150000000,-39.2901461935
2.7160000000,-33.4689799503
2.7170000000,-26.6731973981
2.7180000000,-19.0993367449
2.7190000000,-10.9669395603
2.7200000000,-2.5122159090
2.7210000000,6.0187973175
2.7220000000,14.3773873254
2.7230000000,22.3194180759
2.7240000000,29.6124731931
2.7250000000,36.0426798351
2.7260000000,41.4210125833
2.7270000000,45.5888906688
2.7280000000,48.4229016800
2.7290000000,49.8385097131
2.7300000000,49.7926350603
2.7310000000,48.2850251340
2.7320000000,45.3583714723
2.7330000000,41.0971643369
2.7340000000,35.6253135354
2.7350000000,29.1026005757
2.7360000000,21.7200620233
2.7370000000,13.6944359318
2.7380000000,5.2618315057
2.7390000000,-3.3291941394
2.7400000000,-11.8249498512
2.7410000000,-19.9741001662
2.7420000000,-27.5351098770
2.7430000000,-34.2834227210
2.7440000000,-40.0181603090
2.7450000000,-44.5681406324
2.7460000000,-47.7970347417
2.7470000000,-49.6075049397
2.7480000000,-49.9441973752
2.7490000000,-48.7954954143
2.7500000000,-46.1939766256
2.7510000000,-42.2155545795
2.7520000000,-36.9773257946
2.7530000000,-30.6341809045
2.7540000000,-23.3742763054
2.7550000000,-15.4134970551
2.7560000000,-6.9890725842
2.7570000000,1.6474671031
2.7580000000,10.2377864209
2.7590000000,18.5244675609
2.7600000000,26.2587314981
2.7610000000,33.2079249000
2.7620000000,39.1625471425
2.7630000000,43.9426043932
2.7640000000,47.4030969666
2.7650000000,49.4384713351
2.7660000000,49.9858985773
2.7670000000,49.0272757758
2.7680000000,46.5898849178
2.7690000000,42.7456840764
2.7700000000,37.6092468532
2.7710000000,31.3344070090
2.7720000000,24.1097046502
2.7730000000,16.1527670795
2.7740000000,7.7037903209
2.7750000000,-0.9816846230
2.7760000000,-9.6404844141
2.7770000000,-18.0097726956
2.7780000000,-25.8350349706
2.7790000000,-32.8778363282
2.7800000000,-38.9231150783
2.7810000000,-43.7857883834
2.7820000000,-47.3164658932
2.7830000000,-49.4060936396
2.7840000000,-49.9893822606
2.7850000000,-49.0469100735
2.7860000000,-46.6058314982
2.7870000000,-42.7391636669
2.7880000000,-37.5636674396
2.7890000000,-31.2363821737
2.7900000000,-23.9499151322
2.7910000000,-15.9266250825
2.7920000000,-7.4118742266
2.7930000000,1.3334479654
2.7940000000,10.0409021255
2.7950000000,18.4427341908
2.7960000000,26.2801160040
2.7970000000,33.3111375350
2.7980000000,39.3183034228
2.7990000000,44.1153006800
2.8000000000,47.5528258148
2.8010000000,49.5232877009
2.8020000000,49.9642364231
2.8030000000,48.8604070454
2.8040000000,46.2443096091
2.8050000000,42.1953413876
2.8060000000,36.8374431216
2.8070000000,30.3353662308
2.8080000000,22.8896614297
2.8090000000,14.7305394078
2.8100000000,6.1107899970
2.8110000000,-2.7020235945
2.8120000000,-11.4338553353
2.8130000000,-19.8126953483
2.8140000000,-27.5770526443
2.8150000000,-34.4841368513
2.8160000000,-40.3174823555
2.8170000000,-44.8937745039
2.8180000000,-48.0686613607
2.8190000000,-49.7413652462
2.8200000000,-49.8579450130
2.8210000000,-48.4131015993
2.8220000000,-45.4504645787
2.8230000000,-41.0613448002
2.8240000000,-35.3819863049
2.8250000000,-28.5893980114
2.8260000000,-20.8958906909
2.8270000000,-12.5424860641
2.8280000000,-3.7914011361
2.8290000000,5.0821590437
2.8300000000,13.7986441324
2.8310000000,22.0829657719
2.8320000000,29.6731919714
2.8330000000,36.3288534677
2.8340000000,41.8385979401
2.8350000000,46.0269473835
2.8360000000,48.7599412190
2.8370000000,49.9494820317
2.8380000000,49.5562411270
2.8390000000,47.5910261398
2.8400000000,44.1145613217
2.8410000000,39.2356813420
2.8420000000,33.1079898917
2.8430000000,25.9250834651
2.8440000000,17.9144868418
2.8450000000,9.3304885135
2.8460000000,0.4461002382
2.8470000000,-8.4556061202
2.8480000000,-17.0905102723
2.8490000000,-25.1825171171
2.8500000000,-32.4724024165
2.8510000000,-38.7261466297
2.8520000000,-43.7424881016
2.8530000000,-47.3594505902
2.8540000000,-49.4596318922
2.8550000000,-49.9740791071
2.8560000000,-48.8846206761
2.8570000000,-46.2245743248
2.8580000000,-42.0778019030
2.8590000000,-36.5761351708
2.8600000000,-29.8952491529
2.8610000000,-22.2491100525
2.8620000000,-13.8831712611
2.8630000000,-5.0665321826
2.8640000000,3.9166909391
2.8650000000,12.7765064110
2.8660000000,21.2264071027
2.8670000000,28.9926470800
2.8680000000,35.8231341898
2.8690000000,41.4956490080
2.8700000000,45.8251210953
2.8710000000,48.6697228733
2.8720000000,49.9355787443
2.8730000000,49.5799311585
2.8740000000,47.6126547861
2.8750000000,44.0960632174
2.8760000000,39.1430079533
2.8770000000,32.9133250969
2.8780000000,25.6087392800
2.8790000000,17.4663851931
2.8800000000,8.7511529488
2.8810000000,-0.2528971303
2.8820000000,-9.2517731721
2.8830000000,-17.9511441093
2.8840000000,-26.0659730377
2.8850000000,-33.3298761382
2.8860000000,-39.5038992983
2.8870000000,-44.3844222879
2.8880000000,-47.8099276846
2.8890000000,-49.6664078566
2.8900000000,-49.8912270729
2.8910000000,-48.4753058154
2.8920000000,-45.4635490057
2.8930000000,-40.9534973681
2.8940000000,-35.0922396349
2.8950000000,-28.0716808497
2.8960000000,-20.1223167221
2.8970000000,-11.5057140175
2.8980000000,-2.5059406398
2.8990000000,6.5797750938
2.9000000000,15.4508497187
2.9010000000,23.8132913985
2.9020000000,31.3894590396
2.9030000000,37.9273093308
2.9040000000,43.2088228337
2.9050000000,47.0573261438
2.9060000000,49.3434625717
2.9070000000,49.9896076419
2.9080000000,48.9725765669
2.9090000000,46.3245270641
2.9100000000,42.1320206080
2.9110000000,36.5332664720
2.9120000000,29.7136336791
2.9130000000,21.8995742173
2.9140000000,13.3511546151
2.9150000000,4.3534404014
2.9160000000,-4.7929825432
2.9170000000,-13.7820355626
2.9180000000,-22.3123897489
2.9190000000,-30.0975807388
2.9200000000,-36.8756558679
2.9210000000,-42.4180279615
2.9220000000,-46.5372352546
2.9230000000,-49.0933423857
2.9240000000,-49.9987619619
2.9250000000,-49.2213284045
2.9260000000,-46.7855139332
2.9270000000,-42.7717387097
2.9280000000,-37.3137912627
2.9290000000,-30.5944391989
2.9300000000,-22.8393717167
2.9310000000,-14.3096724700
2.9320000000,-5.2930719454
2.9330000000,3.9057290575
2.9340000000,12.9753404866
2.9350000000,21.6082223446
2.9360000000,29.5111256586
2.9370000000,36.4150802848
2.9380000000,42.0845885481
2.9390000000,46.3257092107
2.9400000000,48.9927526192
2.9410000000,49.9933539310
2.9420000000,49.2917455433
2.9430000000,46.9101104524
2.9440000000,42.9279632119
2.9450000000,37.4795722603
2.9460000000,30.7495043523
2.9470000000,22.9664363795
2.9480000000,14.3954397728
2.9490000000,5.3289958671
2.9500000000,-3.9229547864
2.9510000000,-13.0435917260
2.9520000000,-21.7200620233
2.9530000000,-29.6542245950
2.9540000000,-36.5729220211
2.9550000000,-42.2374251214
2.9560000000,-46.4517224353
2.9570000000,-49.0693650571
2.9580000000,-49.9986257626
2.9590000000,-49.2057883914
2.9600000000,-46.7164471228
2.9610000000,-42.6147634258
2.9620000000,-37.0406987602
2.9630000000,-30.1853111316
2.9640000000,-22.2842709372
2.9650000000,-13.6098138322
2.9660000000,-4.4614034217
2.9670000000,4.8445775237
2.9680000000,13.9857535525
2.9690000000,22.6449239615
2.9700000000,30.5210843991
2.9710000000,37.3399192487
2.9720000000,42.8633981179
2.9730000000,46.8981393208
2.9740000000,49.3022446917
2.9750000000,49.9903620241
2.9760000000,48.9367921452
2.9770000000,46.1765250425
2.9780000000,41.8041612368
2.9790000000,35.9707482698
2.9800000000,28.8786351711
2.9810000000,20.7745175381
2.9820000000,11.9409099382
2.9830000000,2.6863384514
2.9840000000,-6.6654077031
2.9850000000,-15.7865920399
2.9860000000,-24.3570192241
2.9870000000,-32.0752932994
2.9880000000,-38.6694493317
2.9890000000,-43.9065823794
2.9900000000,-47.6011313473
2.9910000000,-49.6215211506
2.9920000000,-49.8949231689
2.9930000000,-48.4099592660
2.9940000000,-45.2172464426
2.9950000000,-40.4277549722
2.9960000000,-34.2090299934
2.9970000000,-26.7794022734
2.9980000000,-18.4003855310
2.9990000000,-9.3675227515
3.0000000000,-0.0000000000
3.0010000000,9.3706086979
3.0020000000,18.4120694468
3.0030000000,26.8032750827
3.0040000000,34.2456719516
3.0050000000,40.4739195132
3.0060000000,45.2654009357
3.0070000000,48.4482420847
3.0080000000,49.9075479434
3.0090000000,49.5896277617
3.0100000000,47.5040509550
3.0110000000,43.7234524903
3.0120000000,38.3810864960
3.0130000000,31.6662072738
3.0140000000,23.8174349027
3.0150000000,15.1143354011
3.0160000000,5.8675103188
3.0170000000,-3.5924547061
3.0180000000,-12.9267904868
3.0190000000,-21.8006734256
3.0200000000,-29.8952491529
3.0210000000,-36.9191184881
3.0220000000,-42.6188710113
3.0230000000,-46.7882840006
3.0240000000,-49.2758508789
3.0250000000,-49.9903620241
3.0260000000,-48.9043297897
3.0270000000,-46.0551264228
3.0280000000,-41.5437855235
3.0290000000,-35.5315018410
3.0300000000,-28.2339475033
3.0310000000,-19.9136022312
3.0320000000,-10.8703677779
3.0330000000,-1.4308001072
3.0340000000,8.0636556756
3.0350000000,17.2690048325
3.0360000000,25.8511714851
3.0370000000,33.4981440466
3.0380000000,39.9313553523
3.0390000000,44.9158811668
3.0400000000,48.2690819417
3.0410000000,49.8673677451
3.0420000000,49.6508332629
3.0430000000,47.6255863007
3.0440000000,43.8636765676
3.0450000000,38.5006186775
3.0460000000,31.7305911180
3.0470000000,23.7994781903
3.0480000000,14.9960014957
3.0490000000,5.6412584799
3.0500000000,-3.9229547864
3.0510000000,-13.3466132730
3.0520000000,-22.2842709372
3.0530000000,-30.4077384444
3.0540000000,-37.4181649438
3.0550000000,-43.0570780841
3.0560000000,-47.1159728442
3.0570000000,-49.4440913787
3.0580000000,-49.9541011253
3.0590000000,-48.6254545655
3.0600000000,-45.5052985342
3.0610000000,-40.7068907574
3.0620000000,-34.4055730882
3.0630000000,-26.8324413204
3.0640000000,-18.2659371460
3.0650000000,-9.0216655880
3.0660000000,0.5591918346
3.0670000000,10.1224444072
3.0680000000,19.3139780734
3.0690000000,27.7928767556
3.0700000000,35.2440926971
3.0710000000,41.3901940576
3.0720000000,46.0017502629
3.0730000000,48.9059643735
3.0740000000,49.9932252618
3.0750000000,49.2213284045
3.0760000000,46.6171998344
3.0770000000,42.2760501147
3.0780000000,36.3579807000
3.0790000000,29.0821601723
3.0800000000,20.7187790497
3.0810000000,11.5790757157
3.0820000000,2.0037993464
3.0830000000,-7.6494642925
3.0840000000,-17.0196339539
3.0850000000,-25.7556437453
3.0860000000,-33.5296180611
3.0870000000,-40.0492154461
3.0880000000,-45.0686753269
3.0890000000,-48.3981482838
3.0900000000,-49.9109532639
3.0910000000,-49.5484815668
3.0920000000,-47.3225547825
3.0930000000,-43.3151388868
3.0940000000,-37.6754158759
3.0950000000,-30.6143139193
3.0960000000,-22.3966932880
3.0970000000,-13.3314746102
3.0980000000,-3.7600749125
3.0990000000,5.9564176182
3.1000000000,15.4508497187
3.1010000000,24.3638779917
3.1020000000,32.3575883906
3.1030000000,39.1283434199
3.1040000000,44.4183673319
3.1050000000,48.0256254289
3.1060000000,49.8116164703
3.1070000000,49.7067748624
3.1080000000,47.7132688775
3.1090000000,43.9050792949
3.1100000000,38.4253458610
3.1110000000,31.4810729591
3.1120000000,23.3353868846
3.1130000000,14.2976312755
3.1140000000,4.7116709291
3.1150000000,-5.0571558259
3.1160000000,-14.6359425658
3.1170000000,-23.6584495357
3.1180000000,-31.7791244588
3.1190000000,-38.6863720366
3.1200000000,-44.1145613217
3.1210000000,-47.8543063914
3.1220000000,-49.7606200293
3.1230000000,-49.7586200809
3.1240000000,-47.8465607849
3.1250000000,-44.0960632174
3.1260000000,-38.6495261464
3.1270000000,-31.7148069898
3.1280000000,-23.5573680312
3.1290000000,-14.4901814963
3.1300000000,-4.8617746961
3.1310000000,4.9571302406
3.1320000000,14.5878713964
3.1330000000,23.6584495357
3.1340000000,31.8179150030
3.1350000000,38.7499820357
3.1360000000,44.1853410658
3.1370000000,47.9121878013
3.1380000000,49.7845549709
3.1390000000,49.7281160818
3.1400000000,47.7432272373
3.1410000000,43.9050792949
3.1420000000,38.3609443541
3.1430000000,31.3246134219
3.1440000000,23.0682317378
3.1450000000,13.9118403586
3.1460000000,4.2110231919
3.1470000000,-5.6568658669
3.1480000000,-15.3073637232
3.1490000000,-24.3638779917
3.1500000000,-32.4724024165
3.1510000000,-39.3153921190
3.1520000000,-44.6242534585
3.1530000000,-48.1899552263
3.1540000000,-49.8713393889
3.1550000000,-49.6007979420
3.1560000000,-47.3870842806
3.1570000000,-43.3151388868
3.1580000000,-37.5429257918
3.1590000000,-30.2953936050
3.1600000000,-21.8557883325
3.1610000000,-12.5546502419
3.1620000000,-2.7569194848
3.1630000000,7.1523486220
3.1640000000,16.7831009516
3.1650000000,25.7556437453
3.1660000000,33.7156349150
3.1670000000,40.3481186871
3.1680000000,45.3900451870
3.1690000000,48.6407751333
3.1700000000,49.9701474177
3.1710000000,49.3237820242
3.1720000000,46.7253988282
3.1730000000,42.2760501147
3.1740000000,36.1502865468
3.1750000000,28.5893980114
3.1760000000,19.8919874184
3.1770000000,10.4022424841
3.1780000000,0.4963634861
3.1790000000,-9.4323198412
3.1800000000,-18.9889547761
3.1810000000,-27.7928767555
3.1820000000,-35.4927998149
3.1830000000,-41.7808791400
3.1840000000,-46.4050810560
3.1850000000,-49.1793610168
3.1860000000,-49.9912356526
3.1870000000,-48.8064373713
3.1880000000,-45.6704553797
3.1890000000,-40.7068907574
3.1900000000,-34.1126804555
3.1910000000,-26.1503707370
3.1920000000,-17.1377395706
3.1930000000,-7.4351750305
3.1940000000,2.5686915346
3.1950000000,12.4725266910
3.1960000000,21.8783900900
3.1970000000,30.4077384444
3.1980000000,37.7166941890
3.1990000000,43.5099616863
3.2000000000,47.5528258148
3.2010000000,49.6807427759
3.2020000000,49.8061280786
3.2030000000,47.9220581703
3.2040000000,44.1027256691
3.2050000000,38.5006186775
3.2060000000,31.3405269958
3.2070000000,22.9106068394
3.2080000000,13.5508556851
3.2090000000,3.6394552024
3.2100000000,-6.4224715100
3.2110000000,-16.2270756386
3.2120000000,-25.3763166149
3.2130000000,-33.4981440466
3.2140000000,-40.2616689384
3.2150000000,-45.3907039588
3.2160000000,-48.6751163550
3.2170000000,-49.9795239178
3.2180000000,-49.2489707334
3.2190000000,-46.5113410941
3.2200000000,-41.8764020021
3.2210000000,-35.5315018410
3.2220000000,-27.7340894528
3.2230000000,-18.8013484357
3.2240000000,-9.0973606133
3.2250000000,0.9816846230
3.2260000000,11.0236363213
3.2270000000,20.6172266239
3.2280000000,29.3689260879
3.2290000000,36.9191184881
3.2300000000,42.9569290637
3.2310000000,47.2330927904
3.2320000000,49.5703273238
3.2330000000,49.8707757027
3.2340000000,48.1202027018
3.2350000000,44.3887610874
3.2360000000,38.8282845757
3.2370000000,31.6662072738
3.2380000000,23.1963489076
3.2390000000,13.7669354344
3.2400000000,3.7663402764
3.2410000000,-6.3928724727
3.2420000000,-16.2909489832
3.2430000000,-25.5182910749
3.2440000000,-33.6924292984
3.2450000000,-40.4739195132
3.2460000000,-45.5805005583
3.2470000000,-48.7989200739
3.2480000000,-49.9939299213
3.2490000000,-49.1140681743
3.2500000000,-46.1939766256
3.2510000000,-41.3531457748
3.2520000000,-34.7911274343
3.2530000000,-26.7794022734
3.2540000000,-17.6502296845
3.2550000000,-7.7829344131
3.2560000000,2.4118069088
3.2570000000,12.5090304926
3.2580000000,22.0871935484
3.2590000000,30.7457883329
3.2600000000,38.1221255506
3.2610000000,43.9065823794
3.2620000000,47.8556718463
3.2630000000,49.8023789513
3.2640000000,49.6633212671
3.2650000000,47.4424231228
3.2660000000,43.2309375168
3.2670000000,37.2038025632
3.2680000000,29.6124731931
3.2690000000,20.7745175381
3.2700000000,11.0604046395
3.2710000000,0.8780300134
3.2720000000,-9.3443769754
3.2730000000,-19.1762492421
3.2740000000,-28.2028260021
3.2750000000,-36.0426798351
3.2760000000,-42.3638849583
3.2770000000,-46.8981393208
3.2780000000,-49.4522368894
3.2790000000,-49.9163961524
3.2800000000,-48.2690819417
3.2810000000,-44.5781047015
3.2820000000,-38.9979381847
3.2830000000,-31.7633566239
3.2840000000,-23.1796489386
3.2850000000,-13.6098138322
3.2860000000,-3.4592694427
3.2870000000,6.8412810664
3.2880000000,16.8541056491
3.2890000000,26.1530483531
3.2900000000,34.3416923272
3.2910000000,41.0703057655
3.2920000000,46.0508445112
3.2930000000,49.0693650571
3.2940000000,49.9953096425
3.2950000000,48.7872565829
3.2960000000,45.4948783917
3.2970000000,40.2570113603
3.2980000000,33.2959062223
3.2990000000,24.9078932632
3.3000000000,15.4508497187
3.3010000000,5.3289958671
3.3020000000,-5.0243371645
3.3030000000,-15.1652353039
3.3040000000,-24.6582340673
3.3050000000,-33.0950398577
3.3060000000,-40.1121343345
3.3070000000,-45.4065010397
3.3080000000,-48.7487912899
3.3090000000,-49.9933539310
3.3100000000,-49.0846864273
3.3110000000,-46.0600173087
3.3120000000,-41.0478957540
3.3130000000,-34.2628359575
3.3140000000,-25.9962345092
3.3150000000,-16.6039409457
3.3160000000,-6.4910078459
3.3170000000,3.9057290575
3.3180000000,14.1364937817
3.3190000000,23.7580244777
3.3200000000,32.3527980785
3.3210000000,39.5471906727
3.3220000000,45.0277819918
3.3230000000,48.5550898998
3.3240000000,49.9741296555
3.3250000000,49.2213284045
3.3260000000,46.3274820877
3.3270000000,41.4166130020
3.3280000000,34.7007642487
3.3290000000,26.4709445215
3.3300000000,17.0846053946
3.3310000000,6.9501860615
3.3320000000,-3.4906094061
3.3330000000,-13.7820355626
3.3340000000,-23.4741945507
3.3350000000,-32.1427228614
3.3360000000,-39.4074137018
3.3370000000,-44.9489560402
3.3380000000,-48.5230507325
3.3390000000,-49.9712762554
3.3400000000,-49.2282167265
3.3410000000,-46.3245270641
3.3420000000,-41.3857873252
3.3430000000,-34.6271827392
3.3440000000,-26.3442296602
3.3450000000,-16.8999424909
3.3460000000,-6.7089948579
3.3470000000,3.7804371275
3.3480000000,14.1063568500
3.3490000000,23.8132913985
3.3500000000,32.4724024165
3.3510000000,39.7004748475
3.3520000000,45.1769409625
3.3530000000,48.6581806580
3.3540000000,49.9884565601
3.3550000000,49.1069889421
3.3560000000,46.0508445112
3.3570000000,40.9534973681
3.3580000000,34.0391117970
3.3590000000,25.6127865488
3.3600000000,16.0471804904
3.3610000000,5.7661018570
3.3620000000,-4.7742194520
3.3630000000,-15.1053512736
3.3640000000,-24.7674754533
3.3650000000,-33.3298761382
3.3660000000,-40.4101862856
3.3670000000,-45.6915304143
3.3680000000,-48.9367921452
3.3690000000,-49.9993604263
3.3700000000,-48.8298631032
3.3710000000,-45.4785739079
3.3720000000,-40.0933711710
3.3730000000,-32.9133250969
3.3740000000,-24.2581864172
3.3750000000,-14.5142338627
3.3760000000,-4.1171028356
3.3770000000,6.4676445727
3.3780000000,16.7653438078
3.3790000000,26.3135159995
3.3800000000,34.6826652906
3.3810000000,41.4956490080
3.3820000000,46.4447449264
3.3830000000,49.3056401526
3.3840000000,49.9477017954
3.3850000000,48.3400546538
3.3860000000,44.5531783641
3.3870000000,38.7559374458
3.3880000000,31.2081634893
3.3890000000,22.2491100525
3.3900000000,12.2822885596
3.3910000000,1.7573590703
3.3920000000,-8.8501143960
3.3930000000,-19.0601345350
3.3940000000,-28.4099989778
3.3950000000,-36.4753022287
3.3960000000,-42.8892566682
3.3970000000,-47.3594505902
3.3980000000,-49.6812742313
3.3990000000,-49.7473931767
3.4000000000,-47.5528258148
3.4010000000,-43.1953797489
3.4020000000,-36.8714123356
3.4030000000,-28.8670932927
3.4040000000,-19.5455529218
3.4050000000,-9.3304885135
3.4060000000,1.3130347656
3.4070000000,11.8997213532
3.4080000000,21.9461621724
3.4090000000,30.9929235411
3.4100000000,38.6255981839
3.4110000000,44.4938520586
3.4120000000,48.3275887718
3.4130000000,49.9494820317
3.4140000000,49.2832901801
3.4150000000,46.3575580222
3.4160000000,41.3045213054
3.4170000000,34.3542487288
3.4180000000,25.8242752543
3.4190000000,16.1051886741
3.4200000000,5.6428192437
3.4210000000,-5.0821590437
3.4220000000,-15.5762847242
3.4230000000,-25.3560119723
3.4240000000,-33.9700161998
3.4250000000,-41.0200721763
3.4260000000,-46.1795366710
3.4270000000,-49.2085745649
3.4280000000,-49.9654145775
3.4290000000,-48.4131015993
3.4300000000,-44.6214189062
3.4310000000,-38.7638758504
3.4320000000,-31.1098847373
3.4330000000,-22.0124739816
3.4340000000,-11.8920928970
3.4350000000,-1.2172468824
3.4360000000,9.5171483228
3.4370000000,19.8126953483
3.4380000000,29.1906655194
3.4390000000,37.2142951377
3.4400000000,43.5091877335
3.4410000000,47.7808665551
3.4420000000,49.8286506914
3.4430000000,49.5551964504
3.4440000000,46.9712452721
3.4450000000,42.1953413876
3.4460000000,35.4485163856
3.4470000000,27.0441729511
3.4480000000,17.3736253046
3.4490000000,6.8879587177
3.4500000000,-3.9229547864
3.4510000000,-14.5533111340
3.4520000000,-24.5050346136
3.4530000000,-33.3111375350
3.4540000000,-40.5576826236
3.4550000000,-45.9033130909
3.4560000000,-49.0954256502
3.4570000000,-49.9822160025
3.4580000000,-48.5200174626
3.4590000000,-44.7755726231
3.4600000000,-38.9231150784
3.4610000000,-31.2363821737
3.4620000000,-22.0759190419
3.4630000000,-11.8722575382
3.4640000000,-1.1057504620
3.4650000000,9.7159977483
3.4660000000,20.0820456307
3.4670000000,29.5022488711
3.4680000000,37.5304736884
3.4690000000,43.7857883833
3.4700000000,47.9706235927
3.4710000000,49.8850315875
3.4720000000,49.4363565727
3.4730000000,46.6438429748
3.4740000000,41.6379471015
3.4750000000,34.6543681273
3.4760000000,26.0230652407
3.4770000000,16.1527670795
3.4780000000,5.5116958238
3.4790000000,-5.3945888793
3.4800000000,-16.0471804904
3.4810000000,-25.9385136976
3.4820000000,-34.5965756484
3.4830000000,-41.6074842218
3.4840000000,-46.6353508906
3.4850000000,-49.4384713351
3.4860000000,-49.8810588412
3.4870000000,-47.9399456440
3.4880000000,-43.7059159070
3.4890000000,-37.3795896692
3.4900000000,-29.2620377013
3.4910000000,-19.7405603119
3.4920000000,-9.2702965730
3.4930000000,1.6474671031
3.4940000000,12.4892584815
3.4950000000,22.7345077267
3.4960000000,31.8905605702
3.4970000000,39.5164138088
3.4980000000,45.2440275163
3.4990000000,48.7961807315
3.5000000000,50.0000000000
3.5010000000,48.7954954143
3.5020000000,45.2386770159
3.5030000000,39.4990842704
3.5040000000,31.8518303520
3.5050000000,22.6645282451
3.5060000000,12.3797143301
3.5070000000,1.4936050830
3.5080000000,-9.4677970102
3.5090000000,-19.9741001662
3.5100000000,-29.5161974678
3.5110000000,-37.6309753360
3.5120000000,-43.9238553913
3.5130000000,-48.0880694612
3.5140000000,-49.9197219949
3.5150000000,-49.3278952486
3.5160000000,-46.3392907503
3.5170000000,-41.0971643369
3.5180000000,-33.8545887761
3.5190000000,-24.9623542246
3.5200000000,-14.8520790789
3.5210000000,-4.0153392857
3.5220000000,7.0201786995
3.5230000000,17.7163472176
3.5240000000,27.5508416781
3.5250000000,36.0426798351
3.5260000000,42.7758058420
3.5270000000,47.4195598721
3.5280000000,49.7450221995
3.5290000000,49.6364188762
3.5300000000,47.0970150354
3.5310000000,42.2491898957
3.5320000000,35.3286717147
3.5330000000,26.6731973982
3.5340000000,16.7061361341
3.5350000000,5.9158657634
3.5360000000,-5.1680977720
3.5370000000,-16.0010542328
3.5380000000,-26.0498856986
3.5390000000,-34.8193208887
3.5400000000,-41.8764020021
3.5410000000,-46.8719427347
3.5420000000,-49.5579100663
3.5430000000,-49.7998596261
3.5440000000,-47.5837954522
3.5450000000,-43.0170980689
3.5460000000,-36.3234566668
3.5470000000,-27.8320374387
3.5480000000,-17.9614061608
3.5490000000,-7.1989847015
3.5500000000,3.9229547864
3.5510000000,14.8535789692
3.5520000000,25.0507691755
3.5530000000,34.0080337303
3.5540000000,41.2797196509
3.5550000000,46.5032661720
3.5560000000,49.4173850058
3.5570000000,49.8752507368
3.5580000000,47.8520296887
3.5590000000,43.4463550123
3.5600000000,36.8756558679
3.5610000000,28.4655545538
3.5620000000,18.6338420363
3.5630000000,7.8698147088
3.5640000000,-3.2900103551
3.5650000000,-14.2885997869
3.5660000000,-24.5762007759
3.5670000000,-33.6378437585
3.5680000000,-41.0191739936
3.5690000000,-46.3493137301
3.5700000000,-49.3596006997
3.5710000000,-49.8972511516
3.5720000000,-47.9332467114
3.5730000000,-43.5640316282
3.5740000000,-37.0069162087
3.5750000000,-28.5893980114
3.5760000000,-18.7329188273
3.5770000000,-7.9318571655
3.5780000000,3.2712014162
3.5790000000,14.3126826274
3.5800000000,24.6363670774
3.5810000000,33.7214342397
3.5820000000,41.1087917158
3.5830000000,46.4243561597
3.5840000000,49.3981012919
3.5850000000,49.8778979530
3.5860000000,47.8374308344
3.5870000000,43.3777734620
3.5880000000,36.7225223658
3.5890000000,28.2067170669
3.5900000000,18.2600880946
3.5910000000,7.3854646595
3.5920000000,-3.8665779424
3.5930000000,-14.9255564407
3.5940000000,-25.2299976850
3.5950000000,-34.2559712680
3.5960000000,-41.5437855235
3.5970000000,-46.7214839096
3.5980000000,-49.5239366557
3.5990000000,-49.8065424362
3.6000000000,-47.5528258148
3.6010000000,-42.8755247088
3.6020000000,-36.0110926078
3.6030000000,-27.3078759711
3.6040000000,-17.2085510276
3.6050000000,-6.2276994962
3.6060000000,5.0743456757
3.6070000000,16.1200586765
3.6080000000,26.3442296602
3.6090000000,35.2229165309
3.6100000000,42.3003552834
3.6110000000,47.2124437832
3.6120000000,49.7055845811
3.6130000000,49.6499060834
3.6140000000,47.0461664294
3.6150000000,42.0259663668
3.6160000000,34.8452398975
3.6170000000,25.8713369613
3.6180000000,15.5643431930
3.6190000000,4.4535807128
3.6200000000,-6.8895145342
3.6210000000,-17.8807523954
3.6220000000,-27.9532782923
3.6230000000,-36.5868433234
3.6240000000,-43.3347416010
3.6250000000,-47.8470167866
3.6260000000,-49.8887275553
3.6270000000,-49.3523128299
3.6280000000,-46.2633993878
3.6290000000,-40.7797314745
3.6300000000,-33.1832570716
3.6310000000,-23.8657601435
3.6320000000,-13.3087641495
3.6330000000,-2.0587318281
3.6340000000,9.3011659789
3.6350000000,20.1812570055
3.6360000000,30.0159864624
3.6370000000,38.2933578792
3.6380000000,44.5816612079
3.6390000000,48.5520892052
3.6400000000,49.9960522102
3.6410000000,48.8362733822
3.6420000000,45.1310673798
3.6430000000,39.0715588320
3.6440000000,30.9719644922
3.6450000000,21.2534255406
3.6460000000,10.4222151564
3.6470000000,-0.9565566034
3.6480000000,-12.2883791290
3.6490000000,-22.9803881012
3.6500000000,-32.4724024165
3.6510000000,-40.2663255230
3.6520000000,-45.9523654426
3.6530000000,-49.2306890889
3.6540000000,-49.9273611203
3.6550000000,-48.0037135209
3.6560000000,-43.5586341103
3.6570000000,-36.8236324920
3.6580000000,-28.1509212132
3.6590000000,-17.9951182116
3.6600000000,-6.8895145342
3.6610000000,4.5818591199
3.6620000000,15.8149077318
3.6630000000,26.2172801426
3.6640000000,35.2396356001
3.6650000000,42.4047168553
3.6660000000,47.3326879851
3.6670000000,49.7613870302
3.6680000000,49.5604076058
3.6690000000,46.7382462211
3.6700000000,41.4421163452
3.6710000000,33.9504171598
3.6720000000,24.6582340673
3.6730000000,14.0566187432
3.6740000000,2.7067290854
3.6750000000,-8.7898139967
3.6760000000,-19.8227903564
3.6770000000,-29.8057788668
3.6780000000,-38.2073697332
3.6790000000,-44.5795274360
3.6800000000,-48.5815866457
3.6810000000,-49.9985906024
3.6820000000,-48.7529782875
3.6830000000,-44.9089777099
3.6840000000,-38.6694493317
3.6850000000,-30.3653255828
3.6860000000,-20.4381881858
3.6870000000,-9.4168934480
3.6880000000,2.1105230323
3.6890000000,13.5281740533
3.6900000000,24.2252145422
3.6910000000,33.6285452957
3.6920000000,41.2335747077
3.6930000000,46.6313843738
3.6940000000,49.5308314680
3.6950000000,49.7743872529
3.6960000000,47.3468430750
3.6970000000,42.3763951850
3.6980000000,35.1280275020
3.6990000000,25.9895252224
3.7000000000,15.4508497187
3.7010000000,4.0779650172
3.7020000000,-7.5174912788
3.7030000000,-18.7110709863
3.7040000000,-28.8991483651
3.7050000000,-37.5315115674
3.7060000000,-44.1411507829
3.7070000000,-48.3696265461
3.7080000000,-49.9866347824
3.7090000000,-48.9026939993
3.7100000000,-45.1742482217
3.7110000000,-39.0008871701
3.7120000000,-30.7148108866
3.7130000000,-20.7630865417
3.7140000000,-9.6836376996
3.7150000000,1.9237505541
3.7160000000,13.4298523324
3.7170000000,24.2100978292
3.7180000000,33.6784995432
3.7190000000,41.3195638610
3.7200000000,46.7164471228
3.7210000000,49.5738135280
3.7220000000,49.7341352274
3.7230000000,47.1865276851
3.7240000000,42.0676169519
3.7250000000,34.6543681273
3.7260000000,25.3492425066
3.7270000000,14.6584708375
3.7280000000,3.1646087263
3.7290000000,-8.5051433387
3.7300000000,-19.7131362171
3.7310000000,-29.8461218857
3.7320000000,-38.3488517992
3.7330000000,-44.7545807962
3.7340000000,-48.7107966100
3.7350000000,-49.9987508834
3.7360000000,-48.5457025465
3.7370000000,-44.4291804750
3.7380000000,-37.8730080397
3.7390000000,-29.2352837348
3.7400000000,-18.9889547761
3.7410000000,-7.6960300285
3.7420000000,4.0231678509
3.7430000000,15.5240332710
3.7440000000,26.1731271827
3.7450000000,35.3830961704
3.7460000000,42.6451346526
3.7470000000,47.5571925388
3.7480000000,49.8463592661
3.7490000000,49.3841712787
3.7500000000,46.1939766256
3.7510000000,40.4499264079
3.7520000000,32.4676243885
3.7530000000,22.6869277718
3.7540000000,11.6478283977
3.7550000000,-0.0392699041
3.7560000000,-11.7272469396
3.7570000000,-22.7680779634
3.7580000000,-32.5487810742
3.7590000000,-40.5255052336
3.7600000000,-46.2538603417
3.7610000000,-49.4137930826
3.7620000000,-49.8276096556
3.7630000000,-47.4701229121
3.7640000000,-42.4703362290
3.7650000000,-35.1045457164
3.7660000000,-25.7812200838
3.7670000000,-15.0184770852
3.7680000000,-3.4153912023
3.7690000000,8.3812842851
3.7700000000,19.7131362171
3.7710000000,29.9468473768
3.7720000000,38.5096370603
3.7730000000,44.9214007406
3.7740000000,48.8217410412
3.7750000000,49.9903620241
3.7760000000,48.3596652740
3.7770000000,44.0188192934
3.7780000000,37.2090493095
3.7790000000,28.3103862612
3.7800000000,17.8205939357
3.7810000000,6.3274349544
3.7820000000,-5.5241854367
3.7830000000,-17.0683655900
3.7840000000,-27.6556201795
3.7850000000,-36.6894577074
3.7860000000,-43.6600609129
3.7870000000,-48.1731643564
3.7880000000,-49.9724876455
3.7890000000,-48.9544405881
3.7900000000,-45.1742482217
3.7910000000,-38.8431251443
3.7920000000,-30.3166328773
3.7930000000,-20.0748527283
3.7940000000,-8.6954715624
3.7950000000,3.1787174221
3.7960000000,14.8760755651
3.7970000000,25.7340986583
3.7980000000,35.1369689231
3.7990000000,42.5505490111
3.8000000000,47.5528258148
3.8010000000,49.8580633115
3.8020000000,49.3332749414
3.8030000000,46.0060576143
3.8040000000,40.0633171898
3.8050000000,31.8409316764
3.8060000000,21.8049141968
3.8070000000,10.5251235963
3.8080000000,-1.3570013808
3.8090000000,-13.1648628078
3.8100000000,-24.2252145422
3.8110000000,-33.9065725337
3.8120000000,-41.6553318614
3.8130000000,-47.0275214037
3.8140000000,-49.7143692697
3.8150000000,-49.5601997465
3.8160000000,-46.5716161122
3.8170000000,-40.9174188059
3.8180000000,-32.9192370501
3.8190000000,-23.0333839472
3.8200000000,-11.8249498512
3.8210000000,0.0644026316
3.8220000000,11.9531123148
3.8230000000,23.1587693449
3.8240000000,33.0373053490
3.8250000000,41.0200721763
3.8260000000,46.6466713678
3.8270000000,49.5916336947
3.8280000000,49.6833956400
3.8290000000,46.9144580356
3.8300000000,41.4421163452
3.8310000000,33.5796935300
3.8320000000,23.7787539742
3.8330000000,12.6032990150
3.8340000000,0.6974109532
3.8350000000,-11.2518041658
3.8360000000,-22.5538467511
3.8370000000,-32.5547426193
3.8380000000,-40.6749420622
3.8390000000,-46.4429995177
3.8400000000,-49.5230712848
3.8410000000,-49.7346203213
3.8420000000,-47.0631635347
3.8430000000,-41.6614126427
3.8440000000,-33.8407150091
3.8450000000,-24.0532637965
3.8460000000,-12.8660846209
3.8470000000,-0.9282872928
3.8480000000,11.0665320818
3.8490000000,22.4205648363
3.8500000000,32.4724024165
3.8510000000,40.6356234897
3.8520000000,46.4331010768
3.8530000000,49.5250172696
3.8540000000,49.7289334064
3.8550000000,47.0307217325
3.8560000000,41.5856942212
3.8570000000,33.7098347583
3.8580000000,23.8616191098
3.8590000000,12.6154592199
3.8600000000,0.6283019942
3.8610000000,-11.3986813543
3.8620000000,-22.7610852309
3.8630000000,-32.7925441904
3.8640000000,-40.9038726837
3.8650000000,-46.6177677681
3.8660000000,-49.5970252650
3.8670000000,-49.6645939313
3.8680000000,-46.8142661957
3.8690000000,-41.2113504615
3.8700000000,-33.1832570716
3.8710000000,-23.2005233848
3.8720000000,-11.8493681252
3.8730000000,0.2026321715
3.8740000000,12.2457410736
3.8750000000,23.5698368413
3.8760000000,33.5063062915
3.8770000000,41.4675852901
3.8780000000,46.9820039590
3.8790000000,49.7218643181
3.8800000000,49.5230712848
3.8810000000,46.3951319909
3.8820000000,40.5209044629
3.8830000000,32.2460816263
3.8840000000,22.0590046680
3.8850000000,10.5619750012
3.8860000000,-1.5642578566
3.8870000000,-13.6007446756
3.8880000000,-24.8329452355
3.8890000000,-34.5931733236
3.8900000000,-42.3003552834
3.8910000000,-47.4947307139
3.8920000000,-49.8654169068
3.8930000000,-49.2691764260
3.8940000000,-45.7392455466
3.8950000000,-39.4836696324
3.8960000000,-30.8732151689
3.8970000000,-20.4195500469
3.8980000000,-8.7449666795
3.8990000000,3.4545683301
3.9000000000,15.4508497187
3.9010000000,26.5268907316
3.9020000000,36.0198093123
3.9030000000,43.3605762512
3.9040000000,48.1082375327
3.9050000000,49.9765461021
3.9060000000,48.8513862107
3.9070000000,44.7979200665
3.9080000000,38.0569993782
3.9090000000,29.0310270279
3.9100000000,18.2600880946
3.9110000000,6.3897566519
3.9120000000,-5.8675103188
3.9130000000,-17.7750886371
3.9140000000,-28.6164541427
3.9150000000,-37.7383414650
3.9160000000,-44.5901923349
3.9170000000,-48.7575063825
3.9180000000,-49.9870670332
3.9190000000,-48.2024984406
3.9200000000,-43.5091877335
3.9210000000,-36.1882457102
3.9220000000,-26.6798401458
3.9230000000,-15.5568792366
3.9240000000,-3.4906094061
3.9250000000,8.7898139967
3.9260000000,20.5413529909
3.9270000000,31.0520542940
3.9280000000,39.6842359629
3.9290000000,45.9132705878
3.9300000000,49.3596006997
3.9310000000,49.8120249289
3.9320000000,47.2408169403
3.9330000000,41.7998520062
3.9340000000,33.8175813773
3.9350000000,23.7773721720
3.9360000000,12.2883791290
3.9370000000,0.0486946784
3.9380000000,-12.1970002667
3.9390000000,-23.7027200397
3.9400000000,-33.7666404060
3.9410000000,-41.7739749671
3.9420000000,-47.2346384596
3.9430000000,-49.8133832618
3.9440000000,-49.3505475514
3.9450000000,-45.8721211717
3.9460000000,-39.5884841396
3.9470000000,-30.8818635290
3.9480000000,-20.2832450747
3.9490000000,-8.4401239846
3.9500000000,3.9229547864
3.9510000000,16.0486681810
3.9520000000,27.1932970275
3.9530000000,36.6723784599
3.9540000000,43.9028243432
3.9550000000,48.4389091477
3.9560000000,49.9998989353
3.9570000000,48.4875997343
3.9580000000,43.9927180214
3.9590000000,36.7896109337
3.9600000000,27.3197173367
3.9610000000,16.1646591320
3.9620000000,4.0106420990
3.9630000000,-8.3936725857
3.9640000000,-20.2832450747
3.9650000000,-30.9238485977
3.9660000000,-39.6574648919
3.9670000000,-45.9430734653
3.9680000000,-49.3903004323
3.9690000000,-49.7838260408
3.9700000000,-47.0970150354
3.9710000000,-41.4938962540
3.9720000000,-33.3193367098
3.9730000000,-23.0779865701
3.9740000000,-11.4032696027
3.9750000000,0.9816846230
3.9760000000,13.3087641495
3.9770000000,24.8124919875
3.9780000000,34.7775869522
3.9790000000,42.5835114212
3.9800000000,47.7432272373
3.9810000000,49.9337323293
3.9820000000,49.0164544320
3.9830000000,45.0462037996
3.9840000000,38.2680955661
3.9850000000,29.1026005757
3.9860000000,18.1196245677
3.9870000000,6.0032032799
3.9880000000,-6.4910078459
3.9890000000,-18.5828134511
3.9900000000,-29.5161974678
3.9910000000,-38.6066396401
3.9920000000,-45.2840651514
3.9930000000,-49.1287268939
3.9940000000,-49.8977537875
3.9950000000,-47.5406760805
3.9960000000,-42.2029241462
3.9970000000,-34.2170483773
3.9980000000,-24.0821775177
3.9990000000,-12.4329729052
4.0000000000,-0.0000000000
4.0010000000,12.4360157990
4.0020000000,24.0931895121
4.0030000000,34.2376594793
4.0040000000,42.2298577375
4.0050000000,47.5649462160
4.0060000000,49.9048552265
4.0070000000,49.0998817930
4.0080000000,45.1984572030
4.0090000000,38.4444351667
4.0100000000,29.2620377013
4.0110000000,18.2293758461
4.0120000000,6.0421872597
4.0130000000,-6.5299434287
4.0140000000,-18.6921328295
4.0150000000,-29.6744562289
4.0160000000,-38.7807368296
4.0170000000,-45.4327721409
4.0180000000,-49.2071820852
4.0190000000,-49.8625221890
4.0200000000,-47.3549152497
4.0210000000,-41.8411780301
4.0220000000,-33.6692103805
4.0230000000,-23.3562227503
4.0240000000,-11.5561530056
4.0250000000,0.9816846230
4.0260000000,13.4601111533
4.0270000000,25.0847471314
4.0280000000,35.1146112103
4.0290000000,42.9094285018
4.0300000000,47.9706235927
4.0310000000,49.9733662518
4.0320000000,48.7876004213
4.0330000000,44.4866838831
4.0340000000,37.3430530596
4.0350000000,27.8111548154
4.0360000000,16.4987021373
4.0370000000,4.1280609706
4.0380000000,-8.5097870130
4.0390000000,-20.6057776576
4.0400000000,-31.3845680645
4.0410000000,-40.1542935419
4.0420000000,-46.3510811190
4.0430000000,-49.5754492019
4.0440000000,-49.6182346604
4.0450000000,-46.4743537402
4.0460000000,-40.3434796054
4.0470000000,-31.6175575525
4.0480000000,-20.8559253616
4.0490000000,-8.7496063944
4.0500000000,3.9229547864
4.0510000000,16.3458859763
4.0520000000,27.7184034725
4.0530000000,37.3064713012
4.0540000000,44.4902685198
4.0550000000,48.8043895113
4.0560000000,49.9681616670
4.0570000000,47.9040950212
4.0580000000,42.7432392392
4.0590000000,34.8170662025
4.0600000000,24.6363670774
4.0610000000,12.8584949571
4.0620000000,0.2450432460
4.0630000000,-12.3873236158
4.0640000000,-24.2197178903
4.0650000000,-34.4841368513
4.0660000000,-42.5133859855
4.0670000000,-47.7845672344
4.0680000000,-49.9532900943
4.0690000000,-48.8763572787
4.0700000000,-44.6214189062
4.0710000000,-37.4629321447
4.0720000000,-27.8646524578
4.0730000000,-16.4497603506
4.0740000000,-3.9605365658
4.0750000000,8.7898139967
4.0760000000,20.9700690967
4.0770000000,31.7851875995
4.0780000000,40.5282652160
4.0790000000,46.6268484504
4.0800000000,49.6805655260
4.0810000000,49.4875910427
4.0820000000,46.0581835674
4.0830000000,39.6143756771
4.0840000000,30.5757996281
4.0850000000,19.5325398900
4.0860000000,7.2067567609
4.0870000000,-5.5944329844
4.0880000000,-18.0317510882
4.0890000000,-29.2887789315
4.0900000000,-38.6255981839
4.0910000000,-45.4275236589
4.0920000000,-49.2457124469
4.0930000000,-49.8269574100
4.0940000000,-47.1306761423
4.0950000000,-41.3319429987
4.0960000000,-32.8103272363
4.0970000000,-22.1252347032
4.0980000000,-9.9793423360
4.0990000000,2.8274950082
4.1000000000,15.4508497187
4.1010000000,27.0573835456
4.1020000000,36.8798988179
4.1030000000,44.2681397158
4.1040000000,48.7319740224
4.1050000000,49.9740791071
4.1060000000,47.9099413436
4.1070000000,42.6738111600
4.1080000000,34.6101818743
4.1090000000,24.2513184132
4.1100000000,12.2822885596
4.1110000000,-0.5042170745
4.1120000000,-13.2603052951
4.1130000000,-25.1390796670
4.1140000000,-35.3508958972
4.1150000000,-43.2159347717
4.1160000000,-48.2095872569
4.1170000000,-49.9976135240
4.1180000000,-48.4587087169
4.1190000000,-43.6929394178
4.1200000000,-36.0154512444
4.1210000000,-25.9358278559
4.1220000000,-14.1244396781
4.1230000000,-1.3679928719
4.1240000000,11.4827831134
4.1250000000,23.5698368413
4.1260000000,34.0851083532
4.1270000000,42.3246253413
4.1280000000,47.7357557370
4.1290000000,49.9544369595
4.1300000000,48.8298631032
4.1310000000,44.4349434505
4.1320000000,37.0617938470
4.1330000000,27.2025235493
4.1340000000,15.5165672440
4.1350000000,2.7867187194
4.1360000000,-10.1332120494
4.1370000000,-22.3756248518
4.1380000000,-33.1174056149
4.1390000000,-41.6353379696
4.1400000000,-47.3549152497
4.1410000000,-49.8892506270
4.1420000000,-49.0654394616
4.1430000000,-44.9365649366
4.1440000000,-37.7784999637
4.1450000000,-28.0716808497
4.1460000000,-16.4690425619
4.1470000000,-3.7522431242
4.1480000000,9.2208979165
4.1490000000,21.5742193421
4.1500000000,32.4724024165
4.1510000000,41.1775209251
4.1520000000,47.0991244340
4.1530000000,49.8344478699
4.1540000000,49.1959985417
4.1550000000,45.2246183578
4.1560000000,38.1870976109
4.1570000000,28.5584614822
4.1580000000,16.9900907229
4.1590000000,4.2658031783
4.1600000000,-8.7511529488
4.1610000000,-21.1766165058
4.1620000000,-32.1655781559
4.1630000000,-40.9697116255
4.1640000000,-46.9884502685
4.1650000000,-49.8101150036
4.1660000000,-49.2402664165
4.1670000000,-45.3153155908
4.1680000000,-38.3004270946
4.1690000000,-28.6718159170
4.1700000000,-17.0846053946
4.1710000000,-4.3284025579
4.1720000000,8.7264070436
4.1730000000,21.1879994731
4.1740000000,32.2040453743
4.1750000000,41.0200721763
4.1760000000,47.0312549582
4.1770000000,49.8240729238
4.1780000000,49.2049515923
4.1790000000,45.2138937869
4.1800000000,38.1221255506
4.1810000000,28.4138766318
4.1820000000,16.7535043881
4.1830000000,3.9401800468
4.1840000000,-9.1467824739
4.1850000000,-21.6082223445
4.1860000000,-32.5869210793
4.1870000000,-41.3266386329
4.1880000000,-47.2243260741
4.1890000000,-49.8719018445
4.1900000000,-49.0846864273
4.1910000000,-44.9145008300
4.1920000000,-37.6464856535
4.1930000000,-27.7798177067
4.1940000000,-15.9936130914
4.1950000000,-3.1003325942
4.1960000000,10.0101242067
4.1970000000,22.4317962936
4.1980000000,33.3052799952
4.1990000000,41.8772602557
4.2000000000,47.5528258148
4.2010000000,49.9369267292
4.2020000000,48.8620737126
4.2030000000,44.4003235085
4.2040000000,36.8586782454
4.2050000000,26.7581748091
4.2060000000,14.7980732738
4.2070000000,1.8075925996
4.2080000000,-11.3114854425
4.2090000000,-23.6473781719
4.2100000000,-34.3416923272
4.2110000000,-42.6492344540
4.2120000000,-47.9900686518
4.2130000000,-49.9901760928
4.2140000000,-48.5078537374
4.2150000000,-43.6439750080
4.2160000000,-35.7353549474
4.2170000000,-25.3316389690
4.2180000000,-13.1572857935
4.2190000000,-0.0612610414
4.2200000000,13.0420753145
4.2210000000,25.2367781346
4.2220000000,35.6693723540
4.2230000000,43.6086728475
4.2240000000,48.4971702622
4.2250000000,49.9903620241
4.2260000000,47.9812413538
4.2270000000,42.6081891020
4.2280000000,34.2456719516
4.2290000000,23.4783552081
4.2300000000,11.0604046395
4.2310000000,-2.1372024678
4.2320000000,-15.1876856462
4.2330000000,-27.1735214818
4.2340000000,-37.2509902173
4.2350000000,-44.7096653893
4.2360000000,-49.0226453145
4.2370000000,-49.8839645187
4.2380000000,-47.2305157429
4.2390000000,-41.2468970476
4.2400000000,-32.3527980785
4.2410000000,-21.1737705549
4.2420000000,-8.4974037136
4.2430000000,4.7820374893
4.2440000000,17.7266289881
4.2450000000,29.4210235700
4.2460000000,39.0372294985
4.2470000000,45.8933439959
4.2480000000,49.5020678035
4.2490000000,49.6055381683
4.2500000000,46.1939766256
4.2510000000,39.5067878471
4.2520000000,30.0159864624
4.2530000000,18.3930824933
4.2540000000,5.4617338990
4.2550000000,-7.8605072660
4.2560000000,-20.6272434012
4.2570000000,-31.9304673508
4.2580000000,-40.9652089791
4.2590000000,-47.0869852364
4.2600000000,-49.8579450130
4.2610000000,-49.0783928856
4.2620000000,-44.8014077653
4.2630000000,-37.3294708174
4.2640000000,-27.1932970275
4.2650000000,-15.1143354011
4.2660000000,-1.9535732413
4.2670000000,11.3497337455
4.2680000000,23.8450528558
4.2690000000,34.6385123774
4.2700000000,42.9569290637
4.2710000000,48.2033331326
4.2720000000,49.9999936835
4.2730000000,48.2158306755
4.2740000000,42.9762091082
4.2750000000,34.6543681273
4.2760000000,23.8450528558
4.2770000000,11.3221956717
4.2780000000,-2.0163555582
4.2790000000,-15.2131252901
4.2800000000,-27.3197173367
4.2810000000,-37.4650126769
4.2820000000,-44.9179513395
4.2830000000,-49.1403665928
4.2840000000,-49.8260422007
4.2850000000,-46.9231443117
4.2860000000,-40.6383690531
4.2870000000,-31.4224601523
4.2880000000,-19.9380936730
4.2890000000,-7.0124024300
4.2900000000,6.4224715100
4.2910000000,19.3965328735
4.2920000000,30.9719644922
4.2930000000,40.3109781677
4.2940000000,46.7365718579
4.2950000000,49.7817785018
4.2960000000,49.2238116983
4.2970000000,45.1005965993
4.2980000000,37.7084432891
4.2990000000,27.5809833505
4.3000000000,15.4508497187
4.3010000000,2.1968366375
4.3020000000,-11.2196610918
4.3030000000,-23.8243402729
4.3040000000,-34.7007642487
4.3050000000,-43.0570780841
4.3060000000,-48.2838013077
4.3070000000,-49.9984701944
4.3080000000,-48.0738462493
4.3090000000,-42.6475946597
4.3100000000,-34.1126804555
4.3110000000,-23.0891335833
4.3120000000,-10.3791949372
4.3130000000,3.0909258970
4.3140000000,16.3384633473
4.3150000000,28.3957787545
4.3160000000,38.3810864959
4.3170000000,45.5630506532
4.3180000000,49.4145123452
4.3190000000,49.6513889825
4.3200000000,46.2538603417
4.3210000000,39.4682450183
4.3220000000,29.7893809086
4.3230000000,17.9247519916
4.3240000000,4.7429461267
4.3250000000,-8.7898139967
4.3260000000,-21.6804379138
4.3270000000,-32.9818537889
4.3280000000,-41.8626643247
4.3290000000,-47.6684438180
4.3300000000,-49.9701474177
4.3310000000,-48.5960383561
4.3320000000,-43.6447414342
4.3330000000,-35.4784138447
4.3340000000,-24.6964863048
4.3350000000,-12.0918610201
4.3360000000,1.4072476534
4.3370000000,14.8055752135
4.3380000000,27.1141586562
4.3390000000,37.4233739422
4.3400000000,44.9702625783
4.3410000000,49.1951566440
4.3420000000,49.7833880932
4.3430000000,46.6889591089
4.3440000000,40.1383761578
4.3450000000,30.6143139193
4.3460000000,18.8202685436
4.3470000000,5.6287721693
4.3480000000,-7.9830327673
4.3490000000,-21.0057118834
4.3500000000,-32.4724024165
4.3510000000,-41.5306696775
4.3520000000,-47.5060109545
4.3530000000,-49.9522663219
4.3540000000,-48.6851552663
4.3550000000,-43.7964020678
4.3560000000,-35.6473499812
4.3570000000,-24.8424881976
4.3580000000,-12.1848131370
4.3590000000,1.3836948871
4.3600000000,14.8520790789
4.3610000000,27.2157020124
4.3620000000,37.5512242300
4.3630000000,45.0856669639
4.3640000000,49.2543856564
4.3650000000,49.7435943107
4.3660000000,46.5142228145
4.3670000000,39.8052760873
4.3680000000,30.1163923765
4.3690000000,18.1708543864
4.3700000000,4.8617746961
4.3710000000,-8.8145542235
4.3720000000,-21.8331810530
4.3730000000,-33.2173183667
4.3740000000,-42.1117085415
4.3750000000,-47.8470167866
4.3760000000,-49.9903928400
4.3770000000,-48.3783677847
4.3780000000,-43.1295690120
4.3790000000,-34.6362467232
4.3800000000,-23.5351966083
4.3810000000,-10.6602160026
4.3820000000,3.0203721903
4.3830000000,16.4764580657
4.3840000000,28.6936887037
4.3850000000,38.7499820357
4.3860000000,45.8852355681
4.3870000000,49.5589515637
4.3880000000,49.4913972026
4.3890000000,45.6851492251
4.3900000000,38.4253458610
4.3910000000,28.2585739761
4.3920000000,15.9519354120
4.3930000000,2.4353411580
4.3940000000,-11.2686390605
4.3950000000,-24.1220887552
4.3960000000,-35.1503768929
4.3970000000,-43.5161517629
4.3980000000,-48.5830722292
4.3990000000,-49.9644144038
4.4000000000,-47.5528258148
4.4010000000,-41.5289202011
4.4020000000,-32.3480072555
4.4030000000,-20.7059119016
4.4040000000,-7.4864309797
4.4050000000,6.3056199946
4.4060000000,19.6207087006
4.4070000000,31.4444483355
4.4080000000,40.8749439348
4.4090000000,47.1917202210
4.4100000000,49.9109532639
4.4110000000,48.8227578169
4.4120000000,44.0076395488
4.4130000000,35.8308041156
4.4140000000,24.9147030362
4.4150000000,12.0918610201
4.4160000000,-1.6584566671
4.4170000000,-15.2849314260
4.4180000000,-27.7445445833
4.4190000000,-38.0824576147
4.4200000000,-45.5052985342
4.4210000000,-49.4422211539
4.4220000000,-49.5890250275
4.4230000000,-45.9319096254
4.4240000000,-38.7489893335
4.4250000000,-28.5893980114
4.4260000000,-16.2315328807
4.4270000000,-2.6235952435
4.4280000000,11.1890441002
4.4290000000,24.1441001797
4.4300000000,35.2440926971
4.4310000000,43.6332405176
4.4320000000,48.6635971951
4.4330000000,49.9453047069
4.4340000000,47.3770520308
4.4350000000,41.1543405843
4.4360000000,31.7548640566
4.4370000000,19.9020748811
4.4380000000,6.5096974268
4.4390000000,-7.3885717769
4.4400000000,-20.7187790497
4.4410000000,-32.4497022180
4.4420000000,-41.6727001765
4.4430000000,-47.6722349377
4.4440000000,-49.9815820803
4.4450000000,-48.4193770916
4.4460000000,-43.1041178497
4.4470000000,-34.4454445000
4.4480000000,-23.1128161429
4.4490000000,-9.9839598681
4.4500000000,3.9229547864
4.4510000000,17.5281871300
4.4520000000,29.7742399216
4.4530000000,39.7081127575
4.4540000000,46.5555922966
4.4550000000,49.7817785018
4.4560000000,49.1331008735
4.4570000000,44.6575066512
4.4580000000,36.7011943130
4.4590000000,25.8820895332
4.4600000000,13.0420753145
4.4610000000,-0.8183483457
4.4620000000,-14.6179176080
4.4630000000,-27.2789212222
4.4640000000,-37.8114081727
4.4650000000,-45.3907039588
4.4660000000,-49.4221571661
4.4670000000,-49.5880194915
4.4680000000,-45.8727461195
4.4690000000,-38.5646824795
4.4700000000,-28.2339475033
4.4710000000,-15.6881886287
4.4720000000,-1.9096237781
4.4730000000,12.0217365927
4.4740000000,25.0126955207
4.4750000000,36.0426798351
4.4760000000,44.2440172047
4.4770000000,48.9703577987
4.4780000000,49.8478322816
4.4790000000,46.8048801594
4.4800000000,40.0783492435
4.4810000000,30.1953281752
4.4820000000,17.9320837107
4.4830000000,4.2532824908
4.4840000000,-9.7637596110
4.4850000000,-23.0138629770
4.4860000000,-34.4511370174
4.4870000000,-43.1716266047
4.4880000000,-48.4849146265
4.4890000000,-49.9689968307
4.4900000000,-47.5040509550
4.4910000000,-41.2823784991
4.4920000000,-31.7936746788
4.4930000000,-19.7867323575
4.4940000000,-6.2105549177
4.4950000000,7.8605072660
4.4960000000,21.3117026720
4.4970000000,33.0761963898
4.4980000000,42.2197626408
4.4990000000,48.0151224984
4.5000000000,50.0000000000
4.5010000000,48.0142460219
4.5020000000,42.2130292427
4.5030000000,33.0549874992
4.5040000000,21.2662211056
4.5050000000,7.7829344132
4.5060000000,-6.3227604230
4.5070000000,-19.9280096500
4.5080000000,-31.9485954539
4.5090000000,-41.4254111426
4.5100000000,-47.6011313473
4.5110000000,-49.9809370589
4.5120000000,-48.3724103558
4.5130000000,-42.9013629439
4.5140000000,-34.0022758469
4.5150000000,-22.3840528228
4.5160000000,-8.9737658462
4.5170000000,5.1571609672
4.5180000000,18.8784645573
4.5190000000,31.0914355758
4.5200000000,40.8169625359
4.5210000000,47.2741670099
4.5220000000,49.9433035244
4.5230000000,48.6078416854
4.5240000000,43.3723038694
4.5250000000,34.6543681273
4.5260000000,23.1518083373
4.5270000000,9.7868668679
4.5280000000,-4.3675237054
4.5290000000,-18.1737811416
4.5300000000,-30.5210843991
4.5310000000,-40.4148110203
4.5320000000,-47.0567951932
4.5330000000,-49.9099195224
4.5340000000,-48.7417975646
4.5350000000,-43.6439750080
4.5360000000,-35.0250418209
4.5370000000,-23.5781483346
4.5380000000,-10.2254859694
4.5390000000,3.9558389661
4.5400000000,17.8205939357
4.5410000000,30.2478863476
4.5420000000,40.2318432776
4.5430000000,46.9631640875
4.5440000000,49.8949231689
4.5450000000,48.7872565829
4.5460000000,43.7272617706
4.5470000000,35.1224379871
4.5480000000,23.6681357531
4.5490000000,10.2915932821
4.5500000000,-3.9229547864
4.5510000000,-17.8220615673
4.5520000000,-30.2766458942
4.5530000000,-40.2737739918
4.5540000000,-46.9991792769
4.5550000000,-49.9037868083
4.5560000000,-48.7487912899
4.5570000000,-43.6255678566
4.5580000000,-34.9487338698
4.5590000000,-23.4228626438
4.5600000000,-9.9854990257
4.5610000000,4.2689333081
4.5620000000,18.1781711399
4.5630000000,30.6068618053
4.5640000000,40.5393015454
4.5650000000,47.1625820442
4.5660000000,49.9333274849
4.5670000000,48.6225267631
4.5680000000,43.3347416010
4.5690000000,34.5000575629
4.5700000000,22.8393717167
4.5710000000,9.3057960734
4.5720000000,-4.9930792632
4.5730000000,-18.8857369647
4.5740000000,-31.2327024003
4.5750000000,-41.0200721763
4.5760000000,-47.4429190498
4.5770000000,-49.9717005677
4.5780000000,-48.3961756069
4.5790000000,-42.8431659823
4.5800000000,-33.7666404061
4.5810000000,-21.9108704303
4.5820000000,-8.2496260512
4.5830000000,6.0936404022
4.5840000000,19.9380936730
4.5850000000,32.1427228614
4.5860000000,41.7004552582
4.5870000000,47.8214079801
4.5880000000,49.9983829727
4.5890000000,48.0491571904
4.5900000000,42.1320206080
4.5910000000,32.7332147999
4.5920000000,20.6272434012
4.5930000000,6.8132715560
4.5940000000,-7.5671815793
4.5950000000,-21.3244904838
4.5960000000,-33.3193367098
4.5970000000,-42.5571468703
4.5980000000,-48.2707204761
4.5990000000,-49.9841699652
4.6000000000,-47.5528258148
4.6010000000,-41.1757387971
4.6020000000,-31.3796765938
4.6030000000,-18.9758760463
4.6040000000,-4.9930792632
4.6050000000,9.4076371658
4.6060000000,23.0292012571
4.6070000000,34.7380656549
4.6080000000,43.5586341103
4.6090000000,48.7547208249
4.6100000000,49.8912270729
4.6110000000,46.8708488968
4.6120000000,39.9426966706
4.6130000000,29.6820411589
4.6140000000,16.9428076067
4.6150000000,2.7867187194
4.6160000000,-11.6050516784
4.6170000000,-25.0303749834
4.6180000000,-36.3666059682
4.6190000000,-44.6645692397
4.6200000000,-49.2282167265
4.6210000000,-49.6732560658
4.6220000000,-45.9597916774
4.6230000000,-38.3961831591
4.6240000000,-27.6137297045
4.6250000000,-14.5142338627
4.6260000000,-0.1947782519
4.6270000000,14.1440271431
4.6280000000,27.2986645108
4.6290000000,38.1637660334
4.6300000000,45.8251210953
4.6310000000,49.6367969504
4.6320000000,49.2758508789
4.6330000000,44.7699786907
4.6340000000,36.4957090335
4.6350000000,25.1472261255
4.6360000000,11.6783776810
4.6370000000,-2.7773085415
4.6380000000,-17.0019088209
4.6390000000,-29.7956884038
4.6400000000,-40.0783492435
4.6410000000,-46.9803913383
4.6420000000,-49.9168495319
4.6430000000,-48.6371350591
4.6440000000,-43.2467132398
4.6450000000,-34.1987182118
4.6460000000,-22.2561433281
4.6470000000,-8.4277376762
4.6480000000,6.1170260325
4.6490000000,20.1467594332
4.6500000000,32.4724024165
4.6510000000,42.0480790854
4.6520000000,48.0600046987
4.6530000000,49.9958725636
4.6540000000,47.6887856778
4.6550000000,41.3319429987
4.6560000000,31.4627641407
4.6570000000,18.9177300192
4.6580000000,4.7617103473
4.6590000000,-9.8022704987
4.6600000000,-23.5351966083
4.6610000000,-35.2674833237
4.6620000000,-43.9986887168
4.6630000000,-48.9830045719
4.6640000000,-49.7932063126
4.6650000000,-46.3575580222
4.6660000000,-38.9664607908
4.6670000000,-28.2482061616
4.6680000000,-15.1158327035
4.6690000000,-0.6895577271
4.6700000000,13.7986441324
4.6710000000,27.1101992064
4.6720000000,38.1058584452
4.6730000000,45.8433246393
4.6740000000,49.6582065933
4.6750000000,49.2213284045
4.6760000000,44.5674285832
4.6770000000,36.0927223396
4.6780000000,24.5214633856
4.6790000000,10.8443014142
4.6800000000,-3.7663402764
4.6810000000,-18.0566550923
4.6820000000,-30.7990251656
4.6830000000,-40.8975480513
4.6840000000,-47.4824414578
4.6850000000,-49.9851809042
4.6860000000,-48.1878605287
4.6870000000,-42.2424681681
4.6880000000,-32.6583447915
4.6890000000,-20.2588345657
4.6900000000,-6.1107899970
4.6910000000,8.5670527682
4.6920000000,22.5089741691
4.6930000000,34.5114254139
4.6940000000,43.5370229760
4.6950000000,48.8043895113
4.6960000000,49.8560455454
4.6970000000,46.5984322128
4.6980000000,39.3105391700
4.6990000000,28.6203182878
4.7000000000,15.4508497187
4.7010000000,0.9408514680
4.7020000000,-13.6536412662
4.7030000000,-27.0679500987
4.7040000000,-38.1383830239
4.7050000000,-45.9033130909
4.7060000000,-49.6869156296
4.7070000000,-49.1582547637
4.7080000000,-44.3605307057
4.7090000000,-35.7078776171
4.7100000000,-23.9499151322
4.7110000000,-10.1070612121
4.7120000000,4.6178342249
4.7130000000,18.9438994338
4.7140000000,31.6236414997
4.7150000000,41.5516506030
4.7160000000,47.8611294149
4.7170000000,49.9998045573
4.7180000000,47.7785520979
4.7190000000,41.3884314872
4.7200000000,31.3845680645
4.7210000000,18.6382148677
4.7220000000,4.2611079520
4.7230000000,-10.4913378850
4.7240000000,-24.3295781455
4.7250000000,-36.0426798351
4.7260000000,-44.6043967966
4.7270000000,-49.2632777672
4.7280000000,-49.6088787666
4.7290000000,-45.6082234387
4.7300000000,-37.6092468532
4.7310000000,-26.3108445969
4.7320000000,-12.7020775695
4.7330000000,2.0242031259
4.7340000000,16.5757865214
4.7350000000,29.6744562289
4.7360000000,40.1683287814
4.7370000000,47.1332978940
4.7380000000,49.9546378684
4.7390000000,48.3815406874
4.7400000000,42.5497240897
4.7410000000,32.9700463033
4.7420000000,20.4840521516
4.7430000000,6.1902921870
4.7440000000,-8.6521561242
4.7450000000,-22.7345077267
4.7460000000,-34.8136839155
4.7470000000,-43.8221428828
4.7480000000,-48.9624142947
4.7490000000,-49.7779503806
4.7500000000,-46.1939766256
4.7510000000,-38.5246608565
4.7520000000,-27.4458891506
4.7530000000,-13.9359789124
4.7540000000,0.8104954060
4.7550000000,15.4881928515
4.7560000000,28.7965094816
4.7570000000,39.5548786448
4.7580000000,46.8076421443
4.7590000000,49.9091639667
4.7600000000,48.5815866457
4.7610000000,42.9400389919
4.7620000000,33.4829812942
4.7630000000,21.0484661219
4.7640000000,6.7401253635
4.7650000000,-8.1706028141
4.7660000000,-22.3573615211
4.7670000000,-34.5568627454
4.7680000000,-43.6814792247
4.7690000000,-48.9163971331
4.7700000000,-49.7926350603
4.7710000000,-46.2293631991
4.7720000000,-38.5416774833
4.7730000000,-27.4130559016
4.7740000000,-13.8348752896
4.7750000000,0.9816846230
4.7760000000,15.7135414278
4.7770000000,29.0438146150
4.7780000000,39.7795961188
4.7790000000,46.9588498580
4.7800000000,49.9368478303
4.7810000000,48.4443567078
4.7820000000,42.6122983698
4.7830000000,32.9605979718
4.7840000000,20.3521376127
4.7850000000,5.9158657634
4.7860000000,-9.0541089414
4.7870000000,-23.2144368203
4.7880000000,-35.2930840160
4.7890000000,-44.2037073580
4.7900000000,-49.1435539066
4.7910000000,-49.6660454637
4.7920000000,-45.7214615870
4.7930000000,-37.6619876110
4.7940000000,-26.2105921103
4.7950000000,-12.3964543553
4.7960000000,2.5373165880
4.7970000000,17.2454165070
4.7980000000,30.4015034335
4.7990000000,40.8178697648
4.8000000000,47.5528258148
4.8010000000,49.9960719242
4.8020000000,47.9242982436
4.8030000000,41.5219206563
4.8040000000,31.3649992089
4.8050000000,18.3697097238
4.8060000000,3.7099498723
4.8070000000,-11.2885331099
4.8080000000,-25.2679601795
4.8090000000,-36.9614620159
4.8100000000,-45.3080105111
4.8110000000,-49.5489027142
4.8120000000,-49.2970048484
4.8130000000,-44.5724120035
4.8140000000,-35.8012105711
4.8150000000,-23.7773721720
4.8160000000,-9.5911572413
4.8170000000,5.4695408149
4.8180000000,20.0360025006
4.8190000000,32.7830569215
4.8200000000,42.5497240897
4.8210000000,48.4451341657
4.8220000000,49.9300443766
4.8230000000,46.8664716950
4.8240000000,39.5308454383
4.8250000000,28.5893980114
4.8260000000,15.0379532319
4.8270000000,0.1115264467
4.8280000000,-14.8280788401
4.8290000000,-28.4164615942
4.8300000000,-39.4112805995
4.8310000000,-46.8059850920
4.8320000000,-49.9221940143
4.8330000000,-48.4722246802
4.8340000000,-42.5859808918
4.8350000000,-32.7996582829
4.8360000000,-20.0072152585
4.8370000000,-5.3789723431
4.8380000000,9.7452722441
4.8390000000,23.9788661855
4.8400000000,36.0154512444
4.8410000000,44.7489762609
4.8420000000,49.3755392872
4.8430000000,49.4676629410
4.8440000000,45.0141153204
4.8450000000,36.4215380302
4.8460000000,24.4776455888
4.8470000000,10.2792956656
4.8480000000,-4.8680280695
4.8490000000,-19.5701288290
4.8500000000,-32.4724024165
4.8510000000,-42.3847301084
4.8520000000,-48.3914363103
4.8530000000,-49.9361355219
4.8540000000,-46.8735831445
4.8550000000,-39.4836696324
4.8560000000,-28.4461805964
4.8570000000,-14.7785665222
4.8580000000,0.2576094579
4.8590000000,15.2729661460
4.8600000000,28.8786351711
4.8610000000,39.8147799198
4.8620000000,47.0674053798
4.8630000000,49.9626146258
4.8640000000,48.2295285054
4.8650000000,42.0259663668
4.8660000000,31.9244230738
4.8670000000,18.8595541184
4.8680000000,4.0419560021
4.8690000000,-11.1538290997
4.8700000000,-25.3167403677
4.8710000000,-37.1302517878
4.8720000000,-45.4948783917
4.8730000000,-49.6307242490
4.8740000000,-49.1504876742
4.8750000000,-44.0960632174
4.8760000000,-34.9352511942
4.8770000000,-22.5187919918
4.8780000000,-8.0016399526
4.8790000000,7.2642644607
4.8800000000,21.8557883325
4.8810000000,34.4112715521
4.8820000000,43.7576971637
4.8830000000,49.0204807069
4.8840000000,49.7055845811
4.8850000000,45.7462224198
4.8860000000,37.5097083304
4.8870000000,25.7637214756
4.8880000000,11.6050516784
4.8890000000,-3.6425884543
4.8900000000,-18.5521855118
4.8910000000,-31.7269490965
4.8920000000,-41.9312468715
4.8930000000,-48.2066699977
4.8940000000,-49.9623103481
4.8950000000,-47.0307217325
4.8960000000,-39.6842359629
4.8970000000,-28.6100133360
4.8980000000,-14.8460793707
4.8990000000,0.3157279634
4.9000000000,15.4508497187
4.9010000000,29.1358005461
4.9020000000,40.0821056749
4.9030000000,47.2577731408
4.9040000000,49.9848347378
4.9050000000,48.0037135209
4.9060000000,41.4982778319
4.9070000000,31.0791322989
4.9080000000,17.7266289881
4.9090000000,2.6988865871
4.9100000000,-12.5865774334
4.9110000000,-26.6864822352
4.9120000000,-38.2680955661
4.9130000000,-46.2353451856
4.9140000000,-49.8327833593
4.9150000000,-48.7175215196
4.9160000000,-42.9922571495
4.9170000000,-33.1961801170
4.9180000000,-20.2545262287
4.9190000000,-5.3914656146
4.9200000000,9.9854990257
4.9210000000,24.4187264768
4.9220000000,36.5386282157
4.9230000000,45.1937544280
4.9240000000,49.5604076058
4.9250000000,49.2213284045
4.9260000000,44.2059094809
4.9270000000,34.9880299628
4.9280000000,22.4416226565
4.9290000000,7.7581070352
4.9300000000,-7.6665391868
4.9310000000,-22.3643863205
4.9320000000,-34.9352511942
4.9330000000,-44.1801936193
4.9340000000,-49.2160729733
4.9350000000,-49.5601997465
4.9360000000,-45.1769409625
4.9370000000,-36.4817478872
4.9380000000,-24.3021274620
4.9390000000,-9.7991898499
4.9400000000,5.6428192437
4.9410000000,20.5485133169
4.9420000000,33.4923128798
4.9430000000,43.2348830478
4.9440000000,48.8419941461
4.9450000000,49.7743872529
4.9460000000,45.9399738722
4.9470000000,37.7032852670
4.9480000000,25.8511714851
4.9490000000,11.5179427886
4.9500000000,-3.9229547864
4.9510000000,-18.9904078746
4.9520000000,-32.2376774932
4.9530000000,-42.3913950352
4.9540000000,-48.4741507485
4.9550000000,-49.8988552529
4.9560000000,-46.5257382184
4.9570000000,-38.6764188404
4.9580000000,-27.1035995883
4.9590000000,-12.9192033679
4.9600000000,2.5122159090
4.9610000000,17.7045955735
4.9620000000,31.1934342282
4.9630000000,41.6770396849
4.9640000000,48.1423249383
4.9650000000,49.9629781319
4.9660000000,46.9604680417
4.9670000000,39.4219113592
4.9680000000,28.0729807040
4.9690000000,14.0083734229
4.9700000000,-1.4135283385
4.9710000000,-16.7016944939
4.9720000000,-30.3765558903
4.9730000000,-41.1132619589
4.9740000000,-47.8702102464
4.9750000000,-49.9903620241
4.9760000000,-47.2654637148
4.9770000000,-39.9568653354
4.9780000000,-28.7708213144
4.9790000000,-14.7905709690
4.9800000000,0.6283019942
4.9810000000,15.9891482171
4.9820000000,29.7994725480
4.9830000000,40.7160099182
4.9840000000,47.6755496973
4.9850000000,49.9987508834
4.9860000000,47.4567859935
4.9870000000,40.2942441625
4.9880000000,29.2059671718
4.9890000000,15.2699746752
4.9900000000,-0.1570793743
4.9910000000,-15.5718067653
4.9920000000,-29.4705344146
4.9930000000,-40.4960430277
4.9940000000,-47.5702698980
4.9950000000,-49.9999845787
4.9960000000,-47.5450533635
4.9970000000,-40.4425384837
4.9980000000,-29.3841791789
4.9990000000,-15.4493557951
