time (s),velocity (rpm)
0.0000000000,0.0000000000
0.0010000000,0.0031415927
0.0020000000,0.0125663706
0.0030000000,0.0282743335
0.0040000000,0.0502654803
0.0050000000,0.0785398083
0.0060000000,0.1130973114
0.0070000000,0.1539379792
0.0080000000,0.2010617944
0.0090000000,0.2544687303
0.0100000000,0.3141587486
0.0110000000,0.3801317956
0.0120000000,0.4523877990
0.0130000000,0.5309266641
0.0140000000,0.6157482691
0.0150000000,0.7068524607
0.0160000000,0.8042390494
0.0170000000,0.9079078033
0.0180000000,1.0178584433
0.0190000000,1.1340906361
0.0200000000,1.2566039883
0.0210000000,1.3853980392
0.0220000000,1.5204722535
0.0230000000,1.6618260141
0.0240000000,1.8094586136
0.0250000000,1.9633692461
0.0260000000,2.1235569986
0.0270000000,2.2900208419
0.0280000000,2.4627596209
0.0290000000,2.6417720448
0.0300000000,2.8270566770
0.0310000000,3.0186119246
0.0320000000,3.2164360271
0.0330000000,3.4205270453
0.0340000000,3.6308828496
0.0350000000,3.8475011081
0.0360000000,4.0703792737
0.0370000000,4.2995145717
0.0380000000,4.5349039864
0.0390000000,4.7765442480
0.0400000000,5.0244318180
0.0410000000,5.2785628755
0.0420000000,5.5389333025
0.0430000000,5.8055386687
0.0440000000,6.0783742163
0.0450000000,6.3574348442
0.0460000000,6.6427150922
0.0470000000,6.9342091241
0.0480000000,7.2319107115
0.0490000000,7.5358132162
0.0500000000,7.8459095728
0.0510000000,8.1621922711
0.0520000000,8.4846533378
0.0530000000,8.8132843178
0.0540000000,9.1480762554
0.0550000000,9.4890196751
0.0560000000,9.8361045623
0.0570000000,10.1893203428
0.0580000000,10.5486558631
0.0590000000,10.9140993695
0.0600000000,11.2856384873
0.0610000000,11.6632601998
0.0620000000,12.0469508261
0.0630000000,12.4366960000
0.0640000000,12.8324806471
0.0650000000,13.2342889627
0.0660000000,13.6421043890
0.0670000000,14.0559095916
0.0680000000,14.4756864363
0.0690000000,14.9014159654
0.0700000000,15.3330783737
0.0710000000,15.7706529838
0.0720000000,16.2141182219
0.0730000000,16.6634515929
0.0740000000,17.1186296547
0.0750000000,17.5796279934
0.0760000000,18.0464211975
0.0770000000,18.5189828315
0.0780000000,18.9972854101
0.0790000000,19.4813003717
0.0800000000,19.9709980514
0.0810000000,20.4663476547
0.0820000000,20.9673172295
0.0830000000,21.4738736395
0.0840000000,21.9859825363
0.0850000000,22.5036083316
0.0860000000,23.0267141692
0.0870000000,23.5552618972
0.0880000000,24.0892120391
0.0890000000,24.6285237658
0.0900000000,25.1731548668
0.0910000000,25.7230617215
0.0920000000,26.2781992698
0.0930000000,26.8385209838
0.0940000000,27.4039788383
0.0950000000,27.9745232811
0.0960000000,28.5501032045
0.0970000000,29.1306659151
0.0980000000,29.7161571049
0.0990000000,30.3065208212
0.1000000000,30.9016994375
0.1010000000,31.5016336235
0.1020000000,32.1062623156
0.1030000000,32.7155226874
0.1040000000,33.3293501200
0.1050000000,33.9476781722
0.1060000000,34.5704385512
0.1070000000,35.1975610832
0.1080000000,35.8289736837
0.1090000000,36.4646023283
0.1100000000,37.1043710237
0.1110000000,37.7482017784
0.1120000000,38.3960145738
0.1130000000,39.0477273356
0.1140000000,39.7032559052
0.1150000000,40.3625140109
0.1160000000,41.0254132406
0.1170000000,41.6918630130
0.1180000000,42.3617705506
0.1190000000,43.0350408520
0.1200000000,43.7115766651
0.1210000000,44.3912784600
0.1220000000,45.0740444032
0.1230000000,45.7597703309
0.1240000000,46.4483497240
0.1250000000,47.1396736826
0.1260000000,47.8336309014
0.1270000000,48.5301076453
0.1280000000,49.2289877257
0.1290000000,49.9301524774
0.1300000000,50.6334807353
0.1310000000,51.3388488132
0.1320000000,52.0461304813
0.1330000000,52.7551969461
0.1340000000,53.4659168294
0.1350000000,54.1781561494
0.1360000000,54.8917783013
0.1370000000,55.6066440394
0.1380000000,56.3226114599
0.1390000000,57.0395359839
0.1400000000,57.7572703422
0.1410000000,58.4756645600
0.1420000000,59.1945659432
0.1430000000,59.9138190651
0.1440000000,60.6332657546
0.1450000000,61.3527450849
0.1460000000,62.0720933634
0.1470000000,62.7911441228
0.1480000000,63.5097281131
0.1490000000,64.2276732948
0.1500000000,64.9448048330
0.1510000000,65.6609450935
0.1520000000,66.3759136389
0.1530000000,67.0895272271
0.1540000000,67.8015998103
0.1550000000,68.5119425359
0.1560000000,69.2203637485
0.1570000000,69.9266689930
0.1580000000,70.6306610198
0.1590000000,71.3321397911
0.1600000000,72.0309024888
0.1610000000,72.7267435236
0.1620000000,73.4194545465
0.1630000000,74.1088244610
0.1640000000,74.7946394376
0.1650000000,75.4766829300
0.1660000000,76.1547356923
0.1670000000,76.8285757993
0.1680000000,77.4979786671
0.1690000000,78.1627170767
0.1700000000,78.8225611990
0.1710000000,79.4772786221
0.1720000000,80.1266343796
0.1730000000,80.7703909825
0.1740000000,81.4083084515
0.1750000000,82.0401443526
0.1760000000,82.6656538339
0.1770000000,83.2845896656
0.1780000000,83.8967022812
0.1790000000,84.5017398212
0.1800000000,85.0994481795
0.1810000000,85.6895710517
0.1820000000,86.2718499857
0.1830000000,86.8460244350
0.1840000000,87.4118318140
0.1850000000,87.9690075559
0.1860000000,88.5172851735
0.1870000000,89.0563963214
0.1880000000,89.5860708624
0.1890000000,90.1060369344
0.1900000000,90.6160210221
0.1910000000,91.1157480295
0.1920000000,91.6049413558
0.1930000000,92.0833229747
0.1940000000,92.5506135147
0.1950000000,93.0065323440
0.1960000000,93.4507976565
0.1970000000,93.8831265620
0.1980000000,94.3032351785
0.1990000000,94.7108387268
0.2000000000,95.1056516295
0.2010000000,95.4873876112
0.2020000000,95.8557598026
0.2030000000,96.2104808473
0.2040000000,96.5512630112
0.2050000000,96.8778182954
0.2060000000,97.1898585514
0.2070000000,97.4870956000
0.2080000000,97.7692413521
0.2090000000,98.0360079338
0.2100000000,98.2871078132
0.2110000000,98.5222539314
0.2120000000,98.7411598351
0.2130000000,98.9435398137
0.2140000000,99.1291090378
0.2150000000,99.2975837021
0.2160000000,99.4486811705
0.2170000000,99.5821201241
0.2180000000,99.6976207124
0.2190000000,99.7949047074
0.2200000000,99.8736956606
0.2210000000,99.9337190629
0.2220000000,99.9747025071
0.2230000000,99.9963758538
0.2240000000,99.9984713996
0.2250000000,99.9807240482
0.2260000000,99.9428714847
0.2270000000,99.8846543521
0.2280000000,99.8058164303
0.2290000000,99.7061048187
0.2300000000,99.5852701205
0.2310000000,99.4430666298
0.2320000000,99.2792525214
0.2330000000,99.0935900426
0.2340000000,98.8858457083
0.2350000000,98.6557904971
0.2360000000,98.4032000509
0.2370000000,98.1278548759
0.2380000000,97.8295405460
0.2390000000,97.5080479085
0.2400000000,97.1631732915
0.2410000000,96.7947187127
0.2420000000,96.4024920914
0.2430000000,95.9863074606
0.2440000000,95.5459851818
0.2450000000,95.0813521611
0.2460000000,94.5922420662
0.2470000000,94.0784955456
0.2480000000,93.5399604485
0.2490000000,92.9764920456
0.2500000000,92.3879532511
0.2510000000,91.7742148462
0.2520000000,91.1351557020
0.2530000000,90.4706630041
0.2540000000,89.7806324775
0.2550000000,89.0649686112
0.2560000000,88.3235848837
0.2570000000,87.5564039885
0.2580000000,86.7633580589
0.2590000000,85.9443888933
0.2600000000,85.0994481795
0.2610000000,84.2284977186
0.2620000000,83.3315096486
0.2630000000,82.4084666662
0.2640000000,81.4593622485
0.2650000000,80.4842008724
0.2660000000,79.4829982337
0.2670000000,78.4557814634
0.2680000000,77.4025893430
0.2690000000,76.3234725176
0.2700000000,75.2184937064
0.2710000000,74.0877279112
0.2720000000,72.9312626221
0.2730000000,71.7491980203
0.2740000000,70.5416471779
0.2750000000,69.3087362546
0.2760000000,68.0506046903
0.2770000000,66.7674053950
0.2780000000,65.4593049334
0.2790000000,64.1264837068
0.2800000000,62.7691361291
0.2810000000,61.3874707994
0.2820000000,59.9817106689
0.2830000000,58.5520932030
0.2840000000,57.0988705376
0.2850000000,55.6223096307
0.2860000000,54.1226924067
0.2870000000,52.6003158958
0.2880000000,51.0554923664
0.2890000000,49.4885494509
0.2900000000,47.8998302645
0.2910000000,46.2896935169
0.2920000000,44.6585136169
0.2930000000,43.0066807685
0.2940000000,41.3346010595
0.2950000000,39.6426965421
0.2960000000,37.9314053042
0.2970000000,36.2011815329
0.2980000000,34.4524955678
0.2990000000,32.6858339461
0.3000000000,30.9016994375
0.3010000000,29.1006110689
0.3020000000,27.2831041400
0.3030000000,25.4497302274
0.3040000000,23.6010571789
0.3050000000,21.7376690962
0.3060000000,19.8601663070
0.3070000000,17.9691653251
0.3080000000,16.0652987993
0.3090000000,14.1492154501
0.3100000000,12.2215799940
0.3110000000,10.2830730558
0.3120000000,8.3343910678
0.3130000000,6.3762461564
0.3140000000,4.4093660152
0.3150000000,2.4344937647
0.3160000000,0.4523877990
0.3170000000,-1.5361783822
0.3180000000,-3.5304163553
0.3190000000,-5.5295229686
0.3200000000,-7.5326805528
0.3210000000,-9.5390571461
0.3220000000,-11.5478067339
0.3230000000,-13.5580695045
0.3240000000,-15.5689721181
0.3250000000,-17.5796279934
0.3260000000,-19.5891376083
0.3270000000,-21.5965888161
0.3280000000,-23.6010571789
0.3290000000,-25.6016063152
0.3300000000,-27.5972882649
0.3310000000,-29.5871438694
0.3320000000,-31.5702031689
0.3330000000,-33.5454858149
0.3340000000,-35.5120015002
0.3350000000,-37.4687504045
0.3360000000,-39.4147236564
0.3370000000,-41.3489038130
0.3380000000,-43.2702653545
0.3390000000,-45.1777751961
0.3400000000,-47.0703932165
0.3410000000,-48.9470728026
0.3420000000,-50.8067614102
0.3430000000,-52.6484011419
0.3440000000,-54.4709293405
0.3450000000,-56.2732791989
0.3460000000,-58.0543803859
0.3470000000,-59.8131596881
0.3480000000,-61.5485416672
0.3490000000,-63.2594493332
0.3500000000,-64.9448048330
0.3510000000,-66.6035301538
0.3520000000,-68.2345478418
0.3530000000,-69.8367817355
0.3540000000,-71.4091577138
0.3550000000,-72.9506044574
0.3560000000,-74.4600542246
0.3570000000,-75.9364436411
0.3580000000,-77.3787145019
0.3590000000,-78.7858145866
0.3600000000,-80.1566984871
0.3610000000,-81.4903284472
0.3620000000,-82.7856752138
0.3630000000,-84.0417188986
0.3640000000,-85.2574498516
0.3650000000,-86.4318695434
0.3660000000,-87.5639914579
0.3670000000,-88.6528419934
0.3680000000,-89.6974613730
0.3690000000,-90.6969045614
0.3700000000,-91.6502421907
0.3710000000,-92.5565614909
0.3720000000,-93.4149672279
0.3730000000,-94.2245826455
0.3740000000,-94.9845504124
0.3750000000,-95.6940335732
0.3760000000,-96.3522165017
0.3770000000,-96.9583058568
0.3780000000,-97.5115315398
0.3790000000,-98.0111476521
0.3800000000,-98.4564334529
0.3810000000,-98.8466943152
0.3820000000,-99.1812626800
0.3830000000,-99.4594990081
0.3840000000,-99.6807927267
0.3850000000,-99.8445631725
0.3860000000,-99.9502605282
0.3870000000,-99.9973667518
0.3880000000,-99.9853964992
0.3890000000,-99.9138980371
0.3900000000,-99.7824541457
0.3910000000,-99.5906830115
0.3920000000,-99.3382391067
0.3930000000,-99.0248140564
0.3940000000,-98.6501374911
0.3950000000,-98.2139778841
0.3960000000,-97.7161433717
0.3970000000,-97.1564825562
0.3980000000,-96.5348852901
0.3990000000,-95.8512834400
0.4000000000,-95.1056516295
0.4010000000,-94.2980079593
0.4020000000,-93.4284147042
0.4030000000,-92.4969789849
0.4040000000,-91.5038534142
0.4050000000,-90.4492367155
0.4060000000,-89.3333743132
0.4070000000,-88.1565588935
0.4080000000,-86.9191309338
0.4090000000,-85.6214792011
0.4100000000,-84.2640412160
0.4110000000,-82.8473036831
0.4120000000,-81.3718028849
0.4130000000,-79.8381250400
0.4140000000,-78.2469066220
0.4150000000,-76.5988346401
0.4160000000,-74.8946468795
0.4170000000,-73.1351320991
0.4180000000,-71.3211301884
0.4190000000,-69.4535322788
0.4200000000,-67.5332808121
0.4210000000,-65.5613695613
0.4220000000,-63.5388436058
0.4230000000,-61.4667992583
0.4240000000,-59.3463839428
0.4250000000,-57.1787960228
0.4260000000,-54.9652845786
0.4270000000,-52.7071491334
0.4280000000,-50.4057393268
0.4290000000,-48.0624545342
0.4300000000,-45.6787434334
0.4310000000,-43.2561035154
0.4320000000,-40.7960805401
0.4330000000,-38.3002679355
0.4340000000,-35.7703061408
0.4350000000,-33.2078818914
0.4360000000,-30.6147274464
0.4370000000,-27.9926197577
0.4380000000,-25.3433795808
0.4390000000,-22.6688705262
0.4400000000,-19.9709980514
0.4410000000,-17.2517083938
0.4420000000,-14.5129874435
0.4430000000,-11.7568595566
0.4440000000,-8.9853863086
0.4450000000,-6.2006651884
0.4460000000,-3.4048282317
0.4470000000,-0.6000405960
0.4480000000,2.2115009240
0.4490000000,5.0275694402
0.4500000000,7.8459095728
0.4510000000,10.6642391103
0.4520000000,13.4802507270
0.4530000000,16.2916137568
0.4540000000,19.0959760238
0.4550000000,21.8909657269
0.4560000000,24.6741933806
0.4570000000,27.4432538069
0.4580000000,30.1957281813
0.4590000000,32.9291861290
0.4600000000,35.6411878713
0.4610000000,38.3292864201
0.4620000000,40.9910298202
0.4630000000,43.6239634365
0.4640000000,46.2256322858
0.4650000000,48.7935834103
0.4660000000,51.3253682920
0.4670000000,53.8185453057
0.4680000000,56.2706822085
0.4690000000,58.6793586639
0.4700000000,61.0421687982
0.4710000000,63.3567237876
0.4720000000,65.6206544726
0.4730000000,67.8316139982
0.4740000000,69.9872804765
0.4750000000,72.0853596703
0.4760000000,74.1235876939
0.4770000000,76.0997337290
0.4780000000,78.0116027521
0.4790000000,79.8570382719
0.4800000000,81.6339250717
0.4810000000,83.3401919557
0.4820000000,84.9738144945
0.4830000000,86.5328177673
0.4840000000,88.0152790977
0.4850000000,89.4193307786
0.4860000000,90.7431627847
0.4870000000,91.9850254663
0.4880000000,93.1432322244
0.4890000000,94.2161621596
0.4900000000,95.2022626946
0.4910000000,96.1000521638
0.4920000000,96.9081223687
0.4930000000,97.6251410926
0.4940000000,98.2498545735
0.4950000000,98.7810899296
0.4960000000,99.2177575332
0.4970000000,99.5588533307
0.4980000000,99.8034611038
0.4990000000,99.9507546671
0.5000000000,100.0000000000
0.5010000000,99.9505573074
0.5020000000,99.8018830059
0.5030000000,99.5535316310
0.5040000000,99.2051576628
0.5050000000,98.7565172638
0.5060000000,98.2074699278
0.5070000000,97.5579800330
0.5080000000,96.8081182987
0.5090000000,95.9580631388
0.5100000000,95.0081019101
0.5110000000,93.9586320519
0.5120000000,92.8101621121
0.5130000000,91.5633126569
0.5140000000,90.2188170611
0.5150000000,88.7775221749
0.5160000000,87.2403888639
0.5170000000,85.6084924202
0.5180000000,83.8830228397
0.5190000000,82.0652849646
0.5200000000,80.1566984871
0.5210000000,78.1587978112
0.5220000000,76.0732317718
0.5230000000,73.9017632065
0.5240000000,71.6462683795
0.5250000000,69.3087362546
0.5260000000,66.8912676154
0.5270000000,64.3960740318
0.5280000000,61.8254766693
0.5290000000,59.1819049421
0.5300000000,56.4678950066
0.5310000000,53.6860880957
0.5320000000,50.8392286921
0.5330000000,47.9301625410
0.5340000000,44.9618345008
0.5350000000,41.9372862320
0.5360000000,38.8596537245
0.5370000000,35.7321646639
0.5380000000,32.5581356355
0.5390000000,29.3409691702
0.5400000000,26.0841506290
0.5410000000,22.7912449314
0.5420000000,19.4658931264
0.5430000000,16.1118088091
0.5440000000,12.7327743850
0.5450000000,9.3326371835
0.5460000000,5.9153054246
0.5470000000,2.4847440397
0.5480000000,-0.9550296483
0.5490000000,-4.3999503841
0.5500000000,-7.8459095728
0.5510000000,-11.2887600038
0.5520000000,-14.7243207013
0.5530000000,-18.1483818961
0.5540000000,-21.5567101151
0.5550000000,-24.9450533820
0.5560000000,-28.3091465254
0.5570000000,-31.6447165871
0.5580000000,-34.9474883265
0.5590000000,-38.2131898125
0.5600000000,-41.4375580993
0.5610000000,-44.6163449768
0.5620000000,-47.7453227904
0.5630000000,-50.8202903221
0.5640000000,-53.8370787258
0.5650000000,-56.7915575090
0.5660000000,-59.6796405527
0.5670000000,-62.4972921619
0.5680000000,-65.2405331380
0.5690000000,-67.9054468638
0.5700000000,-70.4881853942
0.5710000000,-72.9849755414
0.5720000000,-75.3921249467
0.5730000000,-77.7060281295
0.5740000000,-79.9231725039
0.5750000000,-82.0401443526
0.5760000000,-84.0536347491
0.5770000000,-85.9604454187
0.5780000000,-87.7574945268
0.5790000000,-89.4418223855
0.5800000000,-91.0105970685
0.5810000000,-92.4611199229
0.5820000000,-93.7908309691
0.5830000000,-94.9973141773
0.5840000000,-96.0783026107
0.5850000000,-97.0316834249
0.5860000000,-97.8555027141
0.5870000000,-98.5479701916
0.5880000000,-99.1074636978
0.5890000000,-99.5325335214
0.5900000000,-99.8219065278
0.5910000000,-99.9744900819
0.5920000000,-99.9893757564
0.5930000000,-99.8658428169
0.5940000000,-99.6033614724
0.5950000000,-99.2015958840
0.5960000000,-98.6604069207
0.5970000000,-97.9798546552
0.5980000000,-97.1602005903
0.5990000000,-96.2019096073
0.6000000000,-95.1056516295
0.6010000000,-93.8723029914
0.6020000000,-92.5029475082
0.6030000000,-90.9988772373
0.6040000000,-89.3615929254
0.6050000000,-87.5928041357
0.6060000000,-85.6944290481
0.6070000000,-83.6685939285
0.6080000000,-81.5176322614
0.6090000000,-79.2440835418
0.6100000000,-76.8506917219
0.6110000000,-74.3404033103
0.6120000000,-71.7163651195
0.6130000000,-68.9819216609
0.6140000000,-66.1406121839
0.6150000000,-63.1961673594
0.6160000000,-60.1525056063
0.6170000000,-57.0137290613
0.6180000000,-53.7841191925
0.6190000000,-50.4681320589
0.6200000000,-47.0703932165
0.6210000000,-43.5956922745
0.6220000000,-40.0489771046
0.6230000000,-36.4353477082
0.6240000000,-32.7600497443
0.6250000000,-29.0284677254
0.6260000000,-25.2461178869
0.6270000000,-21.4186407353
0.6280000000,-17.5517932856
0.6290000000,-13.6514409936
0.6300000000,-9.7235493922
0.6310000000,-5.7741754434
0.6320000000,-1.8094586136
0.6330000000,2.1643883153
0.6340000000,6.1410886867
0.6350000000,10.1143116518
0.6360000000,14.0776820783
0.6370000000,18.0247906733
0.6380000000,21.9492043047
0.6390000000,25.8444765075
0.6400000000,29.7041581577
0.6410000000,33.5218082989
0.6420000000,37.2910051039
0.6430000000,41.0053569536
0.6440000000,44.6585136169
0.6450000000,48.2441775103
0.6460000000,51.7561150205
0.6470000000,55.1881678696
0.6480000000,58.5342645024
0.6490000000,61.7884314765
0.6500000000,64.9448048330
0.6510000000,67.9976414283
0.6520000000,70.9413302038
0.6530000000,73.7704033729
0.6540000000,76.4795475030
0.6550000000,79.0636144697
0.6560000000,81.5176322614
0.6570000000,83.8368156117
0.6580000000,86.0165764361
0.6590000000,88.0525340519
0.6600000000,89.9405251566
0.6610000000,91.6766135440
0.6620000000,93.2570995336
0.6630000000,94.6785290931
0.6640000000,95.9377026287
0.6650000000,97.0316834249
0.6660000000,97.9578057081
0.6670000000,98.7136823158
0.6680000000,99.2972119483
0.6690000000,99.7065859839
0.6700000000,99.9402948355
0.6710000000,99.9971338312
0.6720000000,99.8762085983
0.6730000000,99.5769399326
0.6740000000,99.0990681370
0.6750000000,98.4426568090
0.6760000000,97.6080960653
0.6770000000,96.5961051845
0.6780000000,95.4077346557
0.6790000000,94.0443676186
0.6800000000,92.5077206834
0.6810000000,90.7998441183
0.6820000000,88.9231213942
0.6830000000,86.8802680792
0.6840000000,84.6743300718
0.6850000000,82.3086811685
0.6860000000,79.7870199600
0.6870000000,77.1133660496
0.6880000000,74.2920555938
0.6890000000,71.3277361612
0.6900000000,68.2253609109
0.6910000000,64.9901820908
0.6920000000,61.6277438584
0.6930000000,58.1438744296
0.6940000000,54.5446775592
0.6950000000,50.8365233612
0.6960000000,47.0260384778
0.6970000000,43.1200956071
0.6980000000,39.1258024003
0.6990000000,35.0504897436
0.7000000000,30.9016994375
0.7010000000,26.6871712916
0.7020000000,22.4148296520
0.7030000000,18.0927693807
0.7040000000,13.7292413084
0.7050000000,9.3326371835
0.7060000000,4.9114741400
0.7070000000,0.4743787115
0.7080000000,-3.9699295832
0.7090000000,-8.4126550533
0.7100000000,-12.8449430200
0.7110000000,-17.2578973383
0.7120000000,-21.6425982253
0.7130000000,-25.9901203621
0.7140000000,-30.2915512324
0.7150000000,-34.5380096650
0.7160000000,-38.7206645393
0.7170000000,-42.8307536198
0.7180000000,-46.8596024778
0.7190000000,-50.7986434613
0.7200000000,-54.6394346734
0.7210000000,-58.3736789161
0.7220000000,-61.9932425586
0.7230000000,-65.4901742880
0.7240000000,-68.8567236974
0.7250000000,-72.0853596703
0.7260000000,-75.1687885157
0.7270000000,-78.0999718111
0.7280000000,-80.8721439091
0.7290000000,-83.4788290627
0.7300000000,-85.9138581274
0.7310000000,-88.1713847940
0.7320000000,-90.2459013105
0.7330000000,-92.1322536494
0.7340000000,-93.8256560783
0.7350000000,-95.3217050914
0.7360000000,-96.6163926621
0.7370000000,-97.7061187753
0.7380000000,-98.5877032012
0.7390000000,-99.2583964722
0.7400000000,-99.7158900261
0.7410000000,-99.9583254801
0.7420000000,-99.9843030023
0.7430000000,-99.7928887464
0.7440000000,-99.3836213212
0.7450000000,-98.7565172638
0.7460000000,-97.9120754908
0.7470000000,-96.8512807004
0.7480000000,-95.5756057055
0.7490000000,-94.0870126724
0.7500000000,-92.3879532511
0.7510000000,-90.4813675769
0.7520000000,-88.3706821316
0.7530000000,-86.0598064531
0.7540000000,-83.5531286823
0.7550000000,-80.8555099444
0.7560000000,-77.9722775580
0.7570000000,-74.9092170743
0.7580000000,-71.6725631463
0.7590000000,-68.2689892345
0.7600000000,-64.7055961569
0.7610000000,-60.9898994941
0.7620000000,-57.1298158637
0.7630000000,-53.1336480810
0.7640000000,-49.0100692272
0.7650000000,-44.7681056457
0.7660000000,-40.4171188958
0.7670000000,-35.9667866913
0.7680000000,-31.4270828555
0.7690000000,-26.8082563312
0.7700000000,-22.1208092790
0.7710000000,-17.3754743104
0.7720000000,-12.5831908951
0.7730000000,-7.7550809922
0.7740000000,-2.9024239539
0.7750000000,1.9633692461
0.7760000000,6.8307824047
0.7770000000,11.6882210447
0.7780000000,16.5240398735
0.7790000000,21.3265706832
0.7800000000,26.0841506290
0.7810000000,30.7851508179
0.7820000000,35.4180051422
0.7830000000,39.9712392857
0.7840000000,44.4334998334
0.7850000000,48.7935834103
0.7860000000,53.0404657767
0.7870000000,57.1633308042
0.7880000000,61.1515992562
0.7890000000,64.9949572975
0.7900000000,68.6833846544
0.7910000000,72.2071823488
0.7920000000,75.5569999274
0.7930000000,78.7238621109
0.7940000000,81.6991947826
0.7950000000,84.4748502427
0.7960000000,87.0431316503
0.7970000000,89.3968165789
0.7980000000,91.5291796110
0.7990000000,93.4340139005
0.8000000000,95.1056516295
0.8010000000,96.5389832934
0.8020000000,97.7294757451
0.8030000000,98.6731889343
0.8040000000,99.3667912800
0.8050000000,99.8075736165
0.8060000000,99.9934616557
0.8070000000,99.9230269131
0.8080000000,99.5954960472
0.8090000000,99.0107585655
0.8100000000,98.1693728546
0.8110000000,97.0725704957
0.8120000000,95.7222588298
0.8130000000,94.1210217438
0.8140000000,92.2721186498
0.8150000000,90.1794816376
0.8160000000,87.8477107826
0.8170000000,85.2820675980
0.8180000000,82.4884666245
0.8190000000,79.4734651555
0.8200000000,76.2442511011
0.8210000000,72.8086290011
0.8220000000,69.1750041988
0.8230000000,65.3523651973
0.8240000000,61.3502642225
0.8250000000,57.1787960228
0.8260000000,52.8485749422
0.8270000000,48.3707103081
0.8280000000,43.7567801800
0.8290000000,39.0188035124
0.8300000000,34.1692107891
0.8310000000,29.2208131914
0.8320000000,24.1867703686
0.8330000000,19.0805568850
0.8340000000,13.9159274196
0.8350000000,8.7068808029
0.8360000000,3.4676229780
0.8370000000,-1.7874710218
0.8380000000,-7.0438959830
0.8390000000,-12.2870562087
0.8400000000,-17.5023058975
0.8410000000,-22.6749900983
0.8420000000,-27.7904861270
0.8430000000,-32.8342453343
0.8440000000,-37.7918351045
0.8450000000,-42.6489809676
0.8460000000,-47.3916087028
0.8470000000,-52.0058863093
0.8480000000,-56.4782657203
0.8490000000,-60.7955241339
0.8500000000,-64.9448048330
0.8510000000,-68.9136573697
0.8520000000,-72.6900769835
0.8530000000,-76.2625431296
0.8540000000,-79.6200569894
0.8550000000,-82.7521778389
0.8560000000,-85.6490581522
0.8570000000,-88.3014773177
0.8580000000,-90.7008738495
0.8590000000,-92.8393759768
0.8600000000,-94.7098304995
0.8610000000,-96.3058297996
0.8620000000,-97.6217369044
0.8630000000,-98.6527084998
0.8640000000,-99.3947157987
0.8650000000,-99.8445631725
0.8660000000,-99.9999044622
0.8670000000,-99.8592568881
0.8680000000,-99.4220124863
0.8690000000,-98.6884470060
0.8700000000,-97.6597262064
0.8710000000,-96.3379095033
0.8720000000,-94.7259509194
0.8730000000,-92.8276973020
0.8740000000,-90.6478837793
0.8750000000,-88.1921264348
0.8760000000,-85.4669121881
0.8770000000,-82.4795858786
0.8780000000,-79.2383345580
0.8790000000,-75.7521690052
0.8800000000,-72.0309024888
0.8810000000,-68.0851268083
0.8820000000,-63.9261856570
0.8830000000,-59.5661453568
0.8840000000,-55.0177630263
0.8850000000,-50.2944522510
0.8860000000,-45.4102463337
0.8870000000,-40.3797592133
0.8880000000,-35.2181441487
0.8890000000,-29.9410502710
0.8900000000,-24.5645771192
0.8910000000,-19.1052272809
0.8920000000,-13.5798572655
0.8930000000,-8.0056267507
0.8940000000,-2.3999463431
0.8950000000,3.2195759926
0.8960000000,8.8351896796
0.8970000000,14.4290572848
0.8980000000,19.9833111155
0.8990000000,25.4801104805
0.9000000000,30.9016994375
0.9010000000,36.2304648403
0.9020000000,41.4489945010
0.9030000000,46.5401352738
0.9040000000,51.4870508685
0.9050000000,56.2732791989
0.9060000000,60.8827890686
0.9070000000,65.3000359986
0.9080000000,69.5100169986
0.9090000000,73.4983240875
0.9100000000,77.2511963678
0.9110000000,80.7555704609
0.9120000000,83.9991291154
0.9130000000,86.9703478009
0.9140000000,89.6585391066
0.9150000000,92.0538947671
0.9160000000,94.1475251458
0.9170000000,95.9314960092
0.9180000000,97.3988624357
0.9190000000,98.5436997088
0.9200000000,99.3611310520
0.9210000000,99.8473520742
0.9220000000,99.9996518006
0.9230000000,99.8164301775
0.9240000000,99.2972119483
0.9250000000,98.4426568090
0.9260000000,97.2545657648
0.9270000000,95.7358836202
0.9280000000,93.8906975484
0.9290000000,91.7242316984
0.9300000000,89.2428378124
0.9310000000,86.4539818383
0.9320000000,83.3662265383
0.9330000000,79.9892101067
0.9340000000,76.3336208258
0.9350000000,72.4111678022
0.9360000000,68.2345478418
0.9370000000,63.8174085352
0.9380000000,59.1743076405
0.9390000000,54.3206688639
0.9400000000,49.2727341548
0.9410000000,44.0475126449
0.9420000000,38.6627263739
0.9430000000,33.1367529608
0.9440000000,27.4885653900
0.9450000000,21.7376690962
0.9460000000,15.9040365436
0.9470000000,10.0080395071
0.9480000000,4.0703792737
0.9490000000,-1.8879850052
0.9500000000,-7.8459095728
0.9510000000,-13.7821406880
0.9520000000,-19.6753903515
0.9530000000,-25.5044128725
0.9540000000,-31.2480820061
0.9550000000,-36.8854683815
0.9560000000,-42.3959169432
0.9570000000,-47.7591241158
0.9580000000,-52.9552144063
0.9590000000,-57.9648161529
0.9600000000,-62.7691361291
0.9610000000,-67.3500327129
0.9620000000,-71.6900873319
0.9630000000,-75.7726738974
0.9640000000,-79.5820259454
0.9650000000,-83.1033012061
0.9660000000,-86.3226433303
0.9670000000,-89.2272405084
0.9680000000,-91.8053807244
0.9690000000,-94.0465033990
0.9700000000,-95.9412471854
0.9710000000,-97.4814936921
0.9720000000,-98.6604069207
0.9730000000,-99.4724682200
0.9740000000,-99.9135065732
0.9750000000,-99.9807240482
0.9760000000,-99.6727162603
0.9770000000,-98.9894877118
0.9780000000,-97.9324618924
0.9790000000,-96.5044860422
0.9800000000,-94.7098304995
0.9810000000,-92.5541825745
0.9820000000,-90.0446349121
0.9830000000,-87.1896683270
0.9840000000,-83.9991291154
0.9850000000,-80.4842008724
0.9860000000,-76.6573708606
0.9870000000,-72.5323910038
0.9880000000,-68.1242335974
0.9890000000,-63.4490418513
0.9900000000,-58.5240754026
0.9910000000,-53.3676509569
0.9920000000,-47.9990782401
0.9930000000,-42.4385914602
0.9940000000,-36.7072765043
0.9950000000,-30.8269941102
0.9960000000,-24.8202992769
0.9970000000,-18.7103571922
0.9980000000,-12.5208559765
0.9990000000,-6.2759165564
1.0000000000,-0.0000000000
1.0010000000,6.2821873433
1.0020000000,12.5457905385
1.0030000000,18.7659042269
1.0040000000,24.9176718726
1.0050000000,30.9763857031
1.0060000000,36.9175869458
1.0070000000,42.7171659562
1.0080000000,48.3514618271
1.0090000000,53.7973610672
1.0100000000,59.0323949356
1.0110000000,64.0348350163
1.0120000000,68.7837866232
1.0130000000,73.2592796265
1.0140000000,77.4423562973
1.0150000000,81.3151557763
1.0160000000,84.8609947799
1.0170000000,88.0644441670
1.0180000000,90.9114010060
1.0190000000,93.3891557908
1.0200000000,95.4864544747
1.0210000000,97.1935550063
1.0220000000,98.5022780717
1.0230000000,99.4060517677
1.0240000000,99.8999499531
1.0250000000,99.9807240482
1.0260000000,99.6468280788
1.0270000000,98.8984367859
1.0280000000,97.7374566501
1.0290000000,96.1675297087
1.0300000000,94.1940300709
1.0310000000,91.8240530700
1.0320000000,89.0663970185
1.0330000000,85.9315375656
1.0340000000,82.4315946898
1.0350000000,78.5802923870
1.0360000000,74.3929111526
1.0370000000,69.8862333836
1.0380000000,65.0784818630
1.0390000000,59.9892515174
1.0400000000,54.6394346734
1.0410000000,49.0511400682
1.0420000000,43.2476058997
1.0430000000,37.2531072326
1.0440000000,31.0928581058
1.0450000000,24.7929087105
1.0460000000,18.3800380412
1.0470000000,11.8816424395
1.0480000000,5.3256204805
1.0490000000,-1.2597453323
1.0500000000,-7.8459095728
1.0510000000,-14.4041870932
1.0520000000,-20.9058778978
1.0530000000,-27.3223931519
1.0540000000,-33.6253817790
1.0550000000,-39.7868570868
1.0560000000,-45.7793228595
1.0570000000,-51.5758983456
1.0580000000,-57.1504415705
1.0590000000,-62.4776704036
1.0600000000,-67.5332808121
1.0610000000,-72.2940617396
1.0620000000,-76.7380060572
1.0630000000,-80.8444170434
1.0640000000,-84.5940098666
1.0650000000,-87.9690075559
1.0660000000,-90.9532309689
1.0670000000,-93.5321822839
1.0680000000,-95.6931215698
1.0690000000,-97.4251360115
1.0700000000,-98.7192013995
1.0710000000,-99.5682355205
1.0720000000,-99.9671431229
1.0730000000,-99.9128521611
1.0740000000,-99.4043410641
1.0750000000,-98.4426568090
1.0760000000,-97.0309236230
1.0770000000,-95.1743421763
1.0780000000,-92.8801791731
1.0790000000,-90.1577472917
1.0800000000,-87.0183754670
1.0810000000,-83.4753695578
1.0820000000,-79.5439634837
1.0830000000,-75.2412609631
1.0840000000,-70.5861680320
1.0850000000,-65.5993165657
1.0860000000,-60.3029790734
1.0870000000,-54.7209750787
1.0880000000,-48.8785694438
1.0890000000,-42.8023630377
1.0900000000,-36.5201761892
1.0910000000,-30.0609254058
1.0920000000,-23.4544938793
1.0930000000,-16.7315963299
1.0940000000,-9.9236387815
1.0950000000,-3.0625738854
1.0960000000,3.8192475562
1.0970000000,10.6892281935
1.0980000000,17.5146781596
1.0990000000,24.2629708102
1.1000000000,30.9016994375
1.1010000000,37.3988342102
1.1020000000,43.7228785797
1.1030000000,49.8430243888
1.1040000000,55.7293049156
1.1050000000,61.3527450849
1.1060000000,66.6855080866
1.1070000000,71.7010376485
1.1080000000,76.3741952218
1.1090000000,80.6813913571
1.1100000000,84.6007105668
1.1110000000,88.1120289934
1.1120000000,91.1971242334
1.1130000000,93.8397766948
1.1140000000,96.0258619038
1.1150000000,97.7434332132
1.1160000000,98.9827944051
1.1170000000,99.7365617301
1.1180000000,99.9997149660
1.1190000000,99.7696371352
1.1200000000,99.0461425697
1.1210000000,97.8314930678
1.1220000000,96.1304019459
1.1230000000,93.9500258441
1.1240000000,91.2999442090
1.1250000000,88.1921264348
1.1260000000,84.6408867088
1.1270000000,80.6628266692
1.1280000000,76.2767660479
1.1290000000,71.5036615318
1.1300000000,66.3665141432
1.1310000000,60.8902654966
1.1320000000,55.1016833563
1.1330000000,49.0292369746
1.1340000000,42.7029627516
1.1350000000,36.1543208105
1.1360000000,29.4160431403
1.1370000000,22.5219740046
1.1380000000,15.5069033670
1.1390000000,8.4063941248
1.1400000000,1.2566039883
1.1410000000,-5.9058971239
1.1420000000,-13.0443132672
1.1430000000,-20.1218112956
1.1440000000,-27.1017113702
1.1450000000,-33.9476781722
1.1460000000,-40.6239118262
1.1470000000,-47.0953375314
1.1480000000,-53.3277928915
1.1490000000,-59.2882119362
1.1500000000,-64.9448048330
1.1510000000,-70.2672323005
1.1520000000,-75.2267737483
1.1530000000,-79.7964881959
1.1540000000,-83.9513670449
1.1550000000,-87.6684778181
1.1560000000,-90.9270980114
1.1570000000,-93.7088382530
1.1580000000,-95.9977540081
1.1590000000,-97.7804451246
1.1600000000,-99.0461425697
1.1610000000,-99.7867817692
1.1620000000,-99.9970620305
1.1630000000,-99.6744915953
1.1640000000,-98.8194179422
1.1650000000,-97.4350430392
1.1660000000,-95.5274233166
1.1670000000,-93.1054542197
1.1680000000,-90.1808392778
1.1690000000,-86.7680437123
1.1700000000,-82.8842326905
1.1710000000,-78.5491944178
1.1720000000,-73.7852483467
1.1730000000,-68.6171388643
1.1740000000,-63.0719149055
1.1750000000,-57.1787960228
1.1760000000,-50.9690255195
1.1770000000,-44.4757113395
1.1780000000,-37.7336554731
1.1790000000,-30.7791727184
1.1800000000,-23.6498997024
1.1810000000,-16.3845951292
1.1820000000,-9.0229322867
1.1830000000,-1.6052848926
1.1840000000,5.8274925857
1.1850000000,13.2342889627
1.1860000000,20.5739635042
1.1870000000,27.8055749888
1.1880000000,34.8886113954
1.1890000000,41.7832189283
1.1900000000,48.4504290844
1.1910000000,54.8523824631
1.1920000000,60.9525480231
1.1930000000,66.7159365038
1.1940000000,72.1093067453
1.1950000000,77.1013636710
1.1960000000,81.6629467282
1.1970000000,85.7672076266
1.1980000000,89.3897762590
1.1990000000,92.5089137490
1.2000000000,95.1056516295
1.2010000000,97.1639162270
1.2020000000,98.6706374006
1.2030000000,99.6158408666
1.2040000000,99.9927234263
1.2050000000,99.7977105058
1.2060000000,99.0304955133
1.2070000000,97.6940606195
1.2080000000,95.7946786719
1.2090000000,93.3418960577
1.2100000000,90.3484964433
1.2110000000,86.8304454270
1.2120000000,82.8068162539
1.2130000000,78.2996968554
1.2140000000,73.3340785894
1.2150000000,67.9377271665
1.2160000000,62.1410363596
1.2170000000,55.9768652035
1.2180000000,49.4803594931
1.2190000000,42.6887584933
1.2200000000,35.6411878713
1.2210000000,28.3784399522
1.2220000000,20.9427424887
1.2230000000,13.3775172163
1.2240000000,5.7271295380
1.2250000000,-1.9633692461
1.2260000000,-9.6485056937
1.2270000000,-17.2826524346
1.2280000000,-24.8202992769
1.2290000000,-32.2163256036
1.2300000000,-39.4262724343
1.2310000000,-46.4066125102
1.2320000000,-53.1150167558
1.2330000000,-59.5106154747
1.2340000000,-65.5542526535
1.2350000000,-71.2087317693
1.2360000000,-76.4390515338
1.2370000000,-81.2126300515
1.2380000000,-85.4995159225
1.2390000000,-89.2725848873
1.2400000000,-92.5077206834
1.2410000000,-95.1839788661
1.2420000000,-97.2837324389
1.2430000000,-98.7927982391
1.2440000000,-99.7005431282
1.2450000000,-99.9999691575
1.2460000000,-99.6877769950
1.2470000000,-98.7644070313
1.2480000000,-97.2340577111
1.2490000000,-95.1046807771
1.2500000000,-92.3879532511
1.2510000000,-89.0992261216
1.2520000000,-85.2574498516
1.2530000000,-80.8850769674
1.2540000000,-76.0079421356
1.2550000000,-70.6551202787
1.2560000000,-64.8587634273
1.2570000000,-58.6539171445
1.2580000000,-52.0783174979
1.2590000000,-45.1721696855
1.2600000000,-37.9779095522
1.2610000000,-30.5399493504
1.2620000000,-22.9044092177
1.2630000000,-15.1188359454
1.2640000000,-7.2319107115
1.2650000000,0.7068524607
1.2660000000,8.6474156806
1.2670000000,16.5395317005
1.2680000000,24.3330619990
1.2690000000,31.9782964343
1.2700000000,39.4262724343
1.2710000000,46.6290916736
1.2720000000,53.5402321800
1.2730000000,60.1148538241
1.2740000000,66.3100951662
1.2750000000,72.0853596703
1.2760000000,77.4025893430
1.2770000000,82.2265239177
1.2780000000,86.5249437792
1.2790000000,90.2688949107
1.2800000000,93.4328942457
1.2810000000,95.9951139182
1.2820000000,97.9375430287
1.2830000000,99.2461256736
1.2840000000,99.9108741335
1.2850000000,99.9259562637
1.2860000000,99.2897562921
1.2870000000,98.0049083969
1.2880000000,96.0783026107
1.2890000000,93.5210627737
1.2900000000,90.3484964433
1.2910000000,86.5800168518
1.2920000000,82.2390371899
1.2930000000,77.3528376808
1.2940000000,71.9524060975
1.2950000000,66.0722525563
1.2960000000,59.7501996028
1.2970000000,53.0271487815
1.2980000000,45.9468250475
1.2990000000,38.5555005468
1.3000000000,30.9016994375
1.3010000000,23.0358855772
1.3020000000,15.0101350293
1.3030000000,6.8777954667
1.3040000000,-1.3068653412
1.3050000000,-9.4890196751
1.3060000000,-17.6136462831
1.3070000000,-25.6259006369
1.3080000000,-33.4714865489
1.3090000000,-41.0970266338
1.3100000000,-48.4504290844
1.3110000000,-55.4812482294
1.3120000000,-62.1410363596
1.3130000000,-68.3836843435
1.3140000000,-74.1657486047
1.3150000000,-79.4467621051
1.3160000000,-84.1895270629
1.3170000000,-88.3603872386
1.3180000000,-91.9294777436
1.3190000000,-94.8709504570
1.3200000000,-97.1631732915
1.3210000000,-98.7889017092
1.3220000000,-99.7354210685
1.3230000000,-99.9946585683
1.3240000000,-99.5632637610
1.3250000000,-98.4426568090
1.3260000000,-96.6390438818
1.3270000000,-94.1633993121
1.3280000000,-91.0314143587
1.3290000000,-87.2634126597
1.3300000000,-82.8842326905
1.3310000000,-77.9230777796
1.3320000000,-72.4133344687
1.3330000000,-66.3923602340
1.3340000000,-59.9012418138
1.3350000000,-52.9845256058
1.3360000000,-45.6899218129
1.3370000000,-38.0679842160
1.3380000000,-30.1717676464
1.3390000000,-22.0564654085
1.3400000000,-13.7790290685
1.3410000000,-5.3977731743
1.3420000000,3.0280323942
1.3430000000,11.4385796329
1.3440000000,19.7739462691
1.3450000000,27.9745232811
1.3460000000,35.9814430401
1.3470000000,43.7370050019
1.3480000000,51.1850958612
1.3490000000,58.2716010921
1.3500000000,64.9448048330
1.3510000000,71.1557751258
1.3520000000,76.8587316003
1.3530000000,82.0113927919
1.3540000000,86.5753004035
1.3550000000,90.5161179634
1.3560000000,93.8039014951
1.3570000000,96.4133399955
1.3580000000,98.3239637186
1.3590000000,99.5203184788
1.3600000000,99.9921044204
1.3610000000,99.7342779460
1.3620000000,98.7471157568
1.3630000000,97.0362402253
1.3640000000,94.6126056021
1.3650000000,91.4924448395
1.3660000000,87.6971771102
1.3670000000,83.2532763845
1.3680000000,78.1921017307
1.3690000000,72.5496902866
1.3700000000,66.3665141432
1.3710000000,59.6872026607
1.3720000000,52.5602320079
1.3730000000,45.0375839837
1.3740000000,37.1743764222
1.3750000000,29.0284677254
1.3760000000,20.6600382804
1.3770000000,12.1311517203
1.3780000000,3.5052991702
1.3790000000,-5.1530702266
1.3800000000,-13.7790290685
1.3810000000,-22.3076581993
1.3820000000,-30.6745363284
1.3830000000,-38.8162290816
1.3840000000,-46.6707737691
1.3850000000,-54.1781561494
1.3860000000,-61.2807755007
1.3870000000,-67.9238943599
1.3880000000,-74.0560693769
1.3890000000,-79.6295598396
1.3900000000,-84.6007105668
1.3910000000,-88.9303060311
1.3920000000,-92.5838927645
1.3930000000,-95.5320673188
1.3940000000,-97.7507272897
1.3950000000,-99.2212831803
1.3960000000,-99.9308291551
1.3970000000,-99.8722710439
1.3980000000,-99.0444102638
1.3990000000,-97.4519826632
1.4000000000,-95.1056516295
1.4010000000,-92.0219551545
1.4020000000,-88.2232069068
1.4030000000,-83.7373517205
1.4040000000,-78.5977762702
1.4050000000,-72.8430760605
1.4060000000,-66.5167802106
1.4070000000,-59.6670358614
1.4080000000,-52.3462543654
1.4090000000,-44.6107217427
1.4100000000,-36.5201761892
1.4110000000,-28.1373557108
1.4120000000,-19.5275192219
1.4130000000,-10.7579446862
1.4140000000,-1.8974080949
1.4150000000,6.9843527364
1.4160000000,15.8171854137
1.4170000000,24.5310769880
1.4180000000,33.0567103987
1.4190000000,41.3260189179
1.4200000000,49.2727341548
1.4210000000,56.8329231884
1.4220000000,63.9455104426
1.4230000000,70.5527800029
1.4240000000,76.6008541892
1.4250000000,82.0401443526
1.4260000000,86.8257700535
1.4270000000,90.9179429952
1.4280000000,94.2823123421
1.4290000000,96.8902683314
1.4300000000,98.7192013995
1.4310000000,99.7527143788
1.4320000000,99.9807856799
1.4330000000,99.3998817560
1.4340000000,98.0130175424
1.4350000000,95.8297639803
1.4360000000,92.8662021537
1.4370000000,89.1448240070
1.4380000000,84.6943800449
1.4390000000,79.5496748553
1.4400000000,73.7513117358
1.4410000000,67.3453881316
1.4420000000,60.3831440147
1.4430000000,52.9205657448
1.4440000000,45.0179483382
1.4450000000,36.7394194477
1.4460000000,28.1524286987
1.4470000000,19.3272063509
1.4480000000,10.3361955440
1.4490000000,1.2534626431
1.4500000000,-7.8459095728
1.4510000000,-16.8864409568
1.4520000000,-25.7928801990
1.4530000000,-34.4908330140
1.4540000000,-42.9073870684
1.4550000000,-50.9717283887
1.4560000000,-58.6157440120
1.4570000000,-65.7746057134
1.4580000000,-72.3873297545
1.4590000000,-78.3973077570
1.4600000000,-83.7528040042
1.4610000000,-88.4074147159
1.4620000000,-92.3204851248
1.4630000000,-95.4574805031
1.4640000000,-97.7903076451
1.4650000000,-99.2975837021
1.4660000000,-99.9648496868
1.4670000000,-99.7847264127
1.4680000000,-98.7570111053
1.4690000000,-96.8887134156
1.4700000000,-94.1940300709
1.4710000000,-90.6942579218
1.4720000000,-86.4176456674
1.4730000000,-81.3991850723
1.4740000000,-75.6803430185
1.4750000000,-69.3087362546
1.4760000000,-62.3377512182
1.4770000000,-54.8261118033
1.4780000000,-46.8373984186
1.4790000000,-38.4395221369
1.4800000000,-29.7041581577
1.4810000000,-20.7061431959
1.4820000000,-11.5228417656
1.4830000000,-2.2334866406
1.4840000000,7.0815009523
1.4850000000,16.3412056282
1.4860000000,25.4649206681
1.4870000000,34.3728532866
1.4880000000,42.9868261844
1.4890000000,51.2309692031
1.4900000000,59.0323949356
1.4910000000,66.3218522294
1.4920000000,73.0343516656
1.4930000000,79.1097572897
1.4940000000,84.4933391211
1.4950000000,89.1362812648
1.4960000000,92.9961408003
1.4970000000,96.0372530168
1.4980000000,98.2310790003
1.4990000000,99.5564920612
1.5000000000,100.0000000000
1.5010000000,99.5559007612
1.5020000000,98.2263695942
1.5030000000,96.0214764416
1.5040000000,92.9591328854
1.5050000000,89.0649686112
1.5060000000,84.3721379813
1.5070000000,78.9210579431
1.5080000000,72.7590791267
1.5090000000,65.9400926065
1.5100000000,58.5240754026
1.5110000000,50.5765783786
1.5120000000,42.1681607468
1.5130000000,33.3737759107
1.5140000000,24.2721138583
1.5150000000,14.9449057603
1.5160000000,5.4761968177
1.5170000000,-4.0484062519
1.5180000000,-13.5425064165
1.5190000000,-22.9196993186
1.5200000000,-32.0943609807
1.5210000000,-40.9824330547
1.5220000000,-49.5021984038
1.5230000000,-57.5750398314
1.5240000000,-65.1261748662
1.5250000000,-72.0853596703
1.5260000000,-78.3875553676
1.5270000000,-83.9735503727
1.5280000000,-88.7905326590
1.5290000000,-92.7926063121
1.5300000000,-95.9412471854
1.5310000000,-98.2056929951
1.5320000000,-99.5632637610
1.5330000000,-99.9996091146
1.5340000000,-99.5088796459
1.5350000000,-98.0938201469
1.5360000000,-95.7657833205
1.5370000000,-92.5446632550
1.5380000000,-88.4587487115
1.5390000000,-83.5444970231
1.5400000000,-77.8462301567
1.5410000000,-71.4157552341
1.5420000000,-64.3119125407
1.5430000000,-56.6000547561
1.5440000000,-48.3514618271
1.5450000000,-39.6426965421
1.5460000000,-30.5549064781
1.5470000000,-21.1730785399
1.5480000000,-11.5852528184
1.5490000000,-1.8817029361
1.5500000000,7.8459095728
1.5510000000,17.5053989890
1.5520000000,27.0049291452
1.5530000000,36.2538889119
1.5540000000,45.1637610854
1.5550000000,53.6489763250
1.5560000000,61.6277438584
1.5570000000,69.0228508279
1.5580000000,75.7624223860
1.5590000000,81.7806349563
1.5600000000,87.0183754670
1.5610000000,91.4238398240
1.5620000000,94.9530644214
1.5630000000,97.5703850826
1.5640000000,99.2488184820
1.5650000000,99.9703618084
1.5660000000,99.7262071865
1.5670000000,98.5168681763
1.5680000000,96.3522165017
1.5690000000,93.2514280186
1.5700000000,89.2428378124
1.5710000000,84.3637051985
1.5720000000,78.6598902906
1.5730000000,72.1854446793
1.5740000000,65.0021196265
1.5750000000,57.1787960228
1.5760000000,48.7908411544
1.5770000000,39.9193980924
1.5780000000,30.6506142274
1.5790000000,21.0748161275
1.5800000000,11.2856384873
1.5810000000,1.3791154542
1.5820000000,-8.5472569423
1.5830000000,-18.3954781703
1.5840000000,-28.0680110303
1.5850000000,-37.4687504045
1.5860000000,-46.5039832958
1.5870000000,-55.0833305397
1.5880000000,-63.1206606730
1.5890000000,-70.5349666474
1.5900000000,-77.2511963678
1.5910000000,-83.2010284268
1.5920000000,-88.3235848837
1.5930000000,-92.5660735026
1.5940000000,-95.8843525117
1.5950000000,-98.2434116692
1.5960000000,-99.6177642127
1.5970000000,-99.9917451271
1.5980000000,-99.3597120723
1.5990000000,-97.7261462686
1.6000000000,-95.1056516295
1.6010000000,-91.5228514490
1.6020000000,-87.0121829855
1.6030000000,-81.6175913254
1.6040000000,-75.3921249467
1.6050000000,-68.3974364235
1.6060000000,-60.7031927099
1.6070000000,-52.3864004002
1.6080000000,-43.5306522774
1.6090000000,-34.2253023188
1.6100000000,-24.5645771192
1.6110000000,-14.6466324106
1.6120000000,-4.5725639904
1.6130000000,5.5546170830
1.6140000000,15.6310347228
1.6150000000,25.5530128220
1.6160000000,35.2181441487
1.6170000000,44.5263521091
1.6180000000,53.3809343456
1.6190000000,61.6895772371
1.6200000000,69.3653305813
1.6210000000,76.3275320669
1.6220000000,82.5026715844
1.6230000000,87.8251859682
1.6240000000,92.2381754152
1.6250000000,95.6940335732
1.6260000000,98.1549841288
1.6270000000,99.5935176493
1.6280000000,99.9927234263
1.6290000000,99.3465121316
1.6300000000,97.6597262064
1.6310000000,94.9481360659
1.6320000000,91.2383213862
1.6330000000,86.5674379473
1.6340000000,80.9828717205
1.6350000000,74.5417830913
1.6360000000,67.3105452980
1.6370000000,59.3640823179
1.6380000000,50.7851125438
1.6390000000,41.6633056440
1.6400000000,32.0943609807
1.6410000000,22.1790168663
1.6420000000,12.0220007458
1.6430000000,1.7309311058
1.6440000000,-8.5848174869
1.6450000000,-18.8152743316
1.6460000000,-28.8510452748
1.6470000000,-38.5844856432
1.6480000000,-47.9108608453
1.6490000000,-56.7294820886
1.6500000000,-64.9448048330
1.6510000000,-72.4674778978
1.6520000000,-79.2153315847
1.6530000000,-85.1142937405
1.6540000000,-90.0992233784
1.6550000000,-94.1146522876
1.6560000000,-97.1154259834
1.6570000000,-99.0672363742
1.6580000000,-99.9470396407
1.6590000000,-99.7433540199
1.6600000000,-98.4564334529
1.6610000000,-96.0983143809
1.6620000000,-92.6927343342
1.6630000000,-88.2749223554
1.6640000000,-82.8912626974
1.6650000000,-76.5988346401
1.6660000000,-69.4648326513
1.6670000000,-61.5658724645
1.6680000000,-52.9871899466
1.6690000000,-43.8217408606
1.6700000000,-34.1692107891
1.6710000000,-24.1349455434
1.6720000000,-13.8288133471
1.6730000000,-3.3640109243
1.6740000000,7.1441736619
1.6750000000,17.5796279934
1.6760000000,27.8266982425
1.6770000000,37.7714739294
1.6780000000,47.3030602168
1.6790000000,56.3148234892
1.6800000000,64.7055961569
1.6810000000,72.3808269683
1.6820000000,79.2536636173
1.6830000000,85.2459550904
1.6840000000,90.2891619996
1.6850000000,94.3251640883
1.6860000000,97.3069551710
1.6870000000,99.1992169589
1.6880000000,99.9787645212
1.6890000000,99.6348575231
1.6900000000,98.1693728546
1.6910000000,95.5968357953
1.6920000000,91.9443084389
1.6930000000,87.2511357131
1.6940000000,81.5685509428
1.6950000000,74.9591445206
1.6960000000,67.4962008295
1.6970000000,59.2629101026
1.6980000000,50.3514633841
1.6990000000,40.8620401483
1.7000000000,30.9016994375
1.7010000000,20.5831865642
1.7020000000,10.0236684827
1.7030000000,-0.6565881468
1.7040000000,-11.3355814114
1.7050000000,-21.8909657269
1.7060000000,-32.2014547267
1.7070000000,-42.1482193860
1.7080000000,-51.6162652430
1.7090000000,-60.4957726952
1.7100000000,-68.6833846544
1.7110000000,-76.0834263341
1.7120000000,-82.6090426107
1.7130000000,-88.1832392490
1.7140000000,-92.7398152912
1.7150000000,-96.2241750799
1.7160000000,-98.5940096967
1.7170000000,-99.8198390448
1.7180000000,-99.8854073609
1.7190000000,-98.7879266018
1.7200000000,-96.5381638833
1.7210000000,-93.1603709528
1.7220000000,-88.6920555055
1.7230000000,-83.1835960154
1.7240000000,-76.6977035984
1.7250000000,-69.3087362546
1.7260000000,-61.1018726113
1.7270000000,-52.1721540036
1.7280000000,-42.6234053440
1.7290000000,-32.5670467507
1.7300000000,-22.1208092790
1.7310000000,-11.4073693438
1.7320000000,-0.5529174897
1.7330000000,10.3143219344
1.7340000000,21.0656029328
1.7350000000,31.5731840798
1.7360000000,41.7118507231
1.7370000000,51.3604150121
1.7380000000,60.4031757179
1.7390000000,68.7313201584
1.7400000000,76.2442511011
1.7410000000,82.8508222852
1.7420000000,88.4704671819
1.7430000000,93.0342067744
1.7440000000,96.4855234900
1.7450000000,98.7810899296
1.7460000000,99.8913427055
1.7470000000,99.8008934934
1.7480000000,98.5087713129
1.7490000000,96.0284920439
1.7500000000,92.3879532511
1.7510000000,87.6291544873
1.7520000000,81.8077453674
1.7530000000,74.9924058125
1.7540000000,67.2640649365
1.7550000000,58.7149670609
1.7560000000,49.4475952673
1.7570000000,39.5734647151
1.7580000000,29.2117996304
1.7590000000,18.4881094002
1.7600000000,7.5326805528
1.7610000000,-3.5209974369
1.7620000000,-14.5378536360
1.7630000000,-25.3828848332
1.7640000000,-35.9228123216
1.7650000000,-46.0277259540
1.7660000000,-55.5726951478
1.7670000000,-64.4393267743
1.7680000000,-72.5172503730
1.7690000000,-79.7055118895
1.7700000000,-85.9138581274
1.7710000000,-91.0638953273
1.7720000000,-95.0901067271
1.7730000000,-97.9407155975
1.7740000000,-99.5783820688
1.7750000000,-99.9807240482
1.7760000000,-99.1406546476
1.7770000000,-97.0665307775
1.7780000000,-93.7821098796
1.7790000000,-89.3263141492
1.7800000000,-83.7528040042
1.7810000000,-77.1293649590
1.7820000000,-69.5371144362
1.7830000000,-61.0695373555
1.7840000000,-51.8313615597
1.7850000000,-41.9372862320
1.7860000000,-31.5105784107
1.7870000000,-20.6815544792
1.7880000000,-9.5859650864
1.7890000000,1.6366966913
1.7900000000,12.8449430200
1.7910000000,23.8970730240
1.7920000000,34.6529661688
1.7930000000,44.9758646251
1.7940000000,54.7341218983
1.7950000000,63.8028952775
1.7960000000,72.0657602057
1.7970000000,79.4162255150
1.7980000000,85.7591295801
1.7990000000,91.0118988229
1.8000000000,95.1056516295
1.8010000000,97.9861325975
1.8020000000,99.6144640985
1.8030000000,99.9677043957
1.8040000000,99.0392039619
1.8050000000,96.8387541833
1.8060000000,93.3925252654
1.8070000000,88.7427928558
1.8080000000,82.9474556210
1.8090000000,76.0793487345
1.8100000000,68.2253609109
1.8110000000,59.4853652201
1.8120000000,49.9709764034
1.8130000000,39.8041497621
1.8140000000,29.1156388512
1.8150000000,18.0433311760
1.8160000000,6.7304828158
1.8170000000,-4.6761256344
1.8180000000,-16.0280882223
1.8190000000,-27.1773034303
1.8200000000,-37.9779095522
1.8210000000,-48.2882003593
1.8220000000,-57.9724958347
1.8230000000,-66.9029431631
1.8240000000,-74.9612239063
1.8250000000,-82.0401443526
1.8260000000,-88.0450874055
1.8270000000,-92.8953060480
1.8280000000,-96.5250403640
1.8290000000,-98.8844423077
1.8300000000,-99.9402948355
1.8310000000,-99.6765146470
1.8320000000,-98.0944305727
1.8330000000,-95.2128325658
1.8340000000,-91.0677892691
1.8350000000,-85.7122351887
1.8360000000,-79.2153315847
1.8370000000,-71.6616082312
1.8380000000,-63.1498961736
1.8390000000,-53.7920644766
1.8400000000,-43.7115766651
1.8410000000,-33.0418850902
1.8420000000,-21.9246837502
1.8430000000,-10.5080421413
1.8440000000,1.0555555290
1.8450000000,12.6112399893
1.8460000000,24.0038285263
1.8470000000,35.0799109418
1.8480000000,45.6899218129
1.8490000000,55.6901710153
1.8500000000,64.9448048330
1.8510000000,73.3276707226
1.8520000000,80.7240599168
1.8530000000,87.0323035258
1.8540000000,92.1651996126
1.8550000000,96.0512508578
1.8560000000,98.6356948623
1.8570000000,99.8813118345
1.8580000000,99.7689973370
1.8590000000,98.2980908867
1.8600000000,95.4864544747
1.8610000000,91.3702984503
1.8620000000,86.0037556555
1.8630000000,79.4582081517
1.8640000000,71.8213743074
1.8650000000,63.1961673594
1.8660000000,53.6993397830
1.8670000000,43.4599308517
1.8680000000,32.6175376035
1.8690000000,21.3204320053
1.8700000000,9.7235493922
1.8710000000,-2.0136247892
1.8720000000,-13.7292413084
1.8730000000,-25.2613167109
1.8740000000,-36.4499754679
1.8750000000,-47.1396736826
1.8760000000,-57.1813733617
1.8770000000,-66.4346367333
1.8780000000,-74.7696109933
1.8790000000,-82.0688751848
1.8800000000,-88.2291226435
1.8810000000,-93.1626545536
1.8820000000,-96.7986626336
1.8830000000,-99.0842817684
1.8840000000,-99.9853964992
1.8850000000,-99.4871886215
1.8860000000,-97.5944166921
1.8870000000,-94.3314219508
1.8880000000,-89.7418589747
1.8890000000,-83.8881532512
1.8900000000,-76.8506917219
1.8910000000,-68.7267561609
1.8920000000,-59.6292129553
1.8930000000,-49.6849763951
1.8940000000,-39.0332659056
1.8950000000,-27.8236807172
1.8960000000,-16.2141182219
1.8970000000,-4.3685646657
1.8980000000,7.5452111616
1.8990000000,19.3580289823
1.9000000000,30.9016994375
1.9010000000,42.0114237669
1.9020000000,52.5281564935
1.9030000000,62.3008971381
1.9040000000,71.1888777703
1.9050000000,79.0636144697
1.9060000000,85.8107925044
1.9070000000,91.3319572133
1.9080000000,95.5459851818
1.9090000000,98.3903132879
1.9100000000,99.8219065278
1.9110000000,99.8179491703
1.9120000000,98.3762476726
1.9130000000,95.5153378803
1.9140000000,91.2742932554
1.9150000000,85.7122351887
1.9160000000,78.9075507718
1.9170000000,70.9568276895
1.9180000000,61.9735200648
1.9190000000,52.0863630957
1.9200000000,41.4375580993
1.9210000000,30.1807530704
1.9220000000,18.4788470149
1.9230000000,6.5016490825
1.9240000000,-5.5765741454
1.9250000000,-17.5796279934
1.9260000000,-29.3319590766
1.9270000000,-40.6612273174
1.9280000000,-51.4008428899
1.9290000000,-61.3924306465
1.9300000000,-70.4881853942
1.9310000000,-78.5530827495
1.9320000000,-85.4669121881
1.9330000000,-91.1261013064
1.9340000000,-95.4453031815
1.9350000000,-98.3587220335
1.9360000000,-99.8211560951
1.9370000000,-99.8087406413
1.9380000000,-98.3193784647
1.9390000000,-95.3728496319
1.9400000000,-91.0105970685
1.9410000000,-85.2951893195
1.9420000000,-78.3094666434
1.9430000000,-70.1553813624
1.9440000000,-60.9525480231
1.9450000000,-50.8365233612
1.9460000000,-39.9568402357
1.9470000000,-28.4748235430
1.9480000000,-16.5612195726
1.9490000000,-4.3936732751
1.9500000000,7.8459095728
1.9510000000,19.9740763470
1.9520000000,31.8085773321
1.9530000000,43.1711100799
1.9540000000,53.8900170051
1.9550000000,63.8028952775
1.9560000000,72.7590791267
1.9570000000,80.6219563354
1.9580000000,87.2710829523
1.9590000000,92.6040630734
1.9600000000,96.5381638833
1.9610000000,99.0116399654
1.9620000000,99.9847451377
1.9630000000,99.4404146783
1.9640000000,97.3846057071
1.9650000000,93.8462886234
1.9660000000,88.8770877700
1.9670000000,82.5505748445
1.9680000000,74.9612239063
1.9690000000,66.2230420660
1.9700000000,56.4678950066
1.9710000000,45.8435512891
1.9720000000,34.5114738718
1.9730000000,22.6443913433
1.9740000000,10.4236849728
1.9750000000,-1.9633692461
1.9760000000,-14.3264618873
1.9770000000,-26.4751711817
1.9780000000,-38.2218991536
1.9790000000,-49.3847775287
1.9800000000,-59.7904983058
1.9810000000,-69.2770247548
1.9820000000,-77.6961401676
1.9830000000,-84.9157939238
1.9840000000,-90.8222073193
1.9850000000,-95.3217050914
1.9860000000,-98.3422426243
1.9870000000,-99.8346033595
1.9880000000,-99.7732459183
1.9890000000,-98.1567857713
1.9900000000,-95.0081019101
1.9910000000,-90.3740647730
1.9920000000,-84.3248875898
1.9930000000,-76.9531092227
1.9940000000,-68.3722224208
1.9950000000,-58.7149670609
1.9960000000,-48.1313133479
1.9970000000,-36.7861649866
1.9980000000,-24.8568169452
1.9990000000,-12.5302065300
2.0000000000,-0.0000000000
2.0010000000,12.5364401705
2.0020000000,24.8811600951
2.0030000000,36.8387426075
2.0040000000,48.2194093003
2.0050000000,58.8420471401
2.0060000000,68.5371112045
2.0070000000,77.1493567445
2.0080000000,84.5403561835
2.0090000000,90.5907598045
2.0100000000,95.2022626946
2.0110000000,98.2992449624
2.0120000000,99.8300572481
2.0130000000,99.7679290374
2.0140000000,98.1114831840
2.0150000000,94.8848462457
2.0160000000,90.1373506539
2.0170000000,83.9428312670
2.0180000000,76.3985253877
2.0190000000,67.6235917660
2.0200000000,57.7572703422
2.0210000000,46.9567104161
2.0220000000,35.3945004560
2.0230000000,23.2559377937
2.0240000000,10.7360809035
2.0250000000,-1.9633692461
2.0260000000,-14.6373092077
2.0270000000,-27.0805425956
2.0280000000,-39.0911058436
2.0290000000,-50.4735562691
2.0300000000,-61.0421687982
2.0310000000,-70.6239888488
2.0320000000,-79.0616908766
2.0330000000,-86.2161949321
2.0340000000,-91.9689972249
2.0350000000,-96.2241750799
2.0360000000,-98.9100317455
2.0370000000,-99.9803521856
2.0380000000,-99.4152471831
2.0390000000,-97.2215696847
2.0400000000,-93.4328942457
2.0410000000,-88.1090575502
2.0420000000,-81.3352651941
2.0430000000,-73.2207770937
2.0440000000,-63.8971909079
2.0450000000,-53.5163496183
2.0460000000,-42.2479057873
2.0470000000,-30.2765808963
2.0480000000,-17.7991634562
2.0490000000,-5.0212941908
2.0500000000,7.8459095728
2.0510000000,20.5893351694
2.0520000000,32.9974042747
2.0530000000,44.8635925873
2.0540000000,55.9898808999
2.0550000000,66.1900797154
2.0560000000,75.2929713070
2.0570000000,83.1452158139
2.0580000000,89.6139715683
2.0590000000,94.5891843147
2.0600000000,97.9855052384
2.0610000000,99.7438036891
2.0620000000,99.8322470670
2.0630000000,98.2469274351
2.0640000000,95.0120219090
2.0650000000,90.1794816376
2.0660000000,83.8282520971
2.0670000000,76.0630353325
2.0680000000,67.0126125830
2.0690000000,56.8277532636
2.0700000000,45.6787434334
2.0710000000,33.7525735298
2.0720000000,21.2498311656
2.0730000000,8.3813500791
2.0740000000,-4.6353292169
2.0750000000,-17.5796279934
2.0760000000,-30.2316654069
2.0770000000,-42.3759989461
2.0780000000,-53.8053055550
2.0790000000,-64.3239403737
2.0800000000,-73.7513117358
2.0810000000,-81.9250138120
2.0820000000,-88.7036620702
2.0830000000,-93.9693814656
2.0840000000,-97.6299029092
2.0850000000,-99.6202300072
2.0860000000,-99.9038451987
2.0870000000,-98.4734321446
2.0880000000,-95.3510993947
2.0890000000,-90.5880988512
2.0900000000,-84.2640412160
2.0910000000,-76.4856192946
2.0920000000,-67.3848585967
2.0930000000,-57.1169229643
2.0940000000,-45.8575108252
2.0950000000,-33.7998849818
2.0960000000,-21.1515854622
2.0970000000,-8.1308807658
2.0980000000,5.0369822770
2.0990000000,18.1236659380
2.1000000000,30.9016994375
2.1010000000,43.1484386842
2.1020000000,54.6499589297
2.1030000000,65.2048121023
2.1040000000,74.6275825253
2.1050000000,82.7521778389
2.1060000000,89.4347961857
2.1070000000,94.5565160253
2.1080000000,98.0254612279
2.1090000000,99.7785012540
2.1100000000,99.7824541457
2.1110000000,98.0347685962
2.1120000000,94.5636703806
2.1130000000,89.4277677791
2.1140000000,82.7151201224
2.1150000000,74.5417830913
2.1160000000,65.0498537277
2.1170000000,54.4050470985
2.1180000000,42.7938450392
2.1190000000,30.4202652318
2.1200000000,17.5023058975
2.1210000000,4.2681274844
2.1220000000,-9.0479622266
2.1230000000,-22.2096492659
2.1240000000,-34.9828078642
2.1250000000,-47.1396736826
2.1260000000,-58.4629214011
2.1270000000,-68.7495734351
2.1280000000,-77.8146691145
2.1290000000,-85.4946275138
2.1300000000,-91.6502421907
2.1310000000,-96.1692523108
2.1320000000,-98.9684418883
2.1330000000,-99.9952270479
2.1340000000,-99.2287001640
2.1350000000,-96.6801093075
2.1360000000,-92.3927614635
2.1370000000,-86.4413482888
2.1380000000,-78.9307035858
2.1390000000,-69.9940119782
2.1400000000,-59.7904983058
2.1410000000,-48.5026368264
2.1420000000,-36.3329282380
2.1430000000,-23.5003006554
2.1440000000,-10.2361978358
2.1450000000,3.2195759926
2.1460000000,16.6231805046
2.1470000000,29.7311551290
2.1480000000,42.3048465196
2.1490000000,54.1147670913
2.1500000000,64.9448048330
2.1510000000,74.5962068436
2.1520000000,82.8912626974
2.1530000000,89.6766187884
2.1540000000,94.8261611365
2.1550000000,98.2434116692
2.1560000000,99.8633915737
2.1570000000,99.6539148200
2.1580000000,97.6162851932
2.1590000000,93.7853809824
2.1600000000,88.2291226435
2.1610000000,81.0473300906
2.1620000000,72.3699875627
2.1630000000,62.3549450519
2.1640000000,51.1850958612
2.1650000000,39.0650797799
2.1660000000,26.2175704443
2.1670000000,12.8792134991
2.1680000000,-0.7037109462
2.1690000000,-14.2798225188
2.1700000000,-27.5972882649
2.1710000000,-40.4084980288
2.1720000000,-52.4746807152
2.1730000000,-63.5703751989
2.1740000000,-73.4876718423
2.1750000000,-82.0401443526
2.1760000000,-89.0663970185
2.1770000000,-94.4331591001
2.1780000000,-98.0378662145
2.1790000000,-99.8106778019
2.1800000000,-99.7158900261
2.1810000000,-97.7527145574
2.1820000000,-93.9554054194
2.1830000000,-88.3927282250
2.1840000000,-81.1667784641
2.1850000000,-72.4111678022
2.1860000000,-62.2886093699
2.1870000000,-50.9879445470
2.1880000000,-38.7206645393
2.1890000000,-25.7169899143
2.1900000000,-12.2215799940
2.1910000000,1.5110485583
2.1920000000,15.2213086409
2.1930000000,28.6494453839
2.1940000000,41.5404621363
2.1950000000,53.6489763250
2.1960000000,64.7439125217
2.1970000000,74.6129426024
2.1980000000,83.0665871691
2.1990000000,89.9418983519
2.2000000000,95.1056516295
2.2010000000,98.4569832555
2.2020000000,99.9294201039
2.2030000000,99.4922600605
2.2040000000,97.1512732811
2.2050000000,92.9487074804
2.2060000000,86.9625936767
2.2070000000,79.3053622276
2.2080000000,70.1217923136
2.2090000000,59.5863309878
2.2100000000,47.8998302645
2.2110000000,35.2857622239
2.2120000000,21.9859825363
2.2130000000,8.2561219412
2.2140000000,-5.6393071197
2.2150000000,-19.4319954967
2.2160000000,-32.8550164720
2.2170000000,-45.6479991711
2.2180000000,-57.5621958897
2.2190000000,-68.3653444573
2.2200000000,-77.8462301567
2.2210000000,-85.8188570036
2.2220000000,-92.1261452700
2.2230000000,-96.6430808743
2.2240000000,-99.2792525214
2.2250000000,-99.9807240482
2.2260000000,-98.7312021144
2.2270000000,-95.5524729237
2.2280000000,-90.5040958164
2.2290000000,-83.6823560603
2.2300000000,-75.2184937064
2.2310000000,-65.2762396859
2.2320000000,-54.0487041099
2.2330000000,-41.7546747367
2.2340000000,-28.6343955152
2.2350000000,-14.9449057603
2.2360000000,-0.9550296483
2.2370000000,13.0598868573
2.2380000000,26.8233889884
2.2390000000,40.0633698365
2.2400000000,52.5174629961
2.2410000000,63.9382641213
2.2420000000,74.0982771002
2.2430000000,82.7944854105
2.2440000000,89.8524560800
2.2450000000,95.1298924320
2.2460000000,98.5195622693
2.2470000000,99.9515401596
2.2480000000,99.3947157987
2.2490000000,96.8575347827
2.2500000000,92.3879532511
2.2510000000,86.0726034571
2.2520000000,78.0351830867
2.2530000000,68.4340967545
2.2540000000,57.4593932517
2.2550000000,45.3290564902
2.2560000000,32.2847213932
2.2570000000,18.5868979424
2.2580000000,4.5097969587
2.2590000000,-9.6641402513
2.2600000000,-23.6498997024
2.2610000000,-37.1656269023
2.2620000000,-49.9383181499
2.2630000000,-61.7093558833
2.2640000000,-72.2397754900
2.2650000000,-81.3151557763
2.2660000000,-88.7500322916
2.2670000000,-94.3917417926
2.2680000000,-98.1236171421
2.2690000000,-99.8674646586
2.2700000000,-99.5852701205
2.2710000000,-97.2800950050
2.2720000000,-92.9961408003
2.2730000000,-86.8179760503
2.2740000000,-78.8689378290
2.2750000000,-69.3087362546
2.2760000000,-58.3303070948
2.2770000000,-46.1559731402
2.2780000000,-33.0329895138
2.2790000000,-19.2285611271
2.2800000000,-5.0244318180
2.2810000000,9.2888459427
2.2820000000,23.4178447078
2.2830000000,37.0722781642
2.2840000000,49.9709764034
2.2850000000,61.8476971954
2.2860000000,72.4566527871
2.2870000000,81.5776369240
2.2880000000,89.0206443918
2.2890000000,94.6298852403
2.2900000000,98.2871078132
2.2910000000,99.9141585200
2.2920000000,99.4747216828
2.2930000000,96.9751994686
2.2940000000,92.4647095255
2.2950000000,86.0341961378
2.2960000000,77.8146691145
2.2970000000,67.9746028481
2.2980000000,56.7165456490
2.2990000000,44.2730062011
2.3000000000,30.9016994375
2.3010000000,16.8802479691
2.3020000000,2.5004471225
2.3030000000,-11.9377886273
2.3040000000,-26.1326727055
2.3050000000,-39.7868570868
2.3060000000,-52.6136745965
2.3070000000,-64.3431816052
2.3080000000,-74.7278733069
2.3090000000,-83.5479499342
2.3100000000,-90.6160210221
2.3110000000,-95.7811460287
2.3120000000,-98.9321230310
2.3130000000,-99.9999525766
2.3140000000,-98.9594207718
2.3150000000,-95.8297639803
2.3160000000,-90.6743967128
2.3170000000,-83.5997040123
2.3180000000,-74.7529194600
2.3190000000,-64.3191294309
2.3200000000,-52.5174629961
2.3210000000,-39.5965444924
2.3220000000,-25.8293018872
2.3230000000,-11.5072382906
2.3240000000,3.0657140029
2.3250000000,17.5796279934
2.3260000000,31.7251691526
2.3270000000,45.2001954545
2.3280000000,57.7162293611
2.3290000000,69.0046628111
2.3300000000,78.8225611990
2.3310000000,86.9579401723
2.3320000000,93.2343996688
2.3330000000,97.5150127650
2.3340000000,99.7053823329
2.3350000000,99.7557959061
2.3360000000,97.6624281630
2.3370000000,93.4675606602
2.3380000000,87.2588094506
2.3390000000,79.1673725683
2.3400000000,69.3653305813
2.3410000000,58.0620540557
2.3420000000,45.4997913813
2.3430000000,31.9485285547
2.3440000000,17.7002287920
2.3450000000,3.0625738854
2.3460000000,-11.6476592975
2.3470000000,-26.1114451088
2.3480000000,-40.0144305169
2.3490000000,-53.0537814633
2.3500000000,-64.9448048330
2.3510000000,-75.4272007614
2.3520000000,-84.2708072482
2.3530000000,-91.2807093724
2.3540000000,-96.3015985671
2.3550000000,-99.2212831803
2.3560000000,-99.9732695648
2.3570000000,-98.5383528519
2.3580000000,-94.9451779281
2.3590000000,-89.2697535064
2.3600000000,-81.6339250717
2.3610000000,-72.2028353849
2.3620000000,-61.1814236563
2.3630000000,-48.8100359343
2.3640000000,-35.3592392352
2.3650000000,-21.1239500023
2.3660000000,-6.4170032214
2.3670000000,8.4376984350
2.3680000000,23.1123060112
2.3690000000,37.2822599931
2.3700000000,50.6334807353
2.3710000000,62.8693541012
2.3720000000,73.7173564908
2.3730000000,82.9351705803
2.3740000000,90.3161535950
2.3750000000,95.6940335732
2.3760000000,98.9467255759
2.3770000000,99.9991788007
2.3780000000,98.8251866728
2.3790000000,95.4481147457
2.3800000000,89.9405251566
2.3810000000,82.4227009230
2.3820000000,73.0600979861
2.3830000000,62.0597770584
2.3840000000,49.6658904709
2.3850000000,36.1543208105
2.3860000000,21.8265876991
2.3870000000,7.0031561368
2.3880000000,-7.9837059927
2.3890000000,-22.7973627085
2.3900000000,-37.1043710237
2.3910000000,-50.5819985994
2.3920000000,-62.9255282814
2.3930000000,-73.8551837197
2.3940000000,-83.1225179338
2.3950000000,-90.5161179634
2.3960000000,-95.8664934228
2.3970000000,-99.0500345392
2.3980000000,-99.9919457214
2.3990000000,-98.6680834324
2.4000000000,-95.1056516295
2.4010000000,-89.3827337336
2.4020000000,-81.6266664345
2.4030000000,-72.0112870247
2.4040000000,-60.7531117806
2.4050000000,-48.1065275931
2.4060000000,-34.3581020004
2.4070000000,-19.8201374822
2.4080000000,-4.8236138175
2.4090000000,10.2893229128
2.4100000000,25.1731548669
2.4110000000,39.4868932994
2.4120000000,52.9019051167
2.4130000000,65.1094852387
2.4140000000,75.8279997459
2.4150000000,84.8094337107
2.4160000000,91.8451904111
2.4170000000,96.7710050364
2.4180000000,99.4708556584
2.4190000000,99.8797767356
2.4200000000,97.9855052384
2.4210000000,93.8289160712
2.4220000000,87.5032312230
2.4230000000,79.1520153678
2.4240000000,68.9659988047
2.4250000000,57.1787960228
2.4260000000,44.0616141582
2.4270000000,29.9170695642
2.4280000000,15.0722520691
2.4290000000,-0.1288052632
2.4300000000,-15.3330783737
2.4310000000,-30.1867432041
2.4320000000,-44.3434156538
2.4330000000,-57.4722485469
2.4340000000,-69.2656959711
2.4350000000,-79.4467621051
2.4360000000,-87.7755627328
2.4370000000,-94.0550428074
2.4380000000,-98.1357123625
2.4390000000,-99.9192853428
2.4400000000,-99.3611310520
2.4410000000,-96.4714753127
2.4420000000,-91.3153174808
2.4430000000,-84.0110594788
2.4440000000,-74.7278733069
2.4450000000,-63.6818633528
2.4460000000,-51.1311085331
2.4470000000,-37.3696961854
2.4480000000,-22.7208840336
2.4490000000,-7.5295478820
2.4500000000,7.8459095728
2.4510000000,23.0419997354
2.4520000000,37.6987405423
2.4530000000,51.4681973165
2.4540000000,64.0227691813
2.4550000000,75.0630231348
2.4560000000,84.3248875898
2.4570000000,91.5860314227
2.4580000000,96.6712730475
2.4590000000,99.4568863178
2.4600000000,99.8736956606
2.4610000000,97.9088811762
2.4620000000,93.6064448284
2.4630000000,87.0663205987
2.4640000000,78.4421438300
2.4650000000,67.9377271665
2.4660000000,55.8023217445
2.4670000000,42.3247718314
2.4680000000,27.8266982425
2.4690000000,12.6548699087
2.4700000000,-2.8270566770
2.4710000000,-18.2472342494
2.4720000000,-33.2345503755
2.4730000000,-47.4275678490
2.4740000000,-60.4832643639
2.4750000000,-72.0853596703
2.4760000000,-81.9520272645
2.4770000000,-89.8428014811
2.4780000000,-95.5645093270
2.4790000000,-98.9760791177
2.4800000000,-99.9921044204
2.4810000000,-98.5850713594
2.4820000000,-94.7861893020
2.4830000000,-88.6847985577
2.4840000000,-80.4263631799
2.4850000000,-70.2090914327
2.4860000000,-58.2792601228
2.4870000000,-44.9253509866
2.4880000000,-30.4711368628
2.4890000000,-15.2678817372
2.4900000000,0.3141587486
2.4910000000,15.8947316529
2.4920000000,31.0928581058
2.4930000000,45.5361559269
2.4940000000,58.8699852844
2.4950000000,70.7661923407
2.4960000000,80.9312345252
2.4970000000,89.1134851361
2.4980000000,95.1095341007
2.4990000000,98.7693254641
2.5000000000,100.0000000000
2.5010000000,98.7683425574
2.5020000000,95.1017676565
2.5030000000,89.0878125785
2.5040000000,80.8721439091
2.5050000000,70.6551202787
2.5060000000,58.6869899905
2.5070000000,45.2618364393
2.5080000000,30.7104158464
2.5090000000,15.3920600569
2.5100000000,-0.3141587486
2.5110000000,-16.0187852220
2.5120000000,-31.3316295911
2.5130000000,-45.8714692297
2.5140000000,-59.2755617507
2.5150000000,-71.2087317693
2.5160000000,-81.3718028849
2.5170000000,-89.5091615924
2.5180000000,-95.4152604157
2.5190000000,-98.9398930833
2.5200000000,-99.9921044204
2.5210000000,-98.5426311154
2.5220000000,-94.6248057954
2.5230000000,-88.3338950359
2.5240000000,-79.8248810891
2.5250000000,-69.3087362546
2.5260000000,-57.0472769631
2.5270000000,-43.3467208276
2.5280000000,-28.5501032045
2.5290000000,-13.0287393551
2.5300000000,2.8270566770
2.5310000000,18.6177655141
2.5320000000,33.9447231280
2.5330000000,48.4201956584
2.5340000000,61.6772136044
2.5350000000,73.3789154148
2.5360000000,83.2271616466
2.5370000000,90.9701981368
2.5380000000,96.4091696277
2.5390000000,99.4033134646
2.5400000000,99.8736956606
2.5410000000,97.8053879986
2.5420000000,93.2480240052
2.5430000000,86.3147126197
2.5440000000,77.1793301453
2.5450000000,66.0722525563
2.5460000000,53.2746303846
2.5470000000,39.1113461772
2.5480000000,23.9428289275
2.5490000000,8.1559300344
2.5500000000,-7.8459095728
2.5510000000,-23.6529521618
2.5520000000,-38.8596537245
2.5530000000,-53.0750838388
2.5540000000,-65.9330068459
2.5550000000,-77.1013636710
2.5560000000,-86.2909077103
2.5570000000,-93.2627687476
2.5580000000,-97.8347453398
2.5590000000,-99.8861579052
2.5600000000,-99.3611310520
2.5610000000,-96.2702136028
2.5620000000,-90.6902872911
2.5630000000,-82.7627591431
2.5640000000,-72.6900769835
2.5650000000,-60.7306511657
2.5660000000,-47.1923073917
2.5670000000,-32.4244342480
2.5680000000,-16.8090238277
2.5690000000,-0.7508335893
2.5700000000,15.3330783737
2.5710000000,31.0241748882
2.5720000000,45.9133376510
2.5730000000,59.6115577337
2.5740000000,71.7601387802
2.5750000000,82.0401443526
2.5760000000,90.1808392778
2.5770000000,95.9668999084
2.5780000000,99.2441993004
2.5790000000,99.9240096751
2.5800000000,97.9855052384
2.5810000000,93.4764924422
2.5820000000,86.5123409577
2.5830000000,77.2731357865
2.5840000000,65.9991178270
2.5850000000,52.9845256058
2.5860000000,38.5699935709
2.5870000000,23.1337011799
2.5880000000,7.0815009523
2.5890000000,-9.1637182398
2.5900000000,-25.1731548668
2.5910000000,-40.5234133806
2.5920000000,-54.8077191216
2.5930000000,-67.6467320745
2.5940000000,-78.6986711876
2.5950000000,-87.6684778181
2.5960000000,-94.3157710107
2.5970000000,-98.4613781778
2.5980000000,-99.9922615404
2.5990000000,-98.8647024774
2.6000000000,-95.1056516295
2.6010000000,-88.8122010248
2.6020000000,-80.1491843586
2.6030000000,-69.3449615510
2.6040000000,-56.6854924847
2.6050000000,-42.5068510812
2.6060000000,-27.1863733519
2.6070000000,-11.1326705983
2.6080000000,5.2252295067
2.6090000000,21.4493265288
2.6100000000,37.1043710237
2.6110000000,51.7695548414
2.6120000000,65.0498537277
2.6130000000,76.5867157584
2.6140000000,86.0678052177
2.6150000000,93.2355355362
2.6160000000,97.8941562150
2.6170000000,99.9151965070
2.6180000000,99.2411120100
2.6190000000,95.8870281104
2.6200000000,89.9405251566
2.6210000000,81.5594629490
2.6220000000,70.9678952212
2.6230000000,58.4501767997
2.6240000000,44.3434156538
2.6250000000,29.0284677254
2.6260000000,12.9197129912
2.6270000000,-3.5461144828
2.6280000000,-19.9217426436
2.6290000000,-35.7615047909
2.6300000000,-50.6334807353
2.6310000000,-64.1313047916
2.6320000000,-75.8853170732
2.6330000000,-85.5727508926
2.6340000000,-92.9266738911
2.6350000000,-97.7434332132
2.6360000000,-99.8883947504
2.6370000000,-99.2998121669
2.6380000000,-95.9907118737
2.6390000000,-90.0487339805
2.6400000000,-81.6339250717
2.6410000000,-70.9745348998
2.6420000000,-58.3609242259
2.6430000000,-44.1377435346
2.6440000000,-28.6945907470
2.6450000000,-12.4553989924
2.6460000000,4.1331582477
2.6470000000,20.6139287770
2.6480000000,36.5318742920
2.6490000000,51.4466473522
2.6500000000,64.9448048330
2.6510000000,76.6513183393
2.6520000000,86.2400598657
2.6530000000,93.4429678193
2.6540000000,98.0576336871
2.6550000000,99.9530922043
2.6560000000,99.0736467314
2.6570000000,95.4406153571
2.6580000000,89.1519405394
2.6590000000,80.3796643125
2.6600000000,69.3653305813
2.6610000000,56.4134341338
2.6620000000,41.8830911054
2.6630000000,26.1781561559
2.6640000000,9.7360561391
2.6650000000,-6.9843527364
2.6660000000,-23.5155684215
2.6670000000,-39.3945117976
2.6680000000,-54.1755155533
2.6690000000,-67.4428684795
2.6700000000,-78.8225611990
2.6710000000,-87.9929000634
2.6720000000,-94.6936861500
2.6730000000,-98.7336951989
2.6740000000,-99.9962408886
2.6750000000,-98.4426568090
2.6760000000,-94.1135903865
2.6770000000,-87.1280632564
2.6780000000,-77.6803154410
2.6790000000,-66.0345134202
2.6800000000,-52.5174629961
2.6810000000,-37.5095250169
2.6820000000,-21.4339838964
2.6830000000,-4.7451639450
2.6840000000,12.0843745195
2.6850000000,28.5771995738
2.6860000000,44.2645552308
2.6870000000,58.6997077097
2.6880000000,71.4707098949
2.6890000000,82.2122181660
2.6900000000,90.6160210221
2.6910000000,96.4399740124
2.6920000000,99.5150794957
2.6930000000,99.7505014736
2.6940000000,97.1363637500
2.6950000000,91.7442423434
2.6960000000,83.7253286493
2.6970000000,73.3063064627
2.6980000000,60.7830517119
2.6990000000,46.5123267486
2.7000000000,30.9016994375
2.7010000000,14.3979694031
2.7020000000,-2.5255719265
2.7030000000,-19.3826857119
2.7040000000,-35.6881478618
2.7050000000,-50.9717283887
2.7060000000,-64.7917849726
2.7070000000,-76.7480769389
2.7080000000,-86.4934264795
2.7090000000,-93.7438854694
2.7100000000,-98.2871078132
2.7110000000,-99.9886777541
2.7120000000,-98.7962025838
2.7130000000,-94.7410420766
2.7140000000,-87.9376149105
2.7150000000,-78.5802923870
2.7160000000,-66.9379599006
2.7170000000,-53.3463947963
2.7180000000,-38.1986734899
2.7190000000,-21.9338791205
2.7200000000,-5.0244318180
2.7210000000,12.0375946351
2.7220000000,28.7547746508
2.7230000000,44.6388361518
2.7240000000,59.2249463861
2.7250000000,72.0853596703
2.7260000000,82.8420251666
2.7270000000,91.1777813377
2.7280000000,96.8458033600
2.7290000000,99.6770194262
2.7300000000,99.5852701205
2.7310000000,96.5700502680
2.7320000000,90.7167429446
2.7330000000,82.1943286739
2.7340000000,71.2506270707
2.7350000000,58.2052011514
2.7360000000,43.4401240466
2.7370000000,27.3888718636
2.7380000000,10.5236630113
2.7390000000,-6.6583882789
2.7400000000,-23.6498997024
2.7410000000,-39.9482003324
2.7420000000,-55.0702197540
2.7430000000,-68.5668454420
2.7440000000,-80.0363206181
2.7450000000,-89.1362812648
2.7460000000,-95.5940694834
2.7470000000,-99.2150098794
2.7480000000,-99.8883947504
2.7490000000,-97.5909908285
2.7500000000,-92.3879532511
2.7510000000,-84.4311091590
2.7520000000,-73.9546515892
2.7530000000,-61.2683618090
2.7540000000,-46.7485526108
2.7550000000,-30.8269941102
2.7560000000,-13.9781451685
2.7570000000,3.2949342062
2.7580000000,20.4755728417
2.7590000000,37.0489351218
2.7600000000,52.5174629961
2.7610000000,66.4158498000
2.7620000000,78.3250942851
2.7630000000,87.8852087865
2.7640000000,94.8061939333
2.7650000000,98.8769426703
2.7660000000,99.9717971547
2.7670000000,98.0545515516
2.7680000000,93.1797698357
2.7690000000,85.4913681528
2.7700000000,75.2184937064
2.7710000000,62.6688140179
2.7720000000,48.2194093003
2.7730000000,32.3055341590
2.7740000000,15.4075806419
2.7750000000,-1.9633692461
2.7760000000,-19.2809688283
2.7770000000,-36.0195453911
2.7780000000,-51.6700699412
2.7790000000,-65.7556726565
2.7800000000,-77.8462301567
2.7810000000,-87.5715767667
2.7820000000,-94.6329317864
2.7830000000,-98.8121872791
2.7840000000,-99.9787645212
2.7850000000,-98.0938201469
2.7860000000,-93.2116629964
2.7870000000,-85.4783273338
2.7880000000,-75.1273348792
2.7890000000,-62.4727643474
2.7900000000,-47.8998302645
2.7910000000,-31.8532501650
2.7920000000,-14.8237484533
2.7930000000,2.6668959308
2.7940000000,20.0818042510
2.7950000000,36.8854683815
2.7960000000,52.5602320079
2.7970000000,66.6222750700
2.7980000000,78.6366068457
2.7990000000,88.2306013600
2.8000000000,95.1056516295
2.8010000000,99.0465754018
2.8020000000,99.9284728462
2.8030000000,97.7208140908
2.8040000000,92.4886192182
2.8050000000,84.3906827753
2.8060000000,73.6748862432
2.8070000000,60.6707324616
2.8080000000,45.7793228595
2.8090000000,29.4610788156
2.8100000000,12.2215799940
2.8110000000,-5.4040471889
2.8120000000,-22.8677106705
2.8130000000,-39.6253906966
2.8140000000,-55.1541052886
2.8150000000,-68.9682737026
2.8160000000,-80.6349647109
2.8170000000,-89.7875490078
2.8180000000,-96.1373227214
2.8190000000,-99.4827304924
2.8200000000,-99.7158900261
2.8210000000,-96.8262031986
2.8220000000,-90.9009291574
2.8230000000,-82.1226896005
2.8240000000,-70.7639726097
2.8250000000,-57.1787960228
2.8260000000,-41.7917813818
2.8270000000,-25.0849721282
2.8280000000,-7.5828022723
2.8290000000,10.1643180873
2.8300000000,27.5972882649
2.8310000000,44.1659315438
2.8320000000,59.3463839428
2.8330000000,72.6577069354
2.8340000000,83.6771958802
2.8350000000,92.0538947671
2.8360000000,97.5198824380
2.8370000000,99.8989640635
2.8380000000,99.1124822540
2.8390000000,95.1820522796
2.8400000000,88.2291226435
2.8410000000,78.4713626841
2.8420000000,66.2159797834
2.8430000000,51.8501669302
2.8440000000,35.8289736837
2.8450000000,18.6609770269
2.8460000000,0.8922004763
2.8470000000,-16.9112122404
2.8480000000,-34.1810205446
2.8490000000,-50.3650342342
2.8500000000,-64.9448048330
2.8510000000,-77.4522932594
2.8520000000,-87.4849762031
2.8530000000,-94.7189011804
2.8540000000,-98.9192637843
2.8550000000,-99.9481582143
2.8560000000,-97.7692413521
2.8570000000,-92.4491486495
2.8580000000,-84.1556038059
2.8590000000,-73.1522703416
2.8600000000,-59.7904983058
2.8610000000,-44.4982201050
2.8620000000,-27.7663425221
2.8630000000,-10.1330643653
2.8640000000,7.8333818782
2.8650000000,25.5530128220
2.8660000000,42.4528142054
2.8670000000,57.9852941600
2.8680000000,71.6462683795
2.8690000000,82.9912980160
2.8700000000,91.6502421907
2.8710000000,97.3394457465
2.8720000000,99.8711574887
2.8730000000,99.1598623170
2.8740000000,95.2253095723
2.8750000000,88.1921264348
2.8760000000,78.2860159066
2.8770000000,65.8266501937
2.8780000000,51.2174785600
2.8790000000,34.9327703863
2.8800000000,17.5023058975
2.8810000000,-0.5057942606
2.8820000000,-18.5035463441
2.8830000000,-35.9022882185
2.8840000000,-52.1319460754
2.8850000000,-66.6597522765
2.8860000000,-79.0077985965
2.8870000000,-88.7688445758
2.8880000000,-95.6198553693
2.8890000000,-99.3328157131
2.8900000000,-99.7824541457
2.8910000000,-96.9506116308
2.8920000000,-90.9270980114
2.8930000000,-81.9069947362
2.8940000000,-70.1844792698
2.8950000000,-56.1433616994
2.8960000000,-40.2446334442
2.8970000000,-23.0114280349
2.8980000000,-5.0118812796
2.8990000000,13.1595501875
2.9000000000,30.9016994375
2.9010000000,47.6265827970
2.9020000000,62.7789180792
2.9030000000,75.8546186617
2.9040000000,86.4176456674
2.9050000000,94.1146522876
2.9060000000,98.6869251434
2.9070000000,99.9792152838
2.9080000000,97.9451531338
2.9090000000,92.6490541282
2.9100000000,84.2640412160
2.9110000000,73.0665329439
2.9120000000,59.4272673582
2.9130000000,43.7991484346
2.9140000000,26.7023092302
2.9150000000,8.7068808029
2.9160000000,-9.5859650864
2.9170000000,-27.5640711252
2.9180000000,-44.6247794978
2.9190000000,-60.1951614776
2.9200000000,-73.7513117358
2.9210000000,-84.8360559229
2.9220000000,-93.0744705092
2.9230000000,-98.1866847715
2.9240000000,-99.9975239239
2.9250000000,-98.4426568090
2.9260000000,-93.5710278663
2.9270000000,-85.5434774194
2.9280000000,-74.6275825253
2.9290000000,-61.1888783979
2.9300000000,-45.6787434334
2.9310000000,-28.6193449400
2.9320000000,-10.5861438909
2.9330000000,7.8114581151
2.9340000000,25.9506809732
2.9350000000,43.2164446891
2.9360000000,59.0222513171
2.9370000000,72.8301605695
2.9380000000,84.1691770963
2.9390000000,92.6514184214
2.9400000000,97.9855052384
2.9410000000,99.9867078619
2.9420000000,98.5834910866
2.9430000000,93.8202209048
2.9440000000,85.8559264237
2.9450000000,74.9591445206
2.9460000000,61.4990087047
2.9470000000,45.9328727590
2.9480000000,28.7908795456
2.9490000000,10.6579917342
2.9500000000,-7.8459095728
2.9510000000,-26.0871834520
2.9520000000,-43.4401240466
2.9530000000,-59.3084491901
2.9540000000,-73.1458440421
2.9550000000,-84.4748502427
2.9560000000,-92.9034448705
2.9570000000,-98.1387301142
2.9580000000,-99.9972515252
2.9590000000,-98.4115767828
2.9600000000,-93.4328942457
2.9610000000,-85.2295268516
2.9620000000,-74.0813975203
2.9630000000,-60.3706222633
2.9640000000,-44.5685418745
2.9650000000,-27.2196276643
2.9660000000,-8.9228068434
2.9670000000,9.6891550473
2.9680000000,27.9715071050
2.9690000000,45.2898479230
2.9700000000,61.0421687982
2.9710000000,74.6798384975
2.9720000000,85.7267962359
2.9730000000,93.7962786417
2.9740000000,98.6044893835
2.9750000000,99.9807240482
2.9760000000,97.8735842905
2.9770000000,92.3530500851
2.9780000000,83.6083224737
2.9790000000,71.9414965397
2.9800000000,57.7572703422
2.9810000000,41.5490350761
2.9820000000,23.8818198764
2.9830000000,5.3726769029
2.9840000000,-13.3308154062
2.9850000000,-31.5731840798
2.9860000000,-48.7140384482
2.9870000000,-64.1505865989
2.9880000000,-77.3388986635
2.9890000000,-87.8131647589
2.9900000000,-95.2022626946
2.9910000000,-99.2430423011
2.9920000000,-99.7898463377
2.9930000000,-96.8199185320
2.9940000000,-90.4344928852
2.9950000000,-80.8555099444
2.9960000000,-68.4180599867
2.9970000000,-53.5588045468
2.9980000000,-36.8007710619
2.9990000000,-18.7350455029
3.0000000000,-0.0000000000
3.0010000000,18.7412173957
3.0020000000,36.8241388937
3.0030000000,53.6065501655
3.0040000000,68.4913439031
3.0050000000,80.9478390264
3.0060000000,90.5308018715
3.0070000000,96.8964841694
3.0080000000,99.8150958868
3.0090000000,99.1792555235
3.0100000000,95.0081019101
3.0110000000,87.4469049806
3.0120000000,76.7621729919
3.0130000000,63.3324145476
3.0140000000,47.6348698054
3.0150000000,30.2286708021
3.0160000000,11.7350206377
3.0170000000,-7.1849094122
3.0180000000,-25.8535809736
3.0190000000,-43.6013468512
3.0200000000,-59.7904983057
3.0210000000,-73.8382369762
3.0220000000,-85.2377420226
3.0230000000,-93.5765680012
3.0240000000,-98.5517017579
3.0250000000,-99.9807240482
3.0260000000,-97.8086595795
3.0270000000,-92.1102528455
3.0280000000,-83.0875710469
3.0290000000,-71.0630036819
3.0300000000,-56.4678950066
3.0310000000,-39.8272044625
3.0320000000,-21.7407355557
3.0330000000,-2.8616002144
3.0340000000,16.1273113511
3.0350000000,34.5380096650
3.0360000000,51.7023429702
3.0370000000,66.9962880932
3.0380000000,79.8627107047
3.0390000000,89.8317623336
3.0400000000,96.5381638833
3.0410000000,99.7347354903
3.0420000000,99.3016665258
3.0430000000,95.2511726013
3.0440000000,87.7273531352
3.0450000000,77.0012373551
3.0460000000,63.4611822359
3.0470000000,47.5989563806
3.0480000000,29.9920029914
3.0490000000,11.2825169598
3.0500000000,-7.8459095728
3.0510000000,-26.6932265461
3.0520000000,-44.5685418745
3.0530000000,-60.8154768888
3.0540000000,-74.8363298875
3.0550000000,-86.1141561681
3.0560000000,-94.2319456883
3.0570000000,-98.8881827574
3.0580000000,-99.9082022506
3.0590000000,-97.2509091311
3.0600000000,-91.0105970685
3.0610000000,-81.4137815149
3.0620000000,-68.8111461764
3.0630000000,-53.6648826408
3.0640000000,-36.5318742920
3.0650000000,-18.0433311760
3.0660000000,1.1183836691
3.0670000000,20.2448888144
3.0680000000,38.6279561468
3.0690000000,55.5857535111
3.0700000000,70.4881853942
3.0710000000,82.7803881152
3.0720000000,92.0035005259
3.0730000000,97.8119287470
3.0740000000,99.9864505235
3.0750000000,98.4426568090
3.0760000000,93.2343996688
3.0770000000,84.5521002294
3.0780000000,72.7159614000
3.0790000000,58.1643203446
3.0800000000,41.4375580993
3.0810000000,23.1581514314
3.0820000000,4.0075986927
3.0830000000,-15.2989285851
3.0840000000,-34.0392679079
3.0850000000,-51.5112874907
3.0860000000,-67.0592361221
3.0870000000,-80.0984308923
3.0880000000,-90.1373506539
3.0890000000,-96.7962965677
3.0900000000,-99.8219065278
3.0910000000,-99.0969631337
3.0920000000,-94.6451095650
3.0930000000,-86.6302777735
3.0940000000,-75.3508317518
3.0950000000,-61.2286278385
3.0960000000,-44.7933865760
3.0970000000,-26.6629492205
3.0980000000,-7.5201498251
3.0990000000,11.9128352363
3.1000000000,30.9016994375
3.1010000000,48.7277559834
3.1020000000,64.7151767812
3.1030000000,78.2566868397
3.1040000000,88.8367346639
3.1050000000,96.0512508578
3.1060000000,99.6232329407
3.1070000000,99.4135497247
3.1080000000,95.4265377550
3.1090000000,87.8101585899
3.1100000000,76.8506917219
3.1110000000,62.9621459182
3.1120000000,46.6707737691
3.1130000000,28.5952625510
3.1140000000,9.4233418581
3.1150000000,-10.1143116518
3.1160000000,-29.2718851315
3.1170000000,-47.3168990713
3.1180000000,-63.5582489177
3.1190000000,-77.3727440732
3.1200000000,-88.2291226435
3.1210000000,-95.7086127828
3.1220000000,-99.5212400586
3.1230000000,-99.5172401617
3.1240000000,-95.6931215698
3.1250000000,-88.1921264348
3.1260000000,-77.2990522928
3.1270000000,-63.4296139797
3.1280000000,-47.1147360624
3.1290000000,-28.9803629926
3.1300000000,-9.7235493922
3.1310000000,9.9142604812
3.1320000000,29.1757427927
3.1330000000,47.3168990713
3.1340000000,63.6358300060
3.1350000000,77.4999640715
3.1360000000,88.3706821316
3.1370000000,95.8243756027
3.1380000000,99.5691099418
3.1390000000,99.4562321636
3.1400000000,95.4864544747
3.1410000000,87.8101585899
3.1420000000,76.7218887082
3.1430000000,62.6492268437
3.1440000000,46.1364634756
3.1450000000,27.8236807172
3.1460000000,8.4220463838
3.1470000000,-11.3137317338
3.1480000000,-30.6147274464
3.1490000000,-48.7277559834
3.1500000000,-64.9448048330
3.1510000000,-78.6307842381
3.1520000000,-89.2485069170
3.1530000000,-96.3799104527
3.1540000000,-99.7426787777
3.1550000000,-99.2015958840
3.1560000000,-94.7741685611
3.1570000000,-86.6302777735
3.1580000000,-75.0858515836
3.1590000000,-60.5907872099
3.1600000000,-43.7115766651
3.1610000000,-25.1093004837
3.1620000000,-5.5138389696
3.1630000000,14.3046972440
3.1640000000,33.5662019033
3.1650000000,51.5112874907
3.1660000000,67.4312698300
3.1670000000,80.6962373742
3.1680000000,90.7800903741
3.1690000000,97.2815502666
3.1700000000,99.9402948355
3.1710000000,98.6475640484
3.1720000000,93.4507976565
3.1730000000,84.5521002294
3.1740000000,72.3005730935
3.1750000000,57.1787960228
3.1760000000,39.7839748368
3.1770000000,20.8044849681
3.1780000000,0.9927269722
3.1790000000,-18.8646396824
3.1800000000,-37.9779095522
3.1810000000,-55.5857535111
3.1820000000,-70.9855996297
3.1830000000,-83.5617582799
3.1840000000,-92.8101621121
3.1850000000,-98.3587220335
3.1860000000,-99.9824713051
3.1870000000,-97.6128747425
3.1880000000,-91.3409107595
3.1890000000,-81.4137815149
3.1900000000,-68.2253609109
3.1910000000,-52.3007414739
3.1920000000,-34.2754791411
3.1930000000,-14.8703500609
3.1940000000,5.1373830692
3.1950000000,24.9450533820
3.1960000000,43.7567801800
3.1970000000,60.8154768888
3.1980000000,75.4333883780
3.1990000000,87.0199233726
3.2000000000,95.1056516295
3.2010000000,99.3614855518
3.2020000000,99.6122561571
3.2030000000,95.8441163407
3.2040000000,88.2054513382
3.2050000000,77.0012373551
3.2060000000,62.6810539917
3.2070000000,45.8212136788
3.2080000000,27.1017113702
3.2090000000,7.2789104048
3.2100000000,-12.8449430200
3.2110000000,-32.4541512771
3.2120000000,-50.7526332299
3.2130000000,-66.9962880932
3.2140000000,-80.5233378768
3.2150000000,-90.7814079176
3.2160000000,-97.3502327100
3.2170000000,-99.9590478357
3.2180000000,-98.4979414667
3.2190000000,-93.0226821883
3.2200000000,-83.7528040042
3.2210000000,-71.0630036819
3.2220000000,-55.4681789055
3.2230000000,-37.6026968714
3.2240000000,-18.1947212266
3.2250000000,1.9633692461
3.2260000000,22.0472726427
3.2270000000,41.2344532478
3.2280000000,58.7378521759
3.2290000000,73.8382369762
3.2300000000,85.9138581274
3.2310000000,94.4661855809
3.2320000000,99.1406546476
3.2330000000,99.7415514053
3.2340000000,96.2404054036
3.2350000000,88.7775221749
3.2360000000,77.6565691514
3.2370000000,63.3324145476
3.2380000000,46.3926978151
3.2390000000,27.5338708688
3.2400000000,7.5326805528
3.2410000000,-12.7857449454
3.2420000000,-32.5818979664
3.2430000000,-51.0365821498
3.2440000000,-67.3848585967
3.2450000000,-80.9478390264
3.2460000000,-91.1610011166
3.2470000000,-97.5978401477
3.2480000000,-99.9878598427
3.2490000000,-98.2281363486
3.2500000000,-92.3879532511
3.2510000000,-82.7062915496
3.2520000000,-69.5822548686
3.2530000000,-53.5588045467
3.2540000000,-35.3004593689
3.2550000000,-15.5658688263
3.2560000000,4.8236138175
3.2570000000,25.0180609851
3.2580000000,44.1743870967
3.2590000000,61.4915766658
3.2600000000,76.2442511011
3.2610000000,87.8131647589
3.2620000000,95.7113436926
3.2630000000,99.6047579027
3.2640000000,99.3266425343
3.2650000000,94.8848462457
3.2660000000,86.4618750336
3.2670000000,74.4076051264
3.2680000000,59.2249463861
3.2690000000,41.5490350761
3.2700000000,22.1208092790
3.2710000000,1.7560600268
3.2720000000,-18.6887539509
3.2730000000,-38.3524984843
3.2740000000,-56.4056520042
3.2750000000,-72.0853596703
3.2760000000,-84.7277699166
3.2770000000,-93.7962786417
3.2780000000,-98.9044737788
3.2790000000,-99.8327923048
3.2800000000,-96.5381638833
3.2810000000,-89.1562094030
3.2820000000,-77.9958763693
3.2830000000,-63.5267132477
3.2840000000,-46.3592978771
3.2850000000,-27.2196276643
3.2860000000,-6.9185388854
3.2870000000,13.6825621327
3.2880000000,33.7082112981
3.2890000000,52.3060967063
3.2900000000,68.6833846544
3.2910000000,82.1406115310
3.2920000000,92.1016890224
3.2930000000,98.1387301142
3.2940000000,99.9906192851
3.2950000000,97.5745131658
3.2960000000,90.9897567834
3.2970000000,80.5140227207
3.2980000000,66.5918124447
3.2990000000,49.8157865264
3.3000000000,30.9016994375
3.3010000000,10.6579917342
3.3020000000,-10.0486743291
3.3030000000,-30.3304706077
3.3040000000,-49.3164681346
3.3050000000,-66.1900797154
3.3060000000,-80.2242686689
3.3070000000,-90.8130020793
3.3080000000,-97.4975825797
3.3090000000,-99.9867078619
3.3100000000,-98.1693728546
3.3110000000,-92.1200346174
3.3120000000,-82.0957915080
3.3130000000,-68.5256719151
3.3140000000,-51.9924690184
3.3150000000,-33.2078818914
3.3160000000,-12.9820156917
3.3170000000,7.8114581151
3.3180000000,28.2729875634
3.3190000000,47.5160489554
3.3200000000,64.7055961569
3.3210000000,79.0943813454
3.3220000000,90.0555639836
3.3230000000,97.1101797996
3.3240000000,99.9482593109
3.3250000000,98.4426568090
3.3260000000,92.6549641754
3.3270000000,82.8332260040
3.3280000000,69.4015284974
3.3290000000,52.9418890430
3.3300000000,34.1692107892
3.3310000000,13.9003721230
3.3320000000,-6.9812188122
3.3330000000,-27.5640711252
3.3340000000,-46.9483891014
3.3350000000,-64.2854457228
3.3360000000,-78.8148274035
3.3370000000,-89.8979120804
3.3380000000,-97.0461014649
3.3390000000,-99.9425525107
3.3400000000,-98.4564334529
3.3410000000,-92.6490541282
3.3420000000,-82.7715746503
3.3430000000,-69.2543654784
3.3440000000,-52.6884593204
3.3450000000,-33.7998849818
3.3460000000,-13.4179897157
3.3470000000,7.5608742550
3.3480000000,28.2127137000
3.3490000000,47.6265827970
3.3500000000,64.9448048330
3.3510000000,79.4009496950
3.3520000000,90.3538819250
3.3530000000,97.3163613160
3.3540000000,99.9769131202
3.3550000000,98.2139778841
3.3560000000,92.1016890224
3.3570000000,81.9069947362
3.3580000000,68.0782235940
3.3590000000,51.2255730975
3.3600000000,32.0943609807
3.3610000000,11.5322037141
3.3620000000,-9.5484389039
3.3630000000,-30.2107025471
3.3640000000,-49.5349509065
3.3650000000,-66.6597522765
3.3660000000,-80.8203725712
3.3670000000,-91.3830608285
3.3680000000,-97.8735842905
3.3690000000,-99.9987208526
3.3700000000,-97.6597262064
3.3710000000,-90.9571478158
3.3720000000,-80.1867423420
3.3730000000,-65.8266501937
3.3740000000,-48.5163728344
3.3750000000,-29.0284677254
3.3760000000,-8.2342056711
3.3770000000,12.9352891454
3.3780000000,33.5306876156
3.3790000000,52.6270319990
3.3800000000,69.3653305813
3.3810000000,82.9912980160
3.3820000000,92.8894898527
3.3830000000,98.6112803052
3.3840000000,99.8954035907
3.3850000000,96.6801093075
3.3860000000,89.1063567282
3.3870000000,77.5118748915
3.3880000000,62.4163269785
3.3890000000,44.4982201050
3.3900000000,24.5645771192
3.3910000000,3.5147181407
3.3920000000,-17.7002287920
3.3930000000,-38.1202690701
3.3940000000,-56.8199979556
3.3950000000,-72.9506044574
3.3960000000,-85.7785133364
3.3970000000,-94.7189011804
3.3980000000,-99.3625484626
3.3990000000,-99.4947863534
3.4000000000,-95.1056516295
3.4010000000,-86.3907594977
3.4020000000,-73.7428246712
3.4030000000,-57.7341865853
3.4040000000,-39.0911058436
3.4050000000,-18.6609770269
3.4060000000,2.6260695312
3.4070000000,23.7994427064
3.4080000000,43.8923243449
3.4090000000,61.9858470822
3.4100000000,77.2511963678
3.4110000000,88.9877041173
3.4120000000,96.6551775437
3.4130000000,99.8989640635
3.4140000000,98.5665803603
3.4150000000,92.7151160444
3.4160000000,82.6090426107
3.4170000000,68.7084974576
3.4180000000,51.6485505085
3.4190000000,32.2103773482
3.4200000000,11.2856384873
3.4210000000,-10.1643180873
3.4220000000,-31.1525694485
3.4230000000,-50.7120239446
3.4240000000,-67.9400323996
3.4250000000,-82.0401443525
3.4260000000,-92.3590733421
3.4270000000,-98.4171491297
3.4280000000,-99.9308291551
3.4290000000,-96.8262031986
3.4300000000,-89.2428378124
3.4310000000,-77.5277517007
3.4320000000,-62.2197694747
3.4330000000,-44.0249479632
3.4340000000,-23.7841857940
3.4350000000,-2.4344937647
3.4360000000,19.0342966455
3.4370000000,39.6253906966
3.4380000000,58.3813310389
3.4390000000,74.4285902753
3.4400000000,87.0183754669
3.4410000000,95.5617331102
3.4420000000,99.6573013828
3.4430000000,99.1103929007
3.4440000000,93.9424905442
3.4450000000,84.3906827753
3.4460000000,70.8970327713
3.4470000000,54.0883459021
3.4480000000,34.7472506093
3.4490000000,13.7759174353
3.4500000000,-7.8459095728
3.4510000000,-29.1066222680
3.4520000000,-49.0100692272
3.4530000000,-66.6222750700
3.4540000000,-81.1153652472
3.4550000000,-91.8066261817
3.4560000000,-98.1908513004
3.4570000000,-99.9644320051
3.4580000000,-97.0400349253
3.4590000000,-89.5511452462
3.4600000000,-77.8462301567
3.4610000000,-62.4727643474
3.4620000000,-44.1518380839
3.4630000000,-23.7445150764
3.4640000000,-2.2115009240
3.4650000000,19.4319954967
3.4660000000,40.1640912613
3.4670000000,59.0044977421
3.4680000000,75.0609473768
3.4690000000,87.5715767667
3.4700000000,95.9412471854
3.4710000000,99.7700631749
3.4720000000,98.8727131455
3.4730000000,93.2876859495
3.4740000000,83.2758942030
3.4750000000,69.3087362546
3.4760000000,52.0461304813
3.4770000000,32.3055341591
3.4780000000,11.0233916477
3.4790000000,-10.7891777587
3.4800000000,-32.0943609807
3.4810000000,-51.8770273952
3.4820000000,-69.1931512968
3.4830000000,-83.2149684436
3.4840000000,-93.2707017813
3.4850000000,-98.8769426703
3.4860000000,-99.7621176823
3.4870000000,-95.8798912880
3.4880000000,-87.4118318140
3.4890000000,-74.7591793383
3.4900000000,-58.5240754025
3.4910000000,-39.4811206237
3.4920000000,-18.5405931461
3.4930000000,3.2949342062
3.4940000000,24.9785169629
3.4950000000,45.4690154533
3.4960000000,63.7811211405
3.4970000000,79.0328276176
3.4980000000,90.4880550325
3.4990000000,97.5923614629
3.5000000000,100.0000000000
3.5010000000,97.5909908285
3.5020000000,90.4773540318
3.5030000000,78.9981685407
3.5040000000,63.7036607040
3.5050000000,45.3290564902
3.5060000000,24.7594286601
3.5070000000,2.9872101660
3.5080000000,-18.9355940205
3.5090000000,-39.9482003324
3.5100000000,-59.0323949356
3.5110000000,-75.2619506720
3.5120000000,-87.8477107826
3.5130000000,-96.1761389225
3.5140000000,-99.8394439897
3.5150000000,-98.6557904971
3.5160000000,-92.6785815007
3.5170000000,-82.1943286739
3.5180000000,-67.7091775521
3.5190000000,-49.9247084493
3.5200000000,-29.7041581577
3.5210000000,-8.0306785714
3.5220000000,14.0403573990
3.5230000000,35.4326944351
3.5240000000,55.1016833563
3.5250000000,72.0853596703
3.5260000000,85.5516116841
3.5270000000,94.8391197442
3.5280000000,99.4900443990
3.5290000000,99.2728377523
3.5300000000,94.1940300709
3.5310000000,84.4983797913
3.5320000000,70.6573434293
3.5330000000,53.3463947963
3.5340000000,33.4122722681
3.5350000000,11.8317315268
3.5360000000,-10.3361955440
3.5370000000,-32.0021084657
3.5380000000,-52.0997713972
3.5390000000,-69.6386417773
3.5400000000,-83.7528040042
3.5410000000,-93.7438854694
3.5420000000,-99.1158201325
3.5430000000,-99.5997192522
3.5440000000,-95.1675909044
3.5450000000,-86.0341961378
3.5460000000,-72.6469133336
3.5470000000,-55.6640748774
3.5480000000,-35.9228123216
3.5490000000,-14.3979694031
3.5500000000,7.8459095728
3.5510000000,29.7071579385
3.5520000000,50.1015383510
3.5530000000,68.0160674605
3.5540000000,82.5594393017
3.5550000000,93.0065323440
3.5560000000,98.8347700117
3.5570000000,99.7505014736
3.5580000000,95.7040593773
3.5590000000,86.8927100247
3.5600000000,73.7513117358
3.5610000000,56.9311091076
3.5620000000,37.2676840727
3.5630000000,15.7396294176
3.5640000000,-6.5800207101
3.5650000000,-28.5771995738
3.5660000000,-49.1524015519
3.5670000000,-67.2756875171
3.5680000000,-82.0383479872
3.5690000000,-92.6986274602
3.5700000000,-98.7192013995
3.5710000000,-99.7945023031
3.5720000000,-95.8664934228
3.5730000000,-87.1280632564
3.5740000000,-74.0138324175
3.5750000000,-57.1787960228
3.5760000000,-37.4658376547
3.5770000000,-15.8637143311
3.5780000000,6.5424028324
3.5790000000,28.6253652548
3.5800000000,49.2727341548
3.5810000000,67.4428684795
3.5820000000,82.2175834315
3.5830000000,92.8487123194
3.5840000000,98.7962025838
3.5850000000,99.7557959061
3.5860000000,95.6748616688
3.5870000000,86.7555469240
3.5880000000,73.4450447316
3.5890000000,56.4134341338
3.5900000000,36.5201761892
3.5910000000,14.7709293190
3.5920000000,-7.7331558848
3.5930000000,-29.8511128813
3.5940000000,-50.4599953701
3.5950000000,-68.5119425359
3.5960000000,-83.0875710469
3.5970000000,-93.4429678193
3.5980000000,-99.0478733115
3.5990000000,-99.6130848725
3.6000000000,-95.1056516295
3.6010000000,-85.7510494176
3.6020000000,-72.0221852156
3.6030000000,-54.6157519423
3.6040000000,-34.4171020553
3.6050000000,-12.4553989924
3.6060000000,10.1486913515
3.6070000000,32.2401173531
3.6080000000,52.6884593204
3.6090000000,70.4458330617
3.6100000000,84.6007105668
3.6110000000,94.4248875664
3.6120000000,99.4111691621
3.6130000000,99.2998121669
3.6140000000,94.0923328588
3.6150000000,84.0519327336
3.6160000000,69.6904797949
3.6170000000,51.7426739226
3.6180000000,31.1286863859
3.6190000000,8.9071614257
3.6200000000,-13.7790290685
3.6210000000,-35.7615047909
3.6220000000,-55.9065565845
3.6230000000,-73.1736866467
3.6240000000,-86.6694832020
3.6250000000,-95.6940335732
3.6260000000,-99.7774551106
3.6270000000,-98.7046256598
3.6280000000,-92.5267987755
3.6290000000,-81.5594629490
3.6300000000,-66.3665141433
3.6310000000,-47.7315202870
3.6320000000,-26.6175282989
3.6330000000,-4.1174636562
3.6340000000,18.6023319578
3.6350000000,40.3625140109
3.6360000000,60.0319729247
3.6370000000,76.5867157584
3.6380000000,89.1633224157
3.6390000000,97.1041784103
3.6400000000,99.9921044204
3.6410000000,97.6725467645
3.6420000000,90.2621347596
3.6430000000,78.1431176640
3.6440000000,61.9439289845
3.6450000000,42.5068510812
3.6460000000,20.8444303127
3.6470000000,-1.9131132068
3.6480000000,-24.5767582580
3.6490000000,-45.9607762024
3.6500000000,-64.9448048330
3.6510000000,-80.5326510460
3.6520000000,-91.9047308852
3.6530000000,-98.4613781778
3.6540000000,-99.8547222406
3.6550000000,-96.0074270418
3.6560000000,-87.1172682206
3.6570000000,-73.6472649841
3.6580000000,-56.3018424264
3.6590000000,-35.9902364232
3.6600000000,-13.7790290685
3.6610000000,9.1637182398
3.6620000000,31.6298154636
3.6630000000,52.4345602853
3.6640000000,70.4792712003
3.6650000000,84.8094337107
3.6660000000,94.6653759701
3.6670000000,99.5227740604
3.6680000000,99.1208152115
3.6690000000,93.4764924422
3.6700000000,82.8842326905
3.6710000000,67.9008343195
3.6720000000,49.3164681346
3.6730000000,28.1132374863
3.6740000000,5.4134581709
3.6750000000,-17.5796279934
3.6760000000,-39.6455807128
3.6770000000,-59.6115577337
3.6780000000,-76.4147394663
3.6790000000,-89.1590548721
3.6800000000,-97.1631732915
3.6810000000,-99.9971812049
3.6820000000,-97.5059565750
3.6830000000,-89.8179554198
3.6840000000,-77.3388986635
3.6850000000,-60.7306511657
3.6860000000,-40.8763763717
3.6870000000,-18.8337868959
3.6880000000,4.2210460646
3.6890000000,27.0563481067
3.6900000000,48.4504290844
3.6910000000,67.2570905914
3.6920000000,82.4671494155
3.6930000000,93.2627687476
3.6940000000,99.0616629361
3.6950000000,99.5487745058
3.6960000000,94.6936861500
3.6970000000,84.7527903700
3.6980000000,70.2560550041
3.6990000000,51.9790504447
3.7000000000,30.9016994375
3.7010000000,8.1559300344
3.7020000000,-15.0349825577
3.7030000000,-37.4221419726
3.7040000000,-57.7982967303
3.7050000000,-75.0630231348
3.7060000000,-88.2823015657
3.7070000000,-96.7392530922
3.7080000000,-99.9732695648
3.7090000000,-97.8053879986
3.7100000000,-90.3484964433
3.7110000000,-78.0017743403
3.7120000000,-61.4296217731
3.7130000000,-41.5261730834
3.7140000000,-19.3672753993
3.7150000000,3.8475011081
3.7160000000,26.8597046648
3.7170000000,48.4201956584
3.7180000000,67.3569990864
3.7190000000,82.6391277220
3.7200000000,93.4328942457
3.7210000000,99.1476270559
3.7220000000,99.4682704549
3.7230000000,94.3730553703
3.7240000000,84.1352339038
3.7250000000,69.3087362546
3.7260000000,50.6984850132
3.7270000000,29.3169416750
3.7280000000,6.3292174526
3.7290000000,-17.0102866773
3.7300000000,-39.4262724343
3.7310000000,-59.6922437715
3.7320000000,-76.6977035984
3.7330000000,-89.5091615924
3.7340000000,-97.4215932199
3.7350000000,-99.9975017668
3.7360000000,-97.0914050931
3.7370000000,-88.8583609499
3.7380000000,-75.7460160795
3.7390000000,-58.4705674696
3.7400000000,-37.9779095522
3.7410000000,-15.3920600569
3.7420000000,8.0463357018
3.7430000000,31.0480665420
3.7440000000,52.3462543654
3.7450000000,70.7661923407
3.7460000000,85.2902693053
3.7470000000,95.1143850775
3.7480000000,99.6927185323
3.7490000000,98.7683425574
3.7500000000,92.3879532511
3.7510000000,80.8998528157
3.7520000000,64.9352487771
3.7530000000,45.3738555436
3.7540000000,23.2956567953
3.7550000000,-0.0785398083
3.7560000000,-23.4544938793
3.7570000000,-45.5361559269
3.7580000000,-65.0975621483
3.7590000000,-81.0510104671
3.7600000000,-92.5077206834
3.7610000000,-98.8275861653
3.7620000000,-99.6552193113
3.7630000000,-94.9402458242
3.7640000000,-84.9406724580
3.7650000000,-70.2090914327
3.7660000000,-51.5624401675
3.7670000000,-30.0369541704
3.7680000000,-6.8307824047
3.7690000000,16.7625685702
3.7700000000,39.4262724343
3.7710000000,59.8936947536
3.7720000000,77.0192741206
3.7730000000,89.8428014811
3.7740000000,97.6434820824
3.7750000000,99.9807240482
3.7760000000,96.7193305481
3.7770000000,88.0376385867
3.7780000000,74.4180986190
3.7790000000,56.6207725225
3.7800000000,35.6411878713
3.7810000000,12.6548699087
3.7820000000,-11.0483708733
3.7830000000,-34.1367311800
3.7840000000,-55.3112403590
3.7850000000,-73.3789154148
3.7860000000,-87.3201218258
3.7870000000,-96.3463287128
3.7880000000,-99.9449752911
3.7890000000,-97.9088811762
3.7900000000,-90.3484964433
3.7910000000,-77.6862502885
3.7920000000,-60.6332657546
3.7930000000,-40.1497054566
3.7940000000,-17.3909431248
3.7950000000,6.3574348442
3.7960000000,29.7521511301
3.7970000000,51.4681973165
3.7980000000,70.2739378461
3.7990000000,85.1010980222
3.8000000000,95.1056516295
3.8010000000,99.7161266230
3.8020000000,98.6665498828
3.8030000000,92.0121152287
3.8040000000,80.1266343796
3.8050000000,63.6818633528
3.8060000000,43.6098283935
3.8070000000,21.0502471925
3.8080000000,-2.7140027617
3.8090000000,-26.3297256157
3.8100000000,-48.4504290844
3.8110000000,-67.8131450673
3.8120000000,-83.3106637229
3.8130000000,-94.0550428074
3.8140000000,-99.4287385394
3.8150000000,-99.1203994930
3.8160000000,-93.1432322244
3.8170000000,-81.8348376119
3.8180000000,-65.8384741003
3.8190000000,-46.0667678944
3.8200000000,-23.6498997024
3.8210000000,0.1288052632
3.8220000000,23.9062246295
3.8230000000,46.3175386899
3.8240000000,66.0746106981
3.8250000000,82.0401443526
3.8260000000,93.2933427356
3.8270000000,99.1832673894
3.8280000000,99.3667912800
3.8290000000,93.8289160712
3.8300000000,82.8842326905
3.8310000000,67.1593870601
3.8320000000,47.5575079484
3.8330000000,25.2065980299
3.8340000000,1.3948219065
3.8350000000,-22.5036083316
3.8360000000,-45.1076935022
3.8370000000,-65.1094852387
3.8380000000,-81.3498841244
3.8390000000,-92.8859990354
3.8400000000,-99.0461425697
3.8410000000,-99.4692406425
3.8420000000,-94.1263270694
3.8430000000,-83.3228252853
3.8440000000,-67.6814300182
3.8450000000,-48.1065275930
3.8460000000,-25.7321692418
3.8470000000,-1.8565745856
3.8480000000,22.1330641636
3.8490000000,44.8411296725
3.8500000000,64.9448048330
3.8510000000,81.2712469793
3.8520000000,92.8662021537
3.8530000000,99.0500345392
3.8540000000,99.4578668129
3.8550000000,94.0614434650
3.8560000000,83.1713884424
3.8570000000,67.4196695166
3.8580000000,47.7232382195
3.8590000000,25.2309184399
3.8600000000,1.2566039883
3.8610000000,-22.7973627085
3.8620000000,-45.5221704617
3.8630000000,-65.5850883809
3.8640000000,-81.8077453674
3.8650000000,-93.2355355362
3.8660000000,-99.1940505301
3.8670000000,-99.3291878627
3.8680000000,-93.6285323913
3.8690000000,-82.4227009230
3.8700000000,-66.3665141432
3.8710000000,-46.4010467696
3.8720000000,-23.6987362504
3.8730000000,0.4052643430
3.8740000000,24.4914821472
3.8750000000,47.1396736826
3.8760000000,67.0126125830
3.8770000000,82.9351705803
3.8780000000,93.9640079180
3.8790000000,99.4437286362
3.8800000000,99.0461425697
3.8810000000,92.7902639818
3.8820000000,81.0418089259
3.8830000000,64.4921632525
3.8840000000,44.1180093360
3.8850000000,21.1239500023
3.8860000000,-3.1285157132
3.8870000000,-27.2014893512
3.8880000000,-49.6658904709
3.8890000000,-69.1863466471
3.8900000000,-84.6007105668
3.8910000000,-94.9894614278
3.8920000000,-99.7308338136
3.8930000000,-98.5383528519
3.8940000000,-91.4784910932
3.8950000000,-78.9673392647
3.8960000000,-61.7464303378
3.8970000000,-40.8391000939
3.8980000000,-17.4899333590
3.8990000000,6.9091366602
3.9000000000,30.9016994375
3.9010000000,53.0537814633
3.9020000000,72.0396186246
3.9030000000,86.7211525024
3.9040000000,96.2164750654
3.9050000000,99.9530922043
3.9060000000,97.7027724215
3.9070000000,89.5958401330
3.9080000000,76.1139987564
3.9090000000,58.0620540557
3.9100000000,36.5201761892
3.9110000000,12.7795133037
3.9120000000,-11.7350206377
3.9130000000,-35.5501772742
3.9140000000,-57.2329082854
3.9150000000,-75.4766829300
3.9160000000,-89.1803846699
3.9170000000,-97.5150127650
3.9180000000,-99.9741340664
3.9190000000,-96.4049968812
3.9200000000,-87.0183754670
3.9210000000,-72.3764914204
3.9220000000,-53.3596802916
3.9230000000,-31.1137584732
3.9240000000,-6.9812188122
3.9250000000,17.5796279934
3.9260000000,41.0827059818
3.9270000000,62.1041085880
3.9280000000,79.3684719258
3.9290000000,91.8265411755
3.9300000000,98.7192013995
3.9310000000,99.6240498578
3.9320000000,94.4816338806
3.9330000000,83.5997040123
3.9340000000,67.6351627547
3.9350000000,47.5547443440
3.9360000000,24.5767582580
3.9370000000,0.0973893569
3.9380000000,-24.3940005333
3.9390000000,-47.4054400794
3.9400000000,-67.5332808121
3.9410000000,-83.5479499342
3.9420000000,-94.4692769192
3.9430000000,-99.6267665235
3.9440000000,-98.7010951028
3.9450000000,-91.7442423434
3.9460000000,-79.1769682793
3.9470000000,-61.7637270580
3.9480000000,-40.5664901493
3.9490000000,-16.8802479691
3.9500000000,7.8459095728
3.9510000000,32.0973363620
3.9520000000,54.3865940551
3.9530000000,73.3447569199
3.9540000000,87.8056486863
3.9550000000,96.8778182954
3.9560000000,99.9997978706
3.9570000000,96.9751994686
3.9580000000,87.9854360428
3.9590000000,73.5792218674
3.9600000000,54.6394346734
3.9610000000,32.3293182640
3.9620000000,8.0212841980
3.9630000000,-16.7873451714
3.9640000000,-40.5664901493
3.9650000000,-61.8476971954
3.9660000000,-79.3149297838
3.9670000000,-91.8861469305
3.9680000000,-98.7806008647
3.9690000000,-99.5676520816
3.9700000000,-94.1940300709
3.9710000000,-82.9877925080
3.9720000000,-66.6386734196
3.9730000000,-46.1559731402
3.9740000000,-22.8065392054
3.9750000000,1.9633692461
3.9760000000,26.6175282989
3.9770000000,49.6249839751
3.9780000000,69.5551739044
3.9790000000,85.1670228425
3.9800000000,95.4864544747
3.9810000000,99.8674646586
3.9820000000,98.0329088641
3.9830000000,90.0924075992
3.9840000000,76.5361911322
3.9850000000,58.2052011514
3.9860000000,36.2392491354
3.9870000000,12.0064065598
3.9880000000,-12.9820156917
3.9890000000,-37.1656269023
3.9900000000,-59.0323949356
3.9910000000,-77.2132792802
3.9920000000,-90.5681303028
3.9930000000,-98.2574537879
3.9940000000,-99.7955075751
3.9950000000,-95.0813521611
3.9960000000,-84.4058482925
3.9970000000,-68.4340967545
3.9980000000,-48.1643550353
3.9990000000,-24.8659458105
4.0000000000,-0.0000000000
4.0010000000,24.8720315980
4.0020000000,48.1863790243
4.0030000000,68.4753189587
4.0040000000,84.4597154749
4.0050000000,95.1298924320
4.0060000000,99.8097104529
4.0070000000,98.1997635861
4.0080000000,90.3969144061
4.0090000000,76.8888703335
4.0100000000,58.5240754026
4.0110000000,36.4587516921
4.0120000000,12.0843745195
4.0130000000,-13.0598868573
4.0140000000,-37.3842656590
4.0150000000,-59.3489124578
4.0160000000,-77.5614736593
4.0170000000,-90.8655442818
4.0180000000,-98.4143641704
4.0190000000,-99.7250443781
4.0200000000,-94.7098304995
4.0210000000,-83.6823560603
4.0220000000,-67.3384207610
4.0230000000,-46.7124455006
4.0240000000,-23.1123060112
4.0250000000,1.9633692461
4.0260000000,26.9202223066
4.0270000000,50.1694942627
4.0280000000,70.2292224206
4.0290000000,85.8188570036
4.0300000000,95.9412471854
4.0310000000,99.9467325037
4.0320000000,97.5752008426
4.0330000000,88.9733677663
4.0340000000,74.6861061191
4.0350000000,55.6223096307
4.0360000000,32.9974042747
4.0370000000,8.2561219413
4.0380000000,-17.0195740260
4.0390000000,-41.2115553152
4.0400000000,-62.7691361291
4.0410000000,-80.3085870839
4.0420000000,-92.7021622379
4.0430000000,-99.1508984039
4.0440000000,-99.2364693207
4.0450000000,-92.9487074804
4.0460000000,-80.6869592108
4.0470000000,-63.2351151050
4.0480000000,-41.7118507232
4.0490000000,-17.4992127888
4.0500000000,7.8459095728
4.0510000000,32.6917719526
4.0520000000,55.4368069449
4.0530000000,74.6129426024
4.0540000000,88.9805370395
4.0550000000,97.6087790225
4.0560000000,99.9363233340
4.0570000000,95.8081900424
4.0580000000,85.4864784785
4.0590000000,69.6341324050
4.0600000000,49.2727341548
4.0610000000,25.7169899143
4.0620000000,0.4900864921
4.0630000000,-24.7746472316
4.0640000000,-48.4394357806
4.0650000000,-68.9682737026
4.0660000000,-85.0267719711
4.0670000000,-95.5691344687
4.0680000000,-99.9065801885
4.0690000000,-97.7527145574
4.0700000000,-89.2428378124
4.0710000000,-74.9258642895
4.0720000000,-55.7293049156
4.0730000000,-32.8995207012
4.0740000000,-7.9210731316
4.0750000000,17.5796279934
4.0760000000,41.9401381933
4.0770000000,63.5703751989
4.0780000000,81.0565304320
4.0790000000,93.2536969007
4.0800000000,99.3611310520
4.0810000000,98.9751820854
4.0820000000,92.1163671348
4.0830000000,79.2287513542
4.0840000000,61.1515992562
4.0850000000,39.0650797799
4.0860000000,14.4135135217
4.0870000000,-11.1888659688
4.0880000000,-36.0635021765
4.0890000000,-58.5775578629
4.0900000000,-77.2511963678
4.0910000000,-90.8550473178
4.0920000000,-98.4914248938
4.0930000000,-99.6539148200
4.0940000000,-94.2613522846
4.0950000000,-82.6638859975
4.0960000000,-65.6206544726
4.0970000000,-44.2504694064
4.0980000000,-19.9586846721
4.0990000000,5.6549900164
4.1000000000,30.9016994375
4.1010000000,54.1147670913
4.1020000000,73.7597976358
4.1030000000,88.5362794315
4.1040000000,97.4639480449
4.1050000000,99.9481582143
4.1060000000,95.8198826872
4.1070000000,85.3476223199
4.1080000000,69.2203637485
4.1090000000,48.5026368264
4.1100000000,24.5645771192
4.1110000000,-1.0084341491
4.1120000000,-26.5206105902
4.1130000000,-50.2781593340
4.1140000000,-70.7017917945
4.1150000000,-86.4318695434
4.1160000000,-96.4191745138
4.1170000000,-99.9952270479
4.1180000000,-96.9174174338
4.1190000000,-87.3858788356
4.1200000000,-72.0309024888
4.1210000000,-51.8716557117
4.1220000000,-28.2488793561
4.1230000000,-2.7359857438
4.1240000000,22.9655662267
4.1250000000,47.1396736826
4.1260000000,68.1702167063
4.1270000000,84.6492506827
4.1280000000,95.4715114740
4.1290000000,99.9088739191
4.1300000000,97.6597262064
4.1310000000,88.8698869011
4.1320000000,74.1235876939
4.1330000000,54.4050470985
4.1340000000,31.0331344881
4.1350000000,5.5734374387
4.1360000000,-20.2664240988
4.1370000000,-44.7512497037
4.1380000000,-66.2348112298
4.1390000000,-83.2706759391
4.1400000000,-94.7098304995
4.1410000000,-99.7785012540
4.1420000000,-98.1308789231
4.1430000000,-89.8731298732
4.1440000000,-75.5569999274
4.1450000000,-56.1433616994
4.1460000000,-32.9380851238
4.1470000000,-7.5044862484
4.1480000000,18.4417958329
4.1490000000,43.1484386842
4.1500000000,64.9448048330
4.1510000000,82.3550418502
4.1520000000,94.1982488680
4.1530000000,99.6688957397
4.1540000000,98.3919970834
4.1550000000,90.4492367155
4.1560000000,76.3741952218
4.1570000000,57.1169229643
4.1580000000,33.9801814459
4.1590000000,8.5316063566
4.1600000000,-17.5023058975
4.1610000000,-42.3532330115
4.1620000000,-64.3311563117
4.1630000000,-81.9394232510
4.1640000000,-93.9769005369
4.1650000000,-99.6202300072
4.1660000000,-98.4805328330
4.1670000000,-90.6306311815
4.1680000000,-76.6008541892
4.1690000000,-57.3436318339
4.1700000000,-34.1692107891
4.1710000000,-8.6568051158
4.1720000000,17.4528140872
4.1730000000,42.3759989461
4.1740000000,64.4080907487
4.1750000000,82.0401443525
4.1760000000,94.0625099163
4.1770000000,99.6481458475
4.1780000000,98.4099031846
4.1790000000,90.4277875739
4.1800000000,76.2442511012
4.1810000000,56.8277532636
4.1820000000,33.5070087761
4.1830000000,7.8803600935
4.1840000000,-18.2935649479
4.1850000000,-43.2164446891
4.1860000000,-65.1738421586
4.1870000000,-82.6532772658
4.1880000000,-94.4486521482
4.1890000000,-99.7438036891
4.1900000000,-98.1693728546
4.1910000000,-89.8290016601
4.1920000000,-75.2929713070
4.1930000000,-55.5596354134
4.1940000000,-31.9872261828
4.1950000000,-6.2006651884
4.1960000000,20.0202484133
4.1970000000,44.8635925873
4.1980000000,66.6105599904
4.1990000000,83.7545205113
4.2000000000,95.1056516295
4.2010000000,99.8738534585
4.2020000000,97.7241474253
4.2030000000,88.8006470171
4.2040000000,73.7173564908
4.2050000000,53.5163496183
4.2060000000,29.5961465476
4.2070000000,3.6151851992
4.2080000000,-22.6229708849
4.2090000000,-47.2947563438
4.2100000000,-68.6833846544
4.2110000000,-85.2984689080
4.2120000000,-95.9801373035
4.2130000000,-99.9803521856
4.2140000000,-97.0157074749
4.2150000000,-87.2879500159
4.2160000000,-71.4707098949
4.2170000000,-50.6632779380
4.2180000000,-26.3145715870
4.2190000000,-0.1225220828
4.2200000000,26.0841506290
4.2210000000,50.4735562691
4.2220000000,71.3387447080
4.2230000000,87.2173456950
4.2240000000,96.9943405244
4.2250000000,99.9807240482
4.2260000000,95.9624827075
4.2270000000,85.2163782041
4.2280000000,68.4913439031
4.2290000000,46.9567104161
4.2300000000,22.1208092790
4.2310000000,-4.2744049356
4.2320000000,-30.3753712924
4.2330000000,-54.3470429636
4.2340000000,-74.5019804346
4.2350000000,-89.4193307786
4.2360000000,-98.0452906290
4.2370000000,-99.7679290374
4.2380000000,-94.4610314857
4.2390000000,-82.4937940951
4.2400000000,-64.7055961569
4.2410000000,-42.3475411098
4.2420000000,-16.9948074272
4.2430000000,9.5640749785
4.2440000000,35.4532579763
4.2450000000,58.8420471401
4.2460000000,78.0744589970
4.2470000000,91.7866879919
4.2480000000,99.0041356071
4.2490000000,99.2110763365
4.2500000000,92.3879532511
4.2510000000,79.0135756943
4.2520000000,60.0319729248
4.2530000000,36.7861649866
4.2540000000,10.9234677980
4.2550000000,-15.7210145321
4.2560000000,-41.2544868023
4.2570000000,-63.8609347015
4.2580000000,-81.9304179581
4.2590000000,-94.1739704729
4.2600000000,-99.7158900261
4.2610000000,-98.1567857713
4.2620000000,-89.6028155307
4.2630000000,-74.6589416348
4.2640000000,-54.3865940551
4.2650000000,-30.2286708022
4.2660000000,-3.9071464827
4.2670000000,22.6994674911
4.2680000000,47.6901057115
4.2690000000,69.2770247548
4.2700000000,85.9138581274
4.2710000000,96.4066662652
4.2720000000,99.9999873669
4.2730000000,96.4316613509
4.2740000000,85.9524182164
4.2750000000,69.3087362546
4.2760000000,47.6901057116
4.2770000000,22.6443913433
4.2780000000,-4.0327111163
4.2790000000,-30.4262505802
4.2800000000,-54.6394346734
4.2810000000,-74.9300253538
4.2820000000,-89.8359026789
4.2830000000,-98.2807331856
4.2840000000,-99.6520844013
4.2850000000,-93.8462886234
4.2860000000,-81.2767381061
4.2870000000,-62.8449203047
4.2880000000,-39.8761873461
4.2890000000,-14.0248048601
4.2900000000,12.8449430200
4.2910000000,38.7930657470
4.2920000000,61.9439289845
4.2930000000,80.6219563354
4.2940000000,93.4731437159
4.2950000000,99.5635570036
4.2960000000,98.4476233967
4.2970000000,90.2011931987
4.2980000000,75.4168865781
4.2990000000,55.1619667009
4.3000000000,30.9016994375
4.3010000000,4.3936732751
4.3020000000,-22.4393221837
4.3030000000,-47.6486805458
4.3040000000,-69.4015284974
4.3050000000,-86.1141561681
4.3060000000,-96.5676026154
4.3070000000,-99.9969403889
4.3080000000,-96.1476924986
4.3090000000,-85.2951893195
4.3100000000,-68.2253609110
4.3110000000,-46.1782671666
4.3120000000,-20.7583898743
4.3130000000,6.1818517940
4.3140000000,32.6769266946
4.3150000000,56.7915575090
4.3160000000,76.7621729919
4.3170000000,91.1261013064
4.3180000000,98.8290246903
4.3190000000,99.3027779650
4.3200000000,92.5077206834
4.3210000000,78.9364900367
4.3220000000,59.5787618172
4.3230000000,35.8495039832
4.3240000000,9.4858922535
4.3250000000,-17.5796279934
4.3260000000,-43.3608758276
4.3270000000,-65.9637075778
4.3280000000,-83.7253286494
4.3290000000,-95.3368876359
4.3300000000,-99.9402948355
4.3310000000,-97.1920767121
4.3320000000,-87.2894828685
4.3330000000,-70.9568276895
4.3340000000,-49.3929726097
4.3350000000,-24.1837220403
4.3360000000,2.8144953068
4.3370000000,29.6111504271
4.3380000000,54.2283173123
4.3390000000,74.8467478844
4.3400000000,89.9405251566
4.3410000000,98.3903132879
4.3420000000,99.5667761863
4.3430000000,93.3779182177
4.3440000000,80.2767523156
4.3450000000,61.2286278385
4.3460000000,37.6405370873
4.3470000000,11.2575443387
4.3480000000,-15.9660655346
4.3490000000,-42.0114237669
4.3500000000,-64.9448048330
4.3510000000,-83.0613393549
4.3520000000,-95.0120219090
4.3530000000,-99.9045326437
4.3540000000,-97.3703105326
4.3550000000,-87.5928041357
4.3560000000,-71.2946999624
4.3570000000,-49.6849763951
4.3580000000,-24.3696262739
4.3590000000,2.7673897743
4.3600000000,29.7041581577
4.3610000000,54.4314040247
4.3620000000,75.1024484599
4.3630000000,90.1713339277
4.3640000000,98.5087713129
4.3650000000,99.4871886215
4.3660000000,93.0284456290
4.3670000000,79.6105521746
4.3680000000,60.2327847530
4.3690000000,36.3417087727
4.3700000000,9.7235493922
4.3710000000,-17.6291084469
4.3720000000,-43.6663621060
4.3730000000,-66.4346367333
4.3740000000,-84.2234170831
4.3750000000,-95.6940335732
4.3760000000,-99.9807856799
4.3770000000,-96.7567355693
4.3780000000,-86.2591380241
4.3790000000,-69.2724934464
4.3800000000,-47.0703932165
4.3810000000,-21.3204320053
4.3820000000,6.0407443806
4.3830000000,32.9529161315
4.3840000000,57.3873774074
4.3850000000,77.4999640715
4.3860000000,91.7704711362
4.3870000000,99.1179031274
4.3880000000,98.9827944051
4.3890000000,91.3702984503
4.3900000000,76.8506917219
4.3910000000,56.5171479523
4.3920000000,31.9038708239
4.3930000000,4.8706823159
4.3940000000,-22.5372781209
4.3950000000,-48.2441775103
4.3960000000,-70.3007537858
4.3970000000,-87.0323035258
4.3980000000,-97.1661444583
4.3990000000,-99.9288288075
4.4000000000,-95.1056516295
4.4010000000,-83.0578404023
4.4020000000,-64.6960145109
4.4030000000,-41.4118238033
4.4040000000,-14.9728619594
4.4050000000,12.6112399893
4.4060000000,39.2414174012
4.4070000000,62.8888966709
4.4080000000,81.7498878697
4.4090000000,94.3834404421
4.4100000000,99.8219065278
4.4110000000,97.6455156338
4.4120000000,88.0152790977
4.4130000000,71.6616082311
4.4140000000,49.8294060724
4.4150000000,24.1837220403
4.4160000000,-3.3169133343
4.4170000000,-30.5698628520
4.4180000000,-55.4890891666
4.4190000000,-76.1649152294
4.4200000000,-91.0105970685
4.4210000000,-98.8844423077
4.4220000000,-99.1780500549
4.4230000000,-91.8638192509
4.4240000000,-77.4979786671
4.4250000000,-57.1787960228
4.4260000000,-32.4630657614
4.4270000000,-5.2471904870
4.4280000000,22.3780882003
4.4290000000,48.2882003593
4.4300000000,70.4881853942
4.4310000000,87.2664810351
4.4320000000,97.3271943903
4.4330000000,99.8906094138
4.4340000000,94.7541040615
4.4350000000,82.3086811685
4.4360000000,63.5097281131
4.4370000000,39.8041497621
4.4380000000,13.0193948536
4.4390000000,-14.7771435538
4.4400000000,-41.4375580993
4.4410000000,-64.8994044359
4.4420000000,-83.3454003530
4.4430000000,-95.3444698754
4.4440000000,-99.9631641607
4.4450000000,-96.8387541833
4.4460000000,-86.2082356994
4.4470000000,-68.8908889999
4.4480000000,-46.2256322858
4.4490000000,-19.9679197362
4.4500000000,7.8459095728
4.4510000000,35.0563742601
4.4520000000,59.5484798431
4.4530000000,79.4162255150
4.4540000000,93.1111845932
4.4550000000,99.5635570036
4.4560000000,98.2662017470
4.4570000000,89.3150133025
4.4580000000,73.4023886259
4.4590000000,51.7641790663
4.4600000000,26.0841506290
4.4610000000,-1.6366966913
4.4620000000,-29.2358352161
4.4630000000,-54.5578424444
4.4640000000,-75.6228163454
4.4650000000,-90.7814079176
4.4660000000,-98.8443143321
4.4670000000,-99.1760389830
4.4680000000,-91.7454922391
4.4690000000,-77.1293649590
4.4700000000,-56.4678950066
4.4710000000,-31.3763772574
4.4720000000,-3.8192475562
4.4730000000,24.0434731854
4.4740000000,50.0253910414
4.4750000000,72.0853596703
4.4760000000,88.4880344093
4.4770000000,97.9407155975
4.4780000000,99.6956645633
4.4790000000,93.6097603189
4.4800000000,80.1566984871
4.4810000000,60.3906563504
4.4820000000,35.8641674214
4.4830000000,8.5065649817
4.4840000000,-19.5275192219
4.4850000000,-46.0277259540
4.4860000000,-68.9022740348
4.4870000000,-86.3432532094
4.4880000000,-96.9698292529
4.4890000000,-99.9379936613
4.4900000000,-95.0081019101
4.4910000000,-82.5647569983
4.4920000000,-63.5873493575
4.4930000000,-39.5734647151
4.4940000000,-12.4211098354
4.4950000000,15.7210145321
4.4960000000,42.6234053440
4.4970000000,66.1523927795
4.4980000000,84.4395252816
4.4990000000,96.0302449967
4.5000000000,100.0000000000
4.5010000000,96.0284920439
4.5020000000,84.4260584855
4.5030000000,66.1099749984
4.5040000000,42.5324422112
4.5050000000,15.5658688263
4.5060000000,-12.6455208461
4.5070000000,-39.8560193001
4.5080000000,-63.8971909079
4.5090000000,-82.8508222853
4.5100000000,-95.2022626946
4.5110000000,-99.9618741178
4.5120000000,-96.7448207115
4.5130000000,-85.8027258878
4.5140000000,-68.0045516938
4.5150000000,-44.7681056457
4.5160000000,-17.9475316925
4.5170000000,10.3143219344
4.5180000000,37.7569291145
4.5190000000,62.1828711517
4.5200000000,81.6339250717
4.5210000000,94.5483340199
4.5220000000,99.8866070488
4.5230000000,97.2156833708
4.5240000000,86.7446077389
4.5250000000,69.3087362546
4.5260000000,46.3036166747
4.5270000000,19.5737337357
4.5280000000,-8.7350474109
4.5290000000,-36.3475622832
4.5300000000,-61.0421687982
4.5310000000,-80.8296220406
4.5320000000,-94.1135903865
4.5330000000,-99.8198390448
4.5340000000,-97.4835951292
4.5350000000,-87.2879500159
4.5360000000,-70.0500836417
4.5370000000,-47.1562966692
4.5380000000,-20.4509719389
4.5390000000,7.9116779322
4.5400000000,35.6411878713
4.5410000000,60.4957726952
4.5420000000,80.4636865552
4.5430000000,93.9263281751
4.5440000000,99.7898463377
4.5450000000,97.5745131658
4.5460000000,87.4545235411
4.5470000000,70.2448759742
4.5480000000,47.3362715062
4.5490000000,20.5831865642
4.5500000000,-7.8459095728
4.5510000000,-35.6441231347
4.5520000000,-60.5532917885
4.5530000000,-80.5475479836
4.5540000000,-93.9983585538
4.5550000000,-99.8075736165
4.5560000000,-97.4975825797
4.5570000000,-87.2511357131
4.5580000000,-69.8974677395
4.5590000000,-46.8457252875
4.5600000000,-19.9709980515
4.5610000000,8.5378666161
4.5620000000,36.3563422799
4.5630000000,61.2137236106
4.5640000000,81.0786030908
4.5650000000,94.3251640883
4.5660000000,99.8666549698
4.5670000000,97.2450535261
4.5680000000,86.6694832020
4.5690000000,69.0001151258
4.5700000000,45.6787434334
4.5710000000,18.6115921467
4.5720000000,-9.9861585265
4.5730000000,-37.7714739295
4.5740000000,-62.4654048005
4.5750000000,-82.0401443526
4.5760000000,-94.8858380997
4.5770000000,-99.9434011353
4.5780000000,-96.7923512138
4.5790000000,-85.6863319646
4.5800000000,-67.5332808121
4.5810000000,-43.8217408606
4.5820000000,-16.4992521024
4.5830000000,12.1872808044
4.5840000000,39.8761873461
4.5850000000,64.2854457228
4.5860000000,83.4009105163
4.5870000000,95.6428159602
4.5880000000,99.9967659455
4.5890000000,96.0983143809
4.5900000000,84.2640412160
4.5910000000,65.4664295999
4.5920000000,41.2544868023
4.5930000000,13.6265431121
4.5940000000,-15.1343631587
4.5950000000,-42.6489809676
4.5960000000,-66.6386734196
4.5970000000,-85.1142937405
4.5980000000,-96.5414409521
4.5990000000,-99.9683399305
4.6000000000,-95.1056516295
4.6010000000,-82.3514775942
4.6020000000,-62.7593531877
4.6030000000,-37.9517520927
4.6040000000,-9.9861585265
4.6050000000,18.8152743316
4.6060000000,46.0584025142
4.6070000000,69.4761313098
4.6080000000,87.1172682206
4.6090000000,97.5094416497
4.6100000000,99.7824541457
4.6110000000,93.7416977936
4.6120000000,79.8853933412
4.6130000000,59.3640823179
4.6140000000,33.8856152135
4.6150000000,5.5734374387
4.6160000000,-23.2101033568
4.6170000000,-50.0607499669
4.6180000000,-72.7332119365
4.6190000000,-89.3291384793
4.6200000000,-98.4564334529
4.6210000000,-99.3465121316
4.6220000000,-91.9195833548
4.6230000000,-76.7923663182
4.6240000000,-55.2274594090
4.6250000000,-29.0284677254
4.6260000000,-0.3895565038
4.6270000000,28.2880542862
4.6280000000,54.5973290215
4.6290000000,76.3275320669
4.6300000000,91.6502421907
4.6310000000,99.2735939008
4.6320000000,98.5517017579
4.6330000000,89.5399573814
4.6340000000,72.9914180670
4.6350000000,50.2944522510
4.6360000000,23.3567553620
4.6370000000,-5.5546170830
4.6380000000,-34.0038176417
4.6390000000,-59.5913768076
4.6400000000,-80.1566984871
4.6410000000,-93.9607826765
4.6420000000,-99.8336990638
4.6430000000,-97.2742701183
4.6440000000,-86.4934264795
4.6450000000,-68.3974364235
4.6460000000,-44.5122866562
4.6470000000,-16.8554753524
4.6480000000,12.2340520649
4.6490000000,40.2935188664
4.6500000000,64.9448048330
4.6510000000,84.0961581709
4.6520000000,96.1200093975
4.6530000000,99.9917451271
4.6540000000,95.3775713557
4.6550000000,82.6638859975
4.6560000000,62.9255282814
4.6570000000,37.8354600384
4.6580000000,9.5234206947
4.6590000000,-19.6045409974
4.6600000000,-47.0703932165
4.6610000000,-70.5349666474
4.6620000000,-87.9973774336
4.6630000000,-97.9660091438
4.6640000000,-99.5864126252
4.6650000000,-92.7151160444
4.6660000000,-77.9329215816
4.6670000000,-56.4964123232
4.6680000000,-30.2316654069
4.6690000000,-1.3791154542
4.6700000000,27.5972882649
4.6710000000,54.2203984128
4.6720000000,76.2117168904
4.6730000000,91.6866492786
4.6740000000,99.3164131866
4.6750000000,98.4426568090
4.6760000000,89.1348571665
4.6770000000,72.1854446793
4.6780000000,49.0429267711
4.6790000000,21.6886028284
4.6800000000,-7.5326805528
4.6810000000,-36.1133101846
4.6820000000,-61.5980503313
4.6830000000,-81.7950961026
4.6840000000,-94.9648829156
4.6850000000,-99.9703618084
4.6860000000,-96.3757210574
4.6870000000,-84.4849363362
4.6880000000,-65.3166895829
4.6890000000,-40.5176691313
4.6900000000,-12.2215799940
4.6910000000,17.1341055364
4.6920000000,45.0179483382
4.6930000000,69.0228508279
4.6940000000,87.0740459519
4.6950000000,97.6087790225
4.6960000000,99.7120910908
4.6970000000,93.1968644256
4.6980000000,78.6210783400
4.6990000000,57.2406365757
4.7000000000,30.9016994375
4.7010000000,1.8817029361
4.7020000000,-27.3072825324
4.7030000000,-54.1359001973
4.7040000000,-76.2767660478
4.7050000000,-91.8066261817
4.7060000000,-99.3738312593
4.7070000000,-98.3165095274
4.7080000000,-88.7210614114
4.7090000000,-71.4157552342
4.7100000000,-47.8998302645
4.7110000000,-20.2141224242
4.7120000000,9.2356684498
4.7130000000,37.8877988675
4.7140000000,63.2472829994
4.7150000000,83.1033012061
4.7160000000,95.7222588298
4.7170000000,99.9996091146
4.7180000000,95.5571041958
4.7190000000,82.7768629743
4.7200000000,62.7691361291
4.7210000000,37.2764297353
4.7220000000,8.5222159040
4.7230000000,-20.9826757700
4.7240000000,-48.6591562910
4.7250000000,-72.0853596703
4.7260000000,-89.2087935933
4.7270000000,-98.5265555344
4.7280000000,-99.2177575332
4.7290000000,-91.2164468773
4.7300000000,-75.2184937064
4.7310000000,-52.6216891938
4.7320000000,-25.4041551390
4.7330000000,4.0484062519
4.7340000000,33.1515730428
4.7350000000,59.3489124579
4.7360000000,80.3366575629
4.7370000000,94.2665957880
4.7380000000,99.9092757369
4.7390000000,96.7630813748
4.7400000000,85.0994481795
4.7410000000,65.9400926065
4.7420000000,40.9681043032
4.7430000000,12.3805843741
4.7440000000,-17.3043122484
4.7450000000,-45.4690154533
4.7460000000,-69.6273678310
4.7470000000,-87.6442857657
4.7480000000,-97.9248285893
4.7490000000,-99.5559007612
4.7500000000,-92.3879532511
4.7510000000,-77.0493217130
4.7520000000,-54.8917783013
4.7530000000,-27.8719578248
4.7540000000,1.6209908119
4.7550000000,30.9763857031
4.7560000000,57.5930189632
4.7570000000,79.1097572897
4.7580000000,93.6152842886
4.7590000000,99.8183279333
4.7600000000,97.1631732915
4.7610000000,85.8800779839
4.7620000000,66.9659625884
4.7630000000,42.0969322437
4.7640000000,13.4802507270
4.7650000000,-16.3412056282
4.7660000000,-44.7147230421
4.7670000000,-69.1137254908
4.7680000000,-87.3629584495
4.7690000000,-97.8327942663
4.7700000000,-99.5852701205
4.7710000000,-92.4587263982
4.7720000000,-77.0833549666
4.7730000000,-54.8261118033
4.7740000000,-27.6697505791
4.7750000000,1.9633692461
4.7760000000,31.4270828555
4.7770000000,58.0876292300
4.7780000000,79.5591922376
4.7790000000,93.9176997161
4.7800000000,99.8736956606
4.7810000000,96.8887134156
4.7820000000,85.2245967397
4.7830000000,65.9211959436
4.7840000000,40.7042752254
4.7850000000,11.8317315268
4.7860000000,-18.1082178827
4.7870000000,-46.4288736406
4.7880000000,-70.5861680320
4.7890000000,-88.4074147159
4.7900000000,-98.2871078132
4.7910000000,-99.3320909273
4.7920000000,-91.4429231740
4.7930000000,-75.3239752220
4.7940000000,-52.4211842207
4.7950000000,-24.7929087105
4.7960000000,5.0746331761
4.7970000000,34.4908330140
4.7980000000,60.8030068670
4.7990000000,81.6357395296
4.8000000000,95.1056516295
4.8010000000,99.9921438484
4.8020000000,95.8485964872
4.8030000000,83.0438413126
4.8040000000,62.7299984179
4.8050000000,36.7394194477
4.8060000000,7.4198997446
4.8070000000,-22.5770662198
4.8080000000,-50.5359203590
4.8090000000,-73.9229240318
4.8100000000,-90.6160210221
4.8110000000,-99.0978054284
4.8120000000,-98.5940096967
4.8130000000,-89.1448240070
4.8140000000,-71.6024211423
4.8150000000,-47.5547443440
4.8160000000,-19.1823144826
4.8170000000,10.9390816298
4.8180000000,40.0720050012
4.8190000000,65.5661138429
4.8200000000,85.0994481795
4.8210000000,96.8902683314
4.8220000000,99.8600887531
4.8230000000,93.7329433900
4.8240000000,79.0616908766
4.8250000000,57.1787960228
4.8260000000,30.0759064638
4.8270000000,0.2230528935
4.8280000000,-29.6561576802
4.8290000000,-56.8329231884
4.8300000000,-78.8225611990
4.8310000000,-93.6119701839
4.8320000000,-99.8443880286
4.8330000000,-96.9444493605
4.8340000000,-85.1719617837
4.8350000000,-65.5993165657
4.8360000000,-40.0144305170
4.8370000000,-10.7579446862
4.8380000000,19.4905444882
4.8390000000,47.9577323709
4.8400000000,72.0309024888
4.8410000000,89.4979525218
4.8420000000,98.7510785745
4.8430000000,98.9353258819
4.8440000000,90.0282306408
4.8450000000,72.8430760605
4.8460000000,48.9552911775
4.8470000000,20.5585913313
4.8480000000,-9.7360561391
4.8490000000,-39.1402576580
4.8500000000,-64.9448048330
4.8510000000,-84.7694602167
4.8520000000,-96.7828726207
4.8530000000,-99.8722710439
4.8540000000,-93.7471662891
4.8550000000,-78.9673392647
4.8560000000,-56.8923611927
4.8570000000,-29.5571330444
4.8580000000,0.5152189157
4.8590000000,30.5459322919
4.8600000000,57.7572703422
4.8610000000,79.6295598396
4.8620000000,94.1348107596
4.8630000000,99.9252292517
4.8640000000,96.4590570107
4.8650000000,84.0519327336
4.8660000000,63.8488461476
4.8670000000,37.7191082367
4.8680000000,8.0839120042
4.8690000000,-22.3076581993
4.8700000000,-50.6334807353
4.8710000000,-74.2605035756
4.8720000000,-90.9897567834
4.8730000000,-99.2614484981
4.8740000000,-98.3009753484
4.8750000000,-88.1921264348
4.8760000000,-69.8705023883
4.8770000000,-45.0375839837
4.8780000000,-16.0032799052
4.8790000000,14.5285289213
4.8800000000,43.7115766651
4.8810000000,68.8225431042
4.8820000000,87.5153943274
4.8830000000,98.0409614139
4.8840000000,99.4111691621
4.8850000000,91.4924448396
4.8860000000,75.0194166608
4.8870000000,51.5274429512
4.8880000000,23.2101033568
4.8890000000,-7.2851769087
4.8900000000,-37.1043710237
4.8910000000,-63.4538981930
4.8920000000,-83.8624937429
4.8930000000,-96.4133399955
4.8940000000,-99.9246206961
4.8950000000,-94.0614434650
4.8960000000,-79.3684719258
4.8970000000,-57.2200266719
4.8980000000,-29.6921587415
4.8990000000,0.6314559269
4.9000000000,30.9016994375
4.9010000000,58.2716010921
4.9020000000,80.1642113498
4.9030000000,94.5155462815
4.9040000000,99.9696694755
4.9050000000,96.0074270418
4.9060000000,82.9965556638
4.9070000000,62.1582645977
4.9080000000,35.4532579763
4.9090000000,5.3977731743
4.9100000000,-25.1731548668
4.9110000000,-53.3729644704
4.9120000000,-76.5361911322
4.9130000000,-92.4706903712
4.9140000000,-99.6655667186
4.9150000000,-97.4350430392
4.9160000000,-85.9845142989
4.9170000000,-66.3923602340
4.9180000000,-40.5090524575
4.9190000000,-10.7829312293
4.9200000000,19.9709980514
4.9210000000,48.8374529535
4.9220000000,73.0772564314
4.9230000000,90.3875088559
4.9240000000,99.1208152115
4.9250000000,98.4426568090
4.9260000000,88.4118189618
4.9270000000,69.9760599255
4.9280000000,44.8832453131
4.9290000000,15.5162140705
4.9300000000,-15.3330783737
4.9310000000,-44.7287726411
4.9320000000,-69.8705023884
4.9330000000,-88.3603872386
4.9340000000,-98.4321459467
4.9350000000,-99.1203994930
4.9360000000,-90.3538819250
4.9370000000,-72.9634957743
4.9380000000,-48.6042549240
4.9390000000,-19.5983796998
4.9400000000,11.2856384874
4.9410000000,41.0970266338
4.9420000000,66.9846257597
4.9430000000,86.4697660956
4.9440000000,97.6839882922
4.9450000000,99.5487745058
4.9460000000,91.8799477443
4.9470000000,75.4065705341
4.9480000000,51.7023429702
4.9490000000,23.0358855772
4.9500000000,-7.8459095728
4.9510000000,-37.9808157492
4.9520000000,-64.4753549863
4.9530000000,-84.7827900703
4.9540000000,-96.9483014970
4.9550000000,-99.7977105058
4.9560000000,-93.0514764367
4.9570000000,-77.3528376808
4.9580000000,-54.2071991766
4.9590000000,-25.8384067359
4.9600000000,5.0244318180
4.9610000000,35.4091911470
4.9620000000,62.3868684564
4.9630000000,83.3540793699
4.9640000000,96.2846498766
4.9650000000,99.9259562637
4.9660000000,93.9209360834
4.9670000000,78.8438227183
4.9680000000,56.1459614081
4.9690000000,28.0167468458
4.9700000000,-2.8270566770
4.9710000000,-33.4033889877
4.9720000000,-60.7531117807
4.9730000000,-82.2265239177
4.9740000000,-95.7404204927
4.9750000000,-99.9807240482
4.9760000000,-94.5309274295
4.9770000000,-79.9137306707
4.9780000000,-57.5416426288
4.9790000000,-29.5811419379
4.9800000000,1.2566039883
4.9810000000,31.9782964343
4.9820000000,59.5989450960
4.9830000000,81.4320198363
4.9840000000,95.3510993947
4.9850000000,99.9975017668
4.9860000000,94.9135719870
4.9870000000,80.5884883251
4.9880000000,58.4119343436
4.9890000000,30.5399493504
4.9900000000,-0.3141587486
4.9910000000,-31.1436135305
4.9920000000,-58.9410688291
4.9930000000,-80.9920860554
4.9940000000,-95.1405397959
4.9950000000,-99.9999691575
4.9960000000,-95.0901067271
4.9970000000,-80.8850769675
4.9980000000,-58.7683583578
4.9990000000,-30.8987115901
