time (s),velocity (rpm)
0.0000000000,0.0357627869
0.0010000000,-0.1430511475
0.0020000000,0.0500679016
0.0030000000,0.1072883606
0.0040000000,-0.0929832458
0.0050000000,-0.0643730164
0.0060000000,0.1144409180
0.0070000000,0.0286102295
0.0080000000,-0.1072883606
0.0090000000,0.0214576721
0.0100000000,0.1144409180
0.0110000000,-0.0357627869
0.0120000000,-0.0858306885
0.0130000000,0.0858306885
0.0140000000,0.0429153442
0.0150000000,-0.0500679016
0.0160000000,0.0000000000
0.0170000000,0.0572204590
0.0180000000,0.0071525574
0.0190000000,-0.0143051147
0.0200000000,0.0572204590
0.0210000000,0.0858306885
0.0220000000,0.0786781311
0.0230000000,0.0858306885
0.0240000000,0.1645088196
0.0250000000,0.2431869507
0.0260000000,0.3218650818
0.0270000000,0.2789497375
0.0280000000,0.2932548523
0.0290000000,0.3290176392
0.0300000000,0.3147125244
0.0310000000,0.4076957703
0.0320000000,0.5435943604
0.0330000000,0.5006790161
0.0340000000,0.6294250488
0.0350000000,0.7152557373
0.0360000000,0.8082389832
0.0370000000,0.9369850159
0.0380000000,1.0657310486
0.0390000000,1.2803077698
0.0400000000,1.3732910156
0.0410000000,1.5878677368
0.0420000000,1.7738342285
0.0430000000,2.1100044250
0.0440000000,2.3603439331
0.0450000000,2.6750564575
0.0460000000,2.9969215393
0.0470000000,3.2186508179
0.0480000000,3.4761428833
0.0490000000,3.8409233093
0.0500000000,4.1055679321
0.0510000000,4.4417381287
0.0520000000,4.5990943909
0.0530000000,4.7135353088
0.0540000000,5.0497055054
0.0550000000,5.2428245544
0.0560000000,5.7005882263
0.0570000000,5.9652328491
0.0580000000,6.1941146851
0.0590000000,6.3514709473
0.0600000000,6.4730644226
0.0610000000,6.9451332092
0.0620000000,7.1954727173
0.0630000000,7.3528289795
0.0640000000,7.7819824219
0.0650000000,8.3470344543
0.0660000000,8.6903572083
0.0670000000,8.5115432739
0.0680000000,8.8334083557
0.0690000000,9.2411041260
0.0700000000,9.2267990112
0.0710000000,9.6988677979
0.0720000000,10.1494789124
0.0730000000,10.2925300598
0.0740000000,10.5714797974
0.0750000000,11.1365318298
0.0760000000,11.4154815674
0.0770000000,12.2809410095
0.0780000000,12.2165679932
0.0790000000,12.1092796326
0.0800000000,12.3882293701
0.0810000000,12.5384330750
0.0820000000,13.3824348450
0.0830000000,13.5540962219
0.0840000000,14.1263008118
0.0850000000,14.3766403198
0.0860000000,15.4423713684
0.0870000000,15.1062011719
0.0880000000,15.2420997620
0.0890000000,15.1348114014
0.0900000000,16.1647796631
0.0910000000,16.4580345154
0.0920000000,16.7369842529
0.0930000000,17.5166130066
0.0940000000,18.0888175964
0.0950000000,18.2032585144
0.0960000000,17.9958343506
0.0970000000,18.7540054321
0.0980000000,19.0401077271
0.0990000000,19.6123123169
0.1000000000,20.9712982178
0.1010000000,20.8425521851
0.1020000000,20.6208229065
0.1030000000,21.2860107422
0.1040000000,21.7080116272
0.1050000000,23.0884552002
0.1060000000,23.0741500854
0.1070000000,22.7308273315
0.1080000000,23.6892700195
0.1090000000,24.0898132324
0.1100000000,25.2556800842
0.1110000000,25.2556800842
0.1120000000,24.8980522156
0.1130000000,25.9852409363
0.1140000000,26.0996818542
0.1150000000,27.9736518860
0.1160000000,27.1296501160
0.1170000000,27.7876853943
0.1180000000,27.6231765747
0.1190000000,29.7474861145
0.1200000000,29.2611122131
0.1210000000,29.4399261475
0.1220000000,29.6545028687
0.1230000000,31.9218635559
0.1240000000,30.5700302124
0.1250000000,31.4068794250
0.1260000000,32.0792198181
0.1270000000,33.8602066040
0.1280000000,32.3295593262
0.1290000000,33.5669517517
0.1300000000,34.6970558167
0.1310000000,34.3751907349
0.1320000000,35.0832939148
0.1330000000,35.5839729309
0.1340000000,36.9071960449
0.1350000000,36.2634658813
0.1360000000,36.6568565369
0.1370000000,39.2603874207
0.1380000000,37.7583503723
0.1390000000,37.9014015198
0.1400000000,40.9555435181
0.1410000000,39.6537780762
0.1420000000,39.8540496826
0.1430000000,42.0069694519
0.1440000000,41.2988662720
0.1450000000,42.2644615173
0.1460000000,42.8795814514
0.1470000000,42.8009033203
0.1480000000,44.2385673523
0.1490000000,43.9381599426
0.1500000000,43.5876846313
0.1510000000,46.2913513184
0.1520000000,44.7964668274
0.1530000000,45.8765029907
0.1540000000,46.1626052856
0.1550000000,46.5202331543
0.1560000000,48.0723381042
0.1570000000,47.0423698425
0.1580000000,48.2869148254
0.1590000000,48.9377975464
0.1600000000,48.5587120056
0.1610000000,50.9834289551
0.1620000000,49.5100021362
0.1630000000,51.3839721680
0.1640000000,50.9977340698
0.1650000000,52.1421432495
0.1660000000,52.0205497742
0.1670000000,52.3710250854
0.1680000000,54.2163848877
0.1690000000,53.1721115112
0.1700000000,55.1676750183
0.1710000000,53.9946556091
0.1720000000,56.3120841980
0.1730000000,54.7385215759
0.1740000000,57.0130348206
0.1750000000,55.9830665588
0.1760000000,57.5423240662
0.1770000000,57.1918487549
0.1780000000,58.4077835083
0.1790000000,57.8284263611
0.1800000000,59.8454475403
0.1810000000,58.5079193115
0.1820000000,60.4820251465
0.1830000000,59.3733787537
0.1840000000,61.1758232117
0.1850000000,60.5106353760
0.1860000000,62.0269775391
0.1870000000,60.9183311462
0.1880000000,62.7136230469
0.1890000000,61.7909431458
0.1900000000,63.4360313416
0.1910000000,62.7994537354
0.1920000000,64.4445419312
0.1930000000,64.5875930786
0.1940000000,64.7377967834
0.1950000000,65.4029846191
0.1960000000,65.0954246521
0.1970000000,66.1540031433
0.1980000000,65.1168823242
0.1990000000,66.7047500610
0.2000000000,65.6104087830
0.2010000000,67.1553611755
0.2020000000,66.9050216675
0.2030000000,66.3828849792
0.2040000000,67.9349899292
0.2050000000,66.7119026184
0.2060000000,67.9922103882
0.2070000000,67.5058364868
0.2080000000,68.6645507813
0.2090000000,68.6573982239
0.2100000000,68.2067871094
0.2110000000,69.6945190430
0.2120000000,67.8920745850
0.2130000000,69.7946548462
0.2140000000,69.3511962891
0.2150000000,69.0937042236
0.2160000000,70.3024864197
0.2170000000,68.6359405518
0.2180000000,69.8804855347
0.2190000000,70.0449943542
0.2200000000,69.5371627808
0.2210000000,70.7101821899
0.2220000000,69.0722465515
0.2230000000,70.3310966492
0.2240000000,70.3382492065
0.2250000000,70.0950622559
0.2260000000,71.2609291077
0.2270000000,69.1008567810
0.2280000000,71.3253021240
0.2290000000,70.2023506165
0.2300000000,70.1880455017
0.2310000000,70.5313682556
0.2320000000,69.2439079285
0.2330000000,70.9033012390
0.2340000000,69.4942474365
0.2350000000,69.8947906494
0.2360000000,69.5514678955
0.2370000000,69.0293312073
0.2380000000,69.2367553711
0.2390000000,68.4142112732
0.2400000000,69.4513320923
0.2410000000,68.7074661255
0.2420000000,67.8420066833
0.2430000000,68.2854652405
0.2440000000,67.0337677002
0.2450000000,68.2067871094
0.2460000000,67.6059722900
0.2470000000,67.0766830444
0.2480000000,67.0051574707
0.2490000000,66.0896301270
0.2500000000,66.7691230774
0.2510000000,64.5875930786
0.2520000000,65.7606124878
0.2530000000,64.2728805542
0.2540000000,64.9237632751
0.2550000000,63.2929801941
0.2560000000,62.9997253418
0.2570000000,63.0354881287
0.2580000000,61.2473487854
0.2590000000,62.3703002930
0.2600000000,60.0886344910
0.2610000000,61.0542297363
0.2620000000,59.2231750488
0.2630000000,59.6737861633
0.2640000000,57.7497482300
0.2650000000,58.8870048523
0.2660000000,56.4908981323
0.2670000000,57.4779510498
0.2680000000,55.1390647888
0.2690000000,55.5753707886
0.2700000000,54.4023513794
0.2710000000,53.5511970520
0.2720000000,52.8860092163
0.2730000000,51.6343116760
0.2740000000,51.5484809875
0.2750000000,49.7174263000
0.2760000000,50.8332252502
0.2770000000,48.0365753174
0.2780000000,48.5658645630
0.2790000000,47.2927093506
0.2800000000,45.1755523682
0.2810000000,46.7777252197
0.2820000000,43.8952445984
0.2830000000,43.8451766968
0.2840000000,42.2000885010
0.2850000000,41.2988662720
0.2860000000,41.1701202393
0.2870000000,38.9742851257
0.2880000000,37.9014015198
0.2890000000,38.1374359131
0.2900000000,36.4422798157
0.2910000000,34.3108177185
0.2920000000,33.9603424072
0.2930000000,34.1534614563
0.2940000000,31.3997268677
0.2950000000,29.9477577209
0.2960000000,29.8690795898
0.2970000000,28.4457206726
0.2980000000,26.8864631653
0.2990000000,25.5703926086
0.3000000000,24.4474411011
0.3010000000,24.0397453308
0.3020000000,22.0656394958
0.3030000000,20.6637382507
0.3040000000,19.0615653992
0.3050000000,18.2390213013
0.3060000000,17.6167488098
0.3070000000,16.1790847778
0.3080000000,14.3194198608
0.3090000000,12.4311447144
0.3100000000,11.4870071411
0.3110000000,10.5285644531
0.3120000000,8.8119506836
0.3130000000,7.6389312744
0.3140000000,6.5374374390
0.3150000000,5.0497055054
0.3160000000,3.5262107849
0.3170000000,2.2029876709
0.3180000000,1.0156631470
0.3190000000,-0.1716613770
0.3200000000,-0.9012222290
0.3210000000,-1.4877319336
0.3220000000,-1.9884109497
0.3230000000,-2.5463104248
0.3240000000,-3.2901763916
0.3250000000,-4.5847892761
0.3260000000,-6.0510635376
0.3270000000,-7.5316429138
0.3280000000,-9.6130371094
0.3290000000,-11.3153457642
0.3300000000,-12.7458572388
0.3310000000,-14.9416923523
0.3320000000,-16.7155265808
0.3330000000,-18.4249877930
0.3340000000,-18.8970565796
0.3350000000,-20.5206871033
0.3360000000,-22.3803520203
0.3370000000,-24.2543220520
0.3380000000,-26.5216827393
0.3390000000,-26.8721580505
0.3400000000,-28.3312797546
0.3410000000,-29.4899940491
0.3420000000,-32.0935249329
0.3430000000,-32.6085090637
0.3440000000,-33.8816642761
0.3450000000,-35.4266166687
0.3460000000,-37.4078750610
0.3470000000,-37.4650955200
0.3480000000,-39.3033027649
0.3490000000,-41.5706634521
0.3500000000,-41.2559509277
0.3510000000,-43.8666343689
0.3520000000,-44.2957878113
0.3530000000,-45.4545021057
0.3540000000,-48.0437278748
0.3550000000,-47.4429130554
0.3560000000,-49.6816635132
0.3570000000,-50.1537322998
0.3580000000,-51.4340400696
0.3590000000,-53.0934333801
0.3600000000,-53.0362129211
0.3610000000,-55.5396080017
0.3620000000,-54.6455383301
0.3630000000,-58.1073760986
0.3640000000,-56.4980506897
0.3650000000,-59.6451759338
0.3660000000,-58.9942932129
0.3670000000,-60.9183311462
0.3680000000,-60.5106353760
0.3690000000,-62.5705718994
0.3700000000,-61.8124008179
0.3710000000,-64.1727447510
0.3720000000,-63.4002685547
0.3730000000,-64.8880004883
0.3740000000,-65.9608840942
0.3750000000,-65.8464431763
0.3760000000,-67.3341751099
0.3770000000,-66.5044784546
0.3780000000,-68.6073303223
0.3790000000,-68.1424140930
0.3800000000,-68.8147544861
0.3810000000,-70.0736045837
0.3820000000,-68.6645507813
0.3830000000,-70.5313682556
0.3840000000,-69.6229934692
0.3850000000,-70.2881813049
0.3860000000,-70.9605216980
0.3870000000,-69.3583488464
0.3880000000,-71.1894035339
0.3890000000,-69.7588920593
0.3900000000,-70.9533691406
0.3910000000,-71.0892677307
0.3920000000,-70.1308250427
0.3930000000,-71.2966918945
0.3940000000,-69.9734687805
0.3950000000,-70.8675384521
0.3960000000,-70.8174705505
0.3970000000,-69.6659088135
0.3980000000,-70.0879096985
0.3990000000,-69.1151618958
0.4000000000,-68.9148902893
0.4010000000,-68.6788558960
0.4020000000,-67.1839714050
0.4030000000,-67.8992271423
0.4040000000,-65.9608840942
0.4050000000,-66.5187835693
0.4060000000,-64.8522377014
0.4070000000,-64.7878646851
0.4080000000,-63.6792182922
0.4090000000,-63.1713867188
0.4100000000,-62.1628761292
0.4110000000,-61.1901283264
0.4120000000,-60.5249404907
0.4130000000,-59.1087341309
0.4140000000,-59.0372085571
0.4150000000,-56.5409660339
0.4160000000,-57.0487976074
0.4170000000,-54.6097755432
0.4180000000,-54.1734695435
0.4190000000,-53.0719757080
0.4200000000,-51.4483451843
0.4210000000,-50.5971908569
0.4220000000,-48.3155250549
0.4230000000,-48.5157966614
0.4240000000,-44.6820259094
0.4250000000,-44.4674491882
0.4260000000,-43.3731079102
0.4270000000,-40.3904914856
0.4280000000,-39.6537780762
0.4290000000,-38.2018089294
0.4300000000,-36.1418724060
0.4310000000,-34.4824790955
0.4320000000,-33.5812568665
0.4330000000,-30.6200981140
0.4340000000,-29.3827056885
0.4350000000,-27.7876853943
0.4360000000,-26.8006324768
0.4370000000,-23.6606597900
0.4380000000,-21.9225883484
0.4390000000,-20.2417373657
0.4400000000,-18.7611579895
0.4410000000,-17.1947479248
0.4420000000,-15.4638290405
0.4430000000,-12.4096870422
0.4440000000,-10.7431411743
0.4450000000,-8.8834762573
0.4460000000,-7.0381164551
0.4470000000,-5.3858757019
0.4480000000,-3.3545494080
0.4490000000,-1.3446807861
0.4500000000,0.4076957703
0.4510000000,1.7309188843
0.4520000000,2.7823448181
0.4530000000,3.9696693420
0.4540000000,5.4287910461
0.4550000000,7.0810317993
0.4560000000,9.2339515686
0.4570000000,11.3296508789
0.4580000000,13.6256217957
0.4590000000,16.3292884827
0.4600000000,17.5166130066
0.4610000000,18.9971923828
0.4620000000,21.6937065125
0.4630000000,23.6034393311
0.4640000000,26.4072418213
0.4650000000,28.3384323120
0.4660000000,29.0822982788
0.4670000000,31.5642356873
0.4680000000,33.9746475220
0.4690000000,36.0488891602
0.4700000000,37.0216369629
0.4710000000,39.1530990601
0.4720000000,41.7280197144
0.4730000000,42.1428680420
0.4740000000,45.2470779419
0.4750000000,45.9408760071
0.4760000000,47.0423698425
0.4770000000,50.4255294800
0.4780000000,50.2181053162
0.4790000000,52.7787208557
0.4800000000,53.1005859375
0.4810000000,55.3607940674
0.4820000000,56.0259819031
0.4830000000,58.1359863281
0.4840000000,58.3720207214
0.4850000000,60.6250762939
0.4860000000,60.9540939331
0.4870000000,62.8781318665
0.4880000000,63.2357597351
0.4890000000,65.2313232422
0.4900000000,64.7091865540
0.4910000000,67.2698020935
0.4920000000,66.9550895691
0.4930000000,68.3927536011
0.4940000000,68.8147544861
0.4950000000,69.0078735352
0.4960000000,70.2595710754
0.4970000000,69.5729255676
0.4980000000,70.9962844849
0.4990000000,71.0463523865
0.5000000000,70.6100463867
0.5010000000,71.9189643860
0.5020000000,70.3310966492
0.5030000000,71.9189643860
0.5040000000,71.1894035339
0.5050000000,70.5957412720
0.5060000000,70.9533691406
0.5070000000,70.2238082886
0.5080000000,70.8389282227
0.5090000000,70.1308250427
0.5100000000,68.9792633057
0.5110000000,69.1437721252
0.5120000000,68.0279731750
0.5130000000,68.1209564209
0.5140000000,67.3842430115
0.5150000000,65.4888153076
0.5160000000,65.9251213074
0.5170000000,63.2500648499
0.5180000000,63.2786750793
0.5190000000,60.9612464905
0.5200000000,60.9183311462
0.5210000000,58.4363937378
0.5220000000,58.7368011475
0.5230000000,55.5682182312
0.5240000000,55.9830665588
0.5250000000,52.8287887573
0.5260000000,52.4783134460
0.5270000000,49.8533248901
0.5280000000,48.8591194153
0.5290000000,46.6346740723
0.5300000000,44.5604324341
0.5310000000,44.4674491882
0.5320000000,40.9770011902
0.5330000000,38.4378433228
0.5340000000,38.6953353882
0.5350000000,34.9330902100
0.5360000000,32.7301025391
0.5370000000,31.3925743103
0.5380000000,29.0036201477
0.5390000000,26.2928009033
0.5400000000,24.1327285767
0.5410000000,21.7723846436
0.5420000000,20.5206871033
0.5430000000,17.5237655640
0.5440000000,14.4553184509
0.5450000000,12.4454498291
0.5460000000,10.3139877319
0.5470000000,7.6961517334
0.5480000000,5.3501129150
0.5490000000,3.0183792114
0.5500000000,0.6937980652
0.5510000000,-1.3732910156
0.5520000000,-2.6464462280
0.5530000000,-3.7765502930
0.5540000000,-5.1927566528
0.5550000000,-7.5674057007
0.5560000000,-10.1494789124
0.5570000000,-12.3524665833
0.5580000000,-15.3350830078
0.5590000000,-18.4106826782
0.5600000000,-21.1715698242
0.5610000000,-22.5162506104
0.5620000000,-25.1054763794
0.5630000000,-27.5444984436
0.5640000000,-31.4784049988
0.5650000000,-32.6085090637
0.5660000000,-34.9473953247
0.5670000000,-37.3506546021
0.5680000000,-40.1401519775
0.5690000000,-41.7280197144
0.5700000000,-44.2314147949
0.5710000000,-45.9551811218
0.5720000000,-47.5001335144
0.5730000000,-50.9405136108
0.5740000000,-50.7903099060
0.5750000000,-54.8887252808
0.5760000000,-54.4309616089
0.5770000000,-57.7282905579
0.5780000000,-57.9857826233
0.5790000000,-60.5177879333
0.5800000000,-60.7681274414
0.5810000000,-63.0927085876
0.5820000000,-63.1928443909
0.5830000000,-65.8249855042
0.5840000000,-65.3457641602
0.5850000000,-67.5559043884
0.5860000000,-67.7633285522
0.5870000000,-68.6788558960
0.5880000000,-69.3011283875
0.5890000000,-69.0793991089
0.5900000000,-70.8246231079
0.5910000000,-70.2595710754
0.5920000000,-71.1321830750
0.5930000000,-71.5327262878
0.5940000000,-70.9676742554
0.5950000000,-71.9046592712
0.5960000000,-72.1549987793
0.5970000000,-71.0463523865
0.5980000000,-71.9046592712
0.5990000000,-70.3167915344
0.6000000000,-70.8031654358
0.6010000000,-70.1093673706
0.6020000000,-68.3856010437
0.6030000000,-68.8219070435
0.6040000000,-66.4758682251
0.6050000000,-66.7333602905
0.6060000000,-64.6805763245
0.6070000000,-64.2085075378
0.6080000000,-62.5205039978
0.6090000000,-61.4190101624
0.6100000000,-59.8239898682
0.6110000000,-58.1216812134
0.6120000000,-56.2548637390
0.6130000000,-54.5954704285
0.6140000000,-52.4640083313
0.6150000000,-51.1765480042
0.6160000000,-48.1867790222
0.6170000000,-47.3785400391
0.6180000000,-44.2743301392
0.6190000000,-42.3431396484
0.6200000000,-40.2545928955
0.6210000000,-37.3077392578
0.6220000000,-34.9903106689
0.6230000000,-33.9174270630
0.6240000000,-29.5186042786
0.6250000000,-27.3728370667
0.6260000000,-24.9195098877
0.6270000000,-23.2601165771
0.6280000000,-19.3333625793
0.6290000000,-16.6296958923
0.6300000000,-14.0118598938
0.6310000000,-11.5942955017
0.6320000000,-8.5473060608
0.6330000000,-5.6362152100
0.6340000000,-3.0469894409
0.6350000000,-0.3433227539
0.6360000000,1.8525123596
0.6370000000,3.7336349487
0.6380000000,5.7649612427
0.6390000000,8.1253051758
0.6400000000,11.0578536987
0.6410000000,13.4110450745
0.6420000000,16.4294242859
0.6430000000,19.1545486450
0.6440000000,22.5591659546
0.6450000000,24.8980522156
0.6460000000,27.2226333618
0.6470000000,30.2338600159
0.6480000000,33.4739685059
0.6490000000,35.5410575867
0.6500000000,37.8870964050
0.6510000000,41.5921211243
0.6520000000,42.7651405334
0.6530000000,45.0110435486
0.6540000000,49.1738319397
0.6550000000,49.5028495789
0.6560000000,52.6213645935
0.6570000000,54.0089607239
0.6580000000,56.6983222961
0.6590000000,57.8427314758
0.6600000000,60.6966018677
0.6610000000,60.8468055725
0.6620000000,63.7936592102
0.6630000000,63.7936592102
0.6640000000,66.2541389465
0.6650000000,65.8679008484
0.6660000000,68.6788558960
0.6670000000,68.9649581909
0.6680000000,69.2296028137
0.6690000000,71.0320472717
0.6700000000,69.9949264526
0.6710000000,71.8903541565
0.6720000000,71.3896751404
0.6730000000,71.5255737305
0.6740000000,72.5483894348
0.6750000000,70.5528259277
0.6760000000,71.9761848450
0.6770000000,71.3253021240
0.6780000000,70.4598426819
0.6790000000,70.4741477966
0.6800000000,68.7146186829
0.6810000000,69.1580772400
0.6820000000,67.9564476013
0.6830000000,66.4043426514
0.6840000000,65.9394264221
0.6850000000,63.1570816040
0.6860000000,63.2858276367
0.6870000000,59.7667694092
0.6880000000,59.3090057373
0.6890000000,56.1976432800
0.6900000000,55.5109977722
0.6910000000,52.1636009216
0.6920000000,51.3124465942
0.6930000000,48.2368469238
0.6940000000,45.2756881714
0.6950000000,45.1183319092
0.6960000000,40.6694412231
0.6970000000,38.5308265686
0.6980000000,36.3135337830
0.6990000000,33.0662727356
0.7000000000,30.0264358521
0.7010000000,28.3098220825
0.7020000000,24.7478485107
0.7030000000,21.4004516602
0.7040000000,18.6324119568
0.7050000000,15.4638290405
0.7060000000,12.2308731079
0.7070000000,9.6130371094
0.7080000000,6.4229965210
0.7090000000,2.7537345886
0.7100000000,-0.5364418030
0.7110000000,-3.0827522278
0.7120000000,-5.3501129150
0.7130000000,-7.5602531433
0.7140000000,-9.9420547485
0.7150000000,-13.1607055664
0.7160000000,-16.2506103516
0.7170000000,-20.0271606445
0.7180000000,-23.1885910034
0.7190000000,-27.2440910339
0.7200000000,-28.8033485413
0.7210000000,-31.6214561462
0.7220000000,-35.2334976196
0.7230000000,-39.1817092896
0.7240000000,-40.6265258789
0.7250000000,-43.4303283691
0.7260000000,-47.0423698425
0.7270000000,-48.2940673828
0.7280000000,-52.3495674133
0.7290000000,-52.9146194458
0.7300000000,-56.8771362305
0.7310000000,-57.0344924927
0.7320000000,-60.7681274414
0.7330000000,-60.8181953430
0.7340000000,-63.9152526855
0.7350000000,-63.6291503906
0.7360000000,-66.4901733398
0.7370000000,-66.9550895691
0.7380000000,-67.8920745850
0.7390000000,-69.7231292725
0.7400000000,-69.3011283875
0.7410000000,-71.1178779602
0.7420000000,-70.4455375671
0.7430000000,-71.9833374023
0.7440000000,-72.5412368774
0.7450000000,-71.5470314026
0.7460000000,-72.7915763855
0.7470000000,-71.1894035339
0.7480000000,-71.9904899597
0.7490000000,-71.4683532715
0.7500000000,-69.2939758301
0.7510000000,-69.6659088135
0.7520000000,-67.8133964539
0.7530000000,-67.2197341919
0.7540000000,-65.7749176025
0.7550000000,-63.7078285217
0.7560000000,-62.6349449158
0.7570000000,-59.8597526550
0.7580000000,-58.7868690491
0.7590000000,-55.4609298706
0.7600000000,-54.3522834778
0.7610000000,-50.3969192505
0.7620000000,-48.8662719727
0.7630000000,-46.3056564331
0.7640000000,-42.8509712219
0.7650000000,-41.2631034851
0.7660000000,-37.4221801758
0.7670000000,-34.4467163086
0.7680000000,-31.3425064087
0.7690000000,-29.1323661804
0.7700000000,-24.5547294617
0.7710000000,-21.8510627747
0.7720000000,-18.1818008423
0.7730000000,-15.3279304504
0.7740000000,-11.7874145508
0.7750000000,-8.4543228149
0.7760000000,-4.8422813416
0.7770000000,-1.1372566223
0.7780000000,2.0098686218
0.7790000000,4.6277046204
0.7800000000,7.1024894714
0.7810000000,9.7060203552
0.7820000000,13.0820274353
0.7830000000,15.9072875977
0.7840000000,19.9198722839
0.7850000000,23.2887268066
0.7860000000,27.1582603455
0.7870000000,30.8847427368
0.7880000000,32.6442718506
0.7890000000,36.0345840454
0.7900000000,40.6050682068
0.7910000000,42.8366661072
0.7920000000,44.8679924011
0.7930000000,49.6387481689
0.7940000000,50.5328178406
0.7950000000,55.0460815430
0.7960000000,55.2678108215
0.7970000000,59.5450401306
0.7980000000,59.7953796387
0.7990000000,63.1213188171
0.8000000000,63.3502006531
0.8010000000,66.3757324219
0.8020000000,66.7762756348
0.8030000000,68.6645507813
0.8040000000,69.8947906494
0.8050000000,69.7946548462
0.8060000000,71.4325904846
0.8070000000,70.8246231079
0.8080000000,72.5698471069
0.8090000000,72.4339485168
0.8100000000,71.1536407471
0.8110000000,72.2837448120
0.8120000000,71.4969635010
0.8130000000,71.2895393372
0.8140000000,70.5099105835
0.8150000000,68.9649581909
0.8160000000,68.5858726501
0.8170000000,66.6975975037
0.8180000000,66.0109519958
0.8190000000,64.0726089478
0.8200000000,62.1485710144
0.8210000000,60.0242614746
0.8220000000,57.6996803284
0.8230000000,55.1247596741
0.8240000000,52.4854660034
0.8250000000,49.5672225952
0.8260000000,47.5072860718
0.8270000000,43.9953804016
0.8280000000,42.2000885010
0.8290000000,38.5236740112
0.8300000000,34.5468521118
0.8310000000,31.9933891296
0.8320000000,29.4756889343
0.8330000000,24.0683555603
0.8340000000,20.5421447754
0.8350000000,16.7298316956
0.8360000000,13.2322311401
0.8370000000,9.9849700928
0.8380000000,6.1368942261
0.8390000000,1.9311904907
0.8400000000,-1.7738342285
0.8410000000,-4.8351287842
0.8420000000,-7.6103210449
0.8430000000,-10.3139877319
0.8440000000,-13.9045715332
0.8450000000,-17.6310539246
0.8460000000,-21.6364860535
0.8470000000,-25.1197814941
0.8480000000,-29.7474861145
0.8490000000,-31.8360328674
0.8500000000,-35.5195999146
0.8510000000,-40.0757789612
0.8520000000,-42.0141220093
0.8530000000,-45.6261634827
0.8540000000,-49.6888160706
0.8550000000,-51.0978698730
0.8560000000,-55.2821159363
0.8570000000,-56.5910339355
0.8580000000,-59.7023963928
0.8590000000,-60.9183311462
0.8600000000,-63.9152526855
0.8610000000,-63.6506080627
0.8620000000,-67.3913955688
0.8630000000,-67.2197341919
0.8640000000,-69.4799423218
0.8650000000,-70.4884529114
0.8660000000,-70.2166557312
0.8670000000,-72.1120834351
0.8680000000,-71.8116760254
0.8690000000,-72.7486610413
0.8700000000,-73.1706619263
0.8710000000,-71.5613365173
0.8720000000,-72.3838806152
0.8730000000,-71.2752342224
0.8740000000,-70.0378417969
0.8750000000,-70.1665878296
0.8760000000,-66.7905807495
0.8770000000,-67.2125816345
0.8780000000,-64.1655921936
0.8790000000,-62.7994537354
0.8800000000,-59.9169731140
0.8810000000,-58.2146644592
0.8820000000,-54.4738769531
0.8830000000,-53.2221794128
0.8840000000,-48.3083724976
0.8850000000,-47.5716590881
0.8860000000,-42.0713424683
0.8870000000,-39.7038459778
0.8880000000,-37.1003150940
0.8890000000,-31.5713882446
0.8900000000,-28.8820266724
0.8910000000,-25.3415107727
0.8920000000,-22.0870971680
0.8930000000,-17.0159339905
0.8940000000,-13.1535530090
0.8950000000,-9.2267990112
0.8960000000,-5.4502487183
0.8970000000,-1.5878677368
0.8980000000,2.2387504578
0.8990000000,5.1999092102
0.9000000000,8.3398818970
0.9010000000,12.0449066162
0.9020000000,15.7642364502
0.9030000000,20.8640098572
0.9040000000,23.5462188721
0.9050000000,27.2369384766
0.9060000000,31.2709808350
0.9070000000,35.8486175537
0.9080000000,38.4020805359
0.9090000000,41.9926643372
0.9100000000,46.9779968262
0.9110000000,48.5372543335
0.9120000000,52.4640083313
0.9130000000,54.8887252808
0.9140000000,57.4779510498
0.9150000000,60.8611106873
0.9160000000,62.1771812439
0.9170000000,64.7234916687
0.9180000000,66.3828849792
0.9190000000,67.7204132080
0.9200000000,69.5443153381
0.9210000000,69.5300102234
0.9220000000,72.0691680908
0.9230000000,71.9833374023
0.9240000000,71.7759132385
0.9250000000,72.4554061890
0.9260000000,72.2694396973
0.9270000000,71.9332695007
0.9280000000,72.2765922546
0.9290000000,69.6086883545
0.9300000000,70.2881813049
0.9310000000,68.6073303223
0.9320000000,67.0194625854
0.9330000000,65.5817985535
0.9340000000,62.7994537354
0.9350000000,61.4261627197
0.9360000000,58.3076477051
0.9370000000,56.2906265259
0.9380000000,52.9217720032
0.9390000000,50.8546829224
0.9400000000,46.5631484985
0.9410000000,42.9654121399
0.9420000000,40.8697128296
0.9430000000,35.3980064392
0.9440000000,31.6858291626
0.9450000000,27.9307365417
0.9460000000,24.4045257568
0.9470000000,19.2618370056
0.9480000000,15.0847434998
0.9490000000,10.7717514038
0.9500000000,6.3872337341
0.9510000000,2.3102760315
0.9520000000,-1.6093254089
0.9530000000,-4.9138069153
0.9540000000,-8.4686279297
0.9550000000,-12.5527381897
0.9560000000,-16.1933898926
0.9570000000,-21.1429595947
0.9580000000,-25.4702568054
0.9590000000,-28.0237197876
0.9600000000,-32.6800346375
0.9610000000,-36.9644165039
0.9620000000,-41.1343574524
0.9630000000,-43.8952445984
0.9640000000,-48.4800338745
0.9650000000,-50.7974624634
0.9660000000,-54.4667243958
0.9670000000,-56.7340850830
0.9680000000,-59.9455833435
0.9690000000,-61.8696212769
0.9700000000,-64.8736953735
0.9710000000,-65.7606124878
0.9720000000,-67.9492950439
0.9730000000,-68.5644149780
0.9740000000,-70.7173347473
0.9750000000,-71.5541839600
0.9760000000,-71.7544555664
0.9770000000,-73.1635093689
0.9780000000,-72.5555419922
0.9790000000,-73.1205940247
0.9800000000,-73.1563568115
0.9810000000,-70.6243515015
0.9820000000,-71.7401504517
0.9830000000,-69.0436363220
0.9840000000,-68.6144828796
0.9850000000,-66.7262077332
0.9860000000,-63.9510154724
0.9870000000,-62.4775886536
0.9880000000,-57.8284263611
0.9890000000,-57.1703910828
0.9900000000,-51.9490242004
0.9910000000,-49.8962402344
0.9920000000,-46.2412834167
0.9930000000,-41.9497489929
0.9940000000,-39.5965576172
0.9950000000,-34.1892242432
0.9960000000,-30.3339958191
0.9970000000,-26.0210037231
0.9980000000,-22.7379798889
0.9990000000,-17.3950195313
1.0000000000,-12.6457214355
1.0010000000,-8.4543228149
1.0020000000,-3.9553642273
1.0030000000,0.2932548523
1.0040000000,4.0912628174
1.0050000000,7.7104568481
1.0060000000,11.6300582886
1.0070000000,15.8572196960
1.0080000000,21.0714340210
1.0090000000,24.4116783142
1.0100000000,28.6531448364
1.0110000000,32.6943397522
1.0120000000,38.1016731262
1.0130000000,40.8625602722
1.0140000000,44.3673133850
1.0150000000,49.4170188904
1.0160000000,51.6700744629
1.0170000000,56.0402870178
1.0180000000,57.6353073120
1.0190000000,61.6407394409
1.0200000000,62.7923011780
1.0210000000,66.1611557007
1.0220000000,66.7905807495
1.0230000000,69.4656372070
1.0240000000,70.8031654358
1.0250000000,70.7817077637
1.0260000000,72.6127624512
1.0270000000,71.7830657959
1.0280000000,73.2421875000
1.0290000000,72.7415084839
1.0300000000,71.3539123535
1.0310000000,71.8617439270
1.0320000000,70.1236724854
1.0330000000,69.2653656006
1.0340000000,67.7418708801
1.0350000000,65.0310516357
1.0360000000,64.1870498657
1.0370000000,60.2102279663
1.0380000000,59.1588020325
1.0390000000,54.7671318054
1.0400000000,52.8573989868
1.0410000000,48.3155250549
1.0420000000,44.4602966309
1.0430000000,40.8196449280
1.0440000000,35.5339050293
1.0450000000,31.6858291626
1.0460000000,28.1238555908
1.0470000000,21.9297409058
1.0480000000,17.6239013672
1.0490000000,12.9961967468
1.0500000000,8.3541870117
1.0510000000,3.6263465881
1.0520000000,-0.9942054749
1.0530000000,-5.0640106201
1.0540000000,-8.8262557983
1.0550000000,-13.2179260254
1.0560000000,-17.5523757935
1.0570000000,-22.3445892334
1.0580000000,-27.8949737549
1.0590000000,-30.9348106384
1.0600000000,-35.0332260132
1.0610000000,-40.1759147644
1.0620000000,-44.1026687622
1.0630000000,-47.3999977112
1.0640000000,-52.0992279053
1.0650000000,-54.3594360352
1.0660000000,-58.6724281311
1.0670000000,-59.8955154419
1.0680000000,-64.1584396362
1.0690000000,-64.7234916687
1.0700000000,-68.0208206177
1.0710000000,-69.5443153381
1.0720000000,-70.3811645508
1.0730000000,-72.4339485168
1.0740000000,-71.5255737305
1.0750000000,-73.8143920898
1.0760000000,-73.8215446472
1.0770000000,-72.2479820251
1.0780000000,-72.9203224182
1.0790000000,-71.3753700256
1.0800000000,-70.9033012390
1.0810000000,-69.2868232727
1.0820000000,-66.1253929138
1.0830000000,-65.1955604553
1.0840000000,-61.1114501953
1.0850000000,-59.6094131470
1.0860000000,-54.7385215759
1.0870000000,-52.9718399048
1.0880000000,-47.9435920715
1.0890000000,-44.0597534180
1.0900000000,-40.7981872559
1.0910000000,-35.5911254883
1.0920000000,-31.3210487366
1.0930000000,-27.4300575256
1.0940000000,-21.5077400208
1.0950000000,-16.6153907776
1.0960000000,-12.2594833374
1.0970000000,-7.0452690125
1.0980000000,-1.9812583923
1.0990000000,2.5105476379
1.1000000000,6.3014030457
1.1010000000,10.9791755676
1.1020000000,14.9774551392
1.1030000000,19.6194648743
1.1040000000,25.5060195923
1.1050000000,29.2539596558
1.1060000000,33.6027145386
1.1070000000,37.9443168640
1.1080000000,43.2729721069
1.1090000000,46.1411476135
1.1100000000,51.1407852173
1.1110000000,54.0518760681
1.1120000000,57.5923919678
1.1130000000,60.6465339661
1.1140000000,63.7650489807
1.1150000000,65.2527809143
1.1160000000,68.5858726501
1.1170000000,68.7146186829
1.1180000000,71.3539123535
1.1190000000,72.0620155334
1.1200000000,72.1192359924
1.1210000000,73.7786293030
1.1220000000,72.0262527466
1.1230000000,72.8487968445
1.1240000000,71.9761848450
1.1250000000,70.2524185181
1.1260000000,69.6158409119
1.1270000000,67.2483444214
1.1280000000,65.8321380615
1.1290000000,63.5504722595
1.1300000000,60.3961944580
1.1310000000,57.7211380005
1.1320000000,53.9731979370
1.1330000000,49.7460365295
1.1340000000,47.0423698425
1.1350000000,41.0199165344
1.1360000000,37.1718406677
1.1370000000,32.6228141785
1.1380000000,26.5216827393
1.1390000000,21.4290618896
1.1400000000,16.6583061218
1.1410000000,12.0949745178
1.1420000000,6.8807601929
1.1430000000,1.1229515076
1.1440000000,-3.8552284241
1.1450000000,-8.2111358643
1.1460000000,-12.0949745178
1.1470000000,-16.7942047119
1.1480000000,-21.8653678894
1.1490000000,-26.7362594604
1.1500000000,-32.8373908997
1.1510000000,-36.6926193237
1.1520000000,-40.4834747314
1.1530000000,-46.4630126953
1.1540000000,-48.5873222351
1.1550000000,-53.4510612488
1.1560000000,-56.5767288208
1.1570000000,-60.3604316711
1.1580000000,-63.1856918335
1.1590000000,-65.8106803894
1.1600000000,-67.4414634705
1.1610000000,-70.1308250427
1.1620000000,-70.6100463867
1.1630000000,-72.1764564514
1.1640000000,-73.8358497620
1.1650000000,-72.8845596313
1.1660000000,-74.2793083191
1.1670000000,-72.5841522217
1.1680000000,-72.4196434021
1.1690000000,-71.9118118286
1.1700000000,-68.9005851746
1.1710000000,-68.0565834045
1.1720000000,-64.2228126526
1.1730000000,-62.5848770142
1.1740000000,-58.5007667542
1.1750000000,-55.2606582642
1.1760000000,-51.1837005615
1.1770000000,-47.7647781372
1.1780000000,-42.2716140747
1.1790000000,-38.0373001099
1.1800000000,-33.9961051941
1.1810000000,-27.6231765747
1.1820000000,-23.0455398560
1.1830000000,-17.5595283508
1.1840000000,-12.6814842224
1.1850000000,-7.4100494385
1.1860000000,-1.7809867859
1.1870000000,3.5190582275
1.1880000000,7.9607963562
1.1890000000,12.5956535339
1.1900000000,16.9086456299
1.1910000000,22.6521492004
1.1920000000,27.5516510010
1.1930000000,33.8387489319
1.1940000000,36.9429588318
1.1950000000,41.8210029602
1.1960000000,47.1854209900
1.1970000000,50.6258010864
1.1980000000,54.8028945923
1.1990000000,58.1216812134
1.2000000000,62.0841979980
1.2010000000,64.1727447510
1.2020000000,67.4271583557
1.2030000000,68.3498382568
1.2040000000,70.8460807800
1.2050000000,72.0691680908
1.2060000000,72.3052024841
1.2070000000,74.0432739258
1.2080000000,71.7902183533
1.2090000000,73.7214088440
1.2100000000,71.8617439270
1.2110000000,70.4741477966
1.2120000000,69.6516036987
1.2130000000,66.5259361267
1.2140000000,65.5317306519
1.2150000000,62.1557235718
1.2160000000,59.8454475403
1.2170000000,55.5968284607
1.2180000000,52.9074668884
1.2190000000,46.8063354492
1.2200000000,43.9524650574
1.2210000000,37.6224517822
1.2220000000,32.0720672607
1.2230000000,27.4515151978
1.2240000000,22.1371650696
1.2250000000,15.8643722534
1.2260000000,10.0564956665
1.2270000000,4.8136711121
1.2280000000,-0.6294250488
1.2290000000,-5.5146217346
1.2300000000,-10.1423263550
1.2310000000,-15.5925750732
1.2320000000,-21.0571289063
1.2330000000,-26.0996818542
1.2340000000,-30.7989120483
1.2350000000,-36.0274314880
1.2360000000,-42.0069694519
1.2370000000,-44.9037551880
1.2380000000,-49.9463081360
1.2390000000,-54.0661811829
1.2400000000,-57.7640533447
1.2410000000,-61.2759590149
1.2420000000,-64.5947456360
1.2430000000,-67.0552253723
1.2440000000,-69.6730613708
1.2450000000,-69.7016716003
1.2460000000,-73.0633735657
1.2470000000,-73.3494758606
1.2480000000,-73.5354423523
1.2490000000,-74.1934776306
1.2500000000,-73.0633735657
1.2510000000,-72.8917121887
1.2520000000,-71.8617439270
1.2530000000,-68.3569908142
1.2540000000,-67.8491592407
1.2550000000,-64.0583038330
1.2560000000,-61.4547729492
1.2570000000,-56.8413734436
1.2580000000,-53.9517402649
1.2590000000,-48.1510162354
1.2600000000,-45.3400611877
1.2610000000,-38.8884544373
1.2620000000,-33.7243080139
1.2630000000,-29.4971466064
1.2640000000,-24.0325927734
1.2650000000,-17.2519683838
1.2660000000,-11.5728378296
1.2670000000,-6.2012672424
1.2680000000,-0.3933906555
1.2690000000,4.8422813416
1.2700000000,9.4771385193
1.2710000000,14.9416923523
1.2720000000,20.2345848083
1.2730000000,26.4501571655
1.2740000000,30.7703018188
1.2750000000,36.0274314880
1.2760000000,41.8210029602
1.2770000000,45.8979606628
1.2780000000,50.2610206604
1.2790000000,55.2964210510
1.2800000000,58.3076477051
1.2810000000,62.6206398010
1.2820000000,65.0668144226
1.2830000000,68.2067871094
1.2840000000,69.9663162231
1.2850000000,71.1035728455
1.2860000000,72.6485252380
1.2870000000,73.1849670410
1.2880000000,73.2278823853
1.2890000000,73.9717483521
1.2900000000,71.2752342224
1.2910000000,71.8903541565
1.2920000000,69.7731971741
1.2930000000,67.4843788147
1.2940000000,65.5817985535
1.2950000000,62.0269775391
1.2960000000,59.7381591797
1.2970000000,55.1247596741
1.2980000000,51.4841079712
1.2990000000,45.9194183350
1.3000000000,40.4191017151
1.3010000000,37.1503829956
1.3020000000,29.5042991638
1.3030000000,23.6034393311
1.3040000000,17.9314613342
1.3050000000,12.4740600586
1.3060000000,6.7019462585
1.3070000000,-0.0286102295
1.3080000000,-5.7363510132
1.3090000000,-10.3998184204
1.3100000000,-15.2277946472
1.3110000000,-21.0142135620
1.3120000000,-27.0152091980
1.3130000000,-33.3023071289
1.3140000000,-37.8870964050
1.3150000000,-42.0355796814
1.3160000000,-48.5157966614
1.3170000000,-51.7988204956
1.3180000000,-56.2691688538
1.3190000000,-60.0957870483
1.3200000000,-64.2228126526
1.3210000000,-65.6318664551
1.3220000000,-69.8089599609
1.3230000000,-69.8947906494
1.3240000000,-73.1921195984
1.3250000000,-74.0003585815
1.3260000000,-73.4567642212
1.3270000000,-74.6512413025
1.3280000000,-73.1563568115
1.3290000000,-72.5984573364
1.3300000000,-71.4826583862
1.3310000000,-68.2926177979
1.3320000000,-66.7834281921
1.3330000000,-62.6921653748
1.3340000000,-59.2589378357
1.3350000000,-54.9173355103
1.3360000000,-51.1050224304
1.3370000000,-45.3042984009
1.3380000000,-40.9126281738
1.3390000000,-35.4480743408
1.3400000000,-29.0393829346
1.3410000000,-23.1313705444
1.3420000000,-17.9171562195
1.3430000000,-11.8517875671
1.3440000000,-5.4216384888
1.3450000000,1.1372566223
1.3460000000,6.8163871765
1.3470000000,11.8231773376
1.3480000000,17.1375274658
1.3490000000,22.1872329712
1.3500000000,28.5458564758
1.3510000000,35.0904464722
1.3520000000,39.9899482727
1.3530000000,44.2314147949
1.3540000000,50.2467155457
1.3550000000,54.1162490845
1.3560000000,58.7153434753
1.3570000000,61.6049766541
1.3580000000,66.2469863892
1.3590000000,67.3127174377
1.3600000000,70.8961486816
1.3610000000,71.1536407471
1.3620000000,73.3923912048
1.3630000000,73.9431381226
1.3640000000,72.5126266479
1.3650000000,73.5497474670
1.3660000000,72.5555419922
1.3670000000,70.2810287476
1.3680000000,69.0507888794
1.3690000000,65.5603408813
1.3700000000,64.0010833740
1.3710000000,59.7596168518
1.3720000000,57.2705268860
1.3730000000,51.0621070862
1.3740000000,47.7433204651
1.3750000000,40.9412384033
1.3760000000,34.8687171936
1.3770000000,30.5628776550
1.3780000000,22.9668617249
1.3790000000,16.6654586792
1.3800000000,10.5214118958
1.3810000000,3.9553642273
1.3820000000,-1.9454956055
1.3830000000,-7.4744224548
1.3840000000,-13.2822990417
1.3850000000,-18.7253952026
1.3860000000,-25.5703926086
1.3870000000,-31.3925743103
1.3880000000,-36.0560417175
1.3890000000,-41.6207313538
1.3900000000,-47.4786758423
1.3910000000,-51.3195991516
1.3920000000,-57.1560859680
1.3930000000,-59.7667694092
1.3940000000,-64.7807121277
1.3950000000,-66.3685798645
1.3960000000,-70.0736045837
1.3970000000,-72.3338127136
1.3980000000,-72.2622871399
1.3990000000,-74.5439529419
1.4000000000,-74.1791725159
1.4010000000,-74.4438171387
1.4020000000,-73.7142562866
1.4030000000,-71.1750984192
1.4040000000,-70.1880455017
1.4050000000,-67.7490234375
1.4060000000,-63.6506080627
1.4070000000,-60.6179237366
1.4080000000,-55.5968284607
1.4090000000,-50.9834289551
1.4100000000,-46.5917587280
1.4110000000,-39.6394729614
1.4120000000,-35.4623794556
1.4130000000,-29.0751457214
1.4140000000,-22.1157073975
1.4150000000,-16.1075592041
1.4160000000,-9.3269348145
1.4170000000,-3.1542778015
1.4180000000,3.0255317688
1.4190000000,8.5902214050
1.4200000000,14.7914886475
1.4210000000,20.4277038574
1.4220000000,26.6361236572
1.4230000000,33.5597991943
1.4240000000,37.9800796509
1.4250000000,43.2729721069
1.4260000000,50.0822067261
1.4270000000,53.2650947571
1.4280000000,59.1158866882
1.4290000000,61.5620613098
1.4300000000,65.9251213074
1.4310000000,68.5000419617
1.4320000000,70.8818435669
1.4330000000,72.8344917297
1.4340000000,72.3195075989
1.4350000000,74.5010375977
1.4360000000,73.6927986145
1.4370000000,72.4554061890
1.4380000000,72.0119476318
1.4390000000,69.1151618958
1.4400000000,68.1567192078
1.4410000000,64.9952888489
1.4420000000,61.3474845886
1.4430000000,57.7926635742
1.4440000000,53.0791282654
1.4450000000,46.6489791870
1.4460000000,43.0798530579
1.4470000000,35.7413291931
1.4480000000,29.1609764099
1.4490000000,23.7178802490
1.4500000000,16.5295600891
1.4510000000,9.6273422241
1.4520000000,2.7322769165
1.4530000000,-3.5905838013
1.4540000000,-9.5343589783
1.4550000000,-15.4566764832
1.4560000000,-22.1014022827
1.4570000000,-27.1153450012
1.4580000000,-33.3809852600
1.4590000000,-40.1401519775
1.4600000000,-45.2470779419
1.4610000000,-49.8461723328
1.4620000000,-55.8114051819
1.4630000000,-59.3447685242
1.4640000000,-63.8008117676
1.4650000000,-66.6475296021
1.4660000000,-69.9877738953
1.4670000000,-72.3338127136
1.4680000000,-72.1764564514
1.4690000000,-75.0231742859
1.4700000000,-74.8229026794
1.4710000000,-74.1147994995
1.4720000000,-73.5855102539
1.4730000000,-71.0463523865
1.4740000000,-69.9877738953
1.4750000000,-66.7977333069
1.4760000000,-61.9411468506
1.4770000000,-59.1301918030
1.4780000000,-52.9646873474
1.4790000000,-48.5730171204
1.4800000000,-43.1585311890
1.4810000000,-36.6282463074
1.4820000000,-30.5342674255
1.4830000000,-24.9981880188
1.4840000000,-16.8514251709
1.4850000000,-10.3139877319
1.4860000000,-3.6692619324
1.4870000000,2.7894973755
1.4880000000,8.7547302246
1.4890000000,14.8630142212
1.4900000000,22.1514701843
1.4910000000,27.6303291321
1.4920000000,33.7171554565
1.4930000000,39.3605232239
1.4940000000,46.4272499084
1.4950000000,50.2824783325
1.4960000000,56.7269325256
1.4970000000,59.4949722290
1.4980000000,65.0453567505
1.4990000000,66.4043426514
1.5000000000,70.7173347473
1.5010000000,71.7902183533
1.5020000000,73.0347633362
1.5030000000,74.5725631714
1.5040000000,72.9131698608
1.5050000000,73.8000869751
1.5060000000,72.0906257629
1.5070000000,69.9019432068
1.5080000000,68.1567192078
1.5090000000,64.1226768494
1.5100000000,62.5419616699
1.5110000000,56.2691688538
1.5120000000,53.8015365601
1.5130000000,46.2055206299
1.5140000000,41.1057472229
1.5150000000,34.2106819153
1.5160000000,27.9951095581
1.5170000000,20.8210945129
1.5180000000,13.9546394348
1.5190000000,7.3242187500
1.5200000000,-0.2789497375
1.5210000000,-7.2240829468
1.5220000000,-12.5813484192
1.5230000000,-19.0973281860
1.5240000000,-25.9065628052
1.5250000000,-31.9933891296
1.5260000000,-39.3247604370
1.5270000000,-43.8809394836
1.5280000000,-49.8247146606
1.5290000000,-54.5668601990
1.5300000000,-59.7238540649
1.5310000000,-63.6148452759
1.5320000000,-67.9135322571
1.5330000000,-69.2582130432
1.5340000000,-72.7915763855
1.5350000000,-73.0919837952
1.5360000000,-75.1805305481
1.5370000000,-74.9731063843
1.5380000000,-73.6498832703
1.5390000000,-73.4281539917
1.5400000000,-71.3968276978
1.5410000000,-67.9850578308
1.5420000000,-65.4458999634
1.5430000000,-59.5378875732
1.5440000000,-57.0917129517
1.5450000000,-49.6459007263
1.5460000000,-45.1540946960
1.5470000000,-39.1674041748
1.5480000000,-32.0720672607
1.5490000000,-25.1412391663
1.5500000000,-18.7611579895
1.5510000000,-11.5299224854
1.5520000000,-4.0125846863
1.5530000000,3.0112266541
1.5540000000,9.5915794373
1.5550000000,15.6283378601
1.5560000000,21.7723846436
1.5570000000,28.7175178528
1.5580000000,34.7971916199
1.5590000000,42.3860549927
1.5600000000,46.8564033508
1.5610000000,53.0791282654
1.5620000000,57.4779510498
1.5630000000,62.2701644897
1.5640000000,65.3314590454
1.5650000000,69.8804855347
1.5660000000,70.1379776001
1.5670000000,73.7142562866
1.5680000000,74.0933418274
1.5690000000,73.5068321228
1.5700000000,74.0075111389
1.5710000000,72.0620155334
1.5720000000,70.9676742554
1.5730000000,68.2926177979
1.5740000000,64.8522377014
1.5750000000,62.7923011780
1.5760000000,56.4193725586
1.5770000000,52.9861450195
1.5780000000,46.0839271545
1.5790000000,39.1817092896
1.5800000000,34.2464447021
1.5810000000,25.7778167725
1.5820000000,19.3476676941
1.5830000000,11.4369392395
1.5840000000,4.3487548828
1.5850000000,-2.8109550476
1.5860000000,-9.2482566833
1.5870000000,-16.0861015320
1.5880000000,-22.7093696594
1.5890000000,-29.6759605408
1.5900000000,-36.5352630615
1.5910000000,-42.3216819763
1.5920000000,-48.5372543335
1.5930000000,-53.4868240356
1.5940000000,-58.6509704590
1.5950000000,-63.2143020630
1.5960000000,-67.4986839294
1.5970000000,-68.9005851746
1.5980000000,-73.0991363525
1.5990000000,-73.4996795654
1.6000000000,-74.8443603516
1.6010000000,-75.3664970398
1.6020000000,-73.8358497620
1.6030000000,-73.2350349426
1.6040000000,-71.0749626160
1.6050000000,-66.8621063232
1.6060000000,-64.4659996033
1.6070000000,-58.0859184265
1.6080000000,-55.3178787231
1.6090000000,-47.3928451538
1.6100000000,-42.0141220093
1.6110000000,-35.8057022095
1.6120000000,-28.3169746399
1.6130000000,-21.3861465454
1.6140000000,-13.9403343201
1.6150000000,-6.7448616028
1.6160000000,0.7295608521
1.6170000000,7.7605247498
1.6180000000,14.2478942871
1.6190000000,21.6221809387
1.6200000000,28.3455848694
1.6210000000,36.5567207336
1.6220000000,41.7351722717
1.6230000000,47.1782684326
1.6240000000,54.1734695435
1.6250000000,57.5137138367
1.6260000000,63.7650489807
1.6270000000,65.8321380615
1.6280000000,70.7244873047
1.6290000000,71.9904899597
1.6300000000,73.0991363525
1.6310000000,74.7370719910
1.6320000000,74.0218162537
1.6330000000,73.3208656311
1.6340000000,72.1979141235
1.6350000000,68.8648223877
1.6360000000,67.0981407166
1.6370000000,62.9925727844
1.6380000000,59.4449043274
1.6390000000,53.3580780029
1.6400000000,48.5444068909
1.6410000000,40.9626960754
1.6420000000,34.6183776855
1.6430000000,28.1739234924
1.6440000000,19.0901756287
1.6450000000,11.6872787476
1.6460000000,4.2986869812
1.6470000000,-3.1971931458
1.6480000000,-9.7775459290
1.6490000000,-16.5653228760
1.6500000000,-24.6405601501
1.6510000000,-31.3067436218
1.6520000000,-37.3220443726
1.6530000000,-43.9739227295
1.6540000000,-50.3396987915
1.6550000000,-55.7041168213
1.6560000000,-60.8396530151
1.6570000000,-64.8522377014
1.6580000000,-68.6931610107
1.6590000000,-71.8617439270
1.6600000000,-72.3838806152
1.6610000000,-75.2735137939
1.6620000000,-75.1304626465
1.6630000000,-74.6941566467
1.6640000000,-73.8501548767
1.6650000000,-70.8246231079
1.6660000000,-68.8362121582
1.6670000000,-64.7449493408
1.6680000000,-59.4878196716
1.6690000000,-55.0103187561
1.6700000000,-48.4514236450
1.6710000000,-42.3932075500
1.6720000000,-36.7927551270
1.6730000000,-28.0666351318
1.6740000000,-20.5779075623
1.6750000000,-13.2250785828
1.6760000000,-5.1999092102
1.6770000000,2.2172927856
1.6780000000,9.2625617981
1.6790000000,16.4794921875
1.6800000000,23.2028961182
1.6810000000,31.1708450317
1.6820000000,37.3864173889
1.6830000000,43.8809394836
1.6840000000,50.4541397095
1.6850000000,55.3750991821
1.6860000000,61.3975524902
1.6870000000,64.3587112427
1.6880000000,69.4584846497
1.6890000000,70.1737403870
1.6900000000,74.0504264832
1.6910000000,74.1505622864
1.6920000000,73.6641883850
1.6930000000,74.1147994995
1.6940000000,72.4053382874
1.6950000000,69.8947906494
1.6960000000,67.5344467163
1.6970000000,63.4574890137
1.6980000000,60.0743293762
1.6990000000,53.8730621338
1.7000000000,48.4085083008
1.7010000000,40.9412384033
1.7020000000,34.0247154236
1.7030000000,26.8936157227
1.7040000000,18.8899040222
1.7050000000,10.6716156006
1.7060000000,2.5033950806
1.7070000000,-4.9567222595
1.7080000000,-12.1092796326
1.7090000000,-19.6838378906
1.7100000000,-26.3929367065
1.7110000000,-33.3380699158
1.7120000000,-40.3618812561
1.7130000000,-47.7147102356
1.7140000000,-52.1492958069
1.7150000000,-59.2303276062
1.7160000000,-62.5777244568
1.7170000000,-67.6989555359
1.7180000000,-70.2738761902
1.7190000000,-73.1563568115
1.7200000000,-74.9802589417
1.7210000000,-74.4152069092
1.7220000000,-75.1447677612
1.7230000000,-74.7585296631
1.7240000000,-71.0892677307
1.7250000000,-69.7159767151
1.7260000000,-64.2013549805
1.7270000000,-60.8325004578
1.7280000000,-54.3665885925
1.7290000000,-49.4885444641
1.7300000000,-41.4133071899
1.7310000000,-35.2263450623
1.7320000000,-28.4600257874
1.7330000000,-18.9399719238
1.7340000000,-11.0149383545
1.7350000000,-3.7121772766
1.7360000000,3.9410591125
1.7370000000,10.6859207153
1.7380000000,18.5751914978
1.7390000000,27.3156166077
1.7400000000,33.6384773254
1.7410000000,39.6537780762
1.7420000000,47.6074218750
1.7430000000,53.1435012817
1.7440000000,58.4363937378
1.7450000000,63.2429122925
1.7460000000,67.6631927490
1.7470000000,70.1022148132
1.7480000000,73.2994079590
1.7490000000,73.6498832703
1.7500000000,74.7513771057
1.7510000000,74.2721557617
1.7520000000,71.7473030090
1.7530000000,71.0320472717
1.7540000000,67.7990913391
1.7550000000,64.4588470459
1.7560000000,59.7167015076
1.7570000000,54.1520118713
1.7580000000,47.6574897766
1.7590000000,41.1415100098
1.7600000000,33.0519676208
1.7610000000,25.3629684448
1.7620000000,18.2962417603
1.7630000000,9.5844268799
1.7640000000,0.7796287537
1.7650000000,-7.0452690125
1.7660000000,-14.7342681885
1.7670000000,-21.2216377258
1.7680000000,-28.8033485413
1.7690000000,-36.1919403076
1.7700000000,-44.6748733521
1.7710000000,-49.2811203003
1.7720000000,-56.6411018372
1.7730000000,-60.2531433105
1.7740000000,-66.3542747498
1.7750000000,-68.5429573059
1.7760000000,-72.8058815002
1.7770000000,-74.1219520569
1.7780000000,-74.7585296631
1.7790000000,-75.7670402527
1.7800000000,-74.2363929749
1.7810000000,-72.4983215332
1.7820000000,-70.3597068787
1.7830000000,-64.8021697998
1.7840000000,-61.7051124573
1.7850000000,-54.4381141663
1.7860000000,-50.1751899719
1.7870000000,-41.3703918457
1.7880000000,-34.8901748657
1.7890000000,-27.7733802795
1.7900000000,-18.8398361206
1.7910000000,-10.1709365845
1.7920000000,-2.1171569824
1.7930000000,5.6791305542
1.7940000000,12.6957893372
1.7950000000,21.2216377258
1.7960000000,28.3312797546
1.7970000000,35.1977348328
1.7980000000,41.8710708618
1.7990000000,49.8962402344
1.8000000000,54.7814369202
1.8010000000,61.0470771790
1.8020000000,65.3028488159
1.8030000000,69.6301460266
1.8040000000,72.1907615662
1.8050000000,73.1277465820
1.8060000000,75.1662254333
1.8070000000,74.0718841553
1.8080000000,72.9560852051
1.8090000000,71.8617439270
1.8100000000,68.0637359619
1.8110000000,65.7320022583
1.8120000000,60.3246688843
1.8130000000,55.9544563293
1.8140000000,48.7804412842
1.8150000000,42.9582595825
1.8160000000,33.7028503418
1.8170000000,26.1926651001
1.8180000000,17.4593925476
1.8190000000,9.6487998962
1.8200000000,1.0442733765
1.8210000000,-7.2169303894
1.8220000000,-14.2192840576
1.8230000000,-22.4661827087
1.8240000000,-30.0765037537
1.8250000000,-38.8526916504
1.8260000000,-44.7821617126
1.8270000000,-50.9548187256
1.8280000000,-57.7855110168
1.8290000000,-62.6349449158
1.8300000000,-66.7977333069
1.8310000000,-71.2180137634
1.8320000000,-72.4625587463
1.8330000000,-75.5810737610
1.8340000000,-74.9659538269
1.8350000000,-74.9158859253
1.8360000000,-74.0790367126
1.8370000000,-70.9390640259
1.8380000000,-67.9922103882
1.8390000000,-62.3488426208
1.8400000000,-57.8498840332
1.8410000000,-51.0764122009
1.8420000000,-45.0682640076
1.8430000000,-36.1561775208
1.8440000000,-28.9034843445
1.8450000000,-21.4433670044
1.8460000000,-12.5312805176
1.8470000000,-2.9110908508
1.8480000000,5.3143501282
1.8490000000,13.1821632385
1.8500000000,20.6851959229
1.8510000000,27.7447700500
1.8520000000,35.4695320129
1.8530000000,44.2385673523
1.8540000000,49.8676300049
1.8550000000,56.1046600342
1.8560000000,61.7051124573
1.8570000000,66.4615631104
1.8580000000,69.3869590759
1.8590000000,73.2493400574
1.8600000000,73.1992721558
1.8610000000,75.5095481873
1.8620000000,74.3150711060
1.8630000000,71.9332695007
1.8640000000,70.8246231079
1.8650000000,67.3985481262
1.8660000000,63.9867782593
1.8670000000,57.9929351807
1.8680000000,52.2708892822
1.8690000000,44.2457199097
1.8700000000,38.6524200439
1.8710000000,28.5387039185
1.8720000000,20.7424163818
1.8730000000,12.0878219604
1.8740000000,3.1828880310
1.8750000000,-5.5503845215
1.8760000000,-12.8960609436
1.8770000000,-21.2359428406
1.8780000000,-28.8677215576
1.8790000000,-38.2375717163
1.8800000000,-43.6949729919
1.8810000000,-50.9047508240
1.8820000000,-57.1131706238
1.8830000000,-63.0927085876
1.8840000000,-66.8048858643
1.8850000000,-71.6614723206
1.8860000000,-72.1478462219
1.8870000000,-75.7598876953
1.8880000000,-75.8600234985
1.8890000000,-74.0218162537
1.8900000000,-73.8358497620
1.8910000000,-70.2381134033
1.8920000000,-66.9050216675
1.8930000000,-61.4476203918
1.8940000000,-55.6182861328
1.8950000000,-48.7732887268
1.8960000000,-42.1643257141
1.8970000000,-33.3666801453
1.8980000000,-25.3057479858
1.8990000000,-17.0516967773
1.9000000000,-8.0680847168
1.9010000000,1.0585784912
1.9020000000,9.2697143555
1.9030000000,17.3807144165
1.9040000000,25.0911712646
1.9050000000,32.9375267029
1.9060000000,41.6064262390
1.9070000000,48.3727455139
1.9080000000,54.1663169861
1.9090000000,60.6536865234
1.9100000000,65.6390190125
1.9110000000,68.9578056335
1.9120000000,73.0347633362
1.9130000000,72.6056098938
1.9140000000,75.9387016296
1.9150000000,74.3865966797
1.9160000000,72.3624229431
1.9170000000,70.7244873047
1.9180000000,67.0480728149
1.9190000000,64.3730163574
1.9200000000,57.3635101318
1.9210000000,51.8774986267
1.9220000000,43.5590744019
1.9230000000,37.3363494873
1.9240000000,27.3299217224
1.9250000000,18.7397003174
1.9260000000,9.8848342896
1.9270000000,1.0371208191
1.9280000000,-7.3099136353
1.9290000000,-15.7856941223
1.9300000000,-23.6749649048
1.9310000000,-33.3023071289
1.9320000000,-39.7253036499
1.9330000000,-46.7920303345
1.9340000000,-54.7528266907
1.9350000000,-59.4592094421
1.9360000000,-65.6032562256
1.9370000000,-69.1008567810
1.9380000000,-72.8845596313
1.9390000000,-74.9230384827
1.9400000000,-74.4366645813
1.9410000000,-75.6669044495
1.9420000000,-74.9444961548
1.9430000000,-70.7387924194
1.9440000000,-68.4356689453
1.9450000000,-62.0555877686
1.9460000000,-57.8856468201
1.9470000000,-49.3097305298
1.9480000000,-43.9739227295
1.9490000000,-34.0747833252
1.9500000000,-26.2856483459
1.9510000000,-17.2448158264
1.9520000000,-8.4686279297
1.9530000000,0.8940696716
1.9540000000,9.4413757324
1.9550000000,17.2305107117
1.9560000000,26.1497497559
1.9570000000,33.6313247681
1.9580000000,43.2085990906
1.9590000000,48.7446784973
1.9600000000,56.1618804932
1.9610000000,61.3331794739
1.9620000000,66.8764114380
1.9630000000,69.2582130432
1.9640000000,73.9002227783
1.9650000000,74.5797157288
1.9660000000,74.3937492371
1.9670000000,74.0003585815
1.9680000000,72.2336769104
1.9690000000,69.6229934692
1.9700000000,65.7963752747
1.9710000000,60.7180595398
1.9720000000,54.9745559692
1.9730000000,47.7576255798
1.9740000000,39.0100479126
1.9750000000,32.5083732605
1.9760000000,22.1157073975
1.9770000000,12.9818916321
1.9780000000,3.8909912109
1.9790000000,-5.1140785217
1.9800000000,-12.8960609436
1.9810000000,-21.9583511353
1.9820000000,-31.5713882446
1.9830000000,-37.9085540771
1.9840000000,-45.7906723022
1.9850000000,-53.5082817078
1.9860000000,-59.1373443604
1.9870000000,-65.1741027832
1.9880000000,-68.8576698303
1.9890000000,-72.6771354675
1.9900000000,-75.0446319580
1.9910000000,-74.7513771057
1.9920000000,-75.4523277283
1.9930000000,-74.7942924500
1.9940000000,-70.5170631409
1.9950000000,-68.2210922241
1.9960000000,-61.2616539001
1.9970000000,-56.6983222961
1.9980000000,-48.1295585632
1.9990000000,-42.3502922058
2.0000000000,-32.1793556213
2.0010000000,-23.5891342163
2.0020000000,-14.5983695984
2.0030000000,-5.3071975708
2.0040000000,4.0555000305
2.0050000000,12.3596191406
2.0060000000,21.1644172668
2.0070000000,29.0966033936
2.0080000000,38.8097763062
2.0090000000,45.8192825317
2.0100000000,52.4353981018
2.0110000000,58.8798522949
2.0120000000,65.0310516357
2.0130000000,68.2997703552
2.0140000000,72.9632377625
2.0150000000,72.7415084839
2.0160000000,75.8385658264
2.0170000000,74.6297836304
2.0180000000,72.1263885498
2.0190000000,70.7101821899
2.0200000000,66.4544105530
2.0210000000,62.7350807190
2.0220000000,55.8042526245
2.0230000000,49.0021705627
2.0240000000,40.9913063049
2.0250000000,32.6514244080
2.0260000000,23.8394737244
2.0270000000,13.3323669434
2.0280000000,3.9267539978
2.0290000000,-4.9638748169
2.0300000000,-13.4611129761
2.0310000000,-23.1385231018
2.0320000000,-31.1708450317
2.0330000000,-38.5093688965
2.0340000000,-47.5859642029
2.0350000000,-53.8229942322
2.0360000000,-60.5750083923
2.0370000000,-65.9465789795
2.0380000000,-70.4312324524
2.0390000000,-72.2765922546
2.0400000000,-75.6454467773
2.0410000000,-75.4451751709
2.0420000000,-74.6083259583
2.0430000000,-73.7571716309
2.0440000000,-70.0306892395
2.0450000000,-65.3100013733
2.0460000000,-59.8168373108
2.0470000000,-53.3938407898
2.0480000000,-44.8608398438
2.0490000000,-38.2733345032
2.0500000000,-27.8663635254
2.0510000000,-18.5394287109
2.0520000000,-9.4056129456
2.0530000000,0.1215934753
2.0540000000,9.1481208801
2.0550000000,17.6525115967
2.0560000000,26.7362594604
2.0570000000,36.3993644714
2.0580000000,43.0369377136
2.0590000000,50.9262084961
2.0600000000,57.6782226563
2.0610000000,63.4145736694
2.0620000000,68.5000419617
2.0630000000,72.1049308777
2.0640000000,73.0633735657
2.0650000000,75.1876831055
2.0660000000,75.0517845154
2.0670000000,72.7415084839
2.0680000000,70.8031654358
2.0690000000,65.9251213074
2.0700000000,63.1070137024
2.0710000000,55.1748275757
2.0720000000,49.4098663330
2.0730000000,39.6752357483
2.0740000000,31.5356254578
2.0750000000,23.0598449707
2.0760000000,12.3453140259
2.0770000000,2.2029876709
2.0780000000,-7.0166587830
2.0790000000,-15.6641006470
2.0800000000,-25.3915786743
2.0810000000,-32.6442718506
2.0820000000,-41.4419174194
2.0830000000,-50.0750541687
2.0840000000,-55.8614730835
2.0850000000,-63.4002685547
2.0860000000,-66.5187835693
2.0870000000,-71.9976425171
2.0880000000,-74.4795799255
2.0890000000,-74.9659538269
2.0900000000,-76.0316848755
2.0910000000,-73.9789009094
2.0920000000,-71.9976425171
2.0930000000,-68.3426856995
2.0940000000,-61.3975524902
2.0950000000,-56.5981864929
2.0960000000,-47.7218627930
2.0970000000,-40.3833389282
2.0980000000,-31.6429138184
2.0990000000,-21.0928916931
2.1000000000,-11.8947029114
2.1010000000,-2.3889541626
2.1020000000,7.2598457336
2.1030000000,15.7642364502
2.1040000000,25.1197814941
2.1050000000,35.1548194885
2.1060000000,42.4361228943
2.1070000000,49.9606132507
2.1080000000,57.4493408203
2.1090000000,63.1999969482
2.1100000000,67.6703453064
2.1110000000,72.4625587463
2.1120000000,72.9060173035
2.1130000000,75.7384300232
2.1140000000,74.5296478271
2.1150000000,72.5984573364
2.1160000000,70.6887245178
2.1170000000,65.6390190125
2.1180000000,62.0126724243
2.1190000000,54.2163848877
2.1200000000,47.8148460388
2.1210000000,38.3377075195
2.1220000000,28.8105010986
2.1230000000,20.4992294312
2.1240000000,9.5486640930
2.1250000000,-0.5578994751
2.1260000000,-9.7846984863
2.1270000000,-19.3977355957
2.1280000000,-27.4586677551
2.1290000000,-36.7426872253
2.1300000000,-45.7334518433
2.1310000000,-52.2994995117
2.1320000000,-59.5021247864
2.1330000000,-65.2527809143
2.1340000000,-70.3024864197
2.1350000000,-71.8832015991
2.1360000000,-75.6740570068
2.1370000000,-76.0602951050
2.1380000000,-74.5224952698
2.1390000000,-73.4639167786
2.1400000000,-68.6073303223
2.1410000000,-64.8522377014
2.1420000000,-57.8212738037
2.1430000000,-50.6329536438
2.1440000000,-42.0069694519
2.1450000000,-34.3179702759
2.1460000000,-23.6177444458
2.1470000000,-13.5254859924
2.1480000000,-3.6764144897
2.1490000000,5.7649612427
2.1500000000,14.8057937622
2.1510000000,24.8050689697
2.1520000000,34.2035293579
2.1530000000,41.6135787964
2.1540000000,50.1537322998
2.1550000000,57.1417808533
2.1560000000,63.5719299316
2.1570000000,67.5773620605
2.1580000000,72.5626945496
2.1590000000,73.0705261230
2.1600000000,76.0674476624
2.1610000000,74.5797157288
2.1620000000,71.8259811401
2.1630000000,70.1808929443
2.1640000000,65.3958320618
2.1650000000,60.3890419006
2.1660000000,52.5140762329
2.1670000000,45.5760955811
2.1680000000,36.0488891602
2.1690000000,25.9637832642
2.1700000000,16.9372558594
2.1710000000,6.2942504883
2.1720000000,-4.3201446533
2.1730000000,-13.6184692383
2.1740000000,-22.1300125122
2.1750000000,-32.1078300476
2.1760000000,-40.4191017151
2.1770000000,-49.3454933167
2.1780000000,-55.8114051819
2.1790000000,-63.2786750793
2.1800000000,-67.1982765198
2.1810000000,-72.1549987793
2.1820000000,-74.9087333679
2.1830000000,-74.9659538269
2.1840000000,-75.6382942200
2.1850000000,-74.4152069092
2.1860000000,-69.9806213379
2.1870000000,-66.8978691101
2.1880000000,-59.0443611145
2.1890000000,-53.4653663635
2.1900000000,-44.0025329590
2.1910000000,-35.7556343079
2.1920000000,-26.4644622803
2.1930000000,-15.0060653687
2.1940000000,-5.1999092102
2.1950000000,4.7564506531
2.1960000000,13.6685371399
2.1970000000,24.6047973633
2.1980000000,33.0591201782
2.1990000000,41.1343574524
2.2000000000,50.2109527588
2.2010000000,56.9486618042
2.2020000000,63.8866424561
2.2030000000,67.6846504211
2.2040000000,72.4625587463
2.2050000000,73.9145278931
2.2060000000,75.5667686462
2.2070000000,74.6870040894
2.2080000000,71.4969635010
2.2090000000,69.8375701904
2.2100000000,64.9309158325
2.2110000000,59.1444969177
2.2120000000,50.6401062012
2.2130000000,43.7951087952
2.2140000000,33.8315963745
2.2150000000,22.9024887085
2.2160000000,13.6113166809
2.2170000000,3.1328201294
2.2180000000,-7.3099136353
2.2190000000,-15.6354904175
2.2200000000,-25.8064270020
2.2210000000,-35.4337692261
2.2220000000,-45.2542304993
2.2230000000,-51.2266159058
2.2240000000,-59.8740577698
2.2250000000,-64.5232200623
2.2260000000,-70.7530975342
2.2270000000,-72.5269317627
2.2280000000,-75.4952430725
2.2290000000,-76.4179229736
2.2300000000,-73.8787651062
2.2310000000,-72.8702545166
2.2320000000,-67.7990913391
2.2330000000,-62.7279281616
2.2340000000,-55.4823875427
2.2350000000,-46.5202331543
2.2360000000,-38.2304191589
2.2370000000,-29.2682647705
2.2380000000,-18.9900398254
2.2390000000,-7.6389312744
2.2400000000,2.2602081299
2.2410000000,11.7588043213
2.2420000000,22.4876403809
2.2430000000,31.3210487366
2.2440000000,39.9041175842
2.2450000000,49.2525100708
2.2460000000,56.4122200012
2.2470000000,63.2929801941
2.2480000000,67.8777694702
2.2490000000,72.0620155334
2.2500000000,73.8573074341
2.2510000000,75.6168365479
2.2520000000,75.0088691711
2.2530000000,71.2108612061
2.2540000000,69.5157051086
2.2550000000,64.4516944885
2.2560000000,58.2218170166
2.2570000000,49.6673583984
2.2580000000,42.9797172546
2.2590000000,31.5570831299
2.2600000000,21.2144851685
2.2610000000,11.0292434692
2.2620000000,0.8368492126
2.2630000000,-8.8620185852
2.2640000000,-18.7110900879
2.2650000000,-29.2038917542
2.2660000000,-38.8240814209
2.2670000000,-47.2211837769
2.2680000000,-54.3451309204
2.2690000000,-62.1914863586
2.2700000000,-67.1195983887
2.2710000000,-71.8617439270
2.2720000000,-74.7299194336
2.2730000000,-75.0160217285
2.2740000000,-75.3951072693
2.2750000000,-74.4724273682
2.2760000000,-69.4656372070
2.2770000000,-65.9179687500
2.2780000000,-57.6996803284
2.2790000000,-51.9204139709
2.2800000000,-41.1343574524
2.2810000000,-32.2437286377
2.2820000000,-22.8238105774
2.2830000000,-11.8732452393
2.2840000000,-0.4291534424
2.2850000000,9.9277496338
2.2860000000,19.8698043823
2.2870000000,28.9249420166
2.2880000000,37.7726554871
2.2890000000,48.1081008911
2.2900000000,55.1962852478
2.2910000000,61.7551803589
2.2920000000,67.2483444214
2.2930000000,71.8975067139
2.2940000000,73.2493400574
2.2950000000,76.1675834656
2.2960000000,74.7656822205
2.2970000000,71.6543197632
2.2980000000,69.4942474365
2.2990000000,64.1655921936
2.3000000000,58.4006309509
2.3010000000,49.4885444641
2.3020000000,42.4861907959
2.3030000000,30.5843353271
2.3040000000,20.5779075623
2.3050000000,10.0421905518
2.3060000000,-0.5578994751
2.3070000000,-10.6215476990
2.3080000000,-20.6708908081
2.3090000000,-30.5986404419
2.3100000000,-41.6207313538
2.3110000000,-48.3655929565
2.3120000000,-56.9415092468
2.3130000000,-63.4789466858
2.3140000000,-69.5443153381
2.3150000000,-71.8760490417
2.3160000000,-75.3450393677
2.3170000000,-76.5109062195
2.3180000000,-73.9216804504
2.3190000000,-73.0776786804
2.3200000000,-67.2411918640
2.3210000000,-62.4561309814
2.3220000000,-54.1877746582
2.3230000000,-46.7848777771
2.3240000000,-36.3135337830
2.3250000000,-26.4358520508
2.3260000000,-16.1004066467
2.3270000000,-4.8494338989
2.3280000000,6.6089630127
2.3290000000,16.3006782532
2.3300000000,26.0567665100
2.3310000000,35.3407859802
2.3320000000,45.6333160400
2.3330000000,53.3008575439
2.3340000000,60.2388381958
2.3350000000,66.0753250122
2.3360000000,71.2323188782
2.3370000000,72.5626945496
2.3380000000,76.2248039246
2.3390000000,74.8729705811
2.3400000000,72.3695755005
2.3410000000,69.9520111084
2.3420000000,64.4230842590
2.3430000000,58.9656829834
2.3440000000,50.0249862671
2.3450000000,42.2000885010
2.3460000000,31.0993194580
2.3470000000,21.0070610046
2.3480000000,9.8991394043
2.3490000000,-1.0943412781
2.3500000000,-11.4154815674
2.3510000000,-21.9655036926
2.3520000000,-31.8360328674
2.3530000000,-42.0999526978
2.3540000000,-49.8890876770
2.3550000000,-58.5007667542
2.3560000000,-63.5647773743
2.3570000000,-70.3096389771
2.3580000000,-72.4554061890
2.3590000000,-75.8099555969
2.3600000000,-76.1604309082
2.3610000000,-73.7071037292
2.3620000000,-72.1049308777
2.3630000000,-66.3971900940
2.3640000000,-60.6536865234
2.3650000000,-52.2422790527
2.3660000000,-43.8237190247
2.3670000000,-33.3881378174
2.3680000000,-23.0097770691
2.3690000000,-12.2880935669
2.3700000000,-0.8225440979
2.3710000000,9.7990036011
2.3720000000,19.9556350708
2.3730000000,30.3268432617
2.3740000000,39.2746925354
2.3750000000,49.7531890869
2.3760000000,56.0402870178
2.3770000000,63.6363029480
2.3780000000,68.2711601257
2.3790000000,72.6056098938
2.3800000000,74.9588012695
2.3810000000,74.0790367126
2.3820000000,74.5797157288
2.3830000000,71.2609291077
2.3840000000,66.7262077332
2.3850000000,61.4047050476
2.3860000000,53.1291961670
2.3870000000,44.7034835815
2.3880000000,34.7042083740
2.3890000000,23.9253044128
2.3900000000,12.8102302551
2.3910000000,1.6093254089
2.3920000000,-8.9335441589
2.3930000000,-19.6266174316
2.3940000000,-29.6258926392
2.3950000000,-40.3189659119
2.3960000000,-48.3584403992
2.3970000000,-57.2562217712
2.3980000000,-62.7636909485
2.3990000000,-69.6802139282
2.4000000000,-72.0191001892
2.4010000000,-75.6812095642
2.4020000000,-76.2462615967
2.4030000000,-73.7285614014
2.4040000000,-72.3838806152
2.4050000000,-66.2684440613
2.4060000000,-60.7752799988
2.4070000000,-52.1206855774
2.4080000000,-43.8809394836
2.4090000000,-32.5083732605
2.4100000000,-21.9941139221
2.4110000000,-11.5513801575
2.4120000000,0.0858306885
2.4130000000,11.0578536987
2.4140000000,20.9641456604
2.4150000000,31.6429138184
2.4160000000,42.2143936157
2.4170000000,50.7187843323
2.4180000000,57.9857826233
2.4190000000,64.9023056030
2.4200000000,70.1665878296
2.4210000000,72.5412368774
2.4220000000,75.8099555969
2.4230000000,74.7942924500
2.4240000000,72.9489326477
2.4250000000,70.4526901245
2.4260000000,64.5232200623
2.4270000000,59.0157508850
2.4280000000,49.8890876770
2.4290000000,40.9483909607
2.4300000000,30.4055213928
2.4310000000,19.1259384155
2.4320000000,7.5030326843
2.4330000000,-3.8766860962
2.4340000000,-14.3766403198
2.4350000000,-24.5261192322
2.4360000000,-36.2634658813
2.4370000000,-43.5018539429
2.4380000000,-53.5583496094
2.4390000000,-60.8253479004
2.4400000000,-67.0337677002
2.4410000000,-71.6543197632
2.4420000000,-74.8157501221
2.4430000000,-75.4165649414
2.4440000000,-75.1161575317
2.4450000000,-73.6141204834
2.4460000000,-67.5559043884
2.4470000000,-63.3144378662
2.4480000000,-53.7729263306
2.4490000000,-46.7205047607
2.4500000000,-35.1548194885
2.4510000000,-24.6405601501
2.4520000000,-13.2179260254
2.4530000000,-2.0170211792
2.4540000000,9.1695785522
2.4550000000,19.5264816284
2.4560000000,30.7631492615
2.4570000000,40.9269332886
2.4580000000,49.4742393494
2.4590000000,57.6138496399
2.4600000000,64.7735595703
2.4610000000,69.8375701904
2.4620000000,72.7558135986
2.4630000000,75.1876831055
2.4640000000,75.0589370728
2.4650000000,72.6342201233
2.4660000000,70.8961486816
2.4670000000,63.8580322266
2.4680000000,58.8154792786
2.4690000000,48.9020347595
2.4700000000,39.9971008301
2.4710000000,28.9177894592
2.4720000000,17.3592567444
2.4730000000,6.0439109802
2.4740000000,-5.7435035706
2.4750000000,-15.9358978271
2.4760000000,-27.0080566406
2.4770000000,-37.8727912903
2.4780000000,-46.5345382690
2.4790000000,-56.0331344604
2.4800000000,-61.7837905884
2.4810000000,-69.1080093384
2.4820000000,-71.8760490417
2.4830000000,-75.5023956299
2.4840000000,-76.3034820557
2.4850000000,-73.7214088440
2.4860000000,-72.1549987793
2.4870000000,-65.7248497009
2.4880000000,-59.8669052124
2.4890000000,-50.7187843323
2.4900000000,-42.0284271240
2.4910000000,-30.1766395569
2.4920000000,-19.4191932678
2.4930000000,-7.6031684875
2.4940000000,3.9625167847
2.4950000000,14.5268440247
2.4960000000,25.6347656250
2.4970000000,35.5052947998
2.4980000000,46.1626052856
2.4990000000,53.7443161011
2.5000000000,62.1771812439
2.5010000000,67.0194625854
2.5020000000,72.6056098938
2.5030000000,74.8372077942
2.5040000000,74.6154785156
2.5050000000,74.3865966797
2.5060000000,71.1321830750
2.5070000000,66.7047500610
2.5080000000,60.4748725891
2.5090000000,51.7344474792
2.5100000000,41.5706634521
2.5110000000,33.0090522766
2.5120000000,19.8554992676
2.5130000000,7.9107284546
2.5140000000,-3.1971931458
2.5150000000,-14.1191482544
2.5160000000,-25.8278846741
2.5170000000,-36.3993644714
2.5180000000,-45.0754165649
2.5190000000,-54.8815727234
2.5200000000,-61.2545013428
2.5210000000,-68.3784484863
2.5220000000,-71.4182853699
2.5230000000,-75.6025314331
2.5240000000,-76.3106346130
2.5250000000,-73.5998153687
2.5260000000,-72.1192359924
2.5270000000,-66.2469863892
2.5280000000,-59.7739219666
2.5290000000,-50.1966476440
2.5300000000,-41.9640541077
2.5310000000,-29.6258926392
2.5320000000,-17.8742408752
2.5330000000,-6.4873695374
2.5340000000,5.0282478333
2.5350000000,15.8715248108
2.5360000000,26.9937515259
2.5370000000,38.7239456177
2.5380000000,47.3070144653
2.5390000000,55.3035736084
2.5400000000,63.8508796692
2.5410000000,69.0579414368
2.5420000000,72.5555419922
2.5430000000,75.1090049744
2.5440000000,74.6154785156
2.5450000000,73.5926628113
2.5460000000,70.6815719604
2.5470000000,63.9581680298
2.5480000000,57.8570365906
2.5490000000,48.1224060059
2.5500000000,38.3377075195
2.5510000000,27.5659561157
2.5520000000,14.8558616638
2.5530000000,3.3617019653
2.5540000000,-8.0966949463
2.5550000000,-19.4048881531
2.5560000000,-31.5356254578
2.5570000000,-40.0400161743
2.5580000000,-49.9749183655
2.5590000000,-59.3018531799
2.5600000000,-65.0024414063
2.5610000000,-71.1750984192
2.5620000000,-74.3508338928
2.5630000000,-75.1733779907
2.5640000000,-75.4380226135
2.5650000000,-73.6141204834
2.5660000000,-67.3198699951
2.5670000000,-62.6993179321
2.5680000000,-53.3151626587
2.5690000000,-44.3887710571
2.5700000000,-33.1020355225
2.5710000000,-21.4219093323
2.5720000000,-9.8276138306
2.5730000000,2.2530555725
2.5740000000,13.6899948120
2.5750000000,24.6906280518
2.5760000000,36.2634658813
2.5770000000,45.8621978760
2.5780000000,54.1806221008
2.5790000000,63.0283355713
2.5800000000,68.1996345520
2.5810000000,72.3624229431
2.5820000000,75.2449035645
2.5830000000,74.3722915649
2.5840000000,73.8644599915
2.5850000000,70.6243515015
2.5860000000,64.4874572754
2.5870000000,57.8927993774
2.5880000000,48.2439994812
2.5890000000,37.5437736511
2.5900000000,27.6446342468
2.5910000000,14.6985054016
2.5920000000,2.3889541626
2.5930000000,-8.9907646179
2.5940000000,-20.4348564148
2.5950000000,-32.4654579163
2.5960000000,-41.4061546326
2.5970000000,-51.6915321350
2.5980000000,-59.8239898682
2.5990000000,-66.7476654053
2.6000000000,-71.0678100586
2.6010000000,-75.0088691711
2.6020000000,-75.5453109741
2.6030000000,-74.6583938599
2.6040000000,-72.4339485168
2.6050000000,-66.4758682251
2.6060000000,-60.4677200317
2.6070000000,-49.9749183655
2.6080000000,-41.9783592224
2.6090000000,-29.4899940491
2.6100000000,-17.3020362854
2.6110000000,-5.3286552429
2.6120000000,6.7520141602
2.6130000000,17.4522399902
2.6140000000,29.3397903442
2.6150000000,41.5277481079
2.6160000000,48.7446784973
2.6170000000,59.1230392456
2.6180000000,64.5089149475
2.6190000000,70.8389282227
2.6200000000,73.6713409424
2.6210000000,75.1304626465
2.6220000000,75.3450393677
2.6230000000,70.4741477966
2.6240000000,68.7217712402
2.6250000000,60.2746009827
2.6260000000,52.8073310852
2.6270000000,42.5434112549
2.6280000000,31.7430496216
2.6290000000,19.6266174316
2.6300000000,6.7591667175
2.6310000000,-5.3715705872
2.6320000000,-16.6654586792
2.6330000000,-28.9607048035
2.6340000000,-38.3305549622
2.6350000000,-48.5873222351
2.6360000000,-58.1717491150
2.6370000000,-64.4230842590
2.6380000000,-70.9891319275
2.6390000000,-74.2864608765
2.6400000000,-74.8944282532
2.6410000000,-75.5953788757
2.6420000000,-73.2564926147
2.6430000000,-67.2411918640
2.6440000000,-61.6621971130
2.6450000000,-51.7988204956
2.6460000000,-42.8938865662
2.6470000000,-30.7989120483
2.6480000000,-18.3176994324
2.6490000000,-6.6018104553
2.6500000000,5.8007240295
2.6510000000,16.8085098267
2.6520000000,29.0179252625
2.6530000000,40.8339500427
2.6540000000,49.0450859070
2.6550000000,58.9299201965
2.6560000000,64.6519660950
2.6570000000,71.0606575012
2.6580000000,73.9860534668
2.6590000000,74.9087333679
2.6600000000,74.9444961548
2.6610000000,70.5385208130
2.6620000000,67.8491592407
2.6630000000,59.6737861633
2.6640000000,51.5127182007
2.6650000000,40.6551361084
2.6660000000,30.0478935242
2.6670000000,17.5809860229
2.6680000000,4.6277046204
2.6690000000,-7.9464912415
2.6700000000,-19.6695327759
2.6710000000,-30.8561325073
2.6720000000,-40.9269332886
2.6730000000,-51.9704818726
2.6740000000,-59.3519210815
2.6750000000,-67.2197341919
2.6760000000,-70.7244873047
2.6770000000,-75.1090049744
2.6780000000,-76.0316848755
2.6790000000,-73.9789009094
2.6800000000,-71.8188285828
2.6810000000,-64.8880004883
2.6820000000,-58.2933425903
2.6830000000,-47.9578971863
2.6840000000,-38.7525558472
2.6850000000,-25.2413749695
2.6860000000,-13.1177902222
2.6870000000,-0.9799003601
2.6880000000,10.8504295349
2.6890000000,22.5448608398
2.6900000000,35.6769561768
2.6910000000,44.9824333191
2.6920000000,54.0518760681
2.6930000000,62.7279281616
2.6940000000,68.6860084534
2.6950000000,72.1764564514
2.6960000000,75.3092765808
2.6970000000,74.6583938599
2.6980000000,72.9203224182
2.6990000000,69.3798065186
2.7000000000,61.9912147522
2.7010000000,55.4180145264
2.7020000000,43.7164306641
2.7030000000,32.7873229980
2.7040000000,22.0298767090
2.7050000000,8.2182884216
2.7060000000,-4.7492980957
2.7070000000,-16.7870521545
2.7080000000,-28.0237197876
2.7090000000,-38.7096405029
2.7100000000,-49.5386123657
2.7110000000,-58.2861900330
2.7120000000,-65.9894943237
2.7130000000,-70.0521469116
2.7140000000,-74.9444961548
2.7150000000,-75.2377510071
2.7160000000,-75.0446319580
2.7170000000,-72.1049308777
2.7180000000,-65.2599334717
2.7190000000,-59.4019889832
2.7200000000,-48.7303733826
2.7210000000,-39.1745567322
2.7220000000,-26.1569023132
2.7230000000,-13.6184692383
2.7240000000,-1.2946128845
2.7250000000,10.9791755676
2.7260000000,22.6807594299
2.7270000000,35.9272956848
2.7280000000,45.0468063354
2.7290000000,54.7814369202
2.7300000000,62.8209114075
2.7310000000,69.3225860596
2.7320000000,72.1549987793
2.7330000000,75.4451751709
2.7340000000,74.8300552368
2.7350000000,72.2050666809
2.7360000000,68.6645507813
2.7370000000,60.6751441956
2.7380000000,53.8945198059
2.7390000000,41.7852401733
2.7400000000,30.4126739502
2.7410000000,19.3548202515
2.7420000000,5.5503845215
2.7430000000,-7.6460838318
2.7440000000,-19.8984146118
2.7450000000,-30.5700302124
2.7460000000,-41.3846969604
2.7470000000,-53.2078742981
2.7480000000,-59.8311424255
2.7490000000,-68.0422782898
2.7500000000,-71.8975067139
2.7510000000,-75.3593444824
2.7520000000,-75.9029388428
2.7530000000,-73.0562210083
2.7540000000,-70.3310966492
2.7550000000,-63.1356239319
2.7560000000,-54.9387931824
2.7570000000,-44.7249412537
2.7580000000,-34.1320037842
2.7590000000,-20.1058387756
2.7600000000,-7.6675415039
2.7610000000,5.0640106201
2.7620000000,16.7298316956
2.7630000000,30.0478935242
2.7640000000,40.5907630920
2.7650000000,49.6387481689
2.7660000000,60.2960586548
2.7670000000,65.8321380615
2.7680000000,71.9189643860
2.7690000000,75.1161575317
2.7700000000,73.9288330078
2.7710000000,74.2292404175
2.7720000000,69.9019432068
2.7730000000,64.3086433411
2.7740000000,56.3263893127
2.7750000000,45.6976890564
2.7760000000,34.3108177185
2.7770000000,22.3875045776
2.7780000000,9.8133087158
2.7790000000,-4.3344497681
2.7800000000,-16.6726112366
2.7810000000,-27.6517868042
2.7820000000,-39.1530990601
2.7830000000,-51.1550903320
2.7840000000,-58.2933425903
2.7850000000,-66.6403770447
2.7860000000,-70.9605216980
2.7870000000,-75.0946998596
2.7880000000,-76.0746002197
2.7890000000,-73.2636451721
2.7900000000,-71.3324546814
2.7910000000,-63.6506080627
2.7920000000,-56.3049316406
2.7930000000,-45.2542304993
2.7940000000,-35.1262092590
2.7950000000,-21.4433670044
2.7960000000,-8.2182884216
2.7970000000,4.6491622925
2.7980000000,16.4008140564
2.7990000000,29.8976898193
2.8000000000,40.5836105347
2.8010000000,49.7603416443
2.8020000000,60.4033470154
2.8030000000,66.4114952087
2.8040000000,71.6114044189
2.8050000000,75.5023956299
2.8060000000,73.5354423523
2.8070000000,74.1863250732
2.8080000000,69.4942474365
2.8090000000,63.2858276367
2.8100000000,55.3750991821
2.8110000000,44.0526008606
2.8120000000,32.4583053589
2.8130000000,20.2059745789
2.8140000000,7.4529647827
2.8150000000,-6.8521499634
2.8160000000,-18.4178352356
2.8170000000,-30.3411483765
2.8180000000,-41.9425964355
2.8190000000,-53.2579421997
2.8200000000,-60.2459907532
2.8210000000,-68.4356689453
2.8220000000,-72.6270675659
2.8230000000,-75.2377510071
2.8240000000,-75.7312774658
2.8250000000,-72.6199150085
2.8260000000,-69.0722465515
2.8270000000,-61.8624687195
2.8280000000,-51.9633293152
2.8290000000,-41.6421890259
2.8300000000,-30.2696228027
2.8310000000,-16.1862373352
2.8320000000,-3.0469894409
2.8330000000,9.5772743225
2.8340000000,22.5806236267
2.8350000000,34.6255302429
2.8360000000,44.7678565979
2.8370000000,55.5682182312
2.8380000000,62.8638267517
2.8390000000,69.9305534363
2.8400000000,72.6270675659
2.8410000000,75.7527351379
2.8420000000,74.5511054993
2.8430000000,70.7173347473
2.8440000000,66.6403770447
2.8450000000,58.0072402954
2.8460000000,50.4755973816
2.8470000000,36.9644165039
2.8480000000,24.3544578552
2.8490000000,12.3882293701
2.8500000000,-1.1014938354
2.8510000000,-13.7901306152
2.8520000000,-25.9566307068
2.8530000000,-38.4807586670
2.8540000000,-50.8117675781
2.8550000000,-57.5852394104
2.8560000000,-66.8764114380
2.8570000000,-70.9605216980
2.8580000000,-75.0017166138
2.8590000000,-76.0674476624
2.8600000000,-72.9131698608
2.8610000000,-70.7602500916
2.8620000000,-62.5848770142
2.8630000000,-54.7742843628
2.8640000000,-43.3015823364
2.8650000000,-32.2437286377
2.8660000000,-18.9328193665
2.8670000000,-4.7993659973
2.8680000000,7.9965591431
2.8690000000,21.2144851685
2.8700000000,33.2307815552
2.8710000000,43.7951087952
2.8720000000,54.6240806580
2.8730000000,62.2773170471
2.8740000000,69.7159767151
2.8750000000,72.3910331726
2.8760000000,75.6955146790
2.8770000000,74.4366645813
2.8780000000,70.8460807800
2.8790000000,67.0123100281
2.8800000000,57.7139854431
2.8810000000,49.9176979065
2.8820000000,36.4995002747
2.8830000000,24.1684913635
2.8840000000,11.0578536987
2.8850000000,-2.6607513428
2.8860000000,-14.9774551392
2.8870000000,-27.7090072632
2.8880000000,-39.8254394531
2.8890000000,-51.4912605286
2.8900000000,-58.8583946228
2.8910000000,-67.6846504211
2.8920000000,-72.1049308777
2.8930000000,-74.8944282532
2.8940000000,-75.8671760559
2.8950000000,-72.6127624512
2.8960000000,-69.1437721252
2.8970000000,-61.3260269165
2.8980000000,-51.9204139709
2.8990000000,-40.6622886658
2.9000000000,-29.0465354919
2.9010000000,-15.4066085815
2.9020000000,-1.1801719666
2.9030000000,11.8732452393
2.9040000000,24.8479843140
2.9050000000,36.6210937500
2.9060000000,46.8778610229
2.9070000000,58.2504272461
2.9080000000,64.5589828491
2.9090000000,71.1679458618
2.9100000000,74.8515129089
2.9110000000,74.2506980896
2.9120000000,73.8143920898
2.9130000000,69.4441795349
2.9140000000,63.7435913086
2.9150000000,54.4953346252
2.9160000000,43.6663627625
2.9170000000,30.9348106384
2.9180000000,18.0888175964
2.9190000000,5.3071975708
2.9200000000,-8.0180168152
2.9210000000,-21.4576721191
2.9220000000,-33.5454940796
2.9230000000,-46.7991828918
2.9240000000,-55.2964210510
2.9250000000,-64.6376609802
2.9260000000,-69.3225860596
2.9270000000,-74.2578506470
2.9280000000,-75.0803947449
2.9290000000,-74.8229026794
2.9300000000,-71.4540481567
2.9310000000,-63.7507438660
2.9320000000,-56.4551353455
2.9330000000,-45.1111793518
2.9340000000,-33.4453582764
2.9350000000,-20.6851959229
2.9360000000,-6.2298774719
2.9370000000,7.6460838318
2.9380000000,20.6780433655
2.9390000000,32.8159332275
2.9400000000,44.4746017456
2.9410000000,55.2535057068
2.9420000000,62.4489784241
2.9430000000,69.8304176331
2.9440000000,73.5712051392
2.9450000000,74.9874114990
2.9460000000,74.3508338928
2.9470000000,69.6945190430
2.9480000000,65.4673576355
2.9490000000,55.6540489197
2.9500000000,46.9994544983
2.9510000000,33.2379341125
2.9520000000,20.3633308411
2.9530000000,6.7019462585
2.9540000000,-6.8378448486
2.9550000000,-19.5693969727
2.9560000000,-32.5512886047
2.9570000000,-45.5975532532
2.9580000000,-54.3451309204
2.9590000000,-63.9796257019
2.9600000000,-68.7003135681
2.9610000000,-74.4438171387
2.9620000000,-75.0589370728
2.9630000000,-74.4080543518
2.9640000000,-71.2609291077
2.9650000000,-63.5147094727
2.9660000000,-56.6840171814
2.9670000000,-44.3816184998
2.9680000000,-32.5369834900
2.9690000000,-19.6552276611
2.9700000000,-5.3429603577
2.9710000000,9.1481208801
2.9720000000,21.8224525452
2.9730000000,34.2679023743
2.9740000000,44.9895858765
2.9750000000,56.8485260010
2.9760000000,63.5576248169
2.9770000000,70.7101821899
2.9780000000,74.4295120239
2.9790000000,74.4223594666
2.9800000000,73.8072395325
2.9810000000,69.2081451416
2.9820000000,63.8794898987
2.9830000000,53.7157058716
2.9840000000,43.5519218445
2.9850000000,29.9763679504
2.9860000000,16.7012214661
2.9870000000,2.9611587524
2.9880000000,-10.6072425842
2.9890000000,-23.4889984131
2.9900000000,-36.5352630615
2.9910000000,-48.9521026611
2.9920000000,-56.9415092468
2.9930000000,-66.6046142578
2.9940000000,-71.0749626160
2.9950000000,-75.0660896301
2.9960000000,-75.8028030396
2.9970000000,-72.2908973694
2.9980000000,-69.2367553711
2.9990000000,-60.5893135071
3.0000000000,-51.9132614136
3.0010000000,-39.1173362732
3.0020000000,-26.5574455261
3.0030000000,-12.9747390747
3.0040000000,1.8453598022
3.0050000000,15.1062011719
3.0060000000,27.9092788696
3.0070000000,40.3404235840
3.0080000000,51.6486167908
3.0090000000,60.2316856384
3.0100000000,68.7003135681
3.0110000000,71.2895393372
3.0120000000,75.8528709412
3.0130000000,74.1505622864
3.0140000000,71.2251663208
3.0150000000,66.5259361267
3.0160000000,57.2061538696
3.0170000000,48.5229492188
3.0180000000,34.5396995544
3.0190000000,21.4433670044
3.0200000000,7.4458122253
3.0210000000,-6.9022178650
3.0220000000,-19.4907188416
3.0230000000,-32.6585769653
3.0240000000,-46.2555885315
3.0250000000,-54.5024871826
3.0260000000,-64.5732879639
3.0270000000,-69.7875022888
3.0280000000,-74.9588012695
3.0290000000,-75.5381584167
3.0300000000,-73.2707977295
3.0310000000,-70.0592994690
3.0320000000,-61.2974166870
3.0330000000,-53.1578063965
3.0340000000,-40.2975082397
3.0350000000,-27.6231765747
3.0360000000,-14.0619277954
3.0370000000,0.1430511475
3.0380000000,13.4468078613
3.0390000000,26.6218185425
3.0400000000,39.3962860107
3.0410000000,51.1622428894
3.0420000000,60.2245330811
3.0430000000,68.6001777649
3.0440000000,71.4468955994
3.0450000000,75.5453109741
3.0460000000,74.3007659912
3.0470000000,70.8746910095
3.0480000000,66.2183761597
3.0490000000,56.3049316406
3.0500000000,47.5358963013
3.0510000000,33.2880020142
3.0520000000,19.9484825134
3.0530000000,6.2799453735
3.0540000000,-7.6818466187
3.0550000000,-20.7638740540
3.0560000000,-34.3394279480
3.0570000000,-47.5716590881
3.0580000000,-55.8400154114
3.0590000000,-65.7892227173
3.0600000000,-70.5742835999
3.0610000000,-74.8658180237
3.0620000000,-75.9816169739
3.0630000000,-71.7186927795
3.0640000000,-69.2224502563
3.0650000000,-59.9956512451
3.0660000000,-51.1693954468
3.0670000000,-38.2304191589
3.0680000000,-24.7621536255
3.0690000000,-10.8718872070
3.0700000000,3.6478042603
3.0710000000,17.2305107117
3.0720000000,30.2982330322
3.0730000000,42.7293777466
3.0740000000,54.0232658386
3.0750000000,61.6407394409
3.0760000000,69.9305534363
3.0770000000,73.2636451721
3.0780000000,74.5153427124
3.0790000000,73.5712051392
3.0800000000,69.2725181580
3.0810000000,63.6076927185
3.0820000000,53.1220436096
3.0830000000,43.3158874512
3.0840000000,28.5315513611
3.0850000000,14.8773193359
3.0860000000,0.6794929504
3.0870000000,-12.9675865173
3.0880000000,-26.4787673950
3.0890000000,-40.4119491577
3.0900000000,-50.9047508240
3.0910000000,-60.5750083923
3.0920000000,-67.9206848145
3.0930000000,-73.5282897949
3.0940000000,-74.3865966797
3.0950000000,-74.9444961548
3.0960000000,-71.3682174683
3.0970000000,-64.5875930786
3.0980000000,-56.3549995422
3.0990000000,-43.8308715820
3.1000000000,-31.3425064087
3.1010000000,-17.9243087769
3.1020000000,-3.1614303589
3.1030000000,11.3224983215
3.1040000000,24.5833396912
3.1050000000,37.8084182739
3.1060000000,49.6888160706
3.1070000000,59.0443611145
3.1080000000,67.8849220276
3.1090000000,71.0320472717
3.1100000000,75.3378868103
3.1110000000,74.2077827454
3.1120000000,71.0892677307
3.1130000000,66.2899017334
3.1140000000,56.3979148865
3.1150000000,46.4916229248
3.1160000000,32.9160690308
3.1170000000,19.2689895630
3.1180000000,4.6563148499
3.1190000000,-9.6273422241
3.1200000000,-23.2458114624
3.1210000000,-36.6997718811
3.1220000000,-48.6874580383
3.1230000000,-58.3076477051
3.1240000000,-66.7405128479
3.1250000000,-72.4053382874
3.1260000000,-74.0218162537
3.1270000000,-75.6096839905
3.1280000000,-71.6328620911
3.1290000000,-66.2970542908
3.1300000000,-57.3635101318
3.1310000000,-46.3557243347
3.1320000000,-32.7944755554
3.1330000000,-19.5693969727
3.1340000000,-4.9853324890
3.1350000000,9.8919868469
3.1360000000,22.7880477905
3.1370000000,36.2563133240
3.1380000000,49.2167472839
3.1390000000,58.1574440002
3.1400000000,67.1195983887
3.1410000000,70.6958770752
3.1420000000,75.1090049744
3.1430000000,74.1362571716
3.1440000000,70.8961486816
3.1450000000,66.1468505859
3.1460000000,56.0545921326
3.1470000000,46.4844703674
3.1480000000,32.2508811951
3.1490000000,18.4464454651
3.1500000000,3.8909912109
3.1510000000,-10.4999542236
3.1520000000,-23.8180160522
3.1530000000,-38.5737419128
3.1540000000,-49.0522384644
3.1550000000,-59.2947006226
3.1560000000,-67.3699378967
3.1570000000,-73.2994079590
3.1580000000,-74.0003585815
3.1590000000,-75.0803947449
3.1600000000,-71.3038444519
3.1610000000,-64.8236274719
3.1620000000,-55.9687614441
3.1630000000,-43.3301925659
3.1640000000,-30.6272506714
3.1650000000,-16.8299674988
3.1660000000,-1.8167495728
3.1670000000,12.9175186157
3.1680000000,25.9923934937
3.1690000000,39.1745567322
3.1700000000,51.8774986267
3.1710000000,60.3389739990
3.1720000000,68.3283805847
3.1730000000,72.3409652710
3.1740000000,74.9659538269
3.1750000000,73.8716125488
3.1760000000,68.7360763550
3.1770000000,63.6076927185
3.1780000000,52.4926185608
3.1790000000,42.4790382385
3.1800000000,27.0366668701
3.1810000000,13.1464004517
3.1820000000,-1.4662742615
3.1830000000,-15.4709815979
3.1840000000,-29.3397903442
3.1850000000,-43.5447692871
3.1860000000,-52.7429580688
3.1870000000,-63.7793540955
3.1880000000,-69.2582130432
3.1890000000,-73.9288330078
3.1900000000,-75.9959220886
3.1910000000,-72.1478462219
3.1920000000,-69.3011283875
3.1930000000,-59.7381591797
3.1940000000,-50.7116317749
3.1950000000,-37.0717048645
3.1960000000,-23.2458114624
3.1970000000,-9.0694427490
3.1980000000,6.3729286194
3.1990000000,19.7911262512
3.2000000000,33.7457656860
3.2010000000,45.8836555481
3.2020000000,56.9128990173
3.2030000000,65.6890869141
3.2040000000,70.1594352722
3.2050000000,74.9230384827
3.2060000000,73.1420516968
3.2070000000,72.2408294678
3.2080000000,66.0467147827
3.2090000000,57.5208663940
3.2100000000,45.8765029907
3.2110000000,33.6456298828
3.2120000000,18.0959701538
3.2130000000,3.1614303589
3.2140000000,-10.7717514038
3.2150000000,-24.4474411011
3.2160000000,-39.6966934204
3.2170000000,-49.4456291199
3.2180000000,-61.4976882935
3.2190000000,-67.0981407166
3.2200000000,-73.3852386475
3.2210000000,-74.6726989746
3.2220000000,-74.3508338928
3.2230000000,-70.5671310425
3.2240000000,-62.0341300964
3.2250000000,-53.7657737732
3.2260000000,-39.3819808960
3.2270000000,-26.5932083130
3.2280000000,-12.2094154358
3.2290000000,3.4260749817
3.2300000000,17.3020362854
3.2310000000,31.1994552612
3.2320000000,44.0454483032
3.2330000000,55.5539131165
3.2340000000,64.5804405212
3.2350000000,70.1236724854
3.2360000000,74.7084617615
3.2370000000,73.0419158936
3.2380000000,72.4053382874
3.2390000000,66.3328170776
3.2400000000,58.3791732788
3.2410000000,46.1983680725
3.2420000000,34.7256660461
3.2430000000,18.3176994324
3.2440000000,4.0054321289
3.2450000000,-10.5285644531
3.2460000000,-24.8336791992
3.2470000000,-39.5894050598
3.2480000000,-49.6745109558
3.2490000000,-61.1472129822
3.2500000000,-67.5344467163
3.2510000000,-73.4639167786
3.2520000000,-75.1662254333
3.2530000000,-73.3280181885
3.2540000000,-70.2166557312
3.2550000000,-61.0899925232
3.2560000000,-52.5212287903
3.2570000000,-38.8741493225
3.2580000000,-24.5690345764
3.2590000000,-10.2710723877
3.2600000000,5.2857398987
3.2610000000,18.9542770386
3.2620000000,33.0305099487
3.2630000000,46.2341308594
3.2640000000,56.7412376404
3.2650000000,65.5961036682
3.2660000000,70.2023506165
3.2670000000,74.7156143188
3.2680000000,72.8130340576
3.2690000000,71.3324546814
3.2700000000,64.5160675049
3.2710000000,55.4037094116
3.2720000000,42.8795814514
3.2730000000,30.4841995239
3.2740000000,14.5125389099
3.2750000000,-0.1931190491
3.2760000000,-14.6913528442
3.2770000000,-29.7832489014
3.2780000000,-42.1929359436
3.2790000000,-53.5297393799
3.2800000000,-63.9224052429
3.2810000000,-70.2524185181
3.2820000000,-73.4853744507
3.2830000000,-75.5381584167
3.2840000000,-72.2551345825
3.2850000000,-67.2340393066
3.2860000000,-58.1145286560
3.2870000000,-47.3499298096
3.2880000000,-33.0162048340
3.2890000000,-18.7969207764
3.2900000000,-4.0197372437
3.2910000000,11.4583969116
3.2920000000,24.6834754944
3.2930000000,38.6738777161
3.2940000000,52.3209571838
3.2950000000,60.0743293762
3.2960000000,68.9435005188
3.2970000000,72.0548629761
3.2980000000,74.6870040894
3.2990000000,72.7486610413
3.3000000000,67.1124458313
3.3010000000,60.6822967529
3.3020000000,48.4371185303
3.3030000000,36.6926193237
3.3040000000,21.8725204468
3.3050000000,5.8794021606
3.3060000000,-9.1767311096
3.3070000000,-23.7536430359
3.3080000000,-37.3291969299
3.3090000000,-48.6087799072
3.3100000000,-60.7466697693
3.3110000000,-67.4772262573
3.3120000000,-73.1277465820
3.3130000000,-75.5953788757
3.3140000000,-72.7486610413
3.3150000000,-69.9877738953
3.3160000000,-60.6679916382
3.3170000000,-51.4912605286
3.3180000000,-37.7869606018
3.3190000000,-23.1814384460
3.3200000000,-8.3327293396
3.3210000000,7.1883201599
3.3220000000,20.9140777588
3.3230000000,35.2478027344
3.3240000000,48.2869148254
3.3250000000,58.4220886230
3.3260000000,66.9193267822
3.3270000000,70.8746910095
3.3280000000,74.5654106140
3.3290000000,72.3981857300
3.3300000000,69.0865516663
3.3310000000,61.5692138672
3.3320000000,51.2695312500
3.3330000000,37.5652313232
3.3340000000,24.9338150024
3.3350000000,8.4257125854
3.3360000000,-7.1811676025
3.3370000000,-22.1800804138
3.3380000000,-35.0904464722
3.3390000000,-47.4929809570
3.3400000000,-59.8740577698
3.3410000000,-66.5259361267
3.3420000000,-73.1348991394
3.3430000000,-75.4308700562
3.3440000000,-73.0705261230
3.3450000000,-70.1665878296
3.3460000000,-61.3117218018
3.3470000000,-52.1278381348
3.3480000000,-37.8084182739
3.3490000000,-23.8537788391
3.3500000000,-8.7618827820
3.3510000000,6.9165229797
3.3520000000,21.1501121521
3.3530000000,35.0332260132
3.3540000000,47.7790832520
3.3550000000,58.8083267212
3.3560000000,66.6618347168
3.3570000000,70.9605216980
3.3580000000,74.5081901550
3.3590000000,71.3753700256
3.3600000000,69.0078735352
3.3610000000,60.4534149170
3.3620000000,50.2252578735
3.3630000000,36.4136695862
3.3640000000,22.2873687744
3.3650000000,7.0667266846
3.3660000000,-9.2911720276
3.3670000000,-22.9096412659
3.3680000000,-37.5437736511
3.3690000000,-50.0750541687
3.3700000000,-61.0041618347
3.3710000000,-69.2725181580
3.3720000000,-71.9261169434
3.3730000000,-75.9100914001
3.3740000000,-72.8344917297
3.3750000000,-68.5358047485
3.3760000000,-60.0671768188
3.3770000000,-47.5931167603
3.3780000000,-34.8258018494
3.3790000000,-20.7424163818
3.3800000000,-4.8995018005
3.3810000000,10.8575820923
3.3820000000,25.6633758545
3.3830000000,38.4593009949
3.3840000000,51.3410568237
3.3850000000,60.9612464905
3.3860000000,68.7003135681
3.3870000000,71.6900825500
3.3880000000,73.8430023193
3.3890000000,71.1894035339
3.3900000000,66.2326812744
3.3910000000,57.3992729187
3.3920000000,45.3186035156
3.3930000000,31.0349464417
3.3940000000,16.2649154663
3.3950000000,1.0728836060
3.3960000000,-13.8401985168
3.3970000000,-28.6746025085
3.3980000000,-42.8009033203
3.3990000000,-55.5896759033
3.4000000000,-63.5647773743
3.4010000000,-71.5112686157
3.4020000000,-74.8443603516
3.4030000000,-73.7500190735
3.4040000000,-71.9976425171
3.4050000000,-63.9367103577
3.4060000000,-55.4895401001
3.4070000000,-41.2845611572
3.4080000000,-28.5243988037
3.4090000000,-12.9818916321
3.4100000000,3.6978721619
3.4110000000,18.5465812683
3.4120000000,32.3581695557
3.4130000000,45.1755523682
3.4140000000,57.2776794434
3.4150000000,64.7306442261
3.4160000000,71.3253021240
3.4170000000,73.7071037292
3.4180000000,72.2622871399
3.4190000000,69.1652297974
3.4200000000,60.2960586548
3.4210000000,50.8546829224
3.4220000000,36.7355346680
3.4230000000,21.7580795288
3.4240000000,6.4301490784
3.4250000000,-9.2196464539
3.4260000000,-23.8037109375
3.4270000000,-38.4736061096
3.4280000000,-51.5413284302
3.4290000000,-60.9183311462
3.4300000000,-69.6659088135
3.4310000000,-73.8644599915
3.4320000000,-73.8787651062
3.4330000000,-73.1849670410
3.4340000000,-66.4043426514
3.4350000000,-58.0716133118
3.4360000000,-44.9252128601
3.4370000000,-32.1578979492
3.4380000000,-16.5867805481
3.4390000000,-0.3862380981
3.4400000000,14.6484375000
3.4410000000,29.7760963440
3.4420000000,42.6650047302
3.4430000000,54.0518760681
3.4440000000,64.1727447510
3.4450000000,70.6171989441
3.4460000000,72.0906257629
3.4470000000,73.5211372375
3.4480000000,69.1366195679
3.4490000000,62.7708435059
3.4500000000,51.3410568237
3.4510000000,39.2961502075
3.4520000000,23.8680839539
3.4530000000,7.9107284546
3.4540000000,-7.7319145203
3.4550000000,-22.7594375610
3.4560000000,-37.5938415527
3.4570000000,-50.1036643982
3.4580000000,-60.3389739990
3.4590000000,-69.1080093384
3.4600000000,-73.8286972046
3.4610000000,-73.4996795654
3.4620000000,-73.1778144836
3.4630000000,-66.4973258972
3.4640000000,-58.2790374756
3.4650000000,-45.0754165649
3.4660000000,-32.5083732605
3.4670000000,-16.0145759583
3.4680000000,-0.2145767212
3.4690000000,14.4124031067
3.4700000000,30.0478935242
3.4710000000,42.8080558777
3.4720000000,54.1377067566
3.4730000000,64.3587112427
3.4740000000,70.3454017639
3.4750000000,72.1764564514
3.4760000000,73.1921195984
3.4770000000,67.5129890442
3.4780000000,61.6192817688
3.4790000000,49.8175621033
3.4800000000,37.6439094543
3.4810000000,21.4648246765
3.4820000000,5.7220458984
3.4830000000,-9.9134445190
3.4840000000,-24.9195098877
3.4850000000,-40.4191017151
3.4860000000,-51.2695312500
3.4870000000,-63.2143020630
3.4880000000,-68.8290596008
3.4890000000,-74.1291046143
3.4900000000,-75.0875473022
3.4910000000,-71.0248947144
3.4920000000,-65.9036636353
3.4930000000,-54.5096397400
3.4940000000,-43.1013107300
3.4950000000,-28.2239913940
3.4960000000,-11.9519233704
3.4970000000,3.9839744568
3.4980000000,18.4893608093
3.4990000000,34.1606140137
3.5000000000,45.8478927612
3.5010000000,57.0416450500
3.5020000000,66.4258003235
3.5030000000,71.3610649109
3.5040000000,72.1907615662
3.5050000000,72.1478462219
3.5060000000,65.5746459961
3.5070000000,58.3076477051
3.5080000000,45.5617904663
3.5090000000,32.2937965393
3.5100000000,16.1933898926
3.5110000000,-0.4076957703
3.5120000000,-15.8357620239
3.5130000000,-31.3282012939
3.5140000000,-44.5103645325
3.5150000000,-56.5338134766
3.5160000000,-65.6962394714
3.5170000000,-72.3910331726
3.5180000000,-73.3923912048
3.5190000000,-74.0933418274
3.5200000000,-69.7660446167
3.5210000000,-61.1329078674
3.5220000000,-49.7460365295
3.5230000000,-36.0488891602
3.5240000000,-20.6708908081
3.5250000000,-4.6634674072
3.5260000000,11.1079216003
3.5270000000,25.4487991333
3.5280000000,40.6908988953
3.5290000000,52.1492958069
3.5300000000,62.0341300964
3.5310000000,69.0007209778
3.5320000000,72.3409652710
3.5330000000,71.7186927795
3.5340000000,69.3869590759
3.5350000000,61.6621971130
3.5360000000,51.4268875122
3.5370000000,36.9071960449
3.5380000000,22.5019454956
3.5390000000,6.5732002258
3.5400000000,-10.4856491089
3.5410000000,-24.3902206421
3.5420000000,-39.6323204041
3.5430000000,-53.2221794128
3.5440000000,-61.9840621948
3.5450000000,-70.8675384521
3.5460000000,-72.5769996643
3.5470000000,-74.7942924500
3.5480000000,-71.4969635010
3.5490000000,-63.5218620300
3.5500000000,-54.1591644287
3.5510000000,-39.5250320435
3.5520000000,-25.3343582153
3.5530000000,-9.1481208801
3.5540000000,6.7591667175
3.5550000000,21.8582153320
3.5560000000,35.9916687012
3.5570000000,50.1465797424
3.5580000000,59.5164299011
3.5590000000,68.1209564209
3.5600000000,71.4612007141
3.5610000000,73.1420516968
3.5620000000,70.2381134033
3.5630000000,63.1356239319
3.5640000000,54.0304183960
3.5650000000,39.8540496826
3.5660000000,25.0983238220
3.5670000000,8.8691711426
3.5680000000,-7.3170661926
3.5690000000,-22.5377082825
3.5700000000,-37.7297401428
3.5710000000,-51.8846511841
3.5720000000,-60.9683990479
3.5730000000,-70.3239440918
3.5740000000,-72.7701187134
3.5750000000,-74.9015808105
3.5760000000,-72.1836090088
3.5770000000,-64.1655921936
3.5780000000,-55.3607940674
3.5790000000,-40.7767295837
3.5800000000,-26.5359878540
3.5810000000,-10.7359886169
3.5820000000,5.9294700623
3.5830000000,20.5063819885
3.5840000000,35.6626510620
3.5850000000,49.3311882019
3.5860000000,59.3590736389
3.5870000000,67.9850578308
3.5880000000,71.1679458618
3.5890000000,73.1778144836
3.5900000000,69.6802139282
3.5910000000,63.4288787842
3.5920000000,52.9360771179
3.5930000000,40.0829315186
3.5940000000,24.4402885437
3.5950000000,8.1896781921
3.5960000000,-8.3899497986
3.5970000000,-23.6105918884
3.5980000000,-39.3104553223
3.5990000000,-51.3839721680
3.6000000000,-62.7422332764
3.6010000000,-69.9663162231
3.6020000000,-74.3508338928
3.6030000000,-73.5425949097
3.6040000000,-71.7329978943
3.6050000000,-64.0368461609
3.6060000000,-52.7000427246
3.6070000000,-39.4105911255
3.6080000000,-24.8837471008
3.6090000000,-8.5616111755
3.6100000000,8.7118148804
3.6110000000,23.5819816589
3.6120000000,37.5008583069
3.6130000000,49.4170188904
3.6140000000,61.8696212769
3.6150000000,68.7861442566
3.6160000000,71.7329978943
3.6170000000,72.3838806152
3.6180000000,67.7347183228
3.6190000000,62.9138946533
3.6200000000,49.0736961365
3.6210000000,37.9729270935
3.6220000000,20.3776359558
3.6230000000,3.5762786865
3.6240000000,-12.2594833374
3.6250000000,-28.0880928040
3.6260000000,-42.1929359436
3.6270000000,-54.7885894775
3.6280000000,-65.3600692749
3.6290000000,-71.3467597961
3.6300000000,-74.4795799255
3.6310000000,-74.3865966797
3.6320000000,-69.0293312073
3.6330000000,-61.6979598999
3.6340000000,-49.1595268250
3.6350000000,-36.0345840454
3.6360000000,-18.9900398254
3.6370000000,-2.9897689819
3.6380000000,12.5956535339
3.6390000000,29.4470787048
3.6400000000,42.5505638123
3.6410000000,53.4152984619
3.6420000000,64.7950172424
3.6430000000,70.5313682556
3.6440000000,71.6185569763
3.6450000000,71.8045234680
3.6460000000,65.0954246521
3.6470000000,57.7425956726
3.6480000000,44.2814826965
3.6490000000,29.4399261475
3.6500000000,14.1549110413
3.6510000000,-3.6263465881
3.6520000000,-19.7839736938
3.6530000000,-33.7529182434
3.6540000000,-48.5444068909
3.6550000000,-60.0671768188
3.6560000000,-68.0065155029
3.6570000000,-73.5139846802
3.6580000000,-74.7656822205
3.6590000000,-70.9819793701
3.6600000000,-65.0596618652
3.6610000000,-54.7027587891
3.6620000000,-42.4075126648
3.6630000000,-24.5904922485
3.6640000000,-9.6487998962
3.6650000000,6.4730644226
3.6660000000,21.1787223816
3.6670000000,37.5151634216
3.6680000000,50.2896308899
3.6690000000,60.1029396057
3.6700000000,68.4499740601
3.6710000000,72.7415084839
3.6720000000,71.0892677307
3.6730000000,68.7646865845
3.6740000000,60.0528717041
3.6750000000,50.4040718079
3.6760000000,34.6541404724
3.6770000000,18.6181068420
3.6780000000,2.2459030151
3.6790000000,-13.5040283203
3.6800000000,-29.2897224426
3.6810000000,-45.0968742371
3.6820000000,-56.6983222961
3.6830000000,-65.9394264221
3.6840000000,-72.4124908447
3.6850000000,-74.5439529419
3.6860000000,-72.2694396973
3.6870000000,-67.3699378967
3.6880000000,-57.6424598694
3.6890000000,-45.2685356140
3.6900000000,-29.3397903442
3.6910000000,-13.6041641235
3.6920000000,3.3044815063
3.6930000000,18.6109542847
3.6940000000,33.2808494568
3.6950000000,48.5229492188
3.6960000000,58.0286979675
3.6970000000,67.5129890442
3.6980000000,71.0463523865
3.6990000000,72.5340843201
3.7000000000,69.5586204529
3.7010000000,61.2258911133
3.7020000000,51.3410568237
3.7030000000,36.7999076843
3.7040000000,21.0857391357
3.7050000000,3.9410591125
3.7060000000,-12.4311447144
3.7070000000,-27.9521942139
3.7080000000,-44.4746017456
3.7090000000,-54.5525550842
3.7100000000,-66.1826133728
3.7110000000,-70.8746910095
3.7120000000,-74.8658180237
3.7130000000,-73.0490684509
3.7140000000,-67.2841072083
3.7150000000,-59.0229034424
3.7160000000,-44.6820259094
3.7170000000,-30.2481651306
3.7180000000,-14.4124031067
3.7190000000,2.5463104248
3.7200000000,17.7025794983
3.7210000000,33.1950187683
3.7220000000,47.9006767273
3.7230000000,57.9786300659
3.7240000000,67.2125816345
3.7250000000,70.9176063538
3.7260000000,71.9118118286
3.7270000000,67.4414634705
3.7280000000,60.9397888184
3.7290000000,49.5958328247
3.7300000000,36.4708900452
3.7310000000,18.4321403503
3.7320000000,1.1944770813
3.7330000000,-15.2063369751
3.7340000000,-32.0506095886
3.7350000000,-44.9824333191
3.7360000000,-56.8127632141
3.7370000000,-67.0981407166
3.7380000000,-72.9274749756
3.7390000000,-73.1563568115
3.7400000000,-72.4911689758
3.7410000000,-65.1597976685
3.7420000000,-55.6898117065
3.7430000000,-41.5921211243
3.7440000000,-27.5588035583
3.7450000000,-10.4427337646
3.7460000000,6.8664550781
3.7470000000,22.2086906433
3.7480000000,36.6640090942
3.7490000000,50.2896308899
3.7500000000,61.7051124573
3.7510000000,68.6645507813
3.7520000000,72.1764564514
3.7530000000,71.7973709106
3.7540000000,66.1969184875
3.7550000000,58.3004951477
3.7560000000,45.3042984009
3.7570000000,30.1766395569
3.7580000000,14.2264366150
3.7590000000,-3.9768218994
3.7600000000,-20.5206871033
3.7610000000,-35.1977348328
3.7620000000,-49.7674942017
3.7630000000,-61.4333152771
3.7640000000,-69.7803497314
3.7650000000,-73.2851028442
3.7660000000,-74.8515129089
3.7670000000,-70.2810287476
3.7680000000,-63.4431838989
3.7690000000,-50.9405136108
3.7700000000,-37.4436378479
3.7710000000,-20.1988220215
3.7720000000,-3.5762786865
3.7730000000,12.5312805176
3.7740000000,28.0237197876
3.7750000000,42.9511070251
3.7760000000,54.3594360352
3.7770000000,64.6376609802
3.7780000000,69.9162483215
3.7790000000,71.6829299927
3.7800000000,69.8590278625
3.7810000000,62.7136230469
3.7820000000,52.9932975769
3.7830000000,38.8455390930
3.7840000000,22.3517417908
3.7850000000,5.6648254395
3.7860000000,-11.1365318298
3.7870000000,-27.3156166077
3.7880000000,-43.0727005005
3.7890000000,-54.7671318054
3.7900000000,-65.3815269470
3.7910000000,-71.8617439270
3.7920000000,-74.2650032043
3.7930000000,-71.7258453369
3.7940000000,-66.6832923889
3.7950000000,-56.7412376404
3.7960000000,-43.7951087952
3.7970000000,-27.0152091980
3.7980000000,-10.9934806824
3.7990000000,5.5718421936
3.8000000000,20.8783149719
3.8010000000,36.2491607666
3.8020000000,50.7688522339
3.8030000000,60.0171089172
3.8040000000,68.6645507813
3.8050000000,71.4683532715
3.8060000000,70.5599784851
3.8070000000,66.4114952087
3.8080000000,56.3335418701
3.8090000000,44.5961952209
3.8100000000,28.5243988037
3.8110000000,11.1722946167
3.8120000000,-5.8937072754
3.8130000000,-21.5363502502
3.8140000000,-38.5308265686
3.8150000000,-51.0764122009
3.8160000000,-62.6778602600
3.8170000000,-69.3225860596
3.8180000000,-74.0718841553
3.8190000000,-72.8774070740
3.8200000000,-69.1509246826
3.8210000000,-60.2459907532
3.8220000000,-47.1067428589
3.8230000000,-32.0005416870
3.8240000000,-15.9502029419
3.8250000000,1.1372566223
3.8260000000,17.1589851379
3.8270000000,32.2151184082
3.8280000000,46.8206405640
3.8290000000,58.2647323608
3.8300000000,66.7834281921
3.8310000000,70.8317756653
3.8320000000,71.0606575012
3.8330000000,66.5259361267
3.8340000000,59.4091415405
3.8350000000,46.3843345642
3.8360000000,31.9075584412
3.8370000000,15.1276588440
3.8380000000,-2.5463104248
3.8390000000,-19.6266174316
3.8400000000,-34.7471237183
3.8410000000,-48.7804412842
3.8420000000,-61.7051124573
3.8430000000,-68.6359405518
3.8440000000,-73.4210014343
3.8450000000,-74.3079185486
3.8460000000,-68.7646865845
3.8470000000,-61.7980957031
3.8480000000,-48.1581687927
3.8490000000,-34.1033935547
3.8500000000,-18.2461738586
3.8510000000,-0.5650520325
3.8520000000,16.2792205811
3.8530000000,31.2709808350
3.8540000000,44.9037551880
3.8550000000,58.3577156067
3.8560000000,65.7248497009
3.8570000000,71.3396072388
3.8580000000,70.0235366821
3.8590000000,68.4142112732
3.8600000000,59.2660903931
3.8610000000,47.0566749573
3.8620000000,31.5356254578
3.8630000000,14.8987770081
3.8640000000,-2.1457672119
3.8650000000,-18.7611579895
3.8660000000,-34.8043441772
3.8670000000,-50.6973266602
3.8680000000,-60.5607032776
3.8690000000,-69.8590278625
3.8700000000,-72.9703903198
3.8710000000,-73.2350349426
3.8720000000,-69.8089599609
3.8730000000,-60.0743293762
3.8740000000,-47.7218627930
3.8750000000,-33.3666801453
3.8760000000,-15.6998634338
3.8770000000,0.9083747864
3.8780000000,16.5224075317
3.8790000000,32.9804420471
3.8800000000,46.4701652527
3.8810000000,57.4922561646
3.8820000000,67.2054290771
3.8830000000,70.8246231079
3.8840000000,70.1594352722
3.8850000000,66.8191909790
3.8860000000,56.5338134766
3.8870000000,45.4831123352
3.8880000000,28.4385681152
3.8890000000,11.1293792725
3.8900000000,-6.1154365540
3.8910000000,-21.8582153320
3.8920000000,-39.5035743713
3.8930000000,-51.8202781677
3.8940000000,-63.5361671448
3.8950000000,-69.6730613708
3.8960000000,-73.9932060242
3.8970000000,-72.3409652710
3.8980000000,-67.8348541260
3.8990000000,-57.2776794434
3.9000000000,-44.6677207947
3.9010000000,-28.1238555908
3.9020000000,-11.3010406494
3.9030000000,5.2642822266
3.9040000000,20.9784507751
3.9050000000,36.2777709961
3.9060000000,51.8703460693
3.9070000000,59.6952438354
3.9080000000,69.2510604858
3.9090000000,70.1522827148
3.9100000000,69.7445869446
3.9110000000,64.5732879639
3.9120000000,53.9159774780
3.9130000000,39.7753715515
3.9140000000,25.0267982483
3.9150000000,5.3429603577
3.9160000000,-12.1164321899
3.9170000000,-28.7818908691
3.9180000000,-42.4504280090
3.9190000000,-56.6196441650
3.9200000000,-65.4101371765
3.9210000000,-72.8201866150
3.9220000000,-73.3137130737
3.9230000000,-71.7473030090
3.9240000000,-64.6233558655
3.9250000000,-51.8774986267
3.9260000000,-38.5308265686
3.9270000000,-22.9883193970
3.9280000000,-5.5289268494
3.9290000000,11.9876861572
3.9300000000,27.2440910339
3.9310000000,41.4419174194
3.9320000000,56.2834739685
3.9330000000,63.7936592102
3.9340000000,70.1665878296
3.9350000000,69.6802139282
3.9360000000,67.8849220276
3.9370000000,59.3948364258
3.9380000000,48.2583045959
3.9390000000,31.6929817200
3.9400000000,14.9059295654
3.9410000000,-2.2673606873
3.9420000000,-18.7897682190
3.9430000000,-35.4051589966
3.9440000000,-51.6557693481
3.9450000000,-60.3532791138
3.9460000000,-70.5170631409
3.9470000000,-72.9560852051
3.9480000000,-73.0133056641
3.9490000000,-68.7289237976
3.9500000000,-57.3778152466
3.9510000000,-45.5188751221
3.9520000000,-29.5758247375
3.9530000000,-11.8088722229
3.9540000000,4.8208236694
3.9550000000,20.3704833984
3.9560000000,37.8012657166
3.9570000000,49.6816635132
3.9580000000,61.3760948181
3.9590000000,67.7204132080
3.9600000000,70.9247589111
3.9610000000,68.5572624207
3.9620000000,63.5433197021
3.9630000000,50.8975982666
3.9640000000,39.2746925354
3.9650000000,20.5993652344
3.9660000000,3.0469894409
3.9670000000,-13.8330459595
3.9680000000,-30.8990478516
3.9690000000,-46.3342666626
3.9700000000,-57.4779510498
3.9710000000,-67.9993629456
3.9720000000,-72.8130340576
3.9730000000,-72.8416442871
3.9740000000,-70.0592994690
3.9750000000,-60.0743293762
3.9760000000,-49.9033927917
3.9770000000,-32.0363044739
3.9780000000,-15.8071517944
3.9790000000,1.0228157043
3.9800000000,17.1089172363
3.9810000000,32.3867797852
3.9820000000,49.3311882019
3.9830000000,57.6066970825
3.9840000000,67.6703453064
3.9850000000,69.6158409119
3.9860000000,69.8661804199
3.9870000000,64.5232200623
3.9880000000,54.3022155762
3.9890000000,39.6037101746
3.9900000000,24.9981880188
3.9910000000,5.8293342590
3.9920000000,-11.9662284851
3.9930000000,-28.6889076233
3.9940000000,-43.1942939758
3.9950000000,-57.9428672791
3.9960000000,-65.9751892090
3.9970000000,-73.1062889099
3.9980000000,-72.9203224182
3.9990000000,-70.6529617310
4.0000000000,-62.9138946533
4.0010000000,-49.5243072510
4.0020000000,-34.3537330627
4.0030000000,-18.3463096619
4.0040000000,-0.6508827209
4.0050000000,16.1004066467
4.0060000000,31.4569473267
4.0070000000,45.9122657776
4.0080000000,59.3519210815
4.0090000000,65.9322738647
4.0100000000,70.7387924194
4.0110000000,69.4012641907
4.0120000000,63.8651847839
4.0130000000,55.2678108215
4.0140000000,40.3475761414
4.0150000000,23.3745574951
4.0160000000,5.7864189148
4.0170000000,-11.3224983215
4.0180000000,-27.6732444763
4.0190000000,-44.3673133850
4.0200000000,-56.9558143616
4.0210000000,-66.5974617004
4.0220000000,-72.3052024841
4.0230000000,-73.0061531067
4.0240000000,-69.4227218628
4.0250000000,-61.9196891785
4.0260000000,-47.9650497437
4.0270000000,-34.9402427673
4.0280000000,-16.3364410400
4.0290000000,0.8225440979
4.0300000000,17.2233581543
4.0310000000,34.1677665710
4.0320000000,46.7562675476
4.0330000000,59.4878196716
4.0340000000,66.4687156677
4.0350000000,70.6315040588
4.0360000000,68.1209564209
4.0370000000,63.9081001282
4.0380000000,52.1564483643
4.0390000000,39.7968292236
4.0400000000,21.0499763489
4.0410000000,3.0398368835
4.0420000000,-13.8330459595
4.0430000000,-31.1994552612
4.0440000000,-46.8206405640
4.0450000000,-57.9285621643
4.0460000000,-68.2210922241
4.0470000000,-72.9489326477
4.0480000000,-72.2765922546
4.0490000000,-69.2582130432
4.0500000000,-58.0501556396
4.0510000000,-47.3856925964
4.0520000000,-28.8891792297
4.0530000000,-12.1665000916
4.0540000000,4.7063827515
4.0550000000,20.3490257263
4.0560000000,37.3435020447
4.0570000000,50.9548187256
4.0580000000,60.3818893433
4.0590000000,68.7718391418
4.0600000000,69.8018074036
4.0610000000,67.1195983887
4.0620000000,61.0756874084
4.0630000000,47.8291511536
4.0640000000,33.3166122437
4.0650000000,16.7512893677
4.0660000000,-2.1743774414
4.0670000000,-20.0128555298
4.0680000000,-35.0975990295
4.0690000000,-50.3468513489
4.0700000000,-62.9210472107
4.0710000000,-69.6229934692
4.0720000000,-73.5211372375
4.0730000000,-72.1549987793
4.0740000000,-65.1025772095
4.0750000000,-55.5753707886
4.0760000000,-39.6609306335
4.0770000000,-23.2028961182
4.0780000000,-6.3228607178
4.0790000000,10.8718872070
4.0800000000,26.5645980835
4.0810000000,41.7566299438
4.0820000000,56.2477111816
4.0830000000,63.5862350464
4.0840000000,69.8518753052
4.0850000000,69.4084167480
4.0860000000,64.9166107178
4.0870000000,55.9473037720
4.0880000000,42.0570373535
4.0890000000,25.3057479858
4.0900000000,7.3671340942
4.0910000000,-10.1137161255
4.0920000000,-26.9222259521
4.0930000000,-43.5733795166
4.0940000000,-56.0760498047
4.0950000000,-66.5402412415
4.0960000000,-72.0262527466
4.0970000000,-73.2493400574
4.0980000000,-68.4857368469
4.0990000000,-61.3045692444
4.1000000000,-47.0137596130
4.1010000000,-32.7229499817
4.1020000000,-14.5554542542
4.1030000000,3.1042098999
4.1040000000,19.9770927429
4.1050000000,35.5195999146
4.1060000000,49.1809844971
4.1070000000,61.2401962280
4.1080000000,66.5616989136
4.1090000000,70.2953338623
4.1100000000,67.5058364868
4.1110000000,60.2746009827
4.1120000000,47.3856925964
4.1130000000,33.7243080139
4.1140000000,14.7986412048
4.1150000000,-3.3044815063
4.1160000000,-20.3919410706
4.1170000000,-37.9157066345
4.1180000000,-50.7259368896
4.1190000000,-63.5790824890
4.1200000000,-69.0364837646
4.1210000000,-73.8286972046
4.1220000000,-70.2524185181
4.1230000000,-64.5017623901
4.1240000000,-52.0777702332
4.1250000000,-37.6653671265
4.1260000000,-20.0200080872
4.1270000000,-2.9397010803
4.1280000000,13.4754180908
4.1290000000,29.3684005737
4.1300000000,46.6203689575
4.1310000000,56.6267967224
4.1320000000,66.7047500610
4.1330000000,68.8076019287
4.1340000000,68.7718391418
4.1350000000,63.3645057678
4.1360000000,51.5985488892
4.1370000000,36.5567207336
4.1380000000,20.3061103821
4.1390000000,1.9311904907
4.1400000000,-16.0074234009
4.1410000000,-31.6858291626
4.1420000000,-48.1581687927
4.1430000000,-60.3961944580
4.1440000000,-68.1209564209
4.1450000000,-72.5626945496
4.1460000000,-71.7258453369
4.1470000000,-64.9595260620
4.1480000000,-55.4251670837
4.1490000000,-39.2889976501
4.1500000000,-23.1671333313
4.1510000000,-5.6290626526
4.1520000000,11.0435485840
4.1530000000,27.4085998535
4.1540000000,42.4933433533
4.1550000000,56.7269325256
4.1560000000,64.7735595703
4.1570000000,69.8447227478
4.1580000000,68.9721107483
4.1590000000,63.5933876038
4.1600000000,54.2664527893
4.1610000000,39.0958786011
4.1620000000,21.4791297913
4.1630000000,3.7765502930
4.1640000000,-13.3824348450
4.1650000000,-30.4627418518
4.1660000000,-48.1081008911
4.1670000000,-58.1359863281
4.1680000000,-68.7432289124
4.1690000000,-71.2823867798
4.1700000000,-72.0977783203
4.1710000000,-66.1540031433
4.1720000000,-55.5968284607
4.1730000000,-41.0270690918
4.1740000000,-25.2628326416
4.1750000000,-7.3385238647
4.1760000000,10.7932090759
4.1770000000,26.6075134277
4.1780000000,41.9282913208
4.1790000000,55.6325912476
4.1800000000,64.4016265869
4.1810000000,70.4169273376
4.1820000000,67.4629211426
4.1830000000,64.7521018982
4.1840000000,53.0934333801
4.1850000000,39.9756431580
4.1860000000,21.6078758240
4.1870000000,3.1900405884
4.1880000000,-13.9975547791
4.1890000000,-31.7788124084
4.1900000000,-47.0566749573
4.1910000000,-59.4091415405
4.1920000000,-68.1996345520
4.1930000000,-72.9417800903
4.1940000000,-70.4097747803
4.1950000000,-66.4258003235
4.1960000000,-53.4796714783
4.1970000000,-41.0699844360
4.1980000000,-22.6521492004
4.1990000000,-5.0997734070
4.2000000000,11.6443634033
4.2010000000,28.5458564758
4.2020000000,43.9524650574
4.2030000000,55.0532341003
4.2040000000,66.3471221924
4.2050000000,69.2510604858
4.2060000000,67.8420066833
4.2070000000,62.9639625549
4.2080000000,51.2194633484
4.2090000000,35.6841087341
4.2100000000,19.8841094971
4.2110000000,0.4148483276
4.2120000000,-17.7812576294
4.2130000000,-33.1449508667
4.2140000000,-49.0736961365
4.2150000000,-62.2129440308
4.2160000000,-68.6001777649
4.2170000000,-72.6556777954
4.2180000000,-70.6243515015
4.2190000000,-63.0569458008
4.2200000000,-51.9061088562
4.2210000000,-35.4480743408
4.2220000000,-19.0472602844
4.2230000000,-1.4305114746
4.2240000000,15.1133537292
4.2250000000,31.2137603760
4.2260000000,47.5072860718
4.2270000000,57.7282905579
4.2280000000,67.0838356018
4.2290000000,67.7776336670
4.2300000000,67.6202774048
4.2310000000,59.0658187866
4.2320000000,48.2010841370
4.2330000000,30.9848785400
4.2340000000,13.0176544189
4.2350000000,-5.5003166199
4.2360000000,-22.3731994629
4.2370000000,-39.4105911255
4.2380000000,-54.5382499695
4.2390000000,-64.1369819641
4.2400000000,-71.7043876648
4.2410000000,-72.6342201233
4.2420000000,-68.4356689453
4.2430000000,-61.1257553101
4.2440000000,-46.1769104004
4.2450000000,-30.5128097534
4.2460000000,-13.0462646484
4.2470000000,4.7135353088
4.2480000000,20.9140777588
4.2490000000,36.7999076843
4.2500000000,50.5971908569
4.2510000000,61.7980957031
4.2520000000,67.4200057983
4.2530000000,67.2841072083
4.2540000000,64.4874572754
4.2550000000,53.9731979370
4.2560000000,40.4047966003
4.2570000000,23.8108634949
4.2580000000,4.8708915710
4.2590000000,-13.3180618286
4.2600000000,-30.9705734253
4.2610000000,-45.3042984009
4.2620000000,-59.2732429504
4.2630000000,-67.6560401917
4.2640000000,-72.7915763855
4.2650000000,-70.4240798950
4.2660000000,-66.0181045532
4.2670000000,-53.3223152161
4.2680000000,-40.4405593872
4.2690000000,-21.8582153320
4.2700000000,-4.3487548828
4.2710000000,12.1164321899
4.2720000000,28.2955169678
4.2730000000,45.1898574829
4.2740000000,55.1176071167
4.2750000000,65.8106803894
4.2760000000,67.3699378967
4.2770000000,66.2255287170
4.2780000000,59.9455833435
4.2790000000,47.3284721375
4.2800000000,31.0707092285
4.2810000000,12.9246711731
4.2820000000,-5.1426887512
4.2830000000,-21.8439102173
4.2840000000,-39.6680831909
4.2850000000,-55.3464889526
4.2860000000,-63.9796257019
4.2870000000,-71.9332695007
4.2880000000,-72.1621513367
4.2890000000,-68.8290596008
4.2900000000,-60.2245330811
4.2910000000,-44.9323654175
4.2920000000,-28.3885002136
4.2930000000,-11.4941596985
4.2940000000,6.3943862915
4.2950000000,21.9368934631
4.2960000000,38.6166572571
4.2970000000,53.5511970520
4.2980000000,61.5835189819
4.2990000000,68.2997703552
4.3000000000,66.1253929138
4.3010000000,63.1427764893
4.3020000000,51.3339042664
4.3030000000,37.6653671265
4.3040000000,19.3190574646
4.3050000000,0.8082389832
4.3060000000,-16.8728828430
4.3070000000,-35.0046157837
4.3080000000,-49.6315956116
4.3090000000,-61.9840621948
4.3100000000,-69.2868232727
4.3110000000,-72.8845596313
4.3120000000,-69.1008567810
4.3130000000,-62.5562667847
4.3140000000,-49.1952896118
4.3150000000,-34.1248512268
4.3160000000,-15.4495239258
4.3170000000,2.0170211792
4.3180000000,18.0816650391
4.3190000000,34.6255302429
4.3200000000,48.3655929565
4.3210000000,60.4534149170
4.3220000000,66.0395622253
4.3230000000,68.4571266174
4.3240000000,62.4704360962
4.3250000000,56.1690330505
4.3260000000,39.7682189941
4.3270000000,23.1671333313
4.3280000000,5.2356719971
4.3290000000,-12.5098228455
4.3300000000,-30.5914878845
4.3310000000,-46.3843345642
4.3320000000,-59.5307350159
4.3330000000,-67.8277015686
4.3340000000,-71.6400146484
4.3350000000,-71.1607933044
4.3360000000,-62.7493858337
4.3370000000,-53.0004501343
4.3380000000,-35.0403785706
4.3390000000,-18.9042091370
4.3400000000,-0.8511543274
4.3410000000,15.7213211060
4.3420000000,31.9504737854
4.3430000000,47.9936599731
4.3440000000,58.2146644592
4.3450000000,66.6260719299
4.3460000000,66.5688514709
4.3470000000,65.0882720947
4.3480000000,55.0103187561
4.3490000000,43.1370735168
4.3500000000,24.3401527405
4.3510000000,6.3800811768
4.3520000000,-11.4941596985
4.3530000000,-28.5172462463
4.3540000000,-46.8778610229
4.3550000000,-57.6496124268
4.3560000000,-67.9278373718
4.3570000000,-71.3896751404
4.3580000000,-69.8518753052
4.3590000000,-65.0095939636
4.3600000000,-51.0692596436
4.3610000000,-36.1061096191
4.3620000000,-19.5050239563
4.3630000000,-1.1372566223
4.3640000000,15.8786773682
4.3650000000,31.6786766052
4.3660000000,47.2211837769
4.3670000000,59.1015815735
4.3680000000,64.8665428162
4.3690000000,68.3426856995
4.3700000000,62.8352165222
4.3710000000,55.6826591492
4.3720000000,40.3261184692
4.3730000000,24.0683555603
4.3740000000,5.6791305542
4.3750000000,-13.4253501892
4.3760000000,-29.5257568359
4.3770000000,-46.1053848267
4.3780000000,-60.3032112122
4.3790000000,-67.5487518311
4.3800000000,-71.8617439270
4.3810000000,-70.1522827148
4.3820000000,-62.4561309814
4.3830000000,-50.6830215454
4.3840000000,-34.5110893250
4.3850000000,-16.6654586792
4.3860000000,1.1086463928
4.3870000000,17.3521041870
4.3880000000,34.1248512268
4.3890000000,48.8734245300
4.3900000000,59.2303276062
4.3910000000,66.6975975037
4.3920000000,67.1553611755
4.3930000000,62.2773170471
4.3940000000,53.3223152161
4.3950000000,38.1731987000
4.3960000000,20.6995010376
4.3970000000,2.1743774414
4.3980000000,-15.7713890076
4.3990000000,-32.9518318176
4.4000000000,-49.9963760376
4.4010000000,-60.6966018677
4.4020000000,-70.1236724854
4.4030000000,-71.6471672058
4.4040000000,-68.7146186829
4.4050000000,-61.9411468506
4.4060000000,-46.4057922363
4.4070000000,-30.4627418518
4.4080000000,-13.1678581238
4.4090000000,4.9924850464
4.4100000000,20.7352638245
4.4110000000,37.7154350281
4.4120000000,52.3996353149
4.4130000000,61.1686706543
4.4140000000,67.8420066833
4.4150000000,64.8808479309
4.4160000000,61.6192817688
4.4170000000,48.6087799072
4.4180000000,33.4453582764
4.4190000000,15.2778625488
4.4200000000,-3.8838386536
4.4210000000,-21.9368934631
4.4220000000,-38.2661819458
4.4230000000,-53.7943840027
4.4240000000,-64.8593902588
4.4250000000,-71.7115402222
4.4260000000,-71.0034370422
4.4270000000,-67.9707527161
4.4280000000,-55.5181503296
4.4290000000,-42.8295135498
4.4300000000,-24.4903564453
4.4310000000,-6.5016746521
4.4320000000,10.8289718628
4.4330000000,27.3156166077
4.4340000000,43.3874130249
4.4350000000,55.6039810181
4.4360000000,64.5446777344
4.4370000000,66.4615631104
4.4380000000,63.7865066528
4.4390000000,55.2606582642
4.4400000000,42.0212745667
4.4410000000,24.3759155273
4.4420000000,6.3085556030
4.4430000000,-12.0449066162
4.4440000000,-28.8248062134
4.4450000000,-47.3856925964
4.4460000000,-58.5794448853
4.4470000000,-69.0937042236
4.4480000000,-71.1321830750
4.4490000000,-70.4169273376
4.4500000000,-62.7207756042
4.4510000000,-49.7531890869
4.4520000000,-32.8516960144
4.4530000000,-15.4137611389
4.4540000000,2.7251243591
4.4550000000,19.0472602844
4.4560000000,35.5982780457
4.4570000000,50.8403778076
4.4580000000,60.5249404907
4.4590000000,66.7262077332
4.4600000000,64.7664070129
4.4610000000,60.7252120972
4.4620000000,47.8792190552
4.4630000000,32.0148468018
4.4640000000,15.1634216309
4.4650000000,-4.3988227844
4.4660000000,-22.4518775940
4.4670000000,-38.5308265686
4.4680000000,-54.9888610840
4.4690000000,-64.8880004883
4.4700000000,-72.1478462219
4.4710000000,-70.2023506165
4.4720000000,-67.0051574707
4.4730000000,-54.3451309204
4.4740000000,-41.2631034851
4.4750000000,-22.0012664795
4.4760000000,-4.3201446533
4.4770000000,12.6600265503
4.4780000000,29.4828414917
4.4790000000,45.7119941711
4.4800000000,56.3764572144
4.4810000000,66.0753250122
4.4820000000,66.8621063232
4.4830000000,62.7994537354
4.4840000000,53.9946556091
4.4850000000,39.3605232239
4.4860000000,21.5649604797
4.4870000000,2.8038024902
4.4880000000,-15.6569480896
4.4890000000,-32.6514244080
4.4900000000,-49.7531890869
4.4910000000,-61.0899925232
4.4920000000,-69.8876380920
4.4930000000,-71.2466239929
4.4940000000,-67.9349899292
4.4950000000,-59.7095489502
4.4960000000,-44.1098213196
4.4970000000,-27.2583961487
4.4980000000,-9.3412399292
4.4990000000,8.1539154053
4.5000000000,24.3330001831
4.5010000000,40.7981872559
4.5020000000,55.2535057068
4.5030000000,62.8924369812
4.5040000000,67.0123100281
4.5050000000,64.4946098328
4.5060000000,57.1417808533
4.5070000000,42.9368019104
4.5080000000,27.1439552307
4.5090000000,7.8105926514
4.5100000000,-11.1508369446
4.5110000000,-29.0250778198
4.5120000000,-45.1040267944
4.5130000000,-59.6451759338
4.5140000000,-66.9836997986
4.5150000000,-71.9475746155
4.5160000000,-68.7932968140
4.5170000000,-61.3045692444
4.5180000000,-47.5716590881
4.5190000000,-31.9433212280
4.5200000000,-13.3395195007
4.5210000000,4.7707557678
4.5220000000,22.1872329712
4.5230000000,37.9300117493
4.5240000000,51.5055656433
4.5250000000,62.7064704895
4.5260000000,65.6890869141
4.5270000000,65.1812553406
4.5280000000,57.6496124268
4.5290000000,46.2055206299
4.5300000000,28.6245346069
4.5310000000,10.0207328796
4.5320000000,-8.4614753723
4.5330000000,-26.0782241821
4.5340000000,-43.3373451233
4.5350000000,-57.4064254761
4.5360000000,-67.0194625854
4.5370000000,-70.6171989441
4.5380000000,-69.5729255676
4.5390000000,-61.4690780640
4.5400000000,-50.3754615784
4.5410000000,-32.1078300476
4.5420000000,-14.5912170410
4.5430000000,3.2901763916
4.5440000000,19.7839736938
4.5450000000,36.1990928650
4.5460000000,52.2851943970
4.5470000000,59.8883628845
4.5480000000,66.8621063232
4.5490000000,64.4159317017
4.5500000000,58.4077835083
4.5510000000,45.4473495483
4.5520000000,30.0407409668
4.5530000000,10.7789039612
4.5540000000,-8.2612037659
4.5550000000,-26.4859199524
4.5560000000,-42.4432754517
4.5570000000,-57.2276115417
4.5580000000,-67.0123100281
4.5590000000,-71.9904899597
4.5600000000,-68.3212280273
4.5610000000,-63.2286071777
4.5620000000,-48.6445426941
4.5630000000,-32.3367118835
4.5640000000,-15.4995918274
4.5650000000,3.6764144897
4.5660000000,20.4777717590
4.5670000000,36.4708900452
4.5680000000,51.2766838074
4.5690000000,62.0841979980
4.5700000000,66.1969184875
4.5710000000,64.9809837341
4.5720000000,58.0358505249
4.5730000000,44.9895858765
4.5740000000,28.0308723450
4.5750000000,9.5772743225
4.5760000000,-9.2267990112
4.5770000000,-26.8864631653
4.5780000000,-43.8094139099
4.5790000000,-58.0573081970
4.5800000000,-67.3627853394
4.5810000000,-70.6243515015
4.5820000000,-69.2439079285
4.5830000000,-59.6666336060
4.5840000000,-48.3942031860
4.5850000000,-29.6616554260
4.5860000000,-12.0663642883
4.5870000000,6.0081481934
4.5880000000,22.0656394958
4.5890000000,39.6394729614
4.5900000000,52.9646873474
4.5910000000,62.2916221619
4.5920000000,65.8249855042
4.5930000000,64.3730163574
4.5940000000,55.2678108215
4.5950000000,42.9081916809
4.5960000000,25.0339508057
4.5970000000,5.7220458984
4.5980000000,-12.8531455994
4.5990000000,-31.4855575562
4.6000000000,-46.7705726624
4.6010000000,-60.6465339661
4.6020000000,-68.3999061584
4.6030000000,-71.7115402222
4.6040000000,-66.5760040283
4.6050000000,-59.4520568848
4.6060000000,-43.4446334839
4.6070000000,-26.4644622803
4.6080000000,-8.5258483887
4.6090000000,9.4199180603
4.6100000000,25.6633758545
4.6110000000,42.2859191895
4.6120000000,55.7541847229
4.6130000000,63.0855560303
4.6140000000,66.6546821594
4.6150000000,61.6765022278
4.6160000000,53.5154342651
4.6170000000,37.4221801758
4.6180000000,19.1330909729
4.6190000000,1.4805793762
4.6200000000,-16.7942047119
4.6210000000,-34.5110893250
4.6220000000,-52.0277023315
4.6230000000,-62.3416900635
4.6240000000,-70.6601142883
4.6250000000,-70.4526901245
4.6260000000,-66.4687156677
4.6270000000,-55.2034378052
4.6280000000,-39.4463539124
4.6290000000,-21.8796730042
4.6300000000,-4.1198730469
4.6310000000,12.8316879272
4.6320000000,30.4627418518
4.6330000000,46.9207763672
4.6340000000,57.2204589844
4.6350000000,65.0954246521
4.6360000000,63.9581680298
4.6370000000,60.3604316711
4.6380000000,47.3999977112
4.6390000000,32.5298309326
4.6400000000,12.7601623535
4.6410000000,-5.7792663574
4.6420000000,-24.1470336914
4.6430000000,-40.3046607971
4.6440000000,-56.1118125916
4.6450000000,-66.0252571106
4.6460000000,-71.2895393372
4.6470000000,-68.9220428467
4.6480000000,-62.2844696045
4.6490000000,-48.3298301697
4.6500000000,-31.5284729004
4.6510000000,-13.9975547791
4.6520000000,4.1913986206
4.6530000000,20.6565856934
4.6540000000,37.0287895203
4.6550000000,52.4067878723
4.6560000000,60.9183311462
4.6570000000,65.6318664551
4.6580000000,62.3559951782
4.6590000000,55.2105903625
4.6600000000,40.3833389282
4.6610000000,22.4947929382
4.6620000000,3.9482116699
4.6630000000,-14.1477584839
4.6640000000,-32.8660011292
4.6650000000,-50.7545471191
4.6660000000,-60.7466697693
4.6670000000,-69.8590278625
4.6680000000,-70.6601142883
4.6690000000,-66.2469863892
4.6700000000,-56.4908981323
4.6710000000,-41.2702560425
4.6720000000,-22.6879119873
4.6730000000,-5.2428245544
4.6740000000,12.1736526489
4.6750000000,28.0451774597
4.6760000000,46.5917587280
4.6770000000,56.2906265259
4.6780000000,65.0596618652
4.6790000000,63.8580322266
4.6800000000,59.4878196716
4.6810000000,47.3570823669
4.6820000000,31.0349464417
4.6830000000,12.6099586487
4.6840000000,-6.8664550781
4.6850000000,-25.0697135925
4.6860000000,-41.8066978455
4.6870000000,-56.9844245911
4.6880000000,-66.2827491760
4.6890000000,-70.8961486816
4.6900000000,-66.9693946838
4.6910000000,-61.0256195068
4.6920000000,-45.6762313843
4.6930000000,-29.1538238525
4.6940000000,-11.5871429443
4.6950000000,7.2455406189
4.6960000000,23.7965583801
4.6970000000,39.8898124695
4.6980000000,54.1806221008
4.6990000000,63.3502006531
4.7000000000,65.6747817993
4.7010000000,61.3617897034
4.7020000000,53.0076026917
4.7030000000,36.7283821106
4.7040000000,18.5251235962
4.7050000000,-0.2217292786
4.7060000000,-18.5251235962
4.7070000000,-36.2491607666
4.7080000000,-53.4367561340
4.7090000000,-63.0569458008
4.7100000000,-70.0449943542
4.7110000000,-69.9019432068
4.7120000000,-62.9639625549
4.7130000000,-51.4769554138
4.7140000000,-34.4824790955
4.7150000000,-16.1075592041
4.7160000000,1.6379356384
4.7170000000,18.1460380554
4.7180000000,35.5124473572
4.7190000000,50.2538681030
4.7200000000,59.4949722290
4.7210000000,65.1741027832
4.7220000000,62.4418258667
4.7230000000,54.4524192810
4.7240000000,40.1973724365
4.7250000000,23.0097770691
4.7260000000,3.8266181946
4.7270000000,-15.3708457947
4.7280000000,-32.4583053589
4.7290000000,-49.1237640381
4.7300000000,-62.2558593750
4.7310000000,-68.5858726501
4.7320000000,-70.0378417969
4.7330000000,-64.8164749146
4.7340000000,-53.6084175110
4.7350000000,-37.2791290283
4.7360000000,-20.2703475952
4.7370000000,-1.8167495728
4.7380000000,15.7141685486
4.7390000000,31.7072868347
4.7400000000,47.6503372192
4.7410000000,59.5164299011
4.7420000000,63.6219978333
4.7430000000,64.2371177673
4.7440000000,54.8458099365
4.7450000000,44.6748733521
4.7460000000,25.0840187073
4.7470000000,6.3514709473
4.7480000000,-12.3238563538
4.7490000000,-30.2767753601
4.7500000000,-48.1867790222
4.7510000000,-59.3447685242
4.7520000000,-69.1938400269
4.7530000000,-69.6444511414
4.7540000000,-65.6247138977
4.7550000000,-55.0031661987
4.7560000000,-39.9756431580
4.7570000000,-21.3503837585
4.7580000000,-3.5047531128
4.7590000000,13.7400627136
4.7600000000,29.7403335571
4.7610000000,47.5788116455
4.7620000000,56.8699836731
4.7630000000,64.5160675049
4.7640000000,62.0913505554
4.7650000000,56.9415092468
4.7660000000,42.8795814514
4.7670000000,25.2199172974
4.7680000000,6.8593025208
4.7690000000,-12.0234489441
4.7700000000,-29.0107727051
4.7710000000,-47.0995903015
4.7720000000,-60.6322288513
4.7730000000,-67.8849220276
4.7740000000,-70.1951980591
4.7750000000,-65.6819343567
4.7760000000,-54.7313690186
4.7770000000,-38.9242172241
4.7780000000,-22.2301483154
4.7790000000,-3.2043457031
4.7800000000,14.7485733032
4.7810000000,30.7488441467
4.7820000000,46.3056564331
4.7830000000,58.5508346558
4.7840000000,63.1284713745
4.7850000000,63.6649131775
4.7860000000,54.7456741333
4.7870000000,43.6305999756
4.7880000000,24.7979164124
4.7890000000,5.6290626526
4.7900000000,-12.4025344849
4.7910000000,-31.0850143433
4.7920000000,-48.0508804321
4.7930000000,-60.5177879333
4.7940000000,-68.6430931091
4.7950000000,-70.4813003540
4.7960000000,-63.6649131775
4.7970000000,-54.9316406250
4.7980000000,-36.7212295532
4.7990000000,-19.4406509399
4.8000000000,-1.2230873108
4.8010000000,15.8786773682
4.8020000000,31.7430496216
4.8030000000,49.4313240051
4.8040000000,57.9357147217
4.8050000000,64.6519660950
4.8060000000,61.1543655396
4.8070000000,54.7885894775
4.8080000000,39.7896766663
4.8090000000,21.3932991028
4.8100000000,2.7751922607
4.8110000000,-15.2635574341
4.8120000000,-33.3666801453
4.8130000000,-51.0621070862
4.8140000000,-61.7122650146
4.8150000000,-69.9949264526
4.8160000000,-68.1567192078
4.8170000000,-64.0797615051
4.8180000000,-50.2467155457
4.8190000000,-34.8472595215
4.8200000000,-16.5867805481
4.8210000000,1.9955635071
4.8220000000,19.6480751038
4.8230000000,35.7627868652
4.8240000000,50.1823425293
4.8250000000,61.3045692444
4.8260000000,63.0068778992
4.8270000000,61.1686706543
4.8280000000,50.7616996765
4.8290000000,36.5996360779
4.8300000000,17.8027153015
4.8310000000,-1.1873245239
4.8320000000,-19.4835662842
4.8330000000,-37.9228591919
4.8340000000,-52.4711608887
4.8350000000,-65.1240348816
4.8360000000,-68.6216354370
4.8370000000,-67.9278373718
4.8380000000,-60.3747367859
4.8390000000,-46.7634201050
4.8400000000,-28.9607048035
4.8410000000,-10.6501579285
4.8420000000,6.9165229797
4.8430000000,23.7464904785
4.8440000000,39.9899482727
4.8450000000,55.0889968872
4.8460000000,61.8410110474
4.8470000000,64.4731521606
4.8480000000,58.0501556396
4.8490000000,48.0508804321
4.8500000000,29.9906730652
4.8510000000,11.0721588135
4.8520000000,-7.4887275696
4.8530000000,-25.0625610352
4.8540000000,-43.4160232544
4.8550000000,-57.6996803284
4.8560000000,-66.4973258972
4.8570000000,-69.7517395020
4.8580000000,-66.0324096680
4.8590000000,-55.0889968872
4.8600000000,-40.0042533875
4.8610000000,-22.7594375610
4.8620000000,-3.4904479980
4.8630000000,13.9975547791
4.8640000000,31.6643714905
4.8650000000,46.3342666626
4.8660000000,58.7296485901
4.8670000000,63.7435913086
4.8680000000,63.0354881287
4.8690000000,54.5382499695
4.8700000000,41.3489341736
4.8710000000,23.2744216919
4.8720000000,3.6048889160
4.8730000000,-15.2492523193
4.8740000000,-33.8530540466
4.8750000000,-49.5243072510
4.8760000000,-63.1928443909
4.8770000000,-68.1209564209
4.8780000000,-69.7517395020
4.8790000000,-62.2916221619
4.8800000000,-50.5471229553
4.8810000000,-32.8874588013
4.8820000000,-14.6627426147
4.8830000000,3.3617019653
4.8840000000,20.3633308411
4.8850000000,36.6854667664
4.8860000000,52.9789924622
4.8870000000,60.0457191467
4.8880000000,63.6577606201
4.8890000000,57.8141212463
4.8900000000,48.8305091858
4.8910000000,30.7059288025
4.8920000000,11.9733810425
4.8930000000,-6.6304206848
4.8940000000,-24.7120857239
4.8950000000,-43.2300567627
4.8960000000,-57.1560859680
4.8970000000,-67.0194625854
4.8980000000,-69.1223144531
4.8990000000,-66.4401054382
4.9000000000,-55.3178787231
4.9010000000,-41.0771369934
4.9020000000,-21.9869613647
4.9030000000,-3.6978721619
4.9040000000,13.6113166809
4.9050000000,31.2566757202
4.9060000000,46.6346740723
4.9070000000,58.2504272461
4.9080000000,63.6649131775
4.9090000000,62.2344017029
4.9100000000,53.8086891174
4.9110000000,38.4521484375
4.9120000000,22.2873687744
4.9130000000,2.2745132446
4.9140000000,-17.1518325806
4.9150000000,-33.8816642761
4.9160000000,-50.7473945618
4.9170000000,-63.6076927185
4.9180000000,-68.1924819946
4.9190000000,-68.1996345520
4.9200000000,-60.1172447205
4.9210000000,-46.5273857117
4.9220000000,-28.9678573608
4.9230000000,-10.3998184204
4.9240000000,7.3885917664
4.9250000000,24.1827964783
4.9260000000,40.7624244690
4.9270000000,55.9258460999
4.9280000000,62.1414184570
4.9290000000,64.3587112427
4.9300000000,56.7197799683
4.9310000000,46.6990470886
4.9320000000,27.7376174927
4.9330000000,8.3613395691
4.9340000000,-10.1494789124
4.9350000000,-28.1310081482
4.9360000000,-47.3499298096
4.9370000000,-58.0358505249
4.9380000000,-68.0637359619
4.9390000000,-67.6774978638
4.9400000000,-63.3001327515
4.9410000000,-50.3182411194
4.9420000000,-35.3479385376
4.9430000000,-16.1290168762
4.9440000000,2.4962425232
4.9450000000,20.2989578247
4.9460000000,37.0430946350
4.9470000000,50.6544113159
4.9480000000,61.9196891785
4.9490000000,62.5848770142
4.9500000000,59.5736503601
4.9510000000,47.6074218750
4.9520000000,32.0720672607
4.9530000000,12.9175186157
4.9540000000,-6.5231323242
4.9550000000,-25.2199172974
4.9560000000,-42.0284271240
4.9570000000,-57.2490692139
4.9580000000,-66.4329528809
4.9590000000,-69.5443153381
4.9600000000,-63.7650489807
4.9610000000,-54.7170639038
4.9620000000,-37.8227233887
4.9630000000,-19.0615653992
4.9640000000,-0.7724761963
4.9650000000,16.1933898926
4.9660000000,33.3952903748
4.9670000000,50.2538681030
4.9680000000,58.5508346558
4.9690000000,64.5303726196
4.9700000000,59.5164299011
4.9710000000,50.7616996765
4.9720000000,34.9187850952
4.9730000000,15.8214569092
4.9740000000,-3.1614303589
4.9750000000,-21.4505195618
4.9760000000,-39.7467613220
4.9770000000,-54.6669960022
4.9780000000,-64.5589828491
4.9790000000,-68.7646865845
4.9800000000,-65.4602050781
4.9810000000,-54.6741485596
4.9820000000,-39.4535064697
4.9830000000,-22.2158432007
4.9840000000,-2.9253959656
4.9850000000,15.1991844177
4.9860000000,32.2437286377
4.9870000000,47.1568107605
4.9880000000,59.5951080322
4.9890000000,63.4074211121
4.9900000000,62.0055198669
4.9910000000,51.4268875122
4.9920000000,37.2719764709
4.9930000000,18.5751914978
4.9940000000,-1.1444091797
4.9950000000,-19.6266174316
4.9960000000,-37.6939773560
4.9970000000,-52.8287887573
4.9980000000,-64.4087791443
4.9990000000,-67.9850578308
