time (s),velocity (rpm)
0.0000000000,0.0214576721
0.0010000000,-0.0500679016
0.0020000000,0.0214576721
0.0030000000,0.0143051147
0.0040000000,-0.0286102295
0.0050000000,-0.0286102295
0.0060000000,0.0643730164
0.0070000000,0.0000000000
0.0080000000,0.0214576721
0.0090000000,0.0000000000
0.0100000000,0.0214576721
0.0110000000,0.0429153442
0.0120000000,0.0286102295
0.0130000000,0.0500679016
0.0140000000,0.0143051147
0.0150000000,0.0572204590
0.0160000000,0.0572204590
0.0170000000,0.0786781311
0.0180000000,0.1072883606
0.0190000000,0.0786781311
0.0200000000,0.1358985901
0.0210000000,0.0929832458
0.0220000000,0.1144409180
0.0230000000,0.1358985901
0.0240000000,0.1430511475
0.0250000000,0.1788139343
0.0260000000,0.1502037048
0.0270000000,0.1645088196
0.0280000000,0.2145767212
0.0290000000,0.2646446228
0.0300000000,0.2217292786
0.0310000000,0.2717971802
0.0320000000,0.3719329834
0.0330000000,0.3218650818
0.0340000000,0.4220008850
0.0350000000,0.4577636719
0.0360000000,0.5364418030
0.0370000000,0.6508827209
0.0380000000,0.6294250488
0.0390000000,0.7367134094
0.0400000000,0.8296966553
0.0410000000,0.9441375732
0.0420000000,1.0371208191
0.0430000000,1.1515617371
0.0440000000,1.3446807861
0.0450000000,1.5449523926
0.0460000000,1.7452239990
0.0470000000,1.9454956055
0.0480000000,2.1171569824
0.0490000000,2.3388862610
0.0500000000,2.5248527527
0.0510000000,2.7251243591
0.0520000000,2.9897689819
0.0530000000,3.2258033752
0.0540000000,3.5405158997
0.0550000000,3.8194656372
0.0560000000,4.0626525879
0.0570000000,4.3272972107
0.0580000000,4.4202804565
0.0590000000,4.5275688171
0.0600000000,4.5847892761
0.0610000000,4.8494338989
0.0620000000,5.0926208496
0.0630000000,5.3215026855
0.0640000000,5.3858757019
0.0650000000,5.5503845215
0.0660000000,5.7363510132
0.0670000000,6.2012672424
0.0680000000,6.5088272095
0.0690000000,6.6518783569
0.0700000000,6.6947937012
0.0710000000,6.8235397339
0.0720000000,7.1811676025
0.0730000000,7.3885917664
0.0740000000,7.4815750122
0.0750000000,8.0108642578
0.0760000000,8.5616111755
0.0770000000,8.5687637329
0.0780000000,8.3971023560
0.0790000000,8.7118148804
0.0800000000,8.9335441589
0.0810000000,8.9764595032
0.0820000000,9.6917152405
0.0830000000,10.2925300598
0.0840000000,10.3139877319
0.0850000000,10.4856491089
0.0860000000,10.7574462891
0.0870000000,11.0149383545
0.0880000000,11.9090080261
0.0890000000,11.9733810425
0.0900000000,11.8803977966
0.0910000000,12.0449066162
0.0920000000,12.1521949768
0.0930000000,12.8889083862
0.0940000000,13.0176544189
0.0950000000,13.2608413696
0.0960000000,13.2608413696
0.0970000000,14.1477584839
0.0980000000,14.5983695984
0.0990000000,14.2765045166
0.1000000000,14.2049789429
0.1010000000,14.5840644836
0.1020000000,15.1777267456
0.1030000000,15.1705741882
0.1040000000,15.3994560242
0.1050000000,16.5295600891
0.1060000000,16.5152549744
0.1070000000,16.3650512695
0.1080000000,15.9716606140
0.1090000000,17.0731544495
0.1100000000,17.2305107117
0.1110000000,17.5952911377
0.1120000000,18.7182426453
0.1130000000,18.5465812683
0.1140000000,18.2890892029
0.1150000000,18.3892250061
0.1160000000,19.3476676941
0.1170000000,19.4334983826
0.1180000000,20.2131271362
0.1190000000,20.8640098572
0.1200000000,20.5206871033
0.1210000000,20.5850601196
0.1220000000,20.7495689392
0.1230000000,21.0428237915
0.1240000000,22.8166580200
0.1250000000,22.6020812988
0.1260000000,21.9726562500
0.1270000000,22.4375724792
0.1280000000,23.1957435608
0.1290000000,24.6405601501
0.1300000000,24.3258476257
0.1310000000,23.5390663147
0.1320000000,24.5189666748
0.1330000000,25.2413749695
0.1340000000,26.7648696899
0.1350000000,25.7921218872
0.1360000000,25.7992744446
0.1370000000,26.5860557556
0.1380000000,27.6231765747
0.1390000000,28.2168388367
0.1400000000,27.3656845093
0.1410000000,27.8735160828
0.1420000000,28.5887718201
0.1430000000,29.9549102783
0.1440000000,28.9106369019
0.1450000000,29.2968750000
0.1460000000,30.3983688354
0.1470000000,30.9491157532
0.1480000000,30.3840637207
0.1490000000,31.0778617859
0.1500000000,32.1364402771
0.1510000000,32.0291519165
0.1520000000,31.8932533264
0.1530000000,32.2222709656
0.1540000000,34.2750549316
0.1550000000,33.0948829651
0.1560000000,33.0162048340
0.1570000000,34.5253944397
0.1580000000,35.2406501770
0.1590000000,34.1248512268
0.1600000000,34.5039367676
0.1610000000,36.4780426025
0.1620000000,35.3407859802
0.1630000000,35.8200073242
0.1640000000,37.0860099792
0.1650000000,36.4494323730
0.1660000000,36.7999076843
0.1670000000,38.0086898804
0.1680000000,37.9014015198
0.1690000000,37.6224517822
0.1700000000,39.1030311584
0.1710000000,39.0529632568
0.1720000000,38.6738777161
0.1730000000,40.1902198792
0.1740000000,39.6251678467
0.1750000000,39.9184226990
0.1760000000,41.1772727966
0.1770000000,40.5049324036
0.1780000000,40.7195091248
0.1790000000,42.2859191895
0.1800000000,41.8210029602
0.1810000000,41.0413742065
0.1820000000,43.7951087952
0.1830000000,42.4647331238
0.1840000000,42.6435470581
0.1850000000,43.8952445984
0.1860000000,43.3087348938
0.1870000000,44.5604324341
0.1880000000,43.9739227295
0.1890000000,44.0239906311
0.1900000000,45.9909439087
0.1910000000,44.2600250244
0.1920000000,45.7191467285
0.1930000000,45.3829765320
0.1940000000,45.6905364990
0.1950000000,46.7848777771
0.1960000000,46.3056564331
0.1970000000,45.8908081055
0.1980000000,47.2497940063
0.1990000000,47.1854209900
0.2000000000,47.6717948914
0.2010000000,47.2640991211
0.2020000000,47.4429130554
0.2030000000,48.4800338745
0.2040000000,48.1939315796
0.2050000000,49.6530532837
0.2060000000,48.1653213501
0.2070000000,49.8890876770
0.2080000000,48.9950180054
0.2090000000,49.1166114807
0.2100000000,50.6114959717
0.2110000000,49.3669509888
0.2120000000,50.2753257751
0.2130000000,49.3669509888
0.2140000000,49.6888160706
0.2150000000,49.6244430542
0.2160000000,49.5600700378
0.2170000000,50.4112243652
0.2180000000,49.0593910217
0.2190000000,50.6472587585
0.2200000000,49.1881370544
0.2210000000,49.9176979065
0.2220000000,49.7674942017
0.2230000000,49.4313240051
0.2240000000,51.1908531189
0.2250000000,49.3526458740
0.2260000000,50.1179695129
0.2270000000,50.1894950867
0.2280000000,49.8175621033
0.2290000000,50.3396987915
0.2300000000,49.1309165955
0.2310000000,51.1550903320
0.2320000000,49.2024421692
0.2330000000,50.2252578735
0.2340000000,49.2668151855
0.2350000000,49.6602058411
0.2360000000,49.5815277100
0.2370000000,48.9735603333
0.2380000000,50.3253936768
0.2390000000,48.1581687927
0.2400000000,49.7031211853
0.2410000000,48.6087799072
0.2420000000,47.8291511536
0.2430000000,49.3526458740
0.2440000000,47.9364395142
0.2450000000,48.5229492188
0.2460000000,47.5502014160
0.2470000000,47.0995903015
0.2480000000,48.2010841370
0.2490000000,46.5559959412
0.2500000000,47.6145744324
0.2510000000,46.2985038757
0.2520000000,45.7763671875
0.2530000000,47.1711158752
0.2540000000,45.4187393188
0.2550000000,45.6261634827
0.2560000000,45.1970100403
0.2570000000,43.8308715820
0.2580000000,45.3972816467
0.2590000000,43.2157516479
0.2600000000,44.0382957458
0.2610000000,43.3802604675
0.2620000000,42.8724288940
0.2630000000,43.0727005005
0.2640000000,42.5505638123
0.2650000000,41.1629676819
0.2660000000,42.2644615173
0.2670000000,41.0056114197
0.2680000000,39.6323204041
0.2690000000,41.0842895508
0.2700000000,38.7668609619
0.2710000000,38.3305549622
0.2720000000,39.3176078796
0.2730000000,36.8714332581
0.2740000000,36.3779067993
0.2750000000,36.8785858154
0.2760000000,35.1476669312
0.2770000000,34.8472595215
0.2780000000,34.6469879150
0.2790000000,33.4954261780
0.2800000000,32.6085090637
0.2810000000,31.9647789001
0.2820000000,32.9446792603
0.2830000000,30.5914878845
0.2840000000,29.7546386719
0.2850000000,29.5901298523
0.2860000000,30.0908088684
0.2870000000,27.7733802795
0.2880000000,27.0795822144
0.2890000000,26.4072418213
0.2900000000,26.7434120178
0.2910000000,24.9910354614
0.2920000000,24.1255760193
0.2930000000,23.4603881836
0.2940000000,22.5377082825
0.2950000000,22.4590301514
0.2960000000,20.9355354309
0.2970000000,19.8411941528
0.2980000000,19.2832946777
0.2990000000,18.3176994324
0.3000000000,17.6095962524
0.3010000000,17.4808502197
0.3020000000,15.9430503845
0.3030000000,14.4982337952
0.3040000000,14.0118598938
0.3050000000,13.0391120911
0.3060000000,11.7802619934
0.3070000000,11.0793113708
0.3080000000,10.1208686829
0.3090000000,9.7346305847
0.3100000000,8.8262557983
0.3110000000,7.4887275696
0.3120000000,6.3729286194
0.3130000000,5.4287910461
0.3140000000,4.5490264893
0.3150000000,3.4403800964
0.3160000000,2.5105476379
0.3170000000,1.5950202942
0.3180000000,0.6222724915
0.3190000000,-0.1502037048
0.3200000000,-0.7224082947
0.3210000000,-1.1587142944
0.3220000000,-1.3661384583
0.3230000000,-1.6450881958
0.3240000000,-2.1314620972
0.3250000000,-2.6106834412
0.3260000000,-3.4403800964
0.3270000000,-4.4274330139
0.3280000000,-5.5289268494
0.3290000000,-7.0166587830
0.3300000000,-8.4400177002
0.3310000000,-9.6416473389
0.3320000000,-10.3497505188
0.3330000000,-11.6944313049
0.3340000000,-12.9675865173
0.3350000000,-14.5769119263
0.3360000000,-15.5496597290
0.3370000000,-16.9944763184
0.3380000000,-18.2962417603
0.3390000000,-19.4835662842
0.3400000000,-19.2260742188
0.3410000000,-20.4706192017
0.3420000000,-22.0298767090
0.3430000000,-23.4174728394
0.3440000000,-25.1054763794
0.3450000000,-24.9052047729
0.3460000000,-25.7062911987
0.3470000000,-26.5645980835
0.3480000000,-28.5959243774
0.3490000000,-29.5543670654
0.3500000000,-29.2253494263
0.3510000000,-30.2696228027
0.3520000000,-32.4010848999
0.3530000000,-32.5870513916
0.3540000000,-33.1664085388
0.3550000000,-33.9674949646
0.3560000000,-35.7413291931
0.3570000000,-35.4552268982
0.3580000000,-36.4494323730
0.3590000000,-38.5379791260
0.3600000000,-37.3220443726
0.3610000000,-38.6667251587
0.3620000000,-41.1415100098
0.3630000000,-39.4034385681
0.3640000000,-40.7838821411
0.3650000000,-42.6363945007
0.3660000000,-41.7566299438
0.3670000000,-42.5362586975
0.3680000000,-43.4875488281
0.3690000000,-43.7664985657
0.3700000000,-44.4459915161
0.3710000000,-44.7320938110
0.3720000000,-44.8322296143
0.3730000000,-47.2354888916
0.3740000000,-45.8335876465
0.3750000000,-46.7491149902
0.3760000000,-47.7147102356
0.3770000000,-47.3427772522
0.3780000000,-49.5529174805
0.3790000000,-48.3012199402
0.3800000000,-49.5886802673
0.3810000000,-49.3597984314
0.3820000000,-49.7174263000
0.3830000000,-50.5900382996
0.3840000000,-49.2954254150
0.3850000000,-51.4841079712
0.3860000000,-50.1465797424
0.3870000000,-50.9119033813
0.3880000000,-50.2181053162
0.3890000000,-50.6830215454
0.3900000000,-51.3124465942
0.3910000000,-49.7531890869
0.3920000000,-51.7702102661
0.3930000000,-49.7317314148
0.3940000000,-51.0048866272
0.3950000000,-49.7245788574
0.3960000000,-49.7746467590
0.3970000000,-50.1680374146
0.3980000000,-49.1237640381
0.3990000000,-50.1823425293
0.4000000000,-47.7790832520
0.4010000000,-49.1523742676
0.4020000000,-47.8649139404
0.4030000000,-47.4786758423
0.4040000000,-47.9149818420
0.4050000000,-46.4844703674
0.4060000000,-46.7419624329
0.4070000000,-45.4902648926
0.4080000000,-44.8894500732
0.4090000000,-45.5474853516
0.4100000000,-43.7378883362
0.4110000000,-43.1513786316
0.4120000000,-43.2729721069
0.4130000000,-41.5635108948
0.4140000000,-41.7065620422
0.4150000000,-40.4548645020
0.4160000000,-39.4749641418
0.4170000000,-39.6108627319
0.4180000000,-37.9300117493
0.4190000000,-37.0931625366
0.4200000000,-36.4780426025
0.4210000000,-35.8343124390
0.4220000000,-34.1749191284
0.4230000000,-32.8731536865
0.4240000000,-33.5168838501
0.4250000000,-30.6916236877
0.4260000000,-30.0693511963
0.4270000000,-28.6674499512
0.4280000000,-28.9392471313
0.4290000000,-26.2999534607
0.4300000000,-25.8064270020
0.4310000000,-23.8537788391
0.4320000000,-23.6177444458
0.4330000000,-22.3231315613
0.4340000000,-20.3275680542
0.4350000000,-19.7267532349
0.4360000000,-17.9600715637
0.4370000000,-16.5796279907
0.4380000000,-16.0431861877
0.4390000000,-15.0775909424
0.4400000000,-12.6099586487
0.4410000000,-11.1651420593
0.4420000000,-10.2353096008
0.4430000000,-8.9907646179
0.4440000000,-7.9536437988
0.4450000000,-6.4659118652
0.4460000000,-5.0711631775
0.4470000000,-3.7479400635
0.4480000000,-2.1743774414
0.4490000000,-1.0657310486
0.4500000000,0.2002716064
0.4510000000,1.0514259338
0.4520000000,1.5735626221
0.4530000000,2.2602081299
0.4540000000,3.0326843262
0.4550000000,4.2128562927
0.4560000000,5.6004524231
0.4570000000,7.1382522583
0.4580000000,8.4543228149
0.4590000000,9.9062919617
0.4600000000,11.4583969116
0.4610000000,13.1607055664
0.4620000000,15.9144401550
0.4630000000,16.5653228760
0.4640000000,17.2019004822
0.4650000000,18.8970565796
0.4660000000,20.6637382507
0.4670000000,21.5721130371
0.4680000000,24.6262550354
0.4690000000,25.2985954285
0.4700000000,25.4130363464
0.4710000000,27.2011756897
0.4720000000,28.8963317871
0.4730000000,31.2781333923
0.4740000000,30.4770469666
0.4750000000,32.0863723755
0.4760000000,34.3680381775
0.4770000000,34.5325469971
0.4780000000,35.3908538818
0.4790000000,36.9143486023
0.4800000000,38.2089614868
0.4810000000,38.3520126343
0.4820000000,39.7324562073
0.4830000000,41.0771369934
0.4840000000,40.8411026001
0.4850000000,43.0154800415
0.4860000000,43.0083274841
0.4870000000,43.5161590576
0.4880000000,45.6190109253
0.4890000000,45.2756881714
0.4900000000,45.4258918762
0.4910000000,47.7361679077
0.4920000000,46.9779968262
0.4930000000,48.1224060059
0.4940000000,48.3441352844
0.4950000000,48.5157966614
0.4960000000,49.4241714478
0.4970000000,49.0951538086
0.4980000000,50.5971908569
0.4990000000,49.3597984314
0.5000000000,51.0048866272
0.5010000000,49.9963760376
0.5020000000,50.0750541687
0.5030000000,50.8189201355
0.5040000000,49.8247146606
0.5050000000,51.1837005615
0.5060000000,49.6816635132
0.5070000000,50.4255294800
0.5080000000,49.6673583984
0.5090000000,49.1452217102
0.5100000000,49.6745109558
0.5110000000,48.0937957764
0.5120000000,49.4313240051
0.5130000000,47.2640991211
0.5140000000,47.2354888916
0.5150000000,46.7348098755
0.5160000000,45.8979606628
0.5170000000,46.3128089905
0.5180000000,44.3744659424
0.5190000000,43.5161590576
0.5200000000,43.6663627625
0.5210000000,41.6207313538
0.5220000000,41.5492057800
0.5230000000,39.9541854858
0.5240000000,39.0958786011
0.5250000000,38.4378433228
0.5260000000,37.0860099792
0.5270000000,36.0274314880
0.5280000000,34.4681739807
0.5290000000,35.0189208984
0.5300000000,32.1078300476
0.5310000000,30.3411483765
0.5320000000,30.4412841797
0.5330000000,28.9320945740
0.5340000000,26.4859199524
0.5350000000,24.8336791992
0.5360000000,23.8823890686
0.5370000000,23.2601165771
0.5380000000,20.5922126770
0.5390000000,18.6181068420
0.5400000000,17.4379348755
0.5410000000,15.8286094666
0.5420000000,13.8831138611
0.5430000000,12.8102302551
0.5440000000,11.0363960266
0.5450000000,8.8262557983
0.5460000000,7.2741508484
0.5470000000,5.3000450134
0.5480000000,3.5834312439
0.5490000000,2.0742416382
0.5500000000,0.4649162292
0.5510000000,-1.0013580322
0.5520000000,-2.0241737366
0.5530000000,-2.7537345886
0.5540000000,-3.4761428833
0.5550000000,-4.6849250793
0.5560000000,-6.3014030457
0.5570000000,-7.9321861267
0.5580000000,-10.2281570435
0.5590000000,-12.1665000916
0.5600000000,-13.4325027466
0.5610000000,-15.7070159912
0.5620000000,-17.7669525146
0.5630000000,-19.3548202515
0.5640000000,-21.3146209717
0.5650000000,-23.6463546753
0.5660000000,-24.2185592651
0.5670000000,-25.9494781494
0.5680000000,-27.5230407715
0.5690000000,-30.2124023438
0.5700000000,-31.2495231628
0.5710000000,-32.2294235229
0.5720000000,-33.6313247681
0.5730000000,-36.5567207336
0.5740000000,-35.9487533569
0.5750000000,-37.7440452576
0.5760000000,-40.2688980103
0.5770000000,-39.7324562073
0.5780000000,-41.5492057800
0.5790000000,-43.6663627625
0.5800000000,-43.3301925659
0.5810000000,-44.6677207947
0.5820000000,-46.3771820068
0.5830000000,-45.7835197449
0.5840000000,-48.3870506287
0.5850000000,-47.3141670227
0.5860000000,-48.1438636780
0.5870000000,-49.4599342346
0.5880000000,-48.7375259399
0.5890000000,-50.8904457092
0.5900000000,-49.7603416443
0.5910000000,-51.1193275452
0.5920000000,-50.3182411194
0.5930000000,-50.8904457092
0.5940000000,-51.3768196106
0.5950000000,-50.1966476440
0.5960000000,-51.9561767578
0.5970000000,-49.8676300049
0.5980000000,-51.2552261353
0.5990000000,-49.7102737427
0.6000000000,-49.9892234802
0.6010000000,-49.2453575134
0.6020000000,-48.4943389893
0.6030000000,-49.0307807922
0.6040000000,-46.5345382690
0.6050000000,-47.3856925964
0.6060000000,-46.0624694824
0.6070000000,-44.4388389587
0.6080000000,-45.3972816467
0.6090000000,-42.8438186646
0.6100000000,-41.8782234192
0.6110000000,-41.6707992554
0.6120000000,-39.6966934204
0.6130000000,-38.6023521423
0.6140000000,-37.8870964050
0.6150000000,-36.0131263733
0.6160000000,-34.3894958496
0.6170000000,-33.9961051941
0.6180000000,-30.7774543762
0.6190000000,-29.8905372620
0.6200000000,-28.5458564758
0.6210000000,-27.4229049683
0.6220000000,-24.1827964783
0.6230000000,-22.5663185120
0.6240000000,-21.0356712341
0.6250000000,-19.7410583496
0.6260000000,-18.1460380554
0.6270000000,-15.8286094666
0.6280000000,-13.0462646484
0.6290000000,-11.6300582886
0.6300000000,-9.5701217651
0.6310000000,-7.7748298645
0.6320000000,-5.7864189148
0.6330000000,-3.7908554077
0.6340000000,-1.7452239990
0.6350000000,0.0929832458
0.6360000000,1.5234947205
0.6370000000,2.6464462280
0.6380000000,3.6978721619
0.6390000000,5.2714347839
0.6400000000,7.0309638977
0.6410000000,8.6975097656
0.6420000000,10.9863281250
0.6430000000,12.8674507141
0.6440000000,15.5496597290
0.6450000000,17.5881385803
0.6460000000,18.8469886780
0.6470000000,20.3490257263
0.6480000000,22.9239463806
0.6490000000,24.5976448059
0.6500000000,27.8806686401
0.6510000000,28.6602973938
0.6520000000,29.9620628357
0.6530000000,31.4426422119
0.6540000000,34.8186492920
0.6550000000,35.3765487671
0.6560000000,36.6997718811
0.6570000000,38.9385223389
0.6580000000,39.5894050598
0.6590000000,41.0127639771
0.6600000000,43.2801246643
0.6610000000,42.9368019104
0.6620000000,44.0168380737
0.6630000000,46.9708442688
0.6640000000,45.8264350891
0.6650000000,47.4071502686
0.6660000000,48.2654571533
0.6670000000,47.8076934814
0.6680000000,49.8390197754
0.6690000000,49.1523742676
0.6700000000,50.9977340698
0.6710000000,49.6315956116
0.6720000000,51.0692596436
0.6730000000,50.3754615784
0.6740000000,50.0750541687
0.6750000000,51.2623786926
0.6760000000,50.1322746277
0.6770000000,51.0406494141
0.6780000000,49.2882728577
0.6790000000,50.1537322998
0.6800000000,48.6803054810
0.6810000000,47.5072860718
0.6820000000,49.0880012512
0.6830000000,46.1912155151
0.6840000000,46.2269783020
0.6850000000,45.2327728271
0.6860000000,43.1799888611
0.6870000000,44.0382957458
0.6880000000,41.3703918457
0.6890000000,39.9041175842
0.6900000000,40.0328636169
0.6910000000,36.9858741760
0.6920000000,35.3407859802
0.6930000000,35.4194641113
0.6940000000,32.1793556213
0.6950000000,30.8847427368
0.6960000000,29.5042991638
0.6970000000,28.4385681152
0.6980000000,25.0697135925
0.6990000000,23.7107276917
0.7000000000,21.7008590698
0.7010000000,20.2560424805
0.7020000000,18.2533264160
0.7030000000,15.8643722534
0.7040000000,12.9818916321
0.7050000000,11.2438201904
0.7060000000,9.3197822571
0.7070000000,6.8449974060
0.7080000000,4.5704841614
0.7090000000,2.2745132446
0.7100000000,0.0286102295
0.7110000000,-1.7881393433
0.7120000000,-3.3545494080
0.7130000000,-4.8136711121
0.7140000000,-6.6661834717
0.7150000000,-8.7976455688
0.7160000000,-10.8146667480
0.7170000000,-12.8245353699
0.7180000000,-15.9859657288
0.7190000000,-18.1818008423
0.7200000000,-19.8268890381
0.7210000000,-21.8582153320
0.7220000000,-24.4903564453
0.7230000000,-26.4430046082
0.7240000000,-29.2611122131
0.7250000000,-30.5628776550
0.7260000000,-32.4440002441
0.7270000000,-34.1248512268
0.7280000000,-37.2433662415
0.7290000000,-38.1875038147
0.7300000000,-39.3533706665
0.7310000000,-41.9783592224
0.7320000000,-42.5720214844
0.7330000000,-44.0883636475
0.7340000000,-45.2113151550
0.7350000000,-45.7406044006
0.7360000000,-48.2010841370
0.7370000000,-47.3499298096
0.7380000000,-48.9020347595
0.7390000000,-49.7245788574
0.7400000000,-49.5100021362
0.7410000000,-51.2695312500
0.7420000000,-50.3468513489
0.7430000000,-51.8202781677
0.7440000000,-50.4684448242
0.7450000000,-51.2981414795
0.7460000000,-50.8904457092
0.7470000000,-50.4827499390
0.7480000000,-51.2909889221
0.7490000000,-49.1809844971
0.7500000000,-50.6687164307
0.7510000000,-48.0508804321
0.7520000000,-48.5873222351
0.7530000000,-46.8850135803
0.7540000000,-46.0338592529
0.7550000000,-46.0410118103
0.7560000000,-43.3158874512
0.7570000000,-42.7794456482
0.7580000000,-41.8138504028
0.7590000000,-39.4320487976
0.7600000000,-38.0587577820
0.7610000000,-36.9358062744
0.7620000000,-34.3179702759
0.7630000000,-32.1793556213
0.7640000000,-31.7859649658
0.7650000000,-28.1810760498
0.7660000000,-26.2141227722
0.7670000000,-23.7607955933
0.7680000000,-22.8381156921
0.7690000000,-20.6422805786
0.7700000000,-16.9944763184
0.7710000000,-15.0990486145
0.7720000000,-12.9175186157
0.7730000000,-10.7288360596
0.7740000000,-8.0180168152
0.7750000000,-5.6290626526
0.7760000000,-3.2258033752
0.7770000000,-0.8082389832
0.7780000000,1.3017654419
0.7790000000,2.9039382935
0.7800000000,4.4417381287
0.7810000000,6.2870979309
0.7820000000,8.6116790771
0.7830000000,11.0864639282
0.7840000000,13.0677223206
0.7850000000,15.7499313354
0.7860000000,18.4607505798
0.7870000000,21.4576721191
0.7880000000,23.1313705444
0.7890000000,25.2056121826
0.7900000000,27.3156166077
0.7910000000,30.3268432617
0.7920000000,32.2151184082
0.7930000000,33.7028503418
0.7940000000,35.8986854553
0.7950000000,39.0243530273
0.7960000000,38.8813018799
0.7970000000,40.7838821411
0.7980000000,44.1455841064
0.7990000000,43.4803962708
0.8000000000,45.5188751221
0.8010000000,46.8420982361
0.8020000000,46.7562675476
0.8030000000,49.3097305298
0.8040000000,48.6087799072
0.8050000000,50.5542755127
0.8060000000,49.8962402344
0.8070000000,50.4684448242
0.8080000000,51.0048866272
0.8090000000,50.2824783325
0.8100000000,51.7845153809
0.8110000000,50.3611564636
0.8120000000,50.9333610535
0.8130000000,49.8890876770
0.8140000000,49.5743751526
0.8150000000,48.9163398743
0.8160000000,47.2998619080
0.8170000000,48.5730171204
0.8180000000,45.4974174500
0.8190000000,44.4102287292
0.8200000000,44.0454483032
0.8210000000,41.9855117798
0.8220000000,41.0771369934
0.8230000000,38.6595726013
0.8240000000,37.1789932251
0.8250000000,35.9559059143
0.8260000000,33.3452224731
0.8270000000,30.9562683105
0.8280000000,28.5172462463
0.8290000000,27.9521942139
0.8300000000,24.7263908386
0.8310000000,21.8296051025
0.8320000000,19.8197364807
0.8330000000,17.4379348755
0.8340000000,15.1991844177
0.8350000000,13.2536888123
0.8360000000,10.0493431091
0.8370000000,7.2097778320
0.8380000000,4.4488906860
0.8390000000,1.6379356384
0.8400000000,-0.9727478027
0.8410000000,-3.0255317688
0.8420000000,-4.8565864563
0.8430000000,-6.8593025208
0.8440000000,-9.3483924866
0.8450000000,-12.2022628784
0.8460000000,-13.9403343201
0.8470000000,-16.8228149414
0.8480000000,-19.7196006775
0.8490000000,-22.1872329712
0.8500000000,-25.4058837891
0.8510000000,-28.4099578857
0.8520000000,-29.2325019836
0.8530000000,-32.0291519165
0.8540000000,-35.0618362427
0.8550000000,-37.0073318481
0.8560000000,-38.2804870605
0.8570000000,-40.6765937805
0.8580000000,-42.4718856812
0.8590000000,-42.9081916809
0.8600000000,-46.3843345642
0.8610000000,-45.8192825317
0.8620000000,-47.3642349243
0.8630000000,-49.1094589233
0.8640000000,-49.1166114807
0.8650000000,-51.1550903320
0.8660000000,-50.1894950867
0.8670000000,-51.4054298401
0.8680000000,-51.0406494141
0.8690000000,-51.2123107910
0.8700000000,-51.8703460693
0.8710000000,-50.0679016113
0.8720000000,-51.5556335449
0.8730000000,-49.9033927917
0.8740000000,-50.1465797424
0.8750000000,-47.7504730225
0.8760000000,-48.1939315796
0.8770000000,-47.1210479736
0.8780000000,-44.5532798767
0.8790000000,-45.1397895813
0.8800000000,-42.2000885010
0.8810000000,-40.3404235840
0.8820000000,-40.1329994202
0.8830000000,-36.3564491272
0.8840000000,-34.1963768005
0.8850000000,-33.2093238831
0.8860000000,-30.5914878845
0.8870000000,-27.4443626404
0.8880000000,-24.9052047729
0.8890000000,-23.2315063477
0.8900000000,-20.9069252014
0.8910000000,-17.0016288757
0.8920000000,-14.5483016968
0.8930000000,-11.7731094360
0.8940000000,-9.2911720276
0.8950000000,-6.2298774719
0.8960000000,-3.3473968506
0.8970000000,-0.6580352783
0.8980000000,1.7452239990
0.8990000000,3.7407875061
0.9000000000,5.8007240295
0.9010000000,8.0180168152
0.9020000000,10.4641914368
0.9030000000,13.3752822876
0.9040000000,15.8429145813
0.9050000000,19.8841094971
0.9060000000,22.1586227417
0.9070000000,23.9396095276
0.9080000000,26.8149375916
0.9090000000,29.0966033936
0.9100000000,33.1664085388
0.9110000000,34.1391563416
0.9120000000,36.0560417175
0.9130000000,39.6966934204
0.9140000000,40.3833389282
0.9150000000,41.8066978455
0.9160000000,45.4616546631
0.9170000000,45.0468063354
0.9180000000,47.0852851868
0.9190000000,48.0723381042
0.9200000000,48.5658645630
0.9210000000,50.6758689880
0.9220000000,49.7961044312
0.9230000000,51.6414642334
0.9240000000,50.6258010864
0.9250000000,51.3696670532
0.9260000000,51.1550903320
0.9270000000,50.2681732178
0.9280000000,51.3052940369
0.9290000000,49.5743751526
0.9300000000,49.5886802673
0.9310000000,47.9006767273
0.9320000000,46.9923019409
0.9330000000,46.1840629578
0.9340000000,43.9953804016
0.9350000000,43.6592102051
0.9360000000,40.6980514526
0.9370000000,39.1030311584
0.9380000000,37.9085540771
0.9390000000,35.0332260132
0.9400000000,32.9661369324
0.9410000000,30.2338600159
0.9420000000,28.8677215576
0.9430000000,24.9838829041
0.9440000000,22.7451324463
0.9450000000,19.8054313660
0.9460000000,17.1303749084
0.9470000000,15.3708457947
0.9480000000,11.3224983215
0.9490000000,8.1825256348
0.9500000000,4.8851966858
0.9510000000,1.8453598022
0.9520000000,-0.9942054749
0.9530000000,-3.3831596375
0.9540000000,-5.6791305542
0.9550000000,-8.1253051758
0.9560000000,-10.8504295349
0.9570000000,-14.1906738281
0.9580000000,-15.9645080566
0.9590000000,-19.0401077271
0.9600000000,-22.6664543152
0.9610000000,-25.3701210022
0.9620000000,-29.4327735901
0.9630000000,-30.3053855896
0.9640000000,-32.8373908997
0.9650000000,-35.9630584717
0.9660000000,-38.7740135193
0.9670000000,-39.6966934204
0.9680000000,-41.9640541077
0.9690000000,-44.4102287292
0.9700000000,-45.2971458435
0.9710000000,-47.8363037109
0.9720000000,-47.7647781372
0.9730000000,-49.3383407593
0.9740000000,-50.7974624634
0.9750000000,-50.0607490540
0.9760000000,-52.5712966919
0.9770000000,-50.7831573486
0.9780000000,-52.4568557739
0.9790000000,-50.9333610535
0.9800000000,-51.0048866272
0.9810000000,-50.6401062012
0.9820000000,-49.7102737427
0.9830000000,-49.4956970215
0.9840000000,-47.2569465637
0.9850000000,-47.3570823669
0.9860000000,-44.8751449585
0.9870000000,-43.3516502380
0.9880000000,-42.6864624023
0.9890000000,-39.2603874207
0.9900000000,-37.5223159790
0.9910000000,-35.6554985046
0.9920000000,-32.6013565063
0.9930000000,-29.5972824097
0.9940000000,-27.1654129028
0.9950000000,-25.0911712646
0.9960000000,-21.3718414307
0.9970000000,-18.5894966125
0.9980000000,-15.3923034668
0.9990000000,-11.8875503540
1.0000000000,-9.1195106506
1.0010000000,-6.2227249146
1.0020000000,-2.8753280640
1.0030000000,0.3862380981
1.0040000000,2.9826164246
1.0050000000,5.2642822266
1.0060000000,7.4601173401
1.0070000000,10.0564956665
1.0080000000,13.5111808777
1.0090000000,16.6082382202
1.0100000000,19.6623802185
1.0110000000,22.9096412659
1.0120000000,26.0567665100
1.0130000000,27.8949737549
1.0140000000,31.1207771301
1.0150000000,34.3966484070
1.0160000000,36.6425514221
1.0170000000,38.0587577820
1.0180000000,41.4276123047
1.0190000000,43.1013107300
1.0200000000,44.4173812866
1.0210000000,46.8063354492
1.0220000000,47.8076934814
1.0230000000,48.6660003662
1.0240000000,50.0535964966
1.0250000000,50.0321388245
1.0260000000,52.2351264954
1.0270000000,50.4755973816
1.0280000000,52.2923469543
1.0290000000,51.0263442993
1.0300000000,50.9834289551
1.0310000000,50.4326820374
1.0320000000,49.1309165955
1.0330000000,49.5100021362
1.0340000000,46.8850135803
1.0350000000,46.8206405640
1.0360000000,44.0454483032
1.0370000000,42.0928001404
1.0380000000,41.9497489929
1.0390000000,38.2590293884
1.0400000000,35.9487533569
1.0410000000,34.4824790955
1.0420000000,31.3568115234
1.0430000000,28.8105010986
1.0440000000,25.3200531006
1.0450000000,23.5748291016
1.0460000000,19.9127197266
1.0470000000,15.9144401550
1.0480000000,12.9318237305
1.0490000000,9.6845626831
1.0500000000,6.1225891113
1.0510000000,2.6750564575
1.0520000000,-0.5650520325
1.0530000000,-3.4046173096
1.0540000000,-5.9437751770
1.0550000000,-8.8119506836
1.0560000000,-11.6586685181
1.0570000000,-14.5983695984
1.0580000000,-18.7969207764
1.0590000000,-22.2945213318
1.0600000000,-23.6248970032
1.0610000000,-27.1868705750
1.0620000000,-30.3554534912
1.0630000000,-34.4967842102
1.0640000000,-34.8043441772
1.0650000000,-38.2804870605
1.0660000000,-41.7423248291
1.0670000000,-42.1786308289
1.0680000000,-44.8393821716
1.0690000000,-47.3141670227
1.0700000000,-47.5287437439
1.0710000000,-49.9963760376
1.0720000000,-49.8461723328
1.0730000000,-50.8046150208
1.0740000000,-52.1135330200
1.0750000000,-51.5556335449
1.0760000000,-52.3352622986
1.0770000000,-50.9905815125
1.0780000000,-52.3138046265
1.0790000000,-49.3884086609
1.0800000000,-49.7102737427
1.0810000000,-48.8376617432
1.0820000000,-46.5917587280
1.0830000000,-46.5130805969
1.0840000000,-43.2372093201
1.0850000000,-41.5492057800
1.0860000000,-39.5607948303
1.0870000000,-36.5352630615
1.0880000000,-34.0962409973
1.0890000000,-31.9361686707
1.0900000000,-27.9736518860
1.0910000000,-24.8336791992
1.0920000000,-21.4505195618
1.0930000000,-19.2689895630
1.0940000000,-16.1147117615
1.0950000000,-11.8446350098
1.0960000000,-7.8463554382
1.0970000000,-4.7063827515
1.0980000000,-1.4019012451
1.0990000000,1.8811225891
1.1000000000,4.4345855713
1.1010000000,7.0023536682
1.1020000000,10.1065635681
1.1030000000,13.9760971069
1.1040000000,16.7727470398
1.1050000000,19.5407867432
1.1060000000,23.1242179871
1.1070000000,26.5002250671
1.1080000000,30.4055213928
1.1090000000,32.8230857849
1.1100000000,34.8973274231
1.1110000000,37.5151634216
1.1120000000,41.8853759766
1.1130000000,42.0355796814
1.1140000000,45.0611114502
1.1150000000,46.8420982361
1.1160000000,47.2855567932
1.1170000000,50.1823425293
1.1180000000,49.9033927917
1.1190000000,51.3339042664
1.1200000000,51.2838363647
1.1210000000,51.6057014465
1.1220000000,51.6986846924
1.1230000000,50.5399703979
1.1240000000,51.7487525940
1.1250000000,49.4098663330
1.1260000000,49.3454933167
1.1270000000,47.3785400391
1.1280000000,45.3543663025
1.1290000000,44.9037551880
1.1300000000,41.8210029602
1.1310000000,40.3761863708
1.1320000000,37.3148918152
1.1330000000,34.7900390625
1.1340000000,32.0863723755
1.1350000000,30.5914878845
1.1360000000,25.8564949036
1.1370000000,22.9954719543
1.1380000000,19.4835662842
1.1390000000,15.7928466797
1.1400000000,12.9604339600
1.1410000000,8.5401535034
1.1420000000,4.2414665222
1.1430000000,0.8082389832
1.1440000000,-2.4962425232
1.1450000000,-5.2785873413
1.1460000000,-8.5401535034
1.1470000000,-11.6443634033
1.1480000000,-14.3051147461
1.1490000000,-18.0029869080
1.1500000000,-21.8868255615
1.1510000000,-24.8050689697
1.1520000000,-29.5042991638
1.1530000000,-31.2852859497
1.1540000000,-34.0533256531
1.1550000000,-37.1146202087
1.1560000000,-40.4977798462
1.1570000000,-42.3002243042
1.1580000000,-44.7821617126
1.1590000000,-46.4129447937
1.1600000000,-48.0222702026
1.1610000000,-50.4326820374
1.1620000000,-49.8104095459
1.1630000000,-52.3352622986
1.1640000000,-51.1980056763
1.1650000000,-52.1421432495
1.1660000000,-51.9490242004
1.1670000000,-51.5127182007
1.1680000000,-51.3696670532
1.1690000000,-49.7889518738
1.1700000000,-49.9749183655
1.1710000000,-46.9207763672
1.1720000000,-45.6976890564
1.1730000000,-44.4316864014
1.1740000000,-40.7767295837
1.1750000000,-39.4892692566
1.1760000000,-36.0488891602
1.1770000000,-33.0662727356
1.1780000000,-30.1766395569
1.1790000000,-27.4157524109
1.1800000000,-22.8738784790
1.1810000000,-19.6695327759
1.1820000000,-16.3507461548
1.1830000000,-12.0806694031
1.1840000000,-8.7475776672
1.1850000000,-5.0997734070
1.1860000000,-1.1014938354
1.1870000000,2.3889541626
1.1880000000,5.4359436035
1.1890000000,8.0966949463
1.1900000000,11.2366676331
1.1910000000,15.2993202209
1.1920000000,18.7540054321
1.1930000000,22.3660469055
1.1940000000,26.9007682800
1.1950000000,28.9463996887
1.1960000000,31.9576263428
1.1970000000,35.1905822754
1.1980000000,39.3748283386
1.1990000000,40.3833389282
1.2000000000,43.1585311890
1.2010000000,45.6690788269
1.2020000000,47.0209121704
1.2030000000,49.3240356445
1.2040000000,49.7674942017
1.2050000000,51.3267517090
1.2060000000,51.2266159058
1.2070000000,51.1407852173
1.2080000000,53.0791282654
1.2090000000,50.6401062012
1.2100000000,51.9061088562
1.2110000000,49.5386123657
1.2120000000,49.2095947266
1.2130000000,47.1854209900
1.2140000000,44.8894500732
1.2150000000,44.8751449585
1.2160000000,40.7266616821
1.2170000000,38.4950637817
1.2180000000,37.1217727661
1.2190000000,32.8302383423
1.2200000000,30.0621986389
1.2210000000,27.2798538208
1.2220000000,23.5891342163
1.2230000000,18.9256668091
1.2240000000,15.7928466797
1.2250000000,11.4083290100
1.2260000000,7.3671340942
1.2270000000,3.6334991455
1.2280000000,-0.4434585571
1.2290000000,-3.9052963257
1.2300000000,-7.1883201599
1.2310000000,-10.6143951416
1.2320000000,-14.2621994019
1.2330000000,-17.3449516296
1.2340000000,-21.8653678894
1.2350000000,-25.7635116577
1.2360000000,-27.6231765747
1.2370000000,-32.0005416870
1.2380000000,-35.8128547668
1.2390000000,-38.2804870605
1.2400000000,-40.2832031250
1.2410000000,-44.2528724670
1.2420000000,-45.8121299744
1.2430000000,-47.1997261047
1.2440000000,-50.1394271851
1.2450000000,-50.0965118408
1.2460000000,-52.2136688232
1.2470000000,-51.4340400696
1.2480000000,-52.2565841675
1.2490000000,-52.1206855774
1.2500000000,-51.5484809875
1.2510000000,-51.8703460693
1.2520000000,-49.3884086609
1.2530000000,-49.9606132507
1.2540000000,-46.8921661377
1.2550000000,-45.1040267944
1.2560000000,-43.1013107300
1.2570000000,-39.8254394531
1.2580000000,-37.3721122742
1.2590000000,-34.4467163086
1.2600000000,-30.3411483765
1.2610000000,-27.0295143127
1.2620000000,-24.3902206421
1.2630000000,-20.5063819885
1.2640000000,-15.4137611389
1.2650000000,-11.8732452393
1.2660000000,-7.6389312744
1.2670000000,-3.8409233093
1.2680000000,0.2789497375
1.2690000000,3.7980079651
1.2700000000,6.6304206848
1.2710000000,10.3282928467
1.2720000000,13.9188766479
1.2730000000,18.2247161865
1.2740000000,22.1943855286
1.2750000000,24.9981880188
1.2760000000,28.6459922791
1.2770000000,32.1793556213
1.2780000000,36.7927551270
1.2790000000,38.2375717163
1.2800000000,40.7695770264
1.2810000000,44.8322296143
1.2820000000,45.7262992859
1.2830000000,48.4228134155
1.2840000000,49.3240356445
1.2850000000,50.1036643982
1.2860000000,52.1636009216
1.2870000000,51.2409210205
1.2880000000,53.2579421997
1.2890000000,51.1050224304
1.2900000000,51.6986846924
1.2910000000,50.2967834473
1.2920000000,48.7446784973
1.2930000000,47.7504730225
1.2940000000,45.1827049255
1.2950000000,44.2028045654
1.2960000000,40.5406951904
1.2970000000,37.7511978149
1.2980000000,36.2706184387
1.2990000000,31.8646430969
1.3000000000,28.7032127380
1.3010000000,24.4402885437
1.3020000000,21.9225883484
1.3030000000,17.0946121216
1.3040000000,12.4740600586
1.3050000000,7.9751014709
1.3060000000,4.0483474731
1.3070000000,-0.0572204590
1.3080000000,-3.9196014404
1.3090000000,-7.1239471436
1.3100000000,-10.9148025513
1.3110000000,-14.9488449097
1.3120000000,-19.3977355957
1.3130000000,-22.0656394958
1.3140000000,-26.2141227722
1.3150000000,-29.8762321472
1.3160000000,-34.4109535217
1.3170000000,-36.5352630615
1.3180000000,-39.3605232239
1.3190000000,-43.6949729919
1.3200000000,-44.7320938110
1.3210000000,-47.1496582031
1.3220000000,-49.7817993164
1.3230000000,-50.1251220703
1.3240000000,-52.4282455444
1.3250000000,-51.5556335449
1.3260000000,-52.7286529541
1.3270000000,-51.9418716431
1.3280000000,-51.5913963318
1.3290000000,-51.7487525940
1.3300000000,-49.4170188904
1.3310000000,-49.4670867920
1.3320000000,-46.2698936462
1.3330000000,-44.2314147949
1.3340000000,-41.6779518127
1.3350000000,-38.2590293884
1.3360000000,-35.3908538818
1.3370000000,-32.2008132935
1.3380000000,-27.5158882141
1.3390000000,-24.0969657898
1.3400000000,-20.5707550049
1.3410000000,-16.5510177612
1.3420000000,-12.0449066162
1.3430000000,-7.1668624878
1.3440000000,-2.7823448181
1.3450000000,1.2230873108
1.3460000000,4.7135353088
1.3470000000,8.3613395691
1.3480000000,12.4669075012
1.3490000000,15.9716606140
1.3500000000,19.7124481201
1.3510000000,23.7393379211
1.3520000000,27.5802612305
1.3530000000,32.5369834900
1.3540000000,34.9330902100
1.3550000000,37.8441810608
1.3560000000,41.5706634521
1.3570000000,43.8451766968
1.3580000000,45.9265708923
1.3590000000,48.9306449890
1.3600000000,49.2954254150
1.3610000000,51.5985488892
1.3620000000,51.4197349548
1.3630000000,51.8703460693
1.3640000000,52.6714324951
1.3650000000,51.1550903320
1.3660000000,51.8560409546
1.3670000000,49.4742393494
1.3680000000,48.7446784973
1.3690000000,46.1983680725
1.3700000000,43.7021255493
1.3710000000,42.5505638123
1.3720000000,38.2304191589
1.3730000000,35.6626510620
1.3740000000,33.4024429321
1.3750000000,28.0237197876
1.3760000000,25.0482559204
1.3770000000,20.3132629395
1.3780000000,16.2148475647
1.3790000000,12.3095512390
1.3800000000,7.0953369141
1.3810000000,2.3388862610
1.3820000000,-1.9097328186
1.3830000000,-5.5718421936
1.3840000000,-9.6559524536
1.3850000000,-13.4110450745
1.3860000000,-16.6726112366
1.3870000000,-21.4433670044
1.3880000000,-25.7277488708
1.3890000000,-29.6115875244
1.3900000000,-33.6885452271
1.3910000000,-36.2920761108
1.3920000000,-39.9255752563
1.3930000000,-43.5304641724
1.3940000000,-45.0754165649
1.3950000000,-48.3441352844
1.3960000000,-49.2882728577
1.3970000000,-50.6258010864
1.3980000000,-52.5856018066
1.3990000000,-52.0277023315
1.4000000000,-53.1148910522
1.4010000000,-51.7416000366
1.4020000000,-52.4139404297
1.4030000000,-50.1251220703
1.4040000000,-49.2525100708
1.4050000000,-47.8076934814
1.4060000000,-44.3243980408
1.4070000000,-43.4231758118
1.4080000000,-38.4306907654
1.4090000000,-35.5195999146
1.4100000000,-32.6299667358
1.4110000000,-28.2812118530
1.4120000000,-23.6320495605
1.4130000000,-20.0057029724
1.4140000000,-15.3994560242
1.4150000000,-11.0363960266
1.4160000000,-6.2370300293
1.4170000000,-1.6951560974
1.4180000000,2.7465820313
1.4190000000,6.0939788818
1.4200000000,10.5214118958
1.4210000000,13.9331817627
1.4220000000,18.3749198914
1.4230000000,22.4447250366
1.4240000000,26.8721580505
1.4250000000,32.0291519165
1.4260000000,33.9460372925
1.4270000000,37.1932983398
1.4280000000,42.3216819763
1.4290000000,43.6091423035
1.4300000000,45.7549095154
1.4310000000,48.9521026611
1.4320000000,49.7031211853
1.4330000000,51.9561767578
1.4340000000,51.5198707581
1.4350000000,52.8931617737
1.4360000000,52.3567199707
1.4370000000,51.3982772827
1.4380000000,50.8761405945
1.4390000000,48.7589836121
1.4400000000,48.3942031860
1.4410000000,44.9967384338
1.4420000000,42.5076484680
1.4430000000,40.4119491577
1.4440000000,36.3850593567
1.4450000000,32.7801704407
1.4460000000,30.7273864746
1.4470000000,24.7335433960
1.4480000000,20.6780433655
1.4490000000,15.8357620239
1.4500000000,11.3940238953
1.4510000000,6.5732002258
1.4520000000,1.9168853760
1.4530000000,-2.5105476379
1.4540000000,-6.0796737671
1.4550000000,-10.3282928467
1.4560000000,-14.7771835327
1.4570000000,-19.2618370056
1.4580000000,-23.1671333313
1.4590000000,-28.6245346069
1.4600000000,-31.8717956543
1.4610000000,-35.0189208984
1.4620000000,-38.8312339783
1.4630000000,-42.8509712219
1.4640000000,-44.8322296143
1.4650000000,-48.0580329895
1.4660000000,-48.9234924316
1.4670000000,-50.8332252502
1.4680000000,-52.4926185608
1.4690000000,-51.8774986267
1.4700000000,-53.5798072815
1.4710000000,-51.5842437744
1.4720000000,-52.5641441345
1.4730000000,-50.1394271851
1.4740000000,-49.0736961365
1.4750000000,-46.8564033508
1.4760000000,-43.9238548279
1.4770000000,-42.0856475830
1.4780000000,-36.6783142090
1.4790000000,-33.5025787354
1.4800000000,-30.5414199829
1.4810000000,-26.1211395264
1.4820000000,-20.5707550049
1.4830000000,-16.3578987122
1.4840000000,-11.9304656982
1.4850000000,-6.8235397339
1.4860000000,-2.1743774414
1.4870000000,2.1886825562
1.4880000000,6.0582160950
1.4890000000,10.3139877319
1.4900000000,14.9345397949
1.4910000000,18.9542770386
1.4920000000,23.7894058228
1.4930000000,28.7961959839
1.4940000000,31.4569473267
1.4950000000,35.3622436523
1.4960000000,40.0614738464
1.4970000000,42.0928001404
1.4980000000,44.6677207947
1.4990000000,48.4871864319
1.5000000000,49.0522384644
1.5010000000,51.3052940369
1.5020000000,51.7630577087
1.5030000000,52.2422790527
1.5040000000,53.0719757080
1.5050000000,50.7545471191
1.5060000000,52.3567199707
1.5070000000,48.9234924316
1.5080000000,48.1867790222
1.5090000000,45.2756881714
1.5100000000,42.0856475830
1.5110000000,40.7981872559
1.5120000000,36.1490249634
1.5130000000,32.0076942444
1.5140000000,29.3183326721
1.5150000000,24.0182876587
1.5160000000,18.5608863831
1.5170000000,14.3694877625
1.5180000000,9.1695785522
1.5190000000,4.4274330139
1.5200000000,-0.4720687866
1.5210000000,-4.9281120300
1.5220000000,-8.9263916016
1.5230000000,-13.6899948120
1.5240000000,-17.6453590393
1.5250000000,-22.9954719543
1.5260000000,-28.0666351318
1.5270000000,-30.4841995239
1.5280000000,-34.7256660461
1.5290000000,-40.0042533875
1.5300000000,-41.6278839111
1.5310000000,-45.1183319092
1.5320000000,-48.6087799072
1.5330000000,-48.9807128906
1.5340000000,-52.0205497742
1.5350000000,-51.7416000366
1.5360000000,-52.4997711182
1.5370000000,-53.2937049866
1.5380000000,-51.8274307251
1.5390000000,-51.9561767578
1.5400000000,-49.7245788574
1.5410000000,-48.9664077759
1.5420000000,-45.0110435486
1.5430000000,-42.5577163696
1.5440000000,-39.6108627319
1.5450000000,-34.6398353577
1.5460000000,-30.7703018188
1.5470000000,-27.3871421814
1.5480000000,-22.4804878235
1.5490000000,-16.8728828430
1.5500000000,-11.9376182556
1.5510000000,-7.2741508484
1.5520000000,-2.1815299988
1.5530000000,2.3961067200
1.5540000000,6.6876411438
1.5550000000,10.7216835022
1.5560000000,15.5568122864
1.5570000000,20.4563140869
1.5580000000,25.5060195923
1.5590000000,28.7961959839
1.5600000000,32.9160690308
1.5610000000,37.8298759460
1.5620000000,40.7624244690
1.5630000000,43.4446334839
1.5640000000,46.9636917114
1.5650000000,48.8448143005
1.5660000000,50.2252578735
1.5670000000,51.9061088562
1.5680000000,51.8631935120
1.5690000000,53.6227226257
1.5700000000,51.4340400696
1.5710000000,52.3638725281
1.5720000000,49.3311882019
1.5730000000,48.3083724976
1.5740000000,45.4545021057
1.5750000000,42.6793098450
1.5760000000,40.4691696167
1.5770000000,35.9129905701
1.5780000000,31.9075584412
1.5790000000,27.6660919189
1.5800000000,23.8895416260
1.5810000000,17.7955627441
1.5820000000,12.3095512390
1.5830000000,7.7748298645
1.5840000000,2.6178359985
1.5850000000,-2.4676322937
1.5860000000,-6.9594383240
1.5870000000,-11.2223625183
1.5880000000,-16.0574913025
1.5890000000,-21.4433670044
1.5900000000,-25.9780883789
1.5910000000,-29.4041633606
1.5920000000,-33.7886810303
1.5930000000,-39.5536422729
1.5940000000,-40.6837463379
1.5950000000,-45.1040267944
1.5960000000,-48.1081008911
1.5970000000,-49.0164756775
1.5980000000,-52.1636009216
1.5990000000,-51.6986846924
1.6000000000,-52.8931617737
1.6010000000,-52.9146194458
1.6020000000,-51.9776344299
1.6030000000,-51.9132614136
1.6040000000,-49.4098663330
1.6050000000,-48.5229492188
1.6060000000,-44.2457199097
1.6070000000,-41.5277481079
1.6080000000,-38.3520126343
1.6090000000,-32.9375267029
1.6100000000,-28.7961959839
1.6110000000,-24.9695777893
1.6120000000,-20.3490257263
1.6130000000,-13.7901306152
1.6140000000,-8.9049339294
1.6150000000,-3.7479400635
1.6160000000,1.3303756714
1.6170000000,5.7005882263
1.6180000000,10.1852416992
1.6190000000,14.9559974670
1.6200000000,20.5492973328
1.6210000000,24.4188308716
1.6220000000,28.6030769348
1.6230000000,32.9661369324
1.6240000000,38.5236740112
1.6250000000,40.7552719116
1.6260000000,43.8380241394
1.6270000000,47.5716590881
1.6280000000,48.9735603333
1.6290000000,51.4626502991
1.6300000000,51.5556335449
1.6310000000,53.0934333801
1.6320000000,52.6142120361
1.6330000000,51.4268875122
1.6340000000,51.6414642334
1.6350000000,48.6803054810
1.6360000000,47.5573539734
1.6370000000,44.2028045654
1.6380000000,40.5550003052
1.6390000000,38.5165214539
1.6400000000,33.2236289978
1.6410000000,28.6889076233
1.6420000000,24.2900848389
1.6430000000,19.7482109070
1.6440000000,13.7042999268
1.6450000000,7.8606605530
1.6460000000,2.6679039001
1.6470000000,-2.2029876709
1.6480000000,-6.6947937012
1.6490000000,-11.9519233704
1.6500000000,-16.9229507446
1.6510000000,-21.9511985779
1.6520000000,-25.6776809692
1.6530000000,-30.6200981140
1.6540000000,-35.4695320129
1.6550000000,-39.6680831909
1.6560000000,-42.5219535828
1.6570000000,-46.3414192200
1.6580000000,-47.9578971863
1.6590000000,-50.4469871521
1.6600000000,-52.3996353149
1.6610000000,-51.7916679382
1.6620000000,-54.1234016418
1.6630000000,-51.8345832825
1.6640000000,-52.7000427246
1.6650000000,-50.1179695129
1.6660000000,-48.3942031860
1.6670000000,-46.0267066956
1.6680000000,-42.0784950256
1.6690000000,-39.3247604370
1.6700000000,-34.2392921448
1.6710000000,-29.3111801147
1.6720000000,-24.7550010681
1.6730000000,-20.2775001526
1.6740000000,-14.9846076965
1.6750000000,-8.5330009460
1.6760000000,-3.1685829163
1.6770000000,1.9669532776
1.6780000000,6.3657760620
1.6790000000,11.5585327148
1.6800000000,16.6082382202
1.6810000000,20.9212303162
1.6820000000,25.5346298218
1.6830000000,30.2696228027
1.6840000000,35.9988212585
1.6850000000,38.8956069946
1.6860000000,42.1428680420
1.6870000000,46.3271141052
1.6880000000,48.3226776123
1.6890000000,50.0893592834
1.6900000000,51.8846511841
1.6910000000,51.9776344299
1.6920000000,53.8802146912
1.6930000000,51.5270233154
1.6940000000,52.3710250854
1.6950000000,49.0379333496
1.6960000000,47.7790832520
1.6970000000,44.6462631226
1.6980000000,41.4276123047
1.6990000000,38.5951995850
1.7000000000,33.4310531616
1.7010000000,28.8391113281
1.7020000000,23.4246253967
1.7030000000,19.6552276611
1.7040000000,13.6184692383
1.7050000000,7.3671340942
1.7060000000,1.6236305237
1.7070000000,-3.8480758667
1.7080000000,-8.4686279297
1.7090000000,-13.7972831726
1.7100000000,-18.3820724487
1.7110000000,-22.4518775940
1.7120000000,-28.3026695251
1.7130000000,-33.3666801453
1.7140000000,-38.1803512573
1.7150000000,-40.2545928955
1.7160000000,-44.6176528931
1.7170000000,-48.0079650879
1.7180000000,-49.2811203003
1.7190000000,-52.2136688232
1.7200000000,-52.0420074463
1.7210000000,-53.5655021667
1.7220000000,-52.6857376099
1.7230000000,-51.7702102661
1.7240000000,-51.2480735779
1.7250000000,-48.4585762024
1.7260000000,-46.8206405640
1.7270000000,-42.5291061401
1.7280000000,-38.6953353882
1.7290000000,-34.7757339478
1.7300000000,-29.2611122131
1.7310000000,-24.5976448059
1.7320000000,-19.3548202515
1.7330000000,-13.7543678284
1.7340000000,-8.2111358643
1.7350000000,-2.1171569824
1.7360000000,3.4403800964
1.7370000000,8.3827972412
1.7380000000,12.9032135010
1.7390000000,17.9672241211
1.7400000000,22.6306915283
1.7410000000,27.9664993286
1.7420000000,33.4525108337
1.7430000000,37.5366210938
1.7440000000,40.6050682068
1.7450000000,44.8966026306
1.7460000000,47.3427772522
1.7470000000,49.1595268250
1.7480000000,52.1492958069
1.7490000000,51.9132614136
1.7500000000,53.9517402649
1.7510000000,51.7988204956
1.7520000000,52.1206855774
1.7530000000,50.2252578735
1.7540000000,47.0995903015
1.7550000000,45.7262992859
1.7560000000,41.7566299438
1.7570000000,38.3090972900
1.7580000000,33.8530540466
1.7590000000,28.5100936890
1.7600000000,23.1671333313
1.7610000000,17.8885459900
1.7620000000,13.0105018616
1.7630000000,6.5159797668
1.7640000000,0.3790855408
1.7650000000,-5.1712989807
1.7660000000,-10.3354454041
1.7670000000,-14.7771835327
1.7680000000,-19.8483467102
1.7690000000,-25.3558158875
1.7700000000,-30.4627418518
1.7710000000,-36.2634658813
1.7720000000,-38.5236740112
1.7730000000,-42.6936149597
1.7740000000,-46.9851493835
1.7750000000,-48.6516952515
1.7760000000,-51.5413284302
1.7770000000,-51.6414642334
1.7780000000,-53.1077384949
1.7790000000,-52.9932975769
1.7800000000,-52.1993637085
1.7810000000,-51.9561767578
1.7820000000,-48.5372543335
1.7830000000,-47.8649139404
1.7840000000,-42.5648689270
1.7850000000,-39.1459465027
1.7860000000,-35.4051589966
1.7870000000,-29.1681289673
1.7880000000,-24.5547294617
1.7890000000,-18.5751914978
1.7900000000,-13.4110450745
1.7910000000,-7.1883201599
1.7920000000,-1.3303756714
1.7930000000,4.3487548828
1.7940000000,9.1767311096
1.7950000000,14.4338607788
1.7960000000,19.4048881531
1.7970000000,24.6977806091
1.7980000000,30.0765037537
1.7990000000,35.7842445374
1.8000000000,38.3234024048
1.8010000000,42.2501564026
1.8020000000,47.0781326294
1.8030000000,48.2153892517
1.8040000000,51.1908531189
1.8050000000,52.0420074463
1.8060000000,53.0290603638
1.8070000000,52.8216362000
1.8080000000,51.6700744629
1.8090000000,51.2623786926
1.8100000000,48.0079650879
1.8110000000,46.9779968262
1.8120000000,42.2716140747
1.8130000000,38.0373001099
1.8140000000,35.1977348328
1.8150000000,28.9034843445
1.8160000000,23.8680839539
1.8170000000,17.7383422852
1.8180000000,12.0663642883
1.8190000000,6.5231323242
1.8200000000,0.3719329834
1.8210000000,-5.4144859314
1.8220000000,-10.1923942566
1.8230000000,-15.5425071716
1.8240000000,-21.1429595947
1.8250000000,-26.7362594604
1.8260000000,-32.6442718506
1.8270000000,-35.8843803406
1.8280000000,-40.2331352234
1.8290000000,-44.7249412537
1.8300000000,-46.8134880066
1.8310000000,-49.3597984314
1.8320000000,-52.4282455444
1.8330000000,-51.8774986267
1.8340000000,-54.2020797729
1.8350000000,-52.0777702332
1.8360000000,-52.9432296753
1.8370000000,-49.5243072510
1.8380000000,-48.1152534485
1.8390000000,-45.2470779419
1.8400000000,-40.1544570923
1.8410000000,-36.5209579468
1.8420000000,-31.9004058838
1.8430000000,-25.2485275269
1.8440000000,-20.0128555298
1.8450000000,-14.1620635986
1.8460000000,-8.5616111755
1.8470000000,-2.1386146545
1.8480000000,3.7407875061
1.8490000000,8.8977813721
1.8500000000,13.8473510742
1.8510000000,19.8125839233
1.8520000000,24.9123573303
1.8530000000,30.7202339172
1.8540000000,35.2835655212
1.8550000000,39.1244888306
1.8560000000,43.5733795166
1.8570000000,46.5059280396
1.8580000000,48.6302375793
1.8590000000,52.3781776428
1.8600000000,51.6271591187
1.8610000000,53.8444519043
1.8620000000,52.3781776428
1.8630000000,51.7988204956
1.8640000000,50.3396987915
1.8650000000,46.8206405640
1.8660000000,45.5904006958
1.8670000000,40.7123565674
1.8680000000,36.6210937500
1.8690000000,32.5798988342
1.8700000000,25.5560874939
1.8710000000,20.3919410706
1.8720000000,14.3837928772
1.8730000000,8.2397460938
1.8740000000,2.0313262939
1.8750000000,-3.6549568176
1.8760000000,-8.9693069458
1.8770000000,-14.7843360901
1.8780000000,-20.4277038574
1.8790000000,-25.6633758545
1.8800000000,-32.2365760803
1.8810000000,-35.5410575867
1.8820000000,-39.6323204041
1.8830000000,-45.0968742371
1.8840000000,-46.5846061707
1.8850000000,-49.7961044312
1.8860000000,-52.0348548889
1.8870000000,-52.5426864624
1.8880000000,-53.7228584290
1.8890000000,-51.9418716431
1.8900000000,-52.9217720032
1.8910000000,-49.3741035461
1.8920000000,-47.3213195801
1.8930000000,-43.9310073853
1.8940000000,-39.2746925354
1.8950000000,-34.9903106689
1.8960000000,-29.6044349670
1.8970000000,-23.1742858887
1.8980000000,-18.0387496948
1.8990000000,-11.5227699280
1.9000000000,-5.1999092102
1.9010000000,0.9012222290
1.9020000000,6.3085556030
1.9030000000,11.9304656982
1.9040000000,17.9100036621
1.9050000000,22.9382514954
1.9060000000,29.1252136230
1.9070000000,33.8101387024
1.9080000000,38.0587577820
1.9090000000,42.5577163696
1.9100000000,45.9980964661
1.9110000000,48.2296943665
1.9120000000,52.1206855774
1.9130000000,51.5413284302
1.9140000000,53.7586212158
1.9150000000,52.4711608887
1.9160000000,52.1063804626
1.9170000000,49.6816635132
1.9180000000,47.6288795471
1.9190000000,45.3829765320
1.9200000000,40.3046607971
1.9210000000,36.0417366028
1.9220000000,32.1149826050
1.9230000000,24.7836112976
1.9240000000,19.4191932678
1.9250000000,12.9175186157
1.9260000000,6.8306922913
1.9270000000,0.2145767212
1.9280000000,-5.5432319641
1.9290000000,-10.7860565186
1.9300000000,-16.9944763184
1.9310000000,-22.2444534302
1.9320000000,-29.1752815247
1.9330000000,-33.7672233582
1.9340000000,-37.6367568970
1.9350000000,-42.4647331238
1.9360000000,-46.0839271545
1.9370000000,-48.3226776123
1.9380000000,-51.8059730530
1.9390000000,-52.0920753479
1.9400000000,-53.9875030518
1.9410000000,-52.2780418396
1.9420000000,-52.2780418396
1.9430000000,-50.4469871521
1.9440000000,-47.6574897766
1.9450000000,-44.9180603027
1.9460000000,-39.6966934204
1.9470000000,-35.2048873901
1.9480000000,-30.4198265076
1.9490000000,-23.4103202820
1.9500000000,-17.3735618591
1.9510000000,-11.6014480591
1.9520000000,-4.9638748169
1.9530000000,1.7237663269
1.9540000000,6.8378448486
1.9550000000,12.6028060913
1.9560000000,18.1531906128
1.9570000000,24.0683555603
1.9580000000,30.7631492615
1.9590000000,34.6755981445
1.9600000000,39.1101837158
1.9610000000,44.3530082703
1.9620000000,46.7562675476
1.9630000000,49.8747825623
1.9640000000,51.5270233154
1.9650000000,52.1492958069
1.9660000000,54.0089607239
1.9670000000,51.9061088562
1.9680000000,51.9347190857
1.9690000000,48.5944747925
1.9700000000,46.6275215149
1.9710000000,42.4361228943
1.9720000000,37.7726554871
1.9730000000,33.7100028992
1.9740000000,27.6446342468
1.9750000000,20.5922126770
1.9760000000,15.0203704834
1.9770000000,8.2397460938
1.9780000000,1.8525123596
1.9790000000,-4.3201446533
1.9800000000,-9.9277496338
1.9810000000,-16.1933898926
1.9820000000,-21.4076042175
1.9830000000,-28.5029411316
1.9840000000,-32.9732894897
1.9850000000,-37.2505187988
1.9860000000,-42.3002243042
1.9870000000,-45.9122657776
1.9880000000,-48.6445426941
1.9890000000,-51.7272949219
1.9900000000,-52.0634651184
1.9910000000,-54.0161132813
1.9920000000,-52.2351264954
1.9930000000,-52.4353981018
1.9940000000,-50.1036643982
1.9950000000,-47.2283363342
1.9960000000,-44.4817543030
1.9970000000,-39.0315055847
1.9980000000,-34.0890884399
1.9990000000,-29.2181968689
2.0000000000,-21.9798088074
2.0010000000,-15.6140327454
2.0020000000,-9.5844268799
2.0030000000,-2.7751922607
2.0040000000,3.8194656372
2.0050000000,9.3626976013
2.0060000000,15.0275230408
2.0070000000,21.0213661194
2.0080000000,27.8019905090
2.0090000000,32.3510169983
2.0100000000,37.0931625366
2.0110000000,42.4003601074
2.0120000000,45.4545021057
2.0130000000,47.9865074158
2.0140000000,52.1636009216
2.0150000000,51.6414642334
2.0160000000,54.1305541992
2.0170000000,52.1850585938
2.0180000000,51.8989562988
2.0190000000,50.0965118408
2.0200000000,45.9980964661
2.0210000000,44.6391105652
2.0220000000,38.6238098145
2.0230000000,33.4239006042
2.0240000000,29.2754173279
2.0250000000,21.5220451355
2.0260000000,15.2277946472
2.0270000000,8.9406967163
2.0280000000,2.0170211792
2.0290000000,-4.5061111450
2.0300000000,-10.2281570435
2.0310000000,-15.9645080566
2.0320000000,-22.4447250366
2.0330000000,-29.2110443115
2.0340000000,-32.8516960144
2.0350000000,-37.8012657166
2.0360000000,-44.0526008606
2.0370000000,-45.9980964661
2.0380000000,-49.2668151855
2.0390000000,-51.9347190857
2.0400000000,-52.4568557739
2.0410000000,-53.9660453796
2.0420000000,-52.0420074463
2.0430000000,-52.6213645935
2.0440000000,-48.8805770874
2.0450000000,-46.2055206299
2.0460000000,-42.3359870911
2.0470000000,-36.8642807007
2.0480000000,-31.5856933594
2.0490000000,-26.3643264771
2.0500000000,-18.6967849731
2.0510000000,-12.0592117310
2.0520000000,-5.7435035706
2.0530000000,0.9655952454
2.0540000000,7.0381164551
2.0550000000,13.0462646484
2.0560000000,19.2260742188
2.0570000000,25.9923934937
2.0580000000,30.8704376221
2.0590000000,36.0846519470
2.0600000000,41.1200523376
2.0610000000,44.9323654175
2.0620000000,47.6646423340
2.0630000000,51.8918037415
2.0640000000,51.5127182007
2.0650000000,53.8444519043
2.0660000000,52.5641441345
2.0670000000,52.0420074463
2.0680000000,49.7460365295
2.0690000000,46.5989112854
2.0700000000,44.4960594177
2.0710000000,38.6738777161
2.0720000000,32.9947471619
2.0730000000,28.7318229675
2.0740000000,21.1572647095
2.0750000000,14.1119956970
2.0760000000,7.7891349792
2.0770000000,0.8654594421
2.0780000000,-5.6719779968
2.0790000000,-11.3368034363
2.0800000000,-17.7669525146
2.0810000000,-24.7979164124
2.0820000000,-29.8547744751
2.0830000000,-34.8258018494
2.0840000000,-39.8540496826
2.0850000000,-44.9538230896
2.0860000000,-47.3213195801
2.0870000000,-51.2480735779
2.0880000000,-51.6700744629
2.0890000000,-53.4367561340
2.0900000000,-52.8931617737
2.0910000000,-52.0920753479
2.0920000000,-51.1980056763
2.0930000000,-47.1210479736
2.0940000000,-45.0110435486
2.0950000000,-38.5594367981
2.0960000000,-33.5812568665
2.0970000000,-28.2597541809
2.0980000000,-21.6078758240
2.0990000000,-14.1692161560
2.1000000000,-7.3313713074
2.1010000000,-0.5722045898
2.1020000000,5.8650970459
2.1030000000,11.9519233704
2.1040000000,18.3320045471
2.1050000000,25.0911712646
2.1060000000,30.0693511963
2.1070000000,35.5839729309
2.1080000000,40.8911705017
2.1090000000,44.5389747620
2.1100000000,47.5573539734
2.1110000000,51.7845153809
2.1120000000,51.5055656433
2.1130000000,54.0304183960
2.1140000000,52.5784492493
2.1150000000,51.8274307251
2.1160000000,50.0035285950
2.1170000000,45.8264350891
2.1180000000,44.3243980408
2.1190000000,38.0945205688
2.1200000000,32.0291519165
2.1210000000,27.5301933289
2.1220000000,20.1201438904
2.1230000000,12.5098228455
2.1240000000,6.0296058655
2.1250000000,-0.7438659668
2.1260000000,-7.3671340942
2.1270000000,-13.2751464844
2.1280000000,-20.7567214966
2.1290000000,-26.8864631653
2.1300000000,-31.1064720154
2.1310000000,-36.8785858154
2.1320000000,-43.1942939758
2.1330000000,-45.2971458435
2.1340000000,-49.0021705627
2.1350000000,-51.7344474792
2.1360000000,-52.5856018066
2.1370000000,-53.8372993469
2.1380000000,-51.9633293152
2.1390000000,-52.6499748230
2.1400000000,-48.4299659729
2.1410000000,-45.4616546631
2.1420000000,-41.3203239441
2.1430000000,-35.2406501770
2.1440000000,-29.7117233276
2.1450000000,-23.7894058228
2.1460000000,-16.0145759583
2.1470000000,-8.9979171753
2.1480000000,-2.0384788513
2.1490000000,4.8208236694
2.1500000000,10.8289718628
2.1510000000,17.6525115967
2.1520000000,24.1184234619
2.1530000000,29.4899940491
2.1540000000,35.2120399475
2.1550000000,40.7266616821
2.1560000000,44.4102287292
2.1570000000,47.5287437439
2.1580000000,51.8488883972
2.1590000000,51.6629219055
2.1600000000,54.1090965271
2.1610000000,52.2923469543
2.1620000000,51.8560409546
2.1630000000,49.6745109558
2.1640000000,45.3114509583
2.1650000000,43.4303283691
2.1660000000,36.8356704712
2.1670000000,30.5414199829
2.1680000000,25.9709358215
2.1690000000,18.0673599243
2.1700000000,10.4856491089
2.1710000000,3.3402442932
2.1720000000,-3.3617019653
2.1730000000,-9.5629692078
2.1740000000,-16.5081024170
2.1750000000,-23.5891342163
2.1760000000,-28.1953811646
2.1770000000,-34.1892242432
2.1780000000,-39.8826599121
2.1790000000,-44.3744659424
2.1800000000,-47.3999977112
2.1810000000,-51.2480735779
2.1820000000,-51.8989562988
2.1830000000,-53.8444519043
2.1840000000,-52.4497032166
2.1850000000,-52.1850585938
2.1860000000,-50.0679016113
2.1870000000,-46.4057922363
2.1880000000,-43.3301925659
2.1890000000,-36.6282463074
2.1900000000,-31.0993194580
2.1910000000,-25.0124931335
2.1920000000,-18.3176994324
2.1930000000,-10.0851058960
2.1940000000,-2.9611587524
2.1950000000,3.9196014404
2.1960000000,10.0421905518
2.1970000000,17.5166130066
2.1980000000,23.5462188721
2.1990000000,29.2253494263
2.2000000000,34.9473953247
2.2010000000,40.8267974854
2.2020000000,44.5675849915
2.2030000000,47.7933883667
2.2040000000,51.6486167908
2.2050000000,51.8202781677
2.2060000000,54.4524192810
2.2070000000,52.0634651184
2.2080000000,51.6557693481
2.2090000000,49.2310523987
2.2100000000,44.7893142700
2.2110000000,42.4003601074
2.2120000000,35.4409217834
2.2130000000,29.0751457214
2.2140000000,24.1827964783
2.2150000000,16.0646438599
2.2160000000,8.4400177002
2.2170000000,1.0085105896
2.2180000000,-5.7291984558
2.2190000000,-12.3667716980
2.2200000000,-19.5407867432
2.2210000000,-25.0124931335
2.2220000000,-30.9419631958
2.2230000000,-36.7856025696
2.2240000000,-42.8652763367
2.2250000000,-45.7119941711
2.2260000000,-49.5457649231
2.2270000000,-51.2909889221
2.2280000000,-52.9789924622
2.2290000000,-53.7657737732
2.2300000000,-51.8703460693
2.2310000000,-51.9204139709
2.2320000000,-47.4214553833
2.2330000000,-44.4459915161
2.2340000000,-38.8169288635
2.2350000000,-32.9732894897
2.2360000000,-26.5359878540
2.2370000000,-20.1058387756
2.2380000000,-12.2523307800
2.2390000000,-4.3916702271
2.2400000000,2.5534629822
2.2410000000,9.1624259949
2.2420000000,16.5367126465
2.2430000000,22.6378440857
2.2440000000,28.5458564758
2.2450000000,34.4324111938
2.2460000000,40.6336784363
2.2470000000,44.4388389587
2.2480000000,47.7290153503
2.2490000000,51.5627861023
2.2500000000,51.8345832825
2.2510000000,54.4881820679
2.2520000000,52.0420074463
2.2530000000,51.5413284302
2.2540000000,48.7875938416
2.2550000000,44.8107719421
2.2560000000,41.3274765015
2.2570000000,34.5039367676
2.2580000000,28.1596183777
2.2590000000,22.5734710693
2.2600000000,14.5196914673
2.2610000000,6.7305564880
2.2620000000,-0.8153915405
2.2630000000,-7.6818466187
2.2640000000,-14.5053863525
2.2650000000,-21.4648246765
2.2660000000,-26.7577171326
2.2670000000,-33.2021713257
2.2680000000,-39.7396087646
2.2690000000,-43.7164306641
2.2700000000,-46.9994544983
2.2710000000,-51.3195991516
2.2720000000,-51.9275665283
2.2730000000,-53.9302825928
2.2740000000,-52.4926185608
2.2750000000,-52.1135330200
2.2760000000,-49.2525100708
2.2770000000,-45.6833839417
2.2780000000,-42.1214103699
2.2790000000,-34.8043441772
2.2800000000,-28.7604331970
2.2810000000,-22.4804878235
2.2820000000,-15.5568122864
2.2830000000,-7.0524215698
2.2840000000,0.6794929504
2.2850000000,7.7033042908
2.2860000000,14.7628784180
2.2870000000,21.0499763489
2.2880000000,27.2440910339
2.2890000000,33.5597991943
2.2900000000,39.6823883057
2.2910000000,43.7808036804
2.2920000000,47.0209121704
2.2930000000,52.0062446594
2.2940000000,51.4483451843
2.2950000000,54.3522834778
2.2960000000,52.2065162659
2.2970000000,51.5913963318
2.2980000000,48.7875938416
2.2990000000,44.8036193848
2.3000000000,41.3990020752
2.3010000000,34.3608856201
2.3020000000,27.8091430664
2.3030000000,21.6150283813
2.3040000000,14.1263008118
2.3050000000,5.8364868164
2.3060000000,-1.7452239990
2.3070000000,-8.6116790771
2.3080000000,-16.2076950073
2.3090000000,-21.8796730042
2.3100000000,-28.3026695251
2.3110000000,-34.7685813904
2.3120000000,-41.6350364685
2.3130000000,-44.0812110901
2.3140000000,-48.2940673828
2.3150000000,-51.5556335449
2.3160000000,-52.6356697083
2.3170000000,-53.6870956421
2.3180000000,-52.2851943970
2.3190000000,-52.0277023315
2.3200000000,-47.6288795471
2.3210000000,-43.9310073853
2.3220000000,-39.4177436829
2.3230000000,-32.1578979492
2.3240000000,-25.6276130676
2.3250000000,-18.8970565796
2.3260000000,-11.3797187805
2.3270000000,-2.8252601624
2.3280000000,4.9209594727
2.3290000000,11.7731094360
2.3300000000,18.4822082520
2.3310000000,24.7693061829
2.3320000000,31.4426422119
2.3330000000,37.9014015198
2.3340000000,42.4218177795
2.3350000000,46.2627410889
2.3360000000,50.9834289551
2.3370000000,51.2695312500
2.3380000000,53.9016723633
2.3390000000,52.8216362000
2.3400000000,51.6343116760
2.3410000000,49.4384765625
2.3420000000,45.7048416138
2.3430000000,42.0928001404
2.3440000000,35.3479385376
2.3450000000,28.7461280823
2.3460000000,21.7723846436
2.3470000000,15.2850151062
2.3480000000,6.4516067505
2.3490000000,-1.4948844910
2.3500000000,-8.7118148804
2.3510000000,-15.9931182861
2.3520000000,-21.8582153320
2.3530000000,-28.7175178528
2.3540000000,-35.1834297180
2.3550000000,-41.6564941406
2.3560000000,-44.5961952209
2.3570000000,-49.0379333496
2.3580000000,-51.2409210205
2.3590000000,-52.9503822327
2.3600000000,-53.5297393799
2.3610000000,-52.2136688232
2.3620000000,-51.4698028564
2.3630000000,-46.7848777771
2.3640000000,-43.2229042053
2.3650000000,-37.6439094543
2.3660000000,-30.4484367371
2.3670000000,-23.5533714294
2.3680000000,-16.5295600891
2.3690000000,-8.7404251099
2.3700000000,-0.3004074097
2.3710000000,7.4243545532
2.3720000000,14.0476226807
2.3730000000,20.9784507751
2.3740000000,27.8449058533
2.3750000000,33.9388847351
2.3760000000,40.8411026001
2.3770000000,44.2886352539
2.3780000000,48.6159324646
2.3790000000,51.0835647583
2.3800000000,52.2780418396
2.3810000000,54.0590286255
2.3820000000,51.7559051514
2.3830000000,51.6772270203
2.3840000000,46.8778610229
2.3850000000,43.4947013855
2.3860000000,37.9586219788
2.3870000000,31.2852859497
2.3880000000,23.9539146423
2.3890000000,16.8728828430
2.3900000000,9.4413757324
2.3910000000,0.6651878357
2.3920000000,-7.0166587830
2.3930000000,-14.0333175659
2.3940000000,-20.4706192017
2.3950000000,-27.6947021484
2.3960000000,-34.2178344727
2.3970000000,-40.6479835510
2.3980000000,-44.1026687622
2.3990000000,-48.4371185303
2.4000000000,-51.2981414795
2.4010000000,-52.4711608887
2.4020000000,-54.0518760681
2.4030000000,-51.7272949219
2.4040000000,-51.7702102661
2.4050000000,-47.2426414490
2.4060000000,-42.8438186646
2.4070000000,-37.5437736511
2.4080000000,-30.5271148682
2.4090000000,-23.2672691345
2.4100000000,-15.9573554993
2.4110000000,-7.7891349792
2.4120000000,0.3504753113
2.4130000000,7.8535079956
2.4140000000,15.1848793030
2.4150000000,22.0656394958
2.4160000000,28.8033485413
2.4170000000,35.9487533569
2.4180000000,41.3060188293
2.4190000000,44.8322296143
2.4200000000,50.0965118408
2.4210000000,51.3553619385
2.4220000000,53.0648231506
2.4230000000,53.1935691833
2.4240000000,51.4554977417
2.4250000000,50.2181053162
2.4260000000,45.8478927612
2.4270000000,42.4718856812
2.4280000000,35.0260734558
2.4290000000,28.3670425415
2.4300000000,20.9927558899
2.4310000000,13.6971473694
2.4320000000,5.6290626526
2.4330000000,-3.3259391785
2.4340000000,-10.5428695679
2.4350000000,-17.0874595642
2.4360000000,-24.3258476257
2.4370000000,-31.0707092285
2.4380000000,-38.8669967651
2.4390000000,-42.0999526978
2.4400000000,-46.6275215149
2.4410000000,-50.9762763977
2.4420000000,-51.8846511841
2.4430000000,-54.0018081665
2.4440000000,-52.3710250854
2.4450000000,-51.9919395447
2.4460000000,-48.3083724976
2.4470000000,-44.1312789917
2.4480000000,-39.9899482727
2.4490000000,-31.7502021790
2.4500000000,-25.1340866089
2.4510000000,-17.4951553345
2.4520000000,-9.6273422241
2.4530000000,-1.1658668518
2.4540000000,6.6518783569
2.4550000000,14.1119956970
2.4560000000,21.0642814636
2.4570000000,28.2096862793
2.4580000000,35.1548194885
2.4590000000,40.9197807312
2.4600000000,44.9109077454
2.4610000000,49.5672225952
2.4620000000,51.3911247253
2.4630000000,53.2865524292
2.4640000000,53.0862808228
2.4650000000,51.3195991516
2.4660000000,50.3468513489
2.4670000000,45.6690788269
2.4680000000,41.6922569275
2.4690000000,34.6755981445
2.4700000000,27.9092788696
2.4710000000,20.0128555298
2.4720000000,12.1951103210
2.4730000000,4.2343139648
2.4740000000,-4.3416023254
2.4750000000,-11.2509727478
2.4760000000,-18.8112258911
2.4770000000,-26.3643264771
2.4780000000,-32.9017639160
2.4790000000,-39.6966934204
2.4800000000,-43.4374809265
2.4810000000,-48.0794906616
2.4820000000,-51.1693954468
2.4830000000,-52.2923469543
2.4840000000,-54.0804862976
2.4850000000,-51.6700744629
2.4860000000,-51.7416000366
2.4870000000,-46.7991828918
2.4880000000,-42.2000885010
2.4890000000,-36.7069244385
2.4900000000,-29.1037559509
2.4910000000,-21.7580795288
2.4920000000,-13.7472152710
2.4930000000,-5.3715705872
2.4940000000,3.0541419983
2.4950000000,10.6215476990
2.4960000000,17.7884101868
2.4970000000,25.3057479858
2.4980000000,31.8288803101
2.4990000000,39.6180152893
2.5000000000,42.8152084351
2.5010000000,47.9006767273
2.5020000000,50.8832931519
2.5030000000,52.0062446594
2.5040000000,54.1448593140
2.5050000000,52.0062446594
2.5060000000,51.0549545288
2.5070000000,46.7491149902
2.5080000000,42.5577163696
2.5090000000,37.2505187988
2.5100000000,29.1037559509
2.5110000000,21.6436386108
2.5120000000,13.7114524841
2.5130000000,5.6719779968
2.5140000000,-2.8753280640
2.5150000000,-10.1923942566
2.5160000000,-17.8027153015
2.5170000000,-25.4273414612
2.5180000000,-32.1006774902
2.5190000000,-39.6752357483
2.5200000000,-42.9582595825
2.5210000000,-47.8863716125
2.5220000000,-50.7760047913
2.5230000000,-52.7858734131
2.5240000000,-53.5726547241
2.5250000000,-52.0706176758
2.5260000000,-51.5270233154
2.5270000000,-46.4344024658
2.5280000000,-41.8496131897
2.5290000000,-36.6640090942
2.5300000000,-28.1810760498
2.5310000000,-21.2287902832
2.5320000000,-12.7243995667
2.5330000000,-4.3988227844
2.5340000000,4.3272972107
2.5350000000,11.2581253052
2.5360000000,18.8112258911
2.5370000000,26.4644622803
2.5380000000,33.3380699158
2.5390000000,39.9971008301
2.5400000000,44.0526008606
2.5410000000,48.9807128906
2.5420000000,51.3124465942
2.5430000000,52.8001785278
2.5440000000,53.2007217407
2.5450000000,51.3339042664
2.5460000000,50.6329536438
2.5470000000,45.3829765320
2.5480000000,41.0842895508
2.5490000000,34.3394279480
2.5500000000,26.9436836243
2.5510000000,18.7611579895
2.5520000000,10.4212760925
2.5530000000,2.1743774414
2.5540000000,-5.8150291443
2.5550000000,-13.4396553040
2.5560000000,-21.5220451355
2.5570000000,-28.5673141479
2.5580000000,-36.1704826355
2.5590000000,-40.8983230591
2.5600000000,-45.5546379089
2.5610000000,-50.6186485291
2.5620000000,-50.9977340698
2.5630000000,-54.3594360352
2.5640000000,-52.0277023315
2.5650000000,-51.8345832825
2.5660000000,-48.5587120056
2.5670000000,-43.9167022705
2.5680000000,-38.9957427979
2.5690000000,-30.7917594910
2.5700000000,-23.6177444458
2.5710000000,-15.0775909424
2.5720000000,-6.9093704224
2.5730000000,1.6808509827
2.5740000000,9.4199180603
2.5750000000,17.3735618591
2.5760000000,24.9695777893
2.5770000000,32.2294235229
2.5780000000,39.4320487976
2.5790000000,43.0154800415
2.5800000000,48.7232208252
2.5810000000,50.9333610535
2.5820000000,52.3138046265
2.5830000000,53.7157058716
2.5840000000,51.4769554138
2.5850000000,50.7903099060
2.5860000000,45.4831123352
2.5870000000,41.1200523376
2.5880000000,34.9688529968
2.5890000000,26.4143943787
2.5900000000,18.1460380554
2.5910000000,10.2710723877
2.5920000000,1.7595291138
2.5930000000,-6.4373016357
2.5940000000,-14.2049789429
2.5950000000,-22.2730636597
2.5960000000,-29.2754173279
2.5970000000,-37.6009941101
2.5980000000,-41.2917137146
2.5990000000,-46.3271141052
2.6000000000,-50.6043434143
2.6010000000,-51.8560409546
2.6020000000,-54.0375709534
2.6030000000,-52.1206855774
2.6040000000,-51.7845153809
2.6050000000,-46.9779968262
2.6060000000,-42.4289703369
2.6070000000,-37.2719764709
2.6080000000,-28.3598899841
2.6090000000,-21.0070610046
2.6100000000,-12.3095512390
2.6110000000,-3.8552284241
2.6120000000,4.7063827515
2.6130000000,12.2952461243
2.6140000000,20.7567214966
2.6150000000,27.8306007385
2.6160000000,35.9702110291
2.6170000000,40.7409667969
2.6180000000,45.1040267944
2.6190000000,50.8761405945
2.6200000000,51.5484809875
2.6210000000,53.5941123962
2.6220000000,52.5999069214
2.6230000000,51.2552261353
2.6240000000,47.8291511536
2.6250000000,42.6864624023
2.6260000000,38.2804870605
2.6270000000,29.5042991638
2.6280000000,21.8582153320
2.6290000000,13.4682655334
2.6300000000,4.7492980957
2.6310000000,-3.8337707520
2.6320000000,-11.7659568787
2.6330000000,-19.9413299561
2.6340000000,-27.2941589355
2.6350000000,-35.6698036194
2.6360000000,-40.1401519775
2.6370000000,-45.1612472534
2.6380000000,-50.3969192505
2.6390000000,-51.7344474792
2.6400000000,-53.8086891174
2.6410000000,-52.3495674133
2.6420000000,-51.4125823975
2.6430000000,-47.7504730225
2.6440000000,-42.6006317139
2.6450000000,-37.9157066345
2.6460000000,-29.3254852295
2.6470000000,-21.2359428406
2.6480000000,-12.8674507141
2.6490000000,-3.8909912109
2.6500000000,4.7492980957
2.6510000000,12.8102302551
2.6520000000,20.9140777588
2.6530000000,28.5887718201
2.6540000000,36.6425514221
2.6550000000,41.1272048950
2.6560000000,45.8621978760
2.6570000000,50.6186485291
2.6580000000,51.9490242004
2.6590000000,53.9016723633
2.6600000000,52.1850585938
2.6610000000,50.8761405945
2.6620000000,46.9279289246
2.6630000000,41.6135787964
2.6640000000,36.8285179138
2.6650000000,27.4085998535
2.6660000000,19.6981430054
2.6670000000,11.0936164856
2.6680000000,2.3317337036
2.6690000000,-6.3157081604
2.6700000000,-13.9260292053
2.6710000000,-22.5305557251
2.6720000000,-29.8404693604
2.6730000000,-37.6653671265
2.6740000000,-41.9068336487
2.6750000000,-46.9493865967
2.6760000000,-50.8546829224
2.6770000000,-52.4210929871
2.6780000000,-53.5225868225
2.6790000000,-51.9490242004
2.6800000000,-51.0621070862
2.6810000000,-45.5045700073
2.6820000000,-40.4620170593
2.6830000000,-34.7256660461
2.6840000000,-25.3057479858
2.6850000000,-17.5023078918
2.6860000000,-8.6331367493
2.6870000000,0.2646446228
2.6880000000,8.7618827820
2.6890000000,16.9301033020
2.6900000000,24.6906280518
2.6910000000,33.2736968994
2.6920000000,38.5808944702
2.6930000000,43.8380241394
2.6940000000,49.4527816772
2.6950000000,51.0406494141
2.6960000000,53.3580780029
2.6970000000,52.9646873474
2.6980000000,51.1980056763
2.6990000000,48.7804412842
2.7000000000,43.7736511230
2.7010000000,39.0315055847
2.7020000000,29.9906730652
2.7030000000,22.4304199219
2.7040000000,13.6613845825
2.7050000000,4.8136711121
2.7060000000,-4.2200088501
2.7070000000,-12.0663642883
2.7080000000,-20.5564498901
2.7090000000,-27.8878211975
2.7100000000,-36.4923477173
2.7110000000,-41.0914421082
2.7120000000,-45.8049774170
2.7130000000,-50.5828857422
2.7140000000,-52.0277023315
2.7150000000,-53.7014007568
2.7160000000,-52.1993637085
2.7170000000,-51.2051582336
2.7180000000,-46.0195541382
2.7190000000,-41.0628318787
2.7200000000,-35.3050231934
2.7210000000,-25.9852409363
2.7220000000,-17.6525115967
2.7230000000,-8.9621543884
2.7240000000,0.0929832458
2.7250000000,8.6975097656
2.7260000000,16.8228149414
2.7270000000,24.8551368713
2.7280000000,33.6170196533
2.7290000000,39.1530990601
2.7300000000,43.6592102051
2.7310000000,50.0893592834
2.7320000000,51.0334968567
2.7330000000,53.3723831177
2.7340000000,52.8573989868
2.7350000000,51.1264801025
2.7360000000,48.0151176453
2.7370000000,42.7651405334
2.7380000000,37.8370285034
2.7390000000,28.8176536560
2.7400000000,20.6279754639
2.7410000000,11.7087364197
2.7420000000,2.6965141296
2.7430000000,-5.9437751770
2.7440000000,-14.2264366150
2.7450000000,-22.3660469055
2.7460000000,-30.7345390320
2.7470000000,-37.7798080444
2.7480000000,-42.5219535828
2.7490000000,-48.2583045959
2.7500000000,-50.4612922668
2.7510000000,-52.7715682983
2.7520000000,-53.2364845276
2.7530000000,-52.1206855774
2.7540000000,-50.0321388245
2.7550000000,-44.2528724670
2.7560000000,-38.7668609619
2.7570000000,-31.7215919495
2.7580000000,-22.1729278564
2.7590000000,-13.9546394348
2.7600000000,-4.6133995056
2.7610000000,4.5347213745
2.7620000000,13.0033493042
2.7630000000,20.8854675293
2.7640000000,29.6473503113
2.7650000000,36.6926193237
2.7660000000,41.6493415833
2.7670000000,47.7862358093
2.7680000000,50.4612922668
2.7690000000,52.2208213806
2.7700000000,53.6370277405
2.7710000000,51.5770912170
2.7720000000,50.1537322998
2.7730000000,44.5604324341
2.7740000000,39.2889976501
2.7750000000,32.8660011292
2.7760000000,22.9668617249
2.7770000000,14.4624710083
2.7780000000,5.0282478333
2.7790000000,-3.6978721619
2.7800000000,-12.1450424194
2.7810000000,-20.4777717590
2.7820000000,-29.0608406067
2.7830000000,-36.2420082092
2.7840000000,-41.0771369934
2.7850000000,-47.2140312195
2.7860000000,-50.3468513489
2.7870000000,-52.6213645935
2.7880000000,-53.3938407898
2.7890000000,-51.7845153809
2.7900000000,-50.5256652832
2.7910000000,-44.6033477783
2.7920000000,-39.1530990601
2.7930000000,-32.7157974243
2.7940000000,-22.9525566101
2.7950000000,-14.2765045166
2.7960000000,-5.1498413086
2.7970000000,4.2414665222
2.7980000000,12.6242637634
2.7990000000,20.8854675293
2.8000000000,29.9263000488
2.8010000000,36.3850593567
2.8020000000,41.8925285339
2.8030000000,48.0294227600
2.8040000000,50.5614280701
2.8050000000,52.2279739380
2.8060000000,53.8229942322
2.8070000000,50.8618354797
2.8080000000,50.1394271851
2.8090000000,43.8737869263
2.8100000000,38.7096405029
2.8110000000,31.3496589661
2.8120000000,21.5005874634
2.8130000000,13.2107734680
2.8140000000,3.5333633423
2.8150000000,-5.3930282593
2.8160000000,-13.9975547791
2.8170000000,-22.0513343811
2.8180000000,-30.6916236877
2.8190000000,-37.2004508972
2.8200000000,-42.3717498779
2.8210000000,-48.6731529236
2.8220000000,-50.6114959717
2.8230000000,-52.8788566589
2.8240000000,-52.8359413147
2.8250000000,-51.7702102661
2.8260000000,-49.2024421692
2.8270000000,-42.6363945007
2.8280000000,-37.3864173889
2.8290000000,-29.7832489014
2.8300000000,-19.5193290710
2.8310000000,-11.2366676331
2.8320000000,-1.3661384583
2.8330000000,7.3170661926
2.8340000000,15.5067443848
2.8350000000,24.3687629700
2.8360000000,33.3237648010
2.8370000000,38.7310981750
2.8380000000,44.0382957458
2.8390000000,50.0822067261
2.8400000000,51.3553619385
2.8410000000,53.6227226257
2.8420000000,52.2708892822
2.8430000000,50.8618354797
2.8440000000,46.7419624329
2.8450000000,40.8840179443
2.8460000000,35.5052947998
2.8470000000,25.1984596252
2.8480000000,16.8013572693
2.8490000000,7.9035758972
2.8500000000,-1.6522407532
2.8510000000,-10.4641914368
2.8520000000,-18.7253952026
2.8530000000,-27.7233123779
2.8540000000,-35.4623794556
2.8550000000,-40.9197807312
2.8560000000,-46.6990470886
2.8570000000,-50.1608848572
2.8580000000,-52.5283813477
2.8590000000,-53.3795356750
2.8600000000,-51.6915321350
2.8610000000,-50.3039360046
2.8620000000,-44.0740585327
2.8630000000,-38.0015373230
2.8640000000,-31.8288803101
2.8650000000,-21.5291976929
2.8660000000,-12.4168395996
2.8670000000,-3.3044815063
2.8680000000,6.1440467834
2.8690000000,14.4624710083
2.8700000000,23.5748291016
2.8710000000,32.5942039490
2.8720000000,38.0444526672
2.8730000000,43.7235832214
2.8740000000,49.9033927917
2.8750000000,51.3696670532
2.8760000000,53.5225868225
2.8770000000,52.3138046265
2.8780000000,50.8546829224
2.8790000000,46.7920303345
2.8800000000,40.7338142395
2.8810000000,35.2835655212
2.8820000000,25.5417823792
2.8830000000,16.2291526794
2.8840000000,7.1310997009
2.8850000000,-2.6893615723
2.8860000000,-11.2581253052
2.8870000000,-19.6051597595
2.8880000000,-29.1967391968
2.8890000000,-35.8915328979
2.8900000000,-41.5492057800
2.8910000000,-48.2082366943
2.8920000000,-49.7031211853
2.8930000000,-53.1864166260
2.8940000000,-52.6356697083
2.8950000000,-51.8774986267
2.8960000000,-49.2238998413
2.8970000000,-42.9511070251
2.8980000000,-36.8070602417
2.8990000000,-29.0536880493
2.9000000000,-19.2117691040
2.9010000000,-9.9778175354
2.9020000000,-0.6437301636
2.9030000000,8.4400177002
2.9040000000,17.3020362854
2.9050000000,26.8721580505
2.9060000000,34.3322753906
2.9070000000,39.9827957153
2.9080000000,46.5416908264
2.9090000000,49.8890876770
2.9100000000,51.9490242004
2.9110000000,53.8086891174
2.9120000000,51.5127182007
2.9130000000,49.9677658081
2.9140000000,44.3100929260
2.9150000000,37.9800796509
2.9160000000,31.7645072937
2.9170000000,20.9999084473
2.9180000000,12.1021270752
2.9190000000,2.5248527527
2.9200000000,-7.0166587830
2.9210000000,-15.2850151062
2.9220000000,-24.7621536255
2.9230000000,-33.3094596863
2.9240000000,-38.6452674866
2.9250000000,-45.1040267944
2.9260000000,-49.6745109558
2.9270000000,-51.6772270203
2.9280000000,-53.7729263306
2.9290000000,-51.7129898071
2.9300000000,-50.8975982666
2.9310000000,-44.9609756470
2.9320000000,-39.0958786011
2.9330000000,-32.7658653259
2.9340000000,-22.4947929382
2.9350000000,-12.9318237305
2.9360000000,-3.5047531128
2.9370000000,5.8579444885
2.9380000000,14.8773193359
2.9390000000,24.0898132324
2.9400000000,32.8946113586
2.9410000000,38.4807586670
2.9420000000,44.4674491882
2.9430000000,49.8890876770
2.9440000000,51.5198707581
2.9450000000,53.8873672485
2.9460000000,51.7773628235
2.9470000000,50.2252578735
2.9480000000,45.5689430237
2.9490000000,38.7811660767
2.9500000000,32.9732894897
2.9510000000,22.6378440857
2.9520000000,12.9175186157
2.9530000000,3.6120414734
2.9540000000,-6.1225891113
2.9550000000,-14.5554542542
2.9560000000,-24.1541862488
2.9570000000,-32.8874588013
2.9580000000,-38.2804870605
2.9590000000,-44.6891784668
2.9600000000,-49.8747825623
2.9610000000,-51.5627861023
2.9620000000,-53.5511970520
2.9630000000,-51.8989562988
2.9640000000,-50.6114959717
2.9650000000,-44.8608398438
2.9660000000,-38.8455390930
2.9670000000,-32.3510169983
2.9680000000,-21.7795372009
2.9690000000,-12.3095512390
2.9700000000,-2.6822090149
2.9710000000,6.6089630127
2.9720000000,15.7713890076
2.9730000000,25.5489349365
2.9740000000,33.6098670959
2.9750000000,39.2675399780
2.9760000000,45.7048416138
2.9770000000,50.2109527588
2.9780000000,51.5341758728
2.9790000000,53.7514686584
2.9800000000,51.5770912170
2.9810000000,49.6745109558
2.9820000000,44.0239906311
2.9830000000,37.2934341431
2.9840000000,30.7202339172
2.9850000000,20.1416015625
2.9860000000,10.3712081909
2.9870000000,0.8726119995
2.9880000000,-8.4614753723
2.9890000000,-17.3449516296
2.9900000000,-27.4372100830
2.9910000000,-34.3179702759
2.9920000000,-40.5836105347
2.9930000000,-47.3928451538
2.9940000000,-49.8533248901
2.9950000000,-52.7071952820
2.9960000000,-52.6499748230
2.9970000000,-51.7559051514
2.9980000000,-48.9449501038
2.9990000000,-42.2000885010
3.0000000000,-36.0345840454
3.0010000000,-28.4242630005
3.0020000000,-17.5523757935
3.0030000000,-7.6389312744
3.0040000000,2.1815299988
3.0050000000,11.3010406494
3.0060000000,20.5564498901
3.0070000000,30.1408767700
3.0080000000,36.2348556519
3.0090000000,42.6220893860
3.0100000000,49.2167472839
3.0110000000,50.7831573486
3.0120000000,53.3795356750
3.0130000000,52.6499748230
3.0140000000,50.1537322998
3.0150000000,46.9422340393
3.0160000000,39.8826599121
3.0170000000,33.6956977844
3.0180000000,24.0111351013
3.0190000000,13.6613845825
3.0200000000,4.1413307190
3.0210000000,-5.6791305542
3.0220000000,-14.3480300903
3.0230000000,-24.4188308716
3.0240000000,-32.6299667358
3.0250000000,-38.7310981750
3.0260000000,-45.2256202698
3.0270000000,-49.7746467590
3.0280000000,-51.9919395447
3.0290000000,-53.2865524292
3.0300000000,-51.6057014465
3.0310000000,-50.1036643982
3.0320000000,-43.4660911560
3.0330000000,-37.2290611267
3.0340000000,-30.0765037537
3.0350000000,-19.4120407104
3.0360000000,-9.5272064209
3.0370000000,0.3576278687
3.0380000000,9.8419189453
3.0390000000,19.2117691040
3.0400000000,29.1681289673
3.0410000000,35.3264808655
3.0420000000,42.0784950256
3.0430000000,48.8805770874
3.0440000000,50.4970550537
3.0450000000,53.2364845276
3.0460000000,52.8359413147
3.0470000000,49.9606132507
3.0480000000,47.2426414490
3.0490000000,40.0614738464
3.0500000000,33.5383415222
3.0510000000,24.2257118225
3.0520000000,13.6327743530
3.0530000000,3.9052963257
3.0540000000,-5.8650970459
3.0550000000,-14.9416923523
3.0560000000,-25.0697135925
3.0570000000,-32.6800346375
3.0580000000,-39.3033027649
3.0590000000,-46.0624694824
3.0600000000,-49.5100021362
3.0610000000,-52.3996353149
3.0620000000,-53.1578063965
3.0630000000,-51.3553619385
3.0640000000,-49.4599342346
3.0650000000,-42.6077842712
3.0660000000,-36.1490249634
3.0670000000,-28.5387039185
3.0680000000,-17.3664093018
3.0690000000,-7.4028968811
3.0700000000,2.6392936707
3.0710000000,11.7444992065
3.0720000000,21.9225883484
3.0730000000,31.0564041138
3.0740000000,37.0430946350
3.0750000000,43.2443618774
3.0760000000,49.8104095459
3.0770000000,51.1765480042
3.0780000000,53.7371635437
3.0790000000,51.5055656433
3.0800000000,49.9391555786
3.0810000000,44.8536872864
3.0820000000,37.7011299133
3.0830000000,31.0206413269
3.0840000000,20.4205513000
3.0850000000,10.0350379944
3.0860000000,0.1502037048
3.0870000000,-9.0909004211
3.0880000000,-18.9971923828
3.0890000000,-28.9034843445
3.0900000000,-34.7471237183
3.0910000000,-42.1357154846
3.0920000000,-48.6588478088
3.0930000000,-50.6472587585
3.0940000000,-53.3652305603
3.0950000000,-51.9204139709
3.0960000000,-50.5256652832
3.0970000000,-46.5202331543
3.0980000000,-39.1888618469
3.0990000000,-32.2151184082
3.1000000000,-23.2529640198
3.1010000000,-12.2308731079
3.1020000000,-2.0384788513
3.1030000000,7.8678131104
3.1040000000,17.2877311707
3.1050000000,27.5874137878
3.1060000000,34.0247154236
3.1070000000,41.2130355835
3.1080000000,48.2439994812
3.1090000000,50.1751899719
3.1100000000,53.0862808228
3.1110000000,52.8502464294
3.1120000000,49.7460365295
3.1130000000,47.4929809570
3.1140000000,40.1544570923
3.1150000000,32.8302383423
3.1160000000,23.8037109375
3.1170000000,13.3323669434
3.1180000000,2.9826164246
3.1190000000,-6.9308280945
3.1200000000,-16.5081024170
3.1210000000,-26.3929367065
3.1220000000,-33.2951545715
3.1230000000,-40.6765937805
3.1240000000,-47.7790832520
3.1250000000,-49.7317314148
3.1260000000,-52.9074668884
3.1270000000,-52.1636009216
3.1280000000,-51.1121749878
3.1290000000,-47.5001335144
3.1300000000,-40.5693054199
3.1310000000,-33.2379341125
3.1320000000,-24.5332717896
3.1330000000,-13.5040283203
3.1340000000,-3.2472610474
3.1350000000,6.8664550781
3.1360000000,16.1862373352
3.1370000000,26.5574455261
3.1380000000,33.8244438171
3.1390000000,41.0056114197
3.1400000000,47.5502014160
3.1410000000,50.0965118408
3.1420000000,53.2650947571
3.1430000000,52.7930259705
3.1440000000,49.7603416443
3.1450000000,47.6646423340
3.1460000000,39.8826599121
3.1470000000,32.5512886047
3.1480000000,23.6034393311
3.1490000000,13.0391120911
3.1500000000,2.4890899658
3.1510000000,-7.4815750122
3.1520000000,-17.2090530396
3.1530000000,-27.1010398865
3.1540000000,-33.7815284729
3.1550000000,-41.4347648621
3.1560000000,-48.2082366943
3.1570000000,-49.9963760376
3.1580000000,-53.3151626587
3.1590000000,-51.9275665283
3.1600000000,-50.3110885620
3.1610000000,-46.7133522034
3.1620000000,-39.3462181091
3.1630000000,-31.7573547363
3.1640000000,-22.4876403809
3.1650000000,-11.3439559937
3.1660000000,-1.1801719666
3.1670000000,8.7904930115
3.1680000000,18.8255310059
3.1690000000,28.6388397217
3.1700000000,35.6984138489
3.1710000000,41.9640541077
3.1720000000,49.2238998413
3.1730000000,50.5399703979
3.1740000000,53.8659095764
3.1750000000,51.3696670532
3.1760000000,50.2538681030
3.1770000000,44.6248054504
3.1780000000,37.6939773560
3.1790000000,29.9549102783
3.1800000000,19.8483467102
3.1810000000,9.1981887817
3.1820000000,-1.2731552124
3.1830000000,-11.1508369446
3.1840000000,-20.9212303162
3.1850000000,-29.9119949341
3.1860000000,-37.3005867004
3.1870000000,-44.1884994507
3.1880000000,-49.3097305298
3.1890000000,-51.1622428894
3.1900000000,-53.7657737732
3.1910000000,-50.8689880371
3.1920000000,-49.6315956116
3.1930000000,-42.7579879761
3.1940000000,-35.7699394226
3.1950000000,-27.2512435913
3.1960000000,-16.9301033020
3.1970000000,-6.0296058655
3.1980000000,4.4846534729
3.1990000000,14.2478942871
3.2000000000,24.5261192322
3.2010000000,32.4010848999
3.2020000000,39.7467613220
3.2030000000,46.6704368591
3.2040000000,49.9892234802
3.2050000000,52.6499748230
3.2060000000,53.0004501343
3.2070000000,49.6101379395
3.2080000000,48.3083724976
3.2090000000,39.9398803711
3.2100000000,32.1793556213
3.2110000000,23.7107276917
3.2120000000,12.9103660583
3.2130000000,1.9526481628
3.2140000000,-8.4614753723
3.2150000000,-17.9243087769
3.2160000000,-27.7161598206
3.2170000000,-34.8901748657
3.2180000000,-42.6506996155
3.2190000000,-48.5801696777
3.2200000000,-50.2324104309
3.2210000000,-53.8158416748
3.2220000000,-51.3839721680
3.2230000000,-49.8247146606
3.2240000000,-44.5032119751
3.2250000000,-37.0216369629
3.2260000000,-28.9463996887
3.2270000000,-19.2546844482
3.2280000000,-7.6675415039
3.2290000000,2.9969215393
3.2300000000,12.8746032715
3.2310000000,23.0312347412
3.2320000000,31.3282012939
3.2330000000,39.0172004700
3.2340000000,45.9623336792
3.2350000000,49.5958328247
3.2360000000,52.1850585938
3.2370000000,53.6155700684
3.2380000000,49.7889518738
3.2390000000,48.8877296448
3.2400000000,40.7981872559
3.2410000000,32.4440002441
3.2420000000,24.6405601501
3.2430000000,13.0677223206
3.2440000000,2.7608871460
3.2450000000,-7.9894065857
3.2460000000,-18.0244445801
3.2470000000,-27.3942947388
3.2480000000,-34.7399711609
3.2490000000,-42.3431396484
3.2500000000,-48.5587120056
3.2510000000,-50.2538681030
3.2520000000,-53.7729263306
3.2530000000,-51.2766838074
3.2540000000,-49.6315956116
3.2550000000,-44.3029403687
3.2560000000,-36.2634658813
3.2570000000,-27.8234481812
3.2580000000,-18.5608863831
3.2590000000,-6.9665908813
3.2600000000,3.7765502930
3.2610000000,14.2049789429
3.2620000000,23.7679481506
3.2630000000,32.2365760803
3.2640000000,39.6680831909
3.2650000000,46.9279289246
3.2660000000,49.7817993164
3.2670000000,53.0791282654
3.2680000000,52.2923469543
3.2690000000,49.8962402344
3.2700000000,46.9064712524
3.2710000000,39.0887260437
3.2720000000,30.9062004089
3.2730000000,21.8296051025
3.2740000000,10.7359886169
3.2750000000,-0.2431869507
3.2760000000,-10.7073783875
3.2770000000,-20.6637382507
3.2780000000,-29.4542312622
3.2790000000,-37.4007225037
3.2800000000,-44.5675849915
3.2810000000,-49.2882728577
3.2820000000,-51.4125823975
3.2830000000,-53.4367561340
3.2840000000,-50.3683090210
3.2850000000,-48.7875938416
3.2860000000,-41.2201881409
3.2870000000,-33.4167480469
3.2880000000,-24.4474411011
3.2890000000,-14.0547752380
3.2900000000,-2.5463104248
3.2910000000,8.3470344543
3.2920000000,18.5751914978
3.2930000000,27.5516510010
3.2940000000,35.8629226685
3.2950000000,43.2443618774
3.2960000000,48.5157966614
3.2970000000,50.7044792175
3.2980000000,54.2306900024
3.2990000000,50.6472587585
3.3000000000,49.1952896118
3.3010000000,42.8795814514
3.3020000000,34.3608856201
3.3030000000,26.4859199524
3.3040000000,15.5425071716
3.3050000000,4.4345855713
3.3060000000,-6.5660476685
3.3070000000,-16.2506103516
3.3080000000,-26.2498855591
3.3090000000,-34.2035293579
3.3100000000,-41.9497489929
3.3110000000,-48.0079650879
3.3120000000,-50.5256652832
3.3130000000,-53.6799430847
3.3140000000,-50.8475303650
3.3150000000,-49.6530532837
3.3160000000,-43.7164306641
3.3170000000,-35.8629226685
3.3180000000,-27.5874137878
3.3190000000,-17.5881385803
3.3200000000,-5.7864189148
3.3210000000,5.4001808167
3.3220000000,15.8643722534
3.3230000000,25.2556800842
3.3240000000,33.9531898499
3.3250000000,40.8482551575
3.3260000000,48.0151176453
3.3270000000,50.3754615784
3.3280000000,53.7514686584
3.3290000000,51.1837005615
3.3300000000,49.3168830872
3.3310000000,44.2886352539
3.3320000000,36.2348556519
3.3330000000,27.6947021484
3.3340000000,17.4379348755
3.3350000000,6.2084197998
3.3360000000,-4.9638748169
3.3370000000,-14.9559974670
3.3380000000,-25.3057479858
3.3390000000,-33.6456298828
3.3400000000,-41.5277481079
3.3410000000,-47.9793548584
3.3420000000,-50.5900382996
3.3430000000,-53.5011291504
3.3440000000,-50.7044792175
3.3450000000,-49.3383407593
3.3460000000,-43.8880920410
3.3470000000,-35.4123115540
3.3480000000,-26.8220901489
3.3490000000,-16.7727470398
3.3500000000,-5.1999092102
3.3510000000,6.4373016357
3.3520000000,16.6368484497
3.3530000000,26.1926651001
3.3540000000,34.7542762756
3.3550000000,42.3431396484
3.3560000000,48.0294227600
3.3570000000,50.6329536438
3.3580000000,54.0304183960
3.3590000000,50.5828857422
3.3600000000,49.2739677429
3.3610000000,43.1084632874
3.3620000000,34.3465805054
3.3630000000,26.1569023132
3.3640000000,15.1348114014
3.3650000000,3.8695335388
3.3660000000,-7.3170661926
3.3670000000,-17.4379348755
3.3680000000,-27.0581245422
3.3690000000,-35.3121757507
3.3700000000,-42.7865982056
3.3710000000,-48.7232208252
3.3720000000,-50.8332252502
3.3730000000,-53.3866882324
3.3740000000,-50.7545471191
3.3750000000,-48.6874580383
3.3760000000,-41.8996810913
3.3770000000,-33.4024429321
3.3780000000,-24.5690345764
3.3790000000,-14.2693519592
3.3800000000,-2.3460388184
3.3810000000,9.2124938965
3.3820000000,18.9042091370
3.3830000000,28.4886360168
3.3840000000,37.0573997498
3.3850000000,44.6391105652
3.3860000000,48.9878654480
3.3870000000,51.4626502991
3.3880000000,53.3509254456
3.3890000000,49.6387481689
3.3900000000,48.4299659729
3.3910000000,39.8755073547
3.3920000000,31.0635566711
3.3930000000,22.7808952332
3.3940000000,10.9148025513
3.3950000000,-0.4005432129
3.3960000000,-10.9720230103
3.3970000000,-21.6865539551
3.3980000000,-30.0693511963
3.3990000000,-38.5022163391
3.4000000000,-46.2412834167
3.4010000000,-49.2310523987
3.4020000000,-52.1492958069
3.4030000000,-52.2065162659
3.4040000000,-49.9391555786
3.4050000000,-46.5273857117
3.4060000000,-37.6510620117
3.4070000000,-29.3684005737
3.4080000000,-19.6194648743
3.4090000000,-8.2540512085
3.4100000000,4.0268898010
3.4110000000,14.3051147461
3.4120000000,24.2328643799
3.4130000000,33.4095954895
3.4140000000,40.9770011902
3.4150000000,47.6574897766
3.4160000000,50.1894950867
3.4170000000,53.9088249207
3.4180000000,50.8761405945
3.4190000000,49.2811203003
3.4200000000,43.4589385986
3.4210000000,34.7471237183
3.4220000000,26.1354446411
3.4230000000,15.4209136963
3.4240000000,3.5405158997
3.4250000000,-7.3957443237
3.4260000000,-18.0172920227
3.4270000000,-27.2727012634
3.4280000000,-36.1132621765
3.4290000000,-43.4803962708
3.4300000000,-48.7875938416
3.4310000000,-51.2409210205
3.4320000000,-53.0576705933
3.4330000000,-50.1036643982
3.4340000000,-47.9435920715
3.4350000000,-40.0686264038
3.4360000000,-31.4784049988
3.4370000000,-22.3517417908
3.4380000000,-11.1651420593
3.4390000000,0.8654594421
3.4400000000,11.8231773376
3.4410000000,22.2587585449
3.4420000000,31.3568115234
3.4430000000,38.7597084045
3.4440000000,47.4143028259
3.4450000000,49.7031211853
3.4460000000,52.7644157410
3.4470000000,51.8345832825
3.4480000000,49.6029853821
3.4490000000,44.2886352539
3.4500000000,36.2348556519
3.4510000000,27.1725654602
3.4520000000,17.3091888428
3.4530000000,4.7707557678
3.4540000000,-6.3872337341
3.4550000000,-17.2019004822
3.4560000000,-26.5288352966
3.4570000000,-35.0475311279
3.4580000000,-42.8652763367
3.4590000000,-48.9664077759
3.4600000000,-50.5471229553
3.4610000000,-53.2078742981
3.4620000000,-50.5685806274
3.4630000000,-47.6574897766
3.4640000000,-40.2760505676
3.4650000000,-31.8932533264
3.4660000000,-22.0370292664
3.4670000000,-10.9791755676
3.4680000000,0.8296966553
3.4690000000,11.7087364197
3.4700000000,22.2015380859
3.4710000000,31.9361686707
3.4720000000,39.4964218140
3.4730000000,47.4071502686
3.4740000000,49.7317314148
3.4750000000,53.2722473145
3.4760000000,51.4340400696
3.4770000000,49.0522384644
3.4780000000,43.5948371887
3.4790000000,35.6125831604
3.4800000000,25.6991386414
3.4810000000,15.8429145813
3.4820000000,3.3473968506
3.4830000000,-7.7605247498
3.4840000000,-18.5251235962
3.4850000000,-27.8592109680
3.4860000000,-36.5924835205
3.4870000000,-44.4102287292
3.4880000000,-48.7446784973
3.4890000000,-51.7416000366
3.4900000000,-52.6070594788
3.4910000000,-49.6172904968
3.4920000000,-47.2784042358
3.4930000000,-38.0587577820
3.4940000000,-29.5543670654
3.4950000000,-19.6838378906
3.4960000000,-8.1038475037
3.4970000000,4.1556358337
3.4980000000,14.5769119263
3.4990000000,24.8551368713
3.5000000000,34.3108177185
3.5010000000,42.3288345337
3.5020000000,47.8863716125
3.5030000000,50.5828857422
3.5040000000,53.6155700684
3.5050000000,50.4255294800
3.5060000000,48.3369827271
3.5070000000,41.0413742065
3.5080000000,31.6858291626
3.5090000000,22.8166580200
3.5100000000,11.4655494690
3.5110000000,-0.8082389832
3.5120000000,-11.9376182556
3.5130000000,-22.1729278564
3.5140000000,-31.2209129333
3.5150000000,-39.5035743713
3.5160000000,-47.4429130554
3.5170000000,-49.6459007263
3.5180000000,-52.9146194458
3.5190000000,-50.9047508240
3.5200000000,-48.9306449890
3.5210000000,-43.1942939758
3.5220000000,-35.1047515869
3.5230000000,-25.0482559204
3.5240000000,-14.0905380249
3.5250000000,-2.9540061951
3.5260000000,8.6617469788
3.5270000000,19.2689895630
3.5280000000,30.0407409668
3.5290000000,37.8870964050
3.5300000000,46.2841987610
3.5310000000,48.9020347595
3.5320000000,52.8430938721
3.5330000000,51.8846511841
3.5340000000,49.2024421692
3.5350000000,44.9180603027
3.5360000000,36.7283821106
3.5370000000,26.7934799194
3.5380000000,17.0731544495
3.5390000000,4.5847892761
3.5400000000,-7.2169303894
3.5410000000,-17.9600715637
3.5420000000,-27.4014472961
3.5430000000,-36.4351272583
3.5440000000,-44.5318222046
3.5450000000,-48.6731529236
3.5460000000,-51.6200065613
3.5470000000,-52.6213645935
3.5480000000,-49.3884086609
3.5490000000,-46.5989112854
3.5500000000,-37.7011299133
3.5510000000,-28.1739234924
3.5520000000,-18.2747840881
3.5530000000,-6.4015388489
3.5540000000,5.7291984558
3.5550000000,16.5081024170
3.5560000000,26.6146659851
3.5570000000,35.9702110291
3.5580000000,44.0382957458
3.5590000000,48.9735603333
3.5600000000,51.4912605286
3.5610000000,52.4640083313
3.5620000000,49.7102737427
3.5630000000,46.9779968262
3.5640000000,37.9300117493
3.5650000000,28.7318229675
3.5660000000,19.2475318909
3.5670000000,6.9093704224
3.5680000000,-5.6004524231
3.5690000000,-16.4937973022
3.5700000000,-25.8636474609
3.5710000000,-35.0761413574
3.5720000000,-43.3373451233
3.5730000000,-48.7303733826
3.5740000000,-51.0907173157
3.5750000000,-52.5856018066
3.5760000000,-50.0321388245
3.5770000000,-47.0709800720
3.5780000000,-37.9014015198
3.5790000000,-29.5042991638
3.5800000000,-19.0114974976
3.5810000000,-7.0452690125
3.5820000000,5.0926208496
3.5830000000,16.0861015320
3.5840000000,26.3571739197
3.5850000000,35.5124473572
3.5860000000,44.1813468933
3.5870000000,48.5944747925
3.5880000000,51.3911247253
3.5890000000,52.7286529541
3.5900000000,49.2954254150
3.5910000000,46.9136238098
3.5920000000,38.2375717163
3.5930000000,28.1167030334
3.5940000000,18.5608863831
3.5950000000,6.5159797668
3.5960000000,-6.1368942261
3.5970000000,-16.9587135315
3.5980000000,-26.5288352966
3.5990000000,-35.9988212585
3.6000000000,-44.2028045654
3.6010000000,-48.6588478088
3.6020000000,-51.5913963318
3.6030000000,-52.4997711182
3.6040000000,-49.3383407593
3.6050000000,-46.4701652527
3.6060000000,-37.2433662415
3.6070000000,-27.5516510010
3.6080000000,-17.4021720886
3.6090000000,-5.4001808167
3.6100000000,6.8449974060
3.6110000000,17.8027153015
3.6120000000,28.2025337219
3.6130000000,36.9071960449
3.6140000000,45.4688072205
3.6150000000,49.3741035461
3.6160000000,52.2637367249
3.6170000000,51.9061088562
3.6180000000,49.2525100708
3.6190000000,44.9466705322
3.6200000000,35.6912612915
3.6210000000,25.8994102478
3.6220000000,15.9430503845
3.6230000000,3.3760070801
3.6240000000,-9.2339515686
3.6250000000,-19.5193290710
3.6260000000,-29.3040275574
3.6270000000,-38.1159782410
3.6280000000,-46.7276573181
3.6290000000,-49.5243072510
3.6300000000,-52.4783134460
3.6310000000,-51.3696670532
3.6320000000,-48.7518310547
3.6330000000,-43.3802604675
3.6340000000,-34.5182418823
3.6350000000,-23.8180160522
3.6360000000,-13.3180618286
3.6370000000,-0.9012222290
3.6380000000,11.0578536987
3.6390000000,21.8367576599
3.6400000000,31.7859649658
3.6410000000,40.5120849609
3.6420000000,47.5358963013
3.6430000000,50.1108169556
3.6440000000,53.4009933472
3.6450000000,50.6830215454
3.6460000000,47.7933883667
3.6470000000,40.9698486328
3.6480000000,31.7573547363
3.6490000000,20.8783149719
3.6500000000,9.9635124207
3.6510000000,-2.9611587524
3.6520000000,-14.2335891724
3.6530000000,-24.2114067078
3.6540000000,-34.5396995544
3.6550000000,-42.4003601074
3.6560000000,-48.2010841370
3.6570000000,-51.3195991516
3.6580000000,-52.7215003967
3.6590000000,-49.8032569885
3.6600000000,-46.9636917114
3.6610000000,-38.2375717163
3.6620000000,-28.7103652954
3.6630000000,-18.0673599243
3.6640000000,-6.0939788818
3.6650000000,6.3443183899
3.6660000000,17.2519683838
3.6670000000,28.0666351318
3.6680000000,37.0573997498
3.6690000000,45.6905364990
3.6700000000,49.3168830872
3.6710000000,52.3924827576
3.6720000000,51.9633293152
3.6730000000,49.2238998413
3.6740000000,43.9238548279
3.6750000000,34.6970558167
3.6760000000,24.6834754944
3.6770000000,14.2836570740
3.6780000000,1.4448165894
3.6790000000,-10.9934806824
3.6800000000,-20.8568572998
3.6810000000,-31.3997268677
3.6820000000,-40.0900840759
3.6830000000,-47.6861000061
3.6840000000,-49.9248504639
3.6850000000,-53.0147552490
3.6860000000,-50.8975982666
3.6870000000,-47.5859642029
3.6880000000,-40.7910346985
3.6890000000,-31.2924385071
3.6900000000,-20.4133987427
3.6910000000,-9.0193748474
3.6920000000,3.9553642273
3.6930000000,15.4423713684
3.6940000000,25.9709358215
3.6950000000,35.0332260132
3.6960000000,44.5461273193
3.6970000000,48.7089157104
3.6980000000,52.1492958069
3.6990000000,52.0205497742
3.7000000000,49.3597984314
3.7010000000,45.5331802368
3.7020000000,36.4565849304
3.7030000000,25.9995460510
3.7040000000,15.3565406799
3.7050000000,3.1757354736
3.7060000000,-9.5772743225
3.7070000000,-19.8125839233
3.7080000000,-30.6701660156
3.7090000000,-39.5250320435
3.7100000000,-46.7777252197
3.7110000000,-50.2681732178
3.7120000000,-52.8001785278
3.7130000000,-51.1479377747
3.7140000000,-47.2068786621
3.7150000000,-42.0570373535
3.7160000000,-31.6715240479
3.7170000000,-20.2703475952
3.7180000000,-9.3340873718
3.7190000000,3.4260749817
3.7200000000,14.8415565491
3.7210000000,25.8922576904
3.7220000000,35.6125831604
3.7230000000,44.1884994507
3.7240000000,48.8805770874
3.7250000000,52.0849227905
3.7260000000,52.5283813477
3.7270000000,48.7375259399
3.7280000000,45.5617904663
3.7290000000,35.5052947998
3.7300000000,25.2485275269
3.7310000000,14.6341323853
3.7320000000,2.1815299988
3.7330000000,-10.4641914368
3.7340000000,-20.7138061523
3.7350000000,-31.4712524414
3.7360000000,-40.2617454529
3.7370000000,-47.7004051208
3.7380000000,-49.9749183655
3.7390000000,-53.0648231506
3.7400000000,-50.7259368896
3.7410000000,-47.1353530884
3.7420000000,-39.8612022400
3.7430000000,-30.1766395569
3.7440000000,-18.9113616943
3.7450000000,-7.2312355042
3.7460000000,5.7506561279
3.7470000000,16.7083740234
3.7480000000,28.0451774597
3.7490000000,37.2147560120
3.7500000000,45.8264350891
3.7510000000,49.1452217102
3.7520000000,52.9789924622
3.7530000000,51.3625144958
3.7540000000,48.8448143005
3.7550000000,42.6292419434
3.7560000000,33.4668159485
3.7570000000,22.4089622498
3.7580000000,11.3081932068
3.7590000000,-1.7237663269
3.7600000000,-13.3180618286
3.7610000000,-23.9396095276
3.7620000000,-34.4753265381
3.7630000000,-42.8652763367
3.7640000000,-48.1581687927
3.7650000000,-51.5913963318
3.7660000000,-52.4640083313
3.7670000000,-49.2024421692
3.7680000000,-46.1483001709
3.7690000000,-36.2992286682
3.7700000000,-26.2498855591
3.7710000000,-14.9345397949
3.7720000000,-2.8324127197
3.7730000000,9.9205970764
3.7740000000,20.6565856934
3.7750000000,31.9576263428
3.7760000000,41.1057472229
3.7770000000,47.0781326294
3.7780000000,50.7473945618
3.7790000000,53.0076026917
3.7800000000,50.2109527588
3.7810000000,47.4143028259
3.7820000000,38.5522842407
3.7830000000,28.7175178528
3.7840000000,17.6095962524
3.7850000000,5.8293342590
3.7860000000,-7.3027610779
3.7870000000,-18.0745124817
3.7880000000,-29.0966033936
3.7890000000,-38.4521484375
3.7900000000,-46.6275215149
3.7910000000,-49.6101379395
3.7920000000,-52.7286529541
3.7930000000,-50.8046150208
3.7940000000,-47.6646423340
3.7950000000,-41.1915779114
3.7960000000,-31.3425064087
3.7970000000,-20.0057029724
3.7980000000,-8.3684921265
3.7990000000,4.7349929810
3.8000000000,16.1361694336
3.8010000000,27.3299217224
3.8020000000,36.6425514221
3.8030000000,46.0267066956
3.8040000000,48.9163398743
3.8050000000,52.9503822327
3.8060000000,51.2266159058
3.8070000000,48.5515594482
3.8080000000,42.1714782715
3.8090000000,32.8159332275
3.8100000000,21.5435028076
3.8110000000,9.8991394043
3.8120000000,-2.8967857361
3.8130000000,-14.2478942871
3.8140000000,-25.4344940186
3.8150000000,-35.8629226685
3.8160000000,-44.5175170898
3.8170000000,-48.4657287598
3.8180000000,-51.8059730530
3.8190000000,-51.8989562988
3.8200000000,-48.7875938416
3.8210000000,-44.0955162048
3.8220000000,-33.8816642761
3.8230000000,-23.2529640198
3.8240000000,-11.4870071411
3.8250000000,1.3089179993
3.8260000000,13.2322311401
3.8270000000,24.6691703796
3.8280000000,34.6899032593
3.8290000000,43.9453125000
3.8300000000,48.6588478088
3.8310000000,51.9490242004
3.8320000000,52.2494316101
3.8330000000,48.4013557434
3.8340000000,44.9609756470
3.8350000000,34.2965126038
3.8360000000,23.4961509705
3.8370000000,12.2880935669
3.8380000000,-0.0715255737
3.8390000000,-12.3310089111
3.8400000000,-23.5819816589
3.8410000000,-34.0390205383
3.8420000000,-43.4517860413
3.8430000000,-48.0437278748
3.8440000000,-51.3982772827
3.8450000000,-52.2851943970
3.8460000000,-49.1237640381
3.8470000000,-44.8036193848
3.8480000000,-34.9259376526
3.8490000000,-24.7120857239
3.8500000000,-12.5026702881
3.8510000000,-0.1859664917
3.8520000000,12.0520591736
3.8530000000,23.8108634949
3.8540000000,34.0390205383
3.8550000000,43.7736511230
3.8560000000,47.9793548584
3.8570000000,52.1850585938
3.8580000000,51.8703460693
3.8590000000,48.9521026611
3.8600000000,44.6319580078
3.8610000000,34.8687171936
3.8620000000,23.9109992981
3.8630000000,12.0949745178
3.8640000000,-0.1716613770
3.8650000000,-12.3238563538
3.8660000000,-23.7965583801
3.8670000000,-34.5683097839
3.8680000000,-43.5233116150
3.8690000000,-48.0794906616
3.8700000000,-51.6128540039
3.8710000000,-52.1278381348
3.8720000000,-48.5658645630
3.8730000000,-44.6677207947
3.8740000000,-34.1248512268
3.8750000000,-23.5319137573
3.8760000000,-11.2724304199
3.8770000000,1.3017654419
3.8780000000,13.1964683533
3.8790000000,25.0768661499
3.8800000000,35.0475311279
3.8810000000,44.9466705322
3.8820000000,48.2010841370
3.8830000000,52.4854660034
3.8840000000,51.8417358398
3.8850000000,48.3012199402
3.8860000000,42.9582595825
3.8870000000,33.1735610962
3.8880000000,22.0084190369
3.8890000000,9.7131729126
3.8900000000,-2.9611587524
3.8910000000,-14.4982337952
3.8920000000,-26.1998176575
3.8930000000,-36.4065170288
3.8940000000,-44.9824333191
3.8950000000,-48.9306449890
3.8960000000,-51.9776344299
3.8970000000,-51.2123107910
3.8980000000,-47.9722023010
3.8990000000,-42.3717498779
3.9000000000,-31.5499305725
3.9010000000,-20.5135345459
3.9020000000,-8.1896781921
3.9030000000,4.5776367188
3.9040000000,16.4008140564
3.9050000000,28.0380249023
3.9060000000,38.4664535522
3.9070000000,45.6333160400
3.9080000000,49.6816635132
3.9090000000,53.2078742981
3.9100000000,50.1751899719
3.9110000000,48.0151176453
3.9120000000,39.5321846008
3.9130000000,29.4685363770
3.9140000000,17.9600715637
3.9150000000,5.7721138000
3.9160000000,-7.1597099304
3.9170000000,-18.6538696289
3.9180000000,-30.0550460815
3.9190000000,-39.5178794861
3.9200000000,-47.2640991211
3.9210000000,-49.8390197754
3.9220000000,-52.7930259705
3.9230000000,-50.0392913818
3.9240000000,-46.0338592529
3.9250000000,-37.9300117493
3.9260000000,-27.3728370667
3.9270000000,-15.3493881226
3.9280000000,-2.7537345886
3.9290000000,9.6988677979
3.9300000000,21.9726562500
3.9310000000,32.4940681458
3.9320000000,42.3145294189
3.9330000000,47.9364395142
3.9340000000,51.4984130859
3.9350000000,51.8846511841
3.9360000000,49.1595268250
3.9370000000,44.8751449585
3.9380000000,34.5826148987
3.9390000000,24.5547294617
3.9400000000,12.4454498291
3.9410000000,-0.8082389832
3.9420000000,-13.1106376648
3.9430000000,-24.2328643799
3.9440000000,-34.6612930298
3.9450000000,-44.2600250244
3.9460000000,-48.7446784973
3.9470000000,-51.3696670532
3.9480000000,-51.5556335449
3.9490000000,-48.4943389893
3.9500000000,-42.7579879761
3.9510000000,-32.1292877197
3.9520000000,-21.4290618896
3.9530000000,-8.3327293396
3.9540000000,4.3845176697
3.9550000000,16.5796279907
3.9560000000,28.2454490662
3.9570000000,39.0243530273
3.9580000000,45.4688072205
3.9590000000,50.0249862671
3.9600000000,52.8717041016
3.9610000000,50.2681732178
3.9620000000,47.4715232849
3.9630000000,38.4449958801
3.9640000000,28.1667709351
3.9650000000,16.5009498596
3.9660000000,3.9553642273
3.9670000000,-8.8047981262
3.9680000000,-20.5278396606
3.9690000000,-31.9218635559
3.9700000000,-41.3990020752
3.9710000000,-47.7075576782
3.9720000000,-50.7831573486
3.9730000000,-52.2565841675
3.9740000000,-49.2668151855
3.9750000000,-44.9180603027
3.9760000000,-34.8973274231
3.9770000000,-24.2400169373
3.9780000000,-11.4870071411
3.9790000000,1.4305114746
3.9800000000,13.7543678284
3.9810000000,25.7849693298
3.9820000000,36.2348556519
3.9830000000,44.5246696472
3.9840000000,49.3168830872
3.9850000000,52.6428222656
3.9860000000,50.7402420044
3.9870000000,48.2439994812
3.9880000000,40.2903556824
3.9890000000,30.0550460815
3.9900000000,18.6395645142
3.9910000000,5.8865547180
3.9920000000,-6.9522857666
3.9930000000,-18.8112258911
3.9940000000,-30.2982330322
3.9950000000,-40.0543212891
3.9960000000,-47.4929809570
3.9970000000,-50.0535964966
3.9980000000,-52.5140762329
3.9990000000,-49.6816635132
4.0000000000,-45.2613830566
4.0010000000,-36.0846519470
4.0020000000,-25.1841545105
4.0030000000,-12.6671791077
4.0040000000,0.4363059998
4.0050000000,12.9747390747
4.0060000000,25.0625610352
4.0070000000,35.4838371277
4.0080000000,44.1598892212
4.0090000000,49.1237640381
4.0100000000,52.4783134460
4.0110000000,50.8117675781
4.0120000000,48.2726097107
4.0130000000,40.4834747314
4.0140000000,30.3268432617
4.0150000000,18.6181068420
4.0160000000,5.8937072754
4.0170000000,-6.9379806519
4.0180000000,-18.7611579895
4.0190000000,-30.5056571960
4.0200000000,-40.2474403381
4.0210000000,-47.4572181702
4.0220000000,-50.1322746277
4.0230000000,-52.3853302002
4.0240000000,-49.4670867920
4.0250000000,-44.9967384338
4.0260000000,-35.4409217834
4.0270000000,-24.4045257568
4.0280000000,-11.8446350098
4.0290000000,1.3732910156
4.0300000000,14.0619277954
4.0310000000,25.8922576904
4.0320000000,36.7498397827
4.0330000000,44.3100929260
4.0340000000,49.5243072510
4.0350000000,52.8216362000
4.0360000000,50.2753257751
4.0370000000,47.9435920715
4.0380000000,38.6881828308
4.0390000000,28.7818908691
4.0400000000,16.3006782532
4.0410000000,3.1042098999
4.0420000000,-9.3626976013
4.0430000000,-21.1858749390
4.0440000000,-32.6871871948
4.0450000000,-42.6721572876
4.0460000000,-48.2082366943
4.0470000000,-50.8618354797
4.0480000000,-51.9418716431
4.0490000000,-48.3870506287
4.0500000000,-43.0583953857
4.0510000000,-31.7716598511
4.0520000000,-20.8568572998
4.0530000000,-7.6603889465
4.0540000000,5.6505203247
4.0550000000,18.2461738586
4.0560000000,29.3040275574
4.0570000000,40.2331352234
4.0580000000,46.7419624329
4.0590000000,50.1608848572
4.0600000000,52.5856018066
4.0610000000,49.0951538086
4.0620000000,45.8335876465
4.0630000000,35.2120399475
4.0640000000,24.0898132324
4.0650000000,11.8160247803
4.0660000000,-1.1157989502
4.0670000000,-13.5827064514
4.0680000000,-25.6633758545
4.0690000000,-36.4494323730
4.0700000000,-45.5403327942
4.0710000000,-49.0379333496
4.0720000000,-52.1779060364
4.0730000000,-50.4255294800
4.0740000000,-46.8635559082
4.0750000000,-39.3533706665
4.0760000000,-27.9307365417
4.0770000000,-16.1504745483
4.0780000000,-2.7108192444
4.0790000000,10.4570388794
4.0800000000,22.5591659546
4.0810000000,33.5741043091
4.0820000000,43.6377525330
4.0830000000,48.2368469238
4.0840000000,52.0634651184
4.0850000000,51.2838363647
4.0860000000,48.0365753174
4.0870000000,41.1772727966
4.0880000000,30.4985046387
4.0890000000,18.7969207764
4.0900000000,5.7792663574
4.0910000000,-7.2741508484
4.0920000000,-19.3476676941
4.0930000000,-31.0420989990
4.0940000000,-41.2058830261
4.0950000000,-47.3070144653
4.0960000000,-50.6258010864
4.0970000000,-52.0634651184
4.0980000000,-48.7661361694
4.0990000000,-43.8165664673
4.1000000000,-33.1592559814
4.1010000000,-22.0584869385
4.1020000000,-9.0265274048
4.1030000000,4.6849250793
4.1040000000,17.3664093018
4.1050000000,28.6960601807
4.1060000000,39.6609306335
4.1070000000,46.1626052856
4.1080000000,50.5614280701
4.1090000000,52.2136688232
4.1100000000,49.2310523987
4.1110000000,45.7334518433
4.1120000000,34.9116325378
4.1130000000,23.7107276917
4.1140000000,11.0149383545
4.1150000000,-2.3961067200
4.1160000000,-14.6698951721
4.1170000000,-26.7720222473
4.1180000000,-37.3649597168
4.1190000000,-45.9194183350
4.1200000000,-49.2453575134
4.1210000000,-52.5283813477
4.1220000000,-49.7674942017
4.1230000000,-45.4545021057
4.1240000000,-37.4078750610
4.1250000000,-25.7706642151
4.1260000000,-13.7257575989
4.1270000000,-0.0572204590
4.1280000000,13.0534172058
4.1290000000,25.0267982483
4.1300000000,36.4637374878
4.1310000000,44.5675849915
4.1320000000,49.0808486938
4.1330000000,52.8573989868
4.1340000000,49.8533248901
4.1350000000,47.1353530884
4.1360000000,37.7798080444
4.1370000000,26.8578529358
4.1380000000,14.7628784180
4.1390000000,1.3232231140
4.1400000000,-11.5084648132
4.1410000000,-23.6535072327
4.1420000000,-34.9044799805
4.1430000000,-44.6391105652
4.1440000000,-48.4943389893
4.1450000000,-51.8918037415
4.1460000000,-50.3826141357
4.1470000000,-46.8993186951
4.1480000000,-39.6680831909
4.1490000000,-27.8449058533
4.1500000000,-16.2792205811
4.1510000000,-2.5320053101
4.1520000000,10.8861923218
4.1530000000,22.9597091675
4.1540000000,34.7256660461
4.1550000000,43.4517860413
4.1560000000,48.8018989563
4.1570000000,52.3567199707
4.1580000000,50.3897666931
4.1590000000,47.7719306946
4.1600000000,39.0958786011
4.1610000000,28.2955169678
4.1620000000,16.1576271057
4.1630000000,2.8538703918
4.1640000000,-10.2639198303
4.1650000000,-22.3445892334
4.1660000000,-33.8602066040
4.1670000000,-44.1455841064
4.1680000000,-47.9865074158
4.1690000000,-51.5484809875
4.1700000000,-50.6615638733
4.1710000000,-47.2211837769
4.1720000000,-40.3475761414
4.1730000000,-28.4814834595
4.1740000000,-16.7942047119
4.1750000000,-3.1971931458
4.1760000000,10.3712081909
4.1770000000,22.5019454956
4.1780000000,34.5039367676
4.1790000000,43.3087348938
4.1800000000,48.6373901367
4.1810000000,52.3138046265
4.1820000000,50.4398345947
4.1830000000,47.4429130554
4.1840000000,39.5393371582
4.1850000000,27.9593467712
4.1860000000,15.6998634338
4.1870000000,2.5534629822
4.1880000000,-10.5285644531
4.1890000000,-22.5734710693
4.1900000000,-34.5969200134
4.1910000000,-44.4030761719
4.1920000000,-47.8434562683
4.1930000000,-52.0634651184
4.1940000000,-50.2252578735
4.1950000000,-46.7562675476
4.1960000000,-39.6108627319
4.1970000000,-27.3942947388
4.1980000000,-15.6927108765
4.1990000000,-1.8954277039
4.2000000000,11.6729736328
4.2010000000,23.6964225769
4.2020000000,35.8629226685
4.2030000000,43.8237190247
4.2040000000,49.0450859070
4.2050000000,52.5283813477
4.2060000000,49.9176979065
4.2070000000,47.1067428589
4.2080000000,37.4650955200
4.2090000000,26.2713432312
4.2100000000,13.9546394348
4.2110000000,0.4792213440
4.2120000000,-12.6814842224
4.2130000000,-24.9266624451
4.2140000000,-36.1132621765
4.2150000000,-45.2399253845
4.2160000000,-48.9020347595
4.2170000000,-52.4425506592
4.2180000000,-49.5100021362
4.2190000000,-45.1827049255
4.2200000000,-37.3148918152
4.2210000000,-24.9481201172
4.2220000000,-12.6957893372
4.2230000000,1.2087821960
4.2240000000,14.5268440247
4.2250000000,26.3500213623
4.2260000000,37.9943847656
4.2270000000,45.0253486633
4.2280000000,49.6244430542
4.2290000000,52.0992279053
4.2300000000,49.1666793823
4.2310000000,45.8979606628
4.2320000000,34.9545478821
4.2330000000,23.3602523804
4.2340000000,9.8776817322
4.2350000000,-3.7908554077
4.2360000000,-15.8500671387
4.2370000000,-28.4099578857
4.2380000000,-38.8956069946
4.2390000000,-46.4057922363
4.2400000000,-49.8247146606
4.2410000000,-52.2565841675
4.2420000000,-48.7732887268
4.2430000000,-43.4660911560
4.2440000000,-33.5884094238
4.2450000000,-21.4791297913
4.2460000000,-8.4114074707
4.2470000000,5.9866905212
4.2480000000,18.5537338257
4.2490000000,30.3196907043
4.2500000000,41.5420532227
4.2510000000,47.0852851868
4.2520000000,51.7487525940
4.2530000000,50.9762763977
4.2540000000,47.6861000061
4.2550000000,42.3860549927
4.2560000000,30.2839279175
4.2570000000,17.8813934326
4.2580000000,4.7779083252
4.2590000000,-8.7046623230
4.2600000000,-21.0356712341
4.2610000000,-33.1091880798
4.2620000000,-43.7593460083
4.2630000000,-47.6574897766
4.2640000000,-51.3124465942
4.2650000000,-50.6401062012
4.2660000000,-46.9565391541
4.2670000000,-39.5750999451
4.2680000000,-27.3799896240
4.2690000000,-15.3851509094
4.2700000000,-1.6951560974
4.2710000000,12.2523307800
4.2720000000,24.5261192322
4.2730000000,36.5924835205
4.2740000000,44.5389747620
4.2750000000,48.9664077759
4.2760000000,52.9503822327
4.2770000000,49.2739677429
4.2780000000,45.7978248596
4.2790000000,35.5553627014
4.2800000000,23.9253044128
4.2810000000,10.8146667480
4.2820000000,-3.3330917358
4.2830000000,-15.7713890076
4.2840000000,-28.2382965088
4.2850000000,-39.5035743713
4.2860000000,-46.3914871216
4.2870000000,-50.1036643982
4.2880000000,-51.6915321350
4.2890000000,-48.4657287598
4.2900000000,-43.2229042053
4.2910000000,-32.3796272278
4.2920000000,-20.0128555298
4.2930000000,-6.8020820618
4.2940000000,7.3528289795
4.2950000000,19.9770927429
4.2960000000,32.3224067688
4.2970000000,42.5434112549
4.2980000000,47.8506088257
4.2990000000,51.9418716431
4.3000000000,50.6901741028
4.3010000000,47.1997261047
4.3020000000,39.5536422729
4.3030000000,27.7161598206
4.3040000000,14.9846076965
4.3050000000,1.5521049500
4.3060000000,-11.7659568787
4.3070000000,-24.5046615601
4.3080000000,-35.9129905701
4.3090000000,-45.0825691223
4.3100000000,-48.8233566284
4.3110000000,-52.3495674133
4.3120000000,-49.1166114807
4.3130000000,-44.4173812866
4.3140000000,-35.7913970947
4.3150000000,-23.2601165771
4.3160000000,-10.2639198303
4.3170000000,4.2128562927
4.3180000000,16.9372558594
4.3190000000,29.2181968689
4.3200000000,40.9698486328
4.3210000000,46.6990470886
4.3220000000,51.4554977417
4.3230000000,50.9762763977
4.3240000000,47.4214553833
4.3250000000,42.7436828613
4.3260000000,29.9334526062
4.3270000000,17.1947479248
4.3280000000,4.0841102600
4.3290000000,-9.3841552734
4.3300000000,-22.2015380859
4.3310000000,-34.6112251282
4.3320000000,-44.0526008606
4.3330000000,-47.8577613831
4.3340000000,-52.1636009216
4.3350000000,-49.6602058411
4.3360000000,-45.5117225647
4.3370000000,-37.3363494873
4.3380000000,-24.6691703796
4.3390000000,-12.0592117310
4.3400000000,2.3961067200
4.3410000000,15.5425071716
4.3420000000,27.8377532959
4.3430000000,39.8826599121
4.3440000000,46.0910797119
4.3450000000,51.0764122009
4.3460000000,51.3052940369
4.3470000000,47.8076934814
4.3480000000,43.1871414185
4.3490000000,30.7345390320
4.3500000000,18.5108184814
4.3510000000,4.9996376038
4.3520000000,-8.8262557983
4.3530000000,-21.4076042175
4.3540000000,-33.5884094238
4.3550000000,-43.9023971558
4.3560000000,-48.0723381042
4.3570000000,-51.8202781677
4.3580000000,-49.6816635132
4.3590000000,-45.7262992859
4.3600000000,-37.7082824707
4.3610000000,-24.8479843140
4.3620000000,-11.9733810425
4.3630000000,2.3245811462
4.3640000000,15.4137611389
4.3650000000,27.9450416565
4.3660000000,40.1258468628
4.3670000000,46.1339950562
4.3680000000,51.0764122009
4.3690000000,51.1908531189
4.3700000000,47.8005409241
4.3710000000,42.7365303040
4.3720000000,30.0765037537
4.3730000000,17.8241729736
4.3740000000,4.2986869812
4.3750000000,-9.5415115356
4.3760000000,-22.3946571350
4.3770000000,-34.4538688660
4.3780000000,-44.2028045654
4.3790000000,-48.4013557434
4.3800000000,-52.0348548889
4.3810000000,-49.3454933167
4.3820000000,-44.8966026306
4.3830000000,-36.4351272583
4.3840000000,-23.6105918884
4.3850000000,-10.5071067810
4.3860000000,4.0197372437
4.3870000000,16.9730186462
4.3880000000,29.6831130981
4.3890000000,40.9841537476
4.3900000000,46.8778610229
4.3910000000,51.6629219055
4.3920000000,50.7903099060
4.3930000000,47.1639633179
4.3940000000,40.8554077148
4.3950000000,28.2382965088
4.3960000000,15.4852867126
4.3970000000,1.7166137695
4.3980000000,-11.7373466492
4.3990000000,-24.6262550354
4.4000000000,-36.5638732910
4.4010000000,-45.4258918762
4.4020000000,-48.9163398743
4.4030000000,-52.1707534790
4.4040000000,-48.6946105957
4.4050000000,-43.2872772217
4.4060000000,-33.7600708008
4.4070000000,-20.6208229065
4.4080000000,-7.3671340942
4.4090000000,7.1525573730
4.4100000000,19.9985504150
4.4110000000,33.2236289978
4.4120000000,42.1714782715
4.4130000000,48.2439994812
4.4140000000,52.3424148560
4.4150000000,49.7174263000
4.4160000000,46.6418266296
4.4170000000,36.8785858154
4.4180000000,24.9624252319
4.4190000000,11.5084648132
4.4200000000,-2.8538703918
4.4210000000,-15.7284736633
4.4220000000,-28.4457206726
4.4230000000,-40.3690338135
4.4240000000,-46.2198257446
4.4250000000,-50.4755973816
4.4260000000,-51.3195991516
4.4270000000,-47.2640991211
4.4280000000,-41.1701202393
4.4290000000,-29.1538238525
4.4300000000,-16.1933898926
4.4310000000,-2.3531913757
4.4320000000,11.6086006165
4.4330000000,24.4545936584
4.4340000000,37.4865531921
4.4350000000,44.8608398438
4.4360000000,49.7317314148
4.4370000000,51.8345832825
4.4380000000,48.5515594482
4.4390000000,44.2385673523
4.4400000000,32.0935249329
4.4410000000,19.7267532349
4.4420000000,5.9652328491
4.4430000000,-8.1467628479
4.4440000000,-21.1715698242
4.4450000000,-33.6384773254
4.4460000000,-43.7664985657
4.4470000000,-48.0651855469
4.4480000000,-51.8989562988
4.4490000000,-49.3025779724
4.4500000000,-44.8679924011
4.4510000000,-36.1919403076
4.4520000000,-23.1170654297
4.4530000000,-9.7703933716
4.4540000000,4.8136711121
4.4550000000,17.8384780884
4.4560000000,31.1350822449
4.4570000000,41.2988662720
4.4580000000,47.5573539734
4.4590000000,51.8918037415
4.4600000000,50.1394271851
4.4610000000,46.6704368591
4.4620000000,38.2947921753
4.4630000000,25.8350372314
4.4640000000,12.2666358948
4.4650000000,-2.0599365234
4.4660000000,-15.0918960571
4.4670000000,-27.8377532959
4.4680000000,-40.2402877808
4.4690000000,-45.9694862366
4.4700000000,-50.3754615784
4.4710000000,-51.1980056763
4.4720000000,-47.1496582031
4.4730000000,-41.0199165344
4.4740000000,-28.6817550659
4.4750000000,-15.5782699585
4.4760000000,-1.7237663269
4.4770000000,12.2380256653
4.4780000000,25.1340866089
4.4790000000,38.1946563721
4.4800000000,45.1397895813
4.4810000000,50.0035285950
4.4820000000,51.2337684631
4.4830000000,47.7576255798
4.4840000000,42.7579879761
4.4850000000,30.0765037537
4.4860000000,17.5452232361
4.4870000000,3.5691261292
4.4880000000,-10.4069709778
4.4890000000,-23.5891342163
4.4900000000,-36.0488891602
4.4910000000,-44.8322296143
4.4920000000,-48.7375259399
4.4930000000,-52.2208213806
4.4940000000,-48.6230850220
4.4950000000,-43.0583953857
4.4960000000,-32.9589843750
4.4970000000,-19.8554992676
4.4980000000,-6.2298774719
4.4990000000,8.6975097656
4.5000000000,21.5363502502
4.5010000000,34.9473953247
4.5020000000,43.1227684021
4.5030000000,48.9091873169
4.5040000000,52.3495674133
4.5050000000,48.8305091858
4.5060000000,44.8536872864
4.5070000000,33.7529182434
4.5080000000,21.3003158569
4.5090000000,7.1096420288
4.5100000000,-7.2097778320
4.5110000000,-20.4348564148
4.5120000000,-32.9732894897
4.5130000000,-43.3588027954
4.5140000000,-47.9149818420
4.5150000000,-52.0920753479
4.5160000000,-48.9735603333
4.5170000000,-44.4674491882
4.5180000000,-35.7770919800
4.5190000000,-22.3660469055
4.5200000000,-8.7976455688
4.5210000000,6.0796737671
4.5220000000,18.9542770386
4.5230000000,32.4797630310
4.5240000000,42.2072410583
4.5250000000,48.2654571533
4.5260000000,52.0563125610
4.5270000000,49.2882728577
4.5280000000,45.7191467285
4.5290000000,35.9702110291
4.5300000000,22.8953361511
4.5310000000,9.0837478638
4.5320000000,-5.2857398987
4.5330000000,-18.6467170715
4.5340000000,-31.3854217529
4.5350000000,-42.6220893860
4.5360000000,-47.1854209900
4.5370000000,-51.6343116760
4.5380000000,-49.3741035461
4.5390000000,-45.3543663025
4.5400000000,-36.9286537170
4.5410000000,-23.4532356262
4.5420000000,-10.0278854370
4.5430000000,4.7421455383
4.5440000000,18.0172920227
4.5450000000,31.5427780151
4.5460000000,41.7852401733
4.5470000000,47.7647781372
4.5480000000,51.8631935120
4.5490000000,49.7102737427
4.5500000000,45.7835197449
4.5510000000,36.5710258484
4.5520000000,23.3674049377
4.5530000000,9.7274780273
4.5540000000,-4.8780441284
4.5550000000,-18.4321403503
4.5560000000,-31.1422348022
4.5570000000,-42.3145294189
4.5580000000,-47.1353530884
4.5590000000,-51.6414642334
4.5600000000,-49.4241714478
4.5610000000,-45.1970100403
4.5620000000,-36.7784500122
4.5630000000,-23.3674049377
4.5640000000,-9.8061561584
4.5650000000,5.0926208496
4.5660000000,18.3963775635
4.5670000000,31.9004058838
4.5680000000,41.9068336487
4.5690000000,48.0508804321
4.5700000000,51.9847869873
4.5710000000,49.4170188904
4.5720000000,45.4401969910
4.5730000000,35.8057022095
4.5740000000,22.6235389709
4.5750000000,8.6832046509
4.5760000000,-5.9795379639
4.5770000000,-19.3405151367
4.5780000000,-32.1364402771
4.5790000000,-42.9224967957
4.5800000000,-47.5430488586
4.5810000000,-51.9490242004
4.5820000000,-48.8591194153
4.5830000000,-44.3959236145
4.5840000000,-35.4623794556
4.5850000000,-21.7580795288
4.5860000000,-8.0537796021
4.5870000000,6.7734718323
4.5880000000,20.0343132019
4.5890000000,33.7958335876
4.5900000000,42.7722930908
4.5910000000,48.5157966614
4.5920000000,52.1349906921
4.5930000000,48.7375259399
4.5940000000,44.6963310242
4.5950000000,33.4739685059
4.5960000000,20.4133987427
4.5970000000,6.2584877014
4.5980000000,-8.4042549133
4.5990000000,-21.5721130371
4.6000000000,-34.6612930298
4.6010000000,-44.1169738770
4.6020000000,-48.1939315796
4.6030000000,-52.0706176758
4.6040000000,-48.2940673828
4.6050000000,-42.6936149597
4.6060000000,-32.5441360474
4.6070000000,-18.9042091370
4.6080000000,-4.8780441284
4.6090000000,9.6559524536
4.6100000000,22.9668617249
4.6110000000,36.4780426025
4.6120000000,44.2957878113
4.6130000000,49.2095947266
4.6140000000,51.5127182007
4.6150000000,47.5287437439
4.6160000000,42.2286987305
4.6170000000,29.6330451965
4.6180000000,16.5438652039
4.6190000000,2.1314620972
4.6200000000,-12.4740600586
4.6210000000,-25.0768661499
4.6220000000,-38.7883186340
4.6230000000,-44.8036193848
4.6240000000,-49.9749183655
4.6250000000,-51.3267517090
4.6260000000,-46.9994544983
4.6270000000,-40.8339500427
4.6280000000,-27.8949737549
4.6290000000,-14.5483016968
4.6300000000,-0.2360343933
4.6310000000,14.0404701233
4.6320000000,27.2727012634
4.6330000000,40.1258468628
4.6340000000,46.1626052856
4.6350000000,51.0549545288
4.6360000000,50.2181053162
4.6370000000,45.3901290894
4.6380000000,38.8669967651
4.6390000000,24.5046615601
4.6400000000,11.0721588135
4.6410000000,-3.3330917358
4.6420000000,-17.5023078918
4.6430000000,-30.7345390320
4.6440000000,-41.6421890259
4.6450000000,-46.7205047607
4.6460000000,-51.7773628235
4.6470000000,-49.1166114807
4.6480000000,-44.5461273193
4.6490000000,-36.4923477173
4.6500000000,-22.7451324463
4.6510000000,-9.2196464539
4.6520000000,6.0868263245
4.6530000000,19.2689895630
4.6540000000,32.9160690308
4.6550000000,42.6578521729
4.6560000000,48.3512878418
4.6570000000,51.7416000366
4.6580000000,48.3369827271
4.6590000000,43.3659553528
4.6600000000,33.1234931946
4.6610000000,18.6896324158
4.6620000000,4.9352645874
4.6630000000,-10.0493431091
4.6640000000,-23.0097770691
4.6650000000,-37.0788574219
4.6660000000,-43.8880920410
4.6670000000,-49.4098663330
4.6680000000,-51.4912605286
4.6690000000,-47.5931167603
4.6700000000,-41.9497489929
4.6710000000,-29.1609764099
4.6720000000,-15.9144401550
4.6730000000,-1.5306472778
4.6740000000,13.2465362549
4.6750000000,26.2284278870
4.6760000000,39.3748283386
4.6770000000,46.2198257446
4.6780000000,50.3039360046
4.6790000000,50.4899024963
4.6800000000,45.5403327942
4.6810000000,38.7024879456
4.6820000000,24.8837471008
4.6830000000,10.6859207153
4.6840000000,-4.1127204895
4.6850000000,-17.6382064819
4.6860000000,-31.8145751953
4.6870000000,-41.7566299438
4.6880000000,-47.1138954163
4.6890000000,-51.8417358398
4.6900000000,-49.1595268250
4.6910000000,-44.2314147949
4.6920000000,-34.3465805054
4.6930000000,-20.8854675293
4.6940000000,-7.0738792419
4.6950000000,8.4829330444
4.6960000000,21.6507911682
4.6970000000,35.0904464722
4.6980000000,43.9596176147
4.6990000000,49.0736961365
4.7000000000,51.6486167908
4.7010000000,47.1568107605
4.7020000000,41.1629676819
4.7030000000,30.0049781799
4.7040000000,15.1133537292
4.7050000000,1.0156631470
4.7060000000,-13.2894515991
4.7070000000,-27.3084640503
4.7080000000,-39.3462181091
4.7090000000,-45.4545021057
4.7100000000,-51.3768196106
4.7110000000,-49.8890876770
4.7120000000,-45.8550453186
4.7130000000,-37.9300117493
4.7140000000,-24.6477127075
4.7150000000,-11.1293792725
4.7160000000,4.5347213745
4.7170000000,18.3677673340
4.7180000000,30.9991836548
4.7190000000,42.7436828613
4.7200000000,47.6789474487
4.7210000000,51.0978698730
4.7220000000,48.9234924316
4.7230000000,41.5706634521
4.7240000000,33.8387489319
4.7250000000,18.8040733337
4.7260000000,3.9482116699
4.7270000000,-10.6501579285
4.7280000000,-24.7764587402
4.7290000000,-37.0788574219
4.7300000000,-44.2528724670
4.7310000000,-51.0907173157
4.7320000000,-49.8604774475
4.7330000000,-47.3928451538
4.7340000000,-40.0185585022
4.7350000000,-27.2369384766
4.7360000000,-13.6613845825
4.7370000000,1.8525123596
4.7380000000,16.3006782532
4.7390000000,28.6746025085
4.7400000000,41.0914421082
4.7410000000,47.2569465637
4.7420000000,50.2824783325
4.7430000000,49.2453575134
4.7440000000,43.3516502380
4.7450000000,34.8472595215
4.7460000000,20.3490257263
4.7470000000,5.3429603577
4.7480000000,-9.1981887817
4.7490000000,-23.3316421509
4.7500000000,-36.1847877502
4.7510000000,-44.1026687622
4.7520000000,-50.6973266602
4.7530000000,-50.2896308899
4.7540000000,-47.6288795471
4.7550000000,-40.6336784363
4.7560000000,-27.7304649353
4.7570000000,-13.5898590088
4.7580000000,1.9168853760
4.7590000000,16.2577629089
4.7600000000,28.7246704102
4.7610000000,40.9126281738
4.7620000000,47.2569465637
4.7630000000,49.8962402344
4.7640000000,49.9892234802
4.7650000000,43.0154800415
4.7660000000,34.1606140137
4.7670000000,20.5850601196
4.7680000000,5.0425529480
4.7690000000,-10.4427337646
4.7700000000,-24.5118141174
4.7710000000,-35.6197357178
4.7720000000,-44.2028045654
4.7730000000,-51.1980056763
4.7740000000,-50.0178337097
4.7750000000,-47.8935241699
4.7760000000,-39.8898124695
4.7770000000,-27.5945663452
4.7780000000,-13.0391120911
4.7790000000,2.0170211792
4.7800000000,16.5152549744
4.7810000000,29.6401977539
4.7820000000,41.2487983704
4.7830000000,47.5215911865
4.7840000000,49.9606132507
4.7850000000,49.4956970215
4.7860000000,42.6936149597
4.7870000000,33.3309173584
4.7880000000,19.8984146118
4.7890000000,4.2128562927
4.7900000000,-10.9505653381
4.7910000000,-25.4631042480
4.7920000000,-36.1418724060
4.7930000000,-45.1183319092
4.7940000000,-51.0263442993
4.7950000000,-50.0106811523
4.7960000000,-47.7933883667
4.7970000000,-38.0587577820
4.7980000000,-26.4644622803
4.7990000000,-11.4941596985
4.8000000000,3.5333633423
4.8010000000,17.7168846130
4.8020000000,31.2423706055
4.8030000000,42.2215461731
4.8040000000,48.0008125305
4.8050000000,49.8247146606
4.8060000000,49.3025779724
4.8070000000,41.5349006653
4.8080000000,30.9634208679
4.8090000000,18.3463096619
4.8100000000,2.1600723267
4.8110000000,-13.2966041565
4.8120000000,-26.9079208374
4.8130000000,-37.7082824707
4.8140000000,-46.7562675476
4.8150000000,-50.7044792175
4.8160000000,-49.7961044312
4.8170000000,-46.6775894165
4.8180000000,-36.0918045044
4.8190000000,-23.6749649048
4.8200000000,-9.0479850769
4.8210000000,6.3014030457
4.8220000000,20.1845169067
4.8230000000,33.5168838501
4.8240000000,43.6234474182
4.8250000000,48.6230850220
4.8260000000,49.5314598083
4.8270000000,48.2010841370
4.8280000000,39.0386581421
4.8290000000,27.5301933289
4.8300000000,14.7199630737
4.8310000000,-1.5091896057
4.8320000000,-16.9229507446
4.8330000000,-29.0608406067
4.8340000000,-40.5693054199
4.8350000000,-49.4742393494
4.8360000000,-49.7674942017
4.8370000000,-49.8461723328
4.8380000000,-43.9810752869
4.8390000000,-33.3523750305
4.8400000000,-19.7768211365
4.8410000000,-4.9138069153
4.8420000000,10.4784965515
4.8430000000,24.0397453308
4.8440000000,36.5853309631
4.8450000000,45.6476211548
4.8460000000,49.5815277100
4.8470000000,49.2596626282
4.8480000000,45.7048416138
4.8490000000,35.6054306030
4.8500000000,23.0026245117
4.8510000000,9.0622901917
4.8520000000,-6.9308280945
4.8530000000,-20.5421447754
4.8540000000,-33.6456298828
4.8550000000,-44.4030761719
4.8560000000,-49.7531890869
4.8570000000,-50.3110885620
4.8580000000,-48.7732887268
4.8590000000,-40.0543212891
4.8600000000,-28.4743309021
4.8610000000,-14.2192840576
4.8620000000,1.2874603271
4.8630000000,15.7999992371
4.8640000000,29.1395187378
4.8650000000,40.1473045349
4.8660000000,48.0866432190
4.8670000000,49.7674942017
4.8680000000,48.6803054810
4.8690000000,42.2430038452
4.8700000000,30.9133529663
4.8710000000,17.3020362854
4.8720000000,2.5963783264
4.8730000000,-12.1808052063
4.8740000000,-26.0782241821
4.8750000000,-38.9599800110
4.8760000000,-48.0008125305
4.8770000000,-49.6387481689
4.8780000000,-50.9119033813
4.8790000000,-44.5604324341
4.8800000000,-35.5339050293
4.8810000000,-22.7880477905
4.8820000000,-7.7319145203
4.8830000000,8.4471702576
4.8840000000,22.1800804138
4.8850000000,34.8114967346
4.8860000000,43.5161590576
4.8870000000,49.9606132507
4.8880000000,49.3097305298
4.8890000000,46.4558601379
4.8900000000,37.2147560120
4.8910000000,24.1112709045
4.8920000000,9.7060203552
4.8930000000,-5.4287910461
4.8940000000,-19.5193290710
4.8950000000,-33.2808494568
4.8960000000,-44.8465347290
4.8970000000,-48.1081008911
4.8980000000,-50.9548187256
4.8990000000,-48.2225418091
4.9000000000,-40.1616096497
4.9010000000,-28.9177894592
4.9020000000,-14.8272514343
4.9030000000,1.6450881958
4.9040000000,16.7655944824
4.9050000000,29.2539596558
4.9060000000,40.3761863708
4.9070000000,47.7790832520
4.9080000000,50.0464439392
4.9090000000,47.1925735474
4.9100000000,42.9010391235
4.9110000000,30.2696228027
4.9120000000,15.8214569092
4.9130000000,1.1086463928
4.9140000000,-13.4825706482
4.9150000000,-28.0380249023
4.9160000000,-40.8267974854
4.9170000000,-46.6704368591
4.9180000000,-50.6401062012
4.9190000000,-50.2252578735
4.9200000000,-43.5876846313
4.9210000000,-33.7243080139
4.9220000000,-20.8067893982
4.9230000000,-4.5704841614
4.9240000000,10.6143951416
4.9250000000,25.0482559204
4.9260000000,36.4565849304
4.9270000000,44.5675849915
4.9280000000,50.2109527588
4.9290000000,48.6016273499
4.9300000000,44.3172454834
4.9310000000,34.7542762756
4.9320000000,20.8783149719
4.9330000000,5.6505203247
4.9340000000,-9.6058845520
4.9350000000,-23.8394737244
4.9360000000,-37.6009941101
4.9370000000,-44.6820259094
4.9380000000,-50.0392913818
4.9390000000,-51.3339042664
4.9400000000,-46.2484359741
4.9410000000,-37.3435020447
4.9420000000,-25.6490707397
4.9430000000,-9.6917152405
4.9440000000,5.8078765869
4.9450000000,20.3132629395
4.9460000000,34.2106819153
4.9470000000,43.1156158447
4.9480000000,48.9163398743
4.9490000000,50.0965118408
4.9500000000,45.6762313843
4.9510000000,39.0529632568
4.9520000000,25.3772735596
4.9530000000,10.4212760925
4.9540000000,-5.1569938660
4.9550000000,-19.3262100220
4.9560000000,-33.8459014893
4.9570000000,-43.2372093201
4.9580000000,-48.4514236450
4.9590000000,-51.5341758728
4.9600000000,-47.2426414490
4.9610000000,-39.7324562073
4.9620000000,-28.2382965088
4.9630000000,-12.7100944519
4.9640000000,2.8538703918
4.9650000000,17.2662734985
4.9660000000,31.7573547363
4.9670000000,41.4562225342
4.9680000000,47.4214553833
4.9690000000,50.8904457092
4.9700000000,46.4844703674
4.9710000000,40.1258468628
4.9720000000,28.0952453613
4.9730000000,12.3810768127
4.9740000000,-2.7823448181
4.9750000000,-17.3306465149
4.9760000000,-32.2937965393
4.9770000000,-41.5992736816
4.9780000000,-47.9865074158
4.9790000000,-51.4125823975
4.9800000000,-48.0508804321
4.9810000000,-41.5420532227
4.9820000000,-29.1967391968
4.9830000000,-14.4839286804
4.9840000000,0.7152557373
4.9850000000,15.2850151062
4.9860000000,29.4470787048
4.9870000000,41.2058830261
4.9880000000,46.6990470886
4.9890000000,50.1394271851
4.9900000000,47.5001335144
4.9910000000,39.4320487976
4.9920000000,29.8333168030
4.9930000000,14.0047073364
4.9940000000,-1.8310546875
4.9950000000,-16.9157981873
4.9960000000,-31.4855575562
4.9970000000,-40.7123565674
4.9980000000,-47.9793548584
4.9990000000,-51.4268875122
