time (s),velocity (rpm)
0.0000000000,0.0000000000
0.0010000000,0.0021991149
0.0020000000,0.0087964594
0.0030000000,0.0197920335
0.0040000000,0.0351858362
0.0050000000,0.0549778658
0.0060000000,0.0791681180
0.0070000000,0.1077565855
0.0080000000,0.1407432561
0.0090000000,0.1781281112
0.0100000000,0.2199111240
0.0110000000,0.2660922569
0.0120000000,0.3166714593
0.0130000000,0.3716486649
0.0140000000,0.4310237883
0.0150000000,0.4947967225
0.0160000000,0.5629673346
0.0170000000,0.6355354623
0.0180000000,0.7125009103
0.0190000000,0.7938634453
0.0200000000,0.8796227918
0.0210000000,0.9697786274
0.0220000000,1.0643305775
0.0230000000,1.1632782099
0.0240000000,1.2666210295
0.0250000000,1.3743584722
0.0260000000,1.4864898990
0.0270000000,1.6030145894
0.0280000000,1.7239317346
0.0290000000,1.8492404314
0.0300000000,1.9789396739
0.0310000000,2.1130283472
0.0320000000,2.2515052189
0.0330000000,2.3943689317
0.0340000000,2.5416179947
0.0350000000,2.6932507757
0.0360000000,2.8492654916
0.0370000000,3.0096602002
0.0380000000,3.1744327905
0.0390000000,3.3435809736
0.0400000000,3.5171022726
0.0410000000,3.6949940129
0.0420000000,3.8772533118
0.0430000000,4.0638770681
0.0440000000,4.2548619514
0.0450000000,4.4502043909
0.0460000000,4.6499005645
0.0470000000,4.8539463869
0.0480000000,5.0623374980
0.0490000000,5.2750692513
0.0500000000,5.4921367009
0.0510000000,5.7135345898
0.0520000000,5.9392573365
0.0530000000,6.1692990225
0.0540000000,6.4036533788
0.0550000000,6.6423137726
0.0560000000,6.8852731936
0.0570000000,7.1325242400
0.0580000000,7.3840591041
0.0590000000,7.6398695586
0.0600000000,7.8999469411
0.0610000000,8.1642821399
0.0620000000,8.4328655783
0.0630000000,8.7056872000
0.0640000000,8.9827364530
0.0650000000,9.2640022739
0.0660000000,9.5494730723
0.0670000000,9.8391367141
0.0680000000,10.1329805054
0.0690000000,10.4309911758
0.0700000000,10.7331548616
0.0710000000,11.0394570887
0.0720000000,11.3498827554
0.0730000000,11.6644161150
0.0740000000,11.9830407583
0.0750000000,12.3057395954
0.0760000000,12.6324948383
0.0770000000,12.9632879821
0.0780000000,13.2980997871
0.0790000000,13.6369102602
0.0800000000,13.9796986360
0.0810000000,14.3264433583
0.0820000000,14.6771220606
0.0830000000,15.0317115477
0.0840000000,15.3901877754
0.0850000000,15.7525258321
0.0860000000,16.1186999185
0.0870000000,16.4886833280
0.0880000000,16.8624484274
0.0890000000,17.2399666361
0.0900000000,17.6212084068
0.0910000000,18.0061432050
0.0920000000,18.3947394889
0.0930000000,18.7869646887
0.0940000000,19.1827851868
0.0950000000,19.5821662968
0.0960000000,19.9850722431
0.0970000000,20.3914661406
0.0980000000,20.8013099734
0.0990000000,21.2145645749
0.1000000000,21.6311896062
0.1010000000,22.0511435364
0.1020000000,22.4743836209
0.1030000000,22.9008658812
0.1040000000,23.3305450840
0.1050000000,23.7633747205
0.1060000000,24.1993069859
0.1070000000,24.6382927583
0.1080000000,25.0802815786
0.1090000000,25.5252216298
0.1100000000,25.9730597166
0.1110000000,26.4237412449
0.1120000000,26.8772102017
0.1130000000,27.3334091350
0.1140000000,27.7922791336
0.1150000000,28.2537598077
0.1160000000,28.7177892684
0.1170000000,29.1843041091
0.1180000000,29.6532393854
0.1190000000,30.1245285964
0.1200000000,30.5981036656
0.1210000000,31.0738949220
0.1220000000,31.5518310822
0.1230000000,32.0318392316
0.1240000000,32.5138448068
0.1250000000,32.9977715778
0.1260000000,33.4835416310
0.1270000000,33.9710753517
0.1280000000,34.4602914080
0.1290000000,34.9511067341
0.1300000000,35.4434365147
0.1310000000,35.9371941692
0.1320000000,36.4322913369
0.1330000000,36.9286378623
0.1340000000,37.4261417806
0.1350000000,37.9247093046
0.1360000000,38.4242448109
0.1370000000,38.9246508276
0.1380000000,39.4258280219
0.1390000000,39.9276751888
0.1400000000,40.4300892396
0.1410000000,40.9329651920
0.1420000000,41.4361961602
0.1430000000,41.9396733456
0.1440000000,42.4432860282
0.1450000000,42.9469215594
0.1460000000,43.4504653544
0.1470000000,43.9538008860
0.1480000000,44.4568096792
0.1490000000,44.9593713063
0.1500000000,45.4613633831
0.1510000000,45.9626615654
0.1520000000,46.4631395472
0.1530000000,46.9626690590
0.1540000000,47.4611198672
0.1550000000,47.9583597752
0.1560000000,48.4542546239
0.1570000000,48.9486682951
0.1580000000,49.4414627138
0.1590000000,49.9324978538
0.1600000000,50.4216317422
0.1610000000,50.9087204665
0.1620000000,51.3936181825
0.1630000000,51.8761771227
0.1640000000,52.3562476063
0.1650000000,52.8336780510
0.1660000000,53.3083149846
0.1670000000,53.7800030595
0.1680000000,54.2485850670
0.1690000000,54.7139019537
0.1700000000,55.1757928393
0.1710000000,55.6340950355
0.1720000000,56.0886440658
0.1730000000,56.5392736878
0.1740000000,56.9858159161
0.1750000000,57.4281010468
0.1760000000,57.8659576837
0.1770000000,58.2992127659
0.1780000000,58.7276915968
0.1790000000,59.1512178748
0.1800000000,59.5696137256
0.1810000000,59.9826997362
0.1820000000,60.3902949900
0.1830000000,60.7922171045
0.1840000000,61.1882822698
0.1850000000,61.5783052892
0.1860000000,61.9620996214
0.1870000000,62.3394774250
0.1880000000,62.7102496037
0.1890000000,63.0742258541
0.1900000000,63.4312147155
0.1910000000,63.7810236206
0.1920000000,64.1234589491
0.1930000000,64.4583260823
0.1940000000,64.7854294603
0.1950000000,65.1045726408
0.1960000000,65.4155583595
0.1970000000,65.7181885934
0.1980000000,66.0122646249
0.1990000000,66.2975871088
0.2000000000,66.5739561407
0.2010000000,66.8411713278
0.2020000000,67.0990318618
0.2030000000,67.3473365931
0.2040000000,67.5858841078
0.2050000000,67.8144728068
0.2060000000,68.0329009860
0.2070000000,68.2409669200
0.2080000000,68.4384689465
0.2090000000,68.6252055536
0.2100000000,68.8009754693
0.2110000000,68.9655777520
0.2120000000,69.1188118846
0.2130000000,69.2604778696
0.2140000000,69.3903763264
0.2150000000,69.5083085915
0.2160000000,69.6140768194
0.2170000000,69.7074840869
0.2180000000,69.7883344987
0.2190000000,69.8564332952
0.2200000000,69.9115869624
0.2210000000,69.9536033440
0.2220000000,69.9822917550
0.2230000000,69.9974630977
0.2240000000,69.9989299797
0.2250000000,69.9865068337
0.2260000000,69.9600100393
0.2270000000,69.9192580465
0.2280000000,69.8640715012
0.2290000000,69.7942733731
0.2300000000,69.7096890844
0.2310000000,69.6101466409
0.2320000000,69.4954767650
0.2330000000,69.3655130298
0.2340000000,69.2200919958
0.2350000000,69.0590533480
0.2360000000,68.8822400356
0.2370000000,68.6894984131
0.2380000000,68.4806783822
0.2390000000,68.2556335360
0.2400000000,68.0142213040
0.2410000000,67.7563030989
0.2420000000,67.4817444640
0.2430000000,67.1904152224
0.2440000000,66.8821896273
0.2450000000,66.5569465127
0.2460000000,66.2145694463
0.2470000000,65.8549468819
0.2480000000,65.4779723140
0.2490000000,65.0835444319
0.2500000000,64.6715672758
0.2510000000,64.2419503923
0.2520000000,63.7946089914
0.2530000000,63.3294641029
0.2540000000,62.8464427343
0.2550000000,62.3454780278
0.2560000000,61.8265094186
0.2570000000,61.2894827919
0.2580000000,60.7343506412
0.2590000000,60.1610722253
0.2600000000,59.5696137256
0.2610000000,58.9599484030
0.2620000000,58.3320567540
0.2630000000,57.6859266664
0.2640000000,57.0215535739
0.2650000000,56.3389406107
0.2660000000,55.6380987636
0.2670000000,54.9190470243
0.2680000000,54.1818125401
0.2690000000,53.4264307623
0.2700000000,52.6529455945
0.2710000000,51.8614095379
0.2720000000,51.0518838355
0.2730000000,50.2244386142
0.2740000000,49.3791530245
0.2750000000,48.5161153782
0.2760000000,47.6354232832
0.2770000000,46.7371837765
0.2780000000,45.8215134534
0.2790000000,44.8885385947
0.2800000000,43.9383952903
0.2810000000,42.9712295596
0.2820000000,41.9871974682
0.2830000000,40.9864652421
0.2840000000,39.9692093764
0.2850000000,38.9356167415
0.2860000000,37.8858846847
0.2870000000,36.8202211271
0.2880000000,35.7388446565
0.2890000000,34.6419846156
0.2900000000,33.5298811851
0.2910000000,32.4027854619
0.2920000000,31.2609595319
0.2930000000,30.1046765380
0.2940000000,28.9342207417
0.2950000000,27.7498875795
0.2960000000,26.5519837130
0.2970000000,25.3408270730
0.2980000000,24.1167468975
0.2990000000,22.8800837623
0.3000000000,21.6311896062
0.3010000000,20.3704277482
0.3020000000,19.0981728980
0.3030000000,17.8148111592
0.3040000000,16.5207400252
0.3050000000,15.2163683673
0.3060000000,13.9021164149
0.3070000000,12.5784157276
0.3080000000,11.2457091595
0.3090000000,9.9044508151
0.3100000000,8.5551059958
0.3110000000,7.1981511390
0.3120000000,5.8340737475
0.3130000000,4.4633723095
0.3140000000,3.0865562106
0.3150000000,1.7041456353
0.3160000000,0.3166714593
0.3170000000,-1.0753248675
0.3180000000,-2.4712914487
0.3190000000,-3.8706660780
0.3200000000,-5.2728763870
0.3210000000,-6.6773400022
0.3220000000,-8.0834647138
0.3230000000,-9.4906486531
0.3240000000,-10.8982804827
0.3250000000,-12.3057395954
0.3260000000,-13.7123963258
0.3270000000,-15.1176121713
0.3280000000,-16.5207400252
0.3290000000,-17.9211244206
0.3300000000,-19.3181017854
0.3310000000,-20.7110007086
0.3320000000,-22.0991422182
0.3330000000,-23.4818400704
0.3340000000,-24.8584010502
0.3350000000,-26.2281252831
0.3360000000,-27.5903065595
0.3370000000,-28.9442326691
0.3380000000,-30.2891857481
0.3390000000,-31.6244426373
0.3400000000,-32.9492752516
0.3410000000,-34.2629509618
0.3420000000,-35.5647329871
0.3430000000,-36.8538807993
0.3440000000,-38.1296505383
0.3450000000,-39.3912954392
0.3460000000,-40.6380662701
0.3470000000,-41.8692117816
0.3480000000,-43.0839791670
0.3490000000,-44.2816145333
0.3500000000,-45.4613633831
0.3510000000,-46.6224711076
0.3520000000,-47.7641834892
0.3530000000,-48.8857472149
0.3540000000,-49.9864103997
0.3550000000,-51.0654231202
0.3560000000,-52.1220379572
0.3570000000,-53.1555105488
0.3580000000,-54.1651001513
0.3590000000,-55.1500702106
0.3600000000,-56.1096889410
0.3610000000,-57.0432299131
0.3620000000,-57.9499726496
0.3630000000,-58.8292032290
0.3640000000,-59.6802148961
0.3650000000,-60.5023086804
0.3660000000,-61.2947940205
0.3670000000,-62.0569893954
0.3680000000,-62.7882229611
0.3690000000,-63.4878331930
0.3700000000,-64.1551695335
0.3710000000,-64.7895930436
0.3720000000,-65.3904770595
0.3730000000,-65.9572078518
0.3740000000,-66.4891852887
0.3750000000,-66.9858235013
0.3760000000,-67.4465515512
0.3770000000,-67.8708140997
0.3780000000,-68.2580720778
0.3790000000,-68.6078033565
0.3800000000,-68.9195034170
0.3810000000,-69.1926860206
0.3820000000,-69.4268838760
0.3830000000,-69.6216493056
0.3840000000,-69.7765549087
0.3850000000,-69.8911942208
0.3860000000,-69.9651823697
0.3870000000,-69.9981567262
0.3880000000,-69.9897775494
0.3890000000,-69.9397286260
0.3900000000,-69.8477179020
0.3910000000,-69.7134781081
0.3920000000,-69.5367673747
0.3930000000,-69.3173698394
0.3940000000,-69.0550962438
0.3950000000,-68.7497845189
0.3960000000,-68.4013003602
0.3970000000,-68.0095377893
0.3980000000,-67.5744197030
0.3990000000,-67.0958984080
0.4000000000,-66.5739561407
0.4010000000,-66.0086055715
0.4020000000,-65.3998902929
0.4030000000,-64.7478852895
0.4040000000,-64.0526973900
0.4050000000,-63.3144657009
0.4060000000,-62.5333620193
0.4070000000,-61.7095912254
0.4080000000,-60.8433916536
0.4090000000,-59.9350354408
0.4100000000,-58.9848288512
0.4110000000,-57.9931125782
0.4120000000,-56.9602620195
0.4130000000,-55.8866875280
0.4140000000,-54.7728346354
0.4150000000,-53.6191842481
0.4160000000,-52.4262528156
0.4170000000,-51.1945924694
0.4180000000,-49.9247911319
0.4190000000,-48.6174725952
0.4200000000,-47.2732965685
0.4210000000,-45.8929586929
0.4220000000,-44.4771905240
0.4230000000,-43.0267594808
0.4240000000,-41.5424687600
0.4250000000,-40.0251572159
0.4260000000,-38.4756992050
0.4270000000,-36.8950043934
0.4280000000,-35.2840175288
0.4290000000,-33.6437181740
0.4300000000,-31.9751204034
0.4310000000,-30.2792724608
0.4320000000,-28.5572563780
0.4330000000,-26.8101875549
0.4340000000,-25.0392142986
0.4350000000,-23.2455173240
0.4360000000,-21.4303092124
0.4370000000,-19.5948338304
0.4380000000,-17.7403657066
0.4390000000,-15.8682093684
0.4400000000,-13.9796986360
0.4410000000,-12.0761958757
0.4420000000,-10.1590912104
0.4430000000,-8.2298016896
0.4440000000,-6.2897704160
0.4450000000,-4.3404656319
0.4460000000,-2.3833797622
0.4470000000,-0.4200284172
0.4480000000,1.5480506468
0.4490000000,3.5192986081
0.4500000000,5.4921367009
0.4510000000,7.4649673772
0.4520000000,9.4361755089
0.4530000000,11.4041296298
0.4540000000,13.3671832166
0.4550000000,15.3236760089
0.4560000000,17.2719353664
0.4570000000,19.2102776648
0.4580000000,21.1370097269
0.4590000000,23.0504302903
0.4600000000,24.9488315099
0.4610000000,26.8305004941
0.4620000000,28.6937208742
0.4630000000,30.5367744056
0.4640000000,32.3579426001
0.4650000000,34.1555083872
0.4660000000,35.9277578044
0.4670000000,37.6729817140
0.4680000000,39.3894775460
0.4690000000,41.0755510647
0.4700000000,42.7295181587
0.4710000000,44.3497066513
0.4720000000,45.9344581308
0.4730000000,47.4821297987
0.4740000000,48.9910963335
0.4750000000,50.4597517692
0.4760000000,51.8865113858
0.4770000000,53.2698136103
0.4780000000,54.6081219265
0.4790000000,55.8999267903
0.4800000000,57.1437475502
0.4810000000,58.3381343690
0.4820000000,59.4816701462
0.4830000000,60.5729724371
0.4840000000,61.6106953684
0.4850000000,62.5935315450
0.4860000000,63.5202139493
0.4870000000,64.3895178264
0.4880000000,65.2002625571
0.4890000000,65.9513135117
0.4900000000,66.6415838862
0.4910000000,67.2700365147
0.4920000000,67.8356856581
0.4930000000,68.3375987648
0.4940000000,68.7748982015
0.4950000000,69.1467629507
0.4960000000,69.4524302732
0.4970000000,69.6911973315
0.4980000000,69.8624227726
0.4990000000,69.9655282669
0.5000000000,70.0000000000
0.5010000000,69.9653901152
0.5020000000,69.8613181041
0.5030000000,69.6874721417
0.5040000000,69.4436103639
0.5050000000,69.1295620847
0.5060000000,68.7452289494
0.5070000000,68.2905860231
0.5080000000,67.7656828091
0.5090000000,67.1706441971
0.5100000000,66.5056713371
0.5110000000,65.7710424363
0.5120000000,64.9671134784
0.5130000000,64.0943188598
0.5140000000,63.1531719428
0.5150000000,62.1442655224
0.5160000000,61.0682722047
0.5170000000,59.9259446941
0.5180000000,58.7181159878
0.5190000000,57.4456994752
0.5200000000,56.1096889410
0.5210000000,54.7111584679
0.5220000000,53.2512622403
0.5230000000,51.7312342446
0.5240000000,50.1523878657
0.5250000000,48.5161153782
0.5260000000,46.8238873308
0.5270000000,45.0772518222
0.5280000000,43.2778336685
0.5290000000,41.4273334595
0.5300000000,39.5275265046
0.5310000000,37.5802616670
0.5320000000,35.5874600844
0.5330000000,33.5511137787
0.5340000000,31.4732841506
0.5350000000,29.3561003624
0.5360000000,27.2017576072
0.5370000000,25.0125152647
0.5380000000,22.7906949449
0.5390000000,20.5386784191
0.5400000000,18.2589054403
0.5410000000,15.9538714520
0.5420000000,13.6261251885
0.5430000000,11.2782661664
0.5440000000,8.9129420695
0.5450000000,6.5328460284
0.5460000000,4.1407137972
0.5470000000,1.7393208278
0.5480000000,-0.6685207538
0.5490000000,-3.0799652689
0.5500000000,-5.4921367009
0.5510000000,-7.9021320026
0.5520000000,-10.3070244909
0.5530000000,-12.7038673273
0.5540000000,-15.0896970806
0.5550000000,-17.4615373674
0.5560000000,-19.8164025678
0.5570000000,-22.1513016110
0.5580000000,-24.4632418285
0.5590000000,-26.7492328688
0.5600000000,-29.0062906695
0.5610000000,-31.2314414838
0.5620000000,-33.4217259533
0.5630000000,-35.5742032255
0.5640000000,-37.6859551081
0.5650000000,-39.7540902563
0.5660000000,-41.7757483869
0.5670000000,-43.7481045134
0.5680000000,-45.6683731966
0.5690000000,-47.5338128047
0.5700000000,-49.3417297760
0.5710000000,-51.0894828790
0.5720000000,-52.7744874627
0.5730000000,-54.3942196907
0.5740000000,-55.9462207528
0.5750000000,-57.4281010468
0.5760000000,-58.8375443244
0.5770000000,-60.1723117931
0.5780000000,-61.4302461688
0.5790000000,-62.6092756699
0.5800000000,-63.7074179479
0.5810000000,-64.7227839460
0.5820000000,-65.6535816784
0.5830000000,-66.4981199241
0.5840000000,-67.2548118275
0.5850000000,-67.9221783975
0.5860000000,-68.4988518998
0.5870000000,-68.9835791341
0.5880000000,-69.3752245884
0.5890000000,-69.6727734650
0.5900000000,-69.8753345695
0.5910000000,-69.9821430573
0.5920000000,-69.9925630295
0.5930000000,-69.9060899718
0.5940000000,-69.7223530307
0.5950000000,-69.4411171188
0.5960000000,-69.0622848445
0.5970000000,-68.5858982586
0.5980000000,-68.0121404132
0.5990000000,-67.3413367251
0.6000000000,-66.5739561407
0.6010000000,-65.7106120940
0.6020000000,-64.7520632557
0.6030000000,-63.6992140661
0.6040000000,-62.5531150478
0.6050000000,-61.3149628950
0.6060000000,-59.9861003336
0.6070000000,-58.5680157499
0.6080000000,-57.0623425830
0.6090000000,-55.4708584793
0.6100000000,-53.7954842053
0.6110000000,-52.0382823172
0.6120000000,-50.2014555836
0.6130000000,-48.2873451626
0.6140000000,-46.2984285287
0.6150000000,-44.2373171516
0.6160000000,-42.1067539244
0.6170000000,-39.9096103429
0.6180000000,-37.6488834347
0.6190000000,-35.3276924413
0.6200000000,-32.9492752516
0.6210000000,-30.5169845921
0.6220000000,-28.0342839732
0.6230000000,-25.5047433957
0.6240000000,-22.9320348210
0.6250000000,-20.3199274078
0.6260000000,-17.6722825208
0.6270000000,-14.9930485147
0.6280000000,-12.2862553000
0.6290000000,-9.5560086955
0.6300000000,-6.8064845746
0.6310000000,-4.0419228104
0.6320000000,-1.2666210295
0.6330000000,1.5150718207
0.6340000000,4.2987620807
0.6350000000,7.0800181563
0.6360000000,9.8543774548
0.6370000000,12.6173534713
0.6380000000,15.3644430133
0.6390000000,18.0911335552
0.6400000000,20.7929107104
0.6410000000,23.4652658093
0.6420000000,26.1037035727
0.6430000000,28.7037498676
0.6440000000,31.2609595319
0.6450000000,33.7709242572
0.6460000000,36.2292805144
0.6470000000,38.6317175087
0.6480000000,40.9739851517
0.6490000000,43.2519020336
0.6500000000,45.4613633831
0.6510000000,47.5983489998
0.6520000000,49.6589311426
0.6530000000,51.6392823610
0.6540000000,53.5356832521
0.6550000000,55.3445301288
0.6560000000,57.0623425830
0.6570000000,58.6857709282
0.6580000000,60.2116035053
0.6590000000,61.6367738363
0.6600000000,62.9583676096
0.6610000000,64.1736294808
0.6620000000,65.2799696735
0.6630000000,66.2749703651
0.6640000000,67.1563918401
0.6650000000,67.9221783975
0.6660000000,68.5704639957
0.6670000000,69.0995776210
0.6680000000,69.5080483638
0.6690000000,69.7946101887
0.6700000000,69.9582063848
0.6710000000,69.9979936819
0.6720000000,69.9133460188
0.6730000000,69.7038579528
0.6740000000,69.3693476959
0.6750000000,68.9098597663
0.6760000000,68.3256672457
0.6770000000,67.6172736292
0.6780000000,66.7854142590
0.6790000000,65.8310573330
0.6800000000,64.7554044784
0.6810000000,63.5598908828
0.6820000000,62.2461849760
0.6830000000,60.8161876555
0.6840000000,59.2720310502
0.6850000000,57.6160768180
0.6860000000,55.8509139720
0.6870000000,53.9793562347
0.6880000000,52.0044389156
0.6890000000,49.9294153128
0.6900000000,47.7577526377
0.6910000000,45.4931274635
0.6920000000,43.1394207009
0.6930000000,40.7007121007
0.6940000000,38.1812742914
0.6950000000,35.5855663528
0.6960000000,32.9182269345
0.6970000000,30.1840669249
0.6980000000,27.3880616802
0.6990000000,24.5353428205
0.7000000000,21.6311896062
0.7010000000,18.6810199041
0.7020000000,15.6903807564
0.7030000000,12.6649385665
0.7040000000,9.6104689159
0.7050000000,6.5328460284
0.7060000000,3.4380318980
0.7070000000,0.3320650980
0.7080000000,-2.7789507082
0.7090000000,-5.8888585373
0.7100000000,-8.9914601140
0.7110000000,-12.0805281368
0.7120000000,-15.1498187577
0.7130000000,-18.1930842534
0.7140000000,-21.2040858627
0.7150000000,-24.1766067655
0.7160000000,-27.1044651775
0.7170000000,-29.9815275339
0.7180000000,-32.8017217344
0.7190000000,-35.5590504229
0.7200000000,-38.2476042714
0.7210000000,-40.8615752413
0.7220000000,-43.3952697910
0.7230000000,-45.8431220016
0.7240000000,-48.1997065882
0.7250000000,-50.4597517692
0.7260000000,-52.6181519610
0.7270000000,-54.6699802678
0.7280000000,-56.6105007363
0.7290000000,-58.4351803439
0.7300000000,-60.1397006892
0.7310000000,-61.7199693558
0.7320000000,-63.1721309174
0.7330000000,-64.4925775546
0.7340000000,-65.6779592548
0.7350000000,-66.7251935640
0.7360000000,-67.6314748635
0.7370000000,-68.3942831427
0.7380000000,-69.0113922409
0.7390000000,-69.4808775305
0.7400000000,-69.8011230182
0.7410000000,-69.9708278361
0.7420000000,-69.9890121016
0.7430000000,-69.8550221225
0.7440000000,-69.5685349248
0.7450000000,-69.1295620847
0.7460000000,-68.5384528435
0.7470000000,-67.7958964903
0.7480000000,-66.9029239938
0.7490000000,-65.8609088707
0.7500000000,-64.6715672758
0.7510000000,-63.3369573038
0.7520000000,-61.8594774921
0.7530000000,-60.2418645172
0.7540000000,-58.4871900776
0.7550000000,-56.5988569611
0.7560000000,-54.5805942906
0.7570000000,-52.4364519520
0.7580000000,-50.1707942024
0.7590000000,-47.7882924641
0.7600000000,-45.2939173099
0.7610000000,-42.6929296459
0.7620000000,-39.9908711046
0.7630000000,-37.1935536567
0.7640000000,-34.3070484590
0.7650000000,-31.3376739520
0.7660000000,-28.2919832271
0.7670000000,-25.1767506839
0.7680000000,-21.9989579989
0.7690000000,-18.7657794318
0.7700000000,-15.4845664953
0.7710000000,-12.1628320173
0.7720000000,-8.8082336266
0.7730000000,-5.4285566945
0.7740000000,-2.0316967677
0.7750000000,1.3743584722
0.7760000000,4.7815476833
0.7770000000,8.1817547313
0.7780000000,11.5668279114
0.7790000000,14.9285994783
0.7800000000,18.2589054403
0.7810000000,21.5496055725
0.7820000000,24.7926035995
0.7830000000,27.9798675000
0.7840000000,31.1034498834
0.7850000000,34.1555083872
0.7860000000,37.1283260437
0.7870000000,40.0143315629
0.7880000000,42.8061194793
0.7890000000,45.4964701082
0.7900000000,48.0783692581
0.7910000000,50.5450276441
0.7920000000,52.8898999492
0.7930000000,55.1067034776
0.7940000000,57.1894363478
0.7950000000,59.1323951699
0.7960000000,60.9301921552
0.7970000000,62.5777716052
0.7980000000,64.0704257277
0.7990000000,65.4038097303
0.8000000000,66.5739561407
0.8010000000,67.5772883054
0.8020000000,68.4106330216
0.8030000000,69.0712322540
0.8040000000,69.5567538960
0.8050000000,69.8653015316
0.8060000000,69.9954231590
0.8070000000,69.9461188392
0.8080000000,69.7168472330
0.8090000000,69.3075309958
0.8100000000,68.7185609982
0.8110000000,67.9507993470
0.8120000000,67.0055811809
0.8130000000,65.8847152207
0.8140000000,64.5904830549
0.8150000000,63.1256371463
0.8160000000,61.4933975478
0.8170000000,59.6974473186
0.8180000000,57.7419266372
0.8190000000,55.6314256088
0.8200000000,53.3709757708
0.8210000000,50.9660403008
0.8220000000,48.4225029391
0.8230000000,45.7466556381
0.8240000000,42.9451849557
0.8250000000,40.0251572159
0.8260000000,36.9940024595
0.8270000000,33.8594972157
0.8280000000,30.6297461260
0.8290000000,27.3131624587
0.8300000000,23.9184475524
0.8310000000,20.4545692340
0.8320000000,16.9307392580
0.8330000000,13.3563898195
0.8340000000,9.7411491937
0.8350000000,6.0948165620
0.8360000000,2.4273360846
0.8370000000,-1.2512297153
0.8380000000,-4.9307271881
0.8390000000,-8.6009393461
0.8400000000,-12.2516141283
0.8410000000,-15.8724930688
0.8420000000,-19.4533402889
0.8430000000,-22.9839717340
0.8440000000,-26.4542845732
0.8450000000,-29.8542866773
0.8460000000,-33.1741260919
0.8470000000,-36.4041204165
0.8480000000,-39.5347860042
0.8490000000,-42.5568668937
0.8500000000,-45.4613633831
0.8510000000,-48.2395601588
0.8520000000,-50.8830538884
0.8530000000,-53.3837801907
0.8540000000,-55.7340398926
0.8550000000,-57.9265244873
0.8560000000,-59.9543407066
0.8570000000,-61.8110341224
0.8580000000,-63.4906116946
0.8590000000,-64.9875631837
0.8600000000,-66.2968813496
0.8610000000,-67.4140808597
0.8620000000,-68.3352158331
0.8630000000,-69.0568959499
0.8640000000,-69.5763010591
0.8650000000,-69.8911942208
0.8660000000,-69.9999331236
0.8670000000,-69.9014798217
0.8680000000,-69.5954087404
0.8690000000,-69.0819129042
0.8700000000,-68.3618083445
0.8710000000,-67.4365366523
0.8720000000,-66.3081656436
0.8730000000,-64.9793881114
0.8740000000,-63.4535186455
0.8750000000,-61.7344885044
0.8760000000,-59.8268385317
0.8770000000,-57.7357101150
0.8780000000,-55.4668341906
0.8790000000,-53.0265183036
0.8800000000,-50.4216317422
0.8810000000,-47.6595887658
0.8820000000,-44.7483299599
0.8830000000,-41.6963017497
0.8840000000,-38.5124341184
0.8850000000,-35.2061165757
0.8860000000,-31.7871724336
0.8870000000,-28.2658314493
0.8880000000,-24.6527009041
0.8890000000,-20.9587351897
0.8900000000,-17.1952039835
0.8910000000,-13.3736590966
0.8920000000,-9.5059000858
0.8930000000,-5.6039387255
0.8940000000,-1.6799624401
0.8950000000,2.2537031948
0.8960000000,6.1846327757
0.8970000000,10.1003400994
0.8980000000,13.9883177808
0.8990000000,17.8360773364
0.9000000000,21.6311896062
0.9010000000,25.3613253882
0.9020000000,29.0142961507
0.9030000000,32.5780946916
0.9040000000,36.0409356079
0.9050000000,39.3912954392
0.9060000000,42.6179523480
0.9070000000,45.7100251990
0.9080000000,48.6570118990
0.9090000000,51.4488268613
0.9100000000,54.0758374575
0.9110000000,56.5288993226
0.9120000000,58.7993903808
0.9130000000,60.8792434607
0.9140000000,62.7609773746
0.9150000000,64.4377263370
0.9160000000,65.9032676021
0.9170000000,67.1520472064
0.9180000000,68.1792037050
0.9190000000,68.9805897961
0.9200000000,69.5527917364
0.9210000000,69.8931464519
0.9220000000,69.9997562604
0.9230000000,69.8715011242
0.9240000000,69.5080483638
0.9250000000,68.9098597663
0.9260000000,68.0781960353
0.9270000000,67.0151185341
0.9280000000,65.7234882838
0.9290000000,64.2069621889
0.9300000000,62.4699864687
0.9310000000,60.5177872868
0.9320000000,58.3563585768
0.9330000000,55.9924470747
0.9340000000,53.4335345781
0.9350000000,50.6878174615
0.9360000000,47.7641834892
0.9370000000,44.6721859746
0.9380000000,41.4220153483
0.9390000000,38.0244682047
0.9400000000,34.4909139084
0.9410000000,30.8332588514
0.9420000000,27.0639084617
0.9430000000,23.1957270726
0.9440000000,19.2419957730
0.9450000000,15.2163683673
0.9460000000,11.1328255805
0.9470000000,7.0056276550
0.9480000000,2.8492654916
0.9490000000,-1.3215895036
0.9500000000,-5.4921367009
0.9510000000,-9.6474984816
0.9520000000,-13.7727732460
0.9530000000,-17.8530890108
0.9540000000,-21.8736574042
0.9550000000,-25.8198278671
0.9560000000,-29.6771418603
0.9570000000,-33.4313868811
0.9580000000,-37.0686500844
0.9590000000,-40.5753713070
0.9600000000,-43.9383952903
0.9610000000,-47.1450228990
0.9620000000,-50.1830611324
0.9630000000,-53.0408717282
0.9640000000,-55.7074181618
0.9650000000,-58.1723108442
0.9660000000,-60.4258503312
0.9670000000,-62.4590683559
0.9680000000,-64.2637665071
0.9690000000,-65.8325523793
0.9700000000,-67.1588730298
0.9710000000,-68.2370455845
0.9720000000,-69.0622848445
0.9730000000,-69.6307277540
0.9740000000,-69.9394546012
0.9750000000,-69.9865068337
0.9760000000,-69.7709013822
0.9770000000,-69.2926413983
0.9780000000,-68.5527233247
0.9790000000,-67.5531402295
0.9800000000,-66.2968813496
0.9810000000,-64.7879278021
0.9820000000,-63.0312444385
0.9830000000,-61.0327678289
0.9840000000,-58.7993903808
0.9850000000,-56.3389406107
0.9860000000,-53.6601596024
0.9870000000,-50.7726737026
0.9880000000,-47.6869635182
0.9890000000,-44.4143292959
0.9900000000,-40.9668527818
0.9910000000,-37.3573556698
0.9920000000,-33.5993547681
0.9930000000,-29.7070140222
0.9940000000,-25.6950935530
0.9950000000,-21.5788958771
0.9960000000,-17.3742094938
0.9970000000,-13.0972500346
0.9980000000,-8.7645991835
0.9990000000,-4.3931415895
1.0000000000,-0.0000000000
1.0010000000,4.3975311403
1.0020000000,8.7820533769
1.0030000000,13.1361329588
1.0040000000,17.4423703108
1.0050000000,21.6834699922
1.0060000000,25.8423108621
1.0070000000,29.9020161694
1.0080000000,33.8460232790
1.0090000000,37.6581527471
1.0100000000,41.3226764549
1.0110000000,44.8243845114
1.0120000000,48.1486506363
1.0130000000,51.2814957386
1.0140000000,54.2096494081
1.0150000000,56.9206090434
1.0160000000,59.4026963459
1.0170000000,61.6451109169
1.0180000000,63.6379807042
1.0190000000,65.3724090535
1.0200000000,66.8405181323
1.0210000000,68.0354885044
1.0220000000,68.9515946502
1.0230000000,69.5842362374
1.0240000000,69.9299649672
1.0250000000,69.9865068337
1.0260000000,69.7527796552
1.0270000000,69.2289057501
1.0280000000,68.4162196551
1.0290000000,67.3172707961
1.0300000000,65.9358210496
1.0310000000,64.2768371490
1.0320000000,62.3464779129
1.0330000000,60.1520762959
1.0340000000,57.7021162829
1.0350000000,55.0062046709
1.0360000000,52.0750378068
1.0370000000,48.9203633685
1.0380000000,45.5549373041
1.0390000000,41.9924760622
1.0400000000,38.2476042714
1.0410000000,34.3357980478
1.0420000000,30.2733241298
1.0430000000,26.0771750628
1.0440000000,21.7650006740
1.0450000000,17.3550360974
1.0460000000,12.8660266288
1.0470000000,8.3171497077
1.0480000000,3.7279343364
1.0490000000,-0.8818217326
1.0500000000,-5.4921367009
1.0510000000,-10.0829309652
1.0520000000,-14.6341145284
1.0530000000,-19.1256752063
1.0540000000,-23.5377672453
1.0550000000,-27.8507999607
1.0560000000,-32.0455260016
1.0570000000,-36.1031288419
1.0580000000,-40.0053090993
1.0590000000,-43.7343692825
1.0600000000,-47.2732965685
1.0610000000,-50.6058432177
1.0620000000,-53.7166042400
1.0630000000,-56.5910919304
1.0640000000,-59.2158069066
1.0650000000,-61.5783052892
1.0660000000,-63.6672616782
1.0670000000,-65.4725275987
1.0680000000,-66.9851850989
1.0690000000,-68.1975952081
1.0700000000,-69.1034409796
1.0710000000,-69.6977648644
1.0720000000,-69.9770001860
1.0730000000,-69.9389965128
1.0740000000,-69.5830387448
1.0750000000,-68.9098597663
1.0760000000,-67.9216465361
1.0770000000,-66.6220395234
1.0780000000,-65.0161254212
1.0790000000,-63.1104231042
1.0800000000,-60.9128628269
1.0810000000,-58.4327586905
1.0820000000,-55.6807744386
1.0830000000,-52.6688826742
1.0840000000,-49.4103176224
1.0850000000,-45.9195215960
1.0860000000,-42.2120853514
1.0870000000,-38.3046825551
1.0880000000,-34.2149986107
1.0890000000,-29.9616541264
1.0900000000,-25.5641233324
1.0910000000,-21.0426477841
1.0920000000,-16.4181457155
1.0930000000,-11.7121174309
1.0940000000,-6.9465471470
1.0950000000,-2.1438017198
1.0960000000,2.6734732893
1.0970000000,7.4824597355
1.0980000000,12.2602747117
1.0990000000,16.9840795671
1.1000000000,21.6311896062
1.1010000000,26.1791839471
1.1020000000,30.6060150058
1.1030000000,34.8901170722
1.1040000000,39.0105134409
1.1050000000,42.9469215594
1.1060000000,46.6798556606
1.1070000000,50.1907263540
1.1080000000,53.4619366552
1.1090000000,56.4769739500
1.1100000000,59.2204973967
1.1110000000,61.6784202954
1.1120000000,63.8379869634
1.1130000000,65.6878436863
1.1140000000,67.2181033327
1.1150000000,68.4204032492
1.1160000000,69.2879560836
1.1170000000,69.8155932111
1.1180000000,69.9998004762
1.1190000000,69.8387459946
1.1200000000,69.3322997988
1.1210000000,68.4820451475
1.1220000000,67.2912813621
1.1230000000,65.7650180909
1.1240000000,63.9099609463
1.1250000000,61.7344885044
1.1260000000,59.2486206962
1.1270000000,56.4639786685
1.1280000000,53.3937362335
1.1290000000,50.0525630723
1.1300000000,46.4565599003
1.1310000000,42.6231858476
1.1320000000,38.5711783494
1.1330000000,34.3204658822
1.1340000000,29.8920739261
1.1350000000,25.3080245674
1.1360000000,20.5912301982
1.1370000000,15.7653818032
1.1380000000,10.8548323569
1.1390000000,5.8844758873
1.1400000000,0.8796227918
1.1410000000,-4.1341279867
1.1420000000,-9.1310192870
1.1430000000,-14.0852679069
1.1440000000,-18.9711979592
1.1450000000,-23.7633747205
1.1460000000,-28.4367382783
1.1470000000,-32.9667362720
1.1480000000,-37.3294550241
1.1490000000,-41.5017483553
1.1500000000,-45.4613633831
1.1510000000,-49.1870626103
1.1520000000,-52.6587416238
1.1530000000,-55.8575417371
1.1540000000,-58.7659569314
1.1550000000,-61.3679344727
1.1560000000,-63.6489686080
1.1570000000,-65.5961867771
1.1580000000,-67.1984278057
1.1590000000,-68.4463115873
1.1600000000,-69.3322997988
1.1610000000,-69.8507472384
1.1620000000,-69.9979434214
1.1630000000,-69.7721441167
1.1640000000,-69.1735925596
1.1650000000,-68.2045301275
1.1660000000,-66.8691963216
1.1670000000,-65.1738179538
1.1680000000,-63.1265874945
1.1690000000,-60.7376305986
1.1700000000,-58.0189628833
1.1710000000,-54.9844360925
1.1720000000,-51.6496738427
1.1730000000,-48.0319972050
1.1740000000,-44.1503404339
1.1750000000,-40.0251572159
1.1760000000,-35.6783178637
1.1770000000,-31.1329979377
1.1780000000,-26.4135588311
1.1790000000,-21.5454209029
1.1800000000,-16.5549297917
1.1810000000,-11.4692165904
1.1820000000,-6.3160526007
1.1830000000,-1.1236994248
1.1840000000,4.0792448100
1.1850000000,9.2640022739
1.1860000000,14.4017744529
1.1870000000,19.4639024921
1.1880000000,24.4220279768
1.1890000000,29.2482532498
1.1900000000,33.9153003591
1.1910000000,38.3966677242
1.1920000000,42.6667836162
1.1930000000,46.7011555527
1.1940000000,50.4765147217
1.1950000000,53.9709545697
1.1960000000,57.1640627097
1.1970000000,60.0370453386
1.1980000000,62.5728433813
1.1990000000,64.7562396243
1.2000000000,66.5739561407
1.2010000000,68.0147413589
1.2020000000,69.0694461804
1.2030000000,69.7310886066
1.2040000000,69.9949063984
1.2050000000,69.8583973541
1.2060000000,69.3213468593
1.2070000000,68.3858424337
1.2080000000,67.0562750704
1.2090000000,65.3393272404
1.2100000000,63.2439475103
1.2110000000,60.7813117989
1.2120000000,57.9647713777
1.2130000000,54.8097877988
1.2140000000,51.3338550126
1.2150000000,47.5564090165
1.2160000000,43.4987254517
1.2170000000,39.1838056425
1.2180000000,34.6362516452
1.2190000000,29.8821309453
1.2200000000,24.9488315099
1.2210000000,19.8649079665
1.2220000000,14.6599197421
1.2230000000,9.3642620514
1.2240000000,4.0089906766
1.2250000000,-1.3743584722
1.2260000000,-6.7539539856
1.2270000000,-12.0978567042
1.2280000000,-17.3742094938
1.2290000000,-22.5514279225
1.2300000000,-27.5983907040
1.2310000000,-32.4846287572
1.2320000000,-37.1805117290
1.2330000000,-41.6574308323
1.2340000000,-45.8879768575
1.2350000000,-49.8461122385
1.2360000000,-53.5073360737
1.2370000000,-56.8488410360
1.2380000000,-59.8496611457
1.2390000000,-62.4908094211
1.2400000000,-64.7554044784
1.2410000000,-66.6287852062
1.2420000000,-68.0986127073
1.2430000000,-69.1549587674
1.2440000000,-69.7903801898
1.2450000000,-69.9999784102
1.2460000000,-69.7814438965
1.2470000000,-69.1350849219
1.2480000000,-68.0638403977
1.2490000000,-66.5732765439
1.2500000000,-64.6715672758
1.2510000000,-62.3694582852
1.2520000000,-59.6802148961
1.2530000000,-56.6195538772
1.2540000000,-53.2055594949
1.2550000000,-49.4585841951
1.2560000000,-45.4011343991
1.2570000000,-41.0577420011
1.2580000000,-36.4548222485
1.2590000000,-31.6205187799
1.2600000000,-26.5845366865
1.2610000000,-21.3779645453
1.2620000000,-16.0330864524
1.2630000000,-10.5831851618
1.2640000000,-5.0623374980
1.2650000000,0.4947967225
1.2660000000,6.0531909764
1.2670000000,11.5776721903
1.2680000000,17.0331433993
1.2690000000,22.3848075040
1.2700000000,27.5983907040
1.2710000000,32.6403641715
1.2720000000,37.4781625260
1.2730000000,42.0803976768
1.2740000000,46.4170666163
1.2750000000,50.4597517692
1.2760000000,54.1818125401
1.2770000000,57.5585667424
1.2780000000,60.5674606454
1.2790000000,63.1882264375
1.2800000000,65.4030259720
1.2810000000,67.1965797428
1.2820000000,68.5562801201
1.2830000000,69.4722879715
1.2840000000,69.9376118935
1.2850000000,69.9481693846
1.2860000000,69.5028294045
1.2870000000,68.6034358778
1.2880000000,67.2548118275
1.2890000000,65.4647439416
1.2900000000,63.2439475103
1.2910000000,60.6060117963
1.2920000000,57.5673260329
1.2930000000,54.1469863765
1.2940000000,50.3666842682
1.2950000000,46.2505767894
1.2960000000,41.8251397220
1.2970000000,37.1190041470
1.2980000000,32.1627775333
1.2990000000,26.9888503828
1.3000000000,21.6311896062
1.3010000000,16.1251199040
1.3020000000,10.5070945205
1.3030000000,4.8144568267
1.3040000000,-0.9148057388
1.3050000000,-6.6423137726
1.3060000000,-12.3295523982
1.3070000000,-17.9381304458
1.3080000000,-23.4300405842
1.3090000000,-28.7679186437
1.3100000000,-33.9153003591
1.3110000000,-38.8368737606
1.3120000000,-43.4987254517
1.3130000000,-47.8685790404
1.3140000000,-51.9160240233
1.3150000000,-55.6127334736
1.3160000000,-58.9326689440
1.3170000000,-61.8522710670
1.3180000000,-64.3506344205
1.3190000000,-66.4096653199
1.3200000000,-68.0142213040
1.3210000000,-69.1522311965
1.3220000000,-69.8147947479
1.3230000000,-69.9962609978
1.3240000000,-69.6942846327
1.3250000000,-68.9098597663
1.3260000000,-67.6473307173
1.3270000000,-65.9143795184
1.3280000000,-63.7219900511
1.3290000000,-61.0843888618
1.3300000000,-58.0189628833
1.3310000000,-54.5461544457
1.3320000000,-50.6893341281
1.3330000000,-46.4746521638
1.3340000000,-41.9308692697
1.3350000000,-37.0891679241
1.3360000000,-31.9829452690
1.3370000000,-26.6475889512
1.3380000000,-21.1202373525
1.3390000000,-15.4395257860
1.3400000000,-9.6453203479
1.3410000000,-3.7784412220
1.3420000000,2.1196226760
1.3430000000,8.0070057430
1.3440000000,13.8417623884
1.3450000000,19.5821662968
1.3460000000,25.1870101280
1.3470000000,30.6159035013
1.3480000000,35.8295671028
1.3490000000,40.7901207645
1.3500000000,45.4613633831
1.3510000000,49.8090425881
1.3520000000,53.8011121202
1.3530000000,57.4079749543
1.3540000000,60.6027102824
1.3550000000,63.3612825744
1.3560000000,65.6627310466
1.3570000000,67.4893379968
1.3580000000,68.8267746030
1.3590000000,69.6642229352
1.3600000000,69.9944730943
1.3610000000,69.8139945622
1.3620000000,69.1229810297
1.3630000000,67.9253681577
1.3640000000,66.2288239214
1.3650000000,64.0447113877
1.3660000000,61.3880239771
1.3670000000,58.2772934691
1.3680000000,54.7344712115
1.3690000000,50.7847832006
1.3700000000,46.4565599003
1.3710000000,41.7810418625
1.3720000000,36.7921624056
1.3730000000,31.5263087886
1.3740000000,26.0220634955
1.3750000000,20.3199274078
1.3760000000,14.4620267963
1.3770000000,8.4918062042
1.3780000000,2.4537094192
1.3790000000,-3.6071491586
1.3800000000,-9.6453203479
1.3810000000,-15.6153607395
1.3820000000,-21.4721754299
1.3830000000,-27.1713603572
1.3840000000,-32.6695416384
1.3850000000,-37.9247093046
1.3860000000,-42.8965428505
1.3870000000,-47.5467260519
1.3880000000,-51.8392485639
1.3890000000,-55.7406918877
1.3900000000,-59.2204973967
1.3910000000,-62.2512142218
1.3920000000,-64.8087249352
1.3930000000,-66.8724471231
1.3940000000,-68.4255091028
1.3950000000,-69.4548982262
1.3960000000,-69.9515804086
1.3970000000,-69.9105897307
1.3980000000,-69.3310871846
1.3990000000,-68.2163878642
1.4000000000,-66.5739561407
1.4010000000,-64.4153686082
1.4020000000,-61.7562448348
1.4030000000,-58.6161462043
1.4040000000,-55.0184433891
1.4050000000,-50.9901532423
1.4060000000,-46.5617461474
1.4070000000,-41.7669251030
1.4080000000,-36.6423780558
1.4090000000,-31.2275052199
1.4100000000,-25.5641233324
1.4110000000,-19.6961489976
1.4120000000,-13.6692634553
1.4130000000,-7.5305612803
1.4140000000,-1.3281856664
1.4150000000,4.8890469155
1.4160000000,11.0720297896
1.4170000000,17.1717538916
1.4180000000,23.1396972791
1.4190000000,28.9282132425
1.4200000000,34.4909139084
1.4210000000,39.7830462319
1.4220000000,44.7618573098
1.4230000000,49.3869460021
1.4240000000,53.6205979324
1.4250000000,57.4281010468
1.4260000000,60.7780390374
1.4270000000,63.6425600967
1.4280000000,65.9976186395
1.4290000000,67.8231878320
1.4300000000,69.1034409796
1.4310000000,69.8269000652
1.4320000000,69.9865499760
1.4330000000,69.5799172292
1.4340000000,68.6091122797
1.4350000000,67.0808347862
1.4360000000,65.0063415076
1.4370000000,62.4013768049
1.4380000000,59.2860660314
1.4390000000,55.6847723987
1.4400000000,51.6259182151
1.4410000000,47.1417716921
1.4420000000,42.2682008103
1.4430000000,37.0443960213
1.4440000000,31.5125638367
1.4450000000,25.7175936134
1.4460000000,19.7067000891
1.4470000000,13.5290444457
1.4480000000,7.2353368808
1.4490000000,0.8774238502
1.4500000000,-5.4921367009
1.4510000000,-11.8205086697
1.4520000000,-18.0550161393
1.4530000000,-24.1435831098
1.4540000000,-30.0351709479
1.4550000000,-35.6802098721
1.4560000000,-41.0310208084
1.4570000000,-46.0422239994
1.4580000000,-50.6711308282
1.4590000000,-54.8781154299
1.4600000000,-58.6269628029
1.4610000000,-61.8851903011
1.4620000000,-64.6243395874
1.4630000000,-66.8202363522
1.4640000000,-68.4532153516
1.4650000000,-69.5083085915
1.4660000000,-69.9753947808
1.4670000000,-69.8493084889
1.4680000000,-69.1299077737
1.4690000000,-67.8220993909
1.4700000000,-65.9358210496
1.4710000000,-63.4859805453
1.4720000000,-60.4923519672
1.4730000000,-56.9794295506
1.4740000000,-52.9762401130
1.4750000000,-48.5161153782
1.4760000000,-43.6364258527
1.4770000000,-38.3782782623
1.4780000000,-32.7861788930
1.4790000000,-26.9076654958
1.4800000000,-20.7929107104
1.4810000000,-14.4943002371
1.4820000000,-8.0659892359
1.4830000000,-1.5634406484
1.4840000000,4.9570506666
1.4850000000,11.4388439398
1.4860000000,17.8254444677
1.4870000000,24.0609973006
1.4880000000,30.0907783290
1.4890000000,35.8616784422
1.4900000000,41.3226764549
1.4910000000,46.4252965606
1.4920000000,51.1240461659
1.4930000000,55.3768301028
1.4940000000,59.1453373848
1.4950000000,62.3953968853
1.4960000000,65.0972985602
1.4970000000,67.2260771118
1.4980000000,68.7617553002
1.4990000000,69.6895444428
1.5000000000,70.0000000000
1.5010000000,69.6891305328
1.5020000000,68.7584587160
1.5030000000,67.2150335091
1.5040000000,65.0713930198
1.5050000000,62.3454780278
1.5060000000,59.0604965869
1.5070000000,55.2447405602
1.5080000000,50.9313553887
1.5090000000,46.1580648245
1.5100000000,40.9668527818
1.5110000000,35.4036048650
1.5120000000,29.5177125227
1.5130000000,23.3616431375
1.5140000000,16.9904797008
1.5150000000,10.4614340322
1.5160000000,3.8333377724
1.5170000000,-2.8338843763
1.5180000000,-9.4797544915
1.5190000000,-16.0437895230
1.5200000000,-22.4660526865
1.5210000000,-28.6877031383
1.5220000000,-34.6515388826
1.5230000000,-40.3025278820
1.5240000000,-45.5883224063
1.5250000000,-50.4597517692
1.5260000000,-54.8712887573
1.5270000000,-58.7814852609
1.5280000000,-62.1533728613
1.5290000000,-64.9548244185
1.5300000000,-67.1588730298
1.5310000000,-68.7439850966
1.5320000000,-69.6942846327
1.5330000000,-69.9997263802
1.5340000000,-69.6562157521
1.5350000000,-68.6656741028
1.5360000000,-67.0360483244
1.5370000000,-64.7812642785
1.5380000000,-61.9211240980
1.5390000000,-58.4811479162
1.5400000000,-54.4923611097
1.5410000000,-49.9910286639
1.5420000000,-45.0183387785
1.5430000000,-39.6200383293
1.5440000000,-33.8460232790
1.5450000000,-27.7498875795
1.5460000000,-21.3884345347
1.5470000000,-14.8211549779
1.5480000000,-8.1096769729
1.5490000000,-1.3171920552
1.5500000000,5.4921367009
1.5510000000,12.2537792923
1.5520000000,18.9034504016
1.5530000000,25.3777222383
1.5540000000,31.6146327598
1.5550000000,37.5542834275
1.5560000000,43.1394207009
1.5570000000,48.3159955795
1.5580000000,53.0336956702
1.5590000000,57.2464444694
1.5600000000,60.9128628269
1.5610000000,63.9966878768
1.5620000000,66.4671450950
1.5630000000,68.2992695578
1.5640000000,69.4741729374
1.5650000000,69.9792532659
1.5660000000,69.8083450306
1.5670000000,68.9618077234
1.5680000000,67.4465515512
1.5690000000,65.2759996130
1.5700000000,62.4699864687
1.5710000000,59.0545936389
1.5720000000,55.0619232034
1.5730000000,50.5298112755
1.5740000000,45.5014837385
1.5750000000,40.0251572159
1.5760000000,34.1535888081
1.5770000000,27.9435786647
1.5780000000,21.4554299592
1.5790000000,14.7523712893
1.5800000000,7.8999469411
1.5810000000,0.9653808179
1.5820000000,-5.9830798596
1.5830000000,-12.8768347192
1.5840000000,-19.6476077212
1.5850000000,-26.2281252831
1.5860000000,-32.5527883070
1.5870000000,-38.5583313778
1.5880000000,-44.1844624711
1.5890000000,-49.3744766532
1.5900000000,-54.0758374575
1.5910000000,-58.2407198988
1.5920000000,-61.8265094186
1.5930000000,-64.7962514518
1.5940000000,-67.1190467582
1.5950000000,-68.7703881684
1.5960000000,-69.7324349489
1.5970000000,-69.9942215890
1.5980000000,-69.5517984506
1.5990000000,-68.4083023880
1.6000000000,-66.5739561407
1.6010000000,-64.0659960143
1.6020000000,-60.9085280899
1.6030000000,-57.1323139278
1.6040000000,-52.7744874627
1.6050000000,-47.8782054964
1.6060000000,-42.4922348969
1.6070000000,-36.6704802801
1.6080000000,-30.4714565942
1.6090000000,-23.9577116232
1.6100000000,-17.1952039835
1.6110000000,-10.2526426874
1.6120000000,-3.2007947933
1.6130000000,3.8882319581
1.6140000000,10.9417243060
1.6150000000,17.8871089754
1.6160000000,24.6527009041
1.6170000000,31.1684464763
1.6180000000,37.3666540419
1.6190000000,43.1827040660
1.6200000000,48.5557314069
1.6210000000,53.4292724468
1.6220000000,57.7518701091
1.6230000000,61.4776301777
1.6240000000,64.5667227906
1.6250000000,66.9858235013
1.6260000000,68.7084888902
1.6270000000,69.7154623545
1.6280000000,69.9949063984
1.6290000000,69.5425584921
1.6300000000,68.3618083445
1.6310000000,66.4636952461
1.6320000000,63.8668249703
1.6330000000,60.5972065631
1.6340000000,56.6880102043
1.6350000000,52.1792481639
1.6360000000,47.1173817086
1.6370000000,41.5548576225
1.6380000000,35.5495787807
1.6390000000,29.1643139508
1.6400000000,22.4660526865
1.6410000000,15.5253118064
1.6420000000,8.4154005220
1.6430000000,1.2116517740
1.6440000000,-6.0093722408
1.6450000000,-13.1706920321
1.6460000000,-20.1957316924
1.6470000000,-27.0091399503
1.6480000000,-33.5376025917
1.6490000000,-39.7106374620
1.6500000000,-45.4613633831
1.6510000000,-50.7272345285
1.6520000000,-55.4507321093
1.6530000000,-59.5800056184
1.6540000000,-63.0694563649
1.6550000000,-65.8802566013
1.6560000000,-67.9807981884
1.6570000000,-69.3470654619
1.6580000000,-69.9629277485
1.6590000000,-69.8203478139
1.6600000000,-68.9195034170
1.6610000000,-67.2688200666
1.6620000000,-64.8849140339
1.6630000000,-61.7924456488
1.6640000000,-58.0238838882
1.6650000000,-53.6191842481
1.6660000000,-48.6253828559
1.6670000000,-43.0961107252
1.6680000000,-37.0910329626
1.6690000000,-30.6752186025
1.6700000000,-23.9184475524
1.6710000000,-16.8944618804
1.6720000000,-9.6801693429
1.6730000000,-2.3548076470
1.6740000000,5.0009215633
1.6750000000,12.3057395954
1.6760000000,19.4786887697
1.6770000000,26.4400317506
1.6780000000,33.1121421518
1.6790000000,39.4203764424
1.6800000000,45.2939173099
1.6810000000,50.6665788778
1.6820000000,55.4775645321
1.6830000000,59.6721685633
1.6840000000,63.2024133997
1.6850000000,66.0276148618
1.6860000000,68.1148686197
1.6870000000,69.4394518713
1.6880000000,69.9851351649
1.6890000000,69.7444002662
1.6900000000,68.7185609982
1.6910000000,66.9177850567
1.6920000000,64.3610159073
1.6930000000,61.0757949992
1.6940000000,57.0979856600
1.6950000000,52.4714011644
1.6960000000,47.2473405806
1.6970000000,41.4840370718
1.6980000000,35.2460243689
1.6990000000,28.6034281038
1.7000000000,21.6311896062
1.7010000000,14.4082305950
1.7020000000,7.0165679379
1.7030000000,-0.4596117028
1.7040000000,-7.9349069880
1.7050000000,-15.3236760089
1.7060000000,-22.5410183087
1.7070000000,-29.5037535702
1.7080000000,-36.1313856701
1.7090000000,-42.3470408866
1.7100000000,-48.0783692581
1.7110000000,-53.2583984339
1.7120000000,-57.8263298275
1.7130000000,-61.7282674743
1.7140000000,-64.9178707039
1.7150000000,-67.3569225560
1.7160000000,-69.0158067877
1.7170000000,-69.8738873313
1.7180000000,-69.9197851526
1.7190000000,-69.1515486212
1.7200000000,-67.5767147183
1.7210000000,-65.2122596670
1.7220000000,-62.0844388539
1.7230000000,-58.2285172108
1.7240000000,-53.6883925189
1.7250000000,-48.5161153782
1.7260000000,-42.7713108279
1.7270000000,-36.5205078025
1.7280000000,-29.8363837408
1.7290000000,-22.7969327255
1.7300000000,-15.4845664953
1.7310000000,-7.9851585407
1.7320000000,-0.3870422428
1.7330000000,7.2200253541
1.7340000000,14.7459220530
1.7350000000,22.1012288559
1.7360000000,29.1982955062
1.7370000000,35.9522905085
1.7380000000,42.2822230025
1.7390000000,48.1119241109
1.7400000000,53.3709757708
1.7410000000,57.9955755997
1.7420000000,61.9293270273
1.7430000000,65.1239447421
1.7440000000,67.5398664430
1.7450000000,69.1467629507
1.7460000000,69.9239398939
1.7470000000,69.8606254454
1.7480000000,68.9561399190
1.7490000000,67.2199444307
1.7500000000,64.6715672758
1.7510000000,61.3404081411
1.7520000000,57.2654217572
1.7530000000,52.4946840687
1.7540000000,47.0848454555
1.7550000000,41.1004769426
1.7560000000,34.6133166871
1.7570000000,27.7014253006
1.7580000000,20.4482597413
1.7590000000,12.9416765802
1.7600000000,5.2728763870
1.7610000000,-2.4646982058
1.7620000000,-10.1764975452
1.7630000000,-17.7680193833
1.7640000000,-25.1459686251
1.7650000000,-32.2194081678
1.7660000000,-38.9008866035
1.7670000000,-45.1075287420
1.7680000000,-50.7620752611
1.7690000000,-55.7938583226
1.7700000000,-60.1397006892
1.7710000000,-63.7447267291
1.7720000000,-66.5630747090
1.7730000000,-68.5585009182
1.7740000000,-69.7048674482
1.7750000000,-69.9865068337
1.7760000000,-69.3984582533
1.7770000000,-67.9465715443
1.7780000000,-65.6474769157
1.7790000000,-62.5284199045
1.7800000000,-58.6269628029
1.7810000000,-53.9905554713
1.7820000000,-48.6759801053
1.7830000000,-42.7486761489
1.7840000000,-36.2819530918
1.7850000000,-29.3561003624
1.7860000000,-22.0574048875
1.7870000000,-14.4770881354
1.7880000000,-6.7101755605
1.7890000000,1.1456876839
1.7900000000,8.9914601140
1.7910000000,16.7279511168
1.7920000000,24.2570763182
1.7930000000,31.4831052376
1.7940000000,38.3138853288
1.7950000000,44.6620266942
1.7960000000,50.4460321440
1.7970000000,55.5913578605
1.7980000000,60.0313907061
1.7990000000,63.7083291760
1.8000000000,66.5739561407
1.8010000000,68.5902928182
1.8020000000,69.7301248689
1.8030000000,69.9773930770
1.8040000000,69.3274427733
1.8050000000,67.7871279283
1.8060000000,65.3747676858
1.8070000000,62.1199549991
1.8080000000,58.0632189347
1.8090000000,53.2555441141
1.8100000000,47.7577526377
1.8110000000,41.6397556540
1.8120000000,34.9796834824
1.8130000000,27.8629048335
1.8140000000,20.3809471959
1.8150000000,12.6303318232
1.8160000000,4.7113379711
1.8170000000,-3.2732879440
1.8180000000,-11.2196617556
1.8190000000,-19.0241124012
1.8200000000,-26.5845366865
1.8210000000,-33.8017402515
1.8220000000,-40.5807470843
1.8230000000,-46.8320602142
1.8240000000,-52.4728567344
1.8250000000,-57.4281010468
1.8260000000,-61.6315611839
1.8270000000,-65.0267142336
1.8280000000,-67.5675282548
1.8290000000,-69.2191096154
1.8300000000,-69.9582063848
1.8310000000,-69.7735602529
1.8320000000,-68.6661014009
1.8330000000,-66.6489827961
1.8340000000,-63.7474524884
1.8350000000,-59.9985646321
1.8360000000,-55.4507321093
1.8370000000,-50.1631257618
1.8380000000,-44.2049273215
1.8390000000,-37.6544451336
1.8400000000,-30.5981036656
1.8410000000,-23.1293195632
1.8420000000,-15.3472786252
1.8430000000,-7.3556294989
1.8440000000,0.7388888703
1.8450000000,8.8278679925
1.8460000000,16.8026799684
1.8470000000,24.5559376593
1.8480000000,31.9829452690
1.8490000000,38.9831197107
1.8500000000,45.4613633831
1.8510000000,51.3293695058
1.8520000000,56.5068419418
1.8530000000,60.9226124681
1.8540000000,64.5156397288
1.8550000000,67.2358756005
1.8560000000,69.0449864036
1.8570000000,69.9169182841
1.8580000000,69.8382981359
1.8590000000,68.8086636207
1.8600000000,66.8405181323
1.8610000000,63.9592089152
1.8620000000,60.2026289588
1.8630000000,55.6207457062
1.8640000000,50.2749620152
1.8650000000,44.2373171516
1.8660000000,37.5895378481
1.8670000000,30.4219515962
1.8680000000,22.8322763224
1.8690000000,14.9243024037
1.8700000000,6.8064845746
1.8710000000,-1.4095373525
1.8720000000,-9.6104689159
1.8730000000,-17.6829216976
1.8740000000,-25.5149828275
1.8750000000,-32.9977715778
1.8760000000,-40.0269613532
1.8770000000,-46.5042457133
1.8780000000,-52.3387276953
1.8790000000,-57.4482126294
1.8800000000,-61.7603858504
1.8810000000,-65.2138581875
1.8820000000,-67.7590638435
1.8830000000,-69.3589972379
1.8840000000,-69.9897775494
1.8850000000,-69.6410320350
1.8860000000,-68.3160916845
1.8870000000,-66.0319953656
1.8880000000,-62.8193012823
1.8890000000,-58.7217072758
1.8900000000,-53.7954842053
1.8910000000,-48.1087293126
1.8920000000,-41.7404490687
1.8930000000,-34.7794834766
1.8940000000,-27.3232861339
1.8950000000,-19.4765765020
1.8960000000,-11.3498827554
1.8970000000,-3.0579952660
1.8980000000,5.2816478131
1.8990000000,13.5506202876
1.9000000000,21.6311896062
1.9010000000,29.4079966368
1.9020000000,36.7697095454
1.9030000000,43.6106279967
1.9040000000,49.8322144392
1.9050000000,55.3445301288
1.9060000000,60.0675547531
1.9070000000,63.9323700493
1.9080000000,66.8821896273
1.9090000000,68.8732193015
1.9100000000,69.8753345695
1.9110000000,69.8725644192
1.9120000000,68.8633733708
1.9130000000,66.8607365162
1.9140000000,63.8920052788
1.9150000000,59.9985646321
1.9160000000,55.2352855403
1.9170000000,49.6697793826
1.9180000000,43.3814640453
1.9190000000,36.4604541670
1.9200000000,29.0062906695
1.9210000000,21.1265271493
1.9220000000,12.9351929104
1.9230000000,4.5511543577
1.9240000000,-3.9036019018
1.9250000000,-12.3057395954
1.9260000000,-20.5323713536
1.9270000000,-28.4628591222
1.9280000000,-35.9805900229
1.9290000000,-42.9747014526
1.9300000000,-49.3417297760
1.9310000000,-54.9871579246
1.9320000000,-59.8268385317
1.9330000000,-63.7882709145
1.9340000000,-66.8117122271
1.9350000000,-68.8511054235
1.9360000000,-69.8748092665
1.9370000000,-69.8661184489
1.9380000000,-68.8235649253
1.9390000000,-66.7609947423
1.9400000000,-63.7074179479
1.9410000000,-59.7066325236
1.9420000000,-54.8166266504
1.9430000000,-49.1087669537
1.9440000000,-42.6667836162
1.9450000000,-35.5855663528
1.9460000000,-27.9697881650
1.9470000000,-19.9323764801
1.9480000000,-11.5928537008
1.9490000000,-3.0755712926
1.9500000000,5.4921367009
1.9510000000,13.9818534429
1.9520000000,22.2660041324
1.9530000000,30.2197770559
1.9540000000,37.7230119036
1.9550000000,44.6620266942
1.9560000000,50.9313553887
1.9570000000,56.4353694348
1.9580000000,61.0897580666
1.9590000000,64.8228441514
1.9600000000,67.5767147183
1.9610000000,69.3081479758
1.9620000000,69.9893215964
1.9630000000,69.6082902748
1.9640000000,68.1692239950
1.9650000000,65.6924020364
1.9660000000,62.2139614390
1.9670000000,57.7854023912
1.9680000000,52.4728567344
1.9690000000,46.3561294462
1.9700000000,39.5275265046
1.9710000000,32.0904859024
1.9720000000,24.1580317103
1.9730000000,15.8510739403
1.9740000000,7.2965794810
1.9750000000,-1.3743584722
1.9760000000,-10.0285233211
1.9770000000,-18.5326198272
1.9780000000,-26.7553294075
1.9790000000,-34.5693442701
1.9800000000,-41.8533488140
1.9810000000,-48.4939173284
1.9820000000,-54.3872981173
1.9830000000,-59.4410557466
1.9840000000,-63.5755451235
1.9850000000,-66.7251935640
1.9860000000,-68.8395698370
1.9870000000,-69.8842223517
1.9880000000,-69.8412721428
1.9890000000,-68.7097500399
1.9900000000,-66.5056713371
1.9910000000,-63.2618453411
1.9920000000,-59.0274213129
1.9930000000,-53.8671764559
1.9940000000,-47.8605556945
1.9950000000,-41.1004769426
1.9960000000,-33.6919193436
1.9970000000,-25.7503154906
1.9980000000,-17.3997718616
1.9990000000,-8.7711445710
2.0000000000,-0.0000000000
2.0010000000,8.7755081194
2.0020000000,17.4168120665
2.0030000000,25.7871198252
2.0040000000,33.7535865102
2.0050000000,41.1894329981
2.0060000000,47.9759778432
2.0070000000,54.0045497212
2.0080000000,59.1782493285
2.0090000000,63.4135318631
2.0100000000,66.6415838862
2.0110000000,68.8094714737
2.0120000000,69.8810400737
2.0130000000,69.8375503262
2.0140000000,68.6780382288
2.0150000000,66.4193923720
2.0160000000,63.0961454577
2.0170000000,58.7599818869
2.0180000000,53.4789677714
2.0190000000,47.3365142362
2.0200000000,40.4300892396
2.0210000000,32.8696972913
2.0220000000,24.7761503192
2.0230000000,16.2791564556
2.0240000000,7.5152566324
2.0250000000,-1.3743584722
2.0260000000,-10.2461164454
2.0270000000,-18.9563798169
2.0280000000,-27.3637740905
2.0290000000,-35.3314893884
2.0300000000,-42.7295181587
2.0310000000,-49.4367921941
2.0320000000,-55.3431836136
2.0330000000,-60.3513364525
2.0340000000,-64.3782980574
2.0350000000,-67.3569225560
2.0360000000,-69.2370222218
2.0370000000,-69.9862465299
2.0380000000,-69.5906730282
2.0390000000,-68.0550987793
2.0400000000,-65.4030259720
2.0410000000,-61.6763402851
2.0420000000,-56.9346856358
2.0430000000,-51.2545439656
2.0440000000,-44.7280336355
2.0450000000,-37.4614447328
2.0460000000,-29.5735340511
2.0470000000,-21.1936066274
2.0480000000,-12.4594144193
2.0490000000,-3.5149059336
2.0500000000,5.4921367009
2.0510000000,14.4125346186
2.0520000000,23.0981829923
2.0530000000,31.4045148111
2.0540000000,39.1929166299
2.0550000000,46.3330558008
2.0560000000,52.7050799149
2.0570000000,58.2016510697
2.0580000000,62.7297800978
2.0590000000,66.2124290203
2.0600000000,68.5898536669
2.0610000000,69.8206625824
2.0620000000,69.8825729469
2.0630000000,68.7728492046
2.0640000000,66.5084153363
2.0650000000,63.1256371463
2.0660000000,58.6797764680
2.0670000000,53.2441247327
2.0680000000,46.9088288081
2.0690000000,39.7794272845
2.0700000000,31.9751204034
2.0710000000,23.6268014709
2.0720000000,14.8748818159
2.0730000000,5.8669450554
2.0740000000,-3.2447304518
2.0750000000,-12.3057395954
2.0760000000,-21.1621657848
2.0770000000,-29.6631992623
2.0780000000,-37.6637138885
2.0790000000,-45.0267582616
2.0800000000,-51.6259182151
2.0810000000,-57.3475096684
2.0820000000,-62.0925634492
2.0830000000,-65.7785670259
2.0840000000,-68.3409320364
2.0850000000,-69.7341610050
2.0860000000,-69.9326916391
2.0870000000,-68.9314025012
2.0880000000,-66.7457695763
2.0890000000,-63.4116691958
2.0900000000,-58.9848288512
2.0910000000,-53.5399335062
2.0920000000,-47.1694010177
2.0930000000,-39.9818460750
2.0940000000,-32.1002575776
2.0950000000,-23.6599194873
2.0960000000,-14.8061098236
2.0970000000,-5.6916165361
2.0980000000,3.5258875939
2.0990000000,12.6865661566
2.1000000000,21.6311896062
2.1010000000,30.2039070790
2.1020000000,38.2549712508
2.1030000000,45.6433684716
2.1040000000,52.2393077677
2.1050000000,57.9265244873
2.1060000000,62.6043573300
2.1070000000,66.1895612177
2.1080000000,68.6178228595
2.1090000000,69.8449508778
2.1100000000,69.8477179020
2.1110000000,68.6243380173
2.1120000000,66.1945692664
2.1130000000,62.5994374454
2.1140000000,57.9005840857
2.1150000000,52.1792481639
2.1160000000,45.5348976094
2.1170000000,38.0835329689
2.1180000000,29.9556915275
2.1190000000,21.2941856622
2.1200000000,12.2516141283
2.1210000000,2.9876892391
2.1220000000,-6.3335735586
2.1230000000,-15.5467544861
2.1240000000,-24.4879655050
2.1250000000,-32.9977715778
2.1260000000,-40.9240449808
2.1270000000,-48.1247014046
2.1280000000,-54.4702683802
2.1290000000,-59.8462392597
2.1300000000,-64.1551695335
2.1310000000,-67.3184766175
2.1320000000,-69.2779093218
2.1330000000,-69.9966589336
2.1340000000,-69.4600901148
2.1350000000,-67.6760765153
2.1360000000,-64.6749330244
2.1370000000,-60.5089438021
2.1380000000,-55.2514925101
2.1390000000,-48.9958083847
2.1400000000,-41.8533488140
2.1410000000,-33.9518457785
2.1420000000,-25.4330497666
2.1430000000,-16.4502104588
2.1440000000,-7.1653384851
2.1450000000,2.2537031948
2.1460000000,11.6362263533
2.1470000000,20.8118085903
2.1480000000,29.6133925637
2.1490000000,37.8803369639
2.1500000000,45.4613633831
2.1510000000,52.2173447905
2.1520000000,58.0238838882
2.1530000000,62.7736331519
2.1540000000,66.3783127956
2.1550000000,68.7703881684
2.1560000000,69.9043741016
2.1570000000,69.7577403740
2.1580000000,68.3313996352
2.1590000000,65.6497666877
2.1600000000,61.7603858504
2.1610000000,56.7331310634
2.1620000000,50.6589912939
2.1630000000,43.6484615364
2.1640000000,35.8295671028
2.1650000000,27.3455558459
2.1660000000,18.3522993110
2.1670000000,9.0154494494
2.1680000000,-0.4925976623
2.1690000000,-9.9958757632
2.1700000000,-19.3181017854
2.1710000000,-28.2859486201
2.1720000000,-36.7322765006
2.1730000000,-44.4992626393
2.1740000000,-51.4413702896
2.1750000000,-57.4281010468
2.1760000000,-62.3464779129
2.1770000000,-66.1032113701
2.1780000000,-68.6265063502
2.1790000000,-69.8674744613
2.1800000000,-69.8011230182
2.1810000000,-68.4269001902
2.1820000000,-65.7687837936
2.1830000000,-61.8749097575
2.1840000000,-56.8167449249
2.1850000000,-50.6878174615
2.1860000000,-43.6020265590
2.1870000000,-35.6915611829
2.1880000000,-27.1044651775
2.1890000000,-18.0018929400
2.1900000000,-8.5551059958
2.1910000000,1.0577339908
2.1920000000,10.6549160486
2.1930000000,20.0546117687
2.1940000000,29.0783234954
2.1950000000,37.5542834275
2.1960000000,45.3207387652
2.1970000000,52.2290598217
2.1980000000,58.1466110184
2.1990000000,62.9593288464
2.2000000000,66.5739561407
2.2010000000,68.9198882788
2.2020000000,69.9505940727
2.2030000000,69.6445820424
2.2040000000,68.0058912967
2.2050000000,65.0640952363
2.2060000000,60.8738155737
2.2070000000,55.5137535593
2.2080000000,49.0852546195
2.2090000000,41.7104316915
2.2100000000,33.5298811851
2.2110000000,24.7000335567
2.2120000000,15.3901877754
2.2130000000,5.7792853589
2.2140000000,-3.9475149838
2.2150000000,-13.6023968477
2.2160000000,-22.9985115304
2.2170000000,-31.9535994198
2.2180000000,-40.2935371228
2.2190000000,-47.8557411201
2.2200000000,-54.4923611097
2.2210000000,-60.0731999025
2.2220000000,-64.4883016890
2.2230000000,-67.6501566120
2.2240000000,-69.4954767650
2.2250000000,-69.9865068337
2.2260000000,-69.1118414801
2.2270000000,-66.8867310466
2.2280000000,-63.3528670715
2.2290000000,-58.5776492422
2.2300000000,-52.6529455945
2.2310000000,-45.6933677802
2.2320000000,-37.8340928769
2.2330000000,-29.2282723157
2.2340000000,-20.0440768606
2.2350000000,-10.4614340322
2.2360000000,-0.6685207538
2.2370000000,9.1419208001
2.2380000000,18.7763722919
2.2390000000,28.0443588856
2.2400000000,36.7622240973
2.2410000000,44.7567848849
2.2420000000,51.8687939702
2.2430000000,57.9561397874
2.2440000000,62.8967192560
2.2450000000,66.5909247024
2.2460000000,68.9636935885
2.2470000000,69.9660781117
2.2480000000,69.5763010591
2.2490000000,67.8002743479
2.2500000000,64.6715672758
2.2510000000,60.2508224200
2.2520000000,54.6246281607
2.2530000000,47.9038677282
2.2540000000,40.2215752762
2.2550000000,31.7303395431
2.2560000000,22.5993049752
2.2570000000,13.0108285597
2.2580000000,3.1568578711
2.2590000000,-6.7648981759
2.2600000000,-16.5549297917
2.2610000000,-26.0159388316
2.2620000000,-34.9568227049
2.2630000000,-43.1965491183
2.2640000000,-50.5678428430
2.2650000000,-56.9206090434
2.2660000000,-62.1250226041
2.2670000000,-66.0742192548
2.2680000000,-68.6865319994
2.2690000000,-69.9072252610
2.2700000000,-69.7096890844
2.2710000000,-68.0960665035
2.2720000000,-65.0972985602
2.2730000000,-60.7725832352
2.2740000000,-55.2082564803
2.2750000000,-48.5161153782
2.2760000000,-40.8312149664
2.2770000000,-32.3091811982
2.2780000000,-23.1230926597
2.2790000000,-13.4599927890
2.2800000000,-3.5171022726
2.2810000000,6.5021921599
2.2820000000,16.3924912955
2.2830000000,25.9505947150
2.2840000000,34.9796834823
2.2850000000,43.2933880368
2.2860000000,50.7196569509
2.2870000000,57.1043458468
2.2880000000,62.3144510742
2.2890000000,66.2409196682
2.2900000000,68.8009754693
2.2910000000,69.9399109640
2.2920000000,69.6323051779
2.2930000000,67.8826396280
2.2940000000,64.7252966678
2.2950000000,60.2239372964
2.2960000000,54.4702683802
2.2970000000,47.5822219937
2.2980000000,39.7015819543
2.2990000000,30.9911043408
2.3000000000,21.6311896062
2.3010000000,11.8161735784
2.3020000000,1.7503129858
2.3030000000,-8.3564520391
2.3040000000,-18.2928708939
2.3050000000,-27.8507999607
2.3060000000,-36.8295722175
2.3070000000,-45.0402271236
2.3080000000,-52.3095113148
2.3090000000,-58.4835649539
2.3100000000,-63.4312147155
2.3110000000,-67.0468022201
2.3120000000,-69.2524861217
2.3130000000,-69.9999668036
2.3140000000,-69.2715945403
2.3150000000,-67.0808347862
2.3160000000,-63.4720776990
2.3170000000,-58.5197928086
2.3180000000,-52.3270436220
2.3190000000,-45.0233906016
2.3200000000,-36.7622240973
2.3210000000,-27.7175811447
2.3220000000,-18.0805113210
2.3230000000,-8.0550668034
2.3240000000,2.1459998020
2.3250000000,12.3057395954
2.3260000000,22.2076184068
2.3270000000,31.6401368181
2.3280000000,40.4013605528
2.3290000000,48.3032639678
2.3300000000,55.1757928393
2.3310000000,60.8705581206
2.3320000000,65.2640797681
2.3330000000,68.2605089355
2.3340000000,69.7937676331
2.3350000000,69.8290571342
2.3360000000,68.3636997141
2.3370000000,65.4272924621
2.3380000000,61.0811666154
2.3390000000,55.4171607978
2.3400000000,48.5557314069
2.3410000000,40.6434378390
2.3420000000,31.8498539669
2.3430000000,22.3639699883
2.3440000000,12.3901601544
2.3450000000,2.1438017198
2.3460000000,-8.1533615083
2.3470000000,-18.2780115761
2.3480000000,-28.0101013619
2.3490000000,-37.1376470243
2.3500000000,-45.4613633831
2.3510000000,-52.7990405330
2.3520000000,-58.9895650738
2.3530000000,-63.8964965607
2.3540000000,-67.4111189970
2.3550000000,-69.4548982262
2.3560000000,-69.9812886954
2.3570000000,-68.9768469963
2.3580000000,-66.4616245496
2.3590000000,-62.4888274545
2.3600000000,-57.1437475502
2.3610000000,-50.5419847694
2.3620000000,-42.8269965594
2.3630000000,-34.1670251540
2.3640000000,-24.7514674646
2.3650000000,-14.7867650016
2.3660000000,-4.4919022550
2.3670000000,5.9063889045
2.3680000000,16.1786142078
2.3690000000,26.0975819952
2.3700000000,35.4434365147
2.3710000000,44.0085478708
2.3720000000,51.6021495435
2.3730000000,58.0546194062
2.3740000000,63.2213075165
2.3750000000,66.9858235013
2.3760000000,69.2627079032
2.3770000000,69.9994251605
2.3780000000,69.1776306710
2.3790000000,66.8136803220
2.3800000000,62.9583676096
2.3810000000,57.6958906461
2.3820000000,51.1420685902
2.3830000000,43.4418439408
2.3840000000,34.7661233296
2.3850000000,25.3080245674
2.3860000000,15.2786113894
2.3870000000,4.9022092957
2.3880000000,-5.5885941949
2.3890000000,-15.9581538960
2.3900000000,-25.9730597166
2.3910000000,-35.4073990196
2.3920000000,-44.0478697970
2.3930000000,-51.6986286038
2.3940000000,-58.1857625537
2.3950000000,-63.3612825744
2.3960000000,-67.1065453959
2.3970000000,-69.3350241775
2.3980000000,-69.9943620050
2.3990000000,-69.0676584027
2.4000000000,-66.5739561407
2.4010000000,-62.5679136135
2.4020000000,-57.1386665042
2.4030000000,-50.4079009173
2.4040000000,-42.5271782465
2.4050000000,-33.6745693151
2.4060000000,-24.0506714003
2.4070000000,-13.8740962375
2.4080000000,-3.3765296723
2.4090000000,7.2025260390
2.4100000000,17.6212084068
2.4110000000,27.6408253096
2.4120000000,37.0313335817
2.4130000000,45.5766396671
2.4140000000,53.0795998222
2.4150000000,59.3666035975
2.4160000000,64.2916332877
2.4170000000,67.7397035255
2.4180000000,69.6295989609
2.4190000000,69.9158437149
2.4200000000,68.5898536669
2.4210000000,65.6802412499
2.4220000000,61.2522618561
2.4230000000,55.4064107574
2.4240000000,48.2761991633
2.4250000000,40.0251572159
2.4260000000,30.8431299107
2.4270000000,20.9419486950
2.4280000000,10.5505764484
2.4290000000,-0.0901636842
2.4300000000,-10.7331548616
2.4310000000,-21.1307202429
2.4320000000,-31.0403909576
2.4330000000,-40.2305739828
2.4340000000,-48.4859871798
2.4350000000,-55.6127334736
2.4360000000,-61.4428939130
2.4370000000,-65.8385299652
2.4380000000,-68.6949986537
2.4390000000,-69.9434997399
2.4400000000,-69.5527917364
2.4410000000,-67.5300327189
2.4420000000,-63.9207222366
2.4430000000,-58.8077416351
2.4440000000,-52.3095113148
2.4450000000,-44.5773043469
2.4460000000,-35.7917759731
2.4470000000,-26.1587873298
2.4480000000,-15.9046188235
2.4490000000,-5.2706835174
2.4500000000,5.4921367009
2.4510000000,16.1293998148
2.4520000000,26.3891183796
2.4530000000,36.0277381216
2.4540000000,44.8159384269
2.4550000000,52.5441161944
2.4560000000,59.0274213129
2.4570000000,64.1102219959
2.4580000000,67.6698911333
2.4590000000,69.6198204225
2.4600000000,69.9115869624
2.4610000000,68.5362168233
2.4620000000,65.5245113799
2.4630000000,60.9464244191
2.4640000000,54.9095006810
2.4650000000,47.5564090165
2.4660000000,39.0616252212
2.4670000000,29.6273402820
2.4680000000,19.4786887697
2.4690000000,8.8584089361
2.4700000000,-1.9789396739
2.4710000000,-12.7730639746
2.4720000000,-23.2641852629
2.4730000000,-33.1992974943
2.4740000000,-42.3382850547
2.4750000000,-50.4597517692
2.4760000000,-57.3664190851
2.4770000000,-62.8899610368
2.4780000000,-66.8951565289
2.4790000000,-69.2832553824
2.4800000000,-69.9944730943
2.4810000000,-69.0095499516
2.4820000000,-66.3503325114
2.4830000000,-62.0793589904
2.4840000000,-56.2984542259
2.4850000000,-49.1463640029
2.4860000000,-40.7954820860
2.4870000000,-31.4477456906
2.4880000000,-21.3297958039
2.4890000000,-10.6875172160
2.4900000000,0.2199111240
2.4910000000,11.1263121570
2.4920000000,21.7650006740
2.4930000000,31.8753091488
2.4940000000,41.2089896991
2.4950000000,49.5363346385
2.4960000000,56.6518641676
2.4970000000,62.3794395953
2.4980000000,66.5766738705
2.4990000000,69.1385278249
2.5000000000,70.0000000000
2.5010000000,69.1378397902
2.5020000000,66.5712373596
2.5030000000,62.3614688050
2.5040000000,56.6105007363
2.5050000000,49.4585841951
2.5060000000,41.0808929933
2.5070000000,31.6832855075
2.5080000000,21.4972910925
2.5090000000,10.7744420398
2.5100000000,-0.2199111240
2.5110000000,-11.2131496554
2.5120000000,-21.9321407138
2.5130000000,-32.1100284608
2.5140000000,-41.4928932255
2.5150000000,-49.8461122385
2.5160000000,-56.9602620195
2.5170000000,-62.6564131147
2.5180000000,-66.7906822910
2.5190000000,-69.2579251583
2.5200000000,-69.9944730943
2.5210000000,-68.9798417808
2.5220000000,-66.2373640568
2.5230000000,-61.8337265251
2.5240000000,-55.8774167624
2.5250000000,-48.5161153782
2.5260000000,-39.9330938742
2.5270000000,-30.3427045793
2.5280000000,-19.9850722431
2.5290000000,-9.1201175486
2.5300000000,1.9789396739
2.5310000000,13.0324358599
2.5320000000,23.7613061896
2.5330000000,33.8941369608
2.5340000000,43.1740495231
2.5350000000,51.3652407904
2.5360000000,58.2590131526
2.5370000000,63.6791386958
2.5380000000,67.4864187394
2.5390000000,69.5823194252
2.5400000000,69.9115869624
2.5410000000,68.4637715990
2.5420000000,65.2736168036
2.5430000000,60.4202988338
2.5440000000,54.0255311017
2.5450000000,46.2505767894
2.5460000000,37.2922412692
2.5470000000,27.3779423240
2.5480000000,16.7599802492
2.5490000000,5.7091510241
2.5500000000,-5.4921367009
2.5510000000,-16.5570665133
2.5520000000,-27.2017576072
2.5530000000,-37.1525586872
2.5540000000,-46.1531047922
2.5550000000,-53.9709545697
2.5560000000,-60.4036353972
2.5570000000,-65.2839381234
2.5580000000,-68.4843217379
2.5590000000,-69.9203105336
2.5600000000,-69.5527917364
2.5610000000,-67.3891495220
2.5620000000,-63.4832011038
2.5630000000,-57.9339314002
2.5640000000,-50.8830538884
2.5650000000,-42.5114558160
2.5660000000,-33.0346151742
2.5670000000,-22.6971039736
2.5680000000,-11.7663166794
2.5690000000,-0.5255835125
2.5700000000,10.7331548616
2.5710000000,21.7169224217
2.5720000000,32.1393363557
2.5730000000,41.7280904136
2.5740000000,50.2320971462
2.5750000000,57.4281010468
2.5760000000,63.1265874945
2.5770000000,67.1768299359
2.5780000000,69.4709395103
2.5790000000,69.9468067726
2.5800000000,68.5898536669
2.5810000000,65.4335447096
2.5820000000,60.5586386704
2.5830000000,54.0911950506
2.5840000000,46.1993824789
2.5850000000,37.0891679241
2.5860000000,26.9989954996
2.5870000000,16.1935908260
2.5880000000,4.9570506666
2.5890000000,-6.4146027678
2.5900000000,-17.6212084068
2.5910000000,-28.3663893664
2.5920000000,-38.3654033851
2.5930000000,-47.3527124522
2.5940000000,-55.0890698313
2.5950000000,-61.3679344727
2.5960000000,-66.0210397075
2.5970000000,-68.9229647244
2.5980000000,-69.9945830783
2.5990000000,-69.2052917342
2.6000000000,-66.5739561407
2.6010000000,-62.1685407174
2.6020000000,-56.1044290510
2.6030000000,-48.5414730857
2.6040000000,-39.6798447393
2.6050000000,-29.7547957568
2.6060000000,-19.0304613463
2.6070000000,-7.7928694188
2.6080000000,3.6576606547
2.6090000000,15.0145285701
2.6100000000,25.9730597166
2.6110000000,36.2386883890
2.6120000000,45.5348976094
2.6130000000,53.6107010308
2.6140000000,60.2474636524
2.6150000000,65.2648748754
2.6160000000,68.5259093505
2.6170000000,69.9406375549
2.6180000000,69.4687784070
2.6190000000,67.1209196773
2.6200000000,62.9583676096
2.6210000000,57.0916240643
2.6220000000,49.6775266549
2.6230000000,40.9151237598
2.6240000000,31.0403909576
2.6250000000,20.3199274078
2.6260000000,9.0437990938
2.6270000000,-2.4822801380
2.6280000000,-13.9452198505
2.6290000000,-25.0330533536
2.6300000000,-35.4434365147
2.6310000000,-44.8919133541
2.6320000000,-53.1197219513
2.6330000000,-59.9009256248
2.6340000000,-65.0486717238
2.6350000000,-68.4204032492
2.6360000000,-69.9218763253
2.6370000000,-69.5098685168
2.6380000000,-67.1934983116
2.6390000000,-63.0341137863
2.6400000000,-57.1437475502
2.6410000000,-49.6821744299
2.6420000000,-40.8526469581
2.6430000000,-30.8964204742
2.6440000000,-20.0862135229
2.6450000000,-8.7187792947
2.6460000000,2.8932107734
2.6470000000,14.4297501439
2.6480000000,25.5723120044
2.6490000000,36.0126531465
2.6500000000,45.4613633831
2.6510000000,53.6559228375
2.6520000000,60.3680419060
2.6530000000,65.4100774735
2.6540000000,68.6403435810
2.6550000000,69.9671645430
2.6560000000,69.3515527119
2.6570000000,66.8084307500
2.6580000000,62.4063583776
2.6590000000,56.2657650188
2.6600000000,48.5557314069
2.6610000000,39.4894038937
2.6620000000,29.3181637738
2.6630000000,18.3247093091
2.6640000000,6.8152392974
2.6650000000,-4.8890469155
2.6660000000,-16.4608978951
2.6670000000,-27.5761582583
2.6680000000,-37.9228608873
2.6690000000,-47.2100079356
2.6700000000,-55.1757928393
2.6710000000,-61.5950300444
2.6720000000,-66.2855803050
2.6730000000,-69.1135866392
2.6740000000,-69.9973686220
2.6750000000,-68.9098597663
2.6760000000,-65.8795132705
2.6770000000,-60.9896442795
2.6780000000,-54.3762208087
2.6790000000,-46.2241593941
2.6800000000,-36.7622240973
2.6810000000,-26.2566675118
2.6820000000,-15.0037887275
2.6830000000,-3.3216147615
2.6840000000,8.4590621636
2.6850000000,20.0040397017
2.6860000000,30.9851886615
2.6870000000,41.0897953968
2.6880000000,50.0294969264
2.6890000000,57.5485527162
2.6900000000,63.4312147155
2.6910000000,67.5079818087
2.6920000000,69.6605556470
2.6930000000,69.8253510315
2.6940000000,67.9954546250
2.6950000000,64.2209696404
2.6960000000,58.6077300545
2.6970000000,51.3144145239
2.6980000000,42.5481361983
2.6990000000,32.5586287240
2.7000000000,21.6311896062
2.7010000000,10.0785785821
2.7020000000,-1.7679003485
2.7030000000,-13.5678799983
2.7040000000,-24.9817035033
2.7050000000,-35.6802098721
2.7060000000,-45.3542494808
2.7070000000,-53.7236538572
2.7080000000,-60.5453985357
2.7090000000,-65.6207198286
2.7100000000,-68.8009754693
2.7110000000,-69.9920744279
2.7120000000,-69.1573418086
2.7130000000,-66.3187294536
2.7140000000,-61.5563304374
2.7150000000,-55.0062046709
2.7160000000,-46.8565719304
2.7170000000,-37.3424763574
2.7180000000,-26.7390714429
2.7190000000,-15.3537153844
2.7200000000,-3.5171022726
2.7210000000,8.4263162446
2.7220000000,20.1283422555
2.7230000000,31.2471853062
2.7240000000,41.4574624703
2.7250000000,50.4597517692
2.7260000000,57.9894176166
2.7270000000,63.8244469364
2.7280000000,67.7920623520
2.7290000000,69.7739135983
2.7300000000,69.7096890844
2.7310000000,67.5990351876
2.7320000000,63.5017200612
2.7330000000,57.5360300717
2.7340000000,49.8754389495
2.7350000000,40.7436408060
2.7360000000,30.4080868326
2.7370000000,19.1722103045
2.7380000000,7.3665641079
2.7390000000,-4.6608717952
2.7400000000,-16.5549297917
2.7410000000,-27.9637402327
2.7420000000,-38.5491538278
2.7430000000,-47.9967918094
2.7440000000,-56.0254244326
2.7450000000,-62.3953968853
2.7460000000,-66.9158486384
2.7470000000,-69.4505069156
2.7480000000,-69.9218763253
2.7490000000,-68.3136935800
2.7500000000,-64.6715672758
2.7510000000,-59.1017764113
2.7520000000,-51.7682561125
2.7530000000,-42.8878532663
2.7540000000,-32.7239868275
2.7550000000,-21.5788958771
2.7560000000,-9.7847016179
2.7570000000,2.3064539444
2.7580000000,14.3329009892
2.7590000000,25.9342545853
2.7600000000,36.7622240973
2.7610000000,46.4910948600
2.7620000000,54.8275659996
2.7630000000,61.5196461505
2.7640000000,66.3643357533
2.7650000000,69.2138598692
2.7660000000,69.9802580083
2.7670000000,68.6381860861
2.7680000000,65.2258388850
2.7690000000,59.8439577070
2.7700000000,52.6529455945
2.7710000000,43.8681698125
2.7720000000,33.7535865102
2.7730000000,22.6138739113
2.7740000000,10.7853064493
2.7750000000,-1.3743584722
2.7760000000,-13.4966781798
2.7770000000,-25.2136817738
2.7780000000,-36.1690489588
2.7790000000,-46.0289708595
2.7800000000,-54.4923611097
2.7810000000,-61.3001037367
2.7820000000,-66.2430522505
2.7830000000,-69.1685310954
2.7840000000,-69.9851351649
2.7850000000,-68.6656741028
2.7860000000,-65.2481640975
2.7870000000,-59.8348291337
2.7880000000,-52.5891344154
2.7890000000,-43.7309350431
2.7900000000,-33.5298811851
2.7910000000,-22.2972751155
2.7920000000,-10.3766239173
2.7930000000,1.8668271515
2.7940000000,14.0572629757
2.7950000000,25.8198278671
2.7960000000,36.7921624056
2.7970000000,46.6355925490
2.7980000000,55.0456247920
2.7990000000,61.7614209520
2.8000000000,66.5739561407
2.8010000000,69.3326027812
2.8020000000,69.9499309924
2.8030000000,68.4045698635
2.8040000000,64.7420334527
2.8050000000,59.0734779427
2.8060000000,51.5724203703
2.8070000000,42.4695127231
2.8080000000,32.0455260016
2.8090000000,20.6227551709
2.8100000000,8.5551059958
2.8110000000,-3.7828330322
2.8120000000,-16.0073974694
2.8130000000,-27.7377734876
2.8140000000,-38.6078737020
2.8150000000,-48.2777915918
2.8160000000,-56.4444752976
2.8170000000,-62.8512843055
2.8180000000,-67.2961259050
2.8190000000,-69.6379113447
2.8200000000,-69.8011230182
2.8210000000,-67.7783422390
2.8220000000,-63.6306504102
2.8230000000,-57.4858827203
2.8240000000,-49.5347808268
2.8250000000,-40.0251572159
2.8260000000,-29.2542469673
2.8270000000,-17.5594804897
2.8280000000,-5.3079615906
2.8290000000,7.1150226611
2.8300000000,19.3181017854
2.8310000000,30.9161520807
2.8320000000,41.5424687600
2.8330000000,50.8603948548
2.8340000000,58.5740371162
2.8350000000,64.4377263370
2.8360000000,68.2639177066
2.8370000000,69.9292748444
2.8380000000,69.3787375778
2.8390000000,66.6274365957
2.8400000000,61.7603858504
2.8410000000,54.9299538789
2.8420000000,46.3511858484
2.8430000000,36.2951168511
2.8440000000,25.0802815786
2.8450000000,13.0626839188
2.8460000000,0.6245403334
2.8470000000,-11.8378485683
2.8480000000,-23.9267143812
2.8490000000,-35.2555239639
2.8500000000,-45.4613633831
2.8510000000,-54.2166052816
2.8520000000,-61.2394833422
2.8530000000,-66.3032308263
2.8540000000,-69.2434846490
2.8550000000,-69.9637107500
2.8560000000,-68.4384689465
2.8570000000,-64.7144040547
2.8580000000,-58.9089226642
2.8590000000,-51.2065892391
2.8600000000,-41.8533488140
2.8610000000,-31.1487540735
2.8620000000,-19.4364397655
2.8630000000,-7.0931450557
2.8640000000,5.4833673147
2.8650000000,17.8871089754
2.8660000000,29.7169699438
2.8670000000,40.5897059120
2.8680000000,50.1523878657
2.8690000000,58.0939086112
2.8700000000,64.1551695335
2.8710000000,68.1376120226
2.8720000000,69.9098102421
2.8730000000,69.4119036219
2.8740000000,66.6577167006
2.8750000000,61.7344885044
2.8760000000,54.8002111346
2.8770000000,46.0786551356
2.8780000000,35.8522349920
2.8790000000,24.4529392704
2.8800000000,12.2516141283
2.8810000000,-0.3540559824
2.8820000000,-12.9524824409
2.8830000000,-25.1316017530
2.8840000000,-36.4923622528
2.8850000000,-46.6618265935
2.8860000000,-55.3054590176
2.8870000000,-62.1381912031
2.8880000000,-66.9338987585
2.8890000000,-69.5329709992
2.8900000000,-69.8477179020
2.8910000000,-67.8654281415
2.8920000000,-63.6489686080
2.8930000000,-57.3348963153
2.8940000000,-49.1291354889
2.8950000000,-39.3003531896
2.8960000000,-28.1712434110
2.8970000000,-16.1079996244
2.8980000000,-3.5083168957
2.8990000000,9.2116851313
2.9000000000,21.6311896062
2.9010000000,33.3386079579
2.9020000000,43.9452426555
2.9030000000,53.0982330632
2.9040000000,60.4923519672
2.9050000000,65.8802566013
2.9060000000,69.0808476004
2.9070000000,69.9854506987
2.9080000000,68.5616071937
2.9090000000,64.8543378898
2.9100000000,58.9848288512
2.9110000000,51.1465730607
2.9120000000,41.5990871507
2.9130000000,30.6594039042
2.9140000000,18.6916164611
2.9150000000,6.0948165620
2.9160000000,-6.7101755605
2.9170000000,-19.2948497876
2.9180000000,-31.2373456484
2.9190000000,-42.1366130343
2.9200000000,-51.6259182151
2.9210000000,-59.3852391461
2.9220000000,-65.1521293564
2.9230000000,-68.7306793400
2.9240000000,-69.9982667467
2.9250000000,-68.9098597663
2.9260000000,-65.4997195064
2.9270000000,-59.8804341936
2.9280000000,-52.2393077677
2.9290000000,-42.8322148785
2.9300000000,-31.9751204034
2.9310000000,-20.0335414580
2.9320000000,-7.4103007236
2.9330000000,5.4680206806
2.9340000000,18.1654766813
2.9350000000,30.2515112824
2.9360000000,41.3155759220
2.9370000000,50.9811123987
2.9380000000,58.9184239674
2.9390000000,64.8559928950
2.9400000000,68.5898536669
2.9410000000,69.9906955033
2.9420000000,69.0084437607
2.9430000000,65.6741546333
2.9440000000,60.0991484966
2.9450000000,52.4714011644
2.9460000000,43.0493060933
2.9470000000,32.1530109313
2.9480000000,20.1536156819
2.9490000000,7.4605942139
2.9500000000,-5.4921367010
2.9510000000,-18.2610284164
2.9520000000,-30.4080868326
2.9530000000,-41.5159144331
2.9540000000,-51.2020908295
2.9550000000,-59.1323951699
2.9560000000,-65.0324114094
2.9570000000,-68.6971110800
2.9580000000,-69.9980760676
2.9590000000,-68.8881037479
2.9600000000,-65.4030259720
2.9610000000,-59.6606687962
2.9620000000,-51.8569782642
2.9630000000,-42.2594355843
2.9640000000,-31.1979793121
2.9650000000,-19.0537393650
2.9660000000,-6.2459647904
2.9670000000,6.7824085331
2.9680000000,19.5800549735
2.9690000000,31.7028935461
2.9700000000,42.7295181587
2.9710000000,52.2758869482
2.9720000000,60.0087573651
2.9730000000,65.6573950492
2.9740000000,69.0231425684
2.9750000000,69.9865068337
2.9760000000,68.5115090033
2.9770000000,64.6471350595
2.9780000000,58.5258257316
2.9790000000,50.3590475778
2.9800000000,40.4300892396
2.9810000000,29.0843245533
2.9820000000,16.7172739135
2.9830000000,3.7608738320
2.9840000000,-9.3315707843
2.9850000000,-22.1012288559
2.9860000000,-34.0998269137
2.9870000000,-44.9054106192
2.9880000000,-54.1372290644
2.9890000000,-61.4692153312
2.9900000000,-66.6415838862
2.9910000000,-69.4701296108
2.9920000000,-69.8528924364
2.9930000000,-67.7739429724
2.9940000000,-63.3041450197
2.9950000000,-56.5988569611
2.9960000000,-47.8926419907
2.9970000000,-37.4911631827
2.9980000000,-25.7605397433
2.9990000000,-13.1145318520
3.0000000000,-0.0000000000
3.0010000000,13.1188521770
3.0020000000,25.7768972256
3.0030000000,37.5245851158
3.0040000000,47.9439407322
3.0050000000,56.6634873185
3.0060000000,63.3715613100
3.0070000000,67.8275389186
3.0080000000,69.8705671207
3.0090000000,69.4254788664
3.0100000000,66.5056713371
3.0110000000,61.2128334864
3.0120000000,53.7335210943
3.0130000000,44.3326901833
3.0140000000,33.3444088638
3.0150000000,21.1600695615
3.0160000000,8.2145144464
3.0170000000,-5.0294365886
3.0180000000,-18.0975066815
3.0190000000,-30.5209427958
3.0200000000,-41.8533488140
3.0210000000,-51.6867658834
3.0220000000,-59.6664194158
3.0230000000,-65.5035976009
3.0240000000,-68.9861912305
3.0250000000,-69.9865068337
3.0260000000,-68.4660617056
3.0270000000,-64.4771769919
3.0280000000,-58.1612997329
3.0290000000,-49.7441025773
3.0300000000,-39.5275265046
3.0310000000,-27.8790431237
3.0320000000,-15.2185148890
3.0330000000,-2.0031201500
3.0340000000,11.2891179458
3.0350000000,24.1766067655
3.0360000000,36.1916400791
3.0370000000,46.8974016653
3.0380000000,55.9038974933
3.0390000000,62.8822336335
3.0400000000,67.5767147183
3.0410000000,69.8143148432
3.0420000000,69.5111665680
3.0430000000,66.6758208209
3.0440000000,61.4091471946
3.0450000000,53.9008661486
3.0460000000,44.4228275652
3.0470000000,33.3192694664
3.0480000000,20.9944020940
3.0490000000,7.8977618719
3.0500000000,-5.4921367009
3.0510000000,-18.6852585823
3.0520000000,-31.1979793121
3.0530000000,-42.5708338221
3.0540000000,-52.3854309213
3.0550000000,-60.2799093177
3.0560000000,-65.9623619818
3.0570000000,-69.2217279302
3.0580000000,-69.9357415754
3.0590000000,-68.0756363918
3.0600000000,-63.7074179479
3.0610000000,-56.9896470604
3.0620000000,-48.1678023235
3.0630000000,-37.5654178486
3.0640000000,-25.5723120044
3.0650000000,-12.6303318232
3.0660000000,0.7828685684
3.0670000000,14.1714221701
3.0680000000,27.0395693027
3.0690000000,38.9100274578
3.0700000000,49.3417297760
3.0710000000,57.9462716807
3.0720000000,64.4024503681
3.0730000000,68.4683501229
3.0740000000,69.9905153665
3.0750000000,68.9098597663
3.0760000000,65.2640797681
3.0770000000,59.1864701606
3.0780000000,50.9011729800
3.0790000000,40.7150242412
3.0800000000,29.0062906695
3.0810000000,16.2107060020
3.0820000000,2.8053190849
3.0830000000,-10.7092500096
3.0840000000,-23.8274875355
3.0850000000,-36.0579012435
3.0860000000,-46.9414652855
3.0870000000,-56.0689016246
3.0880000000,-63.0961454577
3.0890000000,-67.7574075974
3.0900000000,-69.8753345695
3.0910000000,-69.3678741936
3.0920000000,-66.2515766955
3.0930000000,-60.6411944415
3.0940000000,-52.7455822262
3.0950000000,-42.8600394870
3.0960000000,-31.3553706032
3.0970000000,-18.6640644543
3.0980000000,-5.2641048775
3.0990000000,8.3389846654
3.1000000000,21.6311896062
3.1010000000,34.1094291884
3.1020000000,45.3006237468
3.1030000000,54.7796807878
3.1040000000,62.1857142647
3.1050000000,67.2358756005
3.1060000000,69.7362630585
3.1070000000,69.5894848073
3.1080000000,66.7985764285
3.1090000000,61.4671110129
3.1100000000,53.7954842053
3.1110000000,44.0735021427
3.1120000000,32.6695416384
3.1130000000,20.0166837857
3.1140000000,6.5963393007
3.1150000000,-7.0800181563
3.1160000000,-20.4903195921
3.1170000000,-33.1218293499
3.1180000000,-44.4907742424
3.1190000000,-54.1609208512
3.1200000000,-61.7603858504
3.1210000000,-66.9960289480
3.1220000000,-69.6648680410
3.1230000000,-69.6620681132
3.1240000000,-66.9851850989
3.1250000000,-61.7344885044
3.1260000000,-54.1093366050
3.1270000000,-44.4007297858
3.1280000000,-32.9803152437
3.1290000000,-20.2862540948
3.1300000000,-6.8064845746
3.1310000000,6.9399823368
3.1320000000,20.4230199549
3.1330000000,33.1218293499
3.1340000000,44.5450810042
3.1350000000,54.2499748500
3.1360000000,61.8594774921
3.1370000000,67.0770629219
3.1380000000,69.6983769592
3.1390000000,69.6193625146
3.1400000000,66.8405181323
3.1410000000,61.4671110129
3.1420000000,53.7053220957
3.1430000000,43.8544587906
3.1440000000,32.2955244329
3.1450000000,19.4765765020
3.1460000000,5.8954324686
3.1470000000,-7.9196122137
3.1480000000,-21.4303092124
3.1490000000,-34.1094291884
3.1500000000,-45.4613633831
3.1510000000,-55.0415489667
3.1520000000,-62.4739548419
3.1530000000,-67.4659373169
3.1540000000,-69.8198751444
3.1550000000,-69.4411171188
3.1560000000,-66.3419179928
3.1570000000,-60.6411944415
3.1580000000,-52.5600961086
3.1590000000,-42.4135510469
3.1600000000,-30.5981036656
3.1610000000,-17.5765103386
3.1620000000,-3.8596872787
3.1630000000,10.0132880708
3.1640000000,23.4963413323
3.1650000000,36.0579012435
3.1660000000,47.2018888810
3.1670000000,56.4873661619
3.1680000000,63.5460632619
3.1690000000,68.0970851866
3.1700000000,69.9582063848
3.1710000000,69.0532948339
3.1720000000,65.4155583595
3.1730000000,59.1864701606
3.1740000000,50.6104011655
3.1750000000,40.0251572159
3.1760000000,27.8487823857
3.1770000000,14.5631394777
3.1780000000,0.6949088805
3.1790000000,-13.2052477777
3.1800000000,-26.5845366865
3.1810000000,-38.9100274578
3.1820000000,-49.6899197408
3.1830000000,-58.4932307960
3.1840000000,-64.9671134784
3.1850000000,-68.8511054235
3.1860000000,-69.9877299136
3.1870000000,-68.3290123198
3.1880000000,-63.9386375316
3.1890000000,-56.9896470604
3.1900000000,-47.7577526377
3.1910000000,-36.6105190317
3.1920000000,-23.9928353988
3.1930000000,-10.4092450426
3.1940000000,3.5961681484
3.1950000000,17.4615373674
3.1960000000,30.6297461260
3.1970000000,42.5708338221
3.1980000000,52.8033718646
3.1990000000,60.9139463608
3.2000000000,66.5739561407
3.2010000000,69.5530398862
3.2020000000,69.7285793100
3.2030000000,67.0908814385
3.2040000000,61.7438159367
3.2050000000,53.9008661486
3.2060000000,43.8767377942
3.2070000000,32.0748495752
3.2080000000,18.9711979592
3.2090000000,5.0952372834
3.2100000000,-8.9914601140
3.2110000000,-22.7179058940
3.2120000000,-35.5268432609
3.2130000000,-46.8974016653
3.2140000000,-56.3663365137
3.2150000000,-63.5469855423
3.2160000000,-68.1451628970
3.2170000000,-69.9713334850
3.2180000000,-68.9485590267
3.2190000000,-65.1158775318
3.2200000000,-58.6269628029
3.2210000000,-49.7441025773
3.2220000000,-38.8277252339
3.2230000000,-26.3218878100
3.2240000000,-12.7363048586
3.2250000000,1.3743584722
3.2260000000,15.4330908499
3.2270000000,28.8641172735
3.2280000000,41.1164965231
3.2290000000,51.6867658834
3.2300000000,60.1397006892
3.2310000000,66.1263299066
3.2320000000,69.3984582533
3.2330000000,69.8190859837
3.2340000000,67.3682837825
3.2350000000,62.1442655224
3.2360000000,54.3595984060
3.2370000000,44.3326901833
3.2380000000,32.4748884706
3.2390000000,19.2737096082
3.2400000000,5.2728763869
3.2410000000,-8.9500214618
3.2420000000,-22.8073285765
3.2430000000,-35.7256075048
3.2440000000,-47.1694010177
3.2450000000,-56.6634873185
3.2460000000,-63.8127007816
3.2470000000,-68.3184881034
3.2480000000,-69.9915018899
3.2490000000,-68.7596954440
3.2500000000,-64.6715672758
3.2510000000,-57.8944040847
3.2520000000,-48.7075784080
3.2530000000,-37.4911631827
3.2540000000,-24.7103215582
3.2550000000,-10.8961081784
3.2560000000,3.3765296723
3.2570000000,17.5126426896
3.2580000000,30.9220709677
3.2590000000,43.0441036660
3.2600000000,53.3709757708
3.2610000000,61.4692153312
3.2620000000,66.9979405848
3.2630000000,69.7233305319
3.2640000000,69.5286497740
3.2650000000,66.4193923720
3.2660000000,60.5233125235
3.2670000000,52.0853235885
3.2680000000,41.4574624703
3.2690000000,29.0843245533
3.2700000000,15.4845664953
3.2710000000,1.2292420187
3.2720000000,-13.0821277656
3.2730000000,-26.8467489390
3.2740000000,-39.4839564029
3.2750000000,-50.4597517692
3.2760000000,-59.3094389416
3.2770000000,-65.6573950492
3.2780000000,-69.2331316452
3.2790000000,-69.8829546133
3.2800000000,-67.5767147183
3.2810000000,-62.4093465821
3.2820000000,-54.5971134585
3.2830000000,-44.4686992734
3.2840000000,-32.4515085140
3.2850000000,-19.0537393650
3.2860000000,-4.8429772198
3.2870000000,9.5777934929
3.2880000000,23.5957479087
3.2890000000,36.6142676944
3.2900000000,48.0783692581
3.2910000000,57.4984280717
3.2920000000,64.4711823157
3.2930000000,68.6971110800
3.2940000000,69.9934334996
3.2950000000,68.3021592161
3.2960000000,63.6928297484
3.2970000000,56.3598159045
3.2980000000,46.6142687113
3.2990000000,34.8710505685
3.3000000000,21.6311896062
3.3010000000,7.4605942139
3.3020000000,-7.0340720303
3.3030000000,-21.2313294254
3.3040000000,-34.5215276942
3.3050000000,-46.3330558008
3.3060000000,-56.1569880682
3.3070000000,-63.5691014555
3.3080000000,-68.2483078058
3.3090000000,-69.9906955033
3.3100000000,-68.7185609982
3.3110000000,-64.4840242322
3.3120000000,-57.4670540556
3.3130000000,-47.9679703406
3.3140000000,-36.3947283129
3.3150000000,-23.2455173240
3.3160000000,-9.0874109842
3.3170000000,5.4680206806
3.3180000000,19.7910912944
3.3190000000,33.2612342687
3.3200000000,45.2939173099
3.3210000000,55.3660669418
3.3220000000,63.0388947885
3.3230000000,67.9771258597
3.3240000000,69.9637815176
3.3250000000,68.9098597663
3.3260000000,64.8584749227
3.3270000000,57.9832582028
3.3280000000,48.5810699482
3.3290000000,37.0593223301
3.3300000000,23.9184475524
3.3310000000,9.7302604861
3.3320000000,-4.8868531686
3.3330000000,-19.2948497876
3.3340000000,-32.8638723710
3.3350000000,-44.9998120059
3.3360000000,-55.1703791825
3.3370000000,-62.9285384562
3.3380000000,-67.9322710254
3.3390000000,-69.9597867575
3.3400000000,-68.9195034170
3.3410000000,-64.8543378898
3.3420000000,-57.9401022552
3.3430000000,-48.4780558348
3.3440000000,-36.8819215243
3.3450000000,-23.6599194873
3.3460000000,-9.3925928010
3.3470000000,5.2926119785
3.3480000000,19.7488995900
3.3490000000,33.3386079579
3.3500000000,45.4613633831
3.3510000000,55.5806647865
3.3520000000,63.2477173475
3.3530000000,68.1214529212
3.3540000000,69.9838391841
3.3550000000,68.7497845189
3.3560000000,64.4711823157
3.3570000000,57.3348963153
3.3580000000,47.6547565158
3.3590000000,35.8579011683
3.3600000000,22.4660526865
3.3610000000,8.0725425999
3.3620000000,-6.6839072327
3.3630000000,-21.1474917830
3.3640000000,-34.6744656346
3.3650000000,-46.6618265935
3.3660000000,-56.5742607998
3.3670000000,-63.9681425800
3.3680000000,-68.5115090033
3.3690000000,-69.9991045969
3.3700000000,-68.3618083445
3.3710000000,-63.6700034711
3.3720000000,-56.1307196394
3.3730000000,-46.0786551356
3.3740000000,-33.9614609841
3.3750000000,-20.3199274078
3.3760000000,-5.7639439698
3.3770000000,9.0547024018
3.3780000000,23.4714813310
3.3790000000,36.8389223993
3.3800000000,48.5557314069
3.3810000000,58.0939086112
3.3820000000,65.0226428969
3.3830000000,69.0278962137
3.3840000000,69.9267825135
3.3850000000,67.6760765153
3.3860000000,62.3744497097
3.3870000000,54.2583124241
3.3880000000,43.6914288850
3.3890000000,31.1487540735
3.3900000000,17.1952039835
3.3910000000,2.4603026985
3.3920000000,-12.3901601544
3.3930000000,-26.6841883490
3.3940000000,-39.7739985689
3.3950000000,-51.0654231202
3.3960000000,-60.0449593355
3.3970000000,-66.3032308263
3.3980000000,-69.5537839238
3.3990000000,-69.6463504474
3.4000000000,-66.5739561407
3.4010000000,-60.4735316484
3.4020000000,-51.6199772698
3.4030000000,-40.4139306097
3.4040000000,-27.3637740905
3.4050000000,-13.0626839189
3.4060000000,1.8382486719
3.4070000000,16.6596098945
3.4080000000,30.7246270414
3.4090000000,43.3900929576
3.4100000000,54.0758374575
3.4110000000,62.2913928821
3.4120000000,67.6586242806
3.4130000000,69.9292748444
3.4140000000,68.9966062522
3.4150000000,64.9005812311
3.4160000000,57.8263298275
3.4170000000,48.0959482203
3.4180000000,36.1539853560
3.4190000000,22.5472641437
3.4200000000,7.8999469411
3.4210000000,-7.1150226611
3.4220000000,-21.8067986139
3.4230000000,-35.4984167612
3.4240000000,-47.5580226797
3.4250000000,-57.4281010468
3.4260000000,-64.6513513394
3.4270000000,-68.8920043908
3.4280000000,-69.9515804086
3.4290000000,-67.7783422390
3.4300000000,-62.4699864687
3.4310000000,-54.2694261905
3.4320000000,-43.5538386323
3.4330000000,-30.8174635743
3.4340000000,-16.6489300558
3.4350000000,-1.7041456353
3.4360000000,13.3240076519
3.4370000000,27.7377734876
3.4380000000,40.8669317272
3.4390000000,52.1000131927
3.4400000000,60.9128628269
3.4410000000,66.8932131771
3.4420000000,69.7601109680
3.4430000000,69.3772750305
3.4440000000,65.7597433809
3.4450000000,59.0734779427
3.4460000000,49.6279229399
3.4470000000,37.8618421315
3.4480000000,24.3230754265
3.4490000000,9.6431422047
3.4500000000,-5.4921367010
3.4510000000,-20.3746355876
3.4520000000,-34.3070484590
3.4530000000,-46.6355925490
3.4540000000,-56.7807556730
3.4550000000,-64.2646383272
3.4560000000,-68.7335959103
3.4570000000,-69.9751024035
3.4580000000,-67.9280244477
3.4590000000,-62.6858016723
3.4600000000,-54.4923611097
3.4610000000,-43.7309350432
3.4620000000,-30.9062866587
3.4630000000,-16.6211605534
3.4640000000,-1.5480506468
3.4650000000,13.6023968477
3.4660000000,28.1148638829
3.4670000000,41.3031484195
3.4680000000,52.5426631637
3.4690000000,61.3001037367
3.4700000000,67.1588730298
3.4710000000,69.8390442225
3.4720000000,69.2108992018
3.4730000000,65.3013801647
3.4740000000,58.2931259421
3.4750000000,48.5161153782
3.4760000000,36.4322913369
3.4770000000,22.6138739113
3.4780000000,7.7163741534
3.4790000000,-7.5524244311
3.4800000000,-22.4660526865
3.4810000000,-36.3139191766
3.4820000000,-48.4352059077
3.4830000000,-58.2504779105
3.4840000000,-65.2894912469
3.4850000000,-69.2138598692
3.4860000000,-69.8334823776
3.4870000000,-67.1159239016
3.4880000000,-61.1882822698
3.4890000000,-52.3314255368
3.4900000000,-40.9668527818
3.4910000000,-27.6367844366
3.4920000000,-12.9784152023
3.4930000000,2.3064539444
3.4940000000,17.4849618741
3.4950000000,31.8283108173
3.4960000000,44.6467847983
3.4970000000,55.3229793323
3.4980000000,63.3416385228
3.4990000000,68.3146530240
3.5000000000,70.0000000000
3.5010000000,68.3136935800
3.5020000000,63.3341478223
3.5030000000,55.2987179785
3.5040000000,44.5925624928
3.5050000000,31.7303395431
3.5060000000,17.3316000621
3.5070000000,2.0910471162
3.5080000000,-13.2549158143
3.5090000000,-27.9637402327
3.5100000000,-41.3226764549
3.5110000000,-52.6833654704
3.5120000000,-61.4933975478
3.5130000000,-67.3232972457
3.5140000000,-69.8876107928
3.5150000000,-69.0590533480
3.5160000000,-64.8750070505
3.5170000000,-57.5360300717
3.5180000000,-47.3964242865
3.5190000000,-34.9472959145
3.5200000000,-20.7929107104
3.5210000000,-5.6214750000
3.5220000000,9.8282501793
3.5230000000,24.8028861046
3.5240000000,38.5711783494
3.5250000000,50.4597517692
3.5260000000,59.8861281788
3.5270000000,66.3873838209
3.5280000000,69.6430310793
3.5290000000,69.4909864266
3.5300000000,65.9358210496
3.5310000000,59.1488658539
3.5320000000,49.4601404005
3.5330000000,37.3424763574
3.5340000000,23.3885905877
3.5350000000,8.2822120688
3.5360000000,-7.2353368808
3.5370000000,-22.4014759260
3.5380000000,-36.4698399781
3.5390000000,-48.7470492441
3.5400000000,-58.6269628029
3.5410000000,-65.6207198286
3.5420000000,-69.3810740928
3.5430000000,-69.7198034765
3.5440000000,-66.6173136331
3.5450000000,-60.2239372964
3.5460000000,-50.8528393335
3.5470000000,-38.9648524142
3.5480000000,-25.1459686251
3.5490000000,-10.0785785821
3.5500000000,5.4921367009
3.5510000000,20.7950105569
3.5520000000,35.0710768457
3.5530000000,47.6112472224
3.5540000000,57.7916075112
3.5550000000,65.1045726408
3.5560000000,69.1843390082
3.5570000000,69.8253510315
3.5580000000,66.9928415641
3.5590000000,60.8248970173
3.5600000000,51.6259182151
3.5610000000,39.8517763753
3.5620000000,26.0873788509
3.5630000000,11.0177405923
3.5640000000,-4.6060144971
3.5650000000,-20.0040397017
3.5660000000,-34.4066810863
3.5670000000,-47.0929812620
3.5680000000,-57.4268435910
3.5690000000,-64.8890392221
3.5700000000,-69.1034409796
3.5710000000,-69.8561516122
3.5720000000,-67.1065453959
3.5730000000,-60.9896442795
3.5740000000,-51.8096826922
3.5750000000,-40.0251572159
3.5760000000,-26.2260863583
3.5770000000,-11.1046000318
3.5780000000,4.5796819827
3.5790000000,20.0377556784
3.5800000000,34.4909139084
3.5810000000,47.2100079356
3.5820000000,57.5523084021
3.5830000000,64.9940986235
3.5840000000,69.1573418086
3.5850000000,69.8290571342
3.5860000000,66.9724031682
3.5870000000,60.7288828468
3.5880000000,51.4115313121
3.5890000000,39.4894038937
3.5900000000,25.5641233324
3.5910000000,10.3396505233
3.5920000000,-5.4132091193
3.5930000000,-20.8957790169
3.5940000000,-35.3219967591
3.5950000000,-47.9583597752
3.5960000000,-58.1612997329
3.5970000000,-65.4100774735
3.5980000000,-69.3335113180
3.5990000000,-69.7291594107
3.6000000000,-66.5739561407
3.6010000000,-60.0257345923
3.6020000000,-50.4155296509
3.6030000000,-38.2310263596
3.6040000000,-24.0919714387
3.6050000000,-8.7187792947
3.6060000000,7.1040839460
3.6070000000,22.5680821471
3.6080000000,36.8819215243
3.6090000000,49.3120831432
3.6100000000,59.2204973967
3.6110000000,66.0974212965
3.6120000000,69.5878184135
3.6130000000,69.5098685168
3.6140000000,65.8646330011
3.6150000000,58.8363529135
3.6160000000,48.7833358565
3.6170000000,36.2198717459
3.6180000000,21.7900804701
3.6190000000,6.2350129980
3.6200000000,-9.6453203479
3.6210000000,-25.0330533536
3.6220000000,-39.1345896092
3.6230000000,-51.2215806527
3.6240000000,-60.6686382414
3.6250000000,-66.9858235013
3.6260000000,-69.8442185774
3.6270000000,-69.0932379619
3.6280000000,-64.7687591429
3.6290000000,-57.0916240643
3.6300000000,-46.4565599003
3.6310000000,-33.4120642009
3.6320000000,-18.6322698092
3.6330000000,-2.8822245594
3.6340000000,13.0216323704
3.6350000000,28.2537598076
3.6360000000,42.0223810473
3.6370000000,53.6107010308
3.6380000000,62.4143256910
3.6390000000,67.9729248872
3.6400000000,69.9944730943
3.6410000000,68.3707827351
3.6420000000,63.1834943317
3.6430000000,54.7001823648
3.6440000000,43.3607502891
3.6450000000,29.7547957568
3.6460000000,14.5911012189
3.6470000000,-1.3391792448
3.6480000000,-17.2037307806
3.6490000000,-32.1725433417
3.6500000000,-45.4613633831
3.6510000000,-56.3728557322
3.6520000000,-64.3333116197
3.6530000000,-68.9229647244
3.6540000000,-69.8983055684
3.6550000000,-67.2051989293
3.6560000000,-60.9820877544
3.6570000000,-51.5530854889
3.6580000000,-39.4112896985
3.6590000000,-25.1931654963
3.6600000000,-9.6453203479
3.6610000000,6.4146027678
3.6620000000,22.1408708245
3.6630000000,36.7041921997
3.6640000000,49.3354898402
3.6650000000,59.3666035975
3.6660000000,66.2657631791
3.6670000000,69.6659418423
3.6680000000,69.3845706481
3.6690000000,65.4335447096
3.6700000000,58.0189628833
3.6710000000,47.5305840237
3.6720000000,34.5215276942
3.6730000000,19.6792662404
3.6740000000,3.7894207196
3.6750000000,-12.3057395954
3.6760000000,-27.7519064989
3.6770000000,-41.7280904136
3.6780000000,-53.4903176264
3.6790000000,-62.4113384104
3.6800000000,-68.0142213040
3.6810000000,-69.9980268434
3.6820000000,-68.2541696025
3.6830000000,-62.8725687939
3.6840000000,-54.1372290644
3.6850000000,-42.5114558160
3.6860000000,-28.6134634602
3.6870000000,-13.1836508271
3.6880000000,2.9547322452
3.6890000000,18.9394436747
3.6900000000,33.9153003591
3.6910000000,47.0799634140
3.6920000000,57.7270045908
3.6930000000,65.2839381234
3.6940000000,69.3431640553
3.6950000000,69.6841421541
3.6960000000,66.2855803050
3.6970000000,59.3269532590
3.6980000000,49.1792385029
3.6990000000,36.3853353113
3.7000000000,21.6311896062
3.7010000000,5.7091510241
3.7020000000,-10.5244877904
3.7030000000,-26.1954993808
3.7040000000,-40.4588077112
3.7050000000,-52.5441161944
3.7060000000,-61.7976110960
3.7070000000,-67.7174771645
3.7080000000,-69.9812886954
3.7090000000,-68.4637715990
3.7100000000,-63.2439475103
3.7110000000,-54.6012420382
3.7120000000,-43.0007352412
3.7130000000,-29.0683211584
3.7140000000,-13.5570927795
3.7150000000,2.6932507757
3.7160000000,18.8017932654
3.7170000000,33.8941369608
3.7180000000,47.1498993605
3.7190000000,57.8473894054
3.7200000000,65.4030259720
3.7210000000,69.4033389391
3.7220000000,69.6277893184
3.7230000000,66.0611387592
3.7240000000,58.8946637326
3.7250000000,48.5161153782
3.7260000000,35.4889395092
3.7270000000,20.5218591725
3.7280000000,4.4304522168
3.7290000000,-11.9072006741
3.7300000000,-27.5983907040
3.7310000000,-41.7845706400
3.7320000000,-53.6883925189
3.7330000000,-62.6564131147
3.7340000000,-68.1951152539
3.7350000000,-69.9982512368
3.7360000000,-67.9639835652
3.7370000000,-62.2008526649
3.7380000000,-53.0222112556
3.7390000000,-40.9293972287
3.7400000000,-26.5845366865
3.7410000000,-10.7744420398
3.7420000000,5.6324349913
3.7430000000,21.7336465794
3.7440000000,36.6423780558
3.7450000000,49.5363346385
3.7460000000,59.7031885137
3.7470000000,66.5800695543
3.7480000000,69.7849029726
3.7490000000,69.1378397902
3.7500000000,64.6715672758
3.7510000000,56.6298969710
3.7520000000,45.4546741440
3.7530000000,31.7616988806
3.7540000000,16.3069597567
3.7550000000,-0.0549778658
3.7560000000,-16.4181457155
3.7570000000,-31.8753091488
3.7580000000,-45.5682935038
3.7590000000,-56.7357073270
3.7600000000,-64.7554044784
3.7610000000,-69.1793103157
3.7620000000,-69.7586535179
3.7630000000,-66.4581720769
3.7640000000,-59.4584707206
3.7650000000,-49.1463640029
3.7660000000,-36.0937081173
3.7670000000,-21.0258679193
3.7680000000,-4.7815476833
3.7690000000,11.7337979991
3.7700000000,27.5983907040
3.7710000000,41.9255863275
3.7720000000,53.9134918844
3.7730000000,62.8899610368
3.7740000000,68.3504374577
3.7750000000,69.9865068337
3.7760000000,67.7035313837
3.7770000000,61.6263470107
3.7780000000,52.0926690333
3.7790000000,39.6345407657
3.7800000000,24.9488315099
3.7810000000,8.8584089361
3.7820000000,-7.7338596113
3.7830000000,-23.8957118260
3.7840000000,-38.7178682513
3.7850000000,-51.3652407904
3.7860000000,-61.1240852781
3.7870000000,-67.4424300990
3.7880000000,-69.9614827037
3.7890000000,-68.5362168233
3.7900000000,-63.2439475103
3.7910000000,-54.3803752020
3.7920000000,-42.4432860282
3.7930000000,-28.1047938196
3.7940000000,-12.1736601873
3.7950000000,4.4502043909
3.7960000000,20.8265057911
3.7970000000,36.0277381216
3.7980000000,49.1917564923
3.7990000000,59.5707686156
3.8000000000,66.5739561407
3.8010000000,69.8012886361
3.8020000000,69.0665849180
3.8030000000,64.4084806601
3.8040000000,56.0886440658
3.8050000000,44.5773043469
3.8060000000,30.5268798755
3.8070000000,14.7351730348
3.8080000000,-1.8998019332
3.8090000000,-18.4308079310
3.8100000000,-33.9153003591
3.8110000000,-47.4692015471
3.8120000000,-58.3174646060
3.8130000000,-65.8385299652
3.8140000000,-69.6001169776
3.8150000000,-69.3842796451
3.8160000000,-65.2002625571
3.8170000000,-57.2843863283
3.8180000000,-46.0869318702
3.8190000000,-32.2467375261
3.8200000000,-16.5549297917
3.8210000000,0.0901636842
3.8220000000,16.7343572407
3.8230000000,32.4222770829
3.8240000000,46.2522274886
3.8250000000,57.4281010468
3.8260000000,65.3053399149
3.8270000000,69.4282871725
3.8280000000,69.5567538960
3.8290000000,65.6802412499
3.8300000000,58.0189628833
3.8310000000,47.0115709420
3.8320000000,33.2902555639
3.8330000000,17.6446186210
3.8340000000,0.9763753345
3.8350000000,-15.7525258321
3.8360000000,-31.5753854516
3.8370000000,-45.5766396671
3.8380000000,-56.9449188871
3.8390000000,-65.0201993248
3.8400000000,-69.3322997988
3.8410000000,-69.6284684498
3.8420000000,-65.8884289486
3.8430000000,-58.3259776997
3.8440000000,-47.3770010127
3.8450000000,-33.6745693151
3.8460000000,-18.0125184693
3.8470000000,-1.2996022099
3.8480000000,15.4931449145
3.8490000000,31.3887907708
3.8500000000,45.4613633831
3.8510000000,56.8898728855
3.8520000000,65.0063415076
3.8530000000,69.3350241775
3.8540000000,69.6205067690
3.8550000000,65.8430104255
3.8560000000,58.2199719097
3.8570000000,47.1937686616
3.8580000000,33.4062667537
3.8590000000,17.6616429079
3.8600000000,0.8796227918
3.8610000000,-15.9581538960
3.8620000000,-31.8655193232
3.8630000000,-45.9095618666
3.8640000000,-57.2654217572
3.8650000000,-65.2648748754
3.8660000000,-69.4358353710
3.8670000000,-69.5304315039
3.8680000000,-65.5399726739
3.8690000000,-57.6958906461
3.8700000000,-46.4565599003
3.8710000000,-32.4807327387
3.8720000000,-16.5891153753
3.8730000000,0.2836850401
3.8740000000,17.1440375030
3.8750000000,32.9977715778
3.8760000000,46.9088288081
3.8770000000,58.0546194062
3.8780000000,65.7748055426
3.8790000000,69.6106100454
3.8800000000,69.3322997988
3.8810000000,64.9531847872
3.8820000000,56.7292662481
3.8830000000,45.1445142768
3.8840000000,30.8826065352
3.8850000000,14.7867650016
3.8860000000,-2.1899609992
3.8870000000,-19.0410425458
3.8880000000,-34.7661233296
3.8890000000,-48.4304426530
3.8900000000,-59.2204973967
3.8910000000,-66.4926229995
3.8920000000,-69.8115836695
3.8930000000,-68.9768469963
3.8940000000,-64.0349437652
3.8950000000,-55.2771374853
3.8960000000,-43.2225012365
3.8970000000,-28.5873700657
3.8980000000,-12.2429533513
3.8990000000,4.8363956621
3.9000000000,21.6311896062
3.9010000000,37.1376470243
3.9020000000,50.4277330372
3.9030000000,60.7048067517
3.9040000000,67.3515325458
3.9050000000,69.9671645430
3.9060000000,68.3919406950
3.9070000000,62.7170880931
3.9080000000,53.2797991295
3.9090000000,40.6434378390
3.9100000000,25.5641233324
3.9110000000,8.9456593126
3.9120000000,-8.2145144464
3.9130000000,-24.8851240920
3.9140000000,-40.0630357998
3.9150000000,-52.8336780510
3.9160000000,-62.4262692689
3.9170000000,-68.2605089355
3.9180000000,-69.9818938465
3.9190000000,-67.4834978168
3.9200000000,-60.9128628269
3.9210000000,-50.6635439943
3.9220000000,-37.3517762042
3.9230000000,-21.7796309312
3.9240000000,-4.8868531686
3.9250000000,12.3057395954
3.9260000000,28.7578941873
3.9270000000,43.4728760116
3.9280000000,55.5579303481
3.9290000000,64.2785788229
3.9300000000,69.1034409796
3.9310000000,69.7368349004
3.9320000000,66.1371437164
3.9330000000,58.5197928086
3.9340000000,47.3446139283
3.9350000000,33.2883210408
3.9360000000,17.2037307806
3.9370000000,0.0681725498
3.9380000000,-17.0758003733
3.9390000000,-33.1838080556
3.9400000000,-47.2732965685
3.9410000000,-58.4835649539
3.9420000000,-66.1284938434
3.9430000000,-69.7387365665
3.9440000000,-69.0907665719
3.9450000000,-64.2209696404
3.9460000000,-55.4238777955
3.9470000000,-43.2346089406
3.9480000000,-28.3965431045
3.9490000000,-11.8161735784
3.9500000000,5.4921367010
3.9510000000,22.4681354534
3.9520000000,38.0706158386
3.9530000000,51.3413298439
3.9540000000,61.4639540804
3.9550000000,67.8144728068
3.9560000000,69.9998585094
3.9570000000,67.8826396280
3.9580000000,61.5898052299
3.9590000000,51.5054553071
3.9600000000,38.2476042714
3.9610000000,22.6305227848
3.9620000000,5.6148989386
3.9630000000,-11.7511416200
3.9640000000,-28.3965431045
3.9650000000,-43.2933880368
3.9660000000,-55.5204508486
3.9670000000,-64.3203028514
3.9680000000,-69.1464206053
3.9690000000,-69.6973564572
3.9700000000,-65.9358210496
3.9710000000,-58.0914547556
3.9720000000,-46.6470713937
3.9730000000,-32.3091811982
3.9740000000,-15.9645774438
3.9750000000,1.3743584722
3.9760000000,18.6322698092
3.9770000000,34.7374887825
3.9780000000,48.6886217331
3.9790000000,59.6169159897
3.9800000000,66.8405181323
3.9810000000,69.9072252610
3.9820000000,68.6230362048
3.9830000000,63.0646853195
3.9840000000,53.5753337925
3.9850000000,40.7436408060
3.9860000000,25.3674743948
3.9870000000,8.4044845919
3.9880000000,-9.0874109842
3.9890000000,-26.0159388316
3.9900000000,-41.3226764549
3.9910000000,-54.0492954961
3.9920000000,-63.3976912120
3.9930000000,-68.7802176515
3.9940000000,-69.8568553025
3.9950000000,-66.5569465127
3.9960000000,-59.0840938047
3.9970000000,-47.9038677282
3.9980000000,-33.7150485247
3.9990000000,-17.4061620673
4.0000000000,-0.0000000000
4.0010000000,17.4104221186
4.0020000000,33.7304653170
4.0030000000,47.9327232711
4.0040000000,59.1218008325
4.0050000000,66.5909247024
4.0060000000,69.8667973171
4.0070000000,68.7398345102
4.0080000000,63.2778400842
4.0090000000,53.8222092334
4.0100000000,40.9668527818
4.0110000000,25.5211261845
4.0120000000,8.4590621636
4.0130000000,-9.1419208001
4.0140000000,-26.1689859613
4.0150000000,-41.5442387205
4.0160000000,-54.2930315615
4.0170000000,-63.6058809973
4.0180000000,-68.8900549193
4.0190000000,-69.8075310647
4.0200000000,-66.2968813496
4.0210000000,-58.5776492422
4.0220000000,-47.1368945327
4.0230000000,-32.6987118504
4.0240000000,-16.1786142078
4.0250000000,1.3743584722
4.0260000000,18.8441556146
4.0270000000,35.1186459839
4.0280000000,49.1604556944
4.0290000000,60.0731999025
4.0300000000,67.1588730298
4.0310000000,69.9627127526
4.0320000000,68.3026405898
4.0330000000,62.2813574364
4.0340000000,52.2802742834
4.0350000000,38.9356167415
4.0360000000,23.0981829923
4.0370000000,5.7792853589
4.0380000000,-11.9137018182
4.0390000000,-28.8480887206
4.0400000000,-43.9383952903
4.0410000000,-56.2160109587
4.0420000000,-64.8915135666
4.0430000000,-69.4056288827
4.0440000000,-69.4655285245
4.0450000000,-65.0640952363
4.0460000000,-56.4808714475
4.0470000000,-44.2645805735
4.0480000000,-29.1982955062
4.0490000000,-12.2494489522
4.0500000000,5.4921367009
4.0510000000,22.8842403668
4.0520000000,38.8057648614
4.0530000000,52.2290598217
4.0540000000,62.2863759277
4.0550000000,68.3261453158
4.0560000000,69.9554263338
4.0570000000,67.0657330297
4.0580000000,59.8405349349
4.0590000000,48.7438926835
4.0600000000,34.4909139084
4.0610000000,18.0018929400
4.0620000000,0.3430605445
4.0630000000,-17.3422530621
4.0640000000,-33.9076050464
4.0650000000,-48.2777915919
4.0660000000,-59.5187403798
4.0670000000,-66.8983941281
4.0680000000,-69.9346061320
4.0690000000,-68.4269001902
4.0700000000,-62.4699864687
4.0710000000,-52.4481050026
4.0720000000,-39.0105134409
4.0730000000,-23.0296644908
4.0740000000,-5.5447511921
4.0750000000,12.3057395954
4.0760000000,29.3580967353
4.0770000000,44.4992626393
4.0780000000,56.7395713024
4.0790000000,65.2775878305
4.0800000000,69.5527917364
4.0810000000,69.2826274598
4.0820000000,64.4814569943
4.0830000000,55.4601259479
4.0840000000,42.8061194793
4.0850000000,27.3455558459
4.0860000000,10.0894594652
4.0870000000,-7.8322061782
4.0880000000,-25.2444515235
4.0890000000,-41.0042905041
4.0900000000,-54.0758374575
4.0910000000,-63.5985331225
4.0920000000,-68.9439974256
4.0930000000,-69.7577403740
4.0940000000,-65.9829465992
4.0950000000,-57.8647201982
4.0960000000,-45.9344581308
4.0970000000,-30.9753285845
4.0980000000,-13.9710792704
4.0990000000,3.9584930115
4.1000000000,21.6311896062
4.1010000000,37.8803369639
4.1020000000,51.6318583451
4.1030000000,61.9753956021
4.1040000000,68.2247636314
4.1050000000,69.9637107500
4.1060000000,67.0739178810
4.1070000000,59.7433356240
4.1080000000,48.4542546240
4.1090000000,33.9518457785
4.1100000000,17.1952039835
4.1110000000,-0.7059039044
4.1120000000,-18.5644274132
4.1130000000,-35.1947115338
4.1140000000,-49.4912542561
4.1150000000,-60.5023086804
4.1160000000,-67.4934221597
4.1170000000,-69.9966589336
4.1180000000,-67.8421922037
4.1190000000,-61.1701151849
4.1200000000,-50.4216317422
4.1210000000,-36.3101589982
4.1220000000,-19.7742155493
4.1230000000,-1.9151900207
4.1240000000,16.0758963587
4.1250000000,32.9977715778
4.1260000000,47.7191516944
4.1270000000,59.2544754779
4.1280000000,66.8300580318
4.1290000000,69.9362117433
4.1300000000,68.3618083445
4.1310000000,62.2089208307
4.1320000000,51.8865113858
4.1330000000,38.0835329690
4.1340000000,21.7231941417
4.1350000000,3.9014062071
4.1360000000,-14.1864968692
4.1370000000,-31.3258747926
4.1380000000,-46.3643678609
4.1390000000,-58.2894731574
4.1400000000,-66.2968813496
4.1410000000,-69.8449508778
4.1420000000,-68.6916152462
4.1430000000,-62.9111909112
4.1440000000,-52.8898999492
4.1450000000,-39.3003531896
4.1460000000,-23.0566595867
4.1470000000,-5.2531403739
4.1480000000,12.9092570830
4.1490000000,30.2039070790
4.1500000000,45.4613633831
4.1510000000,57.6485292951
4.1520000000,65.9387742076
4.1530000000,69.7682270178
4.1540000000,68.8743979584
4.1550000000,63.3144657009
4.1560000000,53.4619366552
4.1570000000,39.9818460750
4.1580000000,23.7861270121
4.1590000000,5.9721244496
4.1600000000,-12.2516141283
4.1610000000,-29.6472631081
4.1620000000,-45.0318094182
4.1630000000,-57.3575962757
4.1640000000,-65.7838303759
4.1650000000,-69.7341610050
4.1660000000,-68.9363729831
4.1670000000,-63.4414418271
4.1680000000,-53.6205979324
4.1690000000,-40.1405422838
4.1700000000,-23.9184475524
4.1710000000,-6.0597635810
4.1720000000,12.2169698611
4.1730000000,29.6631992623
4.1740000000,45.0856635241
4.1750000000,57.4281010468
4.1760000000,65.8437569414
4.1770000000,69.7537020933
4.1780000000,68.8869322293
4.1790000000,63.2994513017
4.1800000000,53.3709757708
4.1810000000,39.7794272845
4.1820000000,23.4549061433
4.1830000000,5.5162520655
4.1840000000,-12.8054954635
4.1850000000,-30.2515112824
4.1860000000,-45.6216895110
4.1870000000,-57.8572940860
4.1880000000,-66.1140565038
4.1890000000,-69.8206625824
4.1900000000,-68.7185609982
4.1910000000,-62.8803011621
4.1920000000,-52.7050799149
4.1930000000,-38.8917447894
4.1940000000,-22.3910583280
4.1950000000,-4.3404656319
4.1960000000,14.0141738893
4.1970000000,31.4045148111
4.1980000000,46.6273919933
4.1990000000,58.6281643579
4.2000000000,66.5739561407
4.2010000000,69.9116974209
4.2020000000,68.4069031977
4.2030000000,62.1604529119
4.2040000000,51.6021495435
4.2050000000,37.4614447328
4.2060000000,20.7173025833
4.2070000000,2.5306296394
4.2080000000,-15.8360796194
4.2090000000,-33.1063294407
4.2100000000,-48.0783692581
4.2110000000,-59.7089282356
4.2120000000,-67.1860961125
4.2130000000,-69.9862465299
4.2140000000,-67.9109952324
4.2150000000,-61.1015650112
4.2160000000,-50.0294969264
4.2170000000,-35.4642945566
4.2180000000,-18.4202001109
4.2190000000,-0.0857654580
4.2200000000,18.2589054403
4.2210000000,35.3314893884
4.2220000000,49.9371212956
4.2230000000,61.0521419865
4.2240000000,67.8960383670
4.2250000000,69.9865068337
4.2260000000,67.1737378953
4.2270000000,59.6514647428
4.2280000000,47.9439407322
4.2290000000,32.8696972913
4.2300000000,15.4845664953
4.2310000000,-2.9920834549
4.2320000000,-21.2627599047
4.2330000000,-38.0429300745
4.2340000000,-52.1513863042
4.2350000000,-62.5935315450
4.2360000000,-68.6317034403
4.2370000000,-69.8375503262
4.2380000000,-66.1227220400
4.2390000000,-57.7456558666
4.2400000000,-45.2939173099
4.2410000000,-29.6432787769
4.2420000000,-11.8963651991
4.2430000000,6.6948524850
4.2440000000,24.8172805834
4.2450000000,41.1894329981
4.2460000000,54.6521212979
4.2470000000,64.2506815943
4.2480000000,69.3028949249
4.2490000000,69.4477534356
4.2500000000,64.6715672758
4.2510000000,55.3095029860
4.2520000000,42.0223810473
4.2530000000,25.7503154906
4.2540000000,7.6464274586
4.2550000000,-11.0047101725
4.2560000000,-28.8781407616
4.2570000000,-44.7026542911
4.2580000000,-57.3512925707
4.2590000000,-65.9217793310
4.2600000000,-69.8011230182
4.2610000000,-68.7097500399
4.2620000000,-62.7219708715
4.2630000000,-52.2612591443
4.2640000000,-38.0706158386
4.2650000000,-21.1600695615
4.2660000000,-2.7350025379
4.2670000000,15.8896272437
4.2680000000,33.3830739981
4.2690000000,48.4939173284
4.2700000000,60.1397006892
4.2710000000,67.4846663857
4.2720000000,69.9999911568
4.2730000000,67.5021629457
4.2740000000,60.1666927515
4.2750000000,48.5161153782
4.2760000000,33.3830739981
4.2770000000,15.8510739403
4.2780000000,-2.8228977814
4.2790000000,-21.2983754061
4.2800000000,-38.2476042714
4.2810000000,-52.4510177477
4.2820000000,-62.8851318752
4.2830000000,-68.7965132299
4.2840000000,-69.7564590809
4.2850000000,-65.6924020364
4.2860000000,-56.8937166743
4.2870000000,-43.9914442133
4.2880000000,-27.9133311422
4.2890000000,-9.8173634021
4.2900000000,8.9914601140
4.2910000000,27.1551460229
4.2920000000,43.3607502891
4.2930000000,56.4353694348
4.2940000000,65.4312006011
4.2950000000,69.6944899025
4.2960000000,68.9133363777
4.2970000000,63.1408352391
4.2980000000,52.7918206047
4.2990000000,38.6133766907
4.3000000000,21.6311896062
4.3010000000,3.0755712926
4.3020000000,-15.7075255286
4.3030000000,-33.3540763821
4.3040000000,-48.5810699482
4.3050000000,-60.2799093177
4.3060000000,-67.5973218308
4.3070000000,-69.9978582722
4.3080000000,-67.3033847490
4.3090000000,-59.7066325236
4.3100000000,-47.7577526377
4.3110000000,-32.3247870166
4.3120000000,-14.5308729120
4.3130000000,4.3272962558
4.3140000000,22.8738486862
4.3150000000,39.7540902563
4.3160000000,53.7335210943
4.3170000000,63.7882709145
4.3180000000,69.1803172832
4.3190000000,69.5119445755
4.3200000000,64.7554044784
4.3210000000,55.2555430257
4.3220000000,41.7051332720
4.3230000000,25.0946527882
4.3240000000,6.6401245774
4.3250000000,-12.3057395954
4.3260000000,-30.3526130793
4.3270000000,-46.1745953044
4.3280000000,-58.6077300545
4.3290000000,-66.7358213451
4.3300000000,-69.9582063848
4.3310000000,-68.0344536985
4.3320000000,-61.1026380079
4.3330000000,-49.6697793826
4.3340000000,-34.5750808268
4.3350000000,-16.9286054282
4.3360000000,1.9701467148
4.3370000000,20.7278052989
4.3380000000,37.9598221186
4.3390000000,52.3927235191
4.3400000000,62.9583676096
4.3410000000,68.8732193015
4.3420000000,69.6967433304
4.3430000000,65.3645427524
4.3440000000,56.1937266209
4.3450000000,42.8600394870
4.3460000000,26.3483759611
4.3470000000,7.8802810371
4.3480000000,-11.1762458742
4.3490000000,-29.4079966368
4.3500000000,-45.4613633831
4.3510000000,-58.1429375485
4.3520000000,-66.5084153363
4.3530000000,-69.9331728506
4.3540000000,-68.1592173728
4.3550000000,-61.3149628950
4.3560000000,-49.9062899737
4.3570000000,-34.7794834766
4.3580000000,-17.0587383917
4.3590000000,1.9371728420
4.3600000000,20.7929107104
4.3610000000,38.1019828173
4.3620000000,52.5717139219
4.3630000000,63.1199337494
4.3640000000,68.9561399190
4.3650000000,69.6410320350
4.3660000000,65.1199119403
4.3670000000,55.7273865222
4.3680000000,42.1629493271
4.3690000000,25.4391961409
4.3700000000,6.8064845746
4.3710000000,-12.3403759128
4.3720000000,-30.5664534742
4.3730000000,-46.5042457133
4.3740000000,-58.9563919581
4.3750000000,-66.9858235013
4.3760000000,-69.9865499760
4.3770000000,-67.7297148985
4.3780000000,-60.3813966168
4.3790000000,-48.4907454125
4.3800000000,-32.9492752516
4.3810000000,-14.9243024037
4.3820000000,4.2285210664
4.3830000000,23.0670412920
4.3840000000,40.1711641852
4.3850000000,54.2499748500
4.3860000000,64.2393297953
4.3870000000,69.3825321892
4.3880000000,69.2879560836
4.3890000000,63.9592089152
4.3900000000,53.7954842053
4.3910000000,39.5620035666
4.3920000000,22.3327095768
4.3930000000,3.4094776211
4.3940000000,-15.7760946846
4.3950000000,-33.7709242572
4.3960000000,-49.2105276501
4.3970000000,-60.9226124681
4.3980000000,-68.0163011208
4.3990000000,-69.9501801653
4.4000000000,-66.5739561407
4.4010000000,-58.1404882816
4.4020000000,-45.2872101576
4.4030000000,-28.9882766623
4.4040000000,-10.4810033716
4.4050000000,8.8278679925
4.4060000000,27.4689921808
4.4070000000,44.0222276697
4.4080000000,57.2249215088
4.4090000000,66.0684083095
4.4100000000,69.8753345695
4.4110000000,68.3518609437
4.4120000000,61.6106953684
4.4130000000,50.1631257618
4.4140000000,34.8805842506
4.4150000000,16.9286054282
4.4160000000,-2.3218393340
4.4170000000,-21.3989039964
4.4180000000,-38.8423624166
4.4190000000,-53.3154406605
4.4200000000,-63.7074179479
4.4210000000,-69.2191096154
4.4220000000,-69.4246350384
4.4230000000,-64.3046734756
4.4240000000,-54.2485850670
4.4250000000,-40.0251572159
4.4260000000,-22.7241460330
4.4270000000,-3.6730333409
4.4280000000,15.6646617402
4.4290000000,33.8017402515
4.4300000000,49.3417297760
4.4310000000,61.0865367246
4.4320000000,68.1290360732
4.4330000000,69.9234265896
4.4340000000,66.3278728431
4.4350000000,57.6160768180
4.4360000000,44.4568096792
4.4370000000,27.8629048335
4.4380000000,9.1135763975
4.4390000000,-10.3440004876
4.4400000000,-29.0062906695
4.4410000000,-45.4295831051
4.4420000000,-58.3417802471
4.4430000000,-66.7411289128
4.4440000000,-69.9742149125
4.4450000000,-67.7871279283
4.4460000000,-60.3457649896
4.4470000000,-48.2236223000
4.4480000000,-32.3579426001
4.4490000000,-13.9775438153
4.4500000000,5.4921367009
4.4510000000,24.5394619820
4.4520000000,41.6839358902
4.4530000000,55.5913578605
4.4540000000,65.1778292152
4.4550000000,69.6944899025
4.4560000000,68.7863412229
4.4570000000,62.5205093117
4.4580000000,51.3816720381
4.4590000000,36.2349253464
4.4600000000,18.2589054403
4.4610000000,-1.1456876839
4.4620000000,-20.4650846513
4.4630000000,-38.1904897110
4.4640000000,-52.9359714418
4.4650000000,-63.5469855423
4.4660000000,-69.1910200325
4.4670000000,-69.4232272881
4.4680000000,-64.2218445673
4.4690000000,-53.9905554713
4.4700000000,-39.5275265046
4.4710000000,-21.9634640802
4.4720000000,-2.6734732893
4.4730000000,16.8304312298
4.4740000000,35.0177737289
4.4750000000,50.4597517692
4.4760000000,61.9416240865
4.4770000000,68.5585009182
4.4780000000,69.7869651943
4.4790000000,65.5268322232
4.4800000000,56.1096889410
4.4810000000,42.2734594453
4.4820000000,25.1049171950
4.4830000000,5.9545954872
4.4840000000,-13.6692634553
4.4850000000,-32.2194081678
4.4860000000,-48.2315918244
4.4870000000,-60.4402772465
4.4880000000,-67.8788804770
4.4890000000,-69.9565955629
4.4900000000,-66.5056713371
4.4910000000,-57.7953298988
4.4920000000,-44.5111445503
4.4930000000,-27.7014253005
4.4940000000,-8.6947768848
4.4950000000,11.0047101725
4.4960000000,29.8363837408
4.4970000000,46.3066749457
4.4980000000,59.1076676971
4.4990000000,67.2211714977
4.5000000000,70.0000000000
4.5010000000,67.2199444307
4.5020000000,59.0982409398
4.5030000000,46.2769824989
4.5040000000,29.7727095478
4.5050000000,10.8961081784
4.5060000000,-8.8518645923
4.5070000000,-27.8992135100
4.5080000000,-44.7280336355
4.5090000000,-57.9955755997
4.5100000000,-66.6415838862
4.5110000000,-69.9733118825
4.5120000000,-67.7213744981
4.5130000000,-60.0619081215
4.5140000000,-47.6031861856
4.5150000000,-31.3376739520
4.5160000000,-12.5632721847
4.5170000000,7.2200253541
4.5180000000,26.4298503802
4.5190000000,43.5280098062
4.5200000000,57.1437475502
4.5210000000,66.1838338139
4.5220000000,69.9206249341
4.5230000000,68.0509783595
4.5240000000,60.7212254172
4.5250000000,48.5161153782
4.5260000000,32.4125316723
4.5270000000,13.7016136150
4.5280000000,-6.1145331876
4.5290000000,-25.4432935982
4.5300000000,-42.7295181587
4.5310000000,-56.5807354285
4.5320000000,-65.8795132705
4.5330000000,-69.8738873313
4.5340000000,-68.2385165904
4.5350000000,-61.1015650112
4.5360000000,-49.0350585492
4.5370000000,-33.0094076685
4.5380000000,-14.3156803572
4.5390000000,5.5381745525
4.5400000000,24.9488315099
4.5410000000,42.3470408866
4.5420000000,56.3245805886
4.5430000000,65.7484297225
4.5440000000,69.8528924364
4.5450000000,68.3021592161
4.5460000000,61.2181664788
4.5470000000,49.1714131820
4.5480000000,33.1353900543
4.5490000000,14.4082305950
4.5500000000,-5.4921367009
4.5510000000,-24.9508861943
4.5520000000,-42.3873042519
4.5530000000,-56.3832835885
4.5540000000,-65.7988509877
4.5550000000,-69.8653015316
4.5560000000,-68.2483078058
4.5570000000,-61.0757949992
4.5580000000,-48.9282274177
4.5590000000,-32.7920077013
4.5600000000,-13.9796986360
4.5610000000,5.9765066313
4.5620000000,25.4494395959
4.5630000000,42.8496065274
4.5640000000,56.7550221636
4.5650000000,66.0276148618
4.5660000000,69.9066584788
4.5670000000,68.0715374683
4.5680000000,60.6686382414
4.5690000000,48.3000805881
4.5700000000,31.9751204034
4.5710000000,13.0281145027
4.5720000000,-6.9903109685
4.5730000000,-26.4400317506
4.5740000000,-43.7257833604
4.5750000000,-57.4281010468
4.5760000000,-66.4200866698
4.5770000000,-69.9603807947
4.5780000000,-67.7546458497
4.5790000000,-59.9804323752
4.5800000000,-47.2732965685
4.5810000000,-30.6752186025
4.5820000000,-11.5494764717
4.5830000000,8.5310965631
4.5840000000,27.9133311422
4.5850000000,44.9998120059
4.5860000000,58.3806373614
4.5870000000,66.9499711721
4.5880000000,69.9977361618
4.5890000000,67.2688200666
4.5900000000,58.9848288512
4.5910000000,45.8265007199
4.5920000000,28.8781407616
4.5930000000,9.5385801784
4.5940000000,-10.5940542111
4.5950000000,-29.8542866773
4.5960000000,-46.6470713937
4.5970000000,-59.5800056184
4.5980000000,-67.5790086665
4.5990000000,-69.9778379513
4.6000000000,-66.5739561407
4.6010000000,-57.6460343160
4.6020000000,-43.9315472314
4.6030000000,-26.5662264649
4.6040000000,-6.9903109685
4.6050000000,13.1706920321
4.6060000000,32.2408817600
4.6070000000,48.6332919168
4.6080000000,60.9820877544
4.6090000000,68.2566091548
4.6100000000,69.8477179020
4.6110000000,65.6191884556
4.6120000000,55.9197753389
4.6130000000,41.5548576225
4.6140000000,23.7199306494
4.6150000000,3.9014062071
4.6160000000,-16.2470723498
4.6170000000,-35.0425249768
4.6180000000,-50.9132483555
4.6190000000,-62.5303969355
4.6200000000,-68.9195034170
4.6210000000,-69.5425584921
4.6220000000,-64.3437083483
4.6230000000,-53.7546564228
4.6240000000,-38.6592215863
4.6250000000,-20.3199274078
4.6260000000,-0.2726895526
4.6270000000,19.8016380003
4.6280000000,38.2181303151
4.6290000000,53.4292724468
4.6300000000,64.1551695335
4.6310000000,69.4915157305
4.6320000000,68.9861912305
4.6330000000,62.6779701670
4.6340000000,51.0939926469
4.6350000000,35.2061165757
4.6360000000,16.3497287534
4.6370000000,-3.8882319581
4.6380000000,-23.8026723492
4.6390000000,-41.7139637653
4.6400000000,-56.1096889410
4.6410000000,-65.7725478736
4.6420000000,-69.8835893447
4.6430000000,-68.0919890828
4.6440000000,-60.5453985357
4.6450000000,-47.8782054965
4.6460000000,-31.1586006593
4.6470000000,-11.7988327467
4.6480000000,8.5638364454
4.6490000000,28.2054632065
4.6500000000,45.4613633831
4.6510000000,58.8673107196
4.6520000000,67.2840065782
4.6530000000,69.9942215890
4.6540000000,66.7642999490
4.6550000000,57.8647201982
4.6560000000,44.0478697970
4.6570000000,26.4848220269
4.6580000000,6.6663944863
4.6590000000,-13.7231786982
4.6600000000,-32.9492752516
4.6610000000,-49.3744766532
4.6620000000,-61.5981642035
4.6630000000,-68.5762064006
4.6640000000,-69.7104888376
4.6650000000,-64.9005812311
4.6660000000,-54.5530451071
4.6670000000,-39.5474886262
4.6680000000,-21.1621657848
4.6690000000,-0.9653808179
4.6700000000,19.3181017854
4.6710000000,37.9542788889
4.6720000000,53.3482018233
4.6730000000,64.1806544950
4.6740000000,69.5214892306
4.6750000000,68.9098597663
4.6760000000,62.3944000165
4.6770000000,50.5298112755
4.6780000000,34.3300487398
4.6790000000,15.1820219799
4.6800000000,-5.2728763869
4.6810000000,-25.2793171292
4.6820000000,-43.1186352319
4.6830000000,-57.2565672718
4.6840000000,-66.4754180409
4.6850000000,-69.9792532659
4.6860000000,-67.4630047402
4.6870000000,-59.1394554353
4.6880000000,-45.7216827081
4.6890000000,-28.3623683919
4.6900000000,-8.5551059958
4.6910000000,11.9938738754
4.6920000000,31.5125638367
4.6930000000,48.3159955795
4.6940000000,60.9518321663
4.6950000000,68.3261453158
4.6960000000,69.7984637636
4.6970000000,65.2378050979
4.6980000000,55.0347548380
4.6990000000,40.0684456030
4.7000000000,21.6311896062
4.7010000000,1.3171920552
4.7020000000,-19.1150977727
4.7030000000,-37.8951301381
4.7040000000,-53.3937362335
4.7050000000,-64.2646383272
4.7060000000,-69.5616818815
4.7070000000,-68.8215566692
4.7080000000,-62.1047429880
4.7090000000,-49.9910286639
4.7100000000,-33.5298811851
4.7110000000,-14.1498856970
4.7120000000,6.4649679149
4.7130000000,26.5214592073
4.7140000000,44.2730980996
4.7150000000,58.1723108442
4.7160000000,67.0055811809
4.7170000000,69.9997263802
4.7180000000,66.8899729371
4.7190000000,57.9438040820
4.7200000000,43.9383952904
4.7210000000,26.0935008147
4.7220000000,5.9655511328
4.7230000000,-14.6878730390
4.7240000000,-34.0614094037
4.7250000000,-50.4597517692
4.7260000000,-62.4461555153
4.7270000000,-68.9685888741
4.7280000000,-69.4524302732
4.7290000000,-63.8515128141
4.7300000000,-52.6529455945
4.7310000000,-36.8351824357
4.7320000000,-17.7829085973
4.7330000000,2.8338843763
4.7340000000,23.2061011300
4.7350000000,41.5442387205
4.7360000000,56.2356602940
4.7370000000,65.9866170516
4.7380000000,69.9364930158
4.7390000000,67.7341569623
4.7400000000,59.5696137256
4.7410000000,46.1580648246
4.7420000000,28.6776730122
4.7430000000,8.6664090619
4.7440000000,-12.1130185739
4.7450000000,-31.8283108173
4.7460000000,-48.7391574817
4.7470000000,-61.3510000360
4.7480000000,-68.5473800125
4.7490000000,-69.6891305328
4.7500000000,-64.6715672758
4.7510000000,-53.9345251991
4.7520000000,-38.4242448109
4.7530000000,-19.5103704774
4.7540000000,1.1346935684
4.7550000000,21.6834699921
4.7560000000,40.3151132743
4.7570000000,55.3768301028
4.7580000000,65.5306990020
4.7590000000,69.8728295533
4.7600000000,68.0142213040
4.7610000000,60.1160545887
4.7620000000,46.8761738119
4.7630000000,29.4678525706
4.7640000000,9.4361755089
4.7650000000,-11.4388439397
4.7660000000,-31.3003061295
4.7670000000,-48.3796078435
4.7680000000,-61.1540709146
4.7690000000,-68.4829559864
4.7700000000,-69.7096890844
4.7710000000,-64.7211084788
4.7720000000,-53.9583484766
4.7730000000,-38.3782782623
4.7740000000,-19.3688254054
4.7750000000,1.3743584722
4.7760000000,21.9989579989
4.7770000000,40.6613404610
4.7780000000,55.6914345663
4.7790000000,65.7423898012
4.7800000000,69.9115869624
4.7810000000,67.8220993909
4.7820000000,59.6572177178
4.7830000000,46.1448371605
4.7840000000,28.4929926578
4.7850000000,8.2822120688
4.7860000000,-12.6757525179
4.7870000000,-32.5002115484
4.7880000000,-49.4103176224
4.7890000000,-61.8851903011
4.7900000000,-68.8009754693
4.7910000000,-69.5324636491
4.7920000000,-64.0100462218
4.7930000000,-52.7267826554
4.7940000000,-36.6948289545
4.7950000000,-17.3550360974
4.7960000000,3.5522432233
4.7970000000,24.1435831098
4.7980000000,42.5621048069
4.7990000000,57.1450176707
4.8000000000,66.5739561407
4.8010000000,69.9945006939
4.8020000000,67.0940175411
4.8030000000,58.1306889188
4.8040000000,43.9109988925
4.8050000000,25.7175936134
4.8060000000,5.1939298212
4.8070000000,-15.8039463539
4.8080000000,-35.3751442513
4.8090000000,-51.7460468223
4.8100000000,-63.4312147155
4.8110000000,-69.3684637999
4.8120000000,-69.0158067877
4.8130000000,-62.4013768049
4.8140000000,-50.1216947996
4.8150000000,-33.2883210408
4.8160000000,-13.4276201378
4.8170000000,7.6573571408
4.8180000000,28.0504035008
4.8190000000,45.8962796900
4.8200000000,59.5696137256
4.8210000000,67.8231878320
4.8220000000,69.9020621272
4.8230000000,65.6130603730
4.8240000000,55.3431836136
4.8250000000,40.0251572159
4.8260000000,21.0531345247
4.8270000000,0.1561370254
4.8280000000,-20.7593103761
4.8290000000,-39.7830462319
4.8300000000,-55.1757928393
4.8310000000,-65.5283791288
4.8320000000,-69.8910716200
4.8330000000,-67.8611145523
4.8340000000,-59.6203732486
4.8350000000,-45.9195215960
4.8360000000,-28.0101013619
4.8370000000,-7.5305612803
4.8380000000,13.6433811417
4.8390000000,33.5704126596
4.8400000000,50.4216317422
4.8410000000,62.6485667653
4.8420000000,69.1257550021
4.8430000000,69.2547281173
4.8440000000,63.0197614485
4.8450000000,50.9901532423
4.8460000000,34.2687038243
4.8470000000,14.3910139319
4.8480000000,-6.8152392973
4.8490000000,-27.3981803606
4.8500000000,-45.4613633831
4.8510000000,-59.3386221517
4.8520000000,-67.7480108345
4.8530000000,-69.9105897307
4.8540000000,-65.6230164024
4.8550000000,-55.2771374853
4.8560000000,-39.8246528349
4.8570000000,-20.6899931311
4.8580000000,0.3606532410
4.8590000000,21.3821526043
4.8600000000,40.4300892396
4.8610000000,55.7406918877
4.8620000000,65.8943675317
4.8630000000,69.9476604762
4.8640000000,67.5213399075
4.8650000000,58.8363529135
4.8660000000,44.6941923033
4.8670000000,26.4033757657
4.8680000000,5.6587384029
4.8690000000,-15.6153607395
4.8700000000,-35.4434365147
4.8710000000,-51.9823525029
4.8720000000,-63.6928297484
4.8730000000,-69.4830139487
4.8740000000,-68.8106827439
4.8750000000,-61.7344885044
4.8760000000,-48.9093516718
4.8770000000,-31.5263087886
4.8780000000,-11.2022959336
4.8790000000,10.1699702449
4.8800000000,30.5981036656
4.8810000000,48.1757801729
4.8820000000,61.2607760292
4.8830000000,68.6286729897
4.8840000000,69.5878184135
4.8850000000,64.0447113877
4.8860000000,52.5135916625
4.8870000000,36.0692100658
4.8880000000,16.2470723498
4.8890000000,-5.0996238361
4.8900000000,-25.9730597166
4.8910000000,-44.4177287351
4.8920000000,-58.7037456201
4.8930000000,-67.4893379968
4.8940000000,-69.9472344873
4.8950000000,-65.8430104255
4.8960000000,-55.5579303481
4.8970000000,-40.0540186704
4.8980000000,-20.7845111190
4.8990000000,0.4420191488
4.9000000000,21.6311896062
4.9010000000,40.7901207645
4.9020000000,56.1149479448
4.9030000000,66.1608823971
4.9040000000,69.9787686329
4.9050000000,67.2051989293
4.9060000000,58.0975889646
4.9070000000,43.5107852184
4.9080000000,24.8172805834
4.9090000000,3.7784412220
4.9100000000,-17.6212084068
4.9110000000,-37.3610751293
4.9120000000,-53.5753337925
4.9130000000,-64.7294832599
4.9140000000,-69.7658967030
4.9150000000,-68.2045301275
4.9160000000,-60.1891600092
4.9170000000,-46.4746521638
4.9180000000,-28.3563367202
4.9190000000,-7.5480518605
4.9200000000,13.9796986360
4.9210000000,34.1862170675
4.9220000000,51.1540795019
4.9230000000,63.2712561991
4.9240000000,69.3845706481
4.9250000000,68.9098597663
4.9260000000,61.8882732732
4.9270000000,48.9832419479
4.9280000000,31.4182717192
4.9290000000,10.8613498493
4.9300000000,-10.7331548616
4.9310000000,-31.3101408488
4.9320000000,-48.9093516719
4.9330000000,-61.8522710670
4.9340000000,-68.9025021627
4.9350000000,-69.3842796451
4.9360000000,-63.2477173475
4.9370000000,-51.0744470420
4.9380000000,-34.0229784468
4.9390000000,-13.7188657899
4.9400000000,7.8999469412
4.9410000000,28.7679186437
4.9420000000,46.8892380318
4.9430000000,60.5288362669
4.9440000000,68.3787918046
4.9450000000,69.6841421541
4.9460000000,64.3159634210
4.9470000000,52.7845993739
4.9480000000,36.1916400791
4.9490000000,16.1251199040
4.9500000000,-5.4921367010
4.9510000000,-26.5865710244
4.9520000000,-45.1327484904
4.9530000000,-59.3479530492
4.9540000000,-67.8638110479
4.9550000000,-69.8583973541
4.9560000000,-65.1360335057
4.9570000000,-54.1469863765
4.9580000000,-37.9450394236
4.9590000000,-18.0868847151
4.9600000000,3.5171022726
4.9610000000,24.7864338029
4.9620000000,43.6708079195
4.9630000000,58.3478555589
4.9640000000,67.3992549136
4.9650000000,69.9481693846
4.9660000000,65.7446552584
4.9670000000,55.1906759028
4.9680000000,39.3021729856
4.9690000000,19.6117227921
4.9700000000,-1.9789396739
4.9710000000,-23.3823722914
4.9720000000,-42.5271782465
4.9730000000,-57.5585667424
4.9740000000,-67.0182943449
4.9750000000,-69.9865068337
4.9760000000,-66.1716492007
4.9770000000,-55.9396114695
4.9780000000,-40.2791498401
4.9790000000,-20.7067993566
4.9800000000,0.8796227918
4.9810000000,22.3848075040
4.9820000000,41.7192615672
4.9830000000,57.0024138854
4.9840000000,66.7457695763
4.9850000000,69.9982512368
4.9860000000,66.4395003909
4.9870000000,56.4119418275
4.9880000000,40.8883540405
4.9890000000,21.3779645453
4.9900000000,-0.2199111240
4.9910000000,-21.8005294714
4.9920000000,-41.2587481804
4.9930000000,-56.6944602388
4.9940000000,-66.5983778571
4.9950000000,-69.9999784102
4.9960000000,-66.5630747089
4.9970000000,-56.6195538772
4.9980000000,-41.1378508505
4.9990000000,-21.6290981131
