time (s),velocity (rpm)
0.0000000000,-0.0929832458
0.0010000000,-0.0143051147
0.0020000000,0.1001358032
0.0030000000,-0.0286102295
0.0040000000,-0.0929832458
0.0050000000,0.0572204590
0.0060000000,0.0643730164
0.0070000000,-0.1072883606
0.0080000000,-0.0071525574
0.0090000000,0.1072883606
0.0100000000,-0.0214576721
0.0110000000,-0.0786781311
0.0120000000,0.0429153442
0.0130000000,0.0715255737
0.0140000000,-0.0572204590
0.0150000000,-0.0500679016
0.0160000000,0.0786781311
0.0170000000,0.0715255737
0.0180000000,-0.0071525574
0.0190000000,0.0214576721
0.0200000000,0.0858306885
0.0210000000,0.1144409180
0.0220000000,0.1072883606
0.0230000000,0.2074241638
0.0240000000,0.3004074097
0.0250000000,0.3075599670
0.0260000000,0.3576278687
0.0270000000,0.4005432129
0.0280000000,0.4220008850
0.0290000000,0.4863739014
0.0300000000,0.6008148193
0.0310000000,0.6794929504
0.0320000000,0.8153915405
0.0330000000,0.9512901306
0.0340000000,1.1014938354
0.0350000000,1.2803077698
0.0360000000,1.4591217041
0.0370000000,1.6665458679
0.0380000000,1.9383430481
0.0390000000,2.3102760315
0.0400000000,2.6893615723
0.0410000000,3.1399726868
0.0420000000,3.5333633423
0.0430000000,3.8909912109
0.0440000000,4.1842460632
0.0450000000,4.4775009155
0.0460000000,4.8565864563
0.0470000000,5.4001808167
0.0480000000,5.7935714722
0.0490000000,6.2084197998
0.0500000000,6.3228607178
0.0510000000,6.3800811768
0.0520000000,6.8163871765
0.0530000000,7.2956085205
0.0540000000,7.3528289795
0.0550000000,7.6889991760
0.0560000000,8.3470344543
0.0570000000,8.8405609131
0.0580000000,9.1481208801
0.0590000000,9.2196464539
0.0600000000,9.8633766174
0.0610000000,10.0779533386
0.0620000000,10.6930732727
0.0630000000,11.5513801575
0.0640000000,11.3368034363
0.0650000000,11.6515159607
0.0660000000,11.7444992065
0.0670000000,12.2237205505
0.0680000000,13.1607055664
0.0690000000,13.3037567139
0.0700000000,13.7543678284
0.0710000000,14.1620635986
0.0720000000,15.5210494995
0.0730000000,15.2349472046
0.0740000000,15.4709815979
0.0750000000,15.4924392700
0.0760000000,16.7083740234
0.0770000000,16.8371200562
0.0780000000,17.2948837280
0.0790000000,18.7683105469
0.0800000000,18.7897682190
0.0810000000,18.6395645142
0.0820000000,19.1974639893
0.0830000000,19.9270248413
0.0840000000,20.4133987427
0.0850000000,21.8582153320
0.0860000000,21.9297409058
0.0870000000,21.4934349060
0.0880000000,22.6449966431
0.0890000000,22.8738784790
0.0900000000,24.0254402161
0.0910000000,24.8479843140
0.0920000000,24.1899490356
0.0930000000,25.4416465759
0.0940000000,25.4201889038
0.0950000000,27.2870063782
0.0960000000,27.1725654602
0.0970000000,27.7948379517
0.0980000000,28.0594825745
0.0990000000,29.1395187378
0.1000000000,29.8905372620
0.1010000000,29.8690795898
0.1020000000,30.3339958191
0.1030000000,31.9504737854
0.1040000000,31.3568115234
0.1050000000,31.9933891296
0.1060000000,32.7730178833
0.1070000000,34.2822074890
0.1080000000,33.1735610962
0.1090000000,34.5683097839
0.1100000000,36.1275672913
0.1110000000,35.5553627014
0.1120000000,35.7699394226
0.1130000000,37.5509262085
0.1140000000,38.3162498474
0.1150000000,37.7440452576
0.1160000000,39.2532348633
0.1170000000,40.5907630920
0.1180000000,40.3118133545
0.1190000000,41.9425964355
0.1200000000,42.1786308289
0.1210000000,42.7079200745
0.1220000000,44.2528724670
0.1230000000,44.3959236145
0.1240000000,43.9739227295
0.1250000000,47.0423698425
0.1260000000,45.4473495483
0.1270000000,47.7790832520
0.1280000000,47.1997261047
0.1290000000,47.6431846619
0.1300000000,50.1894950867
0.1310000000,48.8305091858
0.1320000000,50.8975982666
0.1330000000,50.6329536438
0.1340000000,51.9990921021
0.1350000000,52.4568557739
0.1360000000,52.5856018066
0.1370000000,54.4595718384
0.1380000000,53.9517402649
0.1390000000,56.2620162964
0.1400000000,55.4680824280
0.1410000000,57.6066970825
0.1420000000,57.0774078369
0.1430000000,59.0443611145
0.1440000000,58.4650039673
0.1450000000,60.3389739990
0.1460000000,59.8168373108
0.1470000000,61.7623329163
0.1480000000,60.8468055725
0.1490000000,63.5004043579
0.1500000000,62.4632835388
0.1510000000,64.9666786194
0.1520000000,64.7521018982
0.1530000000,65.0668144226
0.1540000000,66.7333602905
0.1550000000,66.4758682251
0.1560000000,67.5344467163
0.1570000000,67.8563117981
0.1580000000,69.4227218628
0.1590000000,69.9305534363
0.1600000000,70.1236724854
0.1610000000,71.6114044189
0.1620000000,70.9676742554
0.1630000000,73.2779502869
0.1640000000,73.5068321228
0.1650000000,73.4782218933
0.1660000000,75.5524635315
0.1670000000,75.3808021545
0.1680000000,76.1604309082
0.1690000000,76.8613815308
0.1700000000,77.6481628418
0.1710000000,77.9414176941
0.1720000000,79.2860984802
0.1730000000,79.7152519226
0.1740000000,79.8654556274
0.1750000000,81.1243057251
0.1760000000,81.7966461182
0.1770000000,81.4604759216
0.1780000000,83.5776329041
0.1790000000,83.7993621826
0.1800000000,83.5275650024
0.1810000000,84.7148895264
0.1820000000,85.5231285095
0.1830000000,86.2526893616
0.1840000000,85.6375694275
0.1850000000,87.2182846069
0.1860000000,88.0408287048
0.1870000000,88.4699821472
0.1880000000,87.6760482788
0.1890000000,89.6430015564
0.1900000000,90.0435447693
0.1910000000,90.8589363098
0.1920000000,89.7932052612
0.1930000000,91.4812088013
0.1940000000,91.9032096863
0.1950000000,92.5970077515
0.1960000000,92.6613807678
0.1970000000,92.2608375549
0.1980000000,94.2420959473
0.1990000000,95.0360298157
0.2000000000,94.8572158813
0.2010000000,94.9716567993
0.2020000000,94.5210456848
0.2030000000,96.2305068970
0.2040000000,96.2948799133
0.2050000000,95.8156585693
0.2060000000,96.8742370605
0.2070000000,96.7383384705
0.2080000000,96.4021682739
0.2090000000,98.1044769287
0.2100000000,98.2689857483
0.2110000000,98.3405113220
0.2120000000,99.0128517151
0.2130000000,98.3047485352
0.2140000000,98.4835624695
0.2150000000,99.9498367310
0.2160000000,100.4290580750
0.2170000000,100.1787185669
0.2180000000,100.5148887634
0.2190000000,100.8367538452
0.2200000000,100.1429557800
0.2210000000,99.5349884033
0.2220000000,100.3718376160
0.2230000000,100.7223129272
0.2240000000,100.6150245667
0.2250000000,100.4147529602
0.2260000000,100.1858711243
0.2270000000,100.2860069275
0.2280000000,99.7710227966
0.2290000000,100.3003120422
0.2300000000,100.1143455505
0.2310000000,100.0499725342
0.2320000000,100.2717018127
0.2330000000,99.4133949280
0.2340000000,98.9556312561
0.2350000000,98.9341735840
0.2360000000,99.4920730591
0.2370000000,99.3132591248
0.2380000000,98.3548164368
0.2390000000,98.5264778137
0.2400000000,98.0830192566
0.2410000000,96.7383384705
0.2420000000,97.4321365356
0.2430000000,97.2390174866
0.2440000000,96.4307785034
0.2450000000,96.2519645691
0.2460000000,95.1862335205
0.2470000000,94.7141647339
0.2480000000,95.2720642090
0.2490000000,94.7642326355
0.2500000000,94.0632820129
0.2510000000,93.0905342102
0.2520000000,92.6184654236
0.2530000000,92.8544998169
0.2540000000,91.5384292603
0.2550000000,91.4812088013
0.2560000000,89.9004936218
0.2570000000,90.0721549988
0.2580000000,89.0350341797
0.2590000000,88.7560844421
0.2600000000,86.5459442139
0.2610000000,87.1682167053
0.2620000000,86.0810279846
0.2630000000,85.6304168701
0.2640000000,83.5561752319
0.2650000000,84.3930244446
0.2660000000,83.0197334290
0.2670000000,81.0670852661
0.2680000000,80.0085067749
0.2690000000,79.3004035950
0.2700000000,77.9843330383
0.2710000000,76.6968727112
0.2720000000,76.2534141541
0.2730000000,74.1791725159
0.2740000000,73.7643241882
0.2750000000,72.6771354675
0.2760000000,70.5814361572
0.2770000000,70.6243515015
0.2780000000,68.5358047485
0.2790000000,67.6488876343
0.2800000000,66.7047500610
0.2810000000,64.0583038330
0.2820000000,64.5947456360
0.2830000000,61.2187385559
0.2840000000,61.5692138672
0.2850000000,58.5722923279
0.2860000000,58.8726997375
0.2870000000,55.8686256409
0.2880000000,55.7470321655
0.2890000000,53.0862808228
0.2900000000,52.4997711182
0.2910000000,50.0321388245
0.2920000000,49.2024421692
0.2930000000,47.0995903015
0.2940000000,45.0968742371
0.2950000000,45.0396537781
0.2960000000,41.5349006653
0.2970000000,39.9827957153
0.2980000000,39.8111343384
0.2990000000,36.5352630615
0.3000000000,34.8258018494
0.3010000000,34.4538688660
0.3020000000,31.4998626709
0.3030000000,29.9119949341
0.3040000000,27.8806686401
0.3050000000,27.7018547058
0.3060000000,24.9123573303
0.3070000000,22.7522850037
0.3080000000,20.6422805786
0.3090000000,18.8469886780
0.3100000000,18.3248519897
0.3110000000,15.8858299255
0.3120000000,13.6327743530
0.3130000000,11.0650062561
0.3140000000,9.5272064209
0.3150000000,7.6532363892
0.3160000000,5.4931640625
0.3170000000,3.4618377686
0.3180000000,1.5377998352
0.3190000000,-0.2002716064
0.3200000000,-1.4448165894
0.3210000000,-2.4390220642
0.3220000000,-3.5333633423
0.3230000000,-5.0354003906
0.3240000000,-6.8664550781
0.3250000000,-8.8191032410
0.3260000000,-10.8432769775
0.3270000000,-13.5326385498
0.3280000000,-15.8429145813
0.3290000000,-18.4249877930
0.3300000000,-19.3548202515
0.3310000000,-21.9368934631
0.3320000000,-24.2471694946
0.3330000000,-26.7362594604
0.3340000000,-29.8261642456
0.3350000000,-30.1480293274
0.3360000000,-32.6728820801
0.3370000000,-36.5781784058
0.3380000000,-37.3721122742
0.3390000000,-38.9170646667
0.3400000000,-43.0011749268
0.3410000000,-43.2085990906
0.3420000000,-45.6190109253
0.3430000000,-48.5658645630
0.3440000000,-49.2811203003
0.3450000000,-52.0563125610
0.3460000000,-53.0219078064
0.3470000000,-55.5324554443
0.3480000000,-56.5481185913
0.3490000000,-59.2017173767
0.3500000000,-60.1172447205
0.3510000000,-62.6492500305
0.3520000000,-63.7578964233
0.3530000000,-66.3113594055
0.3540000000,-66.2469863892
0.3550000000,-70.0449943542
0.3560000000,-70.0449943542
0.3570000000,-73.2493400574
0.3580000000,-74.4867324829
0.3590000000,-75.0017166138
0.3600000000,-77.5551795959
0.3610000000,-79.5578956604
0.3620000000,-79.0715217590
0.3630000000,-82.3473930359
0.3640000000,-83.1770896912
0.3650000000,-83.9567184448
0.3660000000,-85.2441787720
0.3670000000,-87.2540473938
0.3680000000,-88.5057449341
0.3690000000,-88.6487960815
0.3700000000,-89.7359848022
0.3710000000,-91.2237167358
0.3720000000,-92.5612449646
0.3730000000,-92.9617881775
0.3740000000,-93.1906700134
0.3750000000,-94.7499275208
0.3760000000,-96.0874557495
0.3770000000,-97.1388816833
0.3780000000,-97.4035263062
0.3790000000,-97.4750518799
0.3800000000,-98.5407829285
0.3810000000,-99.1630554199
0.3820000000,-99.5564460754
0.3830000000,-99.9712944031
0.3840000000,-100.5291938782
0.3850000000,-100.6650924683
0.3860000000,-100.0928878784
0.3870000000,-100.8439064026
0.3880000000,-101.2945175171
0.3890000000,-101.4232635498
0.3900000000,-101.1586189270
0.3910000000,-101.2229919434
0.3920000000,-101.5019416809
0.3930000000,-100.5721092224
0.3940000000,-100.1572608948
0.3950000000,-100.1787185669
0.3960000000,-100.2931594849
0.3970000000,-99.6351242065
0.3980000000,-99.2345809937
0.3990000000,-98.9341735840
0.4000000000,-97.2318649292
0.4010000000,-97.4607467651
0.4020000000,-97.1174240112
0.4030000000,-95.9801673889
0.4040000000,-95.5867767334
0.4050000000,-93.6841964722
0.4060000000,-92.9331779480
0.4070000000,-92.6756858826
0.4080000000,-91.2451744080
0.4090000000,-90.6443595886
0.4100000000,-87.6688957214
0.4110000000,-87.7189636230
0.4120000000,-86.4815711975
0.4130000000,-84.9151611328
0.4140000000,-82.1399688721
0.4150000000,-81.9969177246
0.4160000000,-80.6307792664
0.4170000000,-77.9414176941
0.4180000000,-76.6181945801
0.4190000000,-74.7370719910
0.4200000000,-71.5756416321
0.4210000000,-71.5398788452
0.4220000000,-68.1924819946
0.4230000000,-66.8621063232
0.4240000000,-65.2527809143
0.4250000000,-62.7422332764
0.4260000000,-61.3403320313
0.4270000000,-58.1717491150
0.4280000000,-57.1560859680
0.4290000000,-53.9517402649
0.4300000000,-52.1993637085
0.4310000000,-49.5672225952
0.4320000000,-46.8564033508
0.4330000000,-45.9122657776
0.4340000000,-42.0856475830
0.4350000000,-39.5250320435
0.4360000000,-37.7082824707
0.4370000000,-34.7113609314
0.4380000000,-31.8217277527
0.4390000000,-30.1694869995
0.4400000000,-26.5574455261
0.4410000000,-23.9109992981
0.4420000000,-21.1071968079
0.4430000000,-18.6824798584
0.4440000000,-16.4723396301
0.4450000000,-13.9617919922
0.4460000000,-10.1280212402
0.4470000000,-7.1096420288
0.4480000000,-4.6920776367
0.4490000000,-2.2244453430
0.4500000000,0.4863739014
0.4510000000,2.2888183594
0.4520000000,3.9410591125
0.4530000000,5.9080123901
0.4540000000,8.4114074707
0.4550000000,11.8875503540
0.4560000000,14.5053863525
0.4570000000,16.9515609741
0.4580000000,19.1617012024
0.4590000000,22.9740142822
0.4600000000,25.8708000183
0.4610000000,30.0192832947
0.4620000000,31.4211845398
0.4630000000,34.3322753906
0.4640000000,37.9371643066
0.4650000000,41.0628318787
0.4660000000,42.6149368286
0.4670000000,46.9851493835
0.4680000000,48.6159324646
0.4690000000,50.8475303650
0.4700000000,55.1033020020
0.4710000000,55.8686256409
0.4720000000,60.3246688843
0.4730000000,60.9254837036
0.4740000000,64.7592544556
0.4750000000,66.7047500610
0.4760000000,68.5429573059
0.4770000000,71.9547271729
0.4780000000,72.4339485168
0.4790000000,76.6968727112
0.4800000000,78.0701637268
0.4810000000,79.1788101196
0.4820000000,82.5405120850
0.4830000000,83.9352607727
0.4840000000,84.8650932312
0.4850000000,86.5745544434
0.4860000000,88.5272026062
0.4870000000,90.2152061462
0.4880000000,90.9662246704
0.4890000000,92.0605659485
0.4900000000,94.1848754883
0.4910000000,95.0646400452
0.4920000000,96.7025756836
0.4930000000,96.3592529297
0.4940000000,97.1245765686
0.4950000000,99.1702079773
0.4960000000,99.5850563049
0.4970000000,99.9855995178
0.4980000000,100.5005836487
0.4990000000,101.1228561401
0.5000000000,101.3159751892
0.5010000000,100.7938385010
0.5020000000,101.9024848938
0.5030000000,101.8667221069
0.5040000000,102.0383834839
0.5050000000,101.3875007629
0.5060000000,101.1586189270
0.5070000000,100.4934310913
0.5080000000,99.5922088623
0.5090000000,99.3776321411
0.5100000000,98.9341735840
0.5110000000,98.3619689941
0.5120000000,97.0602035522
0.5130000000,96.0659980774
0.5140000000,94.1348075867
0.5150000000,94.0132141113
0.5160000000,92.7972793579
0.5170000000,91.3166999817
0.5180000000,89.2353057861
0.5190000000,87.3112678528
0.5200000000,86.9965553284
0.5210000000,84.5718383789
0.5220000000,81.8324089050
0.5230000000,80.1873207092
0.5240000000,78.9499282837
0.5250000000,76.0173797607
0.5260000000,73.9145278931
0.5270000000,72.2050666809
0.5280000000,68.8576698303
0.5290000000,68.3641433716
0.5300000000,64.0082359314
0.5310000000,62.9067420959
0.5320000000,59.5951080322
0.5330000000,56.8342208862
0.5340000000,53.4081459045
0.5350000000,50.9977340698
0.5360000000,47.4929809570
0.5370000000,45.2542304993
0.5380000000,40.8124923706
0.5390000000,37.0216369629
0.5400000000,35.7055664063
0.5410000000,31.3854217529
0.5420000000,27.7590751648
0.5430000000,24.0468978882
0.5440000000,21.8009948730
0.5450000000,18.2104110718
0.5460000000,14.1263008118
0.5470000000,10.4570388794
0.5480000000,7.6317787170
0.5490000000,4.4131278992
0.5500000000,0.6294250488
0.5510000000,-2.4533271790
0.5520000000,-4.7278404236
0.5530000000,-7.2026252747
0.5540000000,-10.1637840271
0.5550000000,-14.0476226807
0.5560000000,-17.4665451050
0.5570000000,-20.9140777588
0.5580000000,-23.8609313965
0.5590000000,-28.0809402466
0.5600000000,-31.0492515564
0.5610000000,-35.1905822754
0.5620000000,-37.1646881104
0.5630000000,-41.6564941406
0.5640000000,-45.6404685974
0.5650000000,-47.5144386292
0.5660000000,-52.1349906921
0.5670000000,-54.4381141663
0.5680000000,-57.6853752136
0.5690000000,-60.3747367859
0.5700000000,-63.9867782593
0.5710000000,-65.3314590454
0.5720000000,-69.8232650757
0.5730000000,-70.7602500916
0.5740000000,-74.6083259583
0.5750000000,-77.4550437927
0.5760000000,-78.6995887756
0.5770000000,-81.7608833313
0.5780000000,-84.8793983459
0.5790000000,-85.7806205750
0.5800000000,-88.3626937866
0.5810000000,-90.3439521790
0.5820000000,-91.9675827026
0.5830000000,-93.9130783081
0.5840000000,-93.9917564392
0.5850000000,-95.8657264709
0.5860000000,-97.9399681091
0.5870000000,-98.6480712891
0.5880000000,-99.6637344360
0.5890000000,-100.0857353210
0.5900000000,-100.3575325012
0.5910000000,-101.5734672546
0.5920000000,-102.3459434509
0.5930000000,-102.3030281067
0.5940000000,-101.9883155823
0.5950000000,-102.7536392212
0.5960000000,-102.6463508606
0.5970000000,-101.4161109924
0.5980000000,-100.5649566650
0.5990000000,-100.7509231567
0.6000000000,-100.5220413208
0.6010000000,-99.0772247314
0.6020000000,-98.3119010925
0.6030000000,-97.5751876831
0.6040000000,-95.2148437500
0.6050000000,-94.3493843079
0.6060000000,-93.6484336853
0.6070000000,-91.7887687683
0.6080000000,-89.8218154907
0.6090000000,-86.1454010010
0.6100000000,-85.5016708374
0.6110000000,-82.9482078552
0.6120000000,-80.0871849060
0.6130000000,-77.1689414978
0.6140000000,-75.3521919250
0.6150000000,-71.3253021240
0.6160000000,-69.6372985840
0.6170000000,-66.0681724548
0.6180000000,-62.6921653748
0.6190000000,-60.4319572449
0.6200000000,-56.1332702637
0.6210000000,-53.2364845276
0.6220000000,-49.2596626282
0.6230000000,-45.8979606628
0.6240000000,-43.5304641724
0.6250000000,-37.9872322083
0.6260000000,-34.5253944397
0.6270000000,-32.2508811951
0.6280000000,-27.0366668701
0.6290000000,-23.1671333313
0.6300000000,-19.3047523499
0.6310000000,-15.8214569092
0.6320000000,-11.9662284851
0.6330000000,-7.7390670776
0.6340000000,-3.6191940308
0.6350000000,-0.0429153442
0.6360000000,3.1614303589
0.6370000000,6.1941146851
0.6380000000,9.3555450439
0.6390000000,13.1392478943
0.6400000000,16.4794921875
0.6410000000,21.0428237915
0.6420000000,24.8479843140
0.6430000000,29.4399261475
0.6440000000,33.1020355225
0.6450000000,36.5495681763
0.6460000000,41.1200523376
0.6470000000,45.1683998108
0.6480000000,47.8720664978
0.6490000000,53.3938407898
0.6500000000,55.3178787231
0.6510000000,59.9670410156
0.6520000000,62.2415542603
0.6530000000,66.3542747498
0.6540000000,68.6287879944
0.6550000000,73.0347633362
0.6560000000,75.5882263184
0.6570000000,77.1760940552
0.6580000000,81.1815261841
0.6590000000,83.8065147400
0.6600000000,84.9652290344
0.6610000000,88.0336761475
0.6620000000,90.5656814575
0.6630000000,92.7901268005
0.6640000000,93.5626029968
0.6650000000,94.9144363403
0.6660000000,97.5751876831
0.6670000000,98.8769531250
0.6680000000,99.8067855835
0.6690000000,100.8152961731
0.6700000000,101.2587547302
0.6710000000,101.8881797791
0.6720000000,101.8667221069
0.6730000000,103.1756401062
0.6740000000,102.9324531555
0.6750000000,102.8752326965
0.6760000000,102.2529602051
0.6770000000,101.7951965332
0.6780000000,100.8582115173
0.6790000000,99.4992256165
0.6800000000,98.7911224365
0.6810000000,97.9185104370
0.6820000000,95.9801673889
0.6830000000,95.0217247009
0.6840000000,92.3180580139
0.6850000000,89.9362564087
0.6860000000,89.3640518188
0.6870000000,86.5602493286
0.6880000000,83.3845138550
0.6890000000,81.2530517578
0.6900000000,78.5779953003
0.6910000000,76.1032104492
0.6920000000,72.3338127136
0.6930000000,70.1165199280
0.6940000000,64.8522377014
0.6950000000,63.5004043579
0.6960000000,58.2218170166
0.6970000000,56.0760498047
0.6980000000,51.0549545288
0.6990000000,48.1009483337
0.7000000000,43.4875488281
0.7010000000,38.2661819458
0.7020000000,35.8915328979
0.7030000000,30.2195549011
0.7040000000,26.0996818542
0.7050000000,21.4934349060
0.7060000000,18.0029869080
0.7070000000,13.4181976318
0.7080000000,7.9607963562
0.7090000000,3.3760070801
0.7100000000,-1.0085105896
0.7110000000,-4.3058395386
0.7120000000,-7.9250335693
0.7130000000,-12.5813484192
0.7140000000,-16.3936614990
0.7150000000,-20.0772285461
0.7160000000,-24.6977806091
0.7170000000,-29.2110443115
0.7180000000,-35.5696678162
0.7190000000,-37.6725196838
0.7200000000,-42.0212745667
0.7210000000,-48.1081008911
0.7220000000,-51.1050224304
0.7230000000,-55.9329986572
0.7240000000,-59.0014457703
0.7250000000,-64.3730163574
0.7260000000,-66.1325454712
0.7270000000,-71.8259811401
0.7280000000,-73.6427307129
0.7290000000,-77.8913497925
0.7300000000,-80.6593894958
0.7310000000,-83.4059715271
0.7320000000,-84.6934318542
0.7330000000,-88.9635086060
0.7340000000,-91.2308692932
0.7350000000,-93.0619239807
0.7360000000,-94.2206382751
0.7370000000,-96.4093208313
0.7380000000,-98.7911224365
0.7390000000,-100.2073287964
0.7400000000,-100.7938385010
0.7410000000,-101.8953323364
0.7420000000,-102.2815704346
0.7430000000,-102.7679443359
0.7440000000,-102.5319099426
0.7450000000,-103.3830642700
0.7460000000,-103.2543182373
0.7470000000,-102.7250289917
0.7480000000,-101.5591621399
0.7490000000,-101.1013984680
0.7500000000,-99.8353958130
0.7510000000,-98.5121726990
0.7520000000,-97.4893569946
0.7530000000,-95.7512855530
0.7540000000,-94.1920280457
0.7550000000,-91.6814804077
0.7560000000,-87.8834724426
0.7570000000,-86.5888595581
0.7580000000,-83.5275650024
0.7590000000,-79.3361663818
0.7600000000,-76.7612457275
0.7610000000,-73.3566284180
0.7620000000,-68.9721107483
0.7630000000,-66.1611557007
0.7640000000,-61.2688064575
0.7650000000,-57.8713417053
0.7660000000,-53.3151626587
0.7670000000,-49.8318672180
0.7680000000,-44.2600250244
0.7690000000,-40.1401519775
0.7700000000,-36.0274314880
0.7710000000,-30.3411483765
0.7720000000,-25.4845619202
0.7730000000,-21.5506553650
0.7740000000,-17.1160697937
0.7750000000,-11.1079216003
0.7760000000,-5.9080123901
0.7770000000,-1.2803077698
0.7780000000,2.7537345886
0.7790000000,6.2727928162
0.7800000000,10.8790397644
0.7810000000,16.1719322205
0.7820000000,20.1344490051
0.7830000000,24.1827964783
0.7840000000,29.3898582458
0.7850000000,35.4194641113
0.7860000000,40.0972366333
0.7870000000,43.4017181396
0.7880000000,49.3812561035
0.7890000000,53.3080101013
0.7900000000,57.8999519348
0.7910000000,61.5692138672
0.7920000000,66.2183761597
0.7930000000,69.7517395020
0.7940000000,73.8215446472
0.7950000000,77.4121284485
0.7960000000,80.1301002502
0.7970000000,84.2714309692
0.7980000000,87.2182846069
0.7990000000,88.5987281799
0.8000000000,92.5040245056
0.8010000000,94.7141647339
0.8020000000,96.6882705688
0.8030000000,98.3762741089
0.8040000000,99.3919372559
0.8050000000,100.4362106323
0.8060000000,102.5748252869
0.8070000000,103.2829284668
0.8080000000,103.3401489258
0.8090000000,103.5618782043
0.8100000000,104.3272018433
0.8110000000,103.2400131226
0.8120000000,102.1170616150
0.8130000000,100.9511947632
0.8140000000,100.7866859436
0.8150000000,99.1630554199
0.8160000000,97.2962379456
0.8170000000,95.5724716187
0.8180000000,93.3194160461
0.8190000000,89.7359848022
0.8200000000,88.7274742126
0.8210000000,85.5159759521
0.8220000000,82.1828842163
0.8230000000,78.8855552673
0.8240000000,75.5095481873
0.8250000000,71.1607933044
0.8260000000,67.9922103882
0.8270000000,63.2858276367
0.8280000000,58.0573081970
0.8290000000,54.2449951172
0.8300000000,48.8662719727
0.8310000000,43.6520576477
0.8320000000,40.2259826660
0.8330000000,33.5741043091
0.8340000000,29.0822982788
0.8350000000,23.6535072327
0.8360000000,19.3476676941
0.8370000000,13.2465362549
0.8380000000,7.9536437988
0.8390000000,2.4676322937
0.8400000000,-2.4962425232
0.8410000000,-6.8092346191
0.8420000000,-11.3654136658
0.8430000000,-16.7441368103
0.8440000000,-21.3217735291
0.8450000000,-26.4501571655
0.8460000000,-31.8789482117
0.8470000000,-38.1088256836
0.8480000000,-42.4861907959
0.8490000000,-47.0066070557
0.8500000000,-53.5583496094
0.8510000000,-56.2548637390
0.8520000000,-63.0712509155
0.8530000000,-66.0681724548
0.8540000000,-70.8460807800
0.8550000000,-75.1018524170
0.8560000000,-77.3406028748
0.8570000000,-82.5047492981
0.8580000000,-85.7877731323
0.8590000000,-87.5258445740
0.8600000000,-91.1307334900
0.8610000000,-94.1276550293
0.8620000000,-96.1017608643
0.8630000000,-98.4406471252
0.8640000000,-99.4634628296
0.8650000000,-100.8296012878
0.8660000000,-102.3674011230
0.8670000000,-103.5618782043
0.8680000000,-103.6548614502
0.8690000000,-103.8479804993
0.8700000000,-103.7549972534
0.8710000000,-103.5618782043
0.8720000000,-102.5032997131
0.8730000000,-100.9941101074
0.8740000000,-100.1214981079
0.8750000000,-98.9699363708
0.8760000000,-97.1174240112
0.8770000000,-95.4437255859
0.8780000000,-92.1463966370
0.8790000000,-88.3984565735
0.8800000000,-86.4529609680
0.8810000000,-82.7980041504
0.8820000000,-77.8913497925
0.8830000000,-74.5368003845
0.8840000000,-70.9605216980
0.8850000000,-64.8593902588
0.8860000000,-61.8767738342
0.8870000000,-55.7112693787
0.8880000000,-52.2208213806
0.8890000000,-45.4473495483
0.8900000000,-41.0556793213
0.8910000000,-35.9272956848
0.8920000000,-28.9320945740
0.8930000000,-24.6477127075
0.8940000000,-18.6824798584
0.8950000000,-12.9961967468
0.8960000000,-7.3242187500
0.8970000000,-1.5521049500
0.8980000000,3.8981437683
0.8990000000,8.3470344543
0.9000000000,13.2894515991
0.9010000000,18.0172920227
0.9020000000,24.3330001831
0.9030000000,29.4470787048
0.9040000000,36.2920761108
0.9050000000,40.4334068298
0.9060000000,45.6833839417
0.9070000000,52.6356697083
0.9080000000,55.9687614441
0.9090000000,62.5133514404
0.9100000000,65.5102729797
0.9110000000,71.6185569763
0.9120000000,75.6955146790
0.9130000000,78.6995887756
0.9140000000,83.8136672974
0.9150000000,86.6961479187
0.9160000000,89.6930694580
0.9170000000,92.0677185059
0.9180000000,95.6940650940
0.9190000000,97.7039337158
0.9200000000,99.9355316162
0.9210000000,101.4804840088
0.9220000000,102.1027565002
0.9230000000,103.1327247620
0.9240000000,104.1197776794
0.9250000000,104.7492027283
0.9260000000,104.3629646301
0.9270000000,103.6977767944
0.9280000000,102.8537750244
0.9290000000,101.7665863037
0.9300000000,99.4277000427
0.9310000000,97.2676277161
0.9320000000,95.9086418152
0.9330000000,93.2121276855
0.9340000000,90.3654098511
0.9350000000,87.0823860168
0.9360000000,83.5704803467
0.9370000000,80.5306434631
0.9380000000,75.8957862854
0.9390000000,71.1536407471
0.9400000000,67.2554969788
0.9410000000,60.7466697693
0.9420000000,57.1846961975
0.9430000000,50.3897666931
0.9440000000,45.7692146301
0.9450000000,39.5822525024
0.9460000000,33.0948829651
0.9470000000,28.0308723450
0.9480000000,22.5019454956
0.9490000000,15.3279304504
0.9500000000,8.8620185852
0.9510000000,3.3760070801
0.9520000000,-2.2602081299
0.9530000000,-7.0023536682
0.9540000000,-12.6099586487
0.9550000000,-18.8970565796
0.9560000000,-25.0911712646
0.9570000000,-29.4113159180
0.9580000000,-35.6197357178
0.9590000000,-43.2729721069
0.9600000000,-47.2497940063
0.9610000000,-52.9646873474
0.9620000000,-58.9299201965
0.9630000000,-63.9438629150
0.9640000000,-68.8648223877
0.9650000000,-73.9860534668
0.9660000000,-76.9042968750
0.9670000000,-82.3330879211
0.9680000000,-86.1167907715
0.9690000000,-89.2281532288
0.9700000000,-91.6314125061
0.9710000000,-95.4508781433
0.9720000000,-97.9828834534
0.9730000000,-99.8282432556
0.9740000000,-101.6592979431
0.9750000000,-102.7393341064
0.9760000000,-103.3544540405
0.9770000000,-104.3200492859
0.9780000000,-104.0053367615
0.9790000000,-104.2056083679
0.9800000000,-103.7621498108
0.9810000000,-102.8609275818
0.9820000000,-101.4804840088
0.9830000000,-99.9426841736
0.9840000000,-97.1388816833
0.9850000000,-94.5782661438
0.9860000000,-92.0391082764
0.9870000000,-88.8776779175
0.9880000000,-84.4931602478
0.9890000000,-79.8439979553
0.9900000000,-76.6110420227
0.9910000000,-70.7030296326
0.9920000000,-66.6475296021
0.9930000000,-61.2974166870
0.9940000000,-54.6598434448
0.9950000000,-49.7817993164
0.9960000000,-44.1884994507
0.9970000000,-37.5151634216
0.9980000000,-31.5427780151
0.9990000000,-26.2069702148
1.0000000000,-18.3463096619
1.0010000000,-12.1736526489
1.0020000000,-5.7649612427
1.0030000000,0.4148483276
1.0040000000,5.8364868164
1.0050000000,11.3010406494
1.0060000000,17.1947479248
1.0070000000,24.3616104126
1.0080000000,29.5543670654
1.0090000000,35.6912612915
1.0100000000,41.9068336487
1.0110000000,48.2726097107
1.0120000000,53.4296035767
1.0130000000,60.3246688843
1.0140000000,64.4087791443
1.0150000000,70.8246231079
1.0160000000,75.2520561218
1.0170000000,79.1716575623
1.0180000000,84.5146179199
1.0190000000,87.9549980164
1.0200000000,90.9447669983
1.0210000000,93.6269760132
1.0220000000,97.5608825684
1.0230000000,99.6565818787
1.0240000000,101.5448570251
1.0250000000,103.0898094177
1.0260000000,104.2342185974
1.0270000000,104.6705245972
1.0280000000,104.0410995483
1.0290000000,104.3486595154
1.0300000000,104.3701171875
1.0310000000,102.9610633850
1.0320000000,101.1371612549
1.0330000000,99.1129875183
1.0340000000,96.5952873230
1.0350000000,93.1692123413
1.0360000000,90.7230377197
1.0370000000,87.3041152954
1.0380000000,83.6420059204
1.0390000000,77.8412818909
1.0400000000,74.8801231384
1.0410000000,68.7146186829
1.0420000000,63.2715225220
1.0430000000,57.5995445251
1.0440000000,51.4554977417
1.0450000000,44.6605682373
1.0460000000,39.9613380432
1.0470000000,31.6929817200
1.0480000000,25.3629684448
1.0490000000,18.9042091370
1.0500000000,12.9246711731
1.0510000000,5.1712989807
1.0520000000,-1.8167495728
1.0530000000,-7.6603889465
1.0540000000,-13.5755538940
1.0550000000,-18.8040733337
1.0560000000,-25.5918502808
1.0570000000,-32.0720672607
1.0580000000,-40.5550003052
1.0590000000,-44.7463989258
1.0600000000,-51.1622428894
1.0610000000,-58.0430030823
1.0620000000,-63.3287429810
1.0630000000,-69.2725181580
1.0640000000,-74.6226310730
1.0650000000,-77.9700279236
1.0660000000,-83.6277008057
1.0670000000,-88.0336761475
1.0680000000,-91.4812088013
1.0690000000,-93.9846038818
1.0700000000,-96.8885421753
1.0710000000,-100.2573966980
1.0720000000,-102.0026206970
1.0730000000,-103.3902168274
1.0740000000,-104.4559478760
1.0750000000,-105.0710678101
1.0760000000,-104.5918464661
1.0770000000,-103.9266586304
1.0780000000,-103.2471656799
1.0790000000,-102.8251647949
1.0800000000,-101.2015342712
1.0810000000,-98.7410545349
1.0820000000,-95.9300994873
1.0830000000,-91.8960571289
1.0840000000,-88.3054733276
1.0850000000,-84.9008560181
1.0860000000,-80.4519653320
1.0870000000,-73.5712051392
1.0880000000,-70.1737403870
1.0890000000,-63.0927085876
1.0900000000,-58.4363937378
1.0910000000,-50.6973266602
1.0920000000,-46.0267066956
1.0930000000,-37.9943847656
1.0940000000,-31.0134887695
1.0950000000,-25.6776809692
1.0960000000,-17.6954269409
1.0970000000,-9.8061561584
1.0980000000,-3.1328201294
1.0990000000,3.4618377686
1.1000000000,9.0694427490
1.1010000000,15.8786773682
1.1020000000,23.2028961182
1.1030000000,28.9320945740
1.1040000000,35.9559059143
1.1050000000,42.6363945007
1.1060000000,49.3955612183
1.1070000000,55.0603866577
1.1080000000,62.1271133423
1.1090000000,68.1710243225
1.1100000000,72.9417800903
1.1110000000,78.4277915955
1.1120000000,83.4703445435
1.1130000000,86.8606567383
1.1140000000,91.5455818176
1.1150000000,94.9001312256
1.1160000000,98.2403755188
1.1170000000,100.0642776489
1.1180000000,101.4232635498
1.1190000000,104.0840148926
1.1200000000,105.0567626953
1.1210000000,105.3571701050
1.1220000000,105.3500175476
1.1230000000,104.6419143677
1.1240000000,103.5118103027
1.1250000000,101.5520095825
1.1260000000,99.1630554199
1.1270000000,96.6238975525
1.1280000000,94.4423675537
1.1290000000,90.4870033264
1.1300000000,86.7176055908
1.1310000000,80.8238983154
1.1320000000,77.2690773010
1.1330000000,71.5970993042
1.1340000000,64.8808479309
1.1350000000,59.6022605896
1.1360000000,52.3281097412
1.1370000000,45.9694862366
1.1380000000,38.8526916504
1.1390000000,31.5070152283
1.1400000000,24.2328643799
1.1410000000,17.1947479248
1.1420000000,9.8562240601
1.1430000000,1.9025802612
1.1440000000,-4.9996376038
1.1450000000,-11.5799903870
1.1460000000,-17.6668167114
1.1470000000,-24.7120857239
1.1480000000,-31.9790840149
1.1490000000,-40.1186943054
1.1500000000,-45.8693504333
1.1510000000,-52.8001785278
1.1520000000,-59.7524642944
1.1530000000,-65.4315948486
1.1540000000,-71.9690322876
1.1550000000,-77.2976875305
1.1560000000,-81.6535949707
1.1570000000,-86.5316390991
1.1580000000,-91.1378860474
1.1590000000,-95.1862335205
1.1600000000,-97.6109504700
1.1610000000,-99.6422767639
1.1620000000,-102.4532318115
1.1630000000,-103.6477088928
1.1640000000,-105.1640510559
1.1650000000,-105.6003570557
1.1660000000,-105.3142547607
1.1670000000,-104.4487953186
1.1680000000,-103.5761833191
1.1690000000,-101.7522811890
1.1700000000,-99.2059707642
1.1710000000,-96.6167449951
1.1720000000,-93.6770439148
1.1730000000,-89.1923904419
1.1740000000,-83.9567184448
1.1750000000,-79.1859626770
1.1760000000,-74.3150711060
1.1770000000,-67.1339035034
1.1780000000,-61.8696212769
1.1790000000,-54.6169281006
1.1800000000,-48.4728813171
1.1810000000,-40.6265258789
1.1820000000,-33.0805778503
1.1830000000,-26.7720222473
1.1840000000,-17.3950195313
1.1850000000,-10.0779533386
1.1860000000,-2.6392936707
1.1870000000,4.2128562927
1.1880000000,10.8146667480
1.1890000000,17.9100036621
1.1900000000,27.0009040833
1.1910000000,32.6585769653
1.1920000000,39.7109985352
1.1930000000,48.2511520386
1.1940000000,54.2736053467
1.1950000000,61.1329078674
1.1960000000,67.0909881592
1.1970000000,73.6927986145
1.1980000000,78.7639617920
1.1990000000,83.8994979858
1.2000000000,88.9277458191
1.2010000000,93.0261611938
1.2020000000,96.1804389954
1.2030000000,98.7696647644
1.2040000000,101.8309593201
1.2050000000,103.8122177124
1.2060000000,105.3714752197
1.2070000000,105.6504249573
1.2080000000,105.2427291870
1.2090000000,105.2856445313
1.2100000000,104.0410995483
1.2110000000,101.6950607300
1.2120000000,98.6480712891
1.2130000000,96.7812538147
1.2140000000,93.3480262756
1.2150000000,89.5714759827
1.2160000000,83.5990905762
1.2170000000,79.2002677917
1.2180000000,73.5211372375
1.2190000000,66.1110877991
1.2200000000,60.6036186218
1.2210000000,52.7501106262
1.2220000000,47.0781326294
1.2230000000,38.2876396179
1.2240000000,30.3554534912
1.2250000000,23.5390663147
1.2260000000,15.1562690735
1.2270000000,6.5016746521
1.2280000000,-1.7595291138
1.2290000000,-8.6331367493
1.2300000000,-15.9001350403
1.2310000000,-22.7522850037
1.2320000000,-30.1480293274
1.2330000000,-38.1803512573
1.2340000000,-46.6775894165
1.2350000000,-52.6356697083
1.2360000000,-60.8897209167
1.2370000000,-65.6461715698
1.2380000000,-74.1362571716
1.2390000000,-78.4707069397
1.2400000000,-83.1699371338
1.2410000000,-89.1423225403
1.2420000000,-93.4410095215
1.2430000000,-97.0315933228
1.2440000000,-99.4491577148
1.2450000000,-101.8810272217
1.2460000000,-103.7764549255
1.2470000000,-105.6075096130
1.2480000000,-106.0581207275
1.2490000000,-105.3857803345
1.2500000000,-105.0353050232
1.2510000000,-103.8908958435
1.2520000000,-102.0097732544
1.2530000000,-98.7696647644
1.2540000000,-95.9587097168
1.2550000000,-92.3037528992
1.2560000000,-87.4829292297
1.2570000000,-81.4318656921
1.2580000000,-76.2248039246
1.2590000000,-70.4455375671
1.2600000000,-62.5634193420
1.2610000000,-57.2490692139
1.2620000000,-48.1581687927
1.2630000000,-41.6636466980
1.2640000000,-32.9732894897
1.2650000000,-24.5547294617
1.2660000000,-16.8228149414
1.2670000000,-8.3684921265
1.2680000000,-0.5078315735
1.2690000000,6.8449974060
1.2700000000,14.1119956970
1.2710000000,22.2086906433
1.2720000000,29.7331809998
1.2730000000,39.8969650269
1.2740000000,45.2470779419
1.2750000000,53.3294677734
1.2760000000,60.0242614746
1.2770000000,67.2125816345
1.2780000000,73.1849670410
1.2790000000,80.1229476929
1.2800000000,85.2584838867
1.2810000000,89.1709327698
1.2820000000,94.6640968323
1.2830000000,97.8899002075
1.2840000000,100.7080078125
1.2850000000,103.4474372864
1.2860000000,105.1139831543
1.2870000000,105.4286956787
1.2880000000,105.8220863342
1.2890000000,104.9923896790
1.2900000000,104.6705245972
1.2910000000,102.6606559753
1.2920000000,100.3217697144
1.2930000000,96.9600677490
1.2940000000,93.6698913574
1.2950000000,88.2053375244
1.2960000000,84.3930244446
1.2970000000,78.4349441528
1.2980000000,70.9748268127
1.2990000000,65.3243064880
1.3000000000,57.6639175415
1.3010000000,50.1251220703
1.3020000000,42.0498847961
1.3030000000,34.5110893250
1.3040000000,25.4416465759
1.3050000000,16.3292884827
1.3060000000,8.3899497986
1.3070000000,-0.2861022949
1.3080000000,-8.0394744873
1.3090000000,-15.1491165161
1.3100000000,-23.7751007080
1.3110000000,-32.5655937195
1.3120000000,-39.5321846008
1.3130000000,-47.4786758423
1.3140000000,-55.9186935425
1.3150000000,-62.1771812439
1.3160000000,-70.2023506165
1.3170000000,-76.6611099243
1.3180000000,-81.5820693970
1.3190000000,-87.3827934265
1.3200000000,-92.5183296204
1.3210000000,-96.5523719788
1.3220000000,-99.9140739441
1.3230000000,-101.7594337463
1.3240000000,-103.9767265320
1.3250000000,-105.2498817444
1.3260000000,-106.3442230225
1.3270000000,-106.1081886292
1.3280000000,-104.8421859741
1.3290000000,-103.9052009583
1.3300000000,-101.5877723694
1.3310000000,-98.3691215515
1.3320000000,-93.7628746033
1.3330000000,-90.2152061462
1.3340000000,-84.9008560181
1.3350000000,-78.5708427429
1.3360000000,-71.9046592712
1.3370000000,-65.6819343567
1.3380000000,-57.4636459351
1.3390000000,-50.6830215454
1.3400000000,-40.9984588623
1.3410000000,-33.1091880798
1.3420000000,-25.2699851990
1.3430000000,-16.5009498596
1.3440000000,-6.4516067505
1.3450000000,1.8811225891
1.3460000000,9.6487998962
1.3470000000,18.4822082520
1.3480000000,25.9494781494
1.3490000000,33.6599349976
1.3500000000,41.8853759766
1.3510000000,51.5341758728
1.3520000000,57.5065612793
1.3530000000,66.2612915039
1.3540000000,72.6699829102
1.3550000000,78.5923004150
1.3560000000,85.2227210999
1.3570000000,90.6515121460
1.3580000000,93.9273834229
1.3590000000,97.7754592896
1.3600000000,101.8953323364
1.3610000000,103.9552688599
1.3620000000,105.4787635803
1.3630000000,105.9651374817
1.3640000000,106.5015792847
1.3650000000,106.2154769897
1.3660000000,103.5976409912
1.3670000000,100.9798049927
1.3680000000,98.2904434204
1.3690000000,95.8943367004
1.3700000000,90.7301902771
1.3710000000,85.6733322144
1.3720000000,78.5708427429
1.3730000000,73.5998153687
1.3740000000,65.2956962585
1.3750000000,57.9714775085
1.3760000000,48.9020347595
1.3770000000,42.5720214844
1.3780000000,32.3653221130
1.3790000000,22.8381156921
1.3800000000,14.0905380249
1.3810000000,5.8221817017
1.3820000000,-3.3903121948
1.3830000000,-11.2795829773
1.3840000000,-19.6480751038
1.3850000000,-28.6674499512
1.3860000000,-37.1646881104
1.3870000000,-46.2126731873
1.3880000000,-53.1721115112
1.3890000000,-61.8195533752
1.3900000000,-68.0136680603
1.3910000000,-76.2748718262
1.3920000000,-82.6764106750
1.3930000000,-87.5687599182
1.3940000000,-92.3395156860
1.3950000000,-97.4535942078
1.3960000000,-100.5649566650
1.3970000000,-103.2543182373
1.3980000000,-105.0424575806
1.3990000000,-105.8292388916
1.4000000000,-106.4014434814
1.4010000000,-105.5860519409
1.4020000000,-104.4416427612
1.4030000000,-102.9753684998
1.4040000000,-100.5578041077
1.4050000000,-96.4665412903
1.4060000000,-91.6385650635
1.4070000000,-85.4945182800
1.4080000000,-80.1515579224
1.4090000000,-74.0432739258
1.4100000000,-64.6162033081
1.4110000000,-59.2374801636
1.4120000000,-49.2882728577
1.4130000000,-42.0784950256
1.4140000000,-32.1936607361
1.4150000000,-22.6306915283
1.4160000000,-13.9117240906
1.4170000000,-4.3559074402
1.4180000000,4.9138069153
1.4190000000,13.0105018616
1.4200000000,21.3789939880
1.4210000000,30.2338600159
1.4220000000,40.3046607971
1.4230000000,47.1568107605
1.4240000000,56.6339492798
1.4250000000,63.1642341614
1.4260000000,71.6471672058
1.4270000000,77.9056549072
1.4280000000,84.4144821167
1.4290000000,90.1651382446
1.4300000000,95.4437255859
1.4310000000,98.8125801086
1.4320000000,101.5949249268
1.4330000000,103.8050651550
1.4340000000,106.3656806946
1.4350000000,106.6732406616
1.4360000000,106.5373420715
1.4370000000,105.4215431213
1.4380000000,103.1613349915
1.4390000000,101.0084152222
1.4400000000,96.9958305359
1.4410000000,92.0677185059
1.4420000000,88.2267951965
1.4430000000,81.9039344788
1.4440000000,74.1004943848
1.4450000000,67.8563117981
1.4460000000,59.0944290161
1.4470000000,51.2051582336
1.4480000000,41.1701202393
1.4490000000,33.3595275879
1.4500000000,23.4031677246
1.4510000000,13.3252143860
1.4520000000,3.9482116699
1.4530000000,-5.0568580627
1.4540000000,-13.1320953369
1.4550000000,-22.7308273315
1.4560000000,-32.3581695557
1.4570000000,-39.8826599121
1.4580000000,-49.7031211853
1.4590000000,-57.5780868530
1.4600000000,-66.2255287170
1.4610000000,-73.4710693359
1.4620000000,-80.6736946106
1.4630000000,-86.4887237549
1.4640000000,-91.5884971619
1.4650000000,-97.0029830933
1.4660000000,-100.3217697144
1.4670000000,-103.3830642700
1.4680000000,-105.4501533508
1.4690000000,-106.4872741699
1.4700000000,-106.6303253174
1.4710000000,-105.5717468262
1.4720000000,-104.3343544006
1.4730000000,-102.1671295166
1.4740000000,-99.7638702393
1.4750000000,-94.8786735535
1.4760000000,-90.0220870972
1.4770000000,-83.1985473633
1.4780000000,-77.2762298584
1.4790000000,-70.1236724854
1.4800000000,-60.6036186218
1.4810000000,-53.9588928223
1.4820000000,-43.3802604675
1.4830000000,-34.1320037842
1.4840000000,-25.7921218872
1.4850000000,-15.4566764832
1.4860000000,-4.8995018005
1.4870000000,4.2986869812
1.4880000000,13.1678581238
1.4890000000,22.9811668396
1.4900000000,30.6415557861
1.4910000000,40.1759147644
1.4920000000,50.5685806274
1.4930000000,57.2490692139
1.4940000000,66.9836997986
1.4950000000,72.6413726807
1.4960000000,81.9110870361
1.4970000000,87.1467590332
1.4980000000,92.6399230957
1.4990000000,96.7669487000
1.5000000000,101.4089584351
1.5010000000,103.9838790894
1.5020000000,106.2011718750
1.5030000000,106.7018508911
1.5040000000,106.4515113831
1.5050000000,106.0652732849
1.5060000000,104.0840148926
1.5070000000,100.9583473206
1.5080000000,96.9243049622
1.5090000000,93.5196876526
1.5100000000,87.6903533936
1.5110000000,81.2959671021
1.5120000000,73.3709335327
1.5130000000,66.4329528809
1.5140000000,56.6339492798
1.5150000000,49.1094589233
1.5160000000,38.4807586670
1.5170000000,28.8248062134
1.5180000000,19.3047523499
1.5190000000,9.5629692078
1.5200000000,-1.2230873108
1.5210000000,-10.6143951416
1.5220000000,-18.8827514648
1.5230000000,-28.4528732300
1.5240000000,-37.9228591919
1.5250000000,-48.4371185303
1.5260000000,-55.8257102966
1.5270000000,-65.3028488159
1.5280000000,-72.4196434021
1.5290000000,-80.4662704468
1.5300000000,-87.0180130005
1.5310000000,-92.6256179810
1.5320000000,-96.1089134216
1.5330000000,-101.0227203369
1.5340000000,-104.2985916138
1.5350000000,-105.7505607605
1.5360000000,-106.7805290222
1.5370000000,-106.5945625305
1.5380000000,-105.9508323669
1.5390000000,-104.5346260071
1.5400000000,-100.9941101074
1.5410000000,-96.9886779785
1.5420000000,-92.5755500793
1.5430000000,-86.9107246399
1.5440000000,-80.0371170044
1.5450000000,-71.5756416321
1.5460000000,-64.4659996033
1.5470000000,-55.0317764282
1.5480000000,-46.7634201050
1.5490000000,-35.4981422424
1.5500000000,-26.0353088379
1.5510000000,-15.5568122864
1.5520000000,-5.8722496033
1.5530000000,4.4703483582
1.5540000000,13.1821632385
1.5550000000,23.2672691345
1.5560000000,32.7515602112
1.5570000000,43.8880920410
1.5580000000,51.3768196106
1.5590000000,60.9254837036
1.5600000000,68.4571266174
1.5610000000,77.4693489075
1.5620000000,83.6348533630
1.5630000000,89.5428657532
1.5640000000,95.4151153564
1.5650000000,100.1071929932
1.5660000000,103.3687591553
1.5670000000,105.6718826294
1.5680000000,106.8520545959
1.5690000000,106.9235801697
1.5700000000,106.4014434814
1.5710000000,103.8050651550
1.5720000000,101.5233993530
1.5730000000,98.7839698792
1.5740000000,93.8916206360
1.5750000000,88.2768630981
1.5760000000,79.9083709717
1.5770000000,74.2578506470
1.5780000000,65.1669502258
1.5790000000,56.1547279358
1.5800000000,45.4831123352
1.5810000000,37.7011299133
1.5820000000,26.0782241821
1.5830000000,15.5711174011
1.5840000000,4.9495697021
1.5850000000,-4.5132637024
1.5860000000,-13.5326385498
1.5870000000,-23.9610671997
1.5880000000,-34.7971916199
1.5890000000,-43.6735153198
1.5900000000,-52.8860092163
1.5910000000,-62.5777244568
1.5920000000,-70.8031654358
1.5930000000,-78.7425041199
1.5940000000,-85.8807563782
1.5950000000,-91.9461250305
1.5960000000,-96.3449478149
1.5970000000,-100.7723808289
1.5980000000,-103.8193702698
1.5990000000,-106.3942909241
1.6000000000,-107.4171066284
1.6010000000,-106.8377494812
1.6020000000,-105.8793067932
1.6030000000,-103.6906242371
1.6040000000,-101.1729240417
1.6050000000,-96.1089134216
1.6060000000,-90.5370712280
1.6070000000,-84.7864151001
1.6080000000,-77.6553153992
1.6090000000,-68.4428215027
1.6100000000,-60.8825683594
1.6110000000,-50.0893592834
1.6120000000,-40.8196449280
1.6130000000,-30.9848785400
1.6140000000,-19.2761421204
1.6150000000,-8.9263916016
1.6160000000,1.4948844910
1.6170000000,11.0077857971
1.6180000000,21.2001800537
1.6190000000,32.5727462769
1.6200000000,41.0342216492
1.6210000000,50.7903099060
1.6220000000,61.0542297363
1.6230000000,69.1509246826
1.6240000000,77.2619247437
1.6250000000,84.6219062805
1.6260000000,91.1164283752
1.6270000000,96.1017608643
1.6280000000,100.6293296814
1.6290000000,104.1769981384
1.6300000000,106.4372062683
1.6310000000,107.6745986938
1.6320000000,106.9879531860
1.6330000000,105.6790351868
1.6340000000,104.1269302368
1.6350000000,100.4362106323
1.6360000000,95.2863693237
1.6370000000,90.9161567688
1.6380000000,84.1426849365
1.6390000000,76.8828392029
1.6400000000,67.4057006836
1.6410000000,59.0372085571
1.6420000000,49.0450859070
1.6430000000,37.9943847656
1.6440000000,29.0894508362
1.6450000000,17.0373916626
1.6460000000,5.9938430786
1.6470000000,-4.2486190796
1.6480000000,-14.1549110413
1.6490000000,-25.3129005432
1.6500000000,-34.5253944397
1.6510000000,-44.2099571228
1.6520000000,-55.9902191162
1.6530000000,-63.1856918335
1.6540000000,-73.4138488770
1.6550000000,-80.6808471680
1.6560000000,-86.8391990662
1.6570000000,-94.5997238159
1.6580000000,-98.5479354858
1.6590000000,-102.8680801392
1.6600000000,-105.4787635803
1.6610000000,-106.7018508911
1.6620000000,-107.0094108582
1.6630000000,-106.0795783997
1.6640000000,-105.0209999084
1.6650000000,-102.3030281067
1.6660000000,-98.4764099121
1.6670000000,-92.8115844727
1.6680000000,-86.2956047058
1.6690000000,-77.9199600220
1.6700000000,-71.1750984192
1.6710000000,-60.8110427856
1.6720000000,-52.3567199707
1.6730000000,-40.9054756165
1.6740000000,-30.5914878845
1.6750000000,-20.5206871033
1.6760000000,-8.0251693726
1.6770000000,2.8967857361
1.6780000000,13.3109092712
1.6790000000,23.8752365112
1.6800000000,33.3166122437
1.6810000000,43.6377525330
1.6820000000,55.2320480347
1.6830000000,62.6277923584
1.6840000000,73.0991363525
1.6850000000,80.5163383484
1.6860000000,86.9965553284
1.6870000000,94.1705703735
1.6880000000,99.3633270264
1.6890000000,103.2114028931
1.6900000000,105.8864593506
1.6910000000,107.0451736450
1.6920000000,107.4528694153
1.6930000000,106.6517829895
1.6940000000,103.7192344666
1.6950000000,101.5090942383
1.6960000000,97.6252555847
1.6970000000,91.9103622437
1.6980000000,85.3800773621
1.6990000000,76.3034820557
1.7000000000,68.6359405518
1.7010000000,58.3648681641
1.7020000000,49.9320030212
1.7030000000,37.1003150940
1.7040000000,26.4501571655
1.7050000000,16.7584419250
1.7060000000,4.2271614075
1.7070000000,-7.4243545532
1.7080000000,-17.3592567444
1.7090000000,-26.9007682800
1.7100000000,-37.8298759460
1.7110000000,-50.4827499390
1.7120000000,-57.9142570496
1.7130000000,-68.5787200928
1.7140000000,-76.3106346130
1.7150000000,-84.7578048706
1.7160000000,-91.7315483093
1.7170000000,-97.0888137817
1.7180000000,-101.3231277466
1.7190000000,-104.2199134827
1.7200000000,-106.6088676453
1.7210000000,-106.9307327271
1.7220000000,-107.0451736450
1.7230000000,-106.1296463013
1.7240000000,-102.9682159424
1.7250000000,-99.1487503052
1.7260000000,-93.5482978821
1.7270000000,-85.8736038208
1.7280000000,-79.5793533325
1.7290000000,-71.0463523865
1.7300000000,-60.3389739990
1.7310000000,-51.6343116760
1.7320000000,-39.5822525024
1.7330000000,-29.1681289673
1.7340000000,-17.3020362854
1.7350000000,-6.0367584229
1.7360000000,5.1927566528
1.7370000000,15.6354904175
1.7380000000,26.9150733948
1.7390000000,37.4293327332
1.7400000000,49.1094589233
1.7410000000,57.8784942627
1.7420000000,68.5358047485
1.7430000000,75.8671760559
1.7440000000,85.0510597229
1.7450000000,91.3596153259
1.7460000000,97.5108146667
1.7470000000,102.0741462708
1.7480000000,104.8064231873
1.7490000000,106.9235801697
1.7500000000,107.2955131531
1.7510000000,106.8806648254
1.7520000000,105.5145263672
1.7530000000,102.6105880737
1.7540000000,98.0901718140
1.7550000000,92.6184654236
1.7560000000,84.5003128052
1.7570000000,77.6624679565
1.7580000000,68.9005851746
1.7590000000,57.7855110168
1.7600000000,48.1438636780
1.7610000000,36.3850593567
1.7620000000,25.2199172974
1.7630000000,13.5898590088
1.7640000000,1.5592575073
1.7650000000,-9.3698501587
1.7660000000,-19.7553634644
1.7670000000,-30.9848785400
1.7680000000,-43.2229042053
1.7690000000,-52.7000427246
1.7700000000,-63.2071495056
1.7710000000,-71.4039802551
1.7720000000,-81.4318656921
1.7730000000,-88.9849662781
1.7740000000,-93.9130783081
1.7750000000,-99.4992256165
1.7760000000,-103.9123535156
1.7770000000,-106.6875457764
1.7780000000,-107.5387001038
1.7790000000,-107.0451736450
1.7800000000,-106.1868667603
1.7810000000,-103.8908958435
1.7820000000,-100.0857353210
1.7830000000,-93.4767723083
1.7840000000,-87.7761840820
1.7850000000,-80.3804397583
1.7860000000,-70.4169273376
1.7870000000,-61.3331794739
1.7880000000,-50.5614280701
1.7890000000,-40.4548645020
1.7900000000,-27.7447700500
1.7910000000,-16.1719322205
1.7920000000,-3.8552284241
1.7930000000,7.4243545532
1.7940000000,18.6753273010
1.7950000000,29.5400619507
1.7960000000,41.8639183044
1.7970000000,51.3052940369
1.7980000000,62.0341300964
1.7990000000,71.0535049438
1.8000000000,80.9311866760
1.8010000000,88.1624221802
1.8020000000,93.9130783081
1.8030000000,99.6208190918
1.8040000000,104.1698455811
1.8050000000,106.5945625305
1.8060000000,107.9678535461
1.8070000000,107.5458526611
1.8080000000,106.4014434814
1.8090000000,103.8336753845
1.8100000000,99.2202758789
1.8110000000,93.1262969971
1.8120000000,87.8405570984
1.8130000000,79.4076919556
1.8140000000,69.3011283875
1.8150000000,60.4176521301
1.8160000000,48.6946105957
1.8170000000,39.0386581421
1.8180000000,24.7120857239
1.8190000000,12.8746032715
1.8200000000,1.6450881958
1.8210000000,-9.8419189453
1.8220000000,-20.6923484802
1.8230000000,-33.5884094238
1.8240000000,-43.1227684021
1.8250000000,-54.5525550842
1.8260000000,-65.4673576355
1.8270000000,-74.9301910400
1.8280000000,-82.2544097900
1.8290000000,-90.7588005066
1.8300000000,-96.9815254211
1.8310000000,-101.6449928284
1.8320000000,-105.0639152527
1.8330000000,-106.5373420715
1.8340000000,-107.2597503662
1.8350000000,-107.0308685303
1.8360000000,-105.1855087280
1.8370000000,-102.0812988281
1.8380000000,-97.0816612244
1.8390000000,-90.9161567688
1.8400000000,-82.0112228394
1.8410000000,-74.4009017944
1.8420000000,-64.9380683899
1.8430000000,-53.3795356750
1.8440000000,-41.9855117798
1.8450000000,-31.0063362122
1.8460000000,-17.9529190063
1.8470000000,-5.8650970459
1.8480000000,6.4086914063
1.8490000000,17.4808502197
1.8500000000,30.0192832947
1.8510000000,40.4334068298
1.8520000000,51.5341758728
1.8530000000,62.9925727844
1.8540000000,72.0119476318
1.8550000000,80.9240341187
1.8560000000,89.1637802124
1.8570000000,96.1089134216
1.8580000000,100.6650924683
1.8590000000,104.4344902039
1.8600000000,106.6160202026
1.8610000000,108.1752777100
1.8620000000,107.6459884644
1.8630000000,105.2641868591
1.8640000000,102.3674011230
1.8650000000,97.7468490601
1.8660000000,91.2237167358
1.8670000000,82.4618339539
1.8680000000,75.2377510071
1.8690000000,64.6948814392
1.8700000000,53.4439086914
1.8710000000,41.4490699768
1.8720000000,30.7917594910
1.8730000000,17.6882743835
1.8740000000,4.6133995056
1.8750000000,-7.2741508484
1.8760000000,-18.7039375305
1.8770000000,-31.2137603760
1.8780000000,-41.6564941406
1.8790000000,-53.4296035767
1.8800000000,-64.6233558655
1.8810000000,-74.0432739258
1.8820000000,-81.9039344788
1.8830000000,-91.0592079163
1.8840000000,-96.7454910278
1.8850000000,-102.1242141724
1.8860000000,-105.2355766296
1.8870000000,-107.6102256775
1.8880000000,-108.0107688904
1.8890000000,-106.2011718750
1.8900000000,-104.4988632202
1.8910000000,-100.8653640747
1.8920000000,-96.3234901428
1.8930000000,-88.4914398193
1.8940000000,-80.0228118896
1.8950000000,-71.0821151733
1.8960000000,-61.3760948181
1.8970000000,-48.1867790222
1.8980000000,-37.2219085693
1.8990000000,-26.0710716248
1.9000000000,-12.1307373047
1.9010000000,0.7367134094
1.9020000000,12.5741958618
1.9030000000,25.2628326416
1.9040000000,35.9416007996
1.9050000000,46.7276573181
1.9060000000,60.2960586548
1.9070000000,68.8076019287
1.9080000000,79.0357589722
1.9090000000,87.2683525085
1.9100000000,95.0574874878
1.9110000000,99.9855995178
1.9120000000,104.0697097778
1.9130000000,107.1882247925
1.9140000000,108.4256172180
1.9150000000,107.7461242676
1.9160000000,105.6575775146
1.9170000000,101.6521453857
1.9180000000,97.3820686340
1.9190000000,90.2724266052
1.9200000000,81.4247131348
1.9210000000,73.3852386475
1.9220000000,62.0841979980
1.9230000000,51.6557693481
1.9240000000,38.5236740112
1.9250000000,26.0353088379
1.9260000000,14.1620635986
1.9270000000,0.4148483276
1.9280000000,-12.3023986816
1.9290000000,-23.0383872986
1.9300000000,-35.4194641113
1.9310000000,-47.1496582031
1.9320000000,-59.3090057373
1.9330000000,-69.9591636658
1.9340000000,-78.3133506775
1.9350000000,-87.9764556885
1.9360000000,-94.9859619141
1.9370000000,-100.6722450256
1.9380000000,-103.9481163025
1.9390000000,-106.2369346619
1.9400000000,-107.8677177429
1.9410000000,-107.4743270874
1.9420000000,-105.3571701050
1.9430000000,-102.0455360413
1.9440000000,-96.7597961426
1.9450000000,-89.9076461792
1.9460000000,-80.6093215942
1.9470000000,-71.5827941895
1.9480000000,-61.3617897034
1.9490000000,-49.7603416443
1.9500000000,-36.8428230286
1.9510000000,-24.7192382813
1.9520000000,-12.4382972717
1.9530000000,1.5377998352
1.9540000000,14.3980979919
1.9550000000,25.9709358215
1.9560000000,38.0587577820
1.9570000000,50.4469871521
1.9580000000,61.2759590149
1.9590000000,72.2622871399
1.9600000000,80.0514221191
1.9610000000,90.0363922119
1.9620000000,96.3664054871
1.9630000000,102.2243499756
1.9640000000,106.0366630554
1.9650000000,107.2883605957
1.9660000000,108.1180572510
1.9670000000,106.7948341370
1.9680000000,103.6906242371
1.9690000000,100.1930236816
1.9700000000,94.5639610291
1.9710000000,87.1109962463
1.9720000000,76.7612457275
1.9730000000,67.6846504211
1.9740000000,55.8614730835
1.9750000000,44.0096855164
1.9760000000,30.8775901794
1.9770000000,17.6310539246
1.9780000000,4.5704841614
1.9790000000,-7.9178810120
1.9800000000,-19.8984146118
1.9810000000,-32.8588485718
1.9820000000,-46.2913513184
1.9830000000,-56.4122200012
1.9840000000,-68.1853294373
1.9850000000,-77.2333145142
1.9860000000,-87.2111320496
1.9870000000,-94.1634178162
1.9880000000,-100.1429557800
1.9890000000,-104.3343544006
1.9900000000,-106.7876815796
1.9910000000,-107.6030731201
1.9920000000,-107.0952415466
1.9930000000,-105.3071022034
1.9940000000,-102.2529602051
1.9950000000,-96.0087776184
1.9960000000,-88.6559486389
1.9970000000,-79.3504714966
1.9980000000,-69.8876380920
1.9990000000,-58.7224960327
2.0000000000,-46.8134880066
2.0010000000,-33.6670875549
2.0020000000,-20.6136703491
2.0030000000,-7.3385238647
2.0040000000,6.2298774719
2.0050000000,18.2461738586
2.0060000000,31.0850143433
2.0070000000,43.5662269592
2.0080000000,56.0688972473
2.0090000000,66.6689872742
2.0100000000,76.9186019897
2.0110000000,86.4672660828
2.0120000000,94.0918922424
2.0130000000,99.5922088623
2.0140000000,103.6047935486
2.0150000000,107.4028015137
2.0160000000,108.6544990540
2.0170000000,107.6531410217
2.0180000000,105.3214073181
2.0190000000,101.4518737793
2.0200000000,96.1804389954
2.0210000000,88.1552696228
2.0220000000,78.8569450378
2.0230000000,69.8232650757
2.0240000000,56.9415092468
2.0250000000,45.8335876465
2.0260000000,31.6429138184
2.0270000000,18.7182426453
2.0280000000,5.1283836365
2.0290000000,-8.0680847168
2.0300000000,-20.8353996277
2.0310000000,-33.4954261780
2.0320000000,-46.3986396790
2.0330000000,-57.3849678040
2.0340000000,-69.9305534363
2.0350000000,-79.0071487427
2.0360000000,-87.5759124756
2.0370000000,-95.5009460449
2.0380000000,-101.3016700745
2.0390000000,-105.6361198425
2.0400000000,-107.2311401367
2.0410000000,-108.2253456116
2.0420000000,-107.1095466614
2.0430000000,-103.8980484009
2.0440000000,-99.2488861084
2.0450000000,-93.2621955872
2.0460000000,-85.4229927063
2.0470000000,-75.7527351379
2.0480000000,-64.5661354065
2.0490000000,-53.0791282654
2.0500000000,-39.9541854858
2.0510000000,-26.8077850342
2.0520000000,-12.8889083862
2.0530000000,0.5006790161
2.0540000000,13.1320953369
2.0550000000,26.3929367065
2.0560000000,39.7324562073
2.0570000000,52.7715682983
2.0580000000,63.1785392761
2.0590000000,74.6083259583
2.0600000000,84.4717025757
2.0610000000,92.4253463745
2.0620000000,97.9614257813
2.0630000000,103.9552688599
2.0640000000,107.6173782349
2.0650000000,108.5400581360
2.0660000000,107.9320907593
2.0670000000,105.2713394165
2.0680000000,101.7808914185
2.0690000000,96.2448120117
2.0700000000,87.4185562134
2.0710000000,79.4076919556
2.0720000000,69.0722465515
2.0730000000,56.0188293457
2.0740000000,44.5890426636
2.0750000000,30.1766395569
2.0760000000,16.2363052368
2.0770000000,2.8681755066
2.0780000000,-10.4212760925
2.0790000000,-23.1099128723
2.0800000000,-38.2018089294
2.0810000000,-48.5229492188
2.0820000000,-61.7551803589
2.0830000000,-72.4339485168
2.0840000000,-82.5762748718
2.0850000000,-91.5312767029
2.0860000000,-97.3391532898
2.0870000000,-102.8108596802
2.0880000000,-106.7304611206
2.0890000000,-108.0107688904
2.0900000000,-107.9821586609
2.0910000000,-106.1868667603
2.0920000000,-102.2458076477
2.0930000000,-96.3950157166
2.0940000000,-88.4771347046
2.0950000000,-80.3804397583
2.0960000000,-69.6802139282
2.0970000000,-56.6482543945
2.0980000000,-45.8335876465
2.0990000000,-30.3339958191
2.1000000000,-16.9229507446
2.1010000000,-3.4761428833
2.1020000000,10.1923942566
2.1030000000,22.8095054626
2.1040000000,37.4293327332
2.1050000000,49.2811203003
2.1060000000,61.4190101624
2.1070000000,73.2851028442
2.1080000000,83.5847854614
2.1090000000,91.4740562439
2.1100000000,97.7611541748
2.1110000000,103.7907600403
2.1120000000,107.1667671204
2.1130000000,108.4613800049
2.1140000000,108.4828376770
2.1150000000,105.2498817444
2.1160000000,101.4447212219
2.1170000000,95.6511497498
2.1180000000,86.7247581482
2.1190000000,78.5636901855
2.1200000000,67.0981407166
2.1210000000,54.1734695435
2.1220000000,41.4276123047
2.1230000000,27.4515151978
2.1240000000,13.0105018616
2.1250000000,-0.9012222290
2.1260000000,-13.9188766479
2.1270000000,-28.3384323120
2.1280000000,-40.9340858459
2.1290000000,-53.1291961670
2.1300000000,-66.1039352417
2.1310000000,-77.1260261536
2.1320000000,-85.3514671326
2.1330000000,-94.6426391602
2.1340000000,-100.7151603699
2.1350000000,-105.3929328918
2.1360000000,-107.4600219727
2.1370000000,-108.1252098083
2.1380000000,-107.2096824646
2.1390000000,-103.5404205322
2.1400000000,-98.5050201416
2.1410000000,-92.0534133911
2.1420000000,-83.2200050354
2.1430000000,-72.1836090088
2.1440000000,-61.0613822937
2.1450000000,-48.0222702026
2.1460000000,-35.1762771606
2.1470000000,-19.9413299561
2.1480000000,-5.7220458984
2.1490000000,8.1038475037
2.1500000000,21.0928916931
2.1510000000,36.2348556519
2.1520000000,48.4514236450
2.1530000000,60.9970092773
2.1540000000,72.0334053040
2.1550000000,82.7336311340
2.1560000000,91.9604301453
2.1570000000,98.1259346008
2.1580000000,103.2757759094
2.1590000000,107.4385643005
2.1600000000,108.6473464966
2.1610000000,107.8963279724
2.1620000000,105.3142547607
2.1630000000,100.2717018127
2.1640000000,94.7499275208
2.1650000000,84.5861434937
2.1660000000,75.9458541870
2.1670000000,63.8794898987
2.1680000000,50.8260726929
2.1690000000,37.0359420776
2.1700000000,23.6749649048
2.1710000000,8.1324577332
2.1720000000,-6.2584877014
2.1730000000,-19.8698043823
2.1740000000,-33.2379341125
2.1750000000,-46.2198257446
2.1760000000,-59.9169731140
2.1770000000,-70.8746910095
2.1780000000,-81.8324089050
2.1790000000,-90.8803939819
2.1800000000,-98.6409187317
2.1810000000,-102.9682159424
2.1820000000,-106.2083244324
2.1830000000,-108.3254814148
2.1840000000,-107.4957847595
2.1850000000,-105.4501533508
2.1860000000,-101.2301445007
2.1870000000,-94.3136215210
2.1880000000,-86.0095024109
2.1890000000,-74.7299194336
2.1900000000,-64.5089149475
2.1910000000,-50.4899024963
2.1920000000,-38.0873680115
2.1930000000,-22.9454040527
2.1940000000,-7.7247619629
2.1950000000,6.4015388489
2.1960000000,19.9341773987
2.1970000000,35.3264808655
2.1980000000,47.0352172852
2.1990000000,60.7752799988
2.2000000000,71.4468955994
2.2010000000,82.7622413635
2.2020000000,92.3681259155
2.2030000000,98.6480712891
2.2040000000,103.5761833191
2.2050000000,106.9521903992
2.2060000000,108.7975502014
2.2070000000,107.8748703003
2.2080000000,104.5846939087
2.2090000000,99.6279716492
2.2100000000,93.4553146362
2.2110000000,83.3058357239
2.2120000000,72.6985931396
2.2130000000,61.1114501953
2.2140000000,47.3070144653
2.2150000000,33.0090522766
2.2160000000,18.7897682190
2.2170000000,3.6478042603
2.2180000000,-11.2223625183
2.2190000000,-24.3115425110
2.2200000000,-38.9099121094
2.2210000000,-52.5355339050
2.2220000000,-64.5518302917
2.2230000000,-76.3821601868
2.2240000000,-85.9737396240
2.2250000000,-94.6855545044
2.2260000000,-100.7723808289
2.2270000000,-105.7434082031
2.2280000000,-108.3612442017
2.2290000000,-107.9249382019
2.2300000000,-106.8019866943
2.2310000000,-102.8323173523
2.2320000000,-96.6382026672
2.2330000000,-88.4342193604
2.2340000000,-78.8712501526
2.2350000000,-67.7633285522
2.2360000000,-54.4881820679
2.2370000000,-40.5120849609
2.2380000000,-27.3227691650
2.2390000000,-11.1079216003
2.2400000000,3.4689903259
2.2410000000,18.1674957275
2.2420000000,32.1292877197
2.2430000000,45.1898574829
2.2440000000,59.2803955078
2.2450000000,70.1951980591
2.2460000000,81.8753242493
2.2470000000,91.6457176208
2.2480000000,98.3047485352
2.2490000000,103.2185554504
2.2500000000,106.8520545959
2.2510000000,108.6831092834
2.2520000000,107.4814796448
2.2530000000,104.2628288269
2.2540000000,98.7195968628
2.2550000000,92.4038887024
2.2560000000,81.2101364136
2.2570000000,71.2037086487
2.2580000000,58.5436820984
2.2590000000,44.3029403687
2.2600000000,29.7546386719
2.2610000000,14.7414207458
2.2620000000,-0.2932548523
2.2630000000,-14.3194198608
2.2640000000,-28.9177894592
2.2650000000,-43.3444976807
2.2660000000,-56.8985939026
2.2670000000,-69.1723823547
2.2680000000,-80.1444053650
2.2690000000,-90.0864601135
2.2700000000,-98.2618331909
2.2710000000,-103.5261154175
2.2720000000,-106.7662239075
2.2730000000,-108.1395149231
2.2740000000,-107.1739196777
2.2750000000,-105.2212715149
2.2760000000,-99.7924804688
2.2770000000,-92.8831100464
2.2780000000,-83.6062431335
2.2790000000,-71.1393356323
2.2800000000,-60.3318214417
2.2810000000,-45.7620620728
2.2820000000,-31.4998626709
2.2830000000,-16.7298316956
2.2840000000,-0.6079673767
2.2850000000,14.2836570740
2.2860000000,28.3527374268
2.2870000000,42.4003601074
2.2880000000,55.8829307556
2.2890000000,68.0279731750
2.2900000000,80.1515579224
2.2910000000,89.4927978516
2.2920000000,96.8027114868
2.2930000000,103.2686233521
2.2940000000,106.9092750549
2.2950000000,108.3540916443
2.2960000000,107.4600219727
2.2970000000,104.1913032532
2.2980000000,99.1630554199
2.2990000000,91.6028022766
2.3000000000,81.2387466431
2.3010000000,71.0034370422
2.3020000000,56.7841529846
2.3030000000,44.2528724670
2.3040000000,27.9021263123
2.3050000000,13.1249427795
2.3060000000,-2.2459030151
2.3070000000,-16.6940689087
2.3080000000,-31.1779975891
2.3090000000,-46.6847419739
2.3100000000,-58.7010383606
2.3110000000,-72.4267959595
2.3120000000,-83.2343101501
2.3130000000,-91.5384292603
2.3140000000,-99.7710227966
2.3150000000,-104.9923896790
2.3160000000,-107.7246665955
2.3170000000,-108.3397865295
2.3180000000,-107.0594787598
2.3190000000,-103.4688949585
2.3200000000,-97.3391532898
2.3210000000,-88.1624221802
2.3220000000,-79.0071487427
2.3230000000,-66.8907165527
2.3240000000,-53.0362129211
2.3250000000,-38.4593009949
2.3260000000,-24.0969657898
2.3270000000,-7.9751014709
2.3280000000,7.9321861267
2.3290000000,22.2659111023
2.3300000000,36.2420082092
2.3310000000,50.0822067261
2.3320000000,64.0583038330
2.3330000000,76.3392448425
2.3340000000,85.4229927063
2.3350000000,95.4008102417
2.3360000000,101.9454002380
2.3370000000,105.8864593506
2.3380000000,108.1824302673
2.3390000000,107.6030731201
2.3400000000,104.6061515808
2.3410000000,99.9283790588
2.3420000000,92.6899909973
2.3430000000,84.1355323792
2.3440000000,72.1478462219
2.3450000000,58.8226318359
2.3460000000,44.8179244995
2.3470000000,29.9048423767
2.3480000000,13.6184692383
2.3490000000,-1.5950202942
2.3500000000,-16.0360336304
2.3510000000,-32.0577621460
2.3520000000,-46.0195541382
2.3530000000,-59.3733787537
2.3540000000,-72.9703903198
2.3550000000,-83.7564468384
2.3560000000,-93.3480262756
2.3570000000,-99.4420051575
2.3580000000,-105.2641868591
2.3590000000,-108.1466674805
2.3600000000,-108.3540916443
2.3610000000,-106.5516471863
2.3620000000,-102.7607917786
2.3630000000,-95.7727432251
2.3640000000,-86.7891311646
2.3650000000,-75.3736495972
2.3660000000,-63.6649131775
2.3670000000,-48.9091873169
2.3680000000,-33.8101387024
2.3690000000,-19.4978713989
2.3700000000,-2.6607513428
2.3710000000,13.0248069763
2.3720000000,27.1224975586
2.3730000000,41.3417816162
2.3740000000,55.5825233459
2.3750000000,67.7418708801
2.3760000000,80.3947448730
2.3770000000,89.7002220154
2.3780000000,96.8885421753
2.3790000000,103.6262512207
2.3800000000,106.6589355469
2.3810000000,107.6602935791
2.3820000000,105.8149337769
2.3830000000,101.9525527954
2.3840000000,95.9658622742
2.3850000000,86.3599777222
2.3860000000,76.2391090393
2.3870000000,63.8365745544
2.3880000000,48.8805770874
2.3890000000,33.7457656860
2.3900000000,19.0401077271
2.3910000000,2.2888183594
2.3920000000,-13.6899948120
2.3930000000,-27.7876853943
2.3940000000,-43.1084632874
2.3950000000,-57.8927993774
2.3960000000,-69.8375701904
2.3970000000,-82.3616981506
2.3980000000,-92.3037528992
2.3990000000,-99.8139381409
2.4000000000,-104.6633720398
2.4010000000,-107.6602935791
2.4020000000,-108.3898544312
2.4030000000,-106.6589355469
2.4040000000,-103.1827926636
2.4050000000,-96.0159301758
2.4060000000,-87.5759124756
2.4070000000,-74.8372077942
2.4080000000,-63.2143020630
2.4090000000,-48.1510162354
2.4100000000,-34.3680381775
2.4110000000,-17.1589851379
2.4120000000,-1.2803077698
2.4130000000,13.4825706482
2.4140000000,29.4899940491
2.4150000000,43.1442260742
2.4160000000,57.0416450500
2.4170000000,70.7745552063
2.4180000000,82.1971893311
2.4190000000,91.3953781128
2.4200000000,98.7768173218
2.4210000000,104.5775413513
2.4220000000,107.3741912842
2.4230000000,107.4528694153
2.4240000000,104.8135757446
2.4250000000,99.8854637146
2.4260000000,93.4267044067
2.4270000000,82.2973251343
2.4280000000,72.0620155334
2.4290000000,57.7783584595
2.4300000000,43.3301925659
2.4310000000,27.2083282471
2.4320000000,10.6644630432
2.4330000000,-5.2285194397
2.4340000000,-20.3847885132
2.4350000000,-35.7270240784
2.4360000000,-51.4912605286
2.4370000000,-64.1226768494
2.4380000000,-77.6410102844
2.4390000000,-88.2267951965
2.4400000000,-96.8813896179
2.4410000000,-102.6821136475
2.4420000000,-107.0737838745
2.4430000000,-108.2324981689
2.4440000000,-107.6316833496
2.4450000000,-104.8707962036
2.4460000000,-98.6409187317
2.4470000000,-90.0363922119
2.4480000000,-78.3061981201
2.4490000000,-66.6189193726
2.4500000000,-51.8131256104
2.4510000000,-37.5151634216
2.4520000000,-20.6923484802
2.4530000000,-4.7063827515
2.4540000000,10.4355812073
2.4550000000,25.1412391663
2.4560000000,41.9354438782
2.4570000000,53.8873672485
2.4580000000,68.8862800598
2.4590000000,79.0500640869
2.4600000000,90.2438163757
2.4610000000,98.2761383057
2.4620000000,103.4688949585
2.4630000000,106.3084602356
2.4640000000,106.4229011536
2.4650000000,103.8336753845
2.4660000000,99.1415977478
2.4670000000,91.8102264404
2.4680000000,82.4189186096
2.4690000000,69.8947906494
2.4700000000,55.8471679688
2.4710000000,39.8898124695
2.4720000000,26.0066986084
2.4730000000,8.0680847168
2.4740000000,-8.5258483887
2.4750000000,-24.6548652649
2.4760000000,-38.3734703064
2.4770000000,-53.8802146912
2.4780000000,-67.9850578308
2.4790000000,-81.2387466431
2.4800000000,-89.5071029663
2.4810000000,-98.5980033875
2.4820000000,-105.3571701050
2.4830000000,-108.0322265625
2.4840000000,-108.2897186279
2.4850000000,-106.8019866943
2.4860000000,-102.8537750244
2.4870000000,-95.8871841431
2.4880000000,-84.4287872314
2.4890000000,-74.0861892700
2.4900000000,-60.3818893433
2.4910000000,-45.3901290894
2.4920000000,-29.6616554260
2.4930000000,-12.5885009766
2.4940000000,2.8896331787
2.4950000000,17.4021720886
2.4960000000,33.3809852600
2.4970000000,48.5086441040
2.4980000000,61.6121292114
2.4990000000,74.8157501221
2.5000000000,85.3228569031
2.5010000000,94.0918922424
2.5020000000,101.6807556152
2.5030000000,105.0782203674
2.5040000000,106.1654090881
2.5050000000,104.5060157776
2.5060000000,101.1800765991
2.5070000000,93.6341285706
2.5080000000,84.0353965759
2.5090000000,73.1778144836
2.5100000000,58.9728355408
2.5110000000,45.9623336792
2.5120000000,27.1940231323
2.5130000000,10.6716156006
2.5140000000,-5.6004524231
2.5150000000,-20.4849243164
2.5160000000,-36.7498397827
2.5170000000,-52.7358055115
2.5180000000,-65.8178329468
2.5190000000,-79.7438621521
2.5200000000,-89.3354415894
2.5210000000,-98.7839698792
2.5220000000,-104.3701171875
2.5230000000,-107.2883605957
2.5240000000,-108.2968711853
2.5250000000,-106.6160202026
2.5260000000,-102.3244857788
2.5270000000,-95.5510139465
2.5280000000,-85.4587554932
2.5290000000,-72.6699829102
2.5300000000,-58.8583946228
2.5310000000,-43.6878204346
2.5320000000,-29.1824340820
2.5330000000,-11.3081932068
2.5340000000,4.7349929810
2.5350000000,21.2860107422
2.5360000000,35.3693962097
2.5370000000,49.5815277100
2.5380000000,64.5875930786
2.5390000000,77.5480270386
2.5400000000,87.5759124756
2.5410000000,96.7240333557
2.5420000000,103.2185554504
2.5430000000,105.7147979736
2.5440000000,106.1296463013
2.5450000000,103.7907600403
2.5460000000,98.7410545349
2.5470000000,90.5084609985
2.5480000000,81.1815261841
2.5490000000,68.1638717651
2.5500000000,54.1448593140
2.5510000000,36.2992286682
2.5520000000,22.0370292664
2.5530000000,3.5834312439
2.5540000000,-12.6814842224
2.5550000000,-27.2583961487
2.5560000000,-43.8380241394
2.5570000000,-60.0528717041
2.5580000000,-71.4755058289
2.5590000000,-85.1082801819
2.5600000000,-94.5067405701
2.5610000000,-102.0526885986
2.5620000000,-106.2297821045
2.5630000000,-108.0250740051
2.5640000000,-107.2669029236
2.5650000000,-103.9052009583
2.5660000000,-98.2904434204
2.5670000000,-88.9849662781
2.5680000000,-77.4979591370
2.5690000000,-63.4503364563
2.5700000000,-48.6874580383
2.5710000000,-32.1650505066
2.5720000000,-15.6211853027
2.5730000000,0.5650520325
2.5740000000,15.8929824829
2.5750000000,31.5141677856
2.5760000000,47.8076934814
2.5770000000,60.4677200317
2.5780000000,74.9373435974
2.5790000000,86.2312316895
2.5800000000,94.6640968323
2.5810000000,100.7366180420
2.5820000000,105.0996780396
2.5830000000,105.8149337769
2.5840000000,103.8193702698
2.5850000000,99.1559028625
2.5860000000,91.9890403748
2.5870000000,80.0371170044
2.5880000000,68.9578056335
2.5890000000,52.7644157410
2.5900000000,37.9443168640
2.5910000000,20.3418731689
2.5920000000,3.0970573425
2.5930000000,-13.5183334351
2.5940000000,-29.3040275574
2.5950000000,-45.9194183350
2.5960000000,-59.5235824585
2.5970000000,-74.3150711060
2.5980000000,-86.7104530334
2.5990000000,-94.4995880127
2.6000000000,-102.4103164673
2.6010000000,-106.7733764648
2.6020000000,-108.6831092834
2.6030000000,-107.1882247925
2.6040000000,-102.6678085327
2.6050000000,-96.1375236511
2.6060000000,-85.7019424438
2.6070000000,-73.0347633362
2.6080000000,-60.3818893433
2.6090000000,-42.2644615173
2.6100000000,-26.6933441162
2.6110000000,-9.9062919617
2.6120000000,7.0524215698
2.6130000000,21.4433670044
2.6140000000,37.6081466675
2.6150000000,53.5726547241
2.6160000000,65.5889511108
2.6170000000,79.7009468079
2.6180000000,89.7002220154
2.6190000000,97.6538658142
2.6200000000,102.5032997131
2.6210000000,104.6991348267
2.6220000000,104.2985916138
2.6230000000,100.9941101074
2.6240000000,94.1634178162
2.6250000000,84.7077369690
2.6260000000,71.4826583862
2.6270000000,58.3148002625
2.6280000000,41.5205955505
2.6290000000,24.4188308716
2.6300000000,7.1525573730
2.6310000000,-9.1409683228
2.6320000000,-24.5547294617
2.6330000000,-41.5849685669
2.6340000000,-58.2289695740
2.6350000000,-70.5528259277
2.6360000000,-84.1641426086
2.6370000000,-93.6269760132
2.6380000000,-102.0741462708
2.6390000000,-106.4443588257
2.6400000000,-108.0465316772
2.6410000000,-107.5744628906
2.6420000000,-102.9825210571
2.6430000000,-96.3664054871
2.6440000000,-87.1968269348
2.6450000000,-74.9731063843
2.6460000000,-59.6523284912
2.6470000000,-45.2041625977
2.6480000000,-28.2454490662
2.6490000000,-10.4355812073
2.6500000000,5.7864189148
2.6510000000,20.7352638245
2.6520000000,38.3806228638
2.6530000000,51.8560409546
2.6540000000,65.6175613403
2.6550000000,77.7840614319
2.6560000000,89.3926620483
2.6570000000,97.4249839783
2.6580000000,102.9753684998
2.6590000000,104.3057441711
2.6600000000,103.5833358765
2.6610000000,99.9212265015
2.6620000000,94.1061973572
2.6630000000,84.1498374939
2.6640000000,71.6614723206
2.6650000000,56.8914413452
2.6660000000,40.0257110596
2.6670000000,24.5833396912
2.6680000000,5.9223175049
2.6690000000,-11.4440917969
2.6700000000,-27.9235839844
2.6710000000,-44.3530082703
2.6720000000,-59.7596168518
2.6730000000,-72.7987289429
2.6740000000,-86.5387916565
2.6750000000,-96.0016250610
2.6760000000,-103.3115386963
2.6770000000,-106.7662239075
2.6780000000,-107.7389717102
2.6790000000,-106.1797142029
2.6800000000,-101.1729240417
2.6810000000,-93.5840606689
2.6820000000,-83.2271575928
2.6830000000,-68.3712959290
2.6840000000,-54.6669960022
2.6850000000,-38.1445884705
2.6860000000,-20.5636024475
2.6870000000,-4.8136711121
2.6880000000,12.5598907471
2.6890000000,26.7219543457
2.6900000000,42.9296493530
2.6910000000,59.4520568848
2.6920000000,72.0405578613
2.6930000000,84.9938392639
2.6940000000,94.0418243408
2.6950000000,100.2717018127
2.6960000000,103.9695739746
2.6970000000,103.9552688599
2.6980000000,101.0656356812
2.6990000000,95.4008102417
2.7000000000,87.2683525085
2.7010000000,75.6454467773
2.7020000000,59.9098205566
2.7030000000,46.2841987610
2.7040000000,27.2297859192
2.7050000000,9.9420547485
2.7060000000,-7.8535079956
2.7070000000,-24.3043899536
2.7080000000,-40.9412384033
2.7090000000,-54.7814369202
2.7100000000,-71.7329978943
2.7110000000,-84.2785835266
2.7120000000,-93.6484336853
2.7130000000,-101.4089584351
2.7140000000,-106.4014434814
2.7150000000,-107.5887680054
2.7160000000,-106.7161560059
2.7170000000,-102.3459434509
2.7180000000,-94.4423675537
2.7190000000,-82.7121734619
2.7200000000,-70.1522827148
2.7210000000,-54.3594360352
2.7220000000,-39.9684906006
2.7230000000,-20.4062461853
2.7240000000,-3.4904479980
2.7250000000,12.5885009766
2.7260000000,27.3513793945
2.7270000000,45.3186035156
2.7280000000,58.5865974426
2.7290000000,73.1062889099
2.7300000000,85.3228569031
2.7310000000,93.3408737183
2.7320000000,100.9726524353
2.7330000000,104.3915748596
2.7340000000,103.6763191223
2.7350000000,101.4661788940
2.7360000000,95.0503349304
2.7370000000,84.9580764771
2.7380000000,73.6141204834
2.7390000000,58.5436820984
2.7400000000,40.4906272888
2.7410000000,23.4603881836
2.7420000000,5.9008598328
2.7430000000,-11.3296508789
2.7440000000,-27.7447700500
2.7450000000,-44.5747375488
2.7460000000,-60.1816177368
2.7470000000,-73.9574432373
2.7480000000,-86.0452651978
2.7490000000,-95.8442687988
2.7500000000,-103.6977767944
2.7510000000,-106.7805290222
2.7520000000,-107.3741912842
2.7530000000,-105.1926612854
2.7540000000,-99.3132591248
2.7550000000,-88.8347625732
2.7560000000,-78.5064697266
2.7570000000,-63.8794898987
2.7580000000,-47.5144386292
2.7590000000,-29.5042991638
2.7600000000,-13.4611129761
2.7610000000,4.7779083252
2.7620000000,20.0486183167
2.7630000000,36.7784500122
2.7640000000,52.4854660034
2.7650000000,64.9738311768
2.7660000000,79.4506072998
2.7670000000,90.1722908020
2.7680000000,96.9529151917
2.7690000000,102.7393341064
2.7700000000,103.6620140076
2.7710000000,102.2171974182
2.7720000000,97.2104072571
2.7730000000,89.1709327698
2.7740000000,77.0688056946
2.7750000000,63.8651847839
2.7760000000,45.7978248596
2.7770000000,29.9978256226
2.7780000000,11.7087364197
2.7790000000,-7.8821182251
2.7800000000,-23.9968299866
2.7810000000,-40.1258468628
2.7820000000,-56.4980506897
2.7830000000,-70.2238082886
2.7840000000,-83.6992263794
2.7850000000,-94.2707061768
2.7860000000,-101.5520095825
2.7870000000,-105.7577133179
2.7880000000,-106.6231727600
2.7890000000,-105.4358482361
2.7900000000,-99.7567176819
2.7910000000,-90.6229019165
2.7920000000,-77.7626037598
2.7930000000,-64.5089149475
2.7940000000,-48.7518310547
2.7950000000,-31.3711166382
2.7960000000,-13.8044357300
2.7970000000,4.1699409485
2.7980000000,18.7039375305
2.7990000000,35.1691246033
2.8000000000,50.3468513489
2.8010000000,65.1097297668
2.8020000000,77.8412818909
2.8030000000,89.7932052612
2.8040000000,97.7683067322
2.8050000000,102.4603843689
2.8060000000,102.8895378113
2.8070000000,100.8224487305
2.8080000000,95.3578948975
2.8090000000,87.5973701477
2.8100000000,76.3893127441
2.8110000000,60.3318214417
2.8120000000,45.1755523682
2.8130000000,25.1054763794
2.8140000000,7.5459480286
2.8150000000,-9.6774101257
2.8160000000,-27.5444984436
2.8170000000,-45.1683998108
2.8180000000,-58.6938858032
2.8190000000,-75.1090049744
2.8200000000,-87.8834724426
2.8210000000,-96.1804389954
2.8220000000,-103.6190986633
2.8230000000,-106.8806648254
2.8240000000,-107.3312759399
2.8250000000,-104.2270660400
2.8260000000,-97.4678993225
2.8270000000,-87.9764556885
2.8280000000,-73.0419158936
2.8290000000,-58.7725639343
2.8300000000,-41.7494773865
2.8310000000,-24.6763229370
2.8320000000,-7.3957443237
2.8330000000,9.9134445190
2.8340000000,25.3343582153
2.8350000000,41.6564941406
2.8360000000,57.8427314758
2.8370000000,70.7101821899
2.8380000000,84.4073295593
2.8390000000,93.2765007019
2.8400000000,100.1286506653
2.8410000000,102.2315025330
2.8420000000,101.4375686646
2.8430000000,98.3333587646
2.8440000000,90.9519195557
2.8450000000,80.8954238892
2.8460000000,65.2241706848
2.8470000000,51.2552261353
2.8480000000,32.2580337524
2.8490000000,14.2836570740
2.8500000000,-3.3116340637
2.8510000000,-20.3132629395
2.8520000000,-37.7511978149
2.8530000000,-55.6111335754
2.8540000000,-68.6502456665
2.8550000000,-83.2414627075
2.8560000000,-93.6627388000
2.8570000000,-101.6807556152
2.8580000000,-106.2941551208
2.8590000000,-107.2025299072
2.8600000000,-104.3272018433
2.8610000000,-98.1760025024
2.8620000000,-89.4427299500
2.8630000000,-76.9972801208
2.8640000000,-60.4176521301
2.8650000000,-45.7620620728
2.8660000000,-26.9794464111
2.8670000000,-10.0493431091
2.8680000000,7.4100494385
2.8690000000,22.9668617249
2.8700000000,40.1759147644
2.8710000000,54.7742843628
2.8720000000,69.7159767151
2.8730000000,81.6679000854
2.8740000000,92.5683975220
2.8750000000,98.9842414856
2.8760000000,102.2672653198
2.8770000000,101.6378402710
2.8780000000,97.1603393555
2.8790000000,90.2009010315
2.8800000000,79.9441337585
2.8810000000,65.7606124878
2.8820000000,48.8734245300
2.8830000000,31.4927101135
2.8840000000,13.1535530090
2.8850000000,-4.8065185547
2.8860000000,-21.7652320862
2.8870000000,-38.8526916504
2.8880000000,-56.7770004272
2.8890000000,-69.9019432068
2.8900000000,-85.1869583130
2.8910000000,-94.9501991272
2.8920000000,-102.3960113525
2.8930000000,-106.3370704651
2.8940000000,-106.0080528259
2.8950000000,-103.4116744995
2.8960000000,-96.7669487000
2.8970000000,-86.5459442139
2.8980000000,-73.7214088440
2.8990000000,-56.4479827881
2.9000000000,-39.9398803711
2.9010000000,-23.3530998230
2.9020000000,-4.7206878662
2.9030000000,12.5741958618
2.9040000000,28.8248062134
2.9050000000,44.2743301392
2.9060000000,60.0171089172
2.9070000000,73.4710693359
2.9080000000,86.8678092957
2.9090000000,95.4222679138
2.9100000000,100.4362106323
2.9110000000,102.1242141724
2.9120000000,99.8926162720
2.9130000000,95.9229469299
2.9140000000,86.5173339844
2.9150000000,74.1720199585
2.9160000000,58.3076477051
2.9170000000,41.2130355835
2.9180000000,24.1541862488
2.9190000000,4.6634674072
2.9200000000,-13.2250785828
2.9210000000,-30.7989120483
2.9220000000,-47.5788116455
2.9230000000,-64.2156600952
2.9240000000,-77.3620605469
2.9250000000,-90.6658172607
2.9260000000,-98.7482070923
2.9270000000,-104.9709320068
2.9280000000,-106.5945625305
2.9290000000,-104.9351692200
2.9300000000,-98.7982749939
2.9310000000,-89.6716117859
2.9320000000,-78.1273841858
2.9330000000,-62.9925727844
2.9340000000,-45.9265708923
2.9350000000,-28.4600257874
2.9360000000,-10.5357170105
2.9370000000,6.6518783569
2.9380000000,23.0312347412
2.9390000000,38.6810302734
2.9400000000,55.5467605591
2.9410000000,69.7016716003
2.9420000000,83.2128524780
2.9430000000,93.4052467346
2.9440000000,99.7567176819
2.9450000000,102.1599769592
2.9460000000,100.2573966980
2.9470000000,95.7012176514
2.9480000000,88.6130332947
2.9490000000,76.0817527771
2.9500000000,60.2674484253
2.9510000000,43.8380241394
2.9520000000,25.4130363464
2.9530000000,6.8163871765
2.9540000000,-11.1293792725
2.9550000000,-28.5243988037
2.9560000000,-46.3771820068
2.9570000000,-61.9339942932
2.9580000000,-77.4335861206
2.9590000000,-90.0936126709
2.9600000000,-98.7911224365
2.9610000000,-103.9266586304
2.9620000000,-106.2083244324
2.9630000000,-104.7348976135
2.9640000000,-100.0857353210
2.9650000000,-89.7574424744
2.9660000000,-77.7339935303
2.9670000000,-61.7480278015
2.9680000000,-44.5389747620
2.9690000000,-27.5731086731
2.9700000000,-8.8191032410
2.9710000000,8.2397460938
2.9720000000,24.8837471008
2.9730000000,41.1272048950
2.9740000000,56.0045242310
2.9750000000,71.9332695007
2.9760000000,84.8507881165
2.9770000000,93.2693481445
2.9780000000,100.0714302063
2.9790000000,102.3674011230
2.9800000000,100.1286506653
2.9810000000,94.9358940125
2.9820000000,85.3085517883
2.9830000000,71.9690322876
2.9840000000,57.5137138367
2.9850000000,38.4306907654
2.9860000000,20.3776359558
2.9870000000,1.7666816711
2.9880000000,-15.7570838928
2.9890000000,-32.9947471619
2.9900000000,-52.3710250854
2.9910000000,-65.7033920288
2.9920000000,-81.5963745117
2.9930000000,-92.8544998169
2.9940000000,-100.3217697144
2.9950000000,-104.4416427612
2.9960000000,-105.1068305969
2.9970000000,-102.4460792542
2.9980000000,-95.9873199463
2.9990000000,-84.4359397888
3.0000000000,-70.0306892395
3.0010000000,-54.5454025269
3.0020000000,-36.7999076843
3.0030000000,-18.8684463501
3.0040000000,-1.0657310486
3.0050000000,15.5138969421
3.0060000000,31.7001342773
3.0070000000,48.4228134155
3.0080000000,63.3358955383
3.0090000000,77.9342651367
3.0100000000,87.8763198853
3.0110000000,96.6310501099
3.0120000000,100.9511947632
3.0130000000,100.1143455505
3.0140000000,96.5666770935
3.0150000000,88.9420509338
3.0160000000,76.3678550720
3.0170000000,63.1427764893
3.0180000000,44.2743301392
3.0190000000,25.7921218872
3.0200000000,7.8320503235
3.0210000000,-10.4928016663
3.0220000000,-27.1797180176
3.0230000000,-45.8049774170
3.0240000000,-62.5777244568
3.0250000000,-76.9615173340
3.0260000000,-89.4856452942
3.0270000000,-99.2560386658
3.0280000000,-104.3629646301
3.0290000000,-106.1582565308
3.0300000000,-103.4188270569
3.0310000000,-97.7969169617
3.0320000000,-86.3885879517
3.0330000000,-73.7214088440
3.0340000000,-57.6066970825
3.0350000000,-40.4906272888
3.0360000000,-21.5721130371
3.0370000000,-3.9768218994
3.0380000000,12.8030776978
3.0390000000,28.6316871643
3.0400000000,47.5072860718
3.0410000000,60.1816177368
3.0420000000,76.6110420227
3.0430000000,87.9979133606
3.0440000000,95.2291488647
3.0450000000,99.9283790588
3.0460000000,100.7509231567
3.0470000000,97.3033905029
3.0480000000,89.1923904419
3.0490000000,76.2963294983
3.0500000000,62.9496574402
3.0510000000,44.9323654175
3.0520000000,27.6589393616
3.0530000000,7.8535079956
3.0540000000,-10.7002258301
3.0550000000,-28.3384323120
3.0560000000,-45.6190109253
3.0570000000,-63.1642341614
3.0580000000,-76.2605667114
3.0590000000,-90.3367996216
3.0600000000,-98.7482070923
3.0610000000,-104.3272018433
3.0620000000,-105.1855087280
3.0630000000,-101.8667221069
3.0640000000,-95.0360298157
3.0650000000,-84.7649574280
3.0660000000,-71.2466239929
3.0670000000,-53.4224510193
3.0680000000,-35.8128547668
3.0690000000,-18.9542770386
3.0700000000,-0.0143051147
3.0710000000,17.3091888428
3.0720000000,33.1735610962
3.0730000000,49.3311882019
3.0740000000,65.1097297668
3.0750000000,78.4921646118
3.0760000000,90.0578498840
3.0770000000,97.6252555847
3.0780000000,99.9855995178
3.0790000000,99.4849205017
3.0800000000,94.5353507996
3.0810000000,84.7864151001
3.0820000000,73.0562210083
3.0830000000,55.8471679688
3.0840000000,39.5250320435
3.0850000000,19.4406509399
3.0860000000,0.9226799011
3.0870000000,-16.7512893677
3.0880000000,-35.4194641113
3.0890000000,-52.6142120361
3.0900000000,-68.9792633057
3.0910000000,-81.8681716919
3.0920000000,-94.6784019470
3.0930000000,-101.0656356812
3.0940000000,-104.9351692200
3.0950000000,-104.3915748596
3.0960000000,-99.0343093872
3.0970000000,-89.8718833923
3.0980000000,-78.1917572021
3.0990000000,-62.5061988831
3.1000000000,-44.6105003357
3.1010000000,-26.5932083130
3.1020000000,-8.2325935364
3.1030000000,9.0909004211
3.1040000000,25.5918502808
3.1050000000,42.1285629272
3.1060000000,58.4363937378
3.1070000000,73.2278823853
3.1080000000,85.3085517883
3.1090000000,94.6497917175
3.1100000000,99.7996330261
3.1110000000,99.8425483704
3.1120000000,96.0087776184
3.1130000000,87.9907608032
3.1140000000,77.6410102844
3.1150000000,61.4261627197
3.1160000000,43.7450408936
3.1170000000,25.0124931335
3.1180000000,6.4301490784
3.1190000000,-11.9304656982
3.1200000000,-29.4184684753
3.1210000000,-48.4943389893
3.1220000000,-63.7578964233
3.1230000000,-79.2360305786
3.1240000000,-91.5527343750
3.1250000000,-99.4491577148
3.1260000000,-103.6834716797
3.1270000000,-104.4201850891
3.1280000000,-100.4648208618
3.1290000000,-92.6685333252
3.1300000000,-79.7295570374
3.1310000000,-64.5589828491
3.1320000000,-47.2640991211
3.1330000000,-29.8976898193
3.1340000000,-10.8575820923
3.1350000000,7.0953369141
3.1360000000,23.4961509705
3.1370000000,41.1343574524
3.1380000000,55.6826591492
3.1390000000,72.0834732056
3.1400000000,84.7005844116
3.1410000000,92.8330421448
3.1420000000,98.9556312561
3.1430000000,99.5063781738
3.1440000000,95.5080986023
3.1450000000,88.7703895569
3.1460000000,75.0732421875
3.1470000000,61.9840621948
3.1480000000,42.9439544678
3.1490000000,24.1971015930
3.1500000000,5.7435035706
3.1510000000,-13.1249427795
3.1520000000,-30.0908088684
3.1530000000,-48.6230850220
3.1540000000,-65.7248497009
3.1550000000,-80.6307792664
3.1560000000,-91.4454460144
3.1570000000,-100.2001762390
3.1580000000,-104.5775413513
3.1590000000,-103.5261154175
3.1600000000,-99.6208190918
3.1610000000,-90.3654098511
3.1620000000,-76.2104988098
3.1630000000,-62.2916221619
3.1640000000,-43.6878204346
3.1650000000,-25.7420539856
3.1660000000,-7.4815750122
3.1670000000,10.2996826172
3.1680000000,26.7076492310
3.1690000000,43.7593460083
3.1700000000,60.2889060974
3.1710000000,73.5855102539
3.1720000000,87.3041152954
3.1730000000,95.1004028320
3.1740000000,99.1702079773
3.1750000000,98.1688499451
3.1760000000,92.4897193909
3.1770000000,85.2513313293
3.1780000000,71.9976425171
3.1790000000,54.1090965271
3.1800000000,36.4708900452
3.1810000000,17.4665451050
3.1820000000,-1.5163421631
3.1830000000,-19.6838378906
3.1840000000,-37.5437736511
3.1850000000,-54.7885894775
3.1860000000,-71.4039802551
3.1870000000,-85.8807563782
3.1880000000,-94.7713851929
3.1890000000,-101.6807556152
3.1900000000,-104.4130325317
3.1910000000,-101.9239425659
3.1920000000,-95.2219963074
3.1930000000,-84.4359397888
3.1940000000,-67.8706169128
3.1950000000,-53.4296035767
3.1960000000,-33.6885452271
3.1970000000,-15.8429145813
3.1980000000,2.4747848511
3.1990000000,19.1545486450
3.2000000000,35.8486175537
3.2010000000,53.4224510193
3.2020000000,68.1424140930
3.2030000000,81.6392898560
3.2040000000,91.9246673584
3.2050000000,97.9256629944
3.2060000000,98.2260704041
3.2070000000,94.2492485046
3.2080000000,88.8919830322
3.2090000000,76.9257545471
3.2100000000,59.5378875732
3.2110000000,43.8952445984
3.2120000000,23.0312347412
3.2130000000,4.4059753418
3.2140000000,-13.7972831726
3.2150000000,-30.9920310974
3.2160000000,-49.9963760376
3.2170000000,-66.1325454712
3.2180000000,-82.1042060852
3.2190000000,-93.3265686035
3.2200000000,-101.0084152222
3.2210000000,-104.3987274170
3.2220000000,-102.3030281067
3.2230000000,-97.0101356506
3.2240000000,-87.7475738525
3.2250000000,-73.3852386475
3.2260000000,-54.9244880676
3.2270000000,-38.9385223389
3.2280000000,-20.1272964478
3.2290000000,-1.4233589172
3.2300000000,15.6641006470
3.2310000000,33.4596633911
3.2320000000,49.0593910217
3.2330000000,65.9465789795
3.2340000000,79.5722007751
3.2350000000,90.6586647034
3.2360000000,96.4379310608
3.2370000000,99.1559028625
3.2380000000,95.4866409302
3.2390000000,86.9250297546
3.2400000000,77.8770446777
3.2410000000,61.2258911133
3.2420000000,42.8795814514
3.2430000000,24.4832038879
3.2440000000,5.2714347839
3.2450000000,-12.6171112061
3.2460000000,-30.4555892944
3.2470000000,-50.4183769226
3.2480000000,-64.8307800293
3.2490000000,-81.4032554626
3.2500000000,-93.1262969971
3.2510000000,-99.8926162720
3.2520000000,-103.1613349915
3.2530000000,-101.5949249268
3.2540000000,-96.6596603394
3.2550000000,-86.4744186401
3.2560000000,-71.0749626160
3.2570000000,-54.5525550842
3.2580000000,-35.7055664063
3.2590000000,-16.9229507446
3.2600000000,0.6937980652
3.2610000000,17.7311897278
3.2620000000,34.3251228333
3.2630000000,52.1707534790
3.2640000000,66.5259361267
3.2650000000,81.6750526428
3.2660000000,91.3667678833
3.2670000000,95.8585739136
3.2680000000,97.6681709290
3.2690000000,93.9345359802
3.2700000000,86.0667228699
3.2710000000,71.7258453369
3.2720000000,57.4493408203
3.2730000000,38.3520126343
3.2740000000,19.5550918579
3.2750000000,0.6794929504
3.2760000000,-17.3377990723
3.2770000000,-35.4266166687
3.2780000000,-53.9946556091
3.2790000000,-69.4656372070
3.2800000000,-84.9580764771
3.2810000000,-95.9014892578
3.2820000000,-101.0870933533
3.2830000000,-102.7607917786
3.2840000000,-99.8997688293
3.2850000000,-93.1191444397
3.2860000000,-80.6736946106
3.2870000000,-64.0225410461
3.2880000000,-47.5358963013
3.2890000000,-28.2669067383
3.2900000000,-9.7274780273
3.2910000000,8.4257125854
3.2920000000,25.0339508057
3.2930000000,42.8581237793
3.2940000000,58.0930709839
3.2950000000,74.7013092041
3.2960000000,85.9022140503
3.2970000000,94.1419601440
3.2980000000,97.7897644043
3.2990000000,96.4307785034
3.3000000000,90.7301902771
3.3010000000,78.4707069397
3.3020000000,65.0310516357
3.3030000000,46.2627410889
3.3040000000,28.4528732300
3.3050000000,8.1396102905
3.3060000000,-10.5500221252
3.3070000000,-28.8105010986
3.3080000000,-46.4630126953
3.3090000000,-64.3372535706
3.3100000000,-78.4635543823
3.3110000000,-91.9532775879
3.3120000000,-98.7839698792
3.3130000000,-102.7178764343
3.3140000000,-100.7008552551
3.3150000000,-93.3694839478
3.3160000000,-83.5132598877
3.3170000000,-68.5858726501
3.3180000000,-50.4755973816
3.3190000000,-32.2723388672
3.3200000000,-13.7114524841
3.3210000000,5.0997734070
3.3220000000,22.1300125122
3.3230000000,38.7954711914
3.3240000000,55.3750991821
3.3250000000,71.4325904846
3.3260000000,84.8793983459
3.3270000000,93.5554504395
3.3280000000,97.3820686340
3.3290000000,97.1317291260
3.3300000000,91.6957855225
3.3310000000,81.8896293640
3.3320000000,66.4114952087
3.3330000000,49.6816635132
3.3340000000,29.5257568359
3.3350000000,10.3640556335
3.3360000000,-8.7332725525
3.3370000000,-26.0925292969
3.3380000000,-46.7133522034
3.3390000000,-60.9970092773
3.3400000000,-78.2847404480
3.3410000000,-91.0305976868
3.3420000000,-98.0901718140
3.3430000000,-101.7808914185
3.3440000000,-100.8152961731
3.3450000000,-94.6927070618
3.3460000000,-84.2714309692
3.3470000000,-68.1781768799
3.3480000000,-51.7272949219
3.3490000000,-32.8588485718
3.3500000000,-14.0976905823
3.3510000000,4.2915344238
3.3520000000,21.1787223816
3.3530000000,38.1875038147
3.3540000000,55.5753707886
3.3550000000,70.6458091736
3.3560000000,84.5146179199
3.3570000000,93.5769081116
3.3580000000,96.9672203064
3.3590000000,96.5809822083
3.3600000000,89.2710685730
3.3610000000,79.8869132996
3.3620000000,64.6734237671
3.3630000000,46.0481643677
3.3640000000,26.5860557556
3.3650000000,7.0023536682
3.3660000000,-11.3368034363
3.3670000000,-29.3684005737
3.3680000000,-48.1510162354
3.3690000000,-65.4029846191
3.3700000000,-81.5677642822
3.3710000000,-92.3323631287
3.3720000000,-99.7710227966
3.3730000000,-102.7822494507
3.3740000000,-100.2931594849
3.3750000000,-93.0762290955
3.3760000000,-80.6736946106
3.3770000000,-65.0238990784
3.3780000000,-47.4643707275
3.3790000000,-29.0322303772
3.3800000000,-9.7775459290
3.3810000000,7.9822540283
3.3820000000,24.6691703796
3.3830000000,42.2859191895
3.3840000000,57.9571723938
3.3850000000,74.1791725159
3.3860000000,86.7605209351
3.3870000000,93.3694839478
3.3880000000,96.3163375854
3.3890000000,94.1061973572
3.3900000000,86.4887237549
3.3910000000,74.2220878601
3.3920000000,57.8069686890
3.3930000000,38.8598442078
3.3940000000,20.8497047424
3.3950000000,0.6294250488
3.3960000000,-18.5179710388
3.3970000000,-35.5625152588
3.3980000000,-54.2807579041
3.3990000000,-71.2037086487
3.4000000000,-85.7734680176
3.4010000000,-95.5653190613
3.4020000000,-99.8640060425
3.4030000000,-100.7294654846
3.4040000000,-96.8313217163
3.4050000000,-87.5759124756
3.4060000000,-73.1062889099
3.4070000000,-56.5910339355
3.4080000000,-38.1016731262
3.4090000000,-19.8769569397
3.4100000000,-1.0585784912
3.4110000000,16.0431861877
3.4120000000,32.6085090637
3.4130000000,49.0593910217
3.4140000000,65.9394264221
3.4150000000,80.4090499878
3.4160000000,89.7002220154
3.4170000000,95.8585739136
3.4180000000,95.5224037170
3.4190000000,90.3439521790
3.4200000000,78.8855552673
3.4210000000,64.8236274719
3.4220000000,46.5130805969
3.4230000000,28.2311439514
3.4240000000,7.5817108154
3.4250000000,-11.5370750427
3.4260000000,-30.3554534912
3.4270000000,-48.1867790222
3.4280000000,-65.5961036682
3.4290000000,-80.2946090698
3.4300000000,-92.9403305054
3.4310000000,-99.3061065674
3.4320000000,-101.6449928284
3.4330000000,-98.4978675842
3.4340000000,-89.7932052612
3.4350000000,-77.7196884155
3.4360000000,-62.0055198669
3.4370000000,-43.0011749268
3.4380000000,-24.4474411011
3.4390000000,-5.8865547180
3.4400000000,10.9362602234
3.4410000000,27.5874137878
3.4420000000,44.8679924011
3.4430000000,60.8825683594
3.4440000000,76.2677192688
3.4450000000,87.0609283447
3.4460000000,94.6283340454
3.4470000000,95.3650474548
3.4480000000,91.1164283752
3.4490000000,80.4877281189
3.4500000000,67.4915313721
3.4510000000,48.7017631531
3.4520000000,30.6057929993
3.4530000000,9.8204612732
3.4540000000,-9.2124938965
3.4550000000,-27.6732444763
3.4560000000,-46.0410118103
3.4570000000,-63.4145736694
3.4580000000,-79.2217254639
3.4590000000,-92.0462608337
3.4600000000,-98.6266136169
3.4610000000,-101.3946533203
3.4620000000,-97.8899002075
3.4630000000,-89.9434089661
3.4640000000,-78.7925720215
3.4650000000,-61.3188743591
3.4660000000,-44.0168380737
3.4670000000,-24.7263908386
3.4680000000,-6.3085556030
3.4690000000,11.3868713379
3.4700000000,27.5087356567
3.4710000000,45.2685356140
3.4720000000,60.3604316711
3.4730000000,76.1675834656
3.4740000000,87.9549980164
3.4750000000,93.3194160461
3.4760000000,95.5581665039
3.4770000000,90.4870033264
3.4780000000,80.4877281189
3.4790000000,65.0525093079
3.4800000000,48.1224060059
3.4810000000,27.5516510010
3.4820000000,8.0180168152
3.4830000000,-10.7789039612
3.4840000000,-28.7675857544
3.4850000000,-48.7160682678
3.4860000000,-64.3086433411
3.4870000000,-81.0599327087
3.4880000000,-92.2393798828
3.4890000000,-98.7553596497
3.4900000000,-99.7924804688
3.4910000000,-95.9515571594
3.4920000000,-87.8190994263
3.4930000000,-74.8872756958
3.4940000000,-56.2405586243
3.4950000000,-40.5478477478
3.4960000000,-20.1344490051
3.4970000000,-1.5664100647
3.4980000000,14.9273872375
3.4990000000,33.0376625061
3.5000000000,48.2940673828
3.5010000000,63.7722015381
3.5020000000,77.9986381531
3.5030000000,89.4784927368
3.5040000000,93.7128067017
3.5050000000,93.1048393250
3.5060000000,86.4386558533
3.5070000000,76.1318206787
3.5080000000,60.1959228516
3.5090000000,41.0771369934
3.5100000000,21.7795372009
3.5110000000,2.0098686218
3.5120000000,-16.6153907776
3.5130000000,-34.5540046692
3.5140000000,-54.1019439697
3.5150000000,-70.4526901245
3.5160000000,-85.2942466736
3.5170000000,-95.2291488647
3.5180000000,-100.2931594849
3.5190000000,-100.0642776489
3.5200000000,-93.2049751282
3.5210000000,-83.4488868713
3.5220000000,-69.2296028137
3.5230000000,-49.1595268250
3.5240000000,-32.3796272278
3.5250000000,-14.1191482544
3.5260000000,4.8065185547
3.5270000000,21.8796730042
3.5280000000,38.4879112244
3.5290000000,54.5668601990
3.5300000000,71.3109970093
3.5310000000,84.4931602478
3.5320000000,91.4382934570
3.5330000000,93.4267044067
3.5340000000,90.8875465393
3.5350000000,81.5105438232
3.5360000000,66.9336318970
3.5370000000,50.3683090210
3.5380000000,30.3196907043
3.5390000000,10.7145309448
3.5400000000,-8.2039833069
3.5410000000,-26.1569023132
3.5420000000,-44.9252128601
3.5430000000,-62.6921653748
3.5440000000,-78.3276557922
3.5450000000,-90.4226303101
3.5460000000,-97.2318649292
3.5470000000,-99.6422767639
3.5480000000,-96.1375236511
3.5490000000,-86.3027572632
3.5500000000,-72.1836090088
3.5510000000,-55.4609298706
3.5520000000,-36.5710258484
3.5530000000,-16.7083740234
3.5540000000,0.8225440979
3.5550000000,17.2591209412
3.5560000000,34.3823432922
3.5570000000,52.1636009216
3.5580000000,66.5044784546
3.5590000000,82.0899009705
3.5600000000,91.2880897522
3.5610000000,93.6269760132
3.5620000000,92.1893119812
3.5630000000,84.3143463135
3.5640000000,71.2180137634
3.5650000000,53.5941123962
3.5660000000,33.6670875549
3.5670000000,14.4624710083
3.5680000000,-5.0783157349
3.5690000000,-22.5162506104
3.5700000000,-41.4562225342
3.5710000000,-60.0886344910
3.5720000000,-74.9802589417
3.5730000000,-89.4498825073
3.5740000000,-97.4464416504
3.5750000000,-99.5063781738
3.5760000000,-96.9600677490
3.5770000000,-86.8177413940
3.5780000000,-74.4795799255
3.5790000000,-56.8985939026
3.5800000000,-39.0315055847
3.5810000000,-19.4907188416
3.5820000000,-0.9441375732
3.5830000000,15.7427787781
3.5840000000,33.1807136536
3.5850000000,51.2409210205
3.5860000000,65.2027130127
3.5870000000,80.7237625122
3.5880000000,89.8361206055
3.5890000000,93.6985015869
3.5900000000,90.7659530640
3.5910000000,82.7622413635
3.5920000000,70.3883171082
3.5930000000,52.1564483643
3.5940000000,33.3309173584
3.5950000000,13.6470794678
3.5960000000,-5.7578086853
3.5970000000,-24.1327285767
3.5980000000,-41.5778160095
3.5990000000,-60.4534149170
3.6000000000,-75.9601593018
3.6010000000,-89.6143913269
3.6020000000,-97.0458984375
3.6030000000,-98.8554954529
3.6040000000,-94.8071479797
3.6050000000,-85.5159759521
3.6060000000,-71.8188285828
3.6070000000,-53.3866882324
3.6080000000,-35.7270240784
3.6090000000,-17.4450874329
3.6100000000,1.6379356384
3.6110000000,19.0544128418
3.6120000000,35.5195999146
3.6130000000,51.9561767578
3.6140000000,68.4499740601
3.6150000000,82.0755958557
3.6160000000,89.9219512939
3.6170000000,93.7485694885
3.6180000000,89.5357131958
3.6190000000,80.0442695618
3.6200000000,65.0095939636
3.6210000000,48.1081008911
3.6220000000,28.3098220825
3.6230000000,8.0680847168
3.6240000000,-10.4284286499
3.6250000000,-28.6459922791
3.6260000000,-47.3785400391
3.6270000000,-64.4087791443
3.6280000000,-81.2172889709
3.6290000000,-93.0404663086
3.6300000000,-98.6409187317
3.6310000000,-99.1845130920
3.6320000000,-92.5612449646
3.6330000000,-82.2257995605
3.6340000000,-66.6975975037
3.6350000000,-47.8577613831
3.6360000000,-29.2682647705
3.6370000000,-10.9648704529
3.6380000000,7.4601173401
3.6390000000,23.4532356262
3.6400000000,40.6837463379
3.6410000000,58.2146644592
3.6420000000,71.7258453369
3.6430000000,87.0466232300
3.6440000000,91.7816162109
3.6450000000,91.9103622437
3.6460000000,85.6018066406
3.6470000000,74.7656822205
3.6480000000,57.7640533447
3.6490000000,39.1316413879
3.6500000000,18.6181068420
3.6510000000,-0.7581710815
3.6520000000,-19.2046165466
3.6530000000,-37.8155708313
3.6540000000,-55.8328628540
3.6550000000,-73.5712051392
3.6560000000,-86.4100456238
3.6570000000,-96.4236259460
3.6580000000,-99.3132591248
3.6590000000,-96.4736938477
3.6600000000,-87.5473022461
3.6610000000,-72.2980499268
3.6620000000,-56.5481185913
3.6630000000,-37.1289253235
3.6640000000,-18.4965133667
3.6650000000,-0.1215934753
3.6660000000,16.7155265808
3.6670000000,33.7529182434
3.6680000000,51.1765480042
3.6690000000,66.0681724548
3.6700000000,80.7023048401
3.6710000000,90.7158851624
3.6720000000,91.5455818176
3.6730000000,88.5343551636
3.6740000000,79.2360305786
3.6750000000,62.5205039978
3.6760000000,45.8550453186
3.6770000000,25.1698493958
3.6780000000,5.2857398987
3.6790000000,-13.4539604187
3.6800000000,-31.7645072937
3.6810000000,-51.2194633484
3.6820000000,-67.4128532410
3.6830000000,-84.0711593628
3.6840000000,-94.9859619141
3.6850000000,-98.8841056824
3.6860000000,-96.9171524048
3.6870000000,-89.9291038513
3.6880000000,-77.7196884155
3.6890000000,-60.1959228516
3.6900000000,-42.7222251892
3.6910000000,-23.1385231018
3.6920000000,-4.9138069153
3.6930000000,12.7744674683
3.6940000000,28.8319587708
3.6950000000,47.6789474487
3.6960000000,61.2401962280
3.6970000000,77.7983665466
3.6980000000,88.6559486389
3.6990000000,90.7588005066
3.7000000000,89.4570350647
3.7010000000,80.5807113647
3.7020000000,65.5817985535
3.7030000000,48.2726097107
3.7040000000,27.8520584106
3.7050000000,8.1539154053
3.7060000000,-10.7216835022
3.7070000000,-28.9177894592
3.7080000000,-48.5801696777
3.7090000000,-64.9523735046
3.7100000000,-81.7823410034
3.7110000000,-93.5626029968
3.7120000000,-97.5108146667
3.7130000000,-97.0602035522
3.7140000000,-91.1521911621
3.7150000000,-78.2418251038
3.7160000000,-60.6322288513
3.7170000000,-43.5876846313
3.7180000000,-23.6749649048
3.7190000000,-5.5289268494
3.7200000000,12.0806694031
3.7210000000,28.6102294922
3.7220000000,45.9837913513
3.7230000000,61.2258911133
3.7240000000,77.3262977600
3.7250000000,88.4056091309
3.7260000000,91.0735130310
3.7270000000,87.7332687378
3.7280000000,80.5020332336
3.7290000000,64.4659996033
3.7300000000,46.6918945313
3.7310000000,25.8851051331
3.7320000000,6.4873695374
3.7330000000,-12.5455856323
3.7340000000,-30.5199623108
3.7350000000,-50.1322746277
3.7360000000,-66.5044784546
3.7370000000,-83.0841064453
3.7380000000,-94.0060615540
3.7390000000,-97.4392890930
3.7400000000,-96.0445404053
3.7410000000,-89.3568992615
3.7420000000,-75.4809379578
3.7430000000,-57.1703910828
3.7440000000,-39.5750999451
3.7450000000,-21.0285186768
3.7460000000,-2.0241737366
3.7470000000,15.2063369751
3.7480000000,33.0448150635
3.7490000000,48.3942031860
3.7500000000,65.2599334717
3.7510000000,78.4492492676
3.7520000000,89.4141197205
3.7530000000,90.7802581787
3.7540000000,87.4614715576
3.7550000000,75.4451751709
3.7560000000,61.3903999329
3.7570000000,41.3274765015
3.7580000000,21.3432312012
3.7590000000,1.8596649170
3.7600000000,-16.3650512695
3.7610000000,-35.0189208984
3.7620000000,-53.9445877075
3.7630000000,-70.3167915344
3.7640000000,-85.8521461487
3.7650000000,-95.3936576843
3.7660000000,-96.7812538147
3.7670000000,-93.6913490295
3.7680000000,-84.2499732971
3.7690000000,-69.3941116333
3.7700000000,-50.4255294800
3.7710000000,-31.4712524414
3.7720000000,-13.4396553040
3.7730000000,5.0640106201
3.7740000000,21.8224525452
3.7750000000,38.3305549622
3.7760000000,56.0760498047
3.7770000000,70.3954696655
3.7780000000,84.7077369690
3.7790000000,91.3596153259
3.7800000000,89.3568992615
3.7810000000,84.1569900513
3.7820000000,70.8532333374
3.7830000000,51.8703460693
3.7840000000,33.0519676208
3.7850000000,13.1249427795
3.7860000000,-6.5660476685
3.7870000000,-25.3200531006
3.7880000000,-42.9439544678
3.7890000000,-61.6693496704
3.7900000000,-77.0187377930
3.7910000000,-90.6801223755
3.7920000000,-96.7097282410
3.7930000000,-96.3377952576
3.7940000000,-88.8919830322
3.7950000000,-76.4679908752
3.7960000000,-60.1387023926
3.7970000000,-40.4334068298
3.7980000000,-21.4934349060
3.7990000000,-3.0469894409
3.8000000000,14.3551826477
3.8010000000,30.4698944092
3.8020000000,49.4027137756
3.8030000000,63.6219978333
3.8040000000,79.7224044800
3.8050000000,89.2996788025
3.8060000000,89.9362564087
3.8070000000,87.1682167053
3.8080000000,76.2176513672
3.8090000000,57.9714775085
3.8100000000,41.0127639771
3.8110000000,19.5693969727
3.8120000000,0.2288818359
3.8130000000,-17.9100036621
3.8140000000,-37.9085540771
3.8150000000,-54.8744201660
3.8160000000,-72.4697113037
3.8170000000,-86.3885879517
3.8180000000,-94.9144363403
3.8190000000,-97.1674919128
3.8200000000,-92.0748710632
3.8210000000,-80.5521011353
3.8220000000,-63.7006759644
3.8230000000,-45.5904006958
3.8240000000,-26.9937515259
3.8250000000,-7.6031684875
3.8260000000,10.1423263550
3.8270000000,27.8592109680
3.8280000000,44.2099571228
3.8290000000,60.2459907532
3.8300000000,76.4393806458
3.8310000000,87.2254371643
3.8320000000,90.4297828674
3.8330000000,86.6532325745
3.8340000000,78.3419609070
3.8350000000,62.1342658997
3.8360000000,43.0512428284
3.8370000000,23.1671333313
3.8380000000,3.2114982605
3.8390000000,-15.4352188110
3.8400000000,-33.5597991943
3.8410000000,-53.0433654785
3.8420000000,-69.4227218628
3.8430000000,-85.5731964111
3.8440000000,-94.8643684387
3.8450000000,-96.8956947327
3.8460000000,-92.3323631287
3.8470000000,-81.5391540527
3.8480000000,-66.4830207825
3.8490000000,-47.2784042358
3.8500000000,-28.5172462463
3.8510000000,-10.0493431091
3.8520000000,8.5902214050
3.8530000000,25.1984596252
3.8540000000,41.8567657471
3.8550000000,59.8883628845
3.8560000000,73.7500190735
3.8570000000,87.4042510986
3.8580000000,91.1808013916
3.8590000000,88.3054733276
3.8600000000,78.2132148743
3.8610000000,63.5719299316
3.8620000000,43.7164306641
3.8630000000,23.8466262817
3.8640000000,4.2414665222
3.8650000000,-14.3051147461
3.8660000000,-32.7157974243
3.8670000000,-51.3339042664
3.8680000000,-69.2296028137
3.8690000000,-85.1154327393
3.8700000000,-94.4280624390
3.8710000000,-95.0789451599
3.8720000000,-92.1392440796
3.8730000000,-80.6951522827
3.8740000000,-63.6792182922
3.8750000000,-46.0338592529
3.8760000000,-26.0066986084
3.8770000000,-7.6889991760
3.8780000000,10.4069709778
3.8790000000,27.0867347717
3.8800000000,45.4902648926
3.8810000000,60.2531433105
3.8820000000,77.2476196289
3.8830000000,87.4328613281
3.8840000000,89.9076461792
3.8850000000,87.0180130005
3.8860000000,76.3535499573
3.8870000000,58.2432746887
3.8880000000,40.6551361084
3.8890000000,20.0843811035
3.8900000000,-0.0357627869
3.8910000000,-18.7969207764
3.8920000000,-37.6939773560
3.8930000000,-55.3822517395
3.8940000000,-73.3208656311
3.8950000000,-88.1052017212
3.8960000000,-94.2921638489
3.8970000000,-95.3006744385
3.8980000000,-90.4226303101
3.8990000000,-77.3406028748
3.9000000000,-58.9656829834
3.9010000000,-41.7208671570
3.9020000000,-22.3016738892
3.9030000000,-3.0684471130
3.9040000000,13.4181976318
3.9050000000,32.3796272278
3.9060000000,47.1425056458
3.9070000000,65.0024414063
3.9080000000,78.0844688416
3.9090000000,89.1709327698
3.9100000000,90.1937484741
3.9110000000,84.4502449036
3.9120000000,72.0405578613
3.9130000000,54.8458099365
3.9140000000,34.0175628662
3.9150000000,13.7186050415
3.9160000000,-5.0783157349
3.9170000000,-23.0956077576
3.9180000000,-42.8724288940
3.9190000000,-59.9312782288
3.9200000000,-77.4550437927
3.9210000000,-89.6430015564
3.9220000000,-94.7141647339
3.9230000000,-94.2850112915
3.9240000000,-85.5946540833
3.9250000000,-70.0306892395
3.9260000000,-53.0290603638
3.9270000000,-33.1807136536
3.9280000000,-14.7843360901
3.9290000000,3.5619735718
3.9300000000,20.7781791687
3.9310000000,37.0717048645
3.9320000000,55.1462173462
3.9330000000,69.4227218628
3.9340000000,84.1784477234
3.9350000000,89.9147987366
3.9360000000,86.7676734924
3.9370000000,77.5337219238
3.9380000000,63.5504722595
3.9390000000,43.8165664673
3.9400000000,23.4889984131
3.9410000000,3.7479400635
3.9420000000,-14.8057937622
3.9430000000,-33.4382057190
3.9440000000,-52.5712966919
3.9450000000,-69.4727897644
3.9460000000,-85.4730606079
3.9470000000,-94.6927070618
3.9480000000,-94.3851470947
3.9490000000,-89.8218154907
3.9500000000,-77.9271125793
3.9510000000,-60.6536865234
3.9520000000,-42.8009033203
3.9530000000,-22.6378440857
3.9540000000,-4.6348571777
3.9550000000,12.8746032715
3.9560000000,28.8319587708
3.9570000000,49.1452217102
3.9580000000,61.7408752441
3.9590000000,78.8140296936
3.9600000000,87.5830650330
3.9610000000,87.3899459839
3.9620000000,81.4175605774
3.9630000000,69.3225860596
3.9640000000,49.5672225952
3.9650000000,30.1623344421
3.9660000000,10.7645988464
3.9670000000,-9.6559524536
3.9680000000,-26.9722938538
3.9690000000,-45.6333160400
3.9700000000,-65.4315948486
3.9710000000,-79.9655914307
3.9720000000,-92.2036170959
3.9730000000,-95.7441329956
3.9740000000,-92.0748710632
3.9750000000,-80.9526443481
3.9760000000,-63.8008117676
3.9770000000,-45.9694862366
3.9780000000,-27.6589393616
3.9790000000,-8.1253051758
3.9800000000,9.3340873718
3.9810000000,26.8149375916
3.9820000000,42.9868698120
3.9830000000,59.0443611145
3.9840000000,75.5596160889
3.9850000000,86.4028930664
3.9860000000,88.2697105408
3.9870000000,83.3272933960
3.9880000000,71.6757774353
3.9890000000,53.4224510193
3.9900000000,34.6469879150
3.9910000000,13.7400627136
3.9920000000,-6.2012672424
3.9930000000,-24.8694419861
3.9940000000,-43.6305999756
3.9950000000,-61.2258911133
3.9960000000,-78.3419609070
3.9970000000,-90.6014442444
3.9980000000,-95.1504707336
3.9990000000,-91.5455818176
4.0000000000,-82.1828842163
4.0010000000,-66.9193267822
4.0020000000,-48.1152534485
4.0030000000,-29.4399261475
4.0040000000,-11.0578536987
4.0050000000,7.3814392090
4.0060000000,23.8823890686
4.0070000000,40.1830673218
4.0080000000,57.6066970825
4.0090000000,72.4554061890
4.0100000000,85.0510597229
4.0110000000,88.4485244751
4.0120000000,81.2101364136
4.0130000000,71.2537765503
4.0140000000,51.2695312500
4.0150000000,33.2665443420
4.0160000000,11.6729736328
4.0170000000,-7.7390670776
4.0180000000,-26.5860557556
4.0190000000,-45.3400611877
4.0200000000,-62.8280639648
4.0210000000,-79.2288780212
4.0220000000,-91.7744636536
4.0230000000,-94.7427749634
4.0240000000,-90.3081893921
4.0250000000,-79.9441337585
4.0260000000,-64.8593902588
4.0270000000,-45.1040267944
4.0280000000,-26.4644622803
4.0290000000,-8.3613395691
4.0300000000,9.5129013062
4.0310000000,25.3343582153
4.0320000000,42.6006317139
4.0330000000,60.0600242615
4.0340000000,74.2864608765
4.0350000000,85.6661796570
4.0360000000,87.2111320496
4.0370000000,81.7251205444
4.0380000000,67.7704811096
4.0390000000,49.7245788574
4.0400000000,29.3827056885
4.0410000000,9.2339515686
4.0420000000,-10.2496147156
4.0430000000,-28.4528732300
4.0440000000,-48.1581687927
4.0450000000,-64.1942024231
4.0460000000,-81.7179679871
4.0470000000,-92.5326347351
4.0480000000,-94.4352149963
4.0490000000,-88.1910324097
4.0500000000,-77.1689414978
4.0510000000,-60.9898567200
4.0520000000,-41.4705276489
4.0530000000,-22.7379798889
4.0540000000,-4.2843818665
4.0550000000,12.9246711731
4.0560000000,29.3469429016
4.0570000000,47.1997261047
4.0580000000,62.2773170471
4.0590000000,77.7769088745
4.0600000000,86.5101814270
4.0610000000,85.6304168701
4.0620000000,78.5779953003
4.0630000000,62.9067420959
4.0640000000,44.2671775818
4.0650000000,24.0898132324
4.0660000000,3.6907196045
4.0670000000,-15.0418281555
4.0680000000,-33.2379341125
4.0690000000,-52.9789924622
4.0700000000,-69.2009925842
4.0710000000,-85.7234001160
4.0720000000,-93.5196876526
4.0730000000,-93.3337211609
4.0740000000,-85.0009918213
4.0750000000,-71.2966918945
4.0760000000,-53.5225868225
4.0770000000,-35.3765487671
4.0780000000,-15.6712532043
4.0790000000,2.3245811462
4.0800000000,18.9471244812
4.0810000000,36.9000434875
4.0820000000,52.8788566589
4.0830000000,68.8648223877
4.0840000000,81.1028480530
4.0850000000,87.5759124756
4.0860000000,83.9352607727
4.0870000000,70.7030296326
4.0880000000,54.9602508545
4.0890000000,34.2392921448
4.0900000000,13.8473510742
4.0910000000,-5.6934356689
4.0920000000,-23.8323211670
4.0930000000,-43.2586669922
4.0940000000,-61.6335868835
4.0950000000,-78.4063339233
4.0960000000,-90.1293754578
4.0970000000,-94.8357582092
4.0980000000,-90.2366638184
4.0990000000,-79.2717933655
4.1000000000,-60.9326362610
4.1010000000,-42.9582595825
4.1020000000,-24.6262550354
4.1030000000,-4.8923492432
4.1040000000,12.4168395996
4.1050000000,30.2052497864
4.1060000000,46.3414192200
4.1070000000,62.6492500305
4.1080000000,77.0044326782
4.1090000000,86.7247581482
4.1100000000,86.4171981812
4.1110000000,77.0545005798
4.1120000000,63.1928443909
4.1130000000,43.2729721069
4.1140000000,24.3401527405
4.1150000000,3.1042098999
4.1160000000,-16.7798995972
4.1170000000,-34.1320037842
4.1180000000,-52.7358055115
4.1190000000,-71.1178779602
4.1200000000,-86.2956047058
4.1210000000,-92.8473472595
4.1220000000,-91.6957855225
4.1230000000,-84.2642784119
4.1240000000,-68.6573982239
4.1250000000,-49.4813919067
4.1260000000,-30.3554534912
4.1270000000,-11.9876861572
4.1280000000,6.2584877014
4.1290000000,22.5162506104
4.1300000000,40.1186943054
4.1310000000,57.4278831482
4.1320000000,71.4468955994
4.1330000000,84.4788551331
4.1340000000,86.6532325745
4.1350000000,79.2860984802
4.1360000000,66.3256645203
4.1370000000,47.1425056458
4.1380000000,28.3312797546
4.1390000000,6.9737434387
4.1400000000,-12.8316879272
4.1410000000,-31.6929817200
4.1420000000,-49.5886802673
4.1430000000,-68.1352615356
4.1440000000,-82.7622413635
4.1450000000,-93.2335853577
4.1460000000,-93.3837890625
4.1470000000,-87.4042510986
4.1480000000,-71.1750984192
4.1490000000,-54.5454025269
4.1500000000,-35.0904464722
4.1510000000,-15.7785415649
4.1520000000,2.2315979004
4.1530000000,19.0258026123
4.1540000000,36.1704826355
4.1550000000,53.9875030518
4.1560000000,68.1924819946
4.1570000000,82.7908515930
4.1580000000,86.3814353943
4.1590000000,80.6522369385
4.1600000000,68.5143470764
4.1610000000,49.4527816772
4.1620000000,30.8847427368
4.1630000000,8.9406967163
4.1640000000,-10.6072425842
4.1650000000,-30.0121307373
4.1660000000,-47.7790832520
4.1670000000,-66.3542747498
4.1680000000,-81.6178321838
4.1690000000,-92.6256179810
4.1700000000,-93.2621955872
4.1710000000,-86.1096382141
4.1720000000,-72.3338127136
4.1730000000,-55.2177429199
4.1740000000,-35.3479385376
4.1750000000,-16.6797637939
4.1760000000,1.8954277039
4.1770000000,18.6109542847
4.1780000000,35.5911254883
4.1790000000,53.3008575439
4.1800000000,68.3641433716
4.1810000000,81.9969177246
4.1820000000,86.7104530334
4.1830000000,81.6965103149
4.1840000000,67.9922103882
4.1850000000,49.8032569885
4.1860000000,29.3326377869
4.1870000000,8.7976455688
4.1880000000,-10.9577178955
4.1890000000,-29.4256210327
4.1900000000,-49.0450859070
4.1910000000,-66.0967826843
4.1920000000,-83.0125808716
4.1930000000,-93.0547714233
4.1940000000,-93.5411453247
4.1950000000,-85.6304168701
4.1960000000,-72.7415084839
4.1970000000,-53.7085533142
4.1980000000,-35.2835655212
4.1990000000,-15.5425071716
4.2000000000,2.5534629822
4.2010000000,18.3677673340
4.2020000000,37.1718406677
4.2030000000,53.3723831177
4.2040000000,69.4513320923
4.2050000000,80.9526443481
4.2060000000,85.4372978210
4.2070000000,80.3089141846
4.2080000000,64.7592544556
4.2090000000,47.2569465637
4.2100000000,25.9137153625
4.2110000000,6.9165229797
4.2120000000,-13.4611129761
4.2130000000,-31.2137603760
4.2140000000,-52.0205497742
4.2150000000,-68.3498382568
4.2160000000,-84.3858718872
4.2170000000,-92.7400588989
4.2180000000,-91.4740562439
4.2190000000,-82.3974609375
4.2200000000,-67.1339035034
4.2210000000,-48.5515594482
4.2220000000,-30.6344032288
4.2230000000,-11.5442276001
4.2240000000,7.2383880615
4.2250000000,22.8452682495
4.2260000000,41.3918495178
4.2270000000,56.9987297058
4.2280000000,73.5354423523
4.2290000000,83.5490226746
4.2300000000,83.5275650024
4.2310000000,77.9056549072
4.2320000000,61.4547729492
4.2330000000,41.3918495178
4.2340000000,22.3731994629
4.2350000000,1.7952919006
4.2360000000,-18.0029869080
4.2370000000,-35.5052947998
4.2380000000,-56.0188293457
4.2390000000,-72.1120834351
4.2400000000,-86.6103172302
4.2410000000,-92.0963287354
4.2420000000,-88.7417793274
4.2430000000,-77.5480270386
4.2440000000,-60.0099563599
4.2450000000,-40.9770011902
4.2460000000,-23.9038467407
4.2470000000,-4.7564506531
4.2480000000,13.9760971069
4.2490000000,29.3540954590
4.2500000000,47.1138954163
4.2510000000,63.3788108826
4.2520000000,77.3334503174
4.2530000000,85.9951972961
4.2540000000,83.1985473633
4.2550000000,73.0419158936
4.2560000000,53.1578063965
4.2570000000,34.4753265381
4.2580000000,14.2908096313
4.2590000000,-5.9580802917
4.2600000000,-24.7550010681
4.2610000000,-42.2358512878
4.2620000000,-62.9496574402
4.2630000000,-76.8899917603
4.2640000000,-90.1579856873
4.2650000000,-91.8102264404
4.2660000000,-86.2312316895
4.2670000000,-70.9676742554
4.2680000000,-53.8444519043
4.2690000000,-34.5325469971
4.2700000000,-15.8286094666
4.2710000000,2.5677680969
4.2720000000,19.4621086121
4.2730000000,37.0502471924
4.2740000000,53.8587570190
4.2750000000,67.8706169128
4.2760000000,82.2329521179
4.2770000000,84.2070579529
4.2780000000,76.0173797607
4.2790000000,63.0283355713
4.2800000000,42.8152084351
4.2810000000,23.7607955933
4.2820000000,2.9182434082
4.2830000000,-17.0230865479
4.2840000000,-34.2464447021
4.2850000000,-53.0505180359
4.2860000000,-70.8961486816
4.2870000000,-85.9737396240
4.2880000000,-91.1521911621
4.2890000000,-88.6130332947
4.2900000000,-78.0487060547
4.2910000000,-59.9312782288
4.2920000000,-42.4933433533
4.2930000000,-22.5591659546
4.2940000000,-4.0912628174
4.2950000000,13.0820274353
4.2960000000,30.1265716553
4.2970000000,48.5086441040
4.2980000000,62.2844696045
4.2990000000,78.4420967102
4.3000000000,84.3358039856
4.3010000000,78.9141654968
4.3020000000,68.1781768799
4.3030000000,48.6230850220
4.3040000000,30.0192832947
4.3050000000,9.2625617981
4.3060000000,-11.0077857971
4.3070000000,-29.8619270325
4.3080000000,-47.4572181702
4.3090000000,-66.1468505859
4.3100000000,-80.7738304138
4.3110000000,-91.5026664734
4.3120000000,-90.5013084412
4.3130000000,-80.8453559875
4.3140000000,-65.0811195374
4.3150000000,-46.1125373840
4.3160000000,-28.0737876892
4.3170000000,-8.4042549133
4.3180000000,9.2124938965
4.3190000000,26.4215469360
4.3200000000,43.2300567627
4.3210000000,59.1158866882
4.3220000000,75.0803947449
4.3230000000,83.6348533630
4.3240000000,80.4805755615
4.3250000000,71.2752342224
4.3260000000,53.2579421997
4.3270000000,33.4668159485
4.3280000000,12.7458572388
4.3290000000,-6.8593025208
4.3300000000,-25.1412391663
4.3310000000,-44.6462631226
4.3320000000,-61.6765022278
4.3330000000,-79.0357589722
4.3340000000,-90.1722908020
4.3350000000,-90.2366638184
4.3360000000,-82.6334953308
4.3370000000,-68.2067871094
4.3380000000,-48.8090515137
4.3390000000,-30.6987762451
4.3400000000,-12.2451782227
4.3410000000,6.9952011108
4.3420000000,23.5176086426
4.3430000000,40.2688980103
4.3440000000,56.9200515747
4.3450000000,71.7973709106
4.3460000000,82.8552246094
4.3470000000,81.8395614624
4.3480000000,71.9189643860
4.3490000000,55.5610656738
4.3500000000,34.9831581116
4.3510000000,15.2420997620
4.3520000000,-4.9495697021
4.3530000000,-23.2601165771
4.3540000000,-42.6149368286
4.3550000000,-60.2102279663
4.3560000000,-77.3620605469
4.3570000000,-88.4413719177
4.3580000000,-89.8432731628
4.3590000000,-83.1413269043
4.3600000000,-67.9421424866
4.3610000000,-49.1452217102
4.3620000000,-29.9406051636
4.3630000000,-11.7301940918
4.3640000000,6.6089630127
4.3650000000,22.2730636597
4.3660000000,40.4262542725
4.3670000000,57.3635101318
4.3680000000,71.1107254028
4.3690000000,82.7693939209
4.3700000000,81.0670852661
4.3710000000,69.7946548462
4.3720000000,54.5668601990
4.3730000000,33.5025787354
4.3740000000,13.4897232056
4.3750000000,-6.2298774719
4.3760000000,-24.3687629700
4.3770000000,-43.7521934509
4.3780000000,-61.7837905884
4.3790000000,-79.0214538574
4.3800000000,-88.6631011963
4.3810000000,-90.3367996216
4.3820000000,-82.1471214294
4.3830000000,-66.1826133728
4.3840000000,-48.1009483337
4.3850000000,-28.6817550659
4.3860000000,-10.3139877319
4.3870000000,7.8463554382
4.3880000000,24.1827964783
4.3890000000,41.7494773865
4.3900000000,58.2146644592
4.3910000000,73.2564926147
4.3920000000,81.4390182495
4.3930000000,80.1658630371
4.3940000000,68.7718391418
4.3950000000,50.2467155457
4.3960000000,29.7689437866
4.3970000000,9.8419189453
4.3980000000,-9.5272064209
4.3990000000,-27.8735160828
4.4000000000,-46.9493865967
4.4010000000,-65.2456283569
4.4020000000,-81.5105438232
4.4030000000,-89.4355773926
4.4040000000,-88.6559486389
4.4050000000,-78.7711143494
4.4060000000,-61.4547729492
4.4070000000,-43.7593460083
4.4080000000,-24.0325927734
4.4090000000,-5.5718421936
4.4100000000,12.0234489441
4.4110000000,28.4743309021
4.4120000000,47.0423698425
4.4130000000,61.3260269165
4.4140000000,76.9615173340
4.4150000000,82.7836990356
4.4160000000,76.2176513672
4.4170000000,63.8151168823
4.4180000000,44.1956520081
4.4190000000,24.4545936584
4.4200000000,4.5132637024
4.4210000000,-15.9859657288
4.4220000000,-33.1020355225
4.4230000000,-51.9990921021
4.4240000000,-70.2238082886
4.4250000000,-84.8722457886
4.4260000000,-89.7717475891
4.4270000000,-85.2584838867
4.4280000000,-73.7357139587
4.4290000000,-54.5382499695
4.4300000000,-37.7154350281
4.4310000000,-17.4307823181
4.4320000000,0.8368492126
4.4330000000,17.6095962524
4.4340000000,36.1490249634
4.4350000000,51.0549545288
4.4360000000,68.3426856995
4.4370000000,78.2704353333
4.4380000000,82.1614265442
4.4390000000,73.4782218933
4.4400000000,55.9258460999
4.4410000000,36.2491607666
4.4420000000,16.0574913025
4.4430000000,-3.7908554077
4.4440000000,-23.0383872986
4.4450000000,-40.7910346985
4.4460000000,-59.8096847534
4.4470000000,-76.3034820557
4.4480000000,-88.1910324097
4.4490000000,-89.6286964417
4.4500000000,-80.0728797913
4.4510000000,-66.0681724548
4.4520000000,-46.0481643677
4.4530000000,-28.7747383118
4.4540000000,-10.1852416992
4.4550000000,9.1123580933
4.4560000000,25.6848335266
4.4570000000,41.6851043701
4.4580000000,59.0085983276
4.4590000000,72.7844238281
4.4600000000,81.8967819214
4.4610000000,77.3048400879
4.4620000000,64.8951530457
4.4630000000,45.6690788269
4.4640000000,25.7062911987
4.4650000000,5.1999092102
4.4660000000,-14.3694877625
4.4670000000,-33.3380699158
4.4680000000,-51.1193275452
4.4690000000,-69.6372985840
4.4700000000,-82.8623771667
4.4710000000,-90.1079177856
4.4720000000,-85.1869583130
4.4730000000,-71.6543197632
4.4740000000,-54.3665885925
4.4750000000,-34.6183776855
4.4760000000,-16.8228149414
4.4770000000,1.8024444580
4.4780000000,18.8040733337
4.4790000000,35.3336334229
4.4800000000,52.5999069214
4.4810000000,67.7418708801
4.4820000000,80.0585746765
4.4830000000,79.5006752014
4.4840000000,71.4755058289
4.4850000000,53.6870956421
4.4860000000,33.7672233582
4.4870000000,13.1320953369
4.4880000000,-6.4516067505
4.4890000000,-24.8408317566
4.4900000000,-44.7034835815
4.4910000000,-61.1901283264
4.4920000000,-78.7997245789
4.4930000000,-88.9134407043
4.4940000000,-86.7533683777
4.4950000000,-78.6137580872
4.4960000000,-61.5978240967
4.4970000000,-42.1357154846
4.4980000000,-24.0969657898
4.4990000000,-5.3429603577
4.5000000000,11.7874145508
4.5010000000,28.5530090332
4.5020000000,45.8121299744
4.5030000000,61.6335868835
4.5040000000,76.0102272034
4.5050000000,79.4935226440
4.5060000000,74.1577148438
4.5070000000,58.0430030823
4.5080000000,38.7310981750
4.5090000000,17.6167488098
4.5100000000,-2.0527839661
4.5110000000,-20.5636024475
4.5120000000,-40.2975082397
4.5130000000,-57.6138496399
4.5140000000,-75.2377510071
4.5150000000,-86.0667228699
4.5160000000,-88.3555412292
4.5170000000,-80.7666778564
4.5180000000,-64.2299652100
4.5190000000,-47.2927093506
4.5200000000,-27.7090072632
4.5210000000,-9.5844268799
4.5220000000,8.1682205200
4.5230000000,24.5976448059
4.5240000000,42.0999526978
4.5250000000,57.8141212463
4.5260000000,73.0204582214
4.5270000000,78.8140296936
4.5280000000,74.9588012695
4.5290000000,59.9884986877
4.5300000000,41.7709350586
4.5310000000,20.2631950378
4.5320000000,0.5578994751
4.5330000000,-18.2604789734
4.5340000000,-37.4293327332
4.5350000000,-55.6468963623
4.5360000000,-73.2278823853
4.5370000000,-84.6934318542
4.5380000000,-89.2925262451
4.5390000000,-81.6035270691
4.5400000000,-65.9394264221
4.5410000000,-48.5515594482
4.5420000000,-28.9535522461
4.5430000000,-11.2223625183
4.5440000000,7.1167945862
4.5450000000,23.3888626099
4.5460000000,40.5120849609
4.5470000000,57.1131706238
4.5480000000,71.5470314026
4.5490000000,78.7568092346
4.5500000000,75.6812095642
4.5510000000,60.6751441956
4.5520000000,43.2729721069
4.5530000000,21.4290618896
4.5540000000,1.5163421631
4.5550000000,-17.6024436951
4.5560000000,-36.5066528320
4.5570000000,-54.7099113464
4.5580000000,-72.1979141235
4.5590000000,-84.3286514282
4.5600000000,-88.9492034912
4.5610000000,-81.6750526428
4.5620000000,-65.1383399963
4.5630000000,-48.7160682678
4.5640000000,-28.1739234924
4.5650000000,-10.6000900269
4.5660000000,7.6246261597
4.5670000000,23.5748291016
4.5680000000,41.6278839111
4.5690000000,57.4350357056
4.5700000000,72.3552703857
4.5710000000,78.3634185791
4.5720000000,75.0589370728
4.5730000000,60.1887702942
4.5740000000,40.5764579773
4.5750000000,20.1129913330
4.5760000000,-0.0429153442
4.5770000000,-19.0901756287
4.5780000000,-37.6725196838
4.5790000000,-56.1976432800
4.5800000000,-73.6641883850
4.5810000000,-84.4144821167
4.5820000000,-88.1981849670
4.5830000000,-79.9942016602
4.5840000000,-63.0784034729
4.5850000000,-46.1483001709
4.5860000000,-26.1712074280
4.5870000000,-8.1253051758
4.5880000000,9.5558166504
4.5890000000,25.9494781494
4.5900000000,44.2028045654
4.5910000000,58.8870048523
4.5920000000,73.9002227783
4.5930000000,79.4863700867
4.5940000000,71.9189643860
4.5950000000,57.1775436401
4.5960000000,36.5853309631
4.5970000000,15.9931182861
4.5980000000,-3.6978721619
4.5990000000,-22.5234031677
4.6000000000,-41.4919853210
4.6010000000,-59.7167015076
4.6020000000,-76.9615173340
4.6030000000,-86.1167907715
4.6040000000,-86.9321823120
4.6050000000,-77.6267051697
4.6060000000,-59.9241256714
4.6070000000,-43.1656837463
4.6080000000,-24.1112709045
4.6090000000,-4.9781799316
4.6100000000,12.3167037964
4.6110000000,29.1967391968
4.6120000000,46.1912155151
4.6130000000,60.6179237366
4.6140000000,75.5524635315
4.6150000000,78.7496566772
4.6160000000,68.5572624207
4.6170000000,53.2507896423
4.6180000000,32.2580337524
4.6190000000,11.8660926819
4.6200000000,-8.4686279297
4.6210000000,-26.9794464111
4.6220000000,-46.3628768921
4.6230000000,-62.3488426208
4.6240000000,-79.7939300537
4.6250000000,-87.6903533936
4.6260000000,-83.9281082153
4.6270000000,-72.7629661560
4.6280000000,-53.6084175110
4.6290000000,-36.7856025696
4.6300000000,-17.1017646790
4.6310000000,1.1229515076
4.6320000000,17.7025794983
4.6330000000,35.5911254883
4.6340000000,51.2981414795
4.6350000000,67.2483444214
4.6360000000,76.2104988098
4.6370000000,77.0115852356
4.6380000000,63.7078285217
4.6390000000,45.9337234497
4.6400000000,24.7263908386
4.6410000000,4.7063827515
4.6420000000,-14.1048431396
4.6430000000,-32.9017639160
4.6440000000,-52.7000427246
4.6450000000,-68.2282447815
4.6460000000,-83.5919380188
4.6470000000,-87.4757766724
4.6480000000,-79.6723365784
4.6490000000,-65.0668144226
4.6500000000,-46.4701652527
4.6510000000,-28.6531448364
4.6520000000,-8.4900856018
4.6530000000,8.5473060608
4.6540000000,25.8421897888
4.6550000000,41.8782234192
4.6560000000,58.0930709839
4.6570000000,72.7772712708
4.6580000000,78.6423683167
4.6590000000,70.4884529114
4.6600000000,55.8257102966
4.6610000000,35.4051589966
4.6620000000,14.7271156311
4.6630000000,-4.9924850464
4.6640000000,-23.6177444458
4.6650000000,-42.5004959106
4.6660000000,-61.0327720642
4.6670000000,-77.1903991699
4.6680000000,-86.0309600830
4.6690000000,-85.1583480835
4.6700000000,-74.1219520569
4.6710000000,-55.9186935425
4.6720000000,-37.1503829956
4.6730000000,-19.4978713989
4.6740000000,-0.4291534424
4.6750000000,17.2591209412
4.6760000000,33.1950187683
4.6770000000,49.8604774475
4.6780000000,65.6390190125
4.6790000000,75.4523277283
4.6800000000,74.9444961548
4.6810000000,63.0640983582
4.6820000000,44.0025329590
4.6830000000,23.2672691345
4.6840000000,3.3545494080
4.6850000000,-15.5067443848
4.6860000000,-34.1248512268
4.6870000000,-53.4510612488
4.6880000000,-69.1437721252
4.6890000000,-84.1856002808
4.6900000000,-87.0966911316
4.6910000000,-77.7411460876
4.6920000000,-63.5719299316
4.6930000000,-43.9524650574
4.6940000000,-26.1640548706
4.6950000000,-7.6961517334
4.6960000000,10.7860565186
4.6970000000,26.9293785095
4.6980000000,43.2872772217
4.6990000000,60.2173805237
4.7000000000,72.7057456970
4.7010000000,77.7983665466
4.7020000000,68.0279731750
4.7030000000,50.8618354797
4.7040000000,29.9906730652
4.7050000000,9.4914436340
4.7060000000,-9.6845626831
4.7070000000,-28.1882286072
4.7080000000,-47.1568107605
4.7090000000,-64.9380683899
4.7100000000,-81.4175605774
4.7110000000,-86.1239433289
4.7120000000,-81.4676284790
4.7130000000,-67.3627853394
4.7140000000,-48.1653213501
4.7150000000,-29.3183326721
4.7160000000,-11.1222267151
4.7170000000,6.9952011108
4.7180000000,23.3030319214
4.7190000000,40.0185585022
4.7200000000,57.1846961975
4.7210000000,70.3096389771
4.7220000000,77.0044326782
4.7230000000,68.9435005188
4.7240000000,53.0791282654
4.7250000000,32.7157974243
4.7260000000,11.8231773376
4.7270000000,-7.3599815369
4.7280000000,-25.6276130676
4.7290000000,-44.8465347290
4.7300000000,-63.2786750793
4.7310000000,-79.1645050049
4.7320000000,-86.2097740173
4.7330000000,-84.0425491333
4.7340000000,-70.4741477966
4.7350000000,-51.7630577087
4.7360000000,-32.6800346375
4.7370000000,-14.8558616638
4.7380000000,3.4689903259
4.7390000000,20.2202796936
4.7400000000,36.4708900452
4.7410000000,53.6370277405
4.7420000000,67.4629211426
4.7430000000,76.0674476624
4.7440000000,69.2510604858
4.7450000000,55.6468963623
4.7460000000,34.9402427673
4.7470000000,14.1191482544
4.7480000000,-5.4359436035
4.7490000000,-23.6606597900
4.7500000000,-42.9439544678
4.7510000000,-61.3832473755
4.7520000000,-77.5909423828
4.7530000000,-85.5016708374
4.7540000000,-83.7993621826
4.7550000000,-71.8188285828
4.7560000000,-53.1649589539
4.7570000000,-34.2249870300
4.7580000000,-16.5581703186
4.7590000000,1.9741058350
4.7600000000,19.0186500549
4.7610000000,35.1691246033
4.7620000000,51.7201423645
4.7630000000,66.6761398315
4.7640000000,74.9230384827
4.7650000000,70.0664520264
4.7660000000,55.5896759033
4.7670000000,35.3193283081
4.7680000000,14.3623352051
4.7690000000,-4.9138069153
4.7700000000,-23.4246253967
4.7710000000,-43.1227684021
4.7720000000,-61.1543655396
4.7730000000,-77.4192810059
4.7740000000,-85.8092308044
4.7750000000,-83.2343101501
4.7760000000,-71.2609291077
4.7770000000,-52.6070594788
4.7780000000,-34.2178344727
4.7790000000,-16.3006782532
4.7800000000,2.4533271790
4.7810000000,19.8411941528
4.7820000000,35.8843803406
4.7830000000,52.3924827576
4.7840000000,67.1553611755
4.7850000000,75.2162933350
4.7860000000,69.3154335022
4.7870000000,54.3236732483
4.7880000000,33.7171554565
4.7890000000,13.3538246155
4.7900000000,-6.6161155701
4.7910000000,-24.4045257568
4.7920000000,-45.8693504333
4.7930000000,-61.2115859985
4.7940000000,-78.9141654968
4.7950000000,-86.7891311646
4.7960000000,-81.7322731018
4.7970000000,-69.7588920593
4.7980000000,-50.5828857422
4.7990000000,-33.0018997192
4.8000000000,-13.6613845825
4.8010000000,4.4488906860
4.8020000000,21.8296051025
4.8030000000,38.4593009949
4.8040000000,53.9016723633
4.8050000000,69.4584846497
4.8060000000,74.7942924500
4.8070000000,67.2912597656
4.8080000000,50.7831573486
4.8090000000,30.4126739502
4.8100000000,9.1695785522
4.8110000000,-10.1137161255
4.8120000000,-28.8820266724
4.8130000000,-48.9306449890
4.8140000000,-65.4387474060
4.8150000000,-81.5105438232
4.8160000000,-87.6259803772
4.8170000000,-81.5820693970
4.8180000000,-65.4602050781
4.8190000000,-47.7576255798
4.8200000000,-28.4457206726
4.8210000000,-10.3640556335
4.8220000000,7.9178810120
4.8230000000,24.2328643799
4.8240000000,41.9354438782
4.8250000000,57.4421882629
4.8260000000,71.2680816650
4.8270000000,75.2019882202
4.8280000000,66.1325454712
4.8290000000,47.1496582031
4.8300000000,28.0809402466
4.8310000000,6.5302848816
4.8320000000,-13.0677223206
4.8330000000,-32.4440002441
4.8340000000,-50.1680374146
4.8350000000,-68.6216354370
4.8360000000,-81.4890861511
4.8370000000,-86.1454010010
4.8380000000,-77.9700279236
4.8390000000,-61.1329078674
4.8400000000,-44.0812110901
4.8410000000,-24.2400169373
4.8420000000,-6.5803527832
4.8430000000,10.8790397644
4.8440000000,27.2369384766
4.8450000000,45.0611114502
4.8460000000,59.2374801636
4.8470000000,73.2350349426
4.8480000000,73.2207298279
4.8490000000,60.8110427856
4.8500000000,42.1643257141
4.8510000000,22.6950645447
4.8520000000,1.7309188843
4.8530000000,-17.2090530396
4.8540000000,-36.3135337830
4.8550000000,-54.1162490845
4.8560000000,-71.6328620911
4.8570000000,-83.0411911011
4.8580000000,-81.7465782166
4.8590000000,-72.3338127136
4.8600000000,-54.9960136414
4.8610000000,-36.9858741760
4.8620000000,-18.1531906128
4.8630000000,-0.3004074097
4.8640000000,16.7155265808
4.8650000000,33.8459014893
4.8660000000,49.7746467590
4.8670000000,64.9666786194
4.8680000000,72.0977783203
4.8690000000,69.1866874695
4.8700000000,51.1622428894
4.8710000000,32.9518318176
4.8720000000,12.1808052063
4.8730000000,-8.0680847168
4.8740000000,-27.0223617554
4.8750000000,-45.0181961060
4.8760000000,-63.7793540955
4.8770000000,-77.0187377930
4.8780000000,-85.6804847717
4.8790000000,-79.5364379883
4.8800000000,-63.4860992432
4.8810000000,-46.6489791870
4.8820000000,-26.7148017883
4.8830000000,-8.9550018311
4.8840000000,8.3112716675
4.8850000000,25.0267982483
4.8860000000,43.1370735168
4.8870000000,56.9772720337
4.8880000000,71.7544555664
4.8890000000,72.3695755005
4.8900000000,63.8508796692
4.8910000000,43.5733795166
4.8920000000,25.3415107727
4.8930000000,4.3487548828
4.8940000000,-15.0275230408
4.8950000000,-32.3510169983
4.8960000000,-50.6114959717
4.8970000000,-68.4142112732
4.8980000000,-80.8024406433
4.8990000000,-82.6549530029
4.9000000000,-73.2779502869
4.9010000000,-55.3965568542
4.9020000000,-38.9671325684
4.9030000000,-19.0114974976
4.9040000000,-1.5521049500
4.9050000000,14.7485733032
4.9060000000,31.8574905396
4.9070000000,47.6002693176
4.9080000000,63.3502006531
4.9090000000,71.2466239929
4.9100000000,68.7003135681
4.9110000000,50.8046150208
4.9120000000,32.1722030640
4.9130000000,12.6886367798
4.9140000000,-7.9250335693
4.9150000000,-26.0710716248
4.9160000000,-44.3887710571
4.9170000000,-64.1798973083
4.9180000000,-76.3034820557
4.9190000000,-84.4216346741
4.9200000000,-78.2918930054
4.9210000000,-61.8410110474
4.9220000000,-45.2971458435
4.9230000000,-25.3200531006
4.9240000000,-6.8879127502
4.9250000000,9.4842910767
4.9260000000,26.3786315918
4.9270000000,44.1527366638
4.9280000000,57.7139854431
4.9290000000,71.6257095337
4.9300000000,71.4111328125
4.9310000000,60.0600242615
4.9320000000,40.4334068298
4.9330000000,21.7008590698
4.9340000000,1.5091896057
4.9350000000,-17.6954269409
4.9360000000,-35.4480743408
4.9370000000,-54.2163848877
4.9380000000,-70.3597068787
4.9390000000,-81.5534591675
4.9400000000,-78.2775878906
4.9410000000,-66.9980049133
4.9420000000,-48.6588478088
4.9430000000,-31.3067436218
4.9440000000,-12.4597549438
4.9450000000,4.9781799316
4.9460000000,22.5520133972
4.9470000000,38.6381149292
4.9480000000,54.1019439697
4.9490000000,68.8076019287
4.9500000000,72.4983215332
4.9510000000,63.7221336365
4.9520000000,44.6391105652
4.9530000000,25.6133079529
4.9540000000,5.3715705872
4.9550000000,-13.7329101563
4.9560000000,-32.5012207031
4.9570000000,-50.9047508240
4.9580000000,-67.9779052734
4.9590000000,-79.9226760864
4.9600000000,-81.5320014954
4.9610000000,-71.4325904846
4.9620000000,-54.0947914124
4.9630000000,-35.8843803406
4.9640000000,-18.5108184814
4.9650000000,-0.3075599670
4.9660000000,17.5738334656
4.9670000000,33.5383415222
4.9680000000,49.4599342346
4.9690000000,64.6948814392
4.9700000000,69.9591636658
4.9710000000,64.9023056030
4.9720000000,46.3628768921
4.9730000000,27.9235839844
4.9740000000,7.1525573730
4.9750000000,-11.9447708130
4.9760000000,-30.8847427368
4.9770000000,-48.9807128906
4.9780000000,-67.0838356018
4.9790000000,-79.1716575623
4.9800000000,-82.8552246094
4.9810000000,-73.9145278931
4.9820000000,-56.7555427551
4.9830000000,-39.2818450928
4.9840000000,-20.3561782837
4.9850000000,-2.6607513428
4.9860000000,14.3337249756
4.9870000000,32.0506095886
4.9880000000,47.8219985962
4.9890000000,62.8137588501
4.9900000000,70.0306892395
4.9910000000,65.9465789795
4.9920000000,48.2225418091
4.9930000000,28.6388397217
4.9940000000,9.2768669128
4.9950000000,-10.9148025513
4.9960000000,-28.3169746399
4.9970000000,-47.3785400391
4.9980000000,-65.9179687500
4.9990000000,-78.6137580872
